player_name,team,goalie_id,week,phi,mu_phi,shots_that_week,phi_lo,phi_hi
Ukko-Pekka Luukkonen,BUF,8480045,0,0.00842077936977148,-0.006677082274109125,21,0.004,0.0128
Ukko-Pekka Luukkonen,BUF,8480045,1,0.008448527194559574,-0.006677082274109125,25,0.0044,0.0124
Ukko-Pekka Luukkonen,BUF,8480045,2,0.008619921281933784,-0.006677082274109125,0,-0.0114,0.0286
Ukko-Pekka Luukkonen,BUF,8480045,3,0.008792628534138203,-0.006677082274109125,0,-0.0112,0.0288
Ukko-Pekka Luukkonen,BUF,8480045,4,0.008968029171228409,-0.006677082274109125,83,0.0068,0.0112
Ukko-Pekka Luukkonen,BUF,8480045,5,0.009061720222234726,-0.006677082274109125,46,0.0062,0.012
Ukko-Pekka Luukkonen,BUF,8480045,6,0.009063966572284698,-0.006677082274109125,0,-0.0109,0.0291
Ukko-Pekka Luukkonen,BUF,8480045,7,0.009066443890333176,-0.006677082274109125,0,-0.0109,0.0291
Ukko-Pekka Luukkonen,BUF,8480045,8,0.009068041108548641,-0.006677082274109125,0,-0.0109,0.0291
Joel Blomqvist,PIT,8482446,0,-0.02182008884847164,-0.021337902173399925,0,-0.0418,-0.0018
Joel Blomqvist,PIT,8482446,1,-0.021830115467309952,-0.021337902173399925,0,-0.0418,-0.0018
Joel Blomqvist,PIT,8482446,2,-0.021831298246979713,-0.021337902173399925,0,-0.0418,-0.0018
Joel Blomqvist,PIT,8482446,3,-0.021837500855326653,-0.021337902173399925,0,-0.0418,-0.0018
Joel Blomqvist,PIT,8482446,4,-0.021836910396814346,-0.021337902173399925,0,-0.0418,-0.0018
Joel Blomqvist,PIT,8482446,5,-0.02183578908443451,-0.021337902173399925,0,-0.0418,-0.0018
Joel Blomqvist,PIT,8482446,6,-0.02183200977742672,-0.021337902173399925,0,-0.0418,-0.0018
Joel Blomqvist,PIT,8482446,7,-0.021831531077623367,-0.021337902173399925,0,-0.0418,-0.0018
Joel Blomqvist,PIT,8482446,8,-0.021828465163707733,-0.021337902173399925,0,-0.0418,-0.0018
Filip Larsson,,8479548,0,0.002117341849952936,0.002511272905394435,0,-0.0179,0.0221
Filip Larsson,,8479548,1,0.0021102416794747114,0.002511272905394435,0,-0.0179,0.0221
Filip Larsson,,8479548,2,0.002105961088091135,0.002511272905394435,0,-0.0179,0.0221
Filip Larsson,,8479548,3,0.0021021312568336725,0.002511272905394435,0,-0.0179,0.0221
Filip Larsson,,8479548,4,0.002101666759699583,0.002511272905394435,0,-0.0179,0.0221
Filip Larsson,,8479548,5,0.002103483770042658,0.002511272905394435,0,-0.0179,0.0221
Filip Larsson,,8479548,6,0.002105915453284979,0.002511272905394435,0,-0.0179,0.0221
Filip Larsson,,8479548,7,0.002108828630298376,0.002511272905394435,0,-0.0179,0.0221
Filip Larsson,,8479548,8,0.0021098230499774218,0.002511272905394435,0,-0.0179,0.0221
Casey DeSmith,DAL,8479193,0,0.04941035062074661,0.0401465930044651,0,0.0294,0.0694
Casey DeSmith,DAL,8479193,1,0.049401089549064636,0.0401465930044651,0,0.0294,0.0694
Casey DeSmith,DAL,8479193,2,0.049401670694351196,0.0401465930044651,0,0.0294,0.0694
Casey DeSmith,DAL,8479193,3,0.04939012974500656,0.0401465930044651,0,0.0294,0.0694
Casey DeSmith,DAL,8479193,4,0.049398358911275864,0.0401465930044651,0,0.0294,0.0694
Casey DeSmith,DAL,8479193,5,0.04939257726073265,0.0401465930044651,0,0.0294,0.0694
Casey DeSmith,DAL,8479193,6,0.04939913749694824,0.0401465930044651,0,0.0294,0.0694
Casey DeSmith,DAL,8479193,7,0.04940308630466461,0.0401465930044651,0,0.0294,0.0694
Casey DeSmith,DAL,8479193,8,0.0494004487991333,0.0401465930044651,0,0.0294,0.0694
Jordan Binnington,STL,8476412,0,-0.049149155616760254,-0.026234833523631096,0,-0.0691,-0.0291
Jordan Binnington,STL,8476412,1,-0.049153681844472885,-0.026234833523631096,0,-0.0692,-0.0292
Jordan Binnington,STL,8476412,2,-0.049162112176418304,-0.026234833523631096,0,-0.0692,-0.0292
Jordan Binnington,STL,8476412,3,-0.04916119575500488,-0.026234833523631096,0,-0.0692,-0.0292
Jordan Binnington,STL,8476412,4,-0.049165789037942886,-0.026234833523631096,0,-0.0692,-0.0292
Jordan Binnington,STL,8476412,5,-0.04916083812713623,-0.026234833523631096,0,-0.0692,-0.0292
Jordan Binnington,STL,8476412,6,-0.049162592738866806,-0.026234833523631096,0,-0.0692,-0.0292
Jordan Binnington,STL,8476412,7,-0.04915275797247887,-0.026234833523631096,0,-0.0692,-0.0292
Jordan Binnington,STL,8476412,8,-0.04915851354598999,-0.026234833523631096,0,-0.0692,-0.0292
Colten Ellis,BUF,8481551,0,0.010202934965491295,0.004917823243886232,0,-0.0098,0.0302
Colten Ellis,BUF,8481551,1,0.010195967741310596,0.004917823243886232,0,-0.0098,0.0302
Colten Ellis,BUF,8481551,2,0.010192131623625755,0.004917823243886232,0,-0.0098,0.0302
Colten Ellis,BUF,8481551,3,0.010187516920268536,0.004917823243886232,0,-0.0098,0.0302
Colten Ellis,BUF,8481551,4,0.010188128799200058,0.004917823243886232,0,-0.0098,0.0302
Colten Ellis,BUF,8481551,5,0.010188665241003036,0.004917823243886232,0,-0.0098,0.0302
Colten Ellis,BUF,8481551,6,0.010192284360527992,0.004917823243886232,0,-0.0098,0.0302
Colten Ellis,BUF,8481551,7,0.010193897411227226,0.004917823243886232,0,-0.0098,0.0302
Colten Ellis,BUF,8481551,8,0.010196014307439327,0.004917823243886232,0,-0.0098,0.0302
8476433,,8476433,0,-0.00022362652816809714,0.0003863103047478944,0,-0.0202,0.0198
8476433,,8476433,1,-0.0002305360685568303,0.0003863103047478944,0,-0.0202,0.0198
8476433,,8476433,2,-0.00023497460642829537,0.0003863103047478944,0,-0.0202,0.0198
8476433,,8476433,3,-0.00023875897750258446,0.0003863103047478944,0,-0.0202,0.0198
8476433,,8476433,4,-0.00023932906333357096,0.0003863103047478944,0,-0.0202,0.0198
8476433,,8476433,5,-0.00023737407173030078,0.0003863103047478944,0,-0.0202,0.0198
8476433,,8476433,6,-0.0002350828144699335,0.0003863103047478944,0,-0.0202,0.0198
8476433,,8476433,7,-0.00023208485799841583,0.0003863103047478944,0,-0.0202,0.0198
8476433,,8476433,8,-0.00023128988686949015,0.0003863103047478944,0,-0.0202,0.0198
Jesper Wallstedt,MIN,8482661,0,0.04140578582882881,0.022875675931572914,24,0.0373,0.0455
Jesper Wallstedt,MIN,8482661,1,0.04177095741033554,0.022875675931572914,131,0.0401,0.0435
Jesper Wallstedt,MIN,8482661,2,0.04182561859488487,0.022875675931572914,111,0.0399,0.0437
Jesper Wallstedt,MIN,8482661,3,0.042031630873680115,0.022875675931572914,40,0.0388,0.0452
Jesper Wallstedt,MIN,8482661,4,0.04210199788212776,0.022875675931572914,101,0.0401,0.0441
Jesper Wallstedt,MIN,8482661,5,0.04210218787193298,0.022875675931572914,0,0.0221,0.0621
Jesper Wallstedt,MIN,8482661,6,0.04210701212286949,0.022875675931572914,0,0.0221,0.0621
Jesper Wallstedt,MIN,8482661,7,0.04210611432790756,0.022875675931572914,0,0.0221,0.0621
Jesper Wallstedt,MIN,8482661,8,0.042110733687877655,0.022875675931572914,0,0.0221,0.0621
Kaapo Kahkonen,MTL,8478039,0,-0.0034314251970499754,-0.003207952016964555,0,-0.0234,0.0166
Kaapo Kahkonen,MTL,8478039,1,-0.0034384874161332846,-0.003207952016964555,0,-0.0234,0.0166
Kaapo Kahkonen,MTL,8478039,2,-0.0034427449572831392,-0.003207952016964555,0,-0.0234,0.0166
Kaapo Kahkonen,MTL,8478039,3,-0.0034467182122170925,-0.003207952016964555,0,-0.0234,0.0166
Kaapo Kahkonen,MTL,8478039,4,-0.003447211580350995,-0.003207952016964555,0,-0.0234,0.0166
Kaapo Kahkonen,MTL,8478039,5,-0.003445373848080635,-0.003207952016964555,0,-0.0234,0.0166
Kaapo Kahkonen,MTL,8478039,6,-0.00344291515648365,-0.003207952016964555,0,-0.0234,0.0166
Kaapo Kahkonen,MTL,8478039,7,-0.003440184984356165,-0.003207952016964555,0,-0.0234,0.0166
Kaapo Kahkonen,MTL,8478039,8,-0.003439281601458788,-0.003207952016964555,0,-0.0234,0.0166
Spencer Knight,CHI,8481519,0,0.019762126728892326,0.02393769659101963,0,-0.0002,0.0398
Spencer Knight,CHI,8481519,1,0.01975753717124462,0.02393769659101963,0,-0.0002,0.0398
Spencer Knight,CHI,8481519,2,0.019749974831938744,0.02393769659101963,0,-0.0003,0.0397
Spencer Knight,CHI,8481519,3,0.019749676808714867,0.02393769659101963,0,-0.0003,0.0397
Spencer Knight,CHI,8481519,4,0.019745783880352974,0.02393769659101963,0,-0.0003,0.0397
Spencer Knight,CHI,8481519,5,0.019751595333218575,0.02393769659101963,0,-0.0002,0.0398
Spencer Knight,CHI,8481519,6,0.019747938960790634,0.02393769659101963,0,-0.0003,0.0397
Spencer Knight,CHI,8481519,7,0.019758636131882668,0.02393769659101963,0,-0.0002,0.0398
Spencer Knight,CHI,8481519,8,0.019753575325012207,0.02393769659101963,0,-0.0002,0.0398
Matt Murray,NSH,8483575,0,0.00019309093477204442,0.0005270743276923895,0,-0.0198,0.0202
Matt Murray,NSH,8483575,1,0.00018609198741614819,0.0005270743276923895,0,-0.0198,0.0202
Matt Murray,NSH,8483575,2,0.00018173176795244217,0.0005270743276923895,0,-0.0198,0.0202
Matt Murray,NSH,8483575,3,0.00017786887474358082,0.0005270743276923895,0,-0.0198,0.0202
Matt Murray,NSH,8483575,4,0.00017738528549671173,0.0005270743276923895,0,-0.0198,0.0202
Matt Murray,NSH,8483575,5,0.00017923477571457624,0.0005270743276923895,0,-0.0198,0.0202
Matt Murray,NSH,8483575,6,0.00018164224456995726,0.0005270743276923895,0,-0.0198,0.0202
Matt Murray,NSH,8483575,7,0.00018452387303113937,0.0005270743276923895,0,-0.0198,0.0202
Matt Murray,NSH,8483575,8,0.00018540793098509312,0.0005270743276923895,0,-0.0198,0.0202
8481749,,8481749,0,-0.0020328578539192677,-0.0014211025554686785,0,-0.022,0.018
8481749,,8481749,1,-0.0020395698957145214,-0.0014211025554686785,0,-0.022,0.018
8481749,,8481749,2,-0.0020442460663616657,-0.0014211025554686785,0,-0.022,0.018
8481749,,8481749,3,-0.0020477729849517345,-0.0014211025554686785,0,-0.022,0.018
8481749,,8481749,4,-0.002048664493486285,-0.0014211025554686785,0,-0.022,0.018
8481749,,8481749,5,-0.0020464137196540833,-0.0014211025554686785,0,-0.022,0.018
8481749,,8481749,6,-0.0020444300025701523,-0.0014211025554686785,0,-0.022,0.018
8481749,,8481749,7,-0.002041125437244773,-0.0014211025554686785,0,-0.022,0.018
8481749,,8481749,8,-0.0020406972616910934,-0.0014211025554686785,0,-0.022,0.018
Cooper Black,FLA,8484900,0,-0.013128342106938362,-0.011504885740578175,0,-0.0331,0.0069
Cooper Black,FLA,8484900,1,-0.013136198744177818,-0.011504885740578175,0,-0.0331,0.0069
Cooper Black,FLA,8484900,2,-0.01313987746834755,-0.011504885740578175,0,-0.0331,0.0069
Cooper Black,FLA,8484900,3,-0.013144408352673054,-0.011504885740578175,0,-0.0331,0.0069
Cooper Black,FLA,8484900,4,-0.013144474476575851,-0.011504885740578175,0,-0.0331,0.0069
Cooper Black,FLA,8484900,5,-0.013142868876457214,-0.011504885740578175,0,-0.0331,0.0069
Cooper Black,FLA,8484900,6,-0.013140848837792873,-0.011504885740578175,0,-0.0331,0.0069
Cooper Black,FLA,8484900,7,-0.01313700806349516,-0.011504885740578175,0,-0.0331,0.0069
Cooper Black,FLA,8484900,8,-0.01313784159719944,-0.011504885740578175,0,-0.0331,0.0069
Ivan Fedotov,CBJ,8478905,0,-0.028626054525375366,-0.028213677927851677,0,-0.0486,-0.0086
Ivan Fedotov,CBJ,8478905,1,-0.02863382361829281,-0.028213677927851677,0,-0.0486,-0.0086
Ivan Fedotov,CBJ,8478905,2,-0.02863742597401142,-0.028213677927851677,0,-0.0486,-0.0086
Ivan Fedotov,CBJ,8478905,3,-0.028642239049077034,-0.028213677927851677,0,-0.0486,-0.0086
Ivan Fedotov,CBJ,8478905,4,-0.028641298413276672,-0.028213677927851677,0,-0.0486,-0.0086
Ivan Fedotov,CBJ,8478905,5,-0.028641559183597565,-0.028213677927851677,0,-0.0486,-0.0086
Ivan Fedotov,CBJ,8478905,6,-0.028636392205953598,-0.028213677927851677,0,-0.0486,-0.0086
Ivan Fedotov,CBJ,8478905,7,-0.02863660454750061,-0.028213677927851677,0,-0.0486,-0.0086
Ivan Fedotov,CBJ,8478905,8,-0.028633536770939827,-0.028213677927851677,0,-0.0486,-0.0086
Hunter Shepard,OTT,8482411,0,-0.01819261536002159,-0.016898512840270996,0,-0.0382,0.0018
Hunter Shepard,OTT,8482411,1,-0.01820049248635769,-0.016898512840270996,0,-0.0382,0.0018
Hunter Shepard,OTT,8482411,2,-0.018204187974333763,-0.016898512840270996,0,-0.0382,0.0018
Hunter Shepard,OTT,8482411,3,-0.018207868561148643,-0.016898512840270996,0,-0.0382,0.0018
Hunter Shepard,OTT,8482411,4,-0.01820993609726429,-0.016898512840270996,0,-0.0382,0.0018
Hunter Shepard,OTT,8482411,5,-0.018206438049674034,-0.016898512840270996,0,-0.0382,0.0018
Hunter Shepard,OTT,8482411,6,-0.018205290660262108,-0.016898512840270996,0,-0.0382,0.0018
Hunter Shepard,OTT,8482411,7,-0.018200848251581192,-0.016898512840270996,0,-0.0382,0.0018
Hunter Shepard,OTT,8482411,8,-0.018202632665634155,-0.016898512840270996,0,-0.0382,0.0018
Clay Stevenson,WSH,8483532,0,0.006808840669691563,0.001561637269333005,0,-0.0132,0.0268
Clay Stevenson,WSH,8483532,1,0.006801184732466936,0.001561637269333005,0,-0.0132,0.0268
Clay Stevenson,WSH,8483532,2,0.006797295995056629,0.001561637269333005,0,-0.0132,0.0268
Clay Stevenson,WSH,8483532,3,0.006793363019824028,0.001561637269333005,0,-0.0132,0.0268
Clay Stevenson,WSH,8483532,4,0.006792755797505379,0.001561637269333005,0,-0.0132,0.0268
Clay Stevenson,WSH,8483532,5,0.006794540677219629,0.001561637269333005,0,-0.0132,0.0268
Clay Stevenson,WSH,8483532,6,0.006797332316637039,0.001561637269333005,0,-0.0132,0.0268
Clay Stevenson,WSH,8483532,7,0.00679972255602479,0.001561637269333005,0,-0.0132,0.0268
Clay Stevenson,WSH,8483532,8,0.006800930947065353,0.001561637269333005,0,-0.0132,0.0268
Carson Bjarnason,PHI,8484147,0,0.006081241182982922,0.0062709529884159565,0,-0.0139,0.0261
Carson Bjarnason,PHI,8484147,1,0.006073627155274153,0.0062709529884159565,0,-0.0139,0.0261
Carson Bjarnason,PHI,8484147,2,0.006069997325539589,0.0062709529884159565,0,-0.0139,0.0261
Carson Bjarnason,PHI,8484147,3,0.006065495312213898,0.0062709529884159565,0,-0.0139,0.0261
Carson Bjarnason,PHI,8484147,4,0.006065609864890575,0.0062709529884159565,0,-0.0139,0.0261
Carson Bjarnason,PHI,8484147,5,0.006067028269171715,0.0062709529884159565,0,-0.0139,0.0261
Carson Bjarnason,PHI,8484147,6,0.006069967057555914,0.0062709529884159565,0,-0.0139,0.0261
Carson Bjarnason,PHI,8484147,7,0.006072063930332661,0.0062709529884159565,0,-0.0139,0.0261
Carson Bjarnason,PHI,8484147,8,0.006074011791497469,0.0062709529884159565,0,-0.0139,0.0261
Brandon Bussi,CAR,8483548,0,0.04029683396220207,0.02753358893096447,0,0.0203,0.0603
Brandon Bussi,CAR,8483548,1,0.04045572504401207,0.02753358893096447,0,0.0205,0.0605
Brandon Bussi,CAR,8483548,2,0.04061880707740784,0.02753358893096447,0,0.0206,0.0606
Brandon Bussi,CAR,8483548,3,0.040780507028102875,0.02753358893096447,0,0.0208,0.0608
Brandon Bussi,CAR,8483548,4,0.0409470833837986,0.02753358893096447,0,0.0209,0.0609
Brandon Bussi,CAR,8483548,5,0.04111316055059433,0.02753358893096447,0,0.0211,0.0611
Brandon Bussi,CAR,8483548,6,0.041283946484327316,0.02753358893096447,0,0.0213,0.0613
Brandon Bussi,CAR,8483548,7,0.041453130543231964,0.02753358893096447,24,0.0374,0.0456
Brandon Bussi,CAR,8483548,8,0.04154378920793533,0.02753358893096447,85,0.0393,0.0437
8475839,,8475839,0,-0.00046083133202046156,0.00014902802649885416,0,-0.0205,0.0195
8475839,,8475839,1,-0.0004678742843680084,0.00014902802649885416,0,-0.0205,0.0195
8475839,,8475839,2,-0.0004721650620922446,0.00014902802649885416,0,-0.0205,0.0195
8475839,,8475839,3,-0.0004760870069731027,0.00014902802649885416,0,-0.0205,0.0195
8475839,,8475839,4,-0.00047654053196310997,0.00014902802649885416,0,-0.0205,0.0195
8475839,,8475839,5,-0.0004746813210658729,0.00014902802649885416,0,-0.0205,0.0195
8475839,,8475839,6,-0.00047231826465576887,0.00014902802649885416,0,-0.0205,0.0195
8475839,,8475839,7,-0.00046937703154981136,0.00014902802649885416,0,-0.0205,0.0195
8475839,,8475839,8,-0.000468533398816362,0.00014902802649885416,0,-0.0205,0.0195
Dylan Garand,NYR,8482193,0,0.008518739603459835,0.0016249386826530099,0,-0.0115,0.0285
Dylan Garand,NYR,8482193,1,0.008511763997375965,0.0016249386826530099,0,-0.0115,0.0285
Dylan Garand,NYR,8482193,2,0.00850757583975792,0.0016249386826530099,0,-0.0115,0.0285
Dylan Garand,NYR,8482193,3,0.008503475226461887,0.0016249386826530099,0,-0.0115,0.0285
Dylan Garand,NYR,8482193,4,0.00850304402410984,0.0016249386826530099,0,-0.0115,0.0285
Dylan Garand,NYR,8482193,5,0.008505047298967838,0.0016249386826530099,0,-0.0115,0.0285
Dylan Garand,NYR,8482193,6,0.008506931364536285,0.0016249386826530099,0,-0.0115,0.0285
Dylan Garand,NYR,8482193,7,0.008511053398251534,0.0016249386826530099,0,-0.0115,0.0285
Dylan Garand,NYR,8482193,8,0.008510662242770195,0.0016249386826530099,0,-0.0115,0.0285
Michael DiPietro,BOS,8480022,0,-0.009372986853122711,-0.008541289716959,0,-0.0294,0.0106
Michael DiPietro,BOS,8480022,1,-0.00937941949814558,-0.008541289716959,0,-0.0294,0.0106
Michael DiPietro,BOS,8480022,2,-0.009384362027049065,-0.008541289716959,0,-0.0294,0.0106
Michael DiPietro,BOS,8480022,3,-0.009387911297380924,-0.008541289716959,0,-0.0294,0.0106
Michael DiPietro,BOS,8480022,4,-0.009388819336891174,-0.008541289716959,0,-0.0294,0.0106
Michael DiPietro,BOS,8480022,5,-0.00938659068197012,-0.008541289716959,0,-0.0294,0.0106
Michael DiPietro,BOS,8480022,6,-0.009383950382471085,-0.008541289716959,0,-0.0294,0.0106
Michael DiPietro,BOS,8480022,7,-0.009382438845932484,-0.008541289716959,0,-0.0294,0.0106
Michael DiPietro,BOS,8480022,8,-0.009380501694977283,-0.008541289716959,0,-0.0294,0.0106
Scott Wedgewood,COL,8475809,0,0.040660399943590164,0.021112708374857903,35,0.0373,0.0441
Scott Wedgewood,COL,8475809,1,0.040430035442113876,0.021112708374857903,88,0.0383,0.0425
Scott Wedgewood,COL,8475809,2,0.039937395602464676,0.021112708374857903,42,0.0368,0.043
Scott Wedgewood,COL,8475809,3,0.03971885144710541,0.021112708374857903,44,0.0367,0.0427
Scott Wedgewood,COL,8475809,4,0.039598315954208374,0.021112708374857903,13,0.0341,0.0451
Scott Wedgewood,COL,8475809,5,0.039402514696121216,0.021112708374857903,86,0.0372,0.0416
Scott Wedgewood,COL,8475809,6,0.03940769284963608,0.021112708374857903,0,0.0194,0.0594
Scott Wedgewood,COL,8475809,7,0.03941025584936142,0.021112708374857903,0,0.0194,0.0594
Scott Wedgewood,COL,8475809,8,0.03941038250923157,0.021112708374857903,0,0.0194,0.0594
Sergei Bobrovsky,FLA,8475683,0,-0.023025965318083763,-0.0034635900519788265,0,-0.043,-0.003
Sergei Bobrovsky,FLA,8475683,1,-0.023033883422613144,-0.0034635900519788265,0,-0.043,-0.003
Sergei Bobrovsky,FLA,8475683,2,-0.02303694561123848,-0.0034635900519788265,0,-0.043,-0.003
Sergei Bobrovsky,FLA,8475683,3,-0.023042434826493263,-0.0034635900519788265,0,-0.043,-0.003
Sergei Bobrovsky,FLA,8475683,4,-0.023040268570184708,-0.0034635900519788265,0,-0.043,-0.003
Sergei Bobrovsky,FLA,8475683,5,-0.02304224669933319,-0.0034635900519788265,0,-0.043,-0.003
Sergei Bobrovsky,FLA,8475683,6,-0.02303551509976387,-0.0034635900519788265,0,-0.043,-0.003
Sergei Bobrovsky,FLA,8475683,7,-0.023036934435367584,-0.0034635900519788265,0,-0.043,-0.003
Sergei Bobrovsky,FLA,8475683,8,-0.02303282730281353,-0.0034635900519788265,0,-0.043,-0.003
8476904,,8476904,0,-0.0017081538680940866,-0.0010970247676596045,0,-0.0217,0.0183
8476904,,8476904,1,-0.0017153038643300533,-0.0010970247676596045,0,-0.0217,0.0183
8476904,,8476904,2,-0.0017195857362821698,-0.0010970247676596045,0,-0.0217,0.0183
8476904,,8476904,3,-0.0017235522391274571,-0.0010970247676596045,0,-0.0217,0.0183
8476904,,8476904,4,-0.0017239318694919348,-0.0010970247676596045,0,-0.0217,0.0183
8476904,,8476904,5,-0.0017221872694790363,-0.0010970247676596045,0,-0.0217,0.0183
8476904,,8476904,6,-0.001719725551083684,-0.0010970247676596045,0,-0.0217,0.0183
8476904,,8476904,7,-0.001716863363981247,-0.0010970247676596045,0,-0.0217,0.0183
8476904,,8476904,8,-0.0017160887364298105,-0.0010970247676596045,0,-0.0217,0.0183
8485011,,8485011,0,-0.00011061131954193115,0.0004992649191990495,0,-0.0201,0.0199
8485011,,8485011,1,-0.00011768104741349816,0.0004992649191990495,0,-0.0201,0.0199
8485011,,8485011,2,-0.00012193352449685335,0.0004992649191990495,0,-0.0201,0.0199
8485011,,8485011,3,-0.00012587785022333264,0.0004992649191990495,0,-0.0201,0.0199
8485011,,8485011,4,-0.00012632925063371658,0.0004992649191990495,0,-0.0201,0.0199
8485011,,8485011,5,-0.00012446922482922673,0.0004992649191990495,0,-0.0201,0.0199
8485011,,8485011,6,-0.0001221105339936912,0.0004992649191990495,0,-0.0201,0.0199
8485011,,8485011,7,-0.00011915870709344745,0.0004992649191990495,0,-0.0201,0.0199
8485011,,8485011,8,-0.00011833407916128635,0.0004992649191990495,0,-0.0201,0.0199
8480885,,8480885,0,-0.02621190994977951,-0.025587502866983414,0,-0.0462,-0.0062
8480885,,8480885,1,-0.026216352358460426,-0.025587502866983414,0,-0.0462,-0.0062
8480885,,8480885,2,-0.02622387744486332,-0.025587502866983414,0,-0.0462,-0.0062
8480885,,8480885,3,-0.026224462315440178,-0.025587502866983414,0,-0.0462,-0.0062
8480885,,8480885,4,-0.02622879669070244,-0.025587502866983414,0,-0.0462,-0.0062
8480885,,8480885,5,-0.02622288651764393,-0.025587502866983414,0,-0.0462,-0.0062
8480885,,8480885,6,-0.026224516332149506,-0.025587502866983414,0,-0.0462,-0.0062
8480885,,8480885,7,-0.026218002662062645,-0.025587502866983414,0,-0.0462,-0.0062
8480885,,8480885,8,-0.02622082829475403,-0.025587502866983414,0,-0.0462,-0.0062
Eric Comrie,WPG,8477480,0,0.0178644098341465,0.015787623822689056,0,-0.0021,0.0379
Eric Comrie,WPG,8477480,1,0.01785767823457718,0.015787623822689056,0,-0.0021,0.0379
Eric Comrie,WPG,8477480,2,0.017852718010544777,0.015787623822689056,0,-0.0021,0.0379
Eric Comrie,WPG,8477480,3,0.017849313095211983,0.015787623822689056,0,-0.0022,0.0378
Eric Comrie,WPG,8477480,4,0.017848365008831024,0.015787623822689056,0,-0.0022,0.0378
Eric Comrie,WPG,8477480,5,0.017850715667009354,0.015787623822689056,0,-0.0021,0.0379
Eric Comrie,WPG,8477480,6,0.01785329356789589,0.015787623822689056,0,-0.0021,0.0379
Eric Comrie,WPG,8477480,7,0.017855338752269745,0.015787623822689056,0,-0.0021,0.0379
Eric Comrie,WPG,8477480,8,0.0178570244461298,0.015787623822689056,0,-0.0021,0.0379
8480420,,8480420,0,0.00012748775770887733,0.0007371025858446956,0,-0.0199,0.0201
8480420,,8480420,1,0.00012039998546242714,0.0007371025858446956,0,-0.0199,0.0201
8480420,,8480420,2,0.00011615606490522623,0.0007371025858446956,0,-0.0199,0.0201
8480420,,8480420,3,0.00011217646533623338,0.0007371025858446956,0,-0.0199,0.0201
8480420,,8480420,4,0.00011180294677615166,0.0007371025858446956,0,-0.0199,0.0201
8480420,,8480420,5,0.00011357269249856472,0.0007371025858446956,0,-0.0199,0.0201
8480420,,8480420,6,0.00011602992890402675,0.0007371025858446956,0,-0.0199,0.0201
8480420,,8480420,7,0.0001188905443996191,0.0007371025858446956,0,-0.0199,0.0201
8480420,,8480420,8,0.00011979660484939814,0.0007371025858446956,0,-0.0199,0.0201
Marcus Hogberg,NYI,8477405,0,-0.007204589433968067,-0.004045705311000347,0,-0.0272,0.0128
Marcus Hogberg,NYI,8477405,1,-0.007212178315967321,-0.004045705311000347,0,-0.0272,0.0128
Marcus Hogberg,NYI,8477405,2,-0.007216077763587236,-0.004045705311000347,0,-0.0272,0.0128
Marcus Hogberg,NYI,8477405,3,-0.007220322731882334,-0.004045705311000347,0,-0.0272,0.0128
Marcus Hogberg,NYI,8477405,4,-0.007220461964607239,-0.004045705311000347,0,-0.0272,0.0128
Marcus Hogberg,NYI,8477405,5,-0.0072190728969872,-0.004045705311000347,0,-0.0272,0.0128
Marcus Hogberg,NYI,8477405,6,-0.007216025609523058,-0.004045705311000347,0,-0.0272,0.0128
Marcus Hogberg,NYI,8477405,7,-0.0072138551622629166,-0.004045705311000347,0,-0.0272,0.0128
Marcus Hogberg,NYI,8477405,8,-0.007212518248707056,-0.004045705311000347,0,-0.0272,0.0128
Jacob Markstrom,NJD,8474593,0,-0.03084985539317131,-0.017815710976719856,0,-0.0508,-0.0108
Jacob Markstrom,NJD,8474593,1,-0.03086019866168499,-0.017815710976719856,0,-0.0509,-0.0109
Jacob Markstrom,NJD,8474593,2,-0.03086014650762081,-0.017815710976719856,0,-0.0509,-0.0109
Jacob Markstrom,NJD,8474593,3,-0.030869442969560623,-0.017815710976719856,0,-0.0509,-0.0109
Jacob Markstrom,NJD,8474593,4,-0.03086450882256031,-0.017815710976719856,0,-0.0509,-0.0109
Jacob Markstrom,NJD,8474593,5,-0.030867181718349457,-0.017815710976719856,0,-0.0509,-0.0109
Jacob Markstrom,NJD,8474593,6,-0.03086131624877453,-0.017815710976719856,0,-0.0509,-0.0109
Jacob Markstrom,NJD,8474593,7,-0.030861005187034607,-0.017815710976719856,0,-0.0509,-0.0109
Jacob Markstrom,NJD,8474593,8,-0.03085845522582531,-0.017815710976719856,0,-0.0509,-0.0109
Jakub Skarek,SJS,8480819,0,-0.0022987090051174164,-0.0013097637565806508,0,-0.0223,0.0177
Jakub Skarek,SJS,8480819,1,-0.0023057518992573023,-0.0013097637565806508,0,-0.0223,0.0177
Jakub Skarek,SJS,8480819,2,-0.0023100771941244602,-0.0013097637565806508,0,-0.0223,0.0177
Jakub Skarek,SJS,8480819,3,-0.002313965931534767,-0.0013097637565806508,0,-0.0223,0.0177
Jakub Skarek,SJS,8480819,4,-0.0023145582526922226,-0.0013097637565806508,0,-0.0223,0.0177
Jakub Skarek,SJS,8480819,5,-0.0023125596344470978,-0.0013097637565806508,0,-0.0223,0.0177
Jakub Skarek,SJS,8480819,6,-0.0023103184066712856,-0.0013097637565806508,0,-0.0223,0.0177
Jakub Skarek,SJS,8480819,7,-0.0023073935881257057,-0.0013097637565806508,0,-0.0223,0.0177
Jakub Skarek,SJS,8480819,8,-0.002306631300598383,-0.0013097637565806508,0,-0.0223,0.0177
Nico Daws,NJD,8482076,0,-0.001191742718219757,0.001314696273766458,0,-0.0212,0.0188
Nico Daws,NJD,8482076,1,-0.0011988966725766659,0.001314696273766458,0,-0.0212,0.0188
Nico Daws,NJD,8482076,2,-0.0012031295336782932,0.001314696273766458,0,-0.0212,0.0188
Nico Daws,NJD,8482076,3,-0.0012070874217897654,0.001314696273766458,0,-0.0212,0.0188
Nico Daws,NJD,8482076,4,-0.001207477180287242,0.001314696273766458,0,-0.0212,0.0188
Nico Daws,NJD,8482076,5,-0.0012056910200044513,0.001314696273766458,0,-0.0212,0.0188
Nico Daws,NJD,8482076,6,-0.0012032933300361037,0.001314696273766458,0,-0.0212,0.0188
Nico Daws,NJD,8482076,7,-0.0012003028532490134,0.001314696273766458,0,-0.0212,0.0188
Nico Daws,NJD,8482076,8,-0.0011995264794677496,0.001314696273766458,0,-0.0212,0.0188
Joseph Woll,TOR,8479361,0,-0.027941811829805374,-0.013158771209418774,0,-0.0479,-0.0079
Joseph Woll,TOR,8479361,1,-0.027947138994932175,-0.013158771209418774,0,-0.0479,-0.0079
Joseph Woll,TOR,8479361,2,-0.027953840792179108,-0.013158771209418774,0,-0.048,-0.008
Joseph Woll,TOR,8479361,3,-0.0279548317193985,-0.013158771209418774,0,-0.048,-0.008
Joseph Woll,TOR,8479361,4,-0.027958206832408905,-0.013158771209418774,0,-0.048,-0.008
Joseph Woll,TOR,8479361,5,-0.02795395441353321,-0.013158771209418774,0,-0.048,-0.008
Joseph Woll,TOR,8479361,6,-0.02795414999127388,-0.013158771209418774,0,-0.048,-0.008
Joseph Woll,TOR,8479361,7,-0.02794795297086239,-0.013158771209418774,0,-0.0479,-0.0079
Joseph Woll,TOR,8479361,8,-0.027949728071689606,-0.013158771209418774,0,-0.0479,-0.0079
Mads Sogaard,OTT,8481544,0,-0.01494248304516077,-0.011312774382531643,0,-0.0349,0.0051
Mads Sogaard,OTT,8481544,1,-0.01494970079511404,-0.011312774382531643,0,-0.0349,0.0051
Mads Sogaard,OTT,8481544,2,-0.014953523874282837,-0.011312774382531643,0,-0.035,0.005
Mads Sogaard,OTT,8481544,3,-0.014958115294575691,-0.011312774382531643,0,-0.035,0.005
Mads Sogaard,OTT,8481544,4,-0.014958333224058151,-0.011312774382531643,0,-0.035,0.005
Mads Sogaard,OTT,8481544,5,-0.014956452883780003,-0.011312774382531643,0,-0.035,0.005
Mads Sogaard,OTT,8481544,6,-0.014954508282244205,-0.011312774382531643,0,-0.035,0.005
Mads Sogaard,OTT,8481544,7,-0.014950748533010483,-0.011312774382531643,0,-0.035,0.005
Mads Sogaard,OTT,8481544,8,-0.014951146207749844,-0.011312774382531643,0,-0.035,0.005
Matt Murray,SEA,8476899,0,0.004787975922226906,0.0014538936084136367,0,-0.0152,0.0248
Matt Murray,SEA,8476899,1,0.004781190771609545,0.0014538936084136367,0,-0.0152,0.0248
Matt Murray,SEA,8476899,2,0.004776403773576021,0.0014538936084136367,0,-0.0152,0.0248
Matt Murray,SEA,8476899,3,0.004772912710905075,0.0014538936084136367,0,-0.0152,0.0248
Matt Murray,SEA,8476899,4,0.004772485233843327,0.0014538936084136367,0,-0.0152,0.0248
Matt Murray,SEA,8476899,5,0.004774102941155434,0.0014538936084136367,0,-0.0152,0.0248
Matt Murray,SEA,8476899,6,0.004776726011186838,0.0014538936084136367,0,-0.0152,0.0248
Matt Murray,SEA,8476899,7,0.004779334645718336,0.0014538936084136367,0,-0.0152,0.0248
Matt Murray,SEA,8476899,8,0.004780544433742762,0.0014538936084136367,0,-0.0152,0.0248
Mackenzie Blackwood,COL,8478406,0,0.027432216331362724,0.018902406096458435,0,0.0074,0.0474
Mackenzie Blackwood,COL,8478406,1,0.027376804500818253,0.018902406096458435,0,0.0074,0.0474
Mackenzie Blackwood,COL,8478406,2,0.027317119762301445,0.018902406096458435,0,0.0073,0.0473
Mackenzie Blackwood,COL,8478406,3,0.027262737974524498,0.018902406096458435,19,0.0227,0.0319
Mackenzie Blackwood,COL,8478406,4,0.027086881920695305,0.018902406096458435,39,0.0239,0.0303
Mackenzie Blackwood,COL,8478406,5,0.02706623077392578,0.018902406096458435,0,0.0071,0.0471
Mackenzie Blackwood,COL,8478406,6,0.02703869342803955,0.018902406096458435,34,0.0236,0.0304
Mackenzie Blackwood,COL,8478406,7,0.027043957263231277,0.018902406096458435,0,0.007,0.047
Mackenzie Blackwood,COL,8478406,8,0.02704339288175106,0.018902406096458435,0,0.007,0.047
Akira Schmid,VGK,8481033,0,0.027041878551244736,0.022831108421087265,0,0.007,0.047
Akira Schmid,VGK,8481033,1,0.027037091553211212,0.022831108421087265,0,0.007,0.047
Akira Schmid,VGK,8481033,2,0.027031101286411285,0.022831108421087265,0,0.007,0.047
Akira Schmid,VGK,8481033,3,0.027027355507016182,0.022831108421087265,0,0.007,0.047
Akira Schmid,VGK,8481033,4,0.027027970179915428,0.022831108421087265,0,0.007,0.047
Akira Schmid,VGK,8481033,5,0.02702859416604042,0.022831108421087265,0,0.007,0.047
Akira Schmid,VGK,8481033,6,0.027032559737563133,0.022831108421087265,0,0.007,0.047
Akira Schmid,VGK,8481033,7,0.027033744379878044,0.022831108421087265,0,0.007,0.047
Akira Schmid,VGK,8481033,8,0.027035605162382126,0.022831108421087265,0,0.007,0.047
8481520,,8481520,0,0.0010879321489483118,0.0016967940609902143,0,-0.0189,0.0211
8481520,,8481520,1,0.0010808859951794147,0.0016967940609902143,0,-0.0189,0.0211
8481520,,8481520,2,0.0010766282211989164,0.0016967940609902143,0,-0.0189,0.0211
8481520,,8481520,3,0.0010726714972406626,0.0016967940609902143,0,-0.0189,0.0211
8481520,,8481520,4,0.0010723304003477097,0.0016967940609902143,0,-0.0189,0.0211
8481520,,8481520,5,0.0010740016587078571,0.0016967940609902143,0,-0.0189,0.0211
8481520,,8481520,6,0.0010766024934127927,0.0016967940609902143,0,-0.0189,0.0211
8481520,,8481520,7,0.0010793404653668404,0.0016967940609902143,0,-0.0189,0.0211
8481520,,8481520,8,0.0010803878540173173,0.0016967940609902143,0,-0.0189,0.0211
Georgi Romanov,STL,8484312,0,-0.012199439108371735,-0.011906534433364868,0,-0.0322,0.0078
Georgi Romanov,STL,8484312,1,-0.01220747921615839,-0.011906534433364868,0,-0.0322,0.0078
Georgi Romanov,STL,8484312,2,-0.01221022754907608,-0.011906534433364868,0,-0.0322,0.0078
Georgi Romanov,STL,8484312,3,-0.012215999886393547,-0.011906534433364868,0,-0.0322,0.0078
Georgi Romanov,STL,8484312,4,-0.012214548885822296,-0.011906534433364868,0,-0.0322,0.0078
Georgi Romanov,STL,8484312,5,-0.012214813381433487,-0.011906534433364868,0,-0.0322,0.0078
Georgi Romanov,STL,8484312,6,-0.01220999751240015,-0.011906534433364868,0,-0.0322,0.0078
Georgi Romanov,STL,8484312,7,-0.01220986433327198,-0.011906534433364868,0,-0.0322,0.0078
Georgi Romanov,STL,8484312,8,-0.0122069725766778,-0.011906534433364868,0,-0.0322,0.0078
Dustin Wolf,CGY,8481692,0,0.008331282064318657,0.011116739362478256,0,-0.0117,0.0283
Dustin Wolf,CGY,8481692,1,0.008324247784912586,0.011116739362478256,0,-0.0117,0.0283
Dustin Wolf,CGY,8481692,2,0.008319972082972527,0.011116739362478256,0,-0.0117,0.0283
Dustin Wolf,CGY,8481692,3,0.008316300809383392,0.011116739362478256,0,-0.0117,0.0283
Dustin Wolf,CGY,8481692,4,0.008315176703035831,0.011116739362478256,0,-0.0117,0.0283
Dustin Wolf,CGY,8481692,5,0.008317697793245316,0.011116739362478256,0,-0.0117,0.0283
Dustin Wolf,CGY,8481692,6,0.008319755084812641,0.011116739362478256,0,-0.0117,0.0283
Dustin Wolf,CGY,8481692,7,0.008322837762534618,0.011116739362478256,0,-0.0117,0.0283
Dustin Wolf,CGY,8481692,8,0.00832357071340084,0.011116739362478256,0,-0.0117,0.0283
Philipp Grubauer,SEA,8475831,0,0.0022695811931043863,-0.022030862048268318,0,-0.0177,0.0223
Philipp Grubauer,SEA,8475831,1,0.002263149246573448,-0.022030862048268318,0,-0.0177,0.0223
Philipp Grubauer,SEA,8475831,2,0.0022580912336707115,-0.022030862048268318,0,-0.0177,0.0223
Philipp Grubauer,SEA,8475831,3,0.002254633465781808,-0.022030862048268318,0,-0.0177,0.0223
Philipp Grubauer,SEA,8475831,4,0.002254198072478175,-0.022030862048268318,0,-0.0177,0.0223
Philipp Grubauer,SEA,8475831,5,0.0022556795738637447,-0.022030862048268318,0,-0.0177,0.0223
Philipp Grubauer,SEA,8475831,6,0.0022585145197808743,-0.022030862048268318,0,-0.0177,0.0223
Philipp Grubauer,SEA,8475831,7,0.0022610765881836414,-0.022030862048268318,0,-0.0177,0.0223
Philipp Grubauer,SEA,8475831,8,0.002262112218886614,-0.022030862048268318,0,-0.0177,0.0223
8478848,,8478848,0,-0.0014512964989989996,-0.0008406704291701317,0,-0.0215,0.0185
8478848,,8478848,1,-0.001457960344851017,-0.0008406704291701317,0,-0.0215,0.0185
8478848,,8478848,2,-0.001462650136090815,-0.0008406704291701317,0,-0.0215,0.0185
8478848,,8478848,3,-0.001466154819354415,-0.0008406704291701317,0,-0.0215,0.0185
8478848,,8478848,4,-0.0014670529635623097,-0.0008406704291701317,0,-0.0215,0.0185
8478848,,8478848,5,-0.0014647517818957567,-0.0008406704291701317,0,-0.0215,0.0185
8478848,,8478848,6,-0.001462838496081531,-0.0008406704291701317,0,-0.0215,0.0185
8478848,,8478848,7,-0.0014594387030228972,-0.0008406704291701317,0,-0.0215,0.0185
8478848,,8478848,8,-0.001458987477235496,-0.0008406704291701317,0,-0.0215,0.0185
Jet Greaves,CBJ,8482982,0,0.06368150562047958,0.04617806896567345,0,0.0437,0.0837
Jet Greaves,CBJ,8482982,1,0.06367038935422897,0.04617806896567345,0,0.0437,0.0837
Jet Greaves,CBJ,8482982,2,0.06367096304893494,0.04617806896567345,0,0.0437,0.0837
Jet Greaves,CBJ,8482982,3,0.06366081535816193,0.04617806896567345,0,0.0437,0.0837
Jet Greaves,CBJ,8482982,4,0.06366661936044693,0.04617806896567345,0,0.0437,0.0837
Jet Greaves,CBJ,8482982,5,0.06366153061389923,0.04617806896567345,0,0.0437,0.0837
Jet Greaves,CBJ,8482982,6,0.06367362290620804,0.04617806896567345,0,0.0437,0.0837
Jet Greaves,CBJ,8482982,7,0.06366407126188278,0.04617806896567345,0,0.0437,0.0837
Jet Greaves,CBJ,8482982,8,0.06367526948451996,0.04617806896567345,0,0.0437,0.0837
Devon Levi,BUF,8482221,0,-0.015580209903419018,-0.015184598043560982,0,-0.0356,0.0044
Devon Levi,BUF,8482221,1,-0.01558644324541092,-0.015184598043560982,0,-0.0356,0.0044
Devon Levi,BUF,8482221,2,-0.015591362491250038,-0.015184598043560982,0,-0.0356,0.0044
Devon Levi,BUF,8482221,3,-0.01559489406645298,-0.015184598043560982,0,-0.0356,0.0044
Devon Levi,BUF,8482221,4,-0.015595526434481144,-0.015184598043560982,0,-0.0356,0.0044
Devon Levi,BUF,8482221,5,-0.015593631193041801,-0.015184598043560982,0,-0.0356,0.0044
Devon Levi,BUF,8482221,6,-0.015591328963637352,-0.015184598043560982,0,-0.0356,0.0044
Devon Levi,BUF,8482221,7,-0.015588427893817425,-0.015184598043560982,0,-0.0356,0.0044
Devon Levi,BUF,8482221,8,-0.01558778528124094,-0.015184598043560982,0,-0.0356,0.0044
Evan Gardner,CBJ,8484997,0,-0.0025789097417145967,-0.002103378064930439,0,-0.0226,0.0174
Evan Gardner,CBJ,8484997,1,-0.0025859724264591932,-0.002103378064930439,0,-0.0226,0.0174
Evan Gardner,CBJ,8484997,2,-0.0025905119255185127,-0.002103378064930439,0,-0.0226,0.0174
Evan Gardner,CBJ,8484997,3,-0.0025940965861082077,-0.002103378064930439,0,-0.0226,0.0174
Evan Gardner,CBJ,8484997,4,-0.0025949582923203707,-0.002103378064930439,0,-0.0226,0.0174
Evan Gardner,CBJ,8484997,5,-0.0025927317328751087,-0.002103378064930439,0,-0.0226,0.0174
Evan Gardner,CBJ,8484997,6,-0.0025905980728566647,-0.002103378064930439,0,-0.0226,0.0174
Evan Gardner,CBJ,8484997,7,-0.0025876727886497974,-0.002103378064930439,0,-0.0226,0.0174
Evan Gardner,CBJ,8484997,8,-0.0025868990924209356,-0.002103378064930439,0,-0.0226,0.0174
Cayden Primeau,CAR,8480051,0,-0.04574887454509735,-0.04061722010374069,0,-0.0657,-0.0257
Cayden Primeau,CAR,8480051,1,-0.04575705900788307,-0.04061722010374069,0,-0.0658,-0.0258
Cayden Primeau,CAR,8480051,2,-0.04575968533754349,-0.04061722010374069,0,-0.0658,-0.0258
Cayden Primeau,CAR,8480051,3,-0.04576506465673447,-0.04061722010374069,0,-0.0658,-0.0258
Cayden Primeau,CAR,8480051,4,-0.04576520249247551,-0.04061722010374069,0,-0.0658,-0.0258
Cayden Primeau,CAR,8480051,5,-0.045763757079839706,-0.04061722010374069,0,-0.0658,-0.0258
Cayden Primeau,CAR,8480051,6,-0.04576173424720764,-0.04061722010374069,0,-0.0658,-0.0258
Cayden Primeau,CAR,8480051,7,-0.04575572907924652,-0.04061722010374069,0,-0.0658,-0.0258
Cayden Primeau,CAR,8480051,8,-0.0457594096660614,-0.04061722010374069,0,-0.0658,-0.0258
8480199,,8480199,0,2.7593981940299273e-05,0.0006373653304763138,0,-0.02,0.02
8480199,,8480199,1,2.0493054762482643e-05,0.0006373653304763138,0,-0.02,0.02
8480199,,8480199,2,1.6241625417023897e-05,0.0006373653304763138,0,-0.02,0.02
8480199,,8480199,3,1.2308883015066385e-05,0.0006373653304763138,0,-0.02,0.02
8480199,,8480199,4,1.186359440907836e-05,0.0006373653304763138,0,-0.02,0.02
8480199,,8480199,5,1.3691780623048544e-05,0.0006373653304763138,0,-0.02,0.02
8480199,,8480199,6,1.6094068996608257e-05,0.0006373653304763138,0,-0.02,0.02
8480199,,8480199,7,1.9013648852705956e-05,0.0006373653304763138,0,-0.02,0.02
8480199,,8480199,8,1.9865401554852724e-05,0.0006373653304763138,0,-0.02,0.02
Jakub Dobes,MTL,8482487,0,0.09959045797586441,0.054312046617269516,23,0.0954,0.1038
Jakub Dobes,MTL,8482487,1,0.10023888200521469,0.054312046617269516,89,0.0981,0.1023
Jakub Dobes,MTL,8482487,2,0.1010015606880188,0.054312046617269516,113,0.0991,0.1029
Jakub Dobes,MTL,8482487,3,0.10135576874017715,0.054312046617269516,82,0.0992,0.1036
Jakub Dobes,MTL,8482487,4,0.10159258544445038,0.054312046617269516,109,0.0997,0.1035
Jakub Dobes,MTL,8482487,5,0.10180236399173737,0.054312046617269516,147,0.1002,0.1034
Jakub Dobes,MTL,8482487,6,0.10180465131998062,0.054312046617269516,44,0.0988,0.1048
Jakub Dobes,MTL,8482487,7,0.10180865228176117,0.054312046617269516,0,0.0818,0.1218
Jakub Dobes,MTL,8482487,8,0.10180670768022537,0.054312046617269516,0,0.0818,0.1218
Cal Petersen,MIN,8477361,0,-0.0050326157361269,-0.004715954419225454,0,-0.025,0.015
Cal Petersen,MIN,8477361,1,-0.005039887968450785,-0.004715954419225454,0,-0.025,0.015
Cal Petersen,MIN,8477361,2,-0.005044116638600826,-0.004715954419225454,0,-0.025,0.015
Cal Petersen,MIN,8477361,3,-0.005048037506639957,-0.004715954419225454,0,-0.025,0.015
Cal Petersen,MIN,8477361,4,-0.005048627033829689,-0.004715954419225454,0,-0.025,0.015
Cal Petersen,MIN,8477361,5,-0.005046732723712921,-0.004715954419225454,0,-0.025,0.015
Cal Petersen,MIN,8477361,6,-0.005044171586632729,-0.004715954419225454,0,-0.025,0.015
Cal Petersen,MIN,8477361,7,-0.0050417035818099976,-0.004715954419225454,0,-0.025,0.015
Cal Petersen,MIN,8477361,8,-0.005040714982897043,-0.004715954419225454,0,-0.025,0.015
Calvin Pickard,EDM,8475717,0,-0.02323666401207447,-0.017482785508036613,0,-0.0432,-0.0032
Calvin Pickard,EDM,8475717,1,-0.023241812363266945,-0.017482785508036613,0,-0.0432,-0.0032
Calvin Pickard,EDM,8475717,2,-0.02324747107923031,-0.017482785508036613,0,-0.0432,-0.0032
Calvin Pickard,EDM,8475717,3,-0.023250015452504158,-0.017482785508036613,0,-0.0433,-0.0033
Calvin Pickard,EDM,8475717,4,-0.023252349346876144,-0.017482785508036613,0,-0.0433,-0.0033
Calvin Pickard,EDM,8475717,5,-0.023248616605997086,-0.017482785508036613,0,-0.0432,-0.0032
Calvin Pickard,EDM,8475717,6,-0.023247424513101578,-0.017482785508036613,0,-0.0432,-0.0032
Calvin Pickard,EDM,8475717,7,-0.02324330247938633,-0.017482785508036613,0,-0.0432,-0.0032
Calvin Pickard,EDM,8475717,8,-0.023243863135576248,-0.017482785508036613,0,-0.0432,-0.0032
Devin Cooley,CGY,8482445,0,0.014233593828976154,0.008446351625025272,0,-0.0058,0.0342
Devin Cooley,CGY,8482445,1,0.014227841980755329,0.008446351625025272,0,-0.0058,0.0342
Devin Cooley,CGY,8482445,2,0.014222878962755203,0.008446351625025272,0,-0.0058,0.0342
Devin Cooley,CGY,8482445,3,0.014219298027455807,0.008446351625025272,0,-0.0058,0.0342
Devin Cooley,CGY,8482445,4,0.014218608848750591,0.008446351625025272,0,-0.0058,0.0342
Devin Cooley,CGY,8482445,5,0.014220528304576874,0.008446351625025272,0,-0.0058,0.0342
Devin Cooley,CGY,8482445,6,0.014223192818462849,0.008446351625025272,0,-0.0058,0.0342
Devin Cooley,CGY,8482445,7,0.014225412160158157,0.008446351625025272,0,-0.0058,0.0342
Devin Cooley,CGY,8482445,8,0.014227010309696198,0.008446351625025272,0,-0.0058,0.0342
8482588,,8482588,0,-0.0017283739289268851,-0.0011172137456014752,0,-0.0217,0.0183
8482588,,8482588,1,-0.0017353394068777561,-0.0011172137456014752,0,-0.0217,0.0183
8482588,,8482588,2,-0.0017397397896274924,-0.0011172137456014752,0,-0.0217,0.0183
8482588,,8482588,3,-0.0017435759073123336,-0.0011172137456014752,0,-0.0217,0.0183
8482588,,8482588,4,-0.0017441497184336185,-0.0011172137456014752,0,-0.0217,0.0183
8482588,,8482588,5,-0.0017421883530914783,-0.0011172137456014752,0,-0.0217,0.0183
8482588,,8482588,6,-0.0017399428179487586,-0.0011172137456014752,0,-0.0217,0.0183
8482588,,8482588,7,-0.0017368639819324017,-0.0011172137456014752,0,-0.0217,0.0183
8482588,,8482588,8,-0.001736240810714662,-0.0011172137456014752,0,-0.0217,0.0183
Justus Annunen,NSH,8481020,0,0.025044744834303856,-0.0006378727266564965,0,0.005,0.045
Justus Annunen,NSH,8481020,1,0.025040140375494957,-0.0006378727266564965,0,0.005,0.045
Justus Annunen,NSH,8481020,2,0.025033097714185715,-0.0006378727266564965,0,0.005,0.045
Justus Annunen,NSH,8481020,3,0.025032632052898407,-0.0006378727266564965,0,0.005,0.045
Justus Annunen,NSH,8481020,4,0.025027701631188393,-0.0006378727266564965,0,0.005,0.045
Justus Annunen,NSH,8481020,5,0.025034204125404358,-0.0006378727266564965,0,0.005,0.045
Justus Annunen,NSH,8481020,6,0.02503262646496296,-0.0006378727266564965,0,0.005,0.045
Justus Annunen,NSH,8481020,7,0.02503882348537445,-0.0006378727266564965,0,0.005,0.045
Justus Annunen,NSH,8481020,8,0.02503756806254387,-0.0006378727266564965,0,0.005,0.045
Trent Miner,COL,8481529,0,-0.002744395053014159,-0.003348681842908263,0,-0.0227,0.0173
Trent Miner,COL,8481529,1,-0.0027514551766216755,-0.003348681842908263,0,-0.0228,0.0172
Trent Miner,COL,8481529,2,-0.00275581912137568,-0.003348681842908263,0,-0.0228,0.0172
Trent Miner,COL,8481529,3,-0.0027595744468271732,-0.003348681842908263,0,-0.0228,0.0172
Trent Miner,COL,8481529,4,-0.002760369563475251,-0.003348681842908263,0,-0.0228,0.0172
Trent Miner,COL,8481529,5,-0.0027581630274653435,-0.003348681842908263,0,-0.0228,0.0172
Trent Miner,COL,8481529,6,-0.0027560931630432606,-0.003348681842908263,0,-0.0228,0.0172
Trent Miner,COL,8481529,7,-0.0027529725339263678,-0.003348681842908263,0,-0.0228,0.0172
Trent Miner,COL,8481529,8,-0.002752371598035097,-0.003348681842908263,0,-0.0228,0.0172
Rémi Poirier,DAL,8482465,0,-2.3698725271970034e-05,0.0007920833304524422,0,-0.02,0.02
Rémi Poirier,DAL,8482465,1,-3.073189873248339e-05,0.0007920833304524422,0,-0.02,0.02
Rémi Poirier,DAL,8482465,2,-3.5051198210567236e-05,0.0007920833304524422,0,-0.02,0.02
Rémi Poirier,DAL,8482465,3,-3.8922298699617386e-05,0.0007920833304524422,0,-0.02,0.02
Rémi Poirier,DAL,8482465,4,-3.940920578315854e-05,0.0007920833304524422,0,-0.02,0.02
Rémi Poirier,DAL,8482465,5,-3.7530960980802774e-05,0.0007920833304524422,0,-0.02,0.02
Rémi Poirier,DAL,8482465,6,-3.519258461892605e-05,0.0007920833304524422,0,-0.02,0.02
Rémi Poirier,DAL,8482465,7,-3.220210783183575e-05,0.0007920833304524422,0,-0.02,0.02
Rémi Poirier,DAL,8482465,8,-3.1387899070978165e-05,0.0007920833304524422,0,-0.02,0.02
Dan Vladar,PHI,8478435,0,0.09634210914373398,0.05235958844423294,21,0.0919,0.1007
Dan Vladar,PHI,8478435,1,0.09690329432487488,0.05235958844423294,115,0.095,0.0988
Dan Vladar,PHI,8478435,2,0.09719513356685638,0.05235958844423294,119,0.0954,0.099
Dan Vladar,PHI,8478435,3,0.0973881334066391,0.05235958844423294,131,0.0957,0.0991
Dan Vladar,PHI,8478435,4,0.09739642590284348,0.05235958844423294,0,0.0774,0.1174
Dan Vladar,PHI,8478435,5,0.09738371521234512,0.05235958844423294,0,0.0774,0.1174
Dan Vladar,PHI,8478435,6,0.09740620106458664,0.05235958844423294,0,0.0774,0.1174
Dan Vladar,PHI,8478435,7,0.09738625586032867,0.05235958844423294,0,0.0774,0.1174
Dan Vladar,PHI,8478435,8,0.0974043756723404,0.05235958844423294,0,0.0774,0.1174
Nathaniel Day,EDM,8484455,0,0.0016604422125965357,0.002179367933422327,0,-0.0183,0.0217
Nathaniel Day,EDM,8484455,1,0.0016530114226043224,0.002179367933422327,0,-0.0183,0.0217
Nathaniel Day,EDM,8484455,2,0.0016490935813635588,0.002179367933422327,0,-0.0184,0.0216
Nathaniel Day,EDM,8484455,3,0.0016448702663183212,0.002179367933422327,0,-0.0184,0.0216
Nathaniel Day,EDM,8484455,4,0.0016446402296423912,0.002179367933422327,0,-0.0184,0.0216
Nathaniel Day,EDM,8484455,5,0.0016464546788483858,0.002179367933422327,0,-0.0184,0.0216
Nathaniel Day,EDM,8484455,6,0.0016487111570313573,0.002179367933422327,0,-0.0184,0.0216
Nathaniel Day,EDM,8484455,7,0.0016518393531441689,0.002179367933422327,0,-0.0183,0.0217
Nathaniel Day,EDM,8484455,8,0.0016526603139936924,0.002179367933422327,0,-0.0183,0.0217
8484939,,8484939,0,-0.0002731876156758517,0.00033690466079860926,0,-0.0203,0.0197
8484939,,8484939,1,-0.0002802734379656613,0.00033690466079860926,0,-0.0203,0.0197
8484939,,8484939,2,-0.0002845227427314967,0.00033690466079860926,0,-0.0203,0.0197
8484939,,8484939,3,-0.000288485229248181,0.00033690466079860926,0,-0.0203,0.0197
8484939,,8484939,4,-0.00028890575049445033,0.00033690466079860926,0,-0.0203,0.0197
8484939,,8484939,5,-0.00028709019534289837,0.00033690466079860926,0,-0.0203,0.0197
8484939,,8484939,6,-0.00028468642267398536,0.00033690466079860926,0,-0.0203,0.0197
8484939,,8484939,7,-0.00028177571948617697,0.00033690466079860926,0,-0.0203,0.0197
8484939,,8484939,8,-0.0002809378202073276,0.00033690466079860926,0,-0.0203,0.0197
Connor Ingram,EDM,8478971,0,-0.018483750522136688,-0.015404400415718555,0,-0.0385,0.0015
Connor Ingram,EDM,8478971,1,-0.01864711381494999,-0.015404400415718555,122,-0.0204,-0.0168
Connor Ingram,EDM,8478971,2,-0.018521122634410858,-0.015404400415718555,77,-0.0208,-0.0162
Connor Ingram,EDM,8478971,3,-0.0185244083404541,-0.015404400415718555,0,-0.0385,0.0015
Connor Ingram,EDM,8478971,4,-0.01852535828948021,-0.015404400415718555,0,-0.0385,0.0015
Connor Ingram,EDM,8478971,5,-0.018522834405303,-0.015404400415718555,0,-0.0385,0.0015
Connor Ingram,EDM,8478971,6,-0.018521467223763466,-0.015404400415718555,0,-0.0385,0.0015
Connor Ingram,EDM,8478971,7,-0.018517864868044853,-0.015404400415718555,0,-0.0385,0.0015
Connor Ingram,EDM,8478971,8,-0.01851704530417919,-0.015404400415718555,0,-0.0385,0.0015
8481707,,8481707,0,0.0038990669418126345,0.004506245255470276,0,-0.0161,0.0239
8481707,,8481707,1,0.0038929542060941458,0.004506245255470276,0,-0.0161,0.0239
8481707,,8481707,2,0.003887928556650877,0.004506245255470276,0,-0.0161,0.0239
8481707,,8481707,3,0.0038845855742692947,0.004506245255470276,0,-0.0161,0.0239
8481707,,8481707,4,0.0038836970925331116,0.004506245255470276,0,-0.0161,0.0239
8481707,,8481707,5,0.0038859318010509014,0.004506245255470276,0,-0.0161,0.0239
8481707,,8481707,6,0.0038879127241671085,0.004506245255470276,0,-0.0161,0.0239
8481707,,8481707,7,0.003891651052981615,0.004506245255470276,0,-0.0161,0.0239
8481707,,8481707,8,0.0038918685168027878,0.004506245255470276,0,-0.0161,0.0239
8480191,,8480191,0,0.0025753953959792852,0.0031833716202527285,0,-0.0174,0.0226
8480191,,8480191,1,0.0025681841652840376,0.0031833716202527285,0,-0.0174,0.0226
8480191,,8480191,2,0.0025639873929321766,0.0031833716202527285,0,-0.0174,0.0226
8480191,,8480191,3,0.002560155466198921,0.0031833716202527285,0,-0.0174,0.0226
8480191,,8480191,4,0.002559559652581811,0.0031833716202527285,0,-0.0174,0.0226
8480191,,8480191,5,0.0025615915656089783,0.0031833716202527285,0,-0.0174,0.0226
8480191,,8480191,6,0.002563892398029566,0.0031833716202527285,0,-0.0174,0.0226
8480191,,8480191,7,0.0025667184963822365,0.0031833716202527285,0,-0.0174,0.0226
8480191,,8480191,8,0.00256786379031837,0.0031833716202527285,0,-0.0174,0.0226
8484857,,8484857,0,-0.0022302097640931606,-0.0016184793785214424,0,-0.0222,0.0178
8484857,,8484857,1,-0.0022374207619577646,-0.0016184793785214424,0,-0.0222,0.0178
8484857,,8484857,2,-0.002241589594632387,-0.0016184793785214424,0,-0.0222,0.0178
8484857,,8484857,3,-0.0022456692531704903,-0.0016184793785214424,0,-0.0222,0.0178
8484857,,8484857,4,-0.0022459770552814007,-0.0016184793785214424,0,-0.0222,0.0178
8484857,,8484857,5,-0.002244322095066309,-0.0016184793785214424,0,-0.0222,0.0178
8484857,,8484857,6,-0.002241765381768346,-0.0016184793785214424,0,-0.0222,0.0178
8484857,,8484857,7,-0.002239001914858818,-0.0016184793785214424,0,-0.0222,0.0178
8484857,,8484857,8,-0.002238184679299593,-0.0016184793785214424,0,-0.0222,0.0178
8475920,,8475920,0,-0.0028597477357834578,-0.002247178927063942,0,-0.0229,0.0171
8475920,,8475920,1,-0.002866447204723954,-0.002247178927063942,0,-0.0229,0.0171
8475920,,8475920,2,-0.002871120348572731,-0.002247178927063942,0,-0.0229,0.0171
8475920,,8475920,3,-0.0028748379554599524,-0.002247178927063942,0,-0.0229,0.0171
8475920,,8475920,4,-0.0028754211962223053,-0.002247178927063942,0,-0.0229,0.0171
8475920,,8475920,5,-0.0028734346851706505,-0.002247178927063942,0,-0.0229,0.0171
8475920,,8475920,6,-0.002871367149055004,-0.002247178927063942,0,-0.0229,0.0171
8475920,,8475920,7,-0.0028679887764155865,-0.002247178927063942,0,-0.0229,0.0171
8475920,,8475920,8,-0.002867734292522073,-0.002247178927063942,0,-0.0229,0.0171
Alex Nedeljkovic,SJS,8477968,0,-0.014620567671954632,-0.015949556604027748,0,-0.0346,0.0054
Alex Nedeljkovic,SJS,8477968,1,-0.014628804288804531,-0.015949556604027748,0,-0.0346,0.0054
Alex Nedeljkovic,SJS,8477968,2,-0.01463203877210617,-0.015949556604027748,0,-0.0346,0.0054
Alex Nedeljkovic,SJS,8477968,3,-0.014636833220720291,-0.015949556604027748,0,-0.0346,0.0054
Alex Nedeljkovic,SJS,8477968,4,-0.014636572450399399,-0.015949556604027748,0,-0.0346,0.0054
Alex Nedeljkovic,SJS,8477968,5,-0.014634913764894009,-0.015949556604027748,0,-0.0346,0.0054
Alex Nedeljkovic,SJS,8477968,6,-0.014633375220000744,-0.015949556604027748,0,-0.0346,0.0054
Alex Nedeljkovic,SJS,8477968,7,-0.014628473669290543,-0.015949556604027748,0,-0.0346,0.0054
Alex Nedeljkovic,SJS,8477968,8,-0.014629555866122246,-0.015949556604027748,0,-0.0346,0.0054
8484218,,8484218,0,0.005242147482931614,0.005847808439284563,0,-0.0148,0.0252
8484218,,8484218,1,0.005235050339251757,0.005847808439284563,0,-0.0148,0.0252
8484218,,8484218,2,0.005230509210377932,0.005847808439284563,0,-0.0148,0.0252
8484218,,8484218,3,0.005227129906415939,0.005847808439284563,0,-0.0148,0.0252
8484218,,8484218,4,0.005226203706115484,0.005847808439284563,0,-0.0148,0.0252
8484218,,8484218,5,0.005228486377745867,0.005847808439284563,0,-0.0148,0.0252
8484218,,8484218,6,0.005230514798313379,0.005847808439284563,0,-0.0148,0.0252
8484218,,8484218,7,0.005233909003436565,0.005847808439284563,0,-0.0148,0.0252
8484218,,8484218,8,0.005234603304415941,0.005847808439284563,0,-0.0148,0.0252
Matt Tomkins,EDM,8477035,0,-0.004274899605661631,-0.003463180037215352,0,-0.0243,0.0157
Matt Tomkins,EDM,8477035,1,-0.004282062407582998,-0.003463180037215352,0,-0.0243,0.0157
Matt Tomkins,EDM,8477035,2,-0.004286203067749739,-0.003463180037215352,0,-0.0243,0.0157
Matt Tomkins,EDM,8477035,3,-0.004290360491722822,-0.003463180037215352,0,-0.0243,0.0157
Matt Tomkins,EDM,8477035,4,-0.0042905379086732864,-0.003463180037215352,0,-0.0243,0.0157
Matt Tomkins,EDM,8477035,5,-0.004289183299988508,-0.003463180037215352,0,-0.0243,0.0157
Matt Tomkins,EDM,8477035,6,-0.0042861453257501125,-0.003463180037215352,0,-0.0243,0.0157
Matt Tomkins,EDM,8477035,7,-0.004284001886844635,-0.003463180037215352,0,-0.0243,0.0157
Matt Tomkins,EDM,8477035,8,-0.004282818641513586,-0.003463180037215352,0,-0.0243,0.0157
Pyotr Kochetkov,CAR,8481611,0,-0.015027787536382675,-0.013550382107496262,0,-0.035,0.005
Pyotr Kochetkov,CAR,8481611,1,-0.015034150332212448,-0.013550382107496262,0,-0.035,0.005
Pyotr Kochetkov,CAR,8481611,2,-0.015039550140500069,-0.013550382107496262,0,-0.035,0.005
Pyotr Kochetkov,CAR,8481611,3,-0.015042529441416264,-0.013550382107496262,0,-0.035,0.005
Pyotr Kochetkov,CAR,8481611,4,-0.015043308958411217,-0.013550382107496262,0,-0.035,0.005
Pyotr Kochetkov,CAR,8481611,5,-0.01504173967987299,-0.013550382107496262,0,-0.035,0.005
Pyotr Kochetkov,CAR,8481611,6,-0.015038557350635529,-0.013550382107496262,0,-0.035,0.005
Pyotr Kochetkov,CAR,8481611,7,-0.015036685392260551,-0.013550382107496262,0,-0.035,0.005
Pyotr Kochetkov,CAR,8481611,8,-0.015035087242722511,-0.013550382107496262,0,-0.035,0.005
Brandon Halverson,TBL,8477990,0,-0.01120548602193594,-0.006668689660727978,0,-0.0312,0.0088
Brandon Halverson,TBL,8477990,1,-0.011211700737476349,-0.006668689660727978,0,-0.0312,0.0088
Brandon Halverson,TBL,8477990,2,-0.011216644197702408,-0.006668689660727978,0,-0.0312,0.0088
Brandon Halverson,TBL,8477990,3,-0.011220194399356842,-0.006668689660727978,0,-0.0312,0.0088
Brandon Halverson,TBL,8477990,4,-0.011221016757190228,-0.006668689660727978,0,-0.0312,0.0088
Brandon Halverson,TBL,8477990,5,-0.01121861394494772,-0.006668689660727978,0,-0.0312,0.0088
Brandon Halverson,TBL,8477990,6,-0.011217013001441956,-0.006668689660727978,0,-0.0312,0.0088
Brandon Halverson,TBL,8477990,7,-0.01121368445456028,-0.006668689660727978,0,-0.0312,0.0088
Brandon Halverson,TBL,8477990,8,-0.011213304474949837,-0.006668689660727978,0,-0.0312,0.0088
Jake Allen,NJD,8474596,0,0.017512623220682144,0.015384634025394917,0,-0.0025,0.0375
Jake Allen,NJD,8474596,1,0.017507998272776604,0.015384634025394917,0,-0.0025,0.0375
Jake Allen,NJD,8474596,2,0.017503036186099052,0.015384634025394917,0,-0.0025,0.0375
Jake Allen,NJD,8474596,3,0.017498070374131203,0.015384634025394917,0,-0.0025,0.0375
Jake Allen,NJD,8474596,4,0.017499372363090515,0.015384634025394917,0,-0.0025,0.0375
Jake Allen,NJD,8474596,5,0.017499646171927452,0.015384634025394917,0,-0.0025,0.0375
Jake Allen,NJD,8474596,6,0.017503434792160988,0.015384634025394917,0,-0.0025,0.0375
Jake Allen,NJD,8474596,7,0.01750582829117775,0.015384634025394917,0,-0.0025,0.0375
Jake Allen,NJD,8474596,8,0.017506131902337074,0.015384634025394917,0,-0.0025,0.0375
Samuel Montembeault,MTL,8478470,0,0.010924316942691803,0.007180061191320419,0,-0.0091,0.0309
Samuel Montembeault,MTL,8478470,1,0.01091682817786932,0.007180061191320419,0,-0.0091,0.0309
Samuel Montembeault,MTL,8478470,2,0.010912636294960976,0.007180061191320419,0,-0.0091,0.0309
Samuel Montembeault,MTL,8478470,3,0.010909223929047585,0.007180061191320419,0,-0.0091,0.0309
Samuel Montembeault,MTL,8478470,4,0.010907924734055996,0.007180061191320419,0,-0.0091,0.0309
Samuel Montembeault,MTL,8478470,5,0.010910878889262676,0.007180061191320419,0,-0.0091,0.0309
Samuel Montembeault,MTL,8478470,6,0.010911637917160988,0.007180061191320419,0,-0.0091,0.0309
Samuel Montembeault,MTL,8478470,7,0.0109164509922266,0.007180061191320419,0,-0.0091,0.0309
Samuel Montembeault,MTL,8478470,8,0.010915973223745823,0.007180061191320419,0,-0.0091,0.0309
8484968,,8484968,0,0.0006705806590616703,0.0012797823874279857,0,-0.0193,0.0207
8484968,,8484968,1,0.0006634753081016243,0.0012797823874279857,0,-0.0193,0.0207
8484968,,8484968,2,0.0006592782447114587,0.0012797823874279857,0,-0.0193,0.0207
8484968,,8484968,3,0.0006552636623382568,0.0012797823874279857,0,-0.0193,0.0207
8484968,,8484968,4,0.0006549197132699192,0.0012797823874279857,0,-0.0193,0.0207
8484968,,8484968,5,0.0006566643132828176,0.0012797823874279857,0,-0.0193,0.0207
8484968,,8484968,6,0.0006591336568817496,0.0012797823874279857,0,-0.0193,0.0207
8484968,,8484968,7,0.0006620329222641885,0.0012797823874279857,0,-0.0193,0.0207
8484968,,8484968,8,0.0006629070267081261,0.0012797823874279857,0,-0.0193,0.0207
8473575,,8473575,0,0.000672481139190495,0.0012820657575502992,0,-0.0193,0.0207
8473575,,8473575,1,0.0006653385353274643,0.0012820657575502992,0,-0.0193,0.0207
8473575,,8473575,2,0.0006610939744859934,0.0012820657575502992,0,-0.0193,0.0207
8473575,,8473575,3,0.0006571948761120439,0.0012820657575502992,0,-0.0193,0.0207
8473575,,8473575,4,0.0006567505770362914,0.0012820657575502992,0,-0.0193,0.0207
8473575,,8473575,5,0.0006584930815733969,0.0012820657575502992,0,-0.0193,0.0207
8473575,,8473575,6,0.0006610581185668707,0.0012820657575502992,0,-0.0193,0.0207
8473575,,8473575,7,0.0006637616897933185,0.0012820657575502992,0,-0.0193,0.0207
8473575,,8473575,8,0.0006648080889135599,0.0012820657575502992,0,-0.0193,0.0207
Igor Shesterkin,NYR,8478048,0,0.049712322652339935,0.03493471071124077,0,0.0297,0.0697
Igor Shesterkin,NYR,8478048,1,0.04970318451523781,0.03493471071124077,0,0.0297,0.0697
Igor Shesterkin,NYR,8478048,2,0.04970064014196396,0.03493471071124077,0,0.0297,0.0697
Igor Shesterkin,NYR,8478048,3,0.04969463497400284,0.03493471071124077,0,0.0297,0.0697
Igor Shesterkin,NYR,8478048,4,0.049694888293743134,0.03493471071124077,0,0.0297,0.0697
Igor Shesterkin,NYR,8478048,5,0.04969775676727295,0.03493471071124077,0,0.0297,0.0697
Igor Shesterkin,NYR,8478048,6,0.049699462950229645,0.03493471071124077,0,0.0297,0.0697
Igor Shesterkin,NYR,8478048,7,0.049703072756528854,0.03493471071124077,0,0.0297,0.0697
Igor Shesterkin,NYR,8478048,8,0.04970216751098633,0.03493471071124077,0,0.0297,0.0697
Jonathan Quick,NYR,8471734,0,-0.045667681843042374,-0.025159917771816254,0,-0.0657,-0.0257
Jonathan Quick,NYR,8471734,1,-0.045672446489334106,-0.025159917771816254,0,-0.0657,-0.0257
Jonathan Quick,NYR,8471734,2,-0.04567914828658104,-0.025159917771816254,0,-0.0657,-0.0257
Jonathan Quick,NYR,8471734,3,-0.045679971575737,-0.025159917771816254,0,-0.0657,-0.0257
Jonathan Quick,NYR,8471734,4,-0.04568386822938919,-0.025159917771816254,0,-0.0657,-0.0257
Jonathan Quick,NYR,8471734,5,-0.04567926749587059,-0.025159917771816254,0,-0.0657,-0.0257
Jonathan Quick,NYR,8471734,6,-0.04567825421690941,-0.025159917771816254,0,-0.0657,-0.0257
Jonathan Quick,NYR,8471734,7,-0.04567499831318855,-0.025159917771816254,0,-0.0657,-0.0257
Jonathan Quick,NYR,8471734,8,-0.04567418247461319,-0.025159917771816254,0,-0.0657,-0.0257
8482472,,8482472,0,-0.004180099815130234,-0.0035663368180394173,0,-0.0242,0.0158
8482472,,8482472,1,-0.004187399055808783,-0.0035663368180394173,0,-0.0242,0.0158
8482472,,8482472,2,-0.004191436804831028,-0.0035663368180394173,0,-0.0242,0.0158
8482472,,8482472,3,-0.004195620305836201,-0.0035663368180394173,0,-0.0242,0.0158
8482472,,8482472,4,-0.004196017514914274,-0.0035663368180394173,0,-0.0242,0.0158
8482472,,8482472,5,-0.004194124601781368,-0.0035663368180394173,0,-0.0242,0.0158
8482472,,8482472,6,-0.0041919974610209465,-0.0035663368180394173,0,-0.0242,0.0158
8482472,,8482472,7,-0.004188687074929476,-0.0035663368180394173,0,-0.0242,0.0158
8482472,,8482472,8,-0.004188455641269684,-0.0035663368180394173,0,-0.0242,0.0158
Anthony Stolarz,TOR,8476932,0,0.01970493048429489,0.033767227083444595,0,-0.0003,0.0397
Anthony Stolarz,TOR,8476932,1,0.019697705283761024,0.033767227083444595,0,-0.0003,0.0397
Anthony Stolarz,TOR,8476932,2,0.019694993272423744,0.033767227083444595,0,-0.0003,0.0397
Anthony Stolarz,TOR,8476932,3,0.019687948748469353,0.033767227083444595,0,-0.0003,0.0397
Anthony Stolarz,TOR,8476932,4,0.01969202049076557,0.033767227083444595,0,-0.0003,0.0397
Anthony Stolarz,TOR,8476932,5,0.019689353182911873,0.033767227083444595,0,-0.0003,0.0397
Anthony Stolarz,TOR,8476932,6,0.019694356247782707,0.033767227083444595,0,-0.0003,0.0397
Anthony Stolarz,TOR,8476932,7,0.019696226343512535,0.033767227083444595,0,-0.0003,0.0397
Anthony Stolarz,TOR,8476932,8,0.01969773881137371,0.033767227083444595,0,-0.0003,0.0397
Anton Forsberg,LAK,8476341,0,0.06215563416481018,0.03361757844686508,43,0.0592,0.0652
Anton Forsberg,LAK,8476341,1,0.06208459287881851,0.03361757844686508,124,0.0603,0.0639
Anton Forsberg,LAK,8476341,2,0.06207047775387764,0.03361757844686508,0,0.0421,0.0821
Anton Forsberg,LAK,8476341,3,0.062076933681964874,0.03361757844686508,0,0.0421,0.0821
Anton Forsberg,LAK,8476341,4,0.06206541880965233,0.03361757844686508,0,0.0421,0.0821
Anton Forsberg,LAK,8476341,5,0.06208179146051407,0.03361757844686508,0,0.0421,0.0821
Anton Forsberg,LAK,8476341,6,0.06206757575273514,0.03361757844686508,0,0.0421,0.0821
Anton Forsberg,LAK,8476341,7,0.06208433583378792,0.03361757844686508,0,0.0421,0.0821
Anton Forsberg,LAK,8476341,8,0.062077537178993225,0.03361757844686508,0,0.0421,0.0821
Dennis Hildeby,TOR,8483710,0,0.015357241965830326,0.00804161373525858,0,-0.0046,0.0354
Dennis Hildeby,TOR,8483710,1,0.015349592082202435,0.00804161373525858,0,-0.0047,0.0353
Dennis Hildeby,TOR,8483710,2,0.01534566842019558,0.00804161373525858,0,-0.0047,0.0353
Dennis Hildeby,TOR,8483710,3,0.015341566875576973,0.00804161373525858,0,-0.0047,0.0353
Dennis Hildeby,TOR,8483710,4,0.015340964309871197,0.00804161373525858,0,-0.0047,0.0353
Dennis Hildeby,TOR,8483710,5,0.01534348912537098,0.00804161373525858,0,-0.0047,0.0353
Dennis Hildeby,TOR,8483710,6,0.015344856306910515,0.00804161373525858,0,-0.0047,0.0353
Dennis Hildeby,TOR,8483710,7,0.015348806045949459,0.00804161373525858,0,-0.0047,0.0353
Dennis Hildeby,TOR,8483710,8,0.015348933637142181,0.00804161373525858,0,-0.0047,0.0353
Joonas Korpisalo,BOS,8476914,0,0.01375920046120882,0.002858575666323304,0,-0.0062,0.0338
Joonas Korpisalo,BOS,8476914,1,0.013796128332614899,0.002858575666323304,6,0.0056,0.022
Joonas Korpisalo,BOS,8476914,2,0.013790594413876534,0.002858575666323304,0,-0.0062,0.0338
Joonas Korpisalo,BOS,8476914,3,0.013787703588604927,0.002858575666323304,0,-0.0062,0.0338
Joonas Korpisalo,BOS,8476914,4,0.013786491937935352,0.002858575666323304,0,-0.0062,0.0338
Joonas Korpisalo,BOS,8476914,5,0.013788927346467972,0.002858575666323304,0,-0.0062,0.0338
Joonas Korpisalo,BOS,8476914,6,0.013790811412036419,0.002858575666323304,0,-0.0062,0.0338
Joonas Korpisalo,BOS,8476914,7,0.013794414699077606,0.002858575666323304,0,-0.0062,0.0338
Joonas Korpisalo,BOS,8476914,8,0.013794543221592903,0.002858575666323304,0,-0.0062,0.0338
Vitek Vanecek,UTA,8477970,0,-0.042171306908130646,-0.024188045412302017,0,-0.0622,-0.0222
Vitek Vanecek,UTA,8477970,1,-0.04218113794922829,-0.024188045412302017,0,-0.0622,-0.0222
Vitek Vanecek,UTA,8477970,2,-0.04218403249979019,-0.024188045412302017,0,-0.0622,-0.0222
Vitek Vanecek,UTA,8477970,3,-0.042187273502349854,-0.024188045412302017,0,-0.0622,-0.0222
Vitek Vanecek,UTA,8477970,4,-0.04218943789601326,-0.024188045412302017,0,-0.0622,-0.0222
Vitek Vanecek,UTA,8477970,5,-0.04218587651848793,-0.024188045412302017,0,-0.0622,-0.0222
Vitek Vanecek,UTA,8477970,6,-0.04218451678752899,-0.024188045412302017,0,-0.0622,-0.0222
Vitek Vanecek,UTA,8477970,7,-0.04218091070652008,-0.024188045412302017,0,-0.0622,-0.0222
Vitek Vanecek,UTA,8477970,8,-0.04218078404664993,-0.024188045412302017,0,-0.0622,-0.0222
Calle Clang,ANA,8482477,0,-0.002999481512233615,-0.0023198723793029785,0,-0.023,0.017
Calle Clang,ANA,8482477,1,-0.003006130922585726,-0.0023198723793029785,0,-0.023,0.017
Calle Clang,ANA,8482477,2,-0.0030107118654996157,-0.0023198723793029785,0,-0.023,0.017
Calle Clang,ANA,8482477,3,-0.003014510730281472,-0.0023198723793029785,0,-0.023,0.017
Calle Clang,ANA,8482477,4,-0.0030150897800922394,-0.0023198723793029785,0,-0.023,0.017
Calle Clang,ANA,8482477,5,-0.0030131000094115734,-0.0023198723793029785,0,-0.023,0.017
Calle Clang,ANA,8482477,6,-0.003010900691151619,-0.0023198723793029785,0,-0.023,0.017
Calle Clang,ANA,8482477,7,-0.003007823834195733,-0.0023198723793029785,0,-0.023,0.017
Calle Clang,ANA,8482477,8,-0.0030072014778852463,-0.0023198723793029785,0,-0.023,0.017
Gabriel Carriere,SJS,8484887,0,0.0023651013616472483,0.0025057876482605934,0,-0.0176,0.0224
Gabriel Carriere,SJS,8484887,1,0.0023580649867653847,0.0025057876482605934,0,-0.0176,0.0224
Gabriel Carriere,SJS,8484887,2,0.0023535455111414194,0.0025057876482605934,0,-0.0176,0.0224
Gabriel Carriere,SJS,8484887,3,0.0023499527014791965,0.0025057876482605934,0,-0.0177,0.0223
Gabriel Carriere,SJS,8484887,4,0.0023493142798542976,0.0025057876482605934,0,-0.0177,0.0223
Gabriel Carriere,SJS,8484887,5,0.0023513035848736763,0.0025057876482605934,0,-0.0176,0.0224
Gabriel Carriere,SJS,8484887,6,0.0023536481894552708,0.0025057876482605934,0,-0.0176,0.0224
Gabriel Carriere,SJS,8484887,7,0.0023564533330500126,0.0025057876482605934,0,-0.0176,0.0224
Gabriel Carriere,SJS,8484887,8,0.0023575988598167896,0.0025057876482605934,0,-0.0176,0.0224
8476861,,8476861,0,-0.004811044782400131,-0.004197319038212299,0,-0.0248,0.0152
8476861,,8476861,1,-0.004818234127014875,-0.004197319038212299,0,-0.0248,0.0152
8476861,,8476861,2,-0.0048225088976323605,-0.004197319038212299,0,-0.0248,0.0152
8476861,,8476861,3,-0.004826388321816921,-0.004197319038212299,0,-0.0248,0.0152
8476861,,8476861,4,-0.004827109631150961,-0.004197319038212299,0,-0.0248,0.0152
8476861,,8476861,5,-0.004825000185519457,-0.004197319038212299,0,-0.0248,0.0152
8476861,,8476861,6,-0.004822959657758474,-0.004197319038212299,0,-0.0248,0.0152
8476861,,8476861,7,-0.004819410853087902,-0.004197319038212299,0,-0.0248,0.0152
8476861,,8476861,8,-0.004819546360522509,-0.004197319038212299,0,-0.0248,0.0152
Joey Daccord,SEA,8478916,0,0.030777784064412117,0.028803206980228424,0,0.0108,0.0508
Joey Daccord,SEA,8478916,1,0.030770376324653625,0.028803206980228424,0,0.0108,0.0508
Joey Daccord,SEA,8478916,2,0.030765406787395477,0.028803206980228424,0,0.0108,0.0508
Joey Daccord,SEA,8478916,3,0.03076389618217945,0.028803206980228424,0,0.0108,0.0508
Joey Daccord,SEA,8478916,4,0.030759310349822044,0.028803206980228424,0,0.0108,0.0508
Joey Daccord,SEA,8478916,5,0.030765289440751076,0.028803206980228424,0,0.0108,0.0508
Joey Daccord,SEA,8478916,6,0.030764922499656677,0.028803206980228424,0,0.0108,0.0508
Joey Daccord,SEA,8478916,7,0.03076990880072117,0.028803206980228424,0,0.0108,0.0508
Joey Daccord,SEA,8478916,8,0.030768999829888344,0.028803206980228424,0,0.0108,0.0508
Arturs Silovs,PIT,8481668,0,-0.04617336392402649,-0.031346552073955536,0,-0.0662,-0.0262
Arturs Silovs,PIT,8481668,1,-0.04609301686286926,-0.031346552073955536,24,-0.0502,-0.042
Arturs Silovs,PIT,8481668,2,-0.045976147055625916,-0.031346552073955536,70,-0.0484,-0.0436
Arturs Silovs,PIT,8481668,3,-0.04598601162433624,-0.031346552073955536,0,-0.066,-0.026
Arturs Silovs,PIT,8481668,4,-0.04598194733262062,-0.031346552073955536,0,-0.066,-0.026
Arturs Silovs,PIT,8481668,5,-0.04598323255777359,-0.031346552073955536,0,-0.066,-0.026
Arturs Silovs,PIT,8481668,6,-0.04597875848412514,-0.031346552073955536,0,-0.066,-0.026
Arturs Silovs,PIT,8481668,7,-0.045976195484399796,-0.031346552073955536,0,-0.066,-0.026
Arturs Silovs,PIT,8481668,8,-0.045976072549819946,-0.031346552073955536,0,-0.066,-0.026
Joel Hofer,STL,8480981,0,0.024088984355330467,0.011907882988452911,0,0.0041,0.0441
Joel Hofer,STL,8480981,1,0.024081261828541756,0.011907882988452911,0,0.0041,0.0441
Joel Hofer,STL,8480981,2,0.024078369140625,0.011907882988452911,0,0.0041,0.0441
Joel Hofer,STL,8480981,3,0.024072879925370216,0.011907882988452911,0,0.0041,0.0441
Joel Hofer,STL,8480981,4,0.02407435141503811,0.011907882988452911,0,0.0041,0.0441
Joel Hofer,STL,8480981,5,0.024073928594589233,0.011907882988452911,0,0.0041,0.0441
Joel Hofer,STL,8480981,6,0.0240778885781765,0.011907882988452911,0,0.0041,0.0441
Joel Hofer,STL,8480981,7,0.02408062294125557,0.011907882988452911,0,0.0041,0.0441
Joel Hofer,STL,8480981,8,0.024081097915768623,0.011907882988452911,0,0.0041,0.0441
Elvis Merzlikins,CBJ,8478007,0,0.0020792270079255104,0.0006139405886642635,0,-0.0179,0.0221
Elvis Merzlikins,CBJ,8478007,1,0.002072429982945323,0.0006139405886642635,0,-0.0179,0.0221
Elvis Merzlikins,CBJ,8478007,2,0.002067979658022523,0.0006139405886642635,0,-0.0179,0.0221
Elvis Merzlikins,CBJ,8478007,3,0.002064221305772662,0.0006139405886642635,0,-0.0179,0.0221
Elvis Merzlikins,CBJ,8478007,4,0.0020634846296161413,0.0006139405886642635,0,-0.0179,0.0221
Elvis Merzlikins,CBJ,8478007,5,0.0020656809210777283,0.0006139405886642635,0,-0.0179,0.0221
Elvis Merzlikins,CBJ,8478007,6,0.002067845780402422,0.0006139405886642635,0,-0.0179,0.0221
Elvis Merzlikins,CBJ,8478007,7,0.0020707331132143736,0.0006139405886642635,0,-0.0179,0.0221
Elvis Merzlikins,CBJ,8478007,8,0.0020717685110867023,0.0006139405886642635,0,-0.0179,0.0221
Zach Sawchenko,CBJ,8479313,0,-0.001135868951678276,-0.0003781085251830518,0,-0.0211,0.0189
Zach Sawchenko,CBJ,8479313,1,-0.0011428727302700281,-0.0003781085251830518,0,-0.0211,0.0189
Zach Sawchenko,CBJ,8479313,2,-0.0011471986072137952,-0.0003781085251830518,0,-0.0211,0.0189
Zach Sawchenko,CBJ,8479313,3,-0.0011511339107528329,-0.0003781085251830518,0,-0.0212,0.0188
Zach Sawchenko,CBJ,8479313,4,-0.001151564298197627,-0.0003781085251830518,0,-0.0212,0.0188
Zach Sawchenko,CBJ,8479313,5,-0.0011497574159875512,-0.0003781085251830518,0,-0.0211,0.0189
Zach Sawchenko,CBJ,8479313,6,-0.0011473316699266434,-0.0003781085251830518,0,-0.0211,0.0189
Zach Sawchenko,CBJ,8479313,7,-0.0011444739066064358,-0.0003781085251830518,0,-0.0211,0.0189
Zach Sawchenko,CBJ,8479313,8,-0.0011436284985393286,-0.0003781085251830518,0,-0.0211,0.0189
Logan Thompson,WSH,8480313,0,0.10517395287752151,0.08257044106721878,0,0.0852,0.1252
Logan Thompson,WSH,8480313,1,0.10515858978033066,0.08257044106721878,0,0.0852,0.1252
Logan Thompson,WSH,8480313,2,0.10516192764043808,0.08257044106721878,0,0.0852,0.1252
Logan Thompson,WSH,8480313,3,0.10515037178993225,0.08257044106721878,0,0.0852,0.1252
Logan Thompson,WSH,8480313,4,0.10515686124563217,0.08257044106721878,0,0.0852,0.1252
Logan Thompson,WSH,8480313,5,0.10515592247247696,0.08257044106721878,0,0.0852,0.1252
Logan Thompson,WSH,8480313,6,0.10515762865543365,0.08257044106721878,0,0.0852,0.1252
Logan Thompson,WSH,8480313,7,0.10516123473644257,0.08257044106721878,0,0.0852,0.1252
Logan Thompson,WSH,8480313,8,0.10516205430030823,0.08257044106721878,0,0.0852,0.1252
Petr Mrazek,ANA,8475852,0,-0.0404411219060421,-0.03352531045675278,0,-0.0604,-0.0204
Petr Mrazek,ANA,8475852,1,-0.040446799248456955,-0.03352531045675278,0,-0.0604,-0.0204
Petr Mrazek,ANA,8475852,2,-0.040452465415000916,-0.03352531045675278,0,-0.0605,-0.0205
Petr Mrazek,ANA,8475852,3,-0.04045536369085312,-0.03352531045675278,0,-0.0605,-0.0205
Petr Mrazek,ANA,8475852,4,-0.040456149727106094,-0.03352531045675278,0,-0.0605,-0.0205
Petr Mrazek,ANA,8475852,5,-0.040454667061567307,-0.03352531045675278,0,-0.0605,-0.0205
Petr Mrazek,ANA,8475852,6,-0.040451228618621826,-0.03352531045675278,0,-0.0605,-0.0205
Petr Mrazek,ANA,8475852,7,-0.04044901207089424,-0.03352531045675278,0,-0.0604,-0.0204
Petr Mrazek,ANA,8475852,8,-0.04044853895902634,-0.03352531045675278,0,-0.0604,-0.0204
Ville Husso,ANA,8478024,0,-0.022424284368753433,-0.010965202003717422,0,-0.0424,-0.0024
Ville Husso,ANA,8478024,1,-0.022345084697008133,-0.010965202003717422,0,-0.0423,-0.0023
Ville Husso,ANA,8478024,2,-0.022250298410654068,-0.010965202003717422,13,-0.0278,-0.0168
Ville Husso,ANA,8478024,3,-0.022252315655350685,-0.010965202003717422,25,-0.0263,-0.0183
Ville Husso,ANA,8478024,4,-0.022250015288591385,-0.010965202003717422,0,-0.0423,-0.0023
Ville Husso,ANA,8478024,5,-0.02224835939705372,-0.010965202003717422,0,-0.0422,-0.0022
Ville Husso,ANA,8478024,6,-0.022248204797506332,-0.010965202003717422,0,-0.0422,-0.0022
Ville Husso,ANA,8478024,7,-0.022241488099098206,-0.010965202003717422,0,-0.0422,-0.0022
Ville Husso,ANA,8478024,8,-0.022243954241275787,-0.010965202003717422,0,-0.0422,-0.0022
Sebastian Cossa,DET,8482657,0,-0.0055922288447618484,-0.00464481208473444,0,-0.0256,0.0144
Sebastian Cossa,DET,8482657,1,-0.005599625408649445,-0.00464481208473444,0,-0.0256,0.0144
Sebastian Cossa,DET,8482657,2,-0.005603373050689697,-0.00464481208473444,0,-0.0256,0.0144
Sebastian Cossa,DET,8482657,3,-0.005608025006949902,-0.00464481208473444,0,-0.0256,0.0144
Sebastian Cossa,DET,8482657,4,-0.005607875529676676,-0.00464481208473444,0,-0.0256,0.0144
Sebastian Cossa,DET,8482657,5,-0.005606367252767086,-0.00464481208473444,0,-0.0256,0.0144
Sebastian Cossa,DET,8482657,6,-0.005603890400379896,-0.00464481208473444,0,-0.0256,0.0144
Sebastian Cossa,DET,8482657,7,-0.005601204931735992,-0.00464481208473444,0,-0.0256,0.0144
Sebastian Cossa,DET,8482657,8,-0.005600259639322758,-0.00464481208473444,0,-0.0256,0.0144
8483611,,8483611,0,-0.0027701337821781635,-0.0021576588042080402,0,-0.0228,0.0172
8483611,,8483611,1,-0.0027772453613579273,-0.0021576588042080402,0,-0.0228,0.0172
8483611,,8483611,2,-0.0027814004570245743,-0.0021576588042080402,0,-0.0228,0.0172
8483611,,8483611,3,-0.0027856382075697184,-0.0021576588042080402,0,-0.0228,0.0172
8483611,,8483611,4,-0.0027856596279889345,-0.0021576588042080402,0,-0.0228,0.0172
8483611,,8483611,5,-0.00278434413485229,-0.0021576588042080402,0,-0.0228,0.0172
8483611,,8483611,6,-0.0027815410867333412,-0.0021576588042080402,0,-0.0228,0.0172
8483611,,8483611,7,-0.002778941998258233,-0.0021576588042080402,0,-0.0228,0.0172
8483611,,8483611,8,-0.002778082387521863,-0.0021576588042080402,0,-0.0228,0.0172
Stuart Skinner,PIT,8479973,0,0.01721794903278351,0.00916111096739769,29,0.0135,0.0209
Stuart Skinner,PIT,8479973,1,0.017146814614534378,0.00916111096739769,47,0.0142,0.02
Stuart Skinner,PIT,8479973,2,0.017140189185738564,0.00916111096739769,0,-0.0029,0.0371
Stuart Skinner,PIT,8479973,3,0.017139721661806107,0.00916111096739769,0,-0.0029,0.0371
Stuart Skinner,PIT,8479973,4,0.01713496260344982,0.00916111096739769,0,-0.0029,0.0371
Stuart Skinner,PIT,8479973,5,0.017141291871666908,0.00916111096739769,0,-0.0029,0.0371
Stuart Skinner,PIT,8479973,6,0.017139365896582603,0.00916111096739769,0,-0.0029,0.0371
Stuart Skinner,PIT,8479973,7,0.017146775498986244,0.00916111096739769,0,-0.0029,0.0371
Stuart Skinner,PIT,8479973,8,0.017144136130809784,0.00916111096739769,0,-0.0029,0.0371
Filip Gustavsson,MIN,8479406,0,0.006807978264987469,0.022125454619526863,0,-0.0132,0.0268
Filip Gustavsson,MIN,8479406,1,0.006704075261950493,0.022125454619526863,0,-0.0133,0.0267
Filip Gustavsson,MIN,8479406,2,0.006604867056012154,0.022125454619526863,0,-0.0134,0.0266
Filip Gustavsson,MIN,8479406,3,0.006506701931357384,0.022125454619526863,20,0.002,0.011
Filip Gustavsson,MIN,8479406,4,0.006505698896944523,0.022125454619526863,0,-0.0135,0.0265
Filip Gustavsson,MIN,8479406,5,0.006507225800305605,0.022125454619526863,0,-0.0135,0.0265
Filip Gustavsson,MIN,8479406,6,0.006510147359222174,0.022125454619526863,0,-0.0135,0.0265
Filip Gustavsson,MIN,8479406,7,0.006512839812785387,0.022125454619526863,0,-0.0135,0.0265
Filip Gustavsson,MIN,8479406,8,0.006513703148812056,0.022125454619526863,0,-0.0135,0.0265
Jake Oettinger,DAL,8479979,0,0.028170932084321976,0.02570762112736702,27,0.0244,0.032
Jake Oettinger,DAL,8479979,1,0.027937063947319984,0.02570762112736702,117,0.0261,0.0297
Jake Oettinger,DAL,8479979,2,0.02772367373108864,0.02570762112736702,52,0.0249,0.0305
Jake Oettinger,DAL,8479979,3,0.027720071375370026,0.02570762112736702,0,0.0077,0.0477
Jake Oettinger,DAL,8479979,4,0.02771877497434616,0.02570762112736702,0,0.0077,0.0477
Jake Oettinger,DAL,8479979,5,0.02772112376987934,0.02570762112736702,0,0.0077,0.0477
Jake Oettinger,DAL,8479979,6,0.02772335149347782,0.02570762112736702,0,0.0077,0.0477
Jake Oettinger,DAL,8479979,7,0.027726607397198677,0.02570762112736702,0,0.0077,0.0477
Jake Oettinger,DAL,8479979,8,0.02772708237171173,0.02570762112736702,0,0.0077,0.0477
Darcy Kuemper,LAK,8475311,0,0.025011815130710602,0.03726359084248543,0,0.005,0.045
Darcy Kuemper,LAK,8475311,1,0.025003105401992798,0.03726359084248543,0,0.005,0.045
Darcy Kuemper,LAK,8475311,2,0.024999352172017097,0.03726359084248543,0,0.005,0.045
Darcy Kuemper,LAK,8475311,3,0.024995246902108192,0.03726359084248543,0,0.005,0.045
Darcy Kuemper,LAK,8475311,4,0.0249949898570776,0.03726359084248543,0,0.005,0.045
Darcy Kuemper,LAK,8475311,5,0.024996470659971237,0.03726359084248543,0,0.005,0.045
Darcy Kuemper,LAK,8475311,6,0.024999912828207016,0.03726359084248543,0,0.005,0.045
Darcy Kuemper,LAK,8475311,7,0.025000572204589844,0.03726359084248543,0,0.005,0.045
Darcy Kuemper,LAK,8475311,8,0.025003813207149506,0.03726359084248543,0,0.005,0.045
8478492,,8478492,0,-0.001399174565449357,-0.0007897511241026223,0,-0.0214,0.0186
8478492,,8478492,1,-0.001406269846484065,-0.0007897511241026223,0,-0.0214,0.0186
8478492,,8478492,2,-0.001410521799698472,-0.0007897511241026223,0,-0.0214,0.0186
8478492,,8478492,3,-0.0014144501183182001,-0.0007897511241026223,0,-0.0214,0.0186
8478492,,8478492,4,-0.001414908329024911,-0.0007897511241026223,0,-0.0214,0.0186
8478492,,8478492,5,-0.001413044985383749,-0.0007897511241026223,0,-0.0214,0.0186
8478492,,8478492,6,-0.001410662429407239,-0.0007897511241026223,0,-0.0214,0.0186
8478492,,8478492,7,-0.0014077362138777971,-0.0007897511241026223,0,-0.0214,0.0186
8478492,,8478492,8,-0.0014068514574319124,-0.0007897511241026223,0,-0.0214,0.0186
8478433,,8478433,0,-0.004544765688478947,-0.003931841813027859,0,-0.0245,0.0155
8478433,,8478433,1,-0.004551770631223917,-0.003931841813027859,0,-0.0246,0.0154
8478433,,8478433,2,-0.004556338768452406,-0.003931841813027859,0,-0.0246,0.0154
8478433,,8478433,3,-0.004559906665235758,-0.003931841813027859,0,-0.0246,0.0154
8478433,,8478433,4,-0.004560881294310093,-0.003931841813027859,0,-0.0246,0.0154
8478433,,8478433,5,-0.004558376036584377,-0.003931841813027859,0,-0.0246,0.0154
8478433,,8478433,6,-0.004556980449706316,-0.003931841813027859,0,-0.0246,0.0154
8478433,,8478433,7,-0.004552867263555527,-0.003931841813027859,0,-0.0246,0.0154
8478433,,8478433,8,-0.0045531317591667175,-0.003931841813027859,0,-0.0246,0.0154
Linus Ullmark,OTT,8476999,0,-0.0025869884993880987,-0.01504329964518547,36,-0.0059,0.0007
Linus Ullmark,OTT,8476999,1,-0.002189162652939558,-0.01504329964518547,143,-0.0039,-0.0005
Linus Ullmark,OTT,8476999,2,-0.002193137537688017,-0.01504329964518547,0,-0.0222,0.0178
Linus Ullmark,OTT,8476999,3,-0.0021976069547235966,-0.01504329964518547,0,-0.0222,0.0178
Linus Ullmark,OTT,8476999,4,-0.002197670517489314,-0.01504329964518547,0,-0.0222,0.0178
Linus Ullmark,OTT,8476999,5,-0.002195818582549691,-0.01504329964518547,0,-0.0222,0.0178
Linus Ullmark,OTT,8476999,6,-0.002193587366491556,-0.01504329964518547,0,-0.0222,0.0178
Linus Ullmark,OTT,8476999,7,-0.00219069910235703,-0.01504329964518547,0,-0.0222,0.0178
Linus Ullmark,OTT,8476999,8,-0.0021896311081945896,-0.01504329964518547,0,-0.0222,0.0178
8474682,,8474682,0,-0.007359668612480164,-0.006746205966919661,0,-0.0274,0.0126
8474682,,8474682,1,-0.007366458419710398,-0.006746205966919661,0,-0.0274,0.0126
8474682,,8474682,2,-0.007370810490101576,-0.006746205966919661,0,-0.0274,0.0126
8474682,,8474682,3,-0.007374984677881002,-0.006746205966919661,0,-0.0274,0.0126
8474682,,8474682,4,-0.007375224027782679,-0.006746205966919661,0,-0.0274,0.0126
8474682,,8474682,5,-0.007373282220214605,-0.006746205966919661,0,-0.0274,0.0126
8474682,,8474682,6,-0.0073714107275009155,-0.006746205966919661,0,-0.0274,0.0126
8474682,,8474682,7,-0.007367730140686035,-0.006746205966919661,0,-0.0274,0.0126
8474682,,8474682,8,-0.007367778103798628,-0.006746205966919661,0,-0.0274,0.0126
Samuel Ersson,PHI,8481035,0,-0.060503315180540085,-0.05092495307326317,0,-0.0805,-0.0405
Samuel Ersson,PHI,8481035,1,-0.06050751358270645,-0.05092495307326317,0,-0.0805,-0.0405
Samuel Ersson,PHI,8481035,2,-0.06051594763994217,-0.05092495307326317,0,-0.0805,-0.0405
Samuel Ersson,PHI,8481035,3,-0.0605153888463974,-0.05092495307326317,0,-0.0805,-0.0405
Samuel Ersson,PHI,8481035,4,-0.06051824614405632,-0.05092495307326317,0,-0.0805,-0.0405
Samuel Ersson,PHI,8481035,5,-0.06051745265722275,-0.05092495307326317,0,-0.0805,-0.0405
Samuel Ersson,PHI,8481035,6,-0.060511596500873566,-0.05092495307326317,0,-0.0805,-0.0405
Samuel Ersson,PHI,8481035,7,-0.06051284074783325,-0.05092495307326317,0,-0.0805,-0.0405
Samuel Ersson,PHI,8481035,8,-0.060508906841278076,-0.05092495307326317,0,-0.0805,-0.0405
Lukas Dostal,ANA,8480843,0,0.007535114884376526,0.020460397005081177,0,-0.0125,0.0275
Lukas Dostal,ANA,8480843,1,0.007022923789918423,0.020460397005081177,138,0.0053,0.0087
Lukas Dostal,ANA,8480843,2,0.0069009531289339066,0.020460397005081177,52,0.0041,0.0097
Lukas Dostal,ANA,8480843,3,0.0069613466039299965,0.020460397005081177,79,0.0047,0.0093
Lukas Dostal,ANA,8480843,4,0.006958266254514456,0.020460397005081177,79,0.0047,0.0093
Lukas Dostal,ANA,8480843,5,0.006960684433579445,0.020460397005081177,0,-0.013,0.027
Lukas Dostal,ANA,8480843,6,0.0069620488211512566,0.020460397005081177,0,-0.013,0.027
Lukas Dostal,ANA,8480843,7,0.006966126151382923,0.020460397005081177,0,-0.013,0.027
Lukas Dostal,ANA,8480843,8,0.006966124288737774,0.020460397005081177,0,-0.013,0.027
Alex Lyon,BUF,8479312,0,0.02463744953274727,0.009169867262244225,0,0.0046,0.0446
Alex Lyon,BUF,8479312,1,0.024738462641835213,0.009169867262244225,59,0.0221,0.0273
Alex Lyon,BUF,8479312,2,0.0246347114443779,0.009169867262244225,70,0.0222,0.027
Alex Lyon,BUF,8479312,3,0.024412978440523148,0.009169867262244225,91,0.0223,0.0265
Alex Lyon,BUF,8479312,4,0.024355603381991386,0.009169867262244225,5,0.0155,0.0333
Alex Lyon,BUF,8479312,5,0.024360626935958862,0.009169867262244225,0,0.0044,0.0444
Alex Lyon,BUF,8479312,6,0.02435922436416149,0.009169867262244225,0,0.0044,0.0444
Alex Lyon,BUF,8479312,7,0.024364903569221497,0.009169867262244225,0,0.0044,0.0444
Alex Lyon,BUF,8479312,8,0.02436451055109501,0.009169867262244225,0,0.0044,0.0444
Arvid Soderblom,CHI,8482821,0,-0.05055149272084236,-0.03760997951030731,0,-0.0706,-0.0306
Arvid Soderblom,CHI,8482821,1,-0.05055265501141548,-0.03760997951030731,0,-0.0706,-0.0306
Arvid Soderblom,CHI,8482821,2,-0.05056004226207733,-0.03760997951030731,0,-0.0706,-0.0306
Arvid Soderblom,CHI,8482821,3,-0.05056362599134445,-0.03760997951030731,0,-0.0706,-0.0306
Arvid Soderblom,CHI,8482821,4,-0.050562672317028046,-0.03760997951030731,0,-0.0706,-0.0306
Arvid Soderblom,CHI,8482821,5,-0.05056222528219223,-0.03760997951030731,0,-0.0706,-0.0306
Arvid Soderblom,CHI,8482821,6,-0.050558436661958694,-0.03760997951030731,0,-0.0706,-0.0306
Arvid Soderblom,CHI,8482821,7,-0.05055725574493408,-0.03760997951030731,0,-0.0706,-0.0306
Arvid Soderblom,CHI,8482821,8,-0.05055505037307739,-0.03760997951030731,0,-0.0706,-0.0306
Cam Talbot,DET,8475660,0,-0.007432403974235058,0.013152371160686016,0,-0.0274,0.0126
Cam Talbot,DET,8475660,1,-0.007439793553203344,0.013152371160686016,0,-0.0274,0.0126
Cam Talbot,DET,8475660,2,-0.007443977985531092,0.013152371160686016,0,-0.0274,0.0126
Cam Talbot,DET,8475660,3,-0.00744764506816864,0.013152371160686016,0,-0.0274,0.0126
Cam Talbot,DET,8475660,4,-0.007448507007211447,0.013152371160686016,0,-0.0274,0.0126
Cam Talbot,DET,8475660,5,-0.007446198258548975,0.013152371160686016,0,-0.0274,0.0126
Cam Talbot,DET,8475660,6,-0.007444356102496386,0.013152371160686016,0,-0.0274,0.0126
Cam Talbot,DET,8475660,7,-0.007440752815455198,0.013152371160686016,0,-0.0274,0.0126
Cam Talbot,DET,8475660,8,-0.0074404082261025906,0.013152371160686016,0,-0.0274,0.0126
Daniil Tarasov,FLA,8480193,0,-0.02572127990424633,-0.026326987892389297,0,-0.0457,-0.0057
Daniil Tarasov,FLA,8480193,1,-0.025732601061463356,-0.026326987892389297,0,-0.0457,-0.0057
Daniil Tarasov,FLA,8480193,2,-0.02573254704475403,-0.026326987892389297,0,-0.0457,-0.0057
Daniil Tarasov,FLA,8480193,3,-0.02574080601334572,-0.026326987892389297,0,-0.0457,-0.0057
Daniil Tarasov,FLA,8480193,4,-0.025737082585692406,-0.026326987892389297,0,-0.0457,-0.0057
Daniil Tarasov,FLA,8480193,5,-0.025739237666130066,-0.026326987892389297,0,-0.0457,-0.0057
Daniil Tarasov,FLA,8480193,6,-0.025732852518558502,-0.026326987892389297,0,-0.0457,-0.0057
Daniil Tarasov,FLA,8480193,7,-0.025733405724167824,-0.026326987892389297,0,-0.0457,-0.0057
Daniil Tarasov,FLA,8480193,8,-0.02573050931096077,-0.026326987892389297,0,-0.0457,-0.0057
Charlie Lindgren,WSH,8479292,0,-0.030885491520166397,-0.020230483263731003,0,-0.0509,-0.0109
Charlie Lindgren,WSH,8479292,1,-0.030891166999936104,-0.020230483263731003,0,-0.0509,-0.0109
Charlie Lindgren,WSH,8479292,2,-0.0308961383998394,-0.020230483263731003,0,-0.0509,-0.0109
Charlie Lindgren,WSH,8479292,3,-0.03089972399175167,-0.020230483263731003,0,-0.0509,-0.0109
Charlie Lindgren,WSH,8479292,4,-0.030901024118065834,-0.020230483263731003,0,-0.0509,-0.0109
Charlie Lindgren,WSH,8479292,5,-0.03089763969182968,-0.020230483263731003,0,-0.0509,-0.0109
Charlie Lindgren,WSH,8479292,6,-0.03089679591357708,-0.020230483263731003,0,-0.0509,-0.0109
Charlie Lindgren,WSH,8479292,7,-0.030893022194504738,-0.020230483263731003,0,-0.0509,-0.0109
Charlie Lindgren,WSH,8479292,8,-0.030892375856637955,-0.020230483263731003,0,-0.0509,-0.0109
8483805,,8483805,0,-0.0004605376161634922,0.000149342609802261,0,-0.0205,0.0195
8483805,,8483805,1,-0.0004675837408285588,0.000149342609802261,0,-0.0205,0.0195
8483805,,8483805,2,-0.00047186811571009457,0.000149342609802261,0,-0.0205,0.0195
8483805,,8483805,3,-0.000475807988550514,0.000149342609802261,0,-0.0205,0.0195
8483805,,8483805,4,-0.00047622661804780364,0.000149342609802261,0,-0.0205,0.0195
8483805,,8483805,5,-0.00047442171489819884,0.000149342609802261,0,-0.0205,0.0195
8483805,,8483805,6,-0.0004719993157777935,0.000149342609802261,0,-0.0205,0.0195
8483805,,8483805,7,-0.00046909740194678307,0.000149342609802261,0,-0.0205,0.0195
8483805,,8483805,8,-0.0004682456492446363,0.000149342609802261,0,-0.0205,0.0195
Frederik Andersen,CAR,8475883,0,0.016655247658491135,0.012984314002096653,25,0.0127,0.0207
Frederik Andersen,CAR,8475883,1,0.01691552624106407,0.012984314002096653,119,0.0151,0.0187
Frederik Andersen,CAR,8475883,2,0.016605902463197708,0.012984314002096653,19,0.012,0.0212
Frederik Andersen,CAR,8475883,3,0.016178160905838013,0.012984314002096653,78,0.0139,0.0185
Frederik Andersen,CAR,8475883,4,0.015508205629885197,0.012984314002096653,0,-0.0045,0.0355
Frederik Andersen,CAR,8475883,5,0.014842530712485313,0.012984314002096653,48,0.0119,0.0177
Frederik Andersen,CAR,8475883,6,0.014473666436970234,0.012984314002096653,26,0.0106,0.0184
Frederik Andersen,CAR,8475883,7,0.014069557189941406,0.012984314002096653,82,0.0119,0.0163
Frederik Andersen,CAR,8475883,8,0.014068042859435081,0.012984314002096653,0,-0.0059,0.0341
Alexandar Georgiev,,8480382,0,-0.0295866746455431,-0.029901184141635895,0,-0.0496,-0.0096
Alexandar Georgiev,,8480382,1,-0.02959286794066429,-0.029901184141635895,0,-0.0496,-0.0096
Alexandar Georgiev,,8480382,2,-0.02959766611456871,-0.029901184141635895,0,-0.0496,-0.0096
Alexandar Georgiev,,8480382,3,-0.029601773247122765,-0.029901184141635895,0,-0.0496,-0.0096
Alexandar Georgiev,,8480382,4,-0.02960151620209217,-0.029901184141635895,0,-0.0496,-0.0096
Alexandar Georgiev,,8480382,5,-0.029600035399198532,-0.029901184141635895,0,-0.0496,-0.0096
Alexandar Georgiev,,8480382,6,-0.029597632586956024,-0.029901184141635895,0,-0.0496,-0.0096
Alexandar Georgiev,,8480382,7,-0.02959507144987583,-0.029901184141635895,0,-0.0496,-0.0096
Alexandar Georgiev,,8480382,8,-0.029593732208013535,-0.029901184141635895,0,-0.0496,-0.0096
8480867,,8480867,0,-0.0006549234385602176,-4.4684249587589875e-05,0,-0.0207,0.0193
8480867,,8480867,1,-0.0006619784981012344,-4.4684249587589875e-05,0,-0.0207,0.0193
8480867,,8480867,2,-0.0006662705563940108,-4.4684249587589875e-05,0,-0.0207,0.0193
8480867,,8480867,3,-0.0006701978854835033,-4.4684249587589875e-05,0,-0.0207,0.0193
8480867,,8480867,4,-0.0006706418935209513,-4.4684249587589875e-05,0,-0.0207,0.0193
8480867,,8480867,5,-0.0006688127177767456,-4.4684249587589875e-05,0,-0.0207,0.0193
8480867,,8480867,6,-0.0006664141546934843,-4.4684249587589875e-05,0,-0.0207,0.0193
8480867,,8480867,7,-0.0006635047029703856,-4.4684249587589875e-05,0,-0.0207,0.0193
8480867,,8480867,8,-0.000662678387016058,-4.4684249587589875e-05,0,-0.0207,0.0193
8484835,,8484835,0,0.002188086975365877,0.002796074142679572,0,-0.0178,0.0222
8484835,,8484835,1,0.0021811805199831724,0.002796074142679572,0,-0.0178,0.0222
8484835,,8484835,2,0.0021769206505268812,0.002796074142679572,0,-0.0178,0.0222
8484835,,8484835,3,0.002173003973439336,0.002796074142679572,0,-0.0178,0.0222
8484835,,8484835,4,0.002172409323975444,0.002796074142679572,0,-0.0178,0.0222
8484835,,8484835,5,0.0021745720878243446,0.002796074142679572,0,-0.0178,0.0222
8484835,,8484835,6,0.002176614012569189,0.002796074142679572,0,-0.0178,0.0222
8484835,,8484835,7,0.00217980844900012,0.002796074142679572,0,-0.0178,0.0222
8484835,,8484835,8,0.0021806727163493633,0.002796074142679572,0,-0.0178,0.0222
Marc-Andre Fleury,,8470594,0,-0.0016953273443505168,-0.0013159159570932388,0,-0.0217,0.0183
Marc-Andre Fleury,,8470594,1,-0.0017024858389049768,-0.0013159159570932388,0,-0.0217,0.0183
Marc-Andre Fleury,,8470594,2,-0.0017066048458218575,-0.0013159159570932388,0,-0.0217,0.0183
Marc-Andre Fleury,,8470594,3,-0.0017107130261138082,-0.0013159159570932388,0,-0.0217,0.0183
Marc-Andre Fleury,,8470594,4,-0.0017110195476561785,-0.0013159159570932388,0,-0.0217,0.0183
Marc-Andre Fleury,,8470594,5,-0.001709301257506013,-0.0013159159570932388,0,-0.0217,0.0183
Marc-Andre Fleury,,8470594,6,-0.0017067809822037816,-0.0013159159570932388,0,-0.0217,0.0183
Marc-Andre Fleury,,8470594,7,-0.0017040027305483818,-0.0013159159570932388,0,-0.0217,0.0183
Marc-Andre Fleury,,8470594,8,-0.0017030647723004222,-0.0013159159570932388,0,-0.0217,0.0183
Connor Hellebuyck,WPG,8476945,0,0.013499739579856396,0.02807183377444744,0,-0.0065,0.0335
Connor Hellebuyck,WPG,8476945,1,0.013491487130522728,0.02807183377444744,0,-0.0065,0.0335
Connor Hellebuyck,WPG,8476945,2,0.013487298041582108,0.02807183377444744,0,-0.0065,0.0335
Connor Hellebuyck,WPG,8476945,3,0.01348405797034502,0.02807183377444744,0,-0.0065,0.0335
Connor Hellebuyck,WPG,8476945,4,0.01348293200135231,0.02807183377444744,0,-0.0065,0.0335
Connor Hellebuyck,WPG,8476945,5,0.013485368341207504,0.02807183377444744,0,-0.0065,0.0335
Connor Hellebuyck,WPG,8476945,6,0.013486992567777634,0.02807183377444744,0,-0.0065,0.0335
Connor Hellebuyck,WPG,8476945,7,0.013490854762494564,0.02807183377444744,0,-0.0065,0.0335
Connor Hellebuyck,WPG,8476945,8,0.013490896672010422,0.02807183377444744,0,-0.0065,0.0335
Thomas Milic,WPG,8483114,0,-0.008143153972923756,-0.004995576571673155,0,-0.0281,0.0119
Thomas Milic,WPG,8483114,1,-0.008149607107043266,-0.004995576571673155,0,-0.0281,0.0119
Thomas Milic,WPG,8483114,2,-0.008154572919011116,-0.004995576571673155,0,-0.0282,0.0118
Thomas Milic,WPG,8483114,3,-0.008158061653375626,-0.004995576571673155,0,-0.0282,0.0118
Thomas Milic,WPG,8483114,4,-0.00815891195088625,-0.004995576571673155,0,-0.0282,0.0118
Thomas Milic,WPG,8483114,5,-0.008156758733093739,-0.004995576571673155,0,-0.0282,0.0118
Thomas Milic,WPG,8483114,6,-0.00815458782017231,-0.004995576571673155,0,-0.0282,0.0118
Thomas Milic,WPG,8483114,7,-0.008151601068675518,-0.004995576571673155,0,-0.0282,0.0118
Thomas Milic,WPG,8483114,8,-0.008151045069098473,-0.004995576571673155,0,-0.0282,0.0118
Adin Hill,VGK,8478499,0,-0.03615952283143997,-0.019550573080778122,0,-0.0562,-0.0162
Adin Hill,VGK,8478499,1,-0.03616277128458023,-0.019550573080778122,0,-0.0562,-0.0162
Adin Hill,VGK,8478499,2,-0.03617016598582268,-0.019550573080778122,0,-0.0562,-0.0162
Adin Hill,VGK,8478499,3,-0.03616993874311447,-0.019550573080778122,0,-0.0562,-0.0162
Adin Hill,VGK,8478499,4,-0.036174874752759933,-0.019550573080778122,0,-0.0562,-0.0162
Adin Hill,VGK,8478499,5,-0.03617096692323685,-0.019550573080778122,0,-0.0562,-0.0162
Adin Hill,VGK,8478499,6,-0.03616683557629585,-0.019550573080778122,0,-0.0562,-0.0162
Adin Hill,VGK,8478499,7,-0.03616807609796524,-0.019550573080778122,0,-0.0562,-0.0162
Adin Hill,VGK,8478499,8,-0.036163799464702606,-0.019550573080778122,0,-0.0562,-0.0162
Jaxson Stauber,UTA,8483530,0,-0.02108176425099373,-0.01959453523159027,0,-0.0411,-0.0011
Jaxson Stauber,UTA,8483530,1,-0.021089958027005196,-0.01959453523159027,0,-0.0411,-0.0011
Jaxson Stauber,UTA,8483530,2,-0.021094320341944695,-0.01959453523159027,0,-0.0411,-0.0011
Jaxson Stauber,UTA,8483530,3,-0.021097635850310326,-0.01959453523159027,0,-0.0411,-0.0011
Jaxson Stauber,UTA,8483530,4,-0.021098647266626358,-0.01959453523159027,0,-0.0411,-0.0011
Jaxson Stauber,UTA,8483530,5,-0.021096866577863693,-0.01959453523159027,0,-0.0411,-0.0011
Jaxson Stauber,UTA,8483530,6,-0.021093979477882385,-0.01959453523159027,0,-0.0411,-0.0011
Jaxson Stauber,UTA,8483530,7,-0.02109195664525032,-0.01959453523159027,0,-0.0411,-0.0011
Jaxson Stauber,UTA,8483530,8,-0.021090971305966377,-0.01959453523159027,0,-0.0411,-0.0011
Kevin Lankinen,VAN,8480947,0,-0.04900582879781723,-0.029824575409293175,0,-0.069,-0.029
Kevin Lankinen,VAN,8480947,1,-0.04901003837585449,-0.029824575409293175,0,-0.069,-0.029
Kevin Lankinen,VAN,8480947,2,-0.04901880770921707,-0.029824575409293175,0,-0.069,-0.029
Kevin Lankinen,VAN,8480947,3,-0.049017541110515594,-0.029824575409293175,0,-0.069,-0.029
Kevin Lankinen,VAN,8480947,4,-0.0490221306681633,-0.029824575409293175,0,-0.069,-0.029
Kevin Lankinen,VAN,8480947,5,-0.049018219113349915,-0.029824575409293175,0,-0.069,-0.029
Kevin Lankinen,VAN,8480947,6,-0.04901581257581711,-0.029824575409293175,0,-0.069,-0.029
Kevin Lankinen,VAN,8480947,7,-0.04901498183608055,-0.029824575409293175,0,-0.069,-0.029
Kevin Lankinen,VAN,8480947,8,-0.04901139438152313,-0.029824575409293175,0,-0.069,-0.029
Spencer Martin,NYR,8477484,0,-0.034890204668045044,-0.029507897794246674,0,-0.0549,-0.0149
Spencer Martin,NYR,8477484,1,-0.0348949171602726,-0.029507897794246674,0,-0.0549,-0.0149
Spencer Martin,NYR,8477484,2,-0.034903064370155334,-0.029507897794246674,0,-0.0549,-0.0149
Spencer Martin,NYR,8477484,3,-0.03490462899208069,-0.029507897794246674,0,-0.0549,-0.0149
Spencer Martin,NYR,8477484,4,-0.03490511327981949,-0.029507897794246674,0,-0.0549,-0.0149
Spencer Martin,NYR,8477484,5,-0.03490366041660309,-0.029507897794246674,0,-0.0549,-0.0149
Spencer Martin,NYR,8477484,6,-0.034903015941381454,-0.029507897794246674,0,-0.0549,-0.0149
Spencer Martin,NYR,8477484,7,-0.034895967692136765,-0.029507897794246674,0,-0.0549,-0.0149
Spencer Martin,NYR,8477484,8,-0.03489965200424194,-0.029507897794246674,0,-0.0549,-0.0149
Jonas Johansson,TBL,8477992,0,-0.008577822707593441,-0.0034980245400220156,0,-0.0286,0.0114
Jonas Johansson,TBL,8477992,1,-0.008584964089095592,-0.0034980245400220156,0,-0.0286,0.0114
Jonas Johansson,TBL,8477992,2,-0.008588980883359909,-0.0034980245400220156,0,-0.0286,0.0114
Jonas Johansson,TBL,8477992,3,-0.008593516424298286,-0.0034980245400220156,0,-0.0286,0.0114
Jonas Johansson,TBL,8477992,4,-0.008592911064624786,-0.0034980245400220156,0,-0.0286,0.0114
Jonas Johansson,TBL,8477992,5,-0.008592292666435242,-0.0034980245400220156,0,-0.0286,0.0114
Jonas Johansson,TBL,8477992,6,-0.008588764816522598,-0.0034980245400220156,0,-0.0286,0.0114
Jonas Johansson,TBL,8477992,7,-0.008586633019149303,-0.0034980245400220156,0,-0.0286,0.0114
Jonas Johansson,TBL,8477992,8,-0.00858546793460846,-0.0034980245400220156,0,-0.0286,0.0114
Juuse Saros,NSH,8477424,0,-0.04875504970550537,-0.03951316699385643,0,-0.0688,-0.0288
Juuse Saros,NSH,8477424,1,-0.048761844635009766,-0.03951316699385643,0,-0.0688,-0.0288
Juuse Saros,NSH,8477424,2,-0.048768892884254456,-0.03951316699385643,0,-0.0688,-0.0288
Juuse Saros,NSH,8477424,3,-0.048767633736133575,-0.03951316699385643,0,-0.0688,-0.0288
Juuse Saros,NSH,8477424,4,-0.04877464473247528,-0.03951316699385643,0,-0.0688,-0.0288
Juuse Saros,NSH,8477424,5,-0.04876657947897911,-0.03951316699385643,0,-0.0688,-0.0288
Juuse Saros,NSH,8477424,6,-0.048769719898700714,-0.03951316699385643,0,-0.0688,-0.0288
Juuse Saros,NSH,8477424,7,-0.048760924488306046,-0.03951316699385643,0,-0.0688,-0.0288
Juuse Saros,NSH,8477424,8,-0.04876495152711868,-0.03951316699385643,0,-0.0688,-0.0288
Nikita Tolopilo,VAN,8484268,0,-0.011481858789920807,-0.0012647269759327173,0,-0.0315,0.0085
Nikita Tolopilo,VAN,8484268,1,-0.01149037480354309,-0.0012647269759327173,0,-0.0315,0.0085
Nikita Tolopilo,VAN,8484268,2,-0.011492479592561722,-0.0012647269759327173,0,-0.0315,0.0085
Nikita Tolopilo,VAN,8484268,3,-0.01149848010390997,-0.0012647269759327173,0,-0.0315,0.0085
Nikita Tolopilo,VAN,8484268,4,-0.011497176252305508,-0.0012647269759327173,0,-0.0315,0.0085
Nikita Tolopilo,VAN,8484268,5,-0.011497072875499725,-0.0012647269759327173,0,-0.0315,0.0085
Nikita Tolopilo,VAN,8484268,6,-0.011492589488625526,-0.0012647269759327173,0,-0.0315,0.0085
Nikita Tolopilo,VAN,8484268,7,-0.011492273770272732,-0.0012647269759327173,0,-0.0315,0.0085
Nikita Tolopilo,VAN,8484268,8,-0.01148911938071251,-0.0012647269759327173,0,-0.0315,0.0085
Karel Vejmelka,UTA,8478872,0,0.029985997825860977,0.021741259843111038,43,0.027,0.033
Karel Vejmelka,UTA,8478872,1,0.029952308163046837,0.021741259843111038,67,0.0276,0.0324
Karel Vejmelka,UTA,8478872,2,0.029827088117599487,0.021741259843111038,133,0.0281,0.0315
Karel Vejmelka,UTA,8478872,3,0.02982146479189396,0.021741259843111038,0,0.0098,0.0498
Karel Vejmelka,UTA,8478872,4,0.029821377247571945,0.021741259843111038,0,0.0098,0.0498
Karel Vejmelka,UTA,8478872,5,0.029824068769812584,0.021741259843111038,0,0.0098,0.0498
Karel Vejmelka,UTA,8478872,6,0.029825778678059578,0.021741259843111038,0,0.0098,0.0498
Karel Vejmelka,UTA,8478872,7,0.029828689992427826,0.021741259843111038,0,0.0098,0.0498
Karel Vejmelka,UTA,8478872,8,0.029829682782292366,0.021741259843111038,0,0.0098,0.0498
8475789,,8475789,0,0.004117424599826336,0.004724765662103891,0,-0.0159,0.0241
8475789,,8475789,1,0.004110708832740784,0.004724765662103891,0,-0.0159,0.0241
8475789,,8475789,2,0.004106204491108656,0.004724765662103891,0,-0.0159,0.0241
8475789,,8475789,3,0.004102559760212898,0.004724765662103891,0,-0.0159,0.0241
8475789,,8475789,4,0.004101715516299009,0.004724765662103891,0,-0.0159,0.0241
8475789,,8475789,5,0.004104210529476404,0.004724765662103891,0,-0.0159,0.0241
8475789,,8475789,6,0.004106063395738602,0.004724765662103891,0,-0.0159,0.0241
8475789,,8475789,7,0.0041091530583798885,0.004724765662103891,0,-0.0159,0.0241
8475789,,8475789,8,0.004110364709049463,0.004724765662103891,0,-0.0159,0.0241
8479609,,8479609,0,0.004005542024970055,0.0046120332553982735,0,-0.016,0.024
8479609,,8479609,1,0.003998434636741877,0.0046120332553982735,0,-0.016,0.024
8479609,,8479609,2,0.003994274884462357,0.0046120332553982735,0,-0.016,0.024
8479609,,8479609,3,0.003990109544247389,0.0046120332553982735,0,-0.016,0.024
8479609,,8479609,4,0.003990086726844311,0.0046120332553982735,0,-0.016,0.024
8479609,,8479609,5,0.0039917160756886005,0.0046120332553982735,0,-0.016,0.024
8479609,,8479609,6,0.0039939577691257,0.0046120332553982735,0,-0.016,0.024
8479609,,8479609,7,0.003997176885604858,0.0046120332553982735,0,-0.016,0.024
8479609,,8479609,8,0.003998129162937403,0.0046120332553982735,0,-0.016,0.024
Aleksei Kolosov,PHI,8482783,0,-0.03477487340569496,-0.027904527261853218,0,-0.0548,-0.0148
Aleksei Kolosov,PHI,8482783,1,-0.0347805954515934,-0.027904527261853218,0,-0.0548,-0.0148
Aleksei Kolosov,PHI,8482783,2,-0.0347866453230381,-0.027904527261853218,0,-0.0548,-0.0148
Aleksei Kolosov,PHI,8482783,3,-0.03478888422250748,-0.027904527261853218,0,-0.0548,-0.0148
Aleksei Kolosov,PHI,8482783,4,-0.034790731966495514,-0.027904527261853218,0,-0.0548,-0.0148
Aleksei Kolosov,PHI,8482783,5,-0.03478822857141495,-0.027904527261853218,0,-0.0548,-0.0148
Aleksei Kolosov,PHI,8482783,6,-0.03478619083762169,-0.027904527261853218,0,-0.0548,-0.0148
Aleksei Kolosov,PHI,8482783,7,-0.034782253205776215,-0.027904527261853218,0,-0.0548,-0.0148
Aleksei Kolosov,PHI,8482783,8,-0.034783169627189636,-0.027904527261853218,0,-0.0548,-0.0148
Tristan Jarry,EDM,8477465,0,-0.026310669258236885,-0.021458884701132774,0,-0.0463,-0.0063
Tristan Jarry,EDM,8477465,1,-0.02628171630203724,-0.021458884701132774,39,-0.0295,-0.0231
Tristan Jarry,EDM,8477465,2,-0.026283251121640205,-0.021458884701132774,0,-0.0463,-0.0063
Tristan Jarry,EDM,8477465,3,-0.026289604604244232,-0.021458884701132774,0,-0.0463,-0.0063
Tristan Jarry,EDM,8477465,4,-0.026287609711289406,-0.021458884701132774,0,-0.0463,-0.0063
Tristan Jarry,EDM,8477465,5,-0.026288721710443497,-0.021458884701132774,0,-0.0463,-0.0063
Tristan Jarry,EDM,8477465,6,-0.026283029466867447,-0.021458884701132774,0,-0.0463,-0.0063
Tristan Jarry,EDM,8477465,7,-0.026283755898475647,-0.021458884701132774,0,-0.0463,-0.0063
Tristan Jarry,EDM,8477465,8,-0.02627982199192047,-0.021458884701132774,0,-0.0463,-0.0063
Isaac Poulter,WPG,8483659,0,-0.0038939176592975855,-0.003325684228911996,0,-0.0239,0.0161
Isaac Poulter,WPG,8483659,1,-0.0039009209722280502,-0.003325684228911996,0,-0.0239,0.0161
Isaac Poulter,WPG,8483659,2,-0.003905313555151224,-0.003325684228911996,0,-0.0239,0.0161
Isaac Poulter,WPG,8483659,3,-0.0039091832004487514,-0.003325684228911996,0,-0.0239,0.0161
Isaac Poulter,WPG,8483659,4,-0.0039097885601222515,-0.003325684228911996,0,-0.0239,0.0161
Isaac Poulter,WPG,8483659,5,-0.003907694481313229,-0.003325684228911996,0,-0.0239,0.0161
Isaac Poulter,WPG,8483659,6,-0.003905605524778366,-0.003325684228911996,0,-0.0239,0.0161
Isaac Poulter,WPG,8483659,7,-0.0039025519508868456,-0.003325684228911996,0,-0.0239,0.0161
Isaac Poulter,WPG,8483659,8,-0.00390188698656857,-0.003325684228911996,0,-0.0239,0.0161
8483426,,8483426,0,0.0004161888500675559,0.0010255106026306748,0,-0.0196,0.0204
8483426,,8483426,1,0.0004091476439498365,0.0010255106026306748,0,-0.0196,0.0204
8483426,,8483426,2,0.0004049064591526985,0.0010255106026306748,0,-0.0196,0.0204
8483426,,8483426,3,0.0004009455442428589,0.0010255106026306748,0,-0.0196,0.0204
8483426,,8483426,4,0.00040053616976365447,0.0010255106026306748,0,-0.0196,0.0204
8483426,,8483426,5,0.0004023346700705588,0.0010255106026306748,0,-0.0196,0.0204
8483426,,8483426,6,0.00040477130096405745,0.0010255106026306748,0,-0.0196,0.0204
8483426,,8483426,7,0.0004076596233062446,0.0010255106026306748,0,-0.0196,0.0204
8483426,,8483426,8,0.0004085659747943282,0.0010255106026306748,0,-0.0196,0.0204
Drew Commesso,CHI,8482123,0,-0.007899200543761253,-0.0061177341267466545,0,-0.0279,0.0121
Drew Commesso,CHI,8482123,1,-0.007906481623649597,-0.0061177341267466545,0,-0.0279,0.0121
Drew Commesso,CHI,8482123,2,-0.007910674437880516,-0.0061177341267466545,0,-0.0279,0.0121
Drew Commesso,CHI,8482123,3,-0.007914730347692966,-0.0061177341267466545,0,-0.0279,0.0121
Drew Commesso,CHI,8482123,4,-0.007915064692497253,-0.0061177341267466545,0,-0.0279,0.0121
Drew Commesso,CHI,8482123,5,-0.007913390174508095,-0.0061177341267466545,0,-0.0279,0.0121
Drew Commesso,CHI,8482123,6,-0.007910874672234058,-0.0061177341267466545,0,-0.0279,0.0121
Drew Commesso,CHI,8482123,7,-0.007908148691058159,-0.0061177341267466545,0,-0.0279,0.0121
Drew Commesso,CHI,8482123,8,-0.007907464168965816,-0.0061177341267466545,0,-0.0279,0.0121
Andrei Vasilevskiy,TBL,8476883,0,0.05351506918668747,0.04462619125843048,17,0.0486,0.0584
Andrei Vasilevskiy,TBL,8476883,1,0.05352413281798363,0.04462619125843048,77,0.0512,0.0558
Andrei Vasilevskiy,TBL,8476883,2,0.05355258285999298,0.04462619125843048,89,0.0515,0.0557
Andrei Vasilevskiy,TBL,8476883,3,0.05354996770620346,0.04462619125843048,0,0.0335,0.0735
Andrei Vasilevskiy,TBL,8476883,4,0.053546417504549026,0.04462619125843048,0,0.0335,0.0735
Andrei Vasilevskiy,TBL,8476883,5,0.053551021963357925,0.04462619125843048,0,0.0336,0.0736
Andrei Vasilevskiy,TBL,8476883,6,0.053550999611616135,0.04462619125843048,0,0.0336,0.0736
Andrei Vasilevskiy,TBL,8476883,7,0.053557369858026505,0.04462619125843048,0,0.0336,0.0736
Andrei Vasilevskiy,TBL,8476883,8,0.05355473607778549,0.04462619125843048,0,0.0336,0.0736
8484293,,8484293,0,-0.007292613387107849,-0.006677539087831974,0,-0.0273,0.0127
8484293,,8484293,1,-0.007300123572349548,-0.006677539087831974,0,-0.0273,0.0127
8484293,,8484293,2,-0.007304283324629068,-0.006677539087831974,0,-0.0273,0.0127
8484293,,8484293,3,-0.0073082628659904,-0.006677539087831974,0,-0.0273,0.0127
8484293,,8484293,4,-0.007308735512197018,-0.006677539087831974,0,-0.0273,0.0127
8484293,,8484293,5,-0.007306893356144428,-0.006677539087831974,0,-0.0273,0.0127
8484293,,8484293,6,-0.007304598577320576,-0.006677539087831974,0,-0.0273,0.0127
8484293,,8484293,7,-0.00730161601677537,-0.006677539087831974,0,-0.0273,0.0127
8484293,,8484293,8,-0.007301234640181065,-0.006677539087831974,0,-0.0273,0.0127
Jeremy Swayman,BOS,8480280,0,0.061290256679058075,0.032248929142951965,43,0.0583,0.0643
Jeremy Swayman,BOS,8480280,1,0.061012934893369675,0.032248929142951965,93,0.0589,0.0631
Jeremy Swayman,BOS,8480280,2,0.0611315555870533,0.032248929142951965,70,0.0587,0.0635
Jeremy Swayman,BOS,8480280,3,0.06112087517976761,0.032248929142951965,0,0.0411,0.0811
Jeremy Swayman,BOS,8480280,4,0.061128053814172745,0.032248929142951965,0,0.0411,0.0811
Jeremy Swayman,BOS,8480280,5,0.06112226843833923,0.032248929142951965,0,0.0411,0.0811
Jeremy Swayman,BOS,8480280,6,0.06113263592123985,0.032248929142951965,0,0.0411,0.0811
Jeremy Swayman,BOS,8480280,7,0.06112723797559738,0.032248929142951965,0,0.0411,0.0811
Jeremy Swayman,BOS,8480280,8,0.061133936047554016,0.032248929142951965,0,0.0411,0.0811
James Reimer,OTT,8473503,0,0.007913365960121155,0.0078054252080619335,0,-0.0121,0.0279
James Reimer,OTT,8473503,1,0.00790743250399828,0.0078054252080619335,0,-0.0121,0.0279
James Reimer,OTT,8473503,2,0.007902037352323532,0.0078054252080619335,0,-0.0121,0.0279
James Reimer,OTT,8473503,3,0.007898975163698196,0.0078054252080619335,0,-0.0121,0.0279
James Reimer,OTT,8473503,4,0.007898200303316116,0.0078054252080619335,0,-0.0121,0.0279
James Reimer,OTT,8473503,5,0.007899772375822067,0.0078054252080619335,0,-0.0121,0.0279
James Reimer,OTT,8473503,6,0.007902956567704678,0.0078054252080619335,0,-0.0121,0.0279
James Reimer,OTT,8473503,7,0.00790474284440279,0.0078054252080619335,0,-0.0121,0.0279
James Reimer,OTT,8473503,8,0.007906599901616573,0.0078054252080619335,0,-0.0121,0.0279
Ilya Sorokin,NYI,8478009,0,0.05807040259242058,0.044259101152420044,0,0.0381,0.0781
Ilya Sorokin,NYI,8478009,1,0.05806923657655716,0.044259101152420044,0,0.0381,0.0781
Ilya Sorokin,NYI,8478009,2,0.05806219205260277,0.044259101152420044,0,0.0381,0.0781
Ilya Sorokin,NYI,8478009,3,0.05805826187133789,0.044259101152420044,0,0.0381,0.0781
Ilya Sorokin,NYI,8478009,4,0.0580592155456543,0.044259101152420044,0,0.0381,0.0781
Ilya Sorokin,NYI,8478009,5,0.058059316128492355,0.044259101152420044,0,0.0381,0.0781
Ilya Sorokin,NYI,8478009,6,0.058064140379428864,0.044259101152420044,0,0.0381,0.0781
Ilya Sorokin,NYI,8478009,7,0.05806358903646469,0.044259101152420044,0,0.0381,0.0781
Ilya Sorokin,NYI,8478009,8,0.05806752294301987,0.044259101152420044,0,0.0381,0.0781
David Rittich,NYI,8479496,0,-0.002667435212060809,-0.0033427688758820295,0,-0.0227,0.0173
David Rittich,NYI,8479496,1,-0.002674692776054144,-0.0033427688758820295,0,-0.0227,0.0173
David Rittich,NYI,8479496,2,-0.002678839024156332,-0.0033427688758820295,0,-0.0227,0.0173
David Rittich,NYI,8479496,3,-0.0026829212438315153,-0.0033427688758820295,0,-0.0227,0.0173
David Rittich,NYI,8479496,4,-0.002683159662410617,-0.0033427688758820295,0,-0.0227,0.0173
David Rittich,NYI,8479496,5,-0.0026815682649612427,-0.0033427688758820295,0,-0.0227,0.0173
David Rittich,NYI,8479496,6,-0.0026788837276399136,-0.0033427688758820295,0,-0.0227,0.0173
David Rittich,NYI,8479496,7,-0.002676256000995636,-0.0033427688758820295,0,-0.0227,0.0173
David Rittich,NYI,8479496,8,-0.002675177063792944,-0.0033427688758820295,0,-0.0227,0.0173
Pheonix Copley,LAK,8477831,0,-0.0012738944496959448,-4.4126454668003134e-06,0,-0.0213,0.0187
Pheonix Copley,LAK,8477831,1,-0.0012809464242309332,-4.4126454668003134e-06,0,-0.0213,0.0187
Pheonix Copley,LAK,8477831,2,-0.0012851913925260305,-4.4126454668003134e-06,0,-0.0213,0.0187
Pheonix Copley,LAK,8477831,3,-0.00128919817507267,-4.4126454668003134e-06,0,-0.0213,0.0187
Pheonix Copley,LAK,8477831,4,-0.001289570820517838,-4.4126454668003134e-06,0,-0.0213,0.0187
Pheonix Copley,LAK,8477831,5,-0.0012877830304205418,-4.4126454668003134e-06,0,-0.0213,0.0187
Pheonix Copley,LAK,8477831,6,-0.001285360660403967,-4.4126454668003134e-06,0,-0.0213,0.0187
Pheonix Copley,LAK,8477831,7,-0.0012824637815356255,-4.4126454668003134e-06,0,-0.0213,0.0187
Pheonix Copley,LAK,8477831,8,-0.001281634089536965,-4.4126454668003134e-06,0,-0.0213,0.0187
John Gibson,DET,8476434,0,0.04816794767975807,0.034014564007520676,0,0.0282,0.0682
John Gibson,DET,8476434,1,0.04816168174147606,0.034014564007520676,0,0.0282,0.0682
John Gibson,DET,8476434,2,0.04815913736820221,0.034014564007520676,0,0.0282,0.0682
John Gibson,DET,8476434,3,0.04815313220024109,0.034014564007520676,0,0.0282,0.0682
John Gibson,DET,8476434,4,0.04815512150526047,0.034014564007520676,0,0.0282,0.0682
John Gibson,DET,8476434,5,0.04815419018268585,0.034014564007520676,0,0.0282,0.0682
John Gibson,DET,8476434,6,0.04815797507762909,0.034014564007520676,0,0.0282,0.0682
John Gibson,DET,8476434,7,0.048161234706640244,0.034014564007520676,0,0.0282,0.0682
John Gibson,DET,8476434,8,0.04816135764122009,0.034014564007520676,0,0.0282,0.0682
Yaroslav Askarov,SJS,8482137,0,-0.059944991022348404,-0.03385712578892708,0,-0.0799,-0.0399
Yaroslav Askarov,SJS,8482137,1,-0.05995263531804085,-0.03385712578892708,0,-0.08,-0.04
Yaroslav Askarov,SJS,8482137,2,-0.05995864421129227,-0.03385712578892708,0,-0.08,-0.04
Yaroslav Askarov,SJS,8482137,3,-0.05996015667915344,-0.03385712578892708,0,-0.08,-0.04
Yaroslav Askarov,SJS,8482137,4,-0.05996198207139969,-0.03385712578892708,0,-0.08,-0.04
Yaroslav Askarov,SJS,8482137,5,-0.059959109872579575,-0.03385712578892708,0,-0.08,-0.04
Yaroslav Askarov,SJS,8482137,6,-0.059959135949611664,-0.03385712578892708,0,-0.08,-0.04
Yaroslav Askarov,SJS,8482137,7,-0.05995241925120354,-0.03385712578892708,0,-0.08,-0.04
Yaroslav Askarov,SJS,8482137,8,-0.05995471030473709,-0.03385712578892708,0,-0.08,-0.04
Thatcher Demko,VAN,8477967,0,0.004442117176949978,0.008054865524172783,0,-0.0156,0.0244
Thatcher Demko,VAN,8477967,1,0.004435107111930847,0.008054865524172783,0,-0.0156,0.0244
Thatcher Demko,VAN,8477967,2,0.004430875182151794,0.008054865524172783,0,-0.0156,0.0244
Thatcher Demko,VAN,8477967,3,0.00442685978487134,0.008054865524172783,0,-0.0156,0.0244
Thatcher Demko,VAN,8477967,4,0.004426341038197279,0.008054865524172783,0,-0.0156,0.0244
Thatcher Demko,VAN,8477967,5,0.004428430460393429,0.008054865524172783,0,-0.0156,0.0244
Thatcher Demko,VAN,8477967,6,0.00443066144362092,0.008054865524172783,0,-0.0156,0.0244
Thatcher Demko,VAN,8477967,7,0.004433528054505587,0.008054865524172783,0,-0.0156,0.0244
Thatcher Demko,VAN,8477967,8,0.004434520844370127,0.008054865524172783,0,-0.0156,0.0244
Leevi Meriläinen,OTT,8482447,0,-0.06340143829584122,-0.041146211326122284,0,-0.0834,-0.0434
Leevi Meriläinen,OTT,8482447,1,-0.06338843703269958,-0.041146211326122284,0,-0.0834,-0.0434
Leevi Meriläinen,OTT,8482447,2,-0.06341628730297089,-0.041146211326122284,0,-0.0834,-0.0434
Leevi Meriläinen,OTT,8482447,3,-0.06339462101459503,-0.041146211326122284,0,-0.0834,-0.0434
Leevi Meriläinen,OTT,8482447,4,-0.06341929733753204,-0.041146211326122284,0,-0.0834,-0.0434
Leevi Meriläinen,OTT,8482447,5,-0.06339602172374725,-0.041146211326122284,0,-0.0834,-0.0434
Leevi Meriläinen,OTT,8482447,6,-0.06341370940208435,-0.041146211326122284,0,-0.0834,-0.0434
Leevi Meriläinen,OTT,8482447,7,-0.06339003145694733,-0.041146211326122284,0,-0.0834,-0.0434
Leevi Meriläinen,OTT,8482447,8,-0.06340581923723221,-0.041146211326122284,0,-0.0834,-0.0434
Nikke Kokko,SEA,8483668,0,-0.011784311383962631,-0.008155598305165768,0,-0.0318,0.0082
Nikke Kokko,SEA,8483668,1,-0.01179216057062149,-0.008155598305165768,0,-0.0318,0.0082
Nikke Kokko,SEA,8483668,2,-0.011795107275247574,-0.008155598305165768,0,-0.0318,0.0082
Nikke Kokko,SEA,8483668,3,-0.01180107519030571,-0.008155598305165768,0,-0.0318,0.0082
Nikke Kokko,SEA,8483668,4,-0.011799123138189316,-0.008155598305165768,0,-0.0318,0.0082
Nikke Kokko,SEA,8483668,5,-0.011799746192991734,-0.008155598305165768,0,-0.0318,0.0082
Nikke Kokko,SEA,8483668,6,-0.011795546859502792,-0.008155598305165768,0,-0.0318,0.0082
Nikke Kokko,SEA,8483668,7,-0.011793602257966995,-0.008155598305165768,0,-0.0318,0.0082
Nikke Kokko,SEA,8483668,8,-0.011792788282036781,-0.008155598305165768,0,-0.0318,0.0082
Victor Ostman,SEA,8484910,0,0.004074353724718094,0.0039542424492537975,0,-0.0159,0.0241
Victor Ostman,SEA,8484910,1,0.004068219568580389,0.0039542424492537975,0,-0.0159,0.0241
Victor Ostman,SEA,8484910,2,0.004063409753143787,0.0039542424492537975,0,-0.0159,0.0241
Victor Ostman,SEA,8484910,3,0.0040600234642624855,0.0039542424492537975,0,-0.0159,0.0241
Victor Ostman,SEA,8484910,4,0.004058961756527424,0.0039542424492537975,0,-0.0159,0.0241
Victor Ostman,SEA,8484910,5,0.00406162953004241,0.0039542424492537975,0,-0.0159,0.0241
Victor Ostman,SEA,8484910,6,0.004063048865646124,0.0039542424492537975,0,-0.0159,0.0241
Victor Ostman,SEA,8484910,7,0.004067047033458948,0.0039542424492537975,0,-0.0159,0.0241
Victor Ostman,SEA,8484910,8,0.0040673078037798405,0.0039542424492537975,0,-0.0159,0.0241
Tristan Lennox,NYI,8482668,0,-0.005023624747991562,-0.0041690971702337265,0,-0.025,0.015
Tristan Lennox,NYI,8482668,1,-0.005030789878219366,-0.0041690971702337265,0,-0.025,0.015
Tristan Lennox,NYI,8482668,2,-0.005034821107983589,-0.0041690971702337265,0,-0.025,0.015
Tristan Lennox,NYI,8482668,3,-0.005039277020841837,-0.0041690971702337265,0,-0.025,0.015
Tristan Lennox,NYI,8482668,4,-0.0050392309203743935,-0.0041690971702337265,0,-0.025,0.015
Tristan Lennox,NYI,8482668,5,-0.005037778522819281,-0.0041690971702337265,0,-0.025,0.015
Tristan Lennox,NYI,8482668,6,-0.005035397596657276,-0.0041690971702337265,0,-0.025,0.015
Tristan Lennox,NYI,8482668,7,-0.005032241810113192,-0.0041690971702337265,0,-0.025,0.015
Tristan Lennox,NYI,8482668,8,-0.005032033659517765,-0.0041690971702337265,0,-0.025,0.015
Antoine Bibeau,,8477312,0,-0.0003469722287263721,0.00028577225748449564,0,-0.0203,0.0197
Antoine Bibeau,,8477312,1,-0.0003540329053066671,0.00028577225748449564,0,-0.0204,0.0196
Antoine Bibeau,,8477312,2,-0.00035828151158057153,0.00028577225748449564,0,-0.0204,0.0196
Antoine Bibeau,,8477312,3,-0.00036226504016667604,0.00028577225748449564,0,-0.0204,0.0196
Antoine Bibeau,,8477312,4,-0.0003626607358455658,0.00028577225748449564,0,-0.0204,0.0196
Antoine Bibeau,,8477312,5,-0.0003608583356253803,0.00028577225748449564,0,-0.0204,0.0196
Antoine Bibeau,,8477312,6,-0.00035844347439706326,0.00028577225748449564,0,-0.0204,0.0196
Antoine Bibeau,,8477312,7,-0.0003555433650035411,0.00028577225748449564,0,-0.0204,0.0196
Antoine Bibeau,,8477312,8,-0.0003546999651007354,0.00028577225748449564,0,-0.0204,0.0196
Ivan Prosvetov,CGY,8481031,0,-0.008776682429015636,-0.007090545725077391,0,-0.0288,0.0112
Ivan Prosvetov,CGY,8481031,1,-0.008783550933003426,-0.007090545725077391,0,-0.0288,0.0112
Ivan Prosvetov,CGY,8481031,2,-0.008788755163550377,-0.007090545725077391,0,-0.0288,0.0112
Ivan Prosvetov,CGY,8481031,3,-0.008791875094175339,-0.007090545725077391,0,-0.0288,0.0112
Ivan Prosvetov,CGY,8481031,4,-0.008792352862656116,-0.007090545725077391,0,-0.0288,0.0112
Ivan Prosvetov,CGY,8481031,5,-0.008791334927082062,-0.007090545725077391,0,-0.0288,0.0112
Ivan Prosvetov,CGY,8481031,6,-0.008788350969552994,-0.007090545725077391,0,-0.0288,0.0112
Ivan Prosvetov,CGY,8481031,7,-0.008785543031990528,-0.007090545725077391,0,-0.0288,0.0112
Ivan Prosvetov,CGY,8481031,8,-0.008785163052380085,-0.007090545725077391,0,-0.0288,0.0112
Samuel Jonsson,EDM,8483769,0,0.0017558550462126732,0.002169595565646887,0,-0.0182,0.0218
Samuel Jonsson,EDM,8483769,1,0.0017486170399934053,0.002169595565646887,0,-0.0183,0.0217
Samuel Jonsson,EDM,8483769,2,0.0017444596160203218,0.002169595565646887,0,-0.0183,0.0217
Samuel Jonsson,EDM,8483769,3,0.0017404076643288136,0.002169595565646887,0,-0.0183,0.0217
Samuel Jonsson,EDM,8483769,4,0.0017402414232492447,0.002169595565646887,0,-0.0183,0.0217
Samuel Jonsson,EDM,8483769,5,0.0017417303752154112,0.002169595565646887,0,-0.0183,0.0217
Samuel Jonsson,EDM,8483769,6,0.0017444620607420802,0.002169595565646887,0,-0.0183,0.0217
Samuel Jonsson,EDM,8483769,7,0.001747179077938199,0.002169595565646887,0,-0.0183,0.0217
Samuel Jonsson,EDM,8483769,8,0.0017481730319559574,0.002169595565646887,0,-0.0183,0.0217
Kirill Gerasimyuk,FLA,8482914,0,-0.007017175666987896,-0.005874237976968288,0,-0.027,0.013
Kirill Gerasimyuk,FLA,8482914,1,-0.007024038583040237,-0.005874237976968288,0,-0.027,0.013
Kirill Gerasimyuk,FLA,8482914,2,-0.007028546649962664,-0.005874237976968288,0,-0.027,0.013
Kirill Gerasimyuk,FLA,8482914,3,-0.007032484281808138,-0.005874237976968288,0,-0.027,0.013
Kirill Gerasimyuk,FLA,8482914,4,-0.007033001631498337,-0.005874237976968288,0,-0.027,0.013
Kirill Gerasimyuk,FLA,8482914,5,-0.007030901033431292,-0.005874237976968288,0,-0.027,0.013
Kirill Gerasimyuk,FLA,8482914,6,-0.007028996478766203,-0.005874237976968288,0,-0.027,0.013
Kirill Gerasimyuk,FLA,8482914,7,-0.007025798317044973,-0.005874237976968288,0,-0.027,0.013
Kirill Gerasimyuk,FLA,8482914,8,-0.007025374099612236,-0.005874237976968288,0,-0.027,0.013
Magnus Chrona,NSH,8480992,0,-0.0009163932409137487,-0.0002807339478749782,0,-0.0209,0.0191
Magnus Chrona,NSH,8480992,1,-0.0009234223980456591,-0.0002807339478749782,0,-0.0209,0.0191
Magnus Chrona,NSH,8480992,2,-0.0009277499048039317,-0.0002807339478749782,0,-0.0209,0.0191
Magnus Chrona,NSH,8480992,3,-0.0009316630894318223,-0.0002807339478749782,0,-0.0209,0.0191
Magnus Chrona,NSH,8480992,4,-0.0009320881217718124,-0.0002807339478749782,0,-0.0209,0.0191
Magnus Chrona,NSH,8480992,5,-0.0009302954422309995,-0.0002807339478749782,0,-0.0209,0.0191
Magnus Chrona,NSH,8480992,6,-0.0009278737124986947,-0.0002807339478749782,0,-0.0209,0.0191
Magnus Chrona,NSH,8480992,7,-0.0009249824797734618,-0.0002807339478749782,0,-0.0209,0.0191
Magnus Chrona,NSH,8480992,8,-0.000924144871532917,-0.0002807339478749782,0,-0.0209,0.0191
Parker Gahagen,,8480481,0,0.0036456005182117224,0.003902398282662034,0,-0.0164,0.0236
Parker Gahagen,,8480481,1,0.003639265662059188,0.003902398282662034,0,-0.0164,0.0236
Parker Gahagen,,8480481,2,0.003634321503341198,0.003902398282662034,0,-0.0164,0.0236
Parker Gahagen,,8480481,3,0.00363097433000803,0.003902398282662034,0,-0.0164,0.0236
Parker Gahagen,,8480481,4,0.003630039282143116,0.003902398282662034,0,-0.0164,0.0236
Parker Gahagen,,8480481,5,0.003632401116192341,0.003902398282662034,0,-0.0164,0.0236
Parker Gahagen,,8480481,6,0.003634294494986534,0.003902398282662034,0,-0.0164,0.0236
Parker Gahagen,,8480481,7,0.0036376425996422768,0.003902398282662034,0,-0.0164,0.0236
Parker Gahagen,,8480481,8,0.003638464491814375,0.003902398282662034,0,-0.0164,0.0236
Vadim Zherenko,STL,8481689,0,-0.0019118799827992916,-0.0011932429624721408,0,-0.0219,0.0181
Vadim Zherenko,STL,8481689,1,-0.0019189142622053623,-0.0011932429624721408,0,-0.0219,0.0181
Vadim Zherenko,STL,8481689,2,-0.001923285541124642,-0.0011932429624721408,0,-0.0219,0.0181
Vadim Zherenko,STL,8481689,3,-0.00192718964535743,-0.0011932429624721408,0,-0.0219,0.0181
Vadim Zherenko,STL,8481689,4,-0.0019275930244475603,-0.0011932429624721408,0,-0.0219,0.0181
Vadim Zherenko,STL,8481689,5,-0.0019258498214185238,-0.0011932429624721408,0,-0.0219,0.0181
Vadim Zherenko,STL,8481689,6,-0.0019233891507610679,-0.0011932429624721408,0,-0.0219,0.0181
Vadim Zherenko,STL,8481689,7,-0.0019205384887754917,-0.0011932429624721408,0,-0.0219,0.0181
Vadim Zherenko,STL,8481689,8,-0.001919774804264307,-0.0011932429624721408,0,-0.0219,0.0181
Artur Akhtyamov,TOR,8482515,0,-0.006049853749573231,-0.0018198249163106084,0,-0.026,0.014
Artur Akhtyamov,TOR,8482515,1,-0.0060573481023311615,-0.0018198249163106084,0,-0.0261,0.0139
Artur Akhtyamov,TOR,8482515,2,-0.006061466410756111,-0.0018198249163106084,0,-0.0261,0.0139
Artur Akhtyamov,TOR,8482515,3,-0.006065669935196638,-0.0018198249163106084,0,-0.0261,0.0139
Artur Akhtyamov,TOR,8482515,4,-0.006065377965569496,-0.0018198249163106084,0,-0.0261,0.0139
Artur Akhtyamov,TOR,8482515,5,-0.006064725108444691,-0.0018198249163106084,0,-0.0261,0.0139
Artur Akhtyamov,TOR,8482515,6,-0.006061072926968336,-0.0018198249163106084,0,-0.0261,0.0139
Artur Akhtyamov,TOR,8482515,7,-0.006059249397367239,-0.0018198249163106084,0,-0.0261,0.0139
Artur Akhtyamov,TOR,8482515,8,-0.00605778256431222,-0.0018198249163106084,0,-0.0261,0.0139
Vyacheslav Peksa,TOR,8482940,0,-0.00024732371093705297,0.0003329188039060682,0,-0.0202,0.0198
Vyacheslav Peksa,TOR,8482940,1,-0.0002543697482906282,0.0003329188039060682,0,-0.0203,0.0197
Vyacheslav Peksa,TOR,8482940,2,-0.0002586657356005162,0.0003329188039060682,0,-0.0203,0.0197
Vyacheslav Peksa,TOR,8482940,3,-0.00026257746503688395,0.0003329188039060682,0,-0.0203,0.0197
Vyacheslav Peksa,TOR,8482940,4,-0.00026303634513169527,0.0003329188039060682,0,-0.0203,0.0197
Vyacheslav Peksa,TOR,8482940,5,-0.0002612076059449464,0.0003329188039060682,0,-0.0203,0.0197
Vyacheslav Peksa,TOR,8482940,6,-0.00025879600434564054,0.0003329188039060682,0,-0.0203,0.0197
Vyacheslav Peksa,TOR,8482940,7,-0.0002559043641667813,0.0003329188039060682,0,-0.0203,0.0197
Vyacheslav Peksa,TOR,8482940,8,-0.0002550584322307259,0.0003329188039060682,0,-0.0203,0.0197
Ty Young,VAN,8483751,0,-0.008328310213983059,-0.007076702080667019,0,-0.0283,0.0117
Ty Young,VAN,8483751,1,-0.008335093967616558,-0.007076702080667019,0,-0.0283,0.0117
Ty Young,VAN,8483751,2,-0.008339781314134598,-0.007076702080667019,0,-0.0283,0.0117
Ty Young,VAN,8483751,3,-0.008343465626239777,-0.007076702080667019,0,-0.0283,0.0117
Ty Young,VAN,8483751,4,-0.008344288915395737,-0.007076702080667019,0,-0.0283,0.0117
Ty Young,VAN,8483751,5,-0.008342105895280838,-0.007076702080667019,0,-0.0283,0.0117
Ty Young,VAN,8483751,6,-0.008340030908584595,-0.007076702080667019,0,-0.0283,0.0117
Ty Young,VAN,8483751,7,-0.008337006904184818,-0.007076702080667019,0,-0.0283,0.0117
Ty Young,VAN,8483751,8,-0.008336583152413368,-0.007076702080667019,0,-0.0283,0.0117
Carl Lindbom,VGK,8482761,0,-0.013466292060911655,-0.00851286482065916,0,-0.0335,0.0065
Carl Lindbom,VGK,8482761,1,-0.013474664650857449,-0.00851286482065916,0,-0.0335,0.0065
Carl Lindbom,VGK,8482761,2,-0.013477399945259094,-0.00851286482065916,0,-0.0335,0.0065
Carl Lindbom,VGK,8482761,3,-0.013482729904353619,-0.00851286482065916,0,-0.0335,0.0065
Carl Lindbom,VGK,8482761,4,-0.013482222333550453,-0.00851286482065916,0,-0.0335,0.0065
Carl Lindbom,VGK,8482761,5,-0.013481094501912594,-0.00851286482065916,0,-0.0335,0.0065
Carl Lindbom,VGK,8482761,6,-0.013478006236255169,-0.00851286482065916,0,-0.0335,0.0065
Carl Lindbom,VGK,8482761,7,-0.013475879095494747,-0.00851286482065916,0,-0.0335,0.0065
Carl Lindbom,VGK,8482761,8,-0.01347445696592331,-0.00851286482065916,0,-0.0335,0.0065
Jesper Vikman,VGK,8482484,0,-0.0009799975669011474,-0.00033897871617227793,0,-0.021,0.019
Jesper Vikman,VGK,8482484,1,-0.0009870536159723997,-0.00033897871617227793,0,-0.021,0.019
Jesper Vikman,VGK,8482484,2,-0.0009913615649566054,-0.00033897871617227793,0,-0.021,0.019
Jesper Vikman,VGK,8482484,3,-0.0009952766122296453,-0.00033897871617227793,0,-0.021,0.019
Jesper Vikman,VGK,8482484,4,-0.0009957273723557591,-0.00033897871617227793,0,-0.021,0.019
Jesper Vikman,VGK,8482484,5,-0.0009939116425812244,-0.00033897871617227793,0,-0.021,0.019
Jesper Vikman,VGK,8482484,6,-0.0009914906695485115,-0.00033897871617227793,0,-0.021,0.019
Jesper Vikman,VGK,8482484,7,-0.0009886107873171568,-0.00033897871617227793,0,-0.021,0.019
Jesper Vikman,VGK,8482484,8,-0.0009877869160845876,-0.00033897871617227793,0,-0.021,0.019
Garin Bjorklund,WSH,8482188,0,0.003639421658590436,0.0038969411980360746,0,-0.0164,0.0236
Garin Bjorklund,WSH,8482188,1,0.003632869804278016,0.0038969411980360746,0,-0.0164,0.0236
Garin Bjorklund,WSH,8482188,2,0.00362809794023633,0.0038969411980360746,0,-0.0164,0.0236
Garin Bjorklund,WSH,8482188,3,0.003624836914241314,0.0038969411980360746,0,-0.0164,0.0236
Garin Bjorklund,WSH,8482188,4,0.003623511642217636,0.0038969411980360746,0,-0.0164,0.0236
Garin Bjorklund,WSH,8482188,5,0.0036265654489398003,0.0038969411980360746,0,-0.0164,0.0236
Garin Bjorklund,WSH,8482188,6,0.003627549856901169,0.0038969411980360746,0,-0.0164,0.0236
Garin Bjorklund,WSH,8482188,7,0.0036319363862276077,0.0038969411980360746,0,-0.0164,0.0236
Garin Bjorklund,WSH,8482188,8,0.0036318935453891754,0.0038969411980360746,0,-0.0164,0.0236
Simon Zajicek,BOS,8485538,0,0.0007948778802528977,0.0012883271556347609,0,-0.0192,0.0208
Simon Zajicek,BOS,8485538,1,0.0007878384203650057,0.0012883271556347609,0,-0.0192,0.0208
Simon Zajicek,BOS,8485538,2,0.000783523079007864,0.0012883271556347609,0,-0.0192,0.0208
Simon Zajicek,BOS,8485538,3,0.0007796824211254716,0.0012883271556347609,0,-0.0192,0.0208
Simon Zajicek,BOS,8485538,4,0.0007791334646753967,0.0012883271556347609,0,-0.0192,0.0208
Simon Zajicek,BOS,8485538,5,0.000781084003392607,0.0012883271556347609,0,-0.0192,0.0208
Simon Zajicek,BOS,8485538,6,0.0007833915296941996,0.0012883271556347609,0,-0.0192,0.0208
Simon Zajicek,BOS,8485538,7,0.0007863558712415397,0.0012883271556347609,0,-0.0192,0.0208
Simon Zajicek,BOS,8485538,8,0.0007872515125200152,0.0012883271556347609,0,-0.0192,0.0208
Kyle Keyser,,8480356,0,0.00015406467719003558,0.000700858305208385,0,-0.0198,0.0202
Kyle Keyser,,8480356,1,0.00014702900080010295,0.000700858305208385,0,-0.0199,0.0201
Kyle Keyser,,8480356,2,0.00014272384578362107,0.000700858305208385,0,-0.0199,0.0201
Kyle Keyser,,8480356,3,0.000138796865940094,0.000700858305208385,0,-0.0199,0.0201
Kyle Keyser,,8480356,4,0.0001383625203743577,0.000700858305208385,0,-0.0199,0.0201
Kyle Keyser,,8480356,5,0.00014022871619090438,0.000700858305208385,0,-0.0199,0.0201
Kyle Keyser,,8480356,6,0.0001425446243956685,0.000700858305208385,0,-0.0199,0.0201
Kyle Keyser,,8480356,7,0.00014557252870872617,0.000700858305208385,0,-0.0199,0.0201
Kyle Keyser,,8480356,8,0.0001463324879296124,0.000700858305208385,0,-0.0199,0.0201
Jacob Fowler,MTL,8484170,0,0.03388732671737671,0.01918129064142704,0,0.0139,0.0539
Jacob Fowler,MTL,8484170,1,0.03389871120452881,0.01918129064142704,0,0.0139,0.0539
Jacob Fowler,MTL,8484170,2,0.03391529619693756,0.01918129064142704,0,0.0139,0.0539
Jacob Fowler,MTL,8484170,3,0.03393187373876572,0.01918129064142704,0,0.0139,0.0539
Jacob Fowler,MTL,8484170,4,0.033950138837099075,0.01918129064142704,2,0.0199,0.0481
Jacob Fowler,MTL,8484170,5,0.03395448625087738,0.01918129064142704,0,0.014,0.054
Jacob Fowler,MTL,8484170,6,0.03395412489771843,0.01918129064142704,0,0.014,0.054
Jacob Fowler,MTL,8484170,7,0.033959466964006424,0.01918129064142704,0,0.014,0.054
Jacob Fowler,MTL,8484170,8,0.033958904445171356,0.01918129064142704,0,0.014,0.054
Sergei Murashov,PIT,8483703,0,-0.004734531976282597,-0.0015369451139122248,0,-0.0247,0.0153
Sergei Murashov,PIT,8483703,1,-0.0047412109561264515,-0.0015369451139122248,0,-0.0247,0.0153
Sergei Murashov,PIT,8483703,2,-0.00474567199125886,-0.0015369451139122248,0,-0.0247,0.0153
Sergei Murashov,PIT,8483703,3,-0.004749612882733345,-0.0015369451139122248,0,-0.0247,0.0153
Sergei Murashov,PIT,8483703,4,-0.004749923944473267,-0.0015369451139122248,0,-0.0247,0.0153
Sergei Murashov,PIT,8483703,5,-0.004748230800032616,-0.0015369451139122248,0,-0.0247,0.0153
Sergei Murashov,PIT,8483703,6,-0.004745875019580126,-0.0015369451139122248,0,-0.0247,0.0153
Sergei Murashov,PIT,8483703,7,-0.00474275229498744,-0.0015369451139122248,0,-0.0247,0.0153
Sergei Murashov,PIT,8483703,8,-0.004742150194942951,-0.0015369451139122248,0,-0.0247,0.0153
Talyn Boyko,NYR,8482869,0,-0.002560744993388653,-0.0017249302472919226,0,-0.0226,0.0174
Talyn Boyko,NYR,8482869,1,-0.0025674712378531694,-0.0017249302472919226,0,-0.0226,0.0174
Talyn Boyko,NYR,8482869,2,-0.002572086174041033,-0.0017249302472919226,0,-0.0226,0.0174
Talyn Boyko,NYR,8482869,3,-0.002575734630227089,-0.0017249302472919226,0,-0.0226,0.0174
Talyn Boyko,NYR,8482869,4,-0.002576509490609169,-0.0017249302472919226,0,-0.0226,0.0174
Talyn Boyko,NYR,8482869,5,-0.002574303885921836,-0.0017249302472919226,0,-0.0226,0.0174
Talyn Boyko,NYR,8482869,6,-0.002572375349700451,-0.0017249302472919226,0,-0.0226,0.0174
Talyn Boyko,NYR,8482869,7,-0.0025689632166177034,-0.0017249302472919226,0,-0.0226,0.0174
Talyn Boyko,NYR,8482869,8,-0.0025686542503535748,-0.0017249302472919226,0,-0.0226,0.0174
Owen Say,CGY,8485465,0,0.001294013811275363,0.0016843437915667892,0,-0.0187,0.0213
Owen Say,CGY,8485465,1,0.0012869664933532476,0.0016843437915667892,0,-0.0187,0.0213
Owen Say,CGY,8485465,2,0.0012826538877561688,0.0016843437915667892,0,-0.0187,0.0213
Owen Say,CGY,8485465,3,0.0012787396553903818,0.0016843437915667892,0,-0.0187,0.0213
Owen Say,CGY,8485465,4,0.0012783762067556381,0.0016843437915667892,0,-0.0187,0.0213
Owen Say,CGY,8485465,5,0.0012801226694136858,0.0016843437915667892,0,-0.0187,0.0213
Owen Say,CGY,8485465,6,0.0012825934682041407,0.0016843437915667892,0,-0.0187,0.0213
Owen Say,CGY,8485465,7,0.0012854828964918852,0.0016843437915667892,0,-0.0187,0.0213
Owen Say,CGY,8485465,8,0.001286378945223987,0.0016843437915667892,0,-0.0187,0.0213
Caleb Heil,TBL,8485657,0,0.0014176447875797749,0.0017936720978468657,0,-0.0186,0.0214
Caleb Heil,TBL,8485657,1,0.001410533906891942,0.0017936720978468657,0,-0.0186,0.0214
Caleb Heil,TBL,8485657,2,0.0014062656555324793,0.0017936720978468657,0,-0.0186,0.0214
Caleb Heil,TBL,8485657,3,0.0014024064876139164,0.0017936720978468657,0,-0.0186,0.0214
Caleb Heil,TBL,8485657,4,0.0014018923975527287,0.0017936720978468657,0,-0.0186,0.0214
Caleb Heil,TBL,8485657,5,0.001403834205120802,0.0017936720978468657,0,-0.0186,0.0214
Caleb Heil,TBL,8485657,6,0.0014060457469895482,0.0017936720978468657,0,-0.0186,0.0214
Caleb Heil,TBL,8485657,7,0.0014092596247792244,0.0017936720978468657,0,-0.0186,0.0214
Caleb Heil,TBL,8485657,8,0.0014099287800490856,0.0017936720978468657,0,-0.0186,0.0214
Amir Miftakhov,CAR,8482501,0,-0.011720938608050346,-0.00982751976698637,0,-0.0317,0.0083
Amir Miftakhov,CAR,8482501,1,-0.011727912351489067,-0.00982751976698637,0,-0.0317,0.0083
Amir Miftakhov,CAR,8482501,2,-0.01173209585249424,-0.00982751976698637,0,-0.0317,0.0083
Amir Miftakhov,CAR,8482501,3,-0.011736352927982807,-0.00982751976698637,0,-0.0317,0.0083
Amir Miftakhov,CAR,8482501,4,-0.011736667715013027,-0.00982751976698637,0,-0.0317,0.0083
Amir Miftakhov,CAR,8482501,5,-0.011735053732991219,-0.00982751976698637,0,-0.0317,0.0083
Amir Miftakhov,CAR,8482501,6,-0.01173250749707222,-0.00982751976698637,0,-0.0317,0.0083
Amir Miftakhov,CAR,8482501,7,-0.01172996312379837,-0.00982751976698637,0,-0.0317,0.0083
Amir Miftakhov,CAR,8482501,8,-0.011729152873158455,-0.00982751976698637,0,-0.0317,0.0083
Michal Postava,DET,8485545,0,-0.0013994364999234676,-0.0006979642203077674,0,-0.0214,0.0186
Michal Postava,DET,8485545,1,-0.0014066558796912432,-0.0006979642203077674,0,-0.0214,0.0186
Michal Postava,DET,8485545,2,-0.0014108181931078434,-0.0006979642203077674,0,-0.0214,0.0186
Michal Postava,DET,8485545,3,-0.0014148219488561153,-0.0006979642203077674,0,-0.0214,0.0186
Michal Postava,DET,8485545,4,-0.0014152766671031713,-0.0006979642203077674,0,-0.0214,0.0186
Michal Postava,DET,8485545,5,-0.0014134016819298267,-0.0006979642203077674,0,-0.0214,0.0186
Michal Postava,DET,8485545,6,-0.0014110640622675419,-0.0006979642203077674,0,-0.0214,0.0186
Michal Postava,DET,8485545,7,-0.0014081422705203295,-0.0006979642203077674,0,-0.0214,0.0186
Michal Postava,DET,8485545,8,-0.0014073568163439631,-0.0006979642203077674,0,-0.0214,0.0186
Samuel Hlavaj,MIN,8482085,0,-0.006451593711972237,-0.005166671704500914,0,-0.0265,0.0135
Samuel Hlavaj,MIN,8482085,1,-0.006458796560764313,-0.005166671704500914,0,-0.0265,0.0135
Samuel Hlavaj,MIN,8482085,2,-0.006463083438575268,-0.005166671704500914,0,-0.0265,0.0135
Samuel Hlavaj,MIN,8482085,3,-0.0064667994156479836,-0.005166671704500914,0,-0.0265,0.0135
Samuel Hlavaj,MIN,8482085,4,-0.0064678313210606575,-0.005166671704500914,0,-0.0265,0.0135
Samuel Hlavaj,MIN,8482085,5,-0.0064653814770281315,-0.005166671704500914,0,-0.0265,0.0135
Samuel Hlavaj,MIN,8482085,6,-0.006463648285716772,-0.005166671704500914,0,-0.0265,0.0135
Samuel Hlavaj,MIN,8482085,7,-0.006460102275013924,-0.005166671704500914,0,-0.0265,0.0135
Samuel Hlavaj,MIN,8482085,8,-0.006460066419094801,-0.005166671704500914,0,-0.0265,0.0135
Harrison Meneghin,TBL,8484636,0,-0.005940445698797703,-0.004714219830930233,0,-0.0259,0.0141
Harrison Meneghin,TBL,8484636,1,-0.00594712421298027,-0.004714219830930233,0,-0.0259,0.0141
Harrison Meneghin,TBL,8484636,2,-0.005952142179012299,-0.004714219830930233,0,-0.026,0.014
Harrison Meneghin,TBL,8484636,3,-0.0059552486054599285,-0.004714219830930233,0,-0.026,0.014
Harrison Meneghin,TBL,8484636,4,-0.005956667475402355,-0.004714219830930233,0,-0.026,0.014
Harrison Meneghin,TBL,8484636,5,-0.005953955929726362,-0.004714219830930233,0,-0.026,0.014
Harrison Meneghin,TBL,8484636,6,-0.0059523507952690125,-0.004714219830930233,0,-0.026,0.014
Harrison Meneghin,TBL,8484636,7,-0.00594871724024415,-0.004714219830930233,0,-0.0259,0.0141
Harrison Meneghin,TBL,8484636,8,-0.005948767531663179,-0.004714219830930233,0,-0.0259,0.0141
Jakub Malek,NJD,8482867,0,0.003684967989102006,0.003799116238951683,0,-0.0163,0.0237
Jakub Malek,NJD,8482867,1,0.003677636617794633,0.003799116238951683,0,-0.0163,0.0237
Jakub Malek,NJD,8482867,2,0.003673642873764038,0.003799116238951683,0,-0.0163,0.0237
Jakub Malek,NJD,8482867,3,0.003669645171612501,0.003799116238951683,0,-0.0163,0.0237
Jakub Malek,NJD,8482867,4,0.003669142257422209,0.003799116238951683,0,-0.0163,0.0237
Jakub Malek,NJD,8482867,5,0.0036708973348140717,0.003799116238951683,0,-0.0163,0.0237
Jakub Malek,NJD,8482867,6,0.0036738282069563866,0.003799116238951683,0,-0.0163,0.0237
Jakub Malek,NJD,8482867,7,0.0036761811934411526,0.003799116238951683,0,-0.0163,0.0237
Jakub Malek,NJD,8482867,8,0.0036773933097720146,0.003799116238951683,0,-0.0163,0.0237
Domenic DiVincentiis,WPG,8483711,0,-0.006391555070877075,-0.0051138983108103275,0,-0.0264,0.0136
Domenic DiVincentiis,WPG,8483711,1,-0.006398361176252365,-0.0051138983108103275,0,-0.0264,0.0136
Domenic DiVincentiis,WPG,8483711,2,-0.0064026410691440105,-0.0051138983108103275,0,-0.0264,0.0136
Domenic DiVincentiis,WPG,8483711,3,-0.006406784523278475,-0.0051138983108103275,0,-0.0264,0.0136
Domenic DiVincentiis,WPG,8483711,4,-0.006407249718904495,-0.0051138983108103275,0,-0.0264,0.0136
Domenic DiVincentiis,WPG,8483711,5,-0.0064054024405777454,-0.0051138983108103275,0,-0.0264,0.0136
Domenic DiVincentiis,WPG,8483711,6,-0.006402887869626284,-0.0051138983108103275,0,-0.0264,0.0136
Domenic DiVincentiis,WPG,8483711,7,-0.0064000762067735195,-0.0051138983108103275,0,-0.0264,0.0136
Domenic DiVincentiis,WPG,8483711,8,-0.006399606820195913,-0.0051138983108103275,0,-0.0264,0.0136
Will Cranley,STL,8482205,0,-0.006962325423955917,-0.0056185610592365265,0,-0.027,0.013
Will Cranley,STL,8482205,1,-0.006969274487346411,-0.0056185610592365265,0,-0.027,0.013
Will Cranley,STL,8482205,2,-0.006973868235945702,-0.0056185610592365265,0,-0.027,0.013
Will Cranley,STL,8482205,3,-0.0069778477773070335,-0.0056185610592365265,0,-0.027,0.013
Will Cranley,STL,8482205,4,-0.006978104822337627,-0.0056185610592365265,0,-0.027,0.013
Will Cranley,STL,8482205,5,-0.0069763497449457645,-0.0056185610592365265,0,-0.027,0.013
Will Cranley,STL,8482205,6,-0.006974358577281237,-0.0056185610592365265,0,-0.027,0.013
Will Cranley,STL,8482205,7,-0.006970770191401243,-0.0056185610592365265,0,-0.027,0.013
Will Cranley,STL,8482205,8,-0.006970864720642567,-0.0056185610592365265,0,-0.027,0.013
Ryan Fanti,TBL,8483534,0,-0.00038460735231637955,0.00019964194507338107,0,-0.0204,0.0196
Ryan Fanti,TBL,8483534,1,-0.0003916668356396258,0.00019964194507338107,0,-0.0204,0.0196
Ryan Fanti,TBL,8483534,2,-0.0003959491732530296,0.00019964194507338107,0,-0.0204,0.0196
Ryan Fanti,TBL,8483534,3,-0.0003998919273726642,0.00019964194507338107,0,-0.0204,0.0196
Ryan Fanti,TBL,8483534,4,-0.0004003209760412574,0.00019964194507338107,0,-0.0204,0.0196
Ryan Fanti,TBL,8483534,5,-0.000398494943510741,0.00019964194507338107,0,-0.0204,0.0196
Ryan Fanti,TBL,8483534,6,-0.0003961022011935711,0.00019964194507338107,0,-0.0204,0.0196
Ryan Fanti,TBL,8483534,7,-0.00039318620110861957,0.00019964194507338107,0,-0.0204,0.0196
Ryan Fanti,TBL,8483534,8,-0.00039235781878232956,0.00019964194507338107,0,-0.0204,0.0196
Nikita Quapp,CAR,8482895,0,-0.000535437895450741,6.394125375663862e-05,0,-0.0205,0.0195
Nikita Quapp,CAR,8482895,1,-0.0005424976698122919,6.394125375663862e-05,0,-0.0205,0.0195
Nikita Quapp,CAR,8482895,2,-0.0005467889714054763,6.394125375663862e-05,0,-0.0205,0.0195
Nikita Quapp,CAR,8482895,3,-0.000550714205019176,6.394125375663862e-05,0,-0.0206,0.0194
Nikita Quapp,CAR,8482895,4,-0.0005511628114618361,6.394125375663862e-05,0,-0.0206,0.0194
Nikita Quapp,CAR,8482895,5,-0.0005493304342962801,6.394125375663862e-05,0,-0.0205,0.0195
Nikita Quapp,CAR,8482895,6,-0.0005469319876283407,6.394125375663862e-05,0,-0.0205,0.0195
Nikita Quapp,CAR,8482895,7,-0.0005440262611955404,6.394125375663862e-05,0,-0.0205,0.0195
Nikita Quapp,CAR,8482895,8,-0.0005431973258964717,6.394125375663862e-05,0,-0.0205,0.0195
Jiri Patera,VAN,8480238,0,-0.009442099370062351,-0.006091652438044548,0,-0.0294,0.0106
Jiri Patera,VAN,8480238,1,-0.00944982748478651,-0.006091652438044548,0,-0.0294,0.0106
Jiri Patera,VAN,8480238,2,-0.00945320911705494,-0.006091652438044548,0,-0.0295,0.0105
Jiri Patera,VAN,8480238,3,-0.00945840124040842,-0.006091652438044548,0,-0.0295,0.0105
Jiri Patera,VAN,8480238,4,-0.00945774931460619,-0.006091652438044548,0,-0.0295,0.0105
Jiri Patera,VAN,8480238,5,-0.009456470608711243,-0.006091652438044548,0,-0.0295,0.0105
Jiri Patera,VAN,8480238,6,-0.009454349987208843,-0.006091652438044548,0,-0.0295,0.0105
Jiri Patera,VAN,8480238,7,-0.00945076160132885,-0.006091652438044548,0,-0.0295,0.0105
Jiri Patera,VAN,8480238,8,-0.009450813755393028,-0.006091652438044548,0,-0.0295,0.0105
Carter Hart,VGK,8479394,0,-0.010420209728181362,-0.007465499918907881,38,-0.0136,-0.0072
Carter Hart,VGK,8479394,1,-0.010380721651017666,-0.007465499918907881,58,-0.013,-0.0078
Carter Hart,VGK,8479394,2,-0.010071855038404465,-0.007465499918907881,129,-0.0119,-0.0083
Carter Hart,VGK,8479394,3,-0.00959600880742073,-0.007465499918907881,134,-0.0113,-0.0079
Carter Hart,VGK,8479394,4,-0.009142881259322166,-0.007465499918907881,87,-0.0112,-0.007
Carter Hart,VGK,8479394,5,-0.009062123484909534,-0.007465499918907881,120,-0.0109,-0.0073
Carter Hart,VGK,8479394,6,-0.009243746288120747,-0.007465499918907881,24,-0.0133,-0.0051
Carter Hart,VGK,8479394,7,-0.009542997926473618,-0.007465499918907881,134,-0.0112,-0.0078
Carter Hart,VGK,8479394,8,-0.009744181297719479,-0.007465499918907881,91,-0.0118,-0.0076
Vyacheslav Buteyets,ANA,8483746,0,-0.00317799742333591,-0.001678738626651466,0,-0.0232,0.0168
Vyacheslav Buteyets,ANA,8483746,1,-0.0031848871149122715,-0.001678738626651466,0,-0.0232,0.0168
Vyacheslav Buteyets,ANA,8483746,2,-0.0031894699204713106,-0.001678738626651466,0,-0.0232,0.0168
Vyacheslav Buteyets,ANA,8483746,3,-0.0031930762343108654,-0.001678738626651466,0,-0.0232,0.0168
Vyacheslav Buteyets,ANA,8483746,4,-0.003193851560354233,-0.001678738626651466,0,-0.0232,0.0168
Vyacheslav Buteyets,ANA,8483746,5,-0.0031917330343276262,-0.001678738626651466,0,-0.0232,0.0168
Vyacheslav Buteyets,ANA,8483746,6,-0.0031895991414785385,-0.001678738626651466,0,-0.0232,0.0168
Vyacheslav Buteyets,ANA,8483746,7,-0.0031865225173532963,-0.001678738626651466,0,-0.0232,0.0168
Vyacheslav Buteyets,ANA,8483746,8,-0.0031859218142926693,-0.001678738626651466,0,-0.0232,0.0168
Laurent Brossoit,SJS,8476316,0,-0.007522802799940109,-0.0035119110252708197,0,-0.0275,0.0125
Laurent Brossoit,SJS,8476316,1,-0.007529998663812876,-0.0035119110252708197,0,-0.0275,0.0125
Laurent Brossoit,SJS,8476316,2,-0.007534191012382507,-0.0035119110252708197,0,-0.0275,0.0125
Laurent Brossoit,SJS,8476316,3,-0.007538507226854563,-0.0035119110252708197,0,-0.0275,0.0125
Laurent Brossoit,SJS,8476316,4,-0.007538583595305681,-0.0035119110252708197,0,-0.0275,0.0125
Laurent Brossoit,SJS,8476316,5,-0.007536952383816242,-0.0035119110252708197,0,-0.0275,0.0125
Laurent Brossoit,SJS,8476316,6,-0.007534480653703213,-0.0035119110252708197,0,-0.0275,0.0125
Laurent Brossoit,SJS,8476316,7,-0.007531754672527313,-0.0035119110252708197,0,-0.0275,0.0125
Laurent Brossoit,SJS,8476316,8,-0.0075310696847736835,-0.0035119110252708197,0,-0.0275,0.0125
Arsenii Sergeev,CGY,8482949,0,0.01295088604092598,0.006253489293158054,0,-0.007,0.033
Arsenii Sergeev,CGY,8482949,1,0.012945057824254036,0.006253489293158054,0,-0.0071,0.0329
Arsenii Sergeev,CGY,8482949,2,0.012939702719449997,0.006253489293158054,0,-0.0071,0.0329
Arsenii Sergeev,CGY,8482949,3,0.012936674989759922,0.006253489293158054,0,-0.0071,0.0329
Arsenii Sergeev,CGY,8482949,4,0.01293540745973587,0.006253489293158054,0,-0.0071,0.0329
Arsenii Sergeev,CGY,8482949,5,0.012938213534653187,0.006253489293158054,0,-0.0071,0.0329
Arsenii Sergeev,CGY,8482949,6,0.01293985452502966,0.006253489293158054,0,-0.0071,0.0329
Arsenii Sergeev,CGY,8482949,7,0.012943554669618607,0.006253489293158054,0,-0.0071,0.0329
Arsenii Sergeev,CGY,8482949,8,0.01294394675642252,0.006253489293158054,0,-0.0071,0.0329
