player_name,team,goalie_id,week,phi,mu_phi,shots_that_week,phi_lo,phi_hi
Ukko-Pekka Luukkonen,BUF,8480045,0,-0.014563229866325855,-0.01307939738035202,9,-0.0213,-0.0079
Ukko-Pekka Luukkonen,BUF,8480045,1,-0.014767476357519627,-0.01307939738035202,8,-0.0219,-0.0077
Ukko-Pekka Luukkonen,BUF,8480045,2,-0.014936640858650208,-0.01307939738035202,0,-0.0349,0.0051
Ukko-Pekka Luukkonen,BUF,8480045,3,-0.015101837925612926,-0.01307939738035202,0,-0.0351,0.0049
Ukko-Pekka Luukkonen,BUF,8480045,4,-0.015263796783983707,-0.01307939738035202,1,-0.0353,0.0047
Ukko-Pekka Luukkonen,BUF,8480045,5,-0.015343504026532173,-0.01307939738035202,2,-0.0294,-0.0012
Ukko-Pekka Luukkonen,BUF,8480045,6,-0.015344453975558281,-0.01307939738035202,0,-0.0353,0.0047
Ukko-Pekka Luukkonen,BUF,8480045,7,-0.015345067717134953,-0.01307939738035202,0,-0.0353,0.0047
Ukko-Pekka Luukkonen,BUF,8480045,8,-0.015345032326877117,-0.01307939738035202,0,-0.0353,0.0047
Casey DeSmith,DAL,8479193,0,0.0012724316911771894,-0.0029035198967903852,0,-0.0187,0.0213
Casey DeSmith,DAL,8479193,1,0.0012686889385804534,-0.0029035198967903852,0,-0.0187,0.0213
Casey DeSmith,DAL,8479193,2,0.0012651013676077127,-0.0029035198967903852,0,-0.0187,0.0213
Casey DeSmith,DAL,8479193,3,0.0012654683087021112,-0.0029035198967903852,0,-0.0187,0.0213
Casey DeSmith,DAL,8479193,4,0.001269089407287538,-0.0029035198967903852,0,-0.0187,0.0213
Casey DeSmith,DAL,8479193,5,0.0012676686746999621,-0.0029035198967903852,0,-0.0187,0.0213
Casey DeSmith,DAL,8479193,6,0.001266723615117371,-0.0029035198967903852,0,-0.0187,0.0213
Casey DeSmith,DAL,8479193,7,0.001266107545234263,-0.0029035198967903852,0,-0.0187,0.0213
Casey DeSmith,DAL,8479193,8,0.001266146544367075,-0.0029035198967903852,0,-0.0187,0.0213
Kaapo Kahkonen,MTL,8478039,0,-0.002663194667547941,-0.002252758014947176,0,-0.0227,0.0173
Kaapo Kahkonen,MTL,8478039,1,-0.002666948363184929,-0.002252758014947176,0,-0.0227,0.0173
Kaapo Kahkonen,MTL,8478039,2,-0.0026705435011535883,-0.002252758014947176,0,-0.0227,0.0173
Kaapo Kahkonen,MTL,8478039,3,-0.002670185174793005,-0.002252758014947176,0,-0.0227,0.0173
Kaapo Kahkonen,MTL,8478039,4,-0.0026665683835744858,-0.002252758014947176,0,-0.0227,0.0173
Kaapo Kahkonen,MTL,8478039,5,-0.0026679961010813713,-0.002252758014947176,0,-0.0227,0.0173
Kaapo Kahkonen,MTL,8478039,6,-0.0026689425576478243,-0.002252758014947176,0,-0.0227,0.0173
Kaapo Kahkonen,MTL,8478039,7,-0.0026695625856518745,-0.002252758014947176,0,-0.0227,0.0173
Kaapo Kahkonen,MTL,8478039,8,-0.0026695223059505224,-0.002252758014947176,0,-0.0227,0.0173
Jesper Wallstedt,MIN,8482661,0,0.003360989037901163,0.0009474935359321535,0,-0.0166,0.0234
Jesper Wallstedt,MIN,8482661,1,0.003166185226291418,0.0009474935359321535,28,-0.0006,0.007
Jesper Wallstedt,MIN,8482661,2,0.003178015351295471,0.0009474935359321535,5,-0.0057,0.0121
Jesper Wallstedt,MIN,8482661,3,0.003239558544009924,0.0009474935359321535,19,-0.0014,0.0078
Jesper Wallstedt,MIN,8482661,4,0.003199729137122631,0.0009474935359321535,5,-0.0057,0.0121
Jesper Wallstedt,MIN,8482661,5,0.003198309801518917,0.0009474935359321535,0,-0.0168,0.0232
Jesper Wallstedt,MIN,8482661,6,0.003197362180799246,0.0009474935359321535,0,-0.0168,0.0232
Jesper Wallstedt,MIN,8482661,7,0.0031967489048838615,0.0009474935359321535,0,-0.0168,0.0232
Jesper Wallstedt,MIN,8482661,8,0.0031967838294804096,0.0009474935359321535,0,-0.0168,0.0232
Spencer Knight,CHI,8481519,0,0.011640071868896484,0.007323040161281824,0,-0.0084,0.0316
Spencer Knight,CHI,8481519,1,0.011636342853307724,0.007323040161281824,0,-0.0084,0.0316
Spencer Knight,CHI,8481519,2,0.011632767505943775,0.007323040161281824,0,-0.0084,0.0316
Spencer Knight,CHI,8481519,3,0.011633146554231644,0.007323040161281824,0,-0.0084,0.0316
Spencer Knight,CHI,8481519,4,0.011636773124337196,0.007323040161281824,0,-0.0084,0.0316
Spencer Knight,CHI,8481519,5,0.011635363101959229,0.007323040161281824,0,-0.0084,0.0316
Spencer Knight,CHI,8481519,6,0.011634420603513718,0.007323040161281824,0,-0.0084,0.0316
Spencer Knight,CHI,8481519,7,0.011633811518549919,0.007323040161281824,0,-0.0084,0.0316
Spencer Knight,CHI,8481519,8,0.01163384411484003,0.007323040161281824,0,-0.0084,0.0316
Matt Murray,NSH,8483575,0,0.0014976052334532142,0.0016462162602692842,0,-0.0185,0.0215
Matt Murray,NSH,8483575,1,0.001493872026912868,0.0016462162602692842,0,-0.0185,0.0215
Matt Murray,NSH,8483575,2,0.0014902935363352299,0.0016462162602692842,0,-0.0185,0.0215
Matt Murray,NSH,8483575,3,0.0014906669966876507,0.0016462162602692842,0,-0.0185,0.0215
Matt Murray,NSH,8483575,4,0.0014942948473617435,0.0016462162602692842,0,-0.0185,0.0215
Matt Murray,NSH,8483575,5,0.0014928777236491442,0.0016462162602692842,0,-0.0185,0.0215
Matt Murray,NSH,8483575,6,0.0014919368550181389,0.0016462162602692842,0,-0.0185,0.0215
Matt Murray,NSH,8483575,7,0.0014913220657035708,0.0016462162602692842,0,-0.0185,0.0215
Matt Murray,NSH,8483575,8,0.0014913622289896011,0.0016462162602692842,0,-0.0185,0.0215
8481749,,8481749,0,9.872956434264779e-05,0.0003821261052507907,0,-0.0199,0.0201
8481749,,8481749,1,9.498914005234838e-05,0.0003821261052507907,0,-0.0199,0.0201
8481749,,8481749,2,9.140488691627979e-05,0.0003821261052507907,0,-0.0199,0.0201
8481749,,8481749,3,9.177331230603158e-05,0.0003821261052507907,0,-0.0199,0.0201
8481749,,8481749,4,9.539665188640356e-05,0.0003821261052507907,0,-0.0199,0.0201
8481749,,8481749,5,9.39767633099109e-05,0.0003821261052507907,0,-0.0199,0.0201
8481749,,8481749,6,9.303312981501222e-05,0.0003821261052507907,0,-0.0199,0.0201
8481749,,8481749,7,9.24173800740391e-05,0.0003821261052507907,0,-0.0199,0.0201
8481749,,8481749,8,9.245669934898615e-05,0.0003821261052507907,0,-0.0199,0.0201
Cooper Black,FLA,8484900,0,0.00040058602462522686,0.0006838443805463612,0,-0.0196,0.0204
Cooper Black,FLA,8484900,1,0.00039684734656475484,0.0006838443805463612,0,-0.0196,0.0204
Cooper Black,FLA,8484900,2,0.000393264286685735,0.0006838443805463612,0,-0.0196,0.0204
Cooper Black,FLA,8484900,3,0.00039363419637084007,0.0006838443805463612,0,-0.0196,0.0204
Cooper Black,FLA,8484900,4,0.0003972583217546344,0.0006838443805463612,0,-0.0196,0.0204
Cooper Black,FLA,8484900,5,0.0003958393062930554,0.0006838443805463612,0,-0.0196,0.0204
Cooper Black,FLA,8484900,6,0.0003948961093556136,0.0006838443805463612,0,-0.0196,0.0204
Cooper Black,FLA,8484900,7,0.0003942808252759278,0.0006838443805463612,0,-0.0196,0.0204
Cooper Black,FLA,8484900,8,0.00039432011544704437,0.0006838443805463612,0,-0.0196,0.0204
Hunter Shepard,OTT,8482411,0,5.055195651948452e-05,-0.00018764105334412307,0,-0.0199,0.0201
Hunter Shepard,OTT,8482411,1,4.680914571508765e-05,-0.00018764105334412307,0,-0.02,0.02
Hunter Shepard,OTT,8482411,2,4.322300083003938e-05,-0.00018764105334412307,0,-0.02,0.02
Hunter Shepard,OTT,8482411,3,4.3589621782302856e-05,-0.00018764105334412307,0,-0.02,0.02
Hunter Shepard,OTT,8482411,4,4.7211593482643366e-05,-0.00018764105334412307,0,-0.02,0.02
Hunter Shepard,OTT,8482411,5,4.5790657168254256e-05,-0.00018764105334412307,0,-0.02,0.02
Hunter Shepard,OTT,8482411,6,4.484612145461142e-05,-0.00018764105334412307,0,-0.02,0.02
Hunter Shepard,OTT,8482411,7,4.4230022467672825e-05,-0.00018764105334412307,0,-0.02,0.02
Hunter Shepard,OTT,8482411,8,4.426907980814576e-05,-0.00018764105334412307,0,-0.02,0.02
Clay Stevenson,WSH,8483532,0,0.0010715215466916561,-0.0007819957681931555,0,-0.0189,0.0211
Clay Stevenson,WSH,8483532,1,0.0010677751852199435,-0.0007819957681931555,0,-0.0189,0.0211
Clay Stevenson,WSH,8483532,2,0.0010641864500939846,-0.0007819957681931555,0,-0.0189,0.0211
Clay Stevenson,WSH,8483532,3,0.0010645505972206593,-0.0007819957681931555,0,-0.0189,0.0211
Clay Stevenson,WSH,8483532,4,0.0010681705316528678,-0.0007819957681931555,0,-0.0189,0.0211
Clay Stevenson,WSH,8483532,5,0.0010667482856661081,-0.0007819957681931555,0,-0.0189,0.0211
Clay Stevenson,WSH,8483532,6,0.0010658022947609425,-0.0007819957681931555,0,-0.0189,0.0211
Clay Stevenson,WSH,8483532,7,0.0010651859920471907,-0.0007819957681931555,0,-0.0189,0.0211
Clay Stevenson,WSH,8483532,8,0.0010652244091033936,-0.0007819957681931555,0,-0.0189,0.0211
Brandon Bussi,CAR,8483548,0,-0.013968677259981632,-0.009522070176899433,0,-0.034,0.006
Brandon Bussi,CAR,8483548,1,-0.013962204568088055,-0.009522070176899433,0,-0.034,0.006
Brandon Bussi,CAR,8483548,2,-0.013955569826066494,-0.009522070176899433,0,-0.034,0.006
Brandon Bussi,CAR,8483548,3,-0.01394498161971569,-0.009522070176899433,0,-0.0339,0.0061
Brandon Bussi,CAR,8483548,4,-0.013931133784353733,-0.009522070176899433,0,-0.0339,0.0061
Brandon Bussi,CAR,8483548,5,-0.013922328129410744,-0.009522070176899433,0,-0.0339,0.0061
Brandon Bussi,CAR,8483548,6,-0.013913040980696678,-0.009522070176899433,0,-0.0339,0.0061
Brandon Bussi,CAR,8483548,7,-0.013903425075113773,-0.009522070176899433,0,-0.0339,0.0061
Brandon Bussi,CAR,8483548,8,-0.013893147930502892,-0.009522070176899433,11,-0.0199,-0.0079
8475839,,8475839,0,0.0019368476932868361,0.002219434827566147,0,-0.0181,0.0219
8475839,,8475839,1,0.0019331182120367885,0.002219434827566147,0,-0.0181,0.0219
8475839,,8475839,2,0.0019295415841042995,0.002219434827566147,0,-0.0181,0.0219
8475839,,8475839,3,0.0019299180712550879,0.002219434827566147,0,-0.0181,0.0219
8475839,,8475839,4,0.0019335466204211116,0.002219434827566147,0,-0.0181,0.0219
8475839,,8475839,5,0.0019321311265230179,0.002219434827566147,0,-0.0181,0.0219
8475839,,8475839,6,0.0019311911892145872,0.002219434827566147,0,-0.0181,0.0219
8475839,,8475839,7,0.0019305770983919501,0.002219434827566147,0,-0.0181,0.0219
8475839,,8475839,8,0.0019306172616779804,0.002219434827566147,0,-0.0181,0.0219
Michael DiPietro,BOS,8480022,0,0.0009738098597154021,0.0012268252903595567,0,-0.019,0.021
Michael DiPietro,BOS,8480022,1,0.0009700749069452286,0.0012268252903595567,0,-0.019,0.021
Michael DiPietro,BOS,8480022,2,0.0009664955432526767,0.0012268252903595567,0,-0.019,0.021
Michael DiPietro,BOS,8480022,3,0.0009668676648288965,0.0012268252903595567,0,-0.019,0.021
Michael DiPietro,BOS,8480022,4,0.0009704948170110583,0.0012268252903595567,0,-0.019,0.021
Michael DiPietro,BOS,8480022,5,0.0009690769948065281,0.0012268252903595567,0,-0.019,0.021
Michael DiPietro,BOS,8480022,6,0.0009681357769295573,0.0012268252903595567,0,-0.019,0.021
Michael DiPietro,BOS,8480022,7,0.000967520521953702,0.0012268252903595567,0,-0.019,0.021
Michael DiPietro,BOS,8480022,8,0.0009675607434473932,0.0012268252903595567,0,-0.019,0.021
Scott Wedgewood,COL,8475809,0,0.006337577942758799,0.001629545004107058,8,-0.0008,0.0134
Scott Wedgewood,COL,8475809,1,0.006501222960650921,0.001629545004107058,11,0.0005,0.0125
Scott Wedgewood,COL,8475809,2,0.006661428604274988,0.001629545004107058,4,-0.0033,0.0167
Scott Wedgewood,COL,8475809,3,0.006784317083656788,0.001629545004107058,21,0.0024,0.0112
Scott Wedgewood,COL,8475809,4,0.006740761920809746,0.001629545004107058,0,-0.0133,0.0267
Scott Wedgewood,COL,8475809,5,0.006692166440188885,0.001629545004107058,5,-0.0022,0.0156
Scott Wedgewood,COL,8475809,6,0.006691219285130501,0.001629545004107058,0,-0.0133,0.0267
Scott Wedgewood,COL,8475809,7,0.006690606940537691,0.001629545004107058,0,-0.0133,0.0267
Scott Wedgewood,COL,8475809,8,0.006690641865134239,0.001629545004107058,0,-0.0133,0.0267
8476904,,8476904,0,-0.00026794683071784675,1.5606754459440708e-05,0,-0.0203,0.0197
8476904,,8476904,1,-0.00027168908854946494,1.5606754459440708e-05,0,-0.0203,0.0197
8476904,,8476904,2,-0.00027527500060386956,1.5606754459440708e-05,0,-0.0203,0.0197
8476904,,8476904,3,-0.0002749079139903188,1.5606754459440708e-05,0,-0.0203,0.0197
8476904,,8476904,4,-0.0002712857676669955,1.5606754459440708e-05,0,-0.0203,0.0197
8476904,,8476904,5,-0.0002727064420469105,1.5606754459440708e-05,0,-0.0203,0.0197
8476904,,8476904,6,-0.00027365086134523153,1.5606754459440708e-05,0,-0.0203,0.0197
8476904,,8476904,7,-0.0002742668439168483,1.5606754459440708e-05,0,-0.0203,0.0197
8476904,,8476904,8,-0.00027422778657637537,1.5606754459440708e-05,0,-0.0203,0.0197
8480420,,8480420,0,-0.001983012305572629,-0.001698635402135551,0,-0.022,0.018
8480420,,8480420,1,-0.0019867648370563984,-0.001698635402135551,0,-0.022,0.018
8480420,,8480420,2,-0.0019903588108718395,-0.001698635402135551,0,-0.022,0.018
8480420,,8480420,3,-0.001989999320358038,-0.001698635402135551,0,-0.022,0.018
8480420,,8480420,4,-0.0019863825291395187,-0.001698635402135551,0,-0.022,0.018
8480420,,8480420,5,-0.0019878081511706114,-0.001698635402135551,0,-0.022,0.018
8480420,,8480420,6,-0.001988755539059639,-0.001698635402135551,0,-0.022,0.018
8480420,,8480420,7,-0.0019893734715878963,-0.001698635402135551,0,-0.022,0.018
8480420,,8480420,8,-0.001989335287362337,-0.001698635402135551,0,-0.022,0.018
Eric Comrie,WPG,8477480,0,-0.01661679893732071,-0.011913638561964035,0,-0.0366,0.0034
Eric Comrie,WPG,8477480,1,-0.016620568931102753,-0.011913638561964035,0,-0.0366,0.0034
Eric Comrie,WPG,8477480,2,-0.016624178737401962,-0.011913638561964035,0,-0.0366,0.0034
Eric Comrie,WPG,8477480,3,-0.016623834148049355,-0.011913638561964035,0,-0.0366,0.0034
Eric Comrie,WPG,8477480,4,-0.016620222479104996,-0.011913638561964035,0,-0.0366,0.0034
Eric Comrie,WPG,8477480,5,-0.016621660441160202,-0.011913638561964035,0,-0.0366,0.0034
Eric Comrie,WPG,8477480,6,-0.01662261039018631,-0.011913638561964035,0,-0.0366,0.0034
Eric Comrie,WPG,8477480,7,-0.01662323996424675,-0.011913638561964035,0,-0.0366,0.0034
Eric Comrie,WPG,8477480,8,-0.01662319526076317,-0.011913638561964035,0,-0.0366,0.0034
Jacob Markstrom,NJD,8474593,0,0.01787993311882019,0.01905195415019989,0,-0.0021,0.0379
Jacob Markstrom,NJD,8474593,1,0.017876217141747475,0.01905195415019989,0,-0.0021,0.0379
Jacob Markstrom,NJD,8474593,2,0.0178726464509964,0.01905195415019989,0,-0.0021,0.0379
Jacob Markstrom,NJD,8474593,3,0.01787303015589714,0.01905195415019989,0,-0.0021,0.0379
Jacob Markstrom,NJD,8474593,4,0.017876669764518738,0.01905195415019989,0,-0.0021,0.0379
Jacob Markstrom,NJD,8474593,5,0.017875254154205322,0.01905195415019989,0,-0.0021,0.0379
Jacob Markstrom,NJD,8474593,6,0.017874324694275856,0.01905195415019989,0,-0.0021,0.0379
Jacob Markstrom,NJD,8474593,7,0.01787371188402176,0.01905195415019989,0,-0.0021,0.0379
Jacob Markstrom,NJD,8474593,8,0.017873750999569893,0.01905195415019989,0,-0.0021,0.0379
Joseph Woll,TOR,8479361,0,-0.004380440805107355,-0.005932183004915714,0,-0.0244,0.0156
Joseph Woll,TOR,8479361,1,-0.004384185653179884,-0.005932183004915714,0,-0.0244,0.0156
Joseph Woll,TOR,8479361,2,-0.004387776367366314,-0.005932183004915714,0,-0.0244,0.0156
Joseph Woll,TOR,8479361,3,-0.004387411288917065,-0.005932183004915714,0,-0.0244,0.0156
Joseph Woll,TOR,8479361,4,-0.004383791238069534,-0.005932183004915714,0,-0.0244,0.0156
Joseph Woll,TOR,8479361,5,-0.004385213367640972,-0.005932183004915714,0,-0.0244,0.0156
Joseph Woll,TOR,8479361,6,-0.004386159125715494,-0.005932183004915714,0,-0.0244,0.0156
Joseph Woll,TOR,8479361,7,-0.0043867770582437515,-0.005932183004915714,0,-0.0244,0.0156
Joseph Woll,TOR,8479361,8,-0.0043867360800504684,-0.005932183004915714,0,-0.0244,0.0156
Mackenzie Blackwood,COL,8478406,0,0.011132330633699894,0.01268964447081089,0,-0.0089,0.0311
Mackenzie Blackwood,COL,8478406,1,0.011190294288098812,0.01268964447081089,0,-0.0088,0.0312
Mackenzie Blackwood,COL,8478406,2,0.011248412542045116,0.01268964447081089,0,-0.0088,0.0312
Mackenzie Blackwood,COL,8478406,3,0.011310483328998089,0.01268964447081089,0,-0.0087,0.0313
Mackenzie Blackwood,COL,8478406,4,0.011375807225704193,0.01268964447081089,7,0.0038,0.019
Mackenzie Blackwood,COL,8478406,5,0.011374394409358501,0.01268964447081089,0,-0.0086,0.0314
Mackenzie Blackwood,COL,8478406,6,0.011373454704880714,0.01268964447081089,0,-0.0086,0.0314
Mackenzie Blackwood,COL,8478406,7,0.011372844688594341,0.01268964447081089,0,-0.0086,0.0314
Mackenzie Blackwood,COL,8478406,8,0.0113728828728199,0.01268964447081089,0,-0.0086,0.0314
Akira Schmid,VGK,8481033,0,-0.015492258593440056,-0.007432375568896532,0,-0.0355,0.0045
Akira Schmid,VGK,8481033,1,-0.015496021136641502,-0.007432375568896532,0,-0.0355,0.0045
Akira Schmid,VGK,8481033,2,-0.01549962256103754,-0.007432375568896532,0,-0.0355,0.0045
Akira Schmid,VGK,8481033,3,-0.015499266795814037,-0.007432375568896532,0,-0.0355,0.0045
Akira Schmid,VGK,8481033,4,-0.015495658852159977,-0.007432375568896532,0,-0.0355,0.0045
Akira Schmid,VGK,8481033,5,-0.015497086569666862,-0.007432375568896532,0,-0.0355,0.0045
Akira Schmid,VGK,8481033,6,-0.015498035587370396,-0.007432375568896532,0,-0.0355,0.0045
Akira Schmid,VGK,8481033,7,-0.015498658642172813,-0.007432375568896532,0,-0.0355,0.0045
Akira Schmid,VGK,8481033,8,-0.015498618595302105,-0.007432375568896532,0,-0.0355,0.0045
Georgi Romanov,STL,8484312,0,0.0005425973795354366,0.0010198595700785518,0,-0.0195,0.0205
Georgi Romanov,STL,8484312,1,0.0005388607969507575,0.0010198595700785518,0,-0.0195,0.0205
Georgi Romanov,STL,8484312,2,0.0005352799780666828,0.0010198595700785518,0,-0.0195,0.0205
Georgi Romanov,STL,8484312,3,0.0005356512265279889,0.0010198595700785518,0,-0.0195,0.0205
Georgi Romanov,STL,8484312,4,0.0005392769817262888,0.0010198595700785518,0,-0.0195,0.0205
Georgi Romanov,STL,8484312,5,0.0005378590431064367,0.0010198595700785518,0,-0.0195,0.0205
Georgi Romanov,STL,8484312,6,0.000536916428245604,0.0010198595700785518,0,-0.0195,0.0205
Georgi Romanov,STL,8484312,7,0.0005363016971386969,0.0010198595700785518,0,-0.0195,0.0205
Georgi Romanov,STL,8484312,8,0.0005363412201404572,0.0010198595700785518,0,-0.0195,0.0205
Dustin Wolf,CGY,8481692,0,0.03186623007059097,0.02023259364068508,0,0.0119,0.0519
Dustin Wolf,CGY,8481692,1,0.031862497329711914,0.02023259364068508,0,0.0119,0.0519
Dustin Wolf,CGY,8481692,2,0.03185894712805748,0.02023259364068508,0,0.0119,0.0519
Dustin Wolf,CGY,8481692,3,0.03185931593179703,0.02023259364068508,0,0.0119,0.0519
Dustin Wolf,CGY,8481692,4,0.03186297044157982,0.02023259364068508,0,0.0119,0.0519
Dustin Wolf,CGY,8481692,5,0.03186153993010521,0.02023259364068508,0,0.0119,0.0519
Dustin Wolf,CGY,8481692,6,0.03186061978340149,0.02023259364068508,0,0.0119,0.0519
Dustin Wolf,CGY,8481692,7,0.031860001385211945,0.02023259364068508,0,0.0119,0.0519
Dustin Wolf,CGY,8481692,8,0.03186004236340523,0.02023259364068508,0,0.0119,0.0519
Philipp Grubauer,SEA,8475831,0,-0.0025585482362657785,-0.00037585399695672095,0,-0.0226,0.0174
Philipp Grubauer,SEA,8475831,1,-0.0025622823741286993,-0.00037585399695672095,0,-0.0226,0.0174
Philipp Grubauer,SEA,8475831,2,-0.002565860515460372,-0.00037585399695672095,0,-0.0226,0.0174
Philipp Grubauer,SEA,8475831,3,-0.0025654882192611694,-0.00037585399695672095,0,-0.0226,0.0174
Philipp Grubauer,SEA,8475831,4,-0.002561860717833042,-0.00037585399695672095,0,-0.0226,0.0174
Philipp Grubauer,SEA,8475831,5,-0.002563277492299676,-0.00037585399695672095,0,-0.0226,0.0174
Philipp Grubauer,SEA,8475831,6,-0.002564219059422612,-0.00037585399695672095,0,-0.0226,0.0174
Philipp Grubauer,SEA,8475831,7,-0.0025648334994912148,-0.00037585399695672095,0,-0.0226,0.0174
Philipp Grubauer,SEA,8475831,8,-0.0025647939182817936,-0.00037585399695672095,0,-0.0226,0.0174
Devon Levi,BUF,8482221,0,0.002266129245981574,0.0024156635627150536,0,-0.0177,0.0223
Devon Levi,BUF,8482221,1,0.0022623983677476645,0.0024156635627150536,0,-0.0177,0.0223
Devon Levi,BUF,8482221,2,0.0022588230203837156,0.0024156635627150536,0,-0.0177,0.0223
Devon Levi,BUF,8482221,3,0.00225919671356678,0.0024156635627150536,0,-0.0177,0.0223
Devon Levi,BUF,8482221,4,0.0022628274746239185,0.0024156635627150536,0,-0.0177,0.0223
Devon Levi,BUF,8482221,5,0.002261410467326641,0.0024156635627150536,0,-0.0177,0.0223
Devon Levi,BUF,8482221,6,0.002260470762848854,0.0024156635627150536,0,-0.0177,0.0223
Devon Levi,BUF,8482221,7,0.002259856555610895,0.0024156635627150536,0,-0.0177,0.0223
Devon Levi,BUF,8482221,8,0.00225989636965096,0.0024156635627150536,0,-0.0177,0.0223
Cayden Primeau,CAR,8480051,0,-0.004443434998393059,-0.004493622574955225,0,-0.0244,0.0156
Cayden Primeau,CAR,8480051,1,-0.004447193816304207,-0.004493622574955225,0,-0.0244,0.0156
Cayden Primeau,CAR,8480051,2,-0.004450795240700245,-0.004493622574955225,0,-0.0245,0.0155
Cayden Primeau,CAR,8480051,3,-0.004450442269444466,-0.004493622574955225,0,-0.0245,0.0155
Cayden Primeau,CAR,8480051,4,-0.004446830600500107,-0.004493622574955225,0,-0.0244,0.0156
Cayden Primeau,CAR,8480051,5,-0.004448261111974716,-0.004493622574955225,0,-0.0244,0.0156
Cayden Primeau,CAR,8480051,6,-0.004449210129678249,-0.004493622574955225,0,-0.0244,0.0156
Cayden Primeau,CAR,8480051,7,-0.004449830856174231,-0.004493622574955225,0,-0.0244,0.0156
Cayden Primeau,CAR,8480051,8,-0.004449792671948671,-0.004493622574955225,0,-0.0244,0.0156
8480199,,8480199,0,-0.00020873000903520733,7.480308704543859e-05,0,-0.0202,0.0198
8480199,,8480199,1,-0.00021247201948426664,7.480308704543859e-05,0,-0.0202,0.0198
8480199,,8480199,2,-0.00021605772781185806,7.480308704543859e-05,0,-0.0202,0.0198
8480199,,8480199,3,-0.00021569046657532454,7.480308704543859e-05,0,-0.0202,0.0198
8480199,,8480199,4,-0.000212068174732849,7.480308704543859e-05,0,-0.0202,0.0198
8480199,,8480199,5,-0.00021348871814552695,7.480308704543859e-05,0,-0.0202,0.0198
8480199,,8480199,6,-0.00021443303558044136,7.480308704543859e-05,0,-0.0202,0.0198
8480199,,8480199,7,-0.00021504898904822767,7.480308704543859e-05,0,-0.0202,0.0198
8480199,,8480199,8,-0.00021500993170775473,7.480308704543859e-05,0,-0.0202,0.0198
Calvin Pickard,EDM,8475717,0,-0.0015996522270143032,-0.0020746360532939434,0,-0.0216,0.0184
Calvin Pickard,EDM,8475717,1,-0.0016033961437642574,-0.0020746360532939434,0,-0.0216,0.0184
Calvin Pickard,EDM,8475717,2,-0.0016069826669991016,-0.0020746360532939434,0,-0.0216,0.0184
Calvin Pickard,EDM,8475717,3,-0.001606616424396634,-0.0020746360532939434,0,-0.0216,0.0184
Calvin Pickard,EDM,8475717,4,-0.0016029953258112073,-0.0020746360532939434,0,-0.0216,0.0184
Calvin Pickard,EDM,8475717,5,-0.0016044164076447487,-0.0020746360532939434,0,-0.0216,0.0184
Calvin Pickard,EDM,8475717,6,-0.001605361234396696,-0.0020746360532939434,0,-0.0216,0.0184
Calvin Pickard,EDM,8475717,7,-0.0016059771878644824,-0.0020746360532939434,0,-0.0216,0.0184
Calvin Pickard,EDM,8475717,8,-0.0016059386543929577,-0.0020746360532939434,0,-0.0216,0.0184
Justus Annunen,NSH,8481020,0,-0.00028276952798478305,-0.0049395328387618065,0,-0.0203,0.0197
Justus Annunen,NSH,8481020,1,-0.0002865199639927596,-0.0049395328387618065,0,-0.0203,0.0197
Justus Annunen,NSH,8481020,2,-0.0002901136176660657,-0.0049395328387618065,0,-0.0203,0.0197
Justus Annunen,NSH,8481020,3,-0.0002897523227147758,-0.0049395328387618065,0,-0.0203,0.0197
Justus Annunen,NSH,8481020,4,-0.00028613570611923933,-0.0049395328387618065,0,-0.0203,0.0197
Justus Annunen,NSH,8481020,5,-0.00028755998937413096,-0.0049395328387618065,0,-0.0203,0.0197
Justus Annunen,NSH,8481020,6,-0.00028850746457464993,-0.0049395328387618065,0,-0.0203,0.0197
Justus Annunen,NSH,8481020,7,-0.0002891250769607723,-0.0049395328387618065,0,-0.0203,0.0197
Justus Annunen,NSH,8481020,8,-0.00028908680542372167,-0.0049395328387618065,0,-0.0203,0.0197
Trent Miner,COL,8481529,0,0.009944756515324116,0.007859822362661362,0,-0.0101,0.0299
Trent Miner,COL,8481529,1,0.009941053576767445,0.007859822362661362,0,-0.0101,0.0299
Trent Miner,COL,8481529,2,0.009937504306435585,0.007859822362661362,0,-0.0101,0.0299
Trent Miner,COL,8481529,3,0.009937900118529797,0.007859822362661362,0,-0.0101,0.0299
Trent Miner,COL,8481529,4,0.00994154717773199,0.007859822362661362,0,-0.0101,0.0299
Trent Miner,COL,8481529,5,0.009940143674612045,0.007859822362661362,0,-0.0101,0.0299
Trent Miner,COL,8481529,6,0.009939214214682579,0.007859822362661362,0,-0.0101,0.0299
Trent Miner,COL,8481529,7,0.00993860512971878,0.007859822362661362,0,-0.0101,0.0299
Trent Miner,COL,8481529,8,0.009938648901879787,0.007859822362661362,0,-0.0101,0.0299
8476433,,8476433,0,-9.630311978980899e-06,0.00027380872052162886,0,-0.02,0.02
8476433,,8476433,1,-1.3371347449719906e-05,0.00027380872052162886,0,-0.02,0.02
8476433,,8476433,2,-1.6955833416432142e-05,0.00027380872052162886,0,-0.02,0.02
8476433,,8476433,3,-1.6587990103289485e-05,0.00027380872052162886,0,-0.02,0.02
8476433,,8476433,4,-1.2964796042069793e-05,0.00027380872052162886,0,-0.02,0.02
8476433,,8476433,5,-1.4385004760697484e-05,0.00027380872052162886,0,-0.02,0.02
8476433,,8476433,6,-1.5328783774748445e-05,0.00027380872052162886,0,-0.02,0.02
8476433,,8476433,7,-1.5944679034873843e-05,0.00027380872052162886,0,-0.02,0.02
8476433,,8476433,8,-1.590541796758771e-05,0.00027380872052162886,0,-0.02,0.02
Rémi Poirier,DAL,8482465,0,-0.002191139617934823,-0.001706817769445479,0,-0.0222,0.0178
Rémi Poirier,DAL,8482465,1,-0.0021948921494185925,-0.001706817769445479,0,-0.0222,0.0178
Rémi Poirier,DAL,8482465,2,-0.0021984856575727463,-0.001706817769445479,0,-0.0222,0.0178
Rémi Poirier,DAL,8482465,3,-0.0021981263998895884,-0.001706817769445479,0,-0.0222,0.0178
Rémi Poirier,DAL,8482465,4,-0.0021945093758404255,-0.001706817769445479,0,-0.0222,0.0178
Rémi Poirier,DAL,8482465,5,-0.002195935230702162,-0.001706817769445479,0,-0.0222,0.0178
Rémi Poirier,DAL,8482465,6,-0.002196882152929902,-0.001706817769445479,0,-0.0222,0.0178
Rémi Poirier,DAL,8482465,7,-0.0021975007839500904,-0.001706817769445479,0,-0.0222,0.0178
Rémi Poirier,DAL,8482465,8,-0.0021974616684019566,-0.001706817769445479,0,-0.0222,0.0178
Dan Vladar,PHI,8478435,0,-0.020890923216938972,-0.015104941092431545,1,-0.0409,-0.0009
Dan Vladar,PHI,8478435,1,-0.02087216079235077,-0.015104941092431545,20,-0.0254,-0.0164
Dan Vladar,PHI,8478435,2,-0.02072957716882229,-0.015104941092431545,10,-0.027,-0.0144
Dan Vladar,PHI,8478435,3,-0.020660461857914925,-0.015104941092431545,26,-0.0246,-0.0168
Dan Vladar,PHI,8478435,4,-0.020656850188970566,-0.015104941092431545,0,-0.0407,-0.0007
Dan Vladar,PHI,8478435,5,-0.020658278837800026,-0.015104941092431545,0,-0.0407,-0.0007
Dan Vladar,PHI,8478435,6,-0.020659230649471283,-0.015104941092431545,0,-0.0407,-0.0007
Dan Vladar,PHI,8478435,7,-0.020659849047660828,-0.015104941092431545,0,-0.0407,-0.0007
Dan Vladar,PHI,8478435,8,-0.020659808069467545,-0.015104941092431545,0,-0.0407,-0.0007
Nathaniel Day,EDM,8484455,0,-0.002272876212373376,-0.002006975933909416,0,-0.0223,0.0177
Nathaniel Day,EDM,8484455,1,-0.002276631072163582,-0.002006975933909416,0,-0.0223,0.0177
Nathaniel Day,EDM,8484455,2,-0.0022802262101322412,-0.002006975933909416,0,-0.0223,0.0177
Nathaniel Day,EDM,8484455,3,-0.00227986928075552,-0.002006975933909416,0,-0.0223,0.0177
Nathaniel Day,EDM,8484455,4,-0.002276252955198288,-0.002006975933909416,0,-0.0223,0.0177
Nathaniel Day,EDM,8484455,5,-0.002277680905535817,-0.002006975933909416,0,-0.0223,0.0177
Nathaniel Day,EDM,8484455,6,-0.0022786275949329138,-0.002006975933909416,0,-0.0223,0.0177
Nathaniel Day,EDM,8484455,7,-0.002279247622936964,-0.002006975933909416,0,-0.0223,0.0177
Nathaniel Day,EDM,8484455,8,-0.002279208041727543,-0.002006975933909416,0,-0.0223,0.0177
8484939,,8484939,0,0.0004284311144147068,0.0007116500055417418,0,-0.0196,0.0204
8484939,,8484939,1,0.00042469301843084395,0.0007116500055417418,0,-0.0196,0.0204
8484939,,8484939,2,0.0004211104242131114,0.0007116500055417418,0,-0.0196,0.0204
8484939,,8484939,3,0.0004214803921058774,0.0007116500055417418,0,-0.0196,0.0204
8484939,,8484939,4,0.00042510521598160267,0.0007116500055417418,0,-0.0196,0.0204
8484939,,8484939,5,0.0004236862005200237,0.0007116500055417418,0,-0.0196,0.0204
8484939,,8484939,6,0.00042274323641322553,0.0007116500055417418,0,-0.0196,0.0204
8484939,,8484939,7,0.0004221278941258788,0.0007116500055417418,0,-0.0196,0.0204
8484939,,8484939,8,0.00042216735891997814,0.0007116500055417418,0,-0.0196,0.0204
Connor Ingram,EDM,8478971,0,0.003149623516947031,-0.00045904028229415417,0,-0.0169,0.0231
Connor Ingram,EDM,8478971,1,0.0029501274693757296,-0.00045904028229415417,16,-0.002,0.008
Connor Ingram,EDM,8478971,2,0.0028903812635689974,-0.00045904028229415417,4,-0.0071,0.0129
Connor Ingram,EDM,8478971,3,0.002890746109187603,-0.00045904028229415417,0,-0.0171,0.0229
Connor Ingram,EDM,8478971,4,0.0028943661600351334,-0.00045904028229415417,0,-0.0171,0.0229
Connor Ingram,EDM,8478971,5,0.002892945194616914,-0.00045904028229415417,0,-0.0171,0.0229
Connor Ingram,EDM,8478971,6,0.002891998505219817,-0.00045904028229415417,0,-0.0171,0.0229
Connor Ingram,EDM,8478971,7,0.00289138313382864,-0.00045904028229415417,0,-0.0171,0.0229
Connor Ingram,EDM,8478971,8,0.0028914217837154865,-0.00045904028229415417,0,-0.0171,0.0229
Alex Nedeljkovic,SJS,8477968,0,-0.01993025839328766,-0.013971930369734764,0,-0.0399,0.0001
Alex Nedeljkovic,SJS,8477968,1,-0.01993400976061821,-0.013971930369734764,0,-0.0399,0.0001
Alex Nedeljkovic,SJS,8477968,2,-0.019937612116336823,-0.013971930369734764,0,-0.0399,0.0001
Alex Nedeljkovic,SJS,8477968,3,-0.01993725262582302,-0.013971930369734764,0,-0.0399,0.0001
Alex Nedeljkovic,SJS,8477968,4,-0.019933637231588364,-0.013971930369734764,0,-0.0399,0.0001
Alex Nedeljkovic,SJS,8477968,5,-0.019935064017772675,-0.013971930369734764,0,-0.0399,0.0001
Alex Nedeljkovic,SJS,8477968,6,-0.019936013966798782,-0.013971930369734764,0,-0.0399,0.0001
Alex Nedeljkovic,SJS,8477968,7,-0.019936632364988327,-0.013971930369734764,0,-0.0399,0.0001
Alex Nedeljkovic,SJS,8477968,8,-0.019936591386795044,-0.013971930369734764,0,-0.0399,0.0001
8475920,,8475920,0,0.00037674515624530613,0.0006600050837732852,0,-0.0196,0.0204
8475920,,8475920,1,0.00037300618714652956,0.0006600050837732852,0,-0.0196,0.0204
8475920,,8475920,2,0.0003694235347211361,0.0006600050837732852,0,-0.0196,0.0204
8475920,,8475920,3,0.00036979297874495387,0.0006600050837732852,0,-0.0196,0.0204
8475920,,8475920,4,0.0003734172787517309,0.0006600050837732852,0,-0.0196,0.0204
8475920,,8475920,5,0.00037199826329015195,0.0006600050837732852,0,-0.0196,0.0204
8475920,,8475920,6,0.00037105506635271013,0.0006600050837732852,0,-0.0196,0.0204
8475920,,8475920,7,0.0003704397240653634,0.0006600050837732852,0,-0.0196,0.0204
8475920,,8475920,8,0.0003704791306518018,0.0006600050837732852,0,-0.0196,0.0204
Joel Blomqvist,PIT,8482446,0,-0.0025780557189136744,-0.0023046552669256926,0,-0.0226,0.0174
Joel Blomqvist,PIT,8482446,1,-0.002581806154921651,-0.0023046552669256926,0,-0.0226,0.0174
Joel Blomqvist,PIT,8482446,2,-0.0025853989645838737,-0.0023046552669256926,0,-0.0226,0.0174
Joel Blomqvist,PIT,8482446,3,-0.0025850373785942793,-0.0023046552669256926,0,-0.0226,0.0174
Joel Blomqvist,PIT,8482446,4,-0.002581419888883829,-0.0023046552669256926,0,-0.0226,0.0174
Joel Blomqvist,PIT,8482446,5,-0.0025828443467617035,-0.0023046552669256926,0,-0.0226,0.0174
Joel Blomqvist,PIT,8482446,6,-0.0025837908033281565,-0.0023046552669256926,0,-0.0226,0.0174
Joel Blomqvist,PIT,8482446,7,-0.0025844089686870575,-0.0023046552669256926,0,-0.0226,0.0174
Joel Blomqvist,PIT,8482446,8,-0.0025843698531389236,-0.0023046552669256926,0,-0.0226,0.0174
Brandon Halverson,TBL,8477990,0,-0.001157566555775702,0.00024296404444612563,0,-0.0212,0.0188
Brandon Halverson,TBL,8477990,1,-0.001161308609880507,0.00024296404444612563,0,-0.0212,0.0188
Brandon Halverson,TBL,8477990,2,-0.0011648943182080984,0.00024296404444612563,0,-0.0212,0.0188
Brandon Halverson,TBL,8477990,3,-0.0011645269114524126,0.00024296404444612563,0,-0.0212,0.0188
Brandon Halverson,TBL,8477990,4,-0.0011609047651290894,0.00024296404444612563,0,-0.0212,0.0188
Brandon Halverson,TBL,8477990,5,-0.0011623251484706998,0.00024296404444612563,0,-0.0212,0.0188
Brandon Halverson,TBL,8477990,6,-0.0011632697423920035,0.00024296404444612563,0,-0.0212,0.0188
Brandon Halverson,TBL,8477990,7,-0.0011638854630291462,0.00024296404444612563,0,-0.0212,0.0188
Brandon Halverson,TBL,8477990,8,-0.001163846580311656,0.00024296404444612563,0,-0.0212,0.0188
Pyotr Kochetkov,CAR,8481611,0,-0.0010112860472872853,-0.00045754286111332476,0,-0.021,0.019
Pyotr Kochetkov,CAR,8481611,1,-0.0010150284506380558,-0.00045754286111332476,0,-0.021,0.019
Pyotr Kochetkov,CAR,8481611,2,-0.0010186145082116127,-0.00045754286111332476,0,-0.021,0.019
Pyotr Kochetkov,CAR,8481611,3,-0.0010182473342865705,-0.00045754286111332476,0,-0.021,0.019
Pyotr Kochetkov,CAR,8481611,4,-0.001014625420793891,-0.00045754286111332476,0,-0.021,0.019
Pyotr Kochetkov,CAR,8481611,5,-0.001016046036966145,-0.00045754286111332476,0,-0.021,0.019
Pyotr Kochetkov,CAR,8481611,6,-0.001016990514472127,-0.00045754286111332476,0,-0.021,0.019
Pyotr Kochetkov,CAR,8481611,7,-0.0010176063515245914,-0.00045754286111332476,0,-0.021,0.019
Pyotr Kochetkov,CAR,8481611,8,-0.001017567585222423,-0.00045754286111332476,0,-0.021,0.019
Samuel Montembeault,MTL,8478470,0,0.014961431734263897,0.01778874546289444,0,-0.005,0.035
Samuel Montembeault,MTL,8478470,1,0.014957702718675137,0.01778874546289444,0,-0.005,0.035
Samuel Montembeault,MTL,8478470,2,0.014954131096601486,0.01778874546289444,0,-0.005,0.035
Samuel Montembeault,MTL,8478470,3,0.01495450735092163,0.01778874546289444,0,-0.005,0.035
Samuel Montembeault,MTL,8478470,4,0.014958139508962631,0.01778874546289444,0,-0.005,0.035
Samuel Montembeault,MTL,8478470,5,0.014956722967326641,0.01778874546289444,0,-0.005,0.035
Samuel Montembeault,MTL,8478470,6,0.014955787919461727,0.01778874546289444,0,-0.005,0.035
Samuel Montembeault,MTL,8478470,7,0.014955167658627033,0.01778874546289444,0,-0.005,0.035
Samuel Montembeault,MTL,8478470,8,0.014955216087400913,0.01778874546289444,0,-0.005,0.035
8484968,,8484968,0,0.0016201157122850418,0.0019028165843337774,0,-0.0184,0.0216
8484968,,8484968,1,0.0016163840191438794,0.0019028165843337774,0,-0.0184,0.0216
8484968,,8484968,2,0.0016128066927194595,0.0019028165843337774,0,-0.0184,0.0216
8484968,,8484968,3,0.0016131815500557423,0.0019028165843337774,0,-0.0184,0.0216
8484968,,8484968,4,0.0016168096335604787,0.0019028165843337774,0,-0.0184,0.0216
8484968,,8484968,5,0.0016153937904164195,0.0019028165843337774,0,-0.0184,0.0216
8484968,,8484968,6,0.0016144526889547706,0.0019028165843337774,0,-0.0184,0.0216
8484968,,8484968,7,0.0016138388309627771,0.0019028165843337774,0,-0.0184,0.0216
8484968,,8484968,8,0.0016138784121721983,0.0019028165843337774,0,-0.0184,0.0216
Igor Shesterkin,NYR,8478048,0,0.012599805369973183,0.007264290004968643,0,-0.0074,0.0326
Igor Shesterkin,NYR,8478048,1,0.01259607169777155,0.007264290004968643,0,-0.0074,0.0326
Igor Shesterkin,NYR,8478048,2,0.012592493556439877,0.007264290004968643,0,-0.0074,0.0326
Igor Shesterkin,NYR,8478048,3,0.012592863291501999,0.007264290004968643,0,-0.0074,0.0326
Igor Shesterkin,NYR,8478048,4,0.0125964917242527,0.007264290004968643,0,-0.0074,0.0326
Igor Shesterkin,NYR,8478048,5,0.012595072388648987,0.007264290004968643,0,-0.0074,0.0326
Igor Shesterkin,NYR,8478048,6,0.0125941326841712,0.007264290004968643,0,-0.0074,0.0326
Igor Shesterkin,NYR,8478048,7,0.012593517079949379,0.007264290004968643,0,-0.0074,0.0326
Igor Shesterkin,NYR,8478048,8,0.012593558058142662,0.007264290004968643,0,-0.0074,0.0326
Jonathan Quick,NYR,8471734,0,0.012042246758937836,0.005239706952124834,0,-0.008,0.032
Jonathan Quick,NYR,8471734,1,0.012038514949381351,0.005239706952124834,0,-0.008,0.032
Jonathan Quick,NYR,8471734,2,0.01203494518995285,0.005239706952124834,0,-0.008,0.032
Jonathan Quick,NYR,8471734,3,0.012035316787660122,0.005239706952124834,0,-0.008,0.032
Jonathan Quick,NYR,8471734,4,0.012038950808346272,0.005239706952124834,0,-0.008,0.032
Jonathan Quick,NYR,8471734,5,0.012037534266710281,0.005239706952124834,0,-0.008,0.032
Jonathan Quick,NYR,8471734,6,0.012036597356200218,0.005239706952124834,0,-0.008,0.032
Jonathan Quick,NYR,8471734,7,0.012035980820655823,0.005239706952124834,0,-0.008,0.032
Jonathan Quick,NYR,8471734,8,0.01203602459281683,0.005239706952124834,0,-0.008,0.032
8482472,,8482472,0,0.00025615692720748484,0.0005394772160798311,0,-0.0197,0.0203
8482472,,8482472,1,0.0002524173178244382,0.0005394772160798311,0,-0.0197,0.0203
8482472,,8482472,2,0.0002488339086994529,0.0005394772160798311,0,-0.0198,0.0202
8482472,,8482472,3,0.000249203119892627,0.0005394772160798311,0,-0.0198,0.0202
8482472,,8482472,4,0.0002528268378227949,0.0005394772160798311,0,-0.0197,0.0203
8482472,,8482472,5,0.00025140747311525047,0.0005394772160798311,0,-0.0197,0.0203
8482472,,8482472,6,0.00025046392693184316,0.0005394772160798311,0,-0.0197,0.0203
8482472,,8482472,7,0.00024984864285215735,0.0005394772160798311,0,-0.0198,0.0202
8482472,,8482472,8,0.0002498877584002912,0.0005394772160798311,0,-0.0198,0.0202
Anton Forsberg,LAK,8476341,0,-0.008111990988254547,-0.005084543023258448,0,-0.0281,0.0119
Anton Forsberg,LAK,8476341,1,-0.00814977940171957,-0.005084543023258448,8,-0.0152,-0.001
Anton Forsberg,LAK,8476341,2,-0.008153372444212437,-0.005084543023258448,0,-0.0282,0.0118
Anton Forsberg,LAK,8476341,3,-0.008153016678988934,-0.005084543023258448,0,-0.0282,0.0118
Anton Forsberg,LAK,8476341,4,-0.008149399422109127,-0.005084543023258448,0,-0.0281,0.0119
Anton Forsberg,LAK,8476341,5,-0.008150825276970863,-0.005084543023258448,0,-0.0282,0.0118
Anton Forsberg,LAK,8476341,6,-0.008151773363351822,-0.005084543023258448,0,-0.0282,0.0118
Anton Forsberg,LAK,8476341,7,-0.008152390830218792,-0.005084543023258448,0,-0.0282,0.0118
Anton Forsberg,LAK,8476341,8,-0.008152353577315807,-0.005084543023258448,0,-0.0282,0.0118
Dennis Hildeby,TOR,8483710,0,0.009194670245051384,0.0049405163154006,0,-0.0108,0.0292
Dennis Hildeby,TOR,8483710,1,0.009190940298140049,0.0049405163154006,0,-0.0108,0.0292
Dennis Hildeby,TOR,8483710,2,0.009187365882098675,0.0049405163154006,0,-0.0108,0.0292
Dennis Hildeby,TOR,8483710,3,0.009187741205096245,0.0049405163154006,0,-0.0108,0.0292
Dennis Hildeby,TOR,8483710,4,0.009191373363137245,0.0049405163154006,0,-0.0108,0.0292
Dennis Hildeby,TOR,8483710,5,0.00918995775282383,0.0049405163154006,0,-0.0108,0.0292
Dennis Hildeby,TOR,8483710,6,0.009189016185700893,0.0049405163154006,0,-0.0108,0.0292
Dennis Hildeby,TOR,8483710,7,0.009188405238091946,0.0049405163154006,0,-0.0108,0.0292
Dennis Hildeby,TOR,8483710,8,0.00918844435364008,0.0049405163154006,0,-0.0108,0.0292
Joonas Korpisalo,BOS,8476914,0,-0.008221118710935116,-0.007146082818508148,0,-0.0282,0.0118
Joonas Korpisalo,BOS,8476914,1,-0.008206441067159176,-0.007146082818508148,3,-0.0197,0.0033
Joonas Korpisalo,BOS,8476914,2,-0.008210040628910065,-0.007146082818508148,0,-0.0282,0.0118
Joonas Korpisalo,BOS,8476914,3,-0.008209683001041412,-0.007146082818508148,0,-0.0282,0.0118
Joonas Korpisalo,BOS,8476914,4,-0.008206070400774479,-0.007146082818508148,0,-0.0282,0.0118
Joonas Korpisalo,BOS,8476914,5,-0.008207498118281364,-0.007146082818508148,0,-0.0282,0.0118
Joonas Korpisalo,BOS,8476914,6,-0.008208444342017174,-0.007146082818508148,0,-0.0282,0.0118
Joonas Korpisalo,BOS,8476914,7,-0.008209066465497017,-0.007146082818508148,0,-0.0282,0.0118
Joonas Korpisalo,BOS,8476914,8,-0.008209026418626308,-0.007146082818508148,0,-0.0282,0.0118
Vitek Vanecek,UTA,8477970,0,-0.00758714135736227,-0.00923070963472128,0,-0.0276,0.0124
Vitek Vanecek,UTA,8477970,1,-0.007590911351144314,-0.00923070963472128,0,-0.0276,0.0124
Vitek Vanecek,UTA,8477970,2,-0.007594520226120949,-0.00923070963472128,0,-0.0276,0.0124
Vitek Vanecek,UTA,8477970,3,-0.007594170980155468,-0.00923070963472128,0,-0.0276,0.0124
Vitek Vanecek,UTA,8477970,4,-0.0075905658304691315,-0.00923070963472128,0,-0.0276,0.0124
Vitek Vanecek,UTA,8477970,5,-0.00759199820458889,-0.00923070963472128,0,-0.0276,0.0124
Vitek Vanecek,UTA,8477970,6,-0.007592950947582722,-0.00923070963472128,0,-0.0276,0.0124
Vitek Vanecek,UTA,8477970,7,-0.0075935726054012775,-0.00923070963472128,0,-0.0276,0.0124
Vitek Vanecek,UTA,8477970,8,-0.007593534886837006,-0.00923070963472128,0,-0.0276,0.0124
Gabriel Carriere,SJS,8484887,0,-0.00420954916626215,-0.003974149469286203,0,-0.0242,0.0158
Gabriel Carriere,SJS,8484887,1,-0.004213312640786171,-0.003974149469286203,0,-0.0242,0.0158
Gabriel Carriere,SJS,8484887,2,-0.004216918256133795,-0.003974149469286203,0,-0.0242,0.0158
Gabriel Carriere,SJS,8484887,3,-0.004216565750539303,-0.003974149469286203,0,-0.0242,0.0158
Gabriel Carriere,SJS,8484887,4,-0.004212956875562668,-0.003974149469286203,0,-0.0242,0.0158
Gabriel Carriere,SJS,8484887,5,-0.004214387387037277,-0.003974149469286203,0,-0.0242,0.0158
Gabriel Carriere,SJS,8484887,6,-0.00421533826738596,-0.003974149469286203,0,-0.0242,0.0158
Gabriel Carriere,SJS,8484887,7,-0.004215959459543228,-0.003974149469286203,0,-0.0242,0.0158
Gabriel Carriere,SJS,8484887,8,-0.004215921740978956,-0.003974149469286203,0,-0.0242,0.0158
Arturs Silovs,PIT,8481668,0,0.016870373860001564,0.010104474611580372,0,-0.0031,0.0369
Arturs Silovs,PIT,8481668,1,0.016981031745672226,0.010104474611580372,4,0.007,0.027
Arturs Silovs,PIT,8481668,2,0.0170428603887558,0.010104474611580372,8,0.0099,0.0241
Arturs Silovs,PIT,8481668,3,0.017043249681591988,0.010104474611580372,0,-0.003,0.037
Arturs Silovs,PIT,8481668,4,0.017046887427568436,0.010104474611580372,0,-0.003,0.037
Arturs Silovs,PIT,8481668,5,0.017045477405190468,0.010104474611580372,0,-0.003,0.037
Arturs Silovs,PIT,8481668,6,0.017044536769390106,0.010104474611580372,0,-0.003,0.037
Arturs Silovs,PIT,8481668,7,0.017043933272361755,0.010104474611580372,0,-0.003,0.037
Arturs Silovs,PIT,8481668,8,0.017043964937329292,0.010104474611580372,0,-0.003,0.037
Elvis Merzlikins,CBJ,8478007,0,-0.022212093695998192,-0.018554644659161568,0,-0.0422,-0.0022
Elvis Merzlikins,CBJ,8478007,1,-0.022215858101844788,-0.018554644659161568,0,-0.0422,-0.0022
Elvis Merzlikins,CBJ,8478007,2,-0.022219454869627953,-0.018554644659161568,0,-0.0422,-0.0022
Elvis Merzlikins,CBJ,8478007,3,-0.0222191009670496,-0.018554644659161568,0,-0.0422,-0.0022
Elvis Merzlikins,CBJ,8478007,4,-0.02221549116075039,-0.018554644659161568,0,-0.0422,-0.0022
Elvis Merzlikins,CBJ,8478007,5,-0.0222169179469347,-0.018554644659161568,0,-0.0422,-0.0022
Elvis Merzlikins,CBJ,8478007,6,-0.02221786603331566,-0.018554644659161568,0,-0.0422,-0.0022
Elvis Merzlikins,CBJ,8478007,7,-0.02221849001944065,-0.018554644659161568,0,-0.0422,-0.0022
Elvis Merzlikins,CBJ,8478007,8,-0.02221844345331192,-0.018554644659161568,0,-0.0422,-0.0022
Zach Sawchenko,CBJ,8479313,0,0.0017620279686525464,0.0020446216221898794,0,-0.0182,0.0218
Zach Sawchenko,CBJ,8479313,1,0.0017582966247573495,0.0020446216221898794,0,-0.0182,0.0218
Zach Sawchenko,CBJ,8479313,2,0.0017547211609780788,0.0020446216221898794,0,-0.0182,0.0218
Zach Sawchenko,CBJ,8479313,3,0.0017550967168062925,0.0020446216221898794,0,-0.0182,0.0218
Zach Sawchenko,CBJ,8479313,4,0.00175872549880296,0.0020446216221898794,0,-0.0182,0.0218
Zach Sawchenko,CBJ,8479313,5,0.0017573107033967972,0.0020446216221898794,0,-0.0182,0.0218
Zach Sawchenko,CBJ,8479313,6,0.0017563693691045046,0.0020446216221898794,0,-0.0182,0.0218
Zach Sawchenko,CBJ,8479313,7,0.0017557566752657294,0.0020446216221898794,0,-0.0182,0.0218
Zach Sawchenko,CBJ,8479313,8,0.0017557956743985415,0.0020446216221898794,0,-0.0182,0.0218
Petr Mrazek,ANA,8475852,0,0.002939981408417225,0.003427084069699049,0,-0.0171,0.0229
Petr Mrazek,ANA,8475852,1,0.002936249366030097,0.003427084069699049,0,-0.0171,0.0229
Petr Mrazek,ANA,8475852,2,0.0029326730873435736,0.003427084069699049,0,-0.0171,0.0229
Petr Mrazek,ANA,8475852,3,0.002933047479018569,0.003427084069699049,0,-0.0171,0.0229
Petr Mrazek,ANA,8475852,4,0.002936677075922489,0.003427084069699049,0,-0.0171,0.0229
Petr Mrazek,ANA,8475852,5,0.0029352607671171427,0.003427084069699049,0,-0.0171,0.0229
Petr Mrazek,ANA,8475852,6,0.002934320131316781,0.003427084069699049,0,-0.0171,0.0229
Petr Mrazek,ANA,8475852,7,0.002933706622570753,0.003427084069699049,0,-0.0171,0.0229
Petr Mrazek,ANA,8475852,8,0.002933746436610818,0.003427084069699049,0,-0.0171,0.0229
8483611,,8483611,0,-0.002202057745307684,-0.0019175820052623749,0,-0.0222,0.0178
8483611,,8483611,1,-0.002205811208114028,-0.0019175820052623749,0,-0.0222,0.0178
8483611,,8483611,2,-0.0022094063460826874,-0.0019175820052623749,0,-0.0222,0.0178
8483611,,8483611,3,-0.002209048019722104,-0.0019175820052623749,0,-0.0222,0.0178
8483611,,8483611,4,-0.002205431926995516,-0.0019175820052623749,0,-0.0222,0.0178
8483611,,8483611,5,-0.0022068580146878958,-0.0019175820052623749,0,-0.0222,0.0178
8483611,,8483611,6,-0.0022078058682382107,-0.0019175820052623749,0,-0.0222,0.0178
8483611,,8483611,7,-0.0022084242664277554,-0.0019175820052623749,0,-0.0222,0.0178
8483611,,8483611,8,-0.0022083858493715525,-0.0019175820052623749,0,-0.0222,0.0178
Sebastian Cossa,DET,8482657,0,-0.0017739381873980165,-0.001217126497067511,0,-0.0218,0.0182
Sebastian Cossa,DET,8482657,1,-0.0017776880413293839,-0.001217126497067511,0,-0.0218,0.0182
Sebastian Cossa,DET,8482657,2,-0.0017812794540077448,-0.001217126497067511,0,-0.0218,0.0182
Sebastian Cossa,DET,8482657,3,-0.0017809178680181503,-0.001217126497067511,0,-0.0218,0.0182
Sebastian Cossa,DET,8482657,4,-0.001777299796231091,-0.001217126497067511,0,-0.0218,0.0182
Sebastian Cossa,DET,8482657,5,-0.0017787236720323563,-0.001217126497067511,0,-0.0218,0.0182
Sebastian Cossa,DET,8482657,6,-0.0017796704778447747,-0.001217126497067511,0,-0.0218,0.0182
Sebastian Cossa,DET,8482657,7,-0.0017802879447117448,-0.001217126497067511,0,-0.0218,0.0182
Sebastian Cossa,DET,8482657,8,-0.0017802491784095764,-0.001217126497067511,0,-0.0218,0.0182
Filip Gustavsson,MIN,8479406,0,-0.0037461707834154367,-0.004545456264168024,0,-0.0237,0.0163
Filip Gustavsson,MIN,8479406,1,-0.0037432173267006874,-0.004545456264168024,0,-0.0237,0.0163
Filip Gustavsson,MIN,8479406,2,-0.0037401083391159773,-0.004545456264168024,0,-0.0237,0.0163
Filip Gustavsson,MIN,8479406,3,-0.003733046120032668,-0.004545456264168024,1,-0.0237,0.0163
Filip Gustavsson,MIN,8479406,4,-0.003729422576725483,-0.004545456264168024,0,-0.0237,0.0163
Filip Gustavsson,MIN,8479406,5,-0.0037308409810066223,-0.004545456264168024,0,-0.0237,0.0163
Filip Gustavsson,MIN,8479406,6,-0.0037317853420972824,-0.004545456264168024,0,-0.0237,0.0163
Filip Gustavsson,MIN,8479406,7,-0.003732400480657816,-0.004545456264168024,0,-0.0237,0.0163
Filip Gustavsson,MIN,8479406,8,-0.0037323604337871075,-0.004545456264168024,0,-0.0237,0.0163
8478492,,8478492,0,-0.0019412462133914232,-0.0016573112225160003,0,-0.0219,0.0181
8478492,,8478492,1,-0.001944993156939745,-0.0016573112225160003,0,-0.0219,0.0181
8478492,,8478492,2,-0.0019485827069729567,-0.0016573112225160003,0,-0.0219,0.0181
8478492,,8478492,3,-0.0019482194911688566,-0.0016573112225160003,0,-0.0219,0.0181
8478492,,8478492,4,-0.001944599556736648,-0.0016573112225160003,0,-0.0219,0.0181
8478492,,8478492,5,-0.0019460228504613042,-0.0016573112225160003,0,-0.0219,0.0181
8478492,,8478492,6,-0.0019469683757051826,-0.0016573112225160003,0,-0.0219,0.0181
8478492,,8478492,7,-0.0019475857261568308,-0.0016573112225160003,0,-0.0219,0.0181
8478492,,8478492,8,-0.0019475463777780533,-0.0016573112225160003,0,-0.0219,0.0181
8484857,,8484857,0,-0.00018904940225183964,9.447561023989692e-05,0,-0.0202,0.0198
8484857,,8484857,1,-0.0001927913399413228,9.447561023989692e-05,0,-0.0202,0.0198
8484857,,8484857,2,-0.0001963769318535924,9.447561023989692e-05,0,-0.0202,0.0198
8484857,,8484857,3,-0.00019600961240939796,9.447561023989692e-05,0,-0.0202,0.0198
8484857,,8484857,4,-0.00019238723325543106,9.447561023989692e-05,0,-0.0202,0.0198
8484857,,8484857,5,-0.00019380776211619377,9.447561023989692e-05,0,-0.0202,0.0198
8484857,,8484857,6,-0.00019475205044727772,9.447561023989692e-05,0,-0.0202,0.0198
8484857,,8484857,7,-0.0001953679893631488,9.447561023989692e-05,0,-0.0202,0.0198
8484857,,8484857,8,-0.00019532891747076064,9.447561023989692e-05,0,-0.0202,0.0198
Linus Ullmark,OTT,8476999,0,0.03491288051009178,0.02625735104084015,2,0.0208,0.049
Linus Ullmark,OTT,8476999,1,0.0349668487906456,0.02625735104084015,17,0.0301,0.0399
Linus Ullmark,OTT,8476999,2,0.03496328741312027,0.02625735104084015,0,0.015,0.055
Linus Ullmark,OTT,8476999,3,0.034963686019182205,0.02625735104084015,0,0.015,0.055
Linus Ullmark,OTT,8476999,4,0.034967318177223206,0.02625735104084015,0,0.015,0.055
Linus Ullmark,OTT,8476999,5,0.034965913742780685,0.02625735104084015,0,0.015,0.055
Linus Ullmark,OTT,8476999,6,0.03496497496962547,0.02625735104084015,0,0.015,0.055
Linus Ullmark,OTT,8476999,7,0.03496437892317772,0.02625735104084015,0,0.015,0.055
Linus Ullmark,OTT,8476999,8,0.034964412450790405,0.02625735104084015,0,0.015,0.055
8474682,,8474682,0,0.0037527962122112513,0.0040345084853470325,0,-0.0162,0.0238
8474682,,8474682,1,0.003749073715880513,0.0040345084853470325,0,-0.0163,0.0237
8474682,,8474682,2,0.003745509311556816,0.0040345084853470325,0,-0.0163,0.0237
8474682,,8474682,3,0.0037458904553204775,0.0040345084853470325,0,-0.0163,0.0237
8474682,,8474682,4,0.0037495270371437073,0.0040345084853470325,0,-0.0163,0.0237
8474682,,8474682,5,0.0037481156177818775,0.0040345084853470325,0,-0.0163,0.0237
8474682,,8474682,6,0.0037471794057637453,0.0040345084853470325,0,-0.0163,0.0237
8474682,,8474682,7,0.003746568225324154,0.0040345084853470325,0,-0.0163,0.0237
8474682,,8474682,8,0.003746607806533575,0.0040345084853470325,0,-0.0163,0.0237
Anthony Stolarz,TOR,8476932,0,0.003267850261181593,0.0006839542184025049,0,-0.0167,0.0233
Anthony Stolarz,TOR,8476932,1,0.0032641165889799595,0.0006839542184025049,0,-0.0167,0.0233
Anthony Stolarz,TOR,8476932,2,0.003260537749156356,0.0006839542184025049,0,-0.0167,0.0233
Anthony Stolarz,TOR,8476932,3,0.003260911675170064,0.0006839542184025049,0,-0.0167,0.0233
Anthony Stolarz,TOR,8476932,4,0.0032645384781062603,0.0006839542184025049,0,-0.0167,0.0233
Anthony Stolarz,TOR,8476932,5,0.0032631217036396265,0.0006839542184025049,0,-0.0167,0.0233
Anthony Stolarz,TOR,8476932,6,0.0032621806021779776,0.0006839542184025049,0,-0.0167,0.0233
Anthony Stolarz,TOR,8476932,7,0.0032615656964480877,0.0006839542184025049,0,-0.0167,0.0233
Anthony Stolarz,TOR,8476932,8,0.00326160597614944,0.0006839542184025049,0,-0.0167,0.0233
Jakub Dobes,MTL,8482487,0,0.019480368122458458,0.01134369894862175,0,-0.0005,0.0395
Jakub Dobes,MTL,8482487,1,0.019500160589814186,0.01134369894862175,27,0.0157,0.0233
Jakub Dobes,MTL,8482487,2,0.0194520466029644,0.01134369894862175,14,0.0142,0.0248
Jakub Dobes,MTL,8482487,3,0.019265955314040184,0.01134369894862175,13,0.0138,0.0248
Jakub Dobes,MTL,8482487,4,0.01906133070588112,0.01134369894862175,19,0.0145,0.0237
Jakub Dobes,MTL,8482487,5,0.019180040806531906,0.01134369894862175,2,0.0051,0.0333
Jakub Dobes,MTL,8482487,6,0.01928567886352539,0.01134369894862175,13,0.0138,0.0248
Jakub Dobes,MTL,8482487,7,0.019285064190626144,0.01134369894862175,0,-0.0007,0.0393
Jakub Dobes,MTL,8482487,8,0.019285108894109726,0.01134369894862175,0,-0.0007,0.0393
Samuel Ersson,PHI,8481035,0,0.009716677479445934,0.004893051460385323,0,-0.0103,0.0297
Samuel Ersson,PHI,8481035,1,0.0097129475325346,0.004893051460385323,0,-0.0103,0.0297
Samuel Ersson,PHI,8481035,2,0.0097093740478158,0.004893051460385323,0,-0.0103,0.0297
Samuel Ersson,PHI,8481035,3,0.00970974937081337,0.004893051460385323,0,-0.0103,0.0297
Samuel Ersson,PHI,8481035,4,0.009713378734886646,0.004893051460385323,0,-0.0103,0.0297
Samuel Ersson,PHI,8481035,5,0.00971196312457323,0.004893051460385323,0,-0.0103,0.0297
Samuel Ersson,PHI,8481035,6,0.009711025282740593,0.004893051460385323,0,-0.0103,0.0297
Samuel Ersson,PHI,8481035,7,0.009710410609841347,0.004893051460385323,0,-0.0103,0.0297
Samuel Ersson,PHI,8481035,8,0.00971044972538948,0.004893051460385323,0,-0.0103,0.0297
Lukas Dostal,ANA,8480843,0,-0.023617824539542198,-0.003376537235453725,0,-0.0436,-0.0036
Lukas Dostal,ANA,8480843,1,-0.023994294926524162,-0.003376537235453725,11,-0.03,-0.018
Lukas Dostal,ANA,8480843,2,-0.024193376302719116,-0.003376537235453725,4,-0.0342,-0.0142
Lukas Dostal,ANA,8480843,3,-0.024419423192739487,-0.003376537235453725,13,-0.0299,-0.0189
Lukas Dostal,ANA,8480843,4,-0.024476151913404465,-0.003376537235453725,4,-0.0345,-0.0145
Lukas Dostal,ANA,8480843,5,-0.02447756938636303,-0.003376537235453725,0,-0.0445,-0.0045
Lukas Dostal,ANA,8480843,6,-0.02447851561009884,-0.003376537235453725,0,-0.0445,-0.0045
Lukas Dostal,ANA,8480843,7,-0.024479128420352936,-0.003376537235453725,0,-0.0445,-0.0045
Lukas Dostal,ANA,8480843,8,-0.024479089304804802,-0.003376537235453725,0,-0.0445,-0.0045
Calle Clang,ANA,8482477,0,-0.0001710265059955418,-0.00010975760960718617,0,-0.0202,0.0198
Calle Clang,ANA,8482477,1,-0.0001747697388054803,-0.00010975760960718617,0,-0.0202,0.0198
Calle Clang,ANA,8482477,2,-0.00017835645121522248,-0.00010975760960718617,0,-0.0202,0.0198
Calle Clang,ANA,8482477,3,-0.00017799006309360266,-0.00010975760960718617,0,-0.0202,0.0198
Calle Clang,ANA,8482477,4,-0.00017436844063922763,-0.00010975760960718617,0,-0.0202,0.0198
Calle Clang,ANA,8482477,5,-0.0001757896097842604,-0.00010975760960718617,0,-0.0202,0.0198
Calle Clang,ANA,8482477,6,-0.0001767342910170555,-0.00010975760960718617,0,-0.0202,0.0198
Calle Clang,ANA,8482477,7,-0.00017735052097123116,-0.00010975760960718617,0,-0.0202,0.0198
Calle Clang,ANA,8482477,8,-0.00017731146363075823,-0.00010975760960718617,0,-0.0202,0.0198
Alex Lyon,BUF,8479312,0,0.010847842320799828,0.011834018863737583,0,-0.0092,0.0308
Alex Lyon,BUF,8479312,1,0.010808736085891724,0.011834018863737583,5,0.0019,0.0197
Alex Lyon,BUF,8479312,2,0.010817239060997963,0.011834018863737583,13,0.0053,0.0163
Alex Lyon,BUF,8479312,3,0.010737096890807152,0.011834018863737583,21,0.0063,0.0151
Alex Lyon,BUF,8479312,4,0.010562649928033352,0.011834018863737583,2,-0.0035,0.0247
Alex Lyon,BUF,8479312,5,0.010561239905655384,0.011834018863737583,0,-0.0094,0.0306
Alex Lyon,BUF,8479312,6,0.01056030672043562,0.011834018863737583,0,-0.0094,0.0306
Alex Lyon,BUF,8479312,7,0.010559690184891224,0.011834018863737583,0,-0.0094,0.0306
Alex Lyon,BUF,8479312,8,0.010559736751019955,0.011834018863737583,0,-0.0094,0.0306
Cam Talbot,DET,8475660,0,-0.028891997411847115,-0.026680154725909233,0,-0.0489,-0.0089
Cam Talbot,DET,8475660,1,-0.028895767405629158,-0.026680154725909233,0,-0.0489,-0.0089
Cam Talbot,DET,8475660,2,-0.028899386525154114,-0.026680154725909233,0,-0.0489,-0.0089
Cam Talbot,DET,8475660,3,-0.02889903448522091,-0.026680154725909233,0,-0.0489,-0.0089
Cam Talbot,DET,8475660,4,-0.028895433992147446,-0.026680154725909233,0,-0.0489,-0.0089
Cam Talbot,DET,8475660,5,-0.028896866366267204,-0.026680154725909233,0,-0.0489,-0.0089
Cam Talbot,DET,8475660,6,-0.02889782190322876,-0.026680154725909233,0,-0.0489,-0.0089
Cam Talbot,DET,8475660,7,-0.028898442164063454,-0.026680154725909233,0,-0.0489,-0.0089
Cam Talbot,DET,8475660,8,-0.02889840677380562,-0.026680154725909233,0,-0.0489,-0.0089
Charlie Lindgren,WSH,8479292,0,0.00961226411163807,0.011096865870058537,0,-0.0104,0.0296
Charlie Lindgren,WSH,8479292,1,0.009608548134565353,0.011096865870058537,0,-0.0104,0.0296
Charlie Lindgren,WSH,8479292,2,0.009604979306459427,0.011096865870058537,0,-0.0104,0.0296
Charlie Lindgren,WSH,8479292,3,0.009605365805327892,0.011096865870058537,0,-0.0104,0.0296
Charlie Lindgren,WSH,8479292,4,0.009608996100723743,0.011096865870058537,0,-0.0104,0.0296
Charlie Lindgren,WSH,8479292,5,0.009607592597603798,0.011096865870058537,0,-0.0104,0.0296
Charlie Lindgren,WSH,8479292,6,0.009606652893126011,0.011096865870058537,0,-0.0104,0.0296
Charlie Lindgren,WSH,8479292,7,0.009606043808162212,0.011096865870058537,0,-0.0104,0.0296
Charlie Lindgren,WSH,8479292,8,0.009606082923710346,0.011096865870058537,0,-0.0104,0.0296
Frederik Andersen,CAR,8475883,0,0.0020227108616381884,-0.003481597639620304,10,-0.0043,0.0083
Frederik Andersen,CAR,8475883,1,0.0021693273447453976,-0.003481597639620304,4,-0.0078,0.0122
Frederik Andersen,CAR,8475883,2,0.002280592918395996,-0.003481597639620304,6,-0.0059,0.0105
Frederik Andersen,CAR,8475883,3,0.002347947796806693,-0.003481597639620304,7,-0.0053,0.0099
Frederik Andersen,CAR,8475883,4,0.0024471869692206383,-0.003481597639620304,0,-0.0176,0.0224
Frederik Andersen,CAR,8475883,5,0.0025413865223526955,-0.003481597639620304,1,-0.0175,0.0225
Frederik Andersen,CAR,8475883,6,0.002624305197969079,-0.003481597639620304,0,-0.0174,0.0226
Frederik Andersen,CAR,8475883,7,0.0027075563557446003,-0.003481597639620304,14,-0.0026,0.008
Frederik Andersen,CAR,8475883,8,0.0027075933758169413,-0.003481597639620304,0,-0.0173,0.0227
8473575,,8473575,0,-0.005347642116248608,-0.005062543321400881,0,-0.0253,0.0147
8473575,,8473575,1,-0.00535140186548233,-0.005062543321400881,0,-0.0254,0.0146
8473575,,8473575,2,-0.005355004221200943,-0.005062543321400881,0,-0.0254,0.0146
8473575,,8473575,3,-0.005354651249945164,-0.005062543321400881,0,-0.0254,0.0146
8473575,,8473575,4,-0.00535103864967823,-0.005062543321400881,0,-0.0254,0.0146
8473575,,8473575,5,-0.005352468695491552,-0.005062543321400881,0,-0.0254,0.0146
8473575,,8473575,6,-0.00535341864451766,-0.005062543321400881,0,-0.0254,0.0146
8473575,,8473575,7,-0.005354039371013641,-0.005062543321400881,0,-0.0254,0.0146
8473575,,8473575,8,-0.005354001186788082,-0.005062543321400881,0,-0.0254,0.0146
Jakub Skarek,SJS,8480819,0,-0.0021548534277826548,-0.0019654021598398685,0,-0.0222,0.0178
Jakub Skarek,SJS,8480819,1,-0.002158604795113206,-0.0019654021598398685,0,-0.0222,0.0178
Jakub Skarek,SJS,8480819,2,-0.0021621985360980034,-0.0019654021598398685,0,-0.0222,0.0178
Jakub Skarek,SJS,8480819,3,-0.002161838114261627,-0.0019654021598398685,0,-0.0222,0.0178
Jakub Skarek,SJS,8480819,4,-0.002158221323043108,-0.0019654021598398685,0,-0.0222,0.0178
Jakub Skarek,SJS,8480819,5,-0.002159646013751626,-0.0019654021598398685,0,-0.0222,0.0178
Jakub Skarek,SJS,8480819,6,-0.0021605934016406536,-0.0019654021598398685,0,-0.0222,0.0178
Jakub Skarek,SJS,8480819,7,-0.002161211334168911,-0.0019654021598398685,0,-0.0222,0.0178
Jakub Skarek,SJS,8480819,8,-0.002161172917112708,-0.0019654021598398685,0,-0.0222,0.0178
Jake Oettinger,DAL,8479979,0,0.01200722437351942,0.015543658286333084,8,0.0049,0.0191
Jake Oettinger,DAL,8479979,1,0.012119513936340809,0.015543658286333084,12,0.0063,0.0179
Jake Oettinger,DAL,8479979,2,0.012142115272581577,0.015543658286333084,13,0.0066,0.0176
Jake Oettinger,DAL,8479979,3,0.012142491526901722,0.015543658286333084,0,-0.0079,0.0321
Jake Oettinger,DAL,8479979,4,0.012146122753620148,0.015543658286333084,0,-0.0079,0.0321
Jake Oettinger,DAL,8479979,5,0.012144704349339008,0.015543658286333084,0,-0.0079,0.0321
Jake Oettinger,DAL,8479979,6,0.012143771164119244,0.015543658286333084,0,-0.0079,0.0321
Jake Oettinger,DAL,8479979,7,0.012143149971961975,0.015543658286333084,0,-0.0079,0.0321
Jake Oettinger,DAL,8479979,8,0.01214319933205843,0.015543658286333084,0,-0.0079,0.0321
8484835,,8484835,0,0.0003614294982980937,0.0006446924526244402,0,-0.0196,0.0204
8484835,,8484835,1,0.00035769041278399527,0.0006446924526244402,0,-0.0196,0.0204
8484835,,8484835,2,0.00035410758573561907,0.0006446924526244402,0,-0.0196,0.0204
8484835,,8484835,3,0.0003544772625900805,0.0006446924526244402,0,-0.0196,0.0204
8484835,,8484835,4,0.0003581014461815357,0.0006446924526244402,0,-0.0196,0.0204
8484835,,8484835,5,0.0003566825471352786,0.0006446924526244402,0,-0.0196,0.0204
8484835,,8484835,6,0.0003557390009518713,0.0006446924526244402,0,-0.0196,0.0204
8484835,,8484835,7,0.00035512406611815095,0.0006446924526244402,0,-0.0196,0.0204
8484835,,8484835,8,0.00035516294883564115,0.0006446924526244402,0,-0.0196,0.0204
Marc-Andre Fleury,,8470594,0,-0.015265559777617455,-0.014977235347032547,0,-0.0353,0.0047
Marc-Andre Fleury,,8470594,1,-0.015269356779754162,-0.014977235347032547,0,-0.0353,0.0047
Marc-Andre Fleury,,8470594,2,-0.01527299452573061,-0.014977235347032547,0,-0.0353,0.0047
Marc-Andre Fleury,,8470594,3,-0.01527266576886177,-0.014977235347032547,0,-0.0353,0.0047
Marc-Andre Fleury,,8470594,4,-0.015269082970917225,-0.014977235347032547,0,-0.0353,0.0047
Marc-Andre Fleury,,8470594,5,-0.015270523726940155,-0.014977235347032547,0,-0.0353,0.0047
Marc-Andre Fleury,,8470594,6,-0.015271494165062904,-0.014977235347032547,0,-0.0353,0.0047
Marc-Andre Fleury,,8470594,7,-0.015272112563252449,-0.014977235347032547,0,-0.0353,0.0047
Marc-Andre Fleury,,8470594,8,-0.015272087417542934,-0.014977235347032547,0,-0.0353,0.0047
Connor Hellebuyck,WPG,8476945,0,-0.00022522648214362562,0.004549628123641014,0,-0.0202,0.0198
Connor Hellebuyck,WPG,8476945,1,-0.00022896192967891693,0.004549628123641014,0,-0.0202,0.0198
Connor Hellebuyck,WPG,8476945,2,-0.0002325421228306368,0.004549628123641014,0,-0.0202,0.0198
Connor Hellebuyck,WPG,8476945,3,-0.00023217103444039822,0.004549628123641014,0,-0.0202,0.0198
Connor Hellebuyck,WPG,8476945,4,-0.0002285439259139821,0.004549628123641014,0,-0.0202,0.0198
Connor Hellebuyck,WPG,8476945,5,-0.00022996249026618898,0.004549628123641014,0,-0.0202,0.0198
Connor Hellebuyck,WPG,8476945,6,-0.00023090395552571863,0.004549628123641014,0,-0.0202,0.0198
Connor Hellebuyck,WPG,8476945,7,-0.00023151960340328515,0.004549628123641014,0,-0.0202,0.0198
Connor Hellebuyck,WPG,8476945,8,-0.00023147914907895029,0.004549628123641014,0,-0.0202,0.0198
Thomas Milic,WPG,8483114,0,0.0007949306163936853,0.0008387135458178818,0,-0.0192,0.0208
Thomas Milic,WPG,8483114,1,0.0007911939173936844,0.0008387135458178818,0,-0.0192,0.0208
Thomas Milic,WPG,8483114,2,0.0007876125746406615,0.0008387135458178818,0,-0.0192,0.0208
Thomas Milic,WPG,8483114,3,0.000787983532063663,0.0008387135458178818,0,-0.0192,0.0208
Thomas Milic,WPG,8483114,4,0.0007916090544313192,0.0008387135458178818,0,-0.0192,0.0208
Thomas Milic,WPG,8483114,5,0.0007901904173195362,0.0008387135458178818,0,-0.0192,0.0208
Thomas Milic,WPG,8483114,6,0.0007892480352893472,0.0008387135458178818,0,-0.0192,0.0208
Thomas Milic,WPG,8483114,7,0.0007886331295594573,0.0008387135458178818,0,-0.0192,0.0208
Thomas Milic,WPG,8483114,8,0.0007886724197305739,0.0008387135458178818,0,-0.0192,0.0208
Adin Hill,VGK,8478499,0,0.017824752256274223,0.015541642904281616,0,-0.0022,0.0378
Adin Hill,VGK,8478499,1,0.017821041867136955,0.015541642904281616,0,-0.0022,0.0378
Adin Hill,VGK,8478499,2,0.017817465588450432,0.015541642904281616,0,-0.0022,0.0378
Adin Hill,VGK,8478499,3,0.01781785674393177,0.015541642904281616,0,-0.0022,0.0378
Adin Hill,VGK,8478499,4,0.01782148703932762,0.015541642904281616,0,-0.0022,0.0378
Adin Hill,VGK,8478499,5,0.0178200863301754,0.015541642904281616,0,-0.0022,0.0378
Adin Hill,VGK,8478499,6,0.01781913824379444,0.015541642904281616,0,-0.0022,0.0378
Adin Hill,VGK,8478499,7,0.01781853660941124,0.015541642904281616,0,-0.0022,0.0378
Adin Hill,VGK,8478499,8,0.017818570137023926,0.015541642904281616,0,-0.0022,0.0378
Jaxson Stauber,UTA,8483530,0,0.00024679276975803077,0.0005010961322113872,0,-0.0198,0.0202
Jaxson Stauber,UTA,8483530,1,0.0002430533932056278,0.0005010961322113872,0,-0.0198,0.0202
Jaxson Stauber,UTA,8483530,2,0.00023946986766532063,0.0005010961322113872,0,-0.0198,0.0202
Jaxson Stauber,UTA,8483530,3,0.00023983890423551202,0.0005010961322113872,0,-0.0198,0.0202
Jaxson Stauber,UTA,8483530,4,0.00024346273858100176,0.0005010961322113872,0,-0.0198,0.0202
Jaxson Stauber,UTA,8483530,5,0.00024204343208111823,0.0005010961322113872,0,-0.0198,0.0202
Jaxson Stauber,UTA,8483530,6,0.00024109982769005,0.0005010961322113872,0,-0.0198,0.0202
Jaxson Stauber,UTA,8483530,7,0.0002404845436103642,0.0005010961322113872,0,-0.0198,0.0202
Jaxson Stauber,UTA,8483530,8,0.00024052365915849805,0.0005010961322113872,0,-0.0198,0.0202
Joey Daccord,SEA,8478916,0,-0.017664823681116104,-0.010467864573001862,0,-0.0377,0.0023
Joey Daccord,SEA,8478916,1,-0.017668580636382103,-0.010467864573001862,0,-0.0377,0.0023
Joey Daccord,SEA,8478916,2,-0.01767217181622982,-0.010467864573001862,0,-0.0377,0.0023
Joey Daccord,SEA,8478916,3,-0.01767181046307087,-0.010467864573001862,0,-0.0377,0.0023
Joey Daccord,SEA,8478916,4,-0.017668187618255615,-0.010467864573001862,0,-0.0377,0.0023
Joey Daccord,SEA,8478916,5,-0.017669614404439926,-0.010467864573001862,0,-0.0377,0.0023
Joey Daccord,SEA,8478916,6,-0.017670562490820885,-0.010467864573001862,0,-0.0377,0.0023
Joey Daccord,SEA,8478916,7,-0.01767117530107498,-0.010467864573001862,0,-0.0377,0.0023
Joey Daccord,SEA,8478916,8,-0.017671143636107445,-0.010467864573001862,0,-0.0377,0.0023
Ivan Fedotov,CBJ,8478905,0,-0.0018176805460825562,-0.001566091668792069,0,-0.0218,0.0182
Ivan Fedotov,CBJ,8478905,1,-0.0018214276060461998,-0.001566091668792069,0,-0.0218,0.0182
Ivan Fedotov,CBJ,8478905,2,-0.0018250176217406988,-0.001566091668792069,0,-0.0218,0.0182
Ivan Fedotov,CBJ,8478905,3,-0.001824654289521277,-0.001566091668792069,0,-0.0218,0.0182
Ivan Fedotov,CBJ,8478905,4,-0.0018210350535809994,-0.001566091668792069,0,-0.0218,0.0182
Ivan Fedotov,CBJ,8478905,5,-0.00182245799805969,-0.001566091668792069,0,-0.0218,0.0182
Ivan Fedotov,CBJ,8478905,6,-0.0018234039889648557,-0.001566091668792069,0,-0.0218,0.0182
Ivan Fedotov,CBJ,8478905,7,-0.0018240215722471476,-0.001566091668792069,0,-0.0218,0.0182
Ivan Fedotov,CBJ,8478905,8,-0.0018239819910377264,-0.001566091668792069,0,-0.0218,0.0182
8484218,,8484218,0,0.00027866099844686687,0.0005619573639705777,0,-0.0197,0.0203
8484218,,8484218,1,0.0002749217383097857,0.0005619573639705777,0,-0.0197,0.0203
8484218,,8484218,2,0.00027133856201544404,0.0005619573639705777,0,-0.0197,0.0203
8484218,,8484218,3,0.00027170777320861816,0.0005619573639705777,0,-0.0197,0.0203
8484218,,8484218,4,0.00027533189859241247,0.0005619573639705777,0,-0.0197,0.0203
8484218,,8484218,5,0.00027391265030018985,0.0005619573639705777,0,-0.0197,0.0203
8484218,,8484218,6,0.0002729692787397653,0.0005619573639705777,0,-0.0197,0.0203
8484218,,8484218,7,0.00027235393645241857,0.0005619573639705777,0,-0.0197,0.0203
8484218,,8484218,8,0.00027239316841587424,0.0005619573639705777,0,-0.0197,0.0203
Spencer Martin,NYR,8477484,0,0.0048844823613762856,0.004964581690728664,0,-0.0151,0.0249
Spencer Martin,NYR,8477484,1,0.004880763124674559,0.004964581690728664,0,-0.0151,0.0249
Spencer Martin,NYR,8477484,2,0.004877197090536356,0.004964581690728664,0,-0.0151,0.0249
Spencer Martin,NYR,8477484,3,0.0048775821924209595,0.004964581690728664,0,-0.0151,0.0249
Spencer Martin,NYR,8477484,4,0.004881216678768396,0.004964581690728664,0,-0.0151,0.0249
Spencer Martin,NYR,8477484,5,0.004879808519035578,0.004964581690728664,0,-0.0151,0.0249
Spencer Martin,NYR,8477484,6,0.004878872074186802,0.004964581690728664,0,-0.0151,0.0249
Spencer Martin,NYR,8477484,7,0.0048782601952552795,0.004964581690728664,0,-0.0151,0.0249
Spencer Martin,NYR,8477484,8,0.004878301173448563,0.004964581690728664,0,-0.0151,0.0249
Jordan Binnington,STL,8476412,0,-0.010529245249927044,-0.011278155259788036,0,-0.0305,0.0095
Jordan Binnington,STL,8476412,1,-0.010532989166676998,-0.011278155259788036,0,-0.0305,0.0095
Jordan Binnington,STL,8476412,2,-0.010536577552556992,-0.011278155259788036,0,-0.0305,0.0095
Jordan Binnington,STL,8476412,3,-0.010536211542785168,-0.011278155259788036,0,-0.0305,0.0095
Jordan Binnington,STL,8476412,4,-0.010532590560615063,-0.011278155259788036,0,-0.0305,0.0095
Jordan Binnington,STL,8476412,5,-0.01053401455283165,-0.011278155259788036,0,-0.0305,0.0095
Jordan Binnington,STL,8476412,6,-0.01053495705127716,-0.011278155259788036,0,-0.0305,0.0095
Jordan Binnington,STL,8476412,7,-0.010535573586821556,-0.011278155259788036,0,-0.0305,0.0095
Jordan Binnington,STL,8476412,8,-0.010535539127886295,-0.011278155259788036,0,-0.0305,0.0095
Colten Ellis,BUF,8481551,0,-0.003384750336408615,-2.068365392915439e-05,0,-0.0234,0.0166
Colten Ellis,BUF,8481551,1,-0.0033884956501424313,-2.068365392915439e-05,0,-0.0234,0.0166
Colten Ellis,BUF,8481551,2,-0.0033920842688530684,-2.068365392915439e-05,0,-0.0234,0.0166
Colten Ellis,BUF,8481551,3,-0.0033917196560651064,-2.068365392915439e-05,0,-0.0234,0.0166
Colten Ellis,BUF,8481551,4,-0.0033880993723869324,-2.068365392915439e-05,0,-0.0234,0.0166
Colten Ellis,BUF,8481551,5,-0.00338952150195837,-2.068365392915439e-05,0,-0.0234,0.0166
Colten Ellis,BUF,8481551,6,-0.0033904670272022486,-2.068365392915439e-05,0,-0.0234,0.0166
Colten Ellis,BUF,8481551,7,-0.0033910837955772877,-2.068365392915439e-05,0,-0.0234,0.0166
Colten Ellis,BUF,8481551,8,-0.0033910449128597975,-2.068365392915439e-05,0,-0.0234,0.0166
Jonas Johansson,TBL,8477992,0,-0.007185681723058224,-0.00620559835806489,0,-0.0272,0.0128
Jonas Johansson,TBL,8477992,1,-0.007189445663243532,-0.00620559835806489,0,-0.0272,0.0128
Jonas Johansson,TBL,8477992,2,-0.007193046621978283,-0.00620559835806489,0,-0.0272,0.0128
Jonas Johansson,TBL,8477992,3,-0.007192693650722504,-0.00620559835806489,0,-0.0272,0.0128
Jonas Johansson,TBL,8477992,4,-0.007189084310084581,-0.00620559835806489,0,-0.0272,0.0128
Jonas Johansson,TBL,8477992,5,-0.00719051156193018,-0.00620559835806489,0,-0.0272,0.0128
Jonas Johansson,TBL,8477992,6,-0.007191463839262724,-0.00620559835806489,0,-0.0272,0.0128
Jonas Johansson,TBL,8477992,7,-0.007192082703113556,-0.00620559835806489,0,-0.0272,0.0128
Jonas Johansson,TBL,8477992,8,-0.007192045450210571,-0.00620559835806489,0,-0.0272,0.0128
Juuse Saros,NSH,8477424,0,0.020499886944890022,0.017253143712878227,0,0.0005,0.0405
Juuse Saros,NSH,8477424,1,0.02049616351723671,0.017253143712878227,0,0.0005,0.0405
Juuse Saros,NSH,8477424,2,0.020492594689130783,0.017253143712878227,0,0.0005,0.0405
Juuse Saros,NSH,8477424,3,0.020492976531386375,0.017253143712878227,0,0.0005,0.0405
Juuse Saros,NSH,8477424,4,0.020496612414717674,0.017253143712878227,0,0.0005,0.0405
Juuse Saros,NSH,8477424,5,0.020495200529694557,0.017253143712878227,0,0.0005,0.0405
Juuse Saros,NSH,8477424,6,0.020494259893894196,0.017253143712878227,0,0.0005,0.0405
Juuse Saros,NSH,8477424,7,0.020493652671575546,0.017253143712878227,0,0.0005,0.0405
Juuse Saros,NSH,8477424,8,0.02049368806183338,0.017253143712878227,0,0.0005,0.0405
8480885,,8480885,0,0.00038355533615686,0.0006668816204182804,0,-0.0196,0.0204
8480885,,8480885,1,0.00037981572677381337,0.0006668816204182804,0,-0.0196,0.0204
8480885,,8480885,2,0.0003762322594411671,0.0006668816204182804,0,-0.0196,0.0204
8480885,,8480885,3,0.0003766012378036976,0.0006668816204182804,0,-0.0196,0.0204
8480885,,8480885,4,0.00038022513035684824,0.0006668816204182804,0,-0.0196,0.0204
8480885,,8480885,5,0.00037880564923398197,0.0006668816204182804,0,-0.0196,0.0204
8480885,,8480885,6,0.0003778622194658965,0.0006668816204182804,0,-0.0196,0.0204
8480885,,8480885,7,0.00037724681897088885,0.0006668816204182804,0,-0.0196,0.0204
8480885,,8480885,8,0.00037728605093434453,0.0006668816204182804,0,-0.0196,0.0204
Devin Cooley,CGY,8482445,0,0.002567594638094306,0.0030411852058023214,0,-0.0174,0.0226
Devin Cooley,CGY,8482445,1,0.002563867252320051,0.0030411852058023214,0,-0.0174,0.0226
Devin Cooley,CGY,8482445,2,0.002560295397415757,0.0030411852058023214,0,-0.0174,0.0226
Devin Cooley,CGY,8482445,3,0.00256067281588912,0.0030411852058023214,0,-0.0174,0.0226
Devin Cooley,CGY,8482445,4,0.002564304508268833,0.0030411852058023214,0,-0.0174,0.0226
Devin Cooley,CGY,8482445,5,0.002562890527769923,0.0030411852058023214,0,-0.0174,0.0226
Devin Cooley,CGY,8482445,6,0.0025619512889534235,0.0030411852058023214,0,-0.0174,0.0226
Devin Cooley,CGY,8482445,7,0.0025613377802073956,0.0030411852058023214,0,-0.0174,0.0226
Devin Cooley,CGY,8482445,8,0.002561378525570035,0.0030411852058023214,0,-0.0174,0.0226
8478433,,8478433,0,0.0008269667159765959,0.0011100249830633402,0,-0.0192,0.0208
8478433,,8478433,1,0.0008232304826378822,0.0011100249830633402,0,-0.0192,0.0208
8478433,,8478433,2,0.0008196497219614685,0.0011100249830633402,0,-0.0192,0.0208
8478433,,8478433,3,0.0008200211450457573,0.0011100249830633402,0,-0.0192,0.0208
8478433,,8478433,4,0.0008236469002440572,0.0011100249830633402,0,-0.0192,0.0208
8478433,,8478433,5,0.0008222288452088833,0.0011100249830633402,0,-0.0192,0.0208
8478433,,8478433,6,0.0008212865795940161,0.0011100249830633402,0,-0.0192,0.0208
8478433,,8478433,7,0.0008206715574488044,0.0011100249830633402,0,-0.0192,0.0208
8478433,,8478433,8,0.0008207109640352428,0.0011100249830633402,0,-0.0192,0.0208
8475789,,8475789,0,-0.002354963682591915,-0.0020703596528619528,0,-0.0224,0.0176
8475789,,8475789,1,-0.002358719939365983,-0.0020703596528619528,0,-0.0224,0.0176
8475789,,8475789,2,-0.0023623150773346424,-0.0020703596528619528,0,-0.0224,0.0176
8475789,,8475789,3,-0.002361958147957921,-0.0020703596528619528,0,-0.0224,0.0176
8475789,,8475789,4,-0.0023583434522151947,-0.0020703596528619528,0,-0.0224,0.0176
8475789,,8475789,5,-0.0023597697727382183,-0.0020703596528619528,0,-0.0224,0.0176
8475789,,8475789,6,-0.002360719256103039,-0.0020703596528619528,0,-0.0224,0.0176
8475789,,8475789,7,-0.002361336722970009,-0.0020703596528619528,0,-0.0224,0.0176
8475789,,8475789,8,-0.0023612987715750933,-0.0020703596528619528,0,-0.0224,0.0176
8479609,,8479609,0,0.0014191382797434926,0.0017019439255818725,0,-0.0186,0.0214
8479609,,8479609,1,0.0014154042582958937,0.0017019439255818725,0,-0.0186,0.0214
8479609,,8479609,2,0.001411826815456152,0.0017019439255818725,0,-0.0186,0.0214
8479609,,8479609,3,0.0014121998101472855,0.0017019439255818725,0,-0.0186,0.0214
8479609,,8479609,4,0.0014158278936520219,0.0017019439255818725,0,-0.0186,0.0214
8479609,,8479609,5,0.001414411119185388,0.0017019439255818725,0,-0.0186,0.0214
8479609,,8479609,6,0.0014134695520624518,0.0017019439255818725,0,-0.0186,0.0214
8479609,,8479609,7,0.0014128554612398148,0.0017019439255818725,0,-0.0186,0.0214
8479609,,8479609,8,0.0014128952752798796,0.0017019439255818725,0,-0.0186,0.0214
Daniil Tarasov,FLA,8480193,0,0.017257917672395706,0.008987794630229473,0,-0.0027,0.0373
Daniil Tarasov,FLA,8480193,1,0.017254196107387543,0.008987794630229473,0,-0.0027,0.0373
Daniil Tarasov,FLA,8480193,2,0.017250636592507362,0.008987794630229473,0,-0.0027,0.0373
Daniil Tarasov,FLA,8480193,3,0.017251020297408104,0.008987794630229473,0,-0.0027,0.0373
Daniil Tarasov,FLA,8480193,4,0.017254654318094254,0.008987794630229473,0,-0.0027,0.0373
Daniil Tarasov,FLA,8480193,5,0.017253248021006584,0.008987794630229473,0,-0.0027,0.0373
Daniil Tarasov,FLA,8480193,6,0.01725231297314167,0.008987794630229473,0,-0.0027,0.0373
Daniil Tarasov,FLA,8480193,7,0.017251698300242424,0.008987794630229473,0,-0.0027,0.0373
Daniil Tarasov,FLA,8480193,8,0.017251743003726006,0.008987794630229473,0,-0.0027,0.0373
Logan Thompson,WSH,8480313,0,0.04200372472405434,0.025737667456269264,0,0.022,0.062
Logan Thompson,WSH,8480313,1,0.04200000688433647,0.025737667456269264,0,0.022,0.062
Logan Thompson,WSH,8480313,2,0.041996438056230545,0.025737667456269264,0,0.022,0.062
Logan Thompson,WSH,8480313,3,0.04199681058526039,0.025737667456269264,0,0.022,0.062
Logan Thompson,WSH,8480313,4,0.04200045391917229,0.025737667456269264,0,0.022,0.062
Logan Thompson,WSH,8480313,5,0.04199903830885887,0.025737667456269264,0,0.022,0.062
Logan Thompson,WSH,8480313,6,0.041998106986284256,0.025737667456269264,0,0.022,0.062
Logan Thompson,WSH,8480313,7,0.04199748486280441,0.025737667456269264,0,0.022,0.062
Logan Thompson,WSH,8480313,8,0.041997529566287994,0.025737667456269264,0,0.022,0.062
Stuart Skinner,PIT,8479973,0,-0.019914506003260612,-0.008364075794816017,6,-0.0281,-0.0117
Stuart Skinner,PIT,8479973,1,-0.019839566200971603,-0.008364075794816017,8,-0.0269,-0.0127
Stuart Skinner,PIT,8479973,2,-0.019843148067593575,-0.008364075794816017,0,-0.0398,0.0002
Stuart Skinner,PIT,8479973,3,-0.019842786714434624,-0.008364075794816017,0,-0.0398,0.0002
Stuart Skinner,PIT,8479973,4,-0.01983916573226452,-0.008364075794816017,0,-0.0398,0.0002
Stuart Skinner,PIT,8479973,5,-0.019840585067868233,-0.008364075794816017,0,-0.0398,0.0002
Stuart Skinner,PIT,8479973,6,-0.01984153874218464,-0.008364075794816017,0,-0.0398,0.0002
Stuart Skinner,PIT,8479973,7,-0.01984214596450329,-0.008364075794816017,0,-0.0398,0.0002
Stuart Skinner,PIT,8479973,8,-0.0198421161621809,-0.008364075794816017,0,-0.0398,0.0002
Darcy Kuemper,LAK,8475311,0,-0.001003178535029292,0.005284794606268406,0,-0.021,0.019
Darcy Kuemper,LAK,8475311,1,-0.0010069131385535002,0.005284794606268406,0,-0.021,0.019
Darcy Kuemper,LAK,8475311,2,-0.0010104910470545292,0.005284794606268406,0,-0.021,0.019
Darcy Kuemper,LAK,8475311,3,-0.0010101182851940393,0.005284794606268406,0,-0.021,0.019
Darcy Kuemper,LAK,8475311,4,-0.0010064903181046247,0.005284794606268406,0,-0.021,0.019
Darcy Kuemper,LAK,8475311,5,-0.0010079076746478677,0.005284794606268406,0,-0.021,0.019
Darcy Kuemper,LAK,8475311,6,-0.0010088487761095166,0.005284794606268406,0,-0.021,0.019
Darcy Kuemper,LAK,8475311,7,-0.0010094635654240847,0.005284794606268406,0,-0.021,0.019
Darcy Kuemper,LAK,8475311,8,-0.0010094234021380544,0.005284794606268406,0,-0.021,0.019
8476861,,8476861,0,0.00045618184958584607,0.0007393945124931633,0,-0.0195,0.0205
8476861,,8476861,1,0.00045244363718666136,0.0007393945124931633,0,-0.0195,0.0205
8476861,,8476861,2,0.00044886115938425064,0.0007393945124931633,0,-0.0196,0.0204
8476861,,8476861,3,0.0004492314765229821,0.0007393945124931633,0,-0.0196,0.0204
8476861,,8476861,4,0.0004528558347374201,0.0007393945124931633,0,-0.0195,0.0205
8476861,,8476861,5,0.0004514372849371284,0.0007393945124931633,0,-0.0195,0.0205
8476861,,8476861,6,0.00045049391337670386,0.0007393945124931633,0,-0.0195,0.0205
8476861,,8476861,7,0.0004498792695812881,0.0007393945124931633,0,-0.0196,0.0204
8476861,,8476861,8,0.00044991803588345647,0.0007393945124931633,0,-0.0196,0.0204
Tristan Jarry,EDM,8477465,0,-0.022002190351486206,-0.013183812610805035,0,-0.042,-0.002
Tristan Jarry,EDM,8477465,1,-0.022002412006258965,-0.013183812610805035,1,-0.042,-0.002
Tristan Jarry,EDM,8477465,2,-0.022006018087267876,-0.013183812610805035,0,-0.042,-0.002
Tristan Jarry,EDM,8477465,3,-0.02200567163527012,-0.013183812610805035,0,-0.042,-0.002
Tristan Jarry,EDM,8477465,4,-0.02200206369161606,-0.013183812610805035,0,-0.042,-0.002
Tristan Jarry,EDM,8477465,5,-0.022003499791026115,-0.013183812610805035,0,-0.042,-0.002
Tristan Jarry,EDM,8477465,6,-0.022004449740052223,-0.013183812610805035,0,-0.042,-0.002
Tristan Jarry,EDM,8477465,7,-0.022005077451467514,-0.013183812610805035,0,-0.042,-0.002
Tristan Jarry,EDM,8477465,8,-0.02200503461062908,-0.013183812610805035,0,-0.042,-0.002
Ville Husso,ANA,8478024,0,-0.006184375379234552,-0.004886130336672068,0,-0.0262,0.0138
Ville Husso,ANA,8478024,1,-0.006145693361759186,-0.004886130336672068,0,-0.0261,0.0139
Ville Husso,ANA,8478024,2,-0.006106851622462273,-0.004886130336672068,0,-0.0261,0.0139
Ville Husso,ANA,8478024,3,-0.006064055487513542,-0.004886130336672068,4,-0.0161,0.0039
Ville Husso,ANA,8478024,4,-0.006060444284230471,-0.004886130336672068,0,-0.0261,0.0139
Ville Husso,ANA,8478024,5,-0.006061874330043793,-0.004886130336672068,0,-0.0261,0.0139
Ville Husso,ANA,8478024,6,-0.0060628256760537624,-0.004886130336672068,0,-0.0261,0.0139
Ville Husso,ANA,8478024,7,-0.006063445005565882,-0.004886130336672068,0,-0.0261,0.0139
Ville Husso,ANA,8478024,8,-0.006063408218324184,-0.004886130336672068,0,-0.0261,0.0139
8483426,,8483426,0,2.086133463308215e-05,0.0003042932949028909,0,-0.02,0.02
8483426,,8483426,1,1.7120444681495428e-05,0.0003042932949028909,0,-0.02,0.02
8483426,,8483426,2,1.3535813195630908e-05,0.0003042932949028909,0,-0.02,0.02
8483426,,8483426,3,1.390397665090859e-05,0.0003042932949028909,0,-0.02,0.02
8483426,,8483426,4,1.752708340063691e-05,0.0003042932949028909,0,-0.02,0.02
8483426,,8483426,5,1.6106991097331047e-05,0.0003042932949028909,0,-0.02,0.02
8483426,,8483426,6,1.516318297944963e-05,0.0003042932949028909,0,-0.02,0.02
8483426,,8483426,7,1.4547287719324231e-05,0.0003042932949028909,0,-0.02,0.02
8483426,,8483426,8,1.4586577890440822e-05,0.0003042932949028909,0,-0.02,0.02
Dylan Garand,NYR,8482193,0,-0.00047951884334906936,-0.0012913644313812256,0,-0.0205,0.0195
Dylan Garand,NYR,8482193,1,-0.0004832659615203738,-0.0012913644313812256,0,-0.0205,0.0195
Dylan Garand,NYR,8482193,2,-0.0004868561518378556,-0.0012913644313812256,0,-0.0205,0.0195
Dylan Garand,NYR,8482193,3,-0.0004864924121648073,-0.0012913644313812256,0,-0.0205,0.0195
Dylan Garand,NYR,8482193,4,-0.00048287323443219066,-0.0012913644313812256,0,-0.0205,0.0195
Dylan Garand,NYR,8482193,5,-0.00048429620801471174,-0.0012913644313812256,0,-0.0205,0.0195
Dylan Garand,NYR,8482193,6,-0.00048524222802370787,-0.0012913644313812256,0,-0.0205,0.0195
Dylan Garand,NYR,8482193,7,-0.0004858591710217297,-0.0012913644313812256,0,-0.0205,0.0195
Dylan Garand,NYR,8482193,8,-0.00048582040471956134,-0.0012913644313812256,0,-0.0205,0.0195
Joel Hofer,STL,8480981,0,0.01714428886771202,0.003858833573758602,0,-0.0029,0.0371
Joel Hofer,STL,8480981,1,0.01714053936302662,0.003858833573758602,0,-0.0029,0.0371
Joel Hofer,STL,8480981,2,0.0171369556337595,0.003858833573758602,0,-0.0029,0.0371
Joel Hofer,STL,8480981,3,0.017137322574853897,0.003858833573758602,0,-0.0029,0.0371
Joel Hofer,STL,8480981,4,0.017140939831733704,0.003858833573758602,0,-0.0029,0.0371
Joel Hofer,STL,8480981,5,0.01713952049612999,0.003858833573758602,0,-0.0029,0.0371
Joel Hofer,STL,8480981,6,0.01713857240974903,0.003858833573758602,0,-0.0029,0.0371
Joel Hofer,STL,8480981,7,0.017137957736849785,0.003858833573758602,0,-0.0029,0.0371
Joel Hofer,STL,8480981,8,0.01713799498975277,0.003858833573758602,0,-0.0029,0.0371
Alexandar Georgiev,,8480382,0,-0.03122302144765854,-0.03021792508661747,0,-0.0512,-0.0112
Alexandar Georgiev,,8480382,1,-0.03122682124376297,-0.03021792508661747,0,-0.0512,-0.0112
Alexandar Georgiev,,8480382,2,-0.031230462715029716,-0.03021792508661747,0,-0.0512,-0.0112
Alexandar Georgiev,,8480382,3,-0.031230131164193153,-0.03021792508661747,0,-0.0512,-0.0112
Alexandar Georgiev,,8480382,4,-0.03122655302286148,-0.03021792508661747,0,-0.0512,-0.0112
Alexandar Georgiev,,8480382,5,-0.031227990984916687,-0.03021792508661747,0,-0.0512,-0.0112
Alexandar Georgiev,,8480382,6,-0.031228959560394287,-0.03021792508661747,0,-0.0512,-0.0112
Alexandar Georgiev,,8480382,7,-0.031229590997099876,-0.03021792508661747,0,-0.0512,-0.0112
Alexandar Georgiev,,8480382,8,-0.031229548156261444,-0.03021792508661747,0,-0.0512,-0.0112
Andrei Vasilevskiy,TBL,8476883,0,0.017292533069849014,0.012598412111401558,12,0.0115,0.0231
Andrei Vasilevskiy,TBL,8476883,1,0.017304956912994385,0.012598412111401558,10,0.011,0.0236
Andrei Vasilevskiy,TBL,8476883,2,0.017344728112220764,0.012598412111401558,6,0.0091,0.0255
Andrei Vasilevskiy,TBL,8476883,3,0.01734509877860546,0.012598412111401558,0,-0.0027,0.0373
Andrei Vasilevskiy,TBL,8476883,4,0.01734873093664646,0.012598412111401558,0,-0.0027,0.0373
Andrei Vasilevskiy,TBL,8476883,5,0.017347315326333046,0.012598412111401558,0,-0.0027,0.0373
Andrei Vasilevskiy,TBL,8476883,6,0.017346378415822983,0.012598412111401558,0,-0.0027,0.0373
Andrei Vasilevskiy,TBL,8476883,7,0.01734575815498829,0.012598412111401558,0,-0.0027,0.0373
Andrei Vasilevskiy,TBL,8476883,8,0.01734580472111702,0.012598412111401558,0,-0.0027,0.0373
8484293,,8484293,0,0.0014362920774146914,0.0017191513907164335,0,-0.0186,0.0214
8484293,,8484293,1,0.0014325582887977362,0.0017191513907164335,0,-0.0186,0.0214
8484293,,8484293,2,0.0014289792161434889,0.0017191513907164335,0,-0.0186,0.0214
8484293,,8484293,3,0.0014293526764959097,0.0017191513907164335,0,-0.0186,0.0214
8484293,,8484293,4,0.0014329797122627497,0.0017191513907164335,0,-0.0186,0.0214
8484293,,8484293,5,0.0014315629377961159,0.0017191513907164335,0,-0.0186,0.0214
8484293,,8484293,6,0.0014306212542578578,0.0017191513907164335,0,-0.0186,0.0214
8484293,,8484293,7,0.001430006930604577,0.0017191513907164335,0,-0.0186,0.0214
8484293,,8484293,8,0.0014300465118139982,0.0017191513907164335,0,-0.0186,0.0214
Isaac Poulter,WPG,8483659,0,-0.0023378748446702957,-0.0018769761081784964,0,-0.0223,0.0177
Isaac Poulter,WPG,8483659,1,-0.002341626910492778,-0.0018769761081784964,0,-0.0223,0.0177
Isaac Poulter,WPG,8483659,2,-0.0023452220484614372,-0.0018769761081784964,0,-0.0223,0.0177
Isaac Poulter,WPG,8483659,3,-0.002344862325116992,-0.0018769761081784964,0,-0.0223,0.0177
Isaac Poulter,WPG,8483659,4,-0.0023412471637129784,-0.0018769761081784964,0,-0.0223,0.0177
Isaac Poulter,WPG,8483659,5,-0.0023426718544214964,-0.0018769761081784964,0,-0.0223,0.0177
Isaac Poulter,WPG,8483659,6,-0.0023436194751411676,-0.0018769761081784964,0,-0.0223,0.0177
Isaac Poulter,WPG,8483659,7,-0.0023442385718226433,-0.0018769761081784964,0,-0.0223,0.0177
Isaac Poulter,WPG,8483659,8,-0.0023441992234438658,-0.0018769761081784964,0,-0.0223,0.0177
Aleksei Kolosov,PHI,8482783,0,-0.009856116957962513,-0.010315402410924435,0,-0.0299,0.0101
Aleksei Kolosov,PHI,8482783,1,-0.0098599037155509,-0.010315402410924435,0,-0.0299,0.0101
Aleksei Kolosov,PHI,8482783,2,-0.009863528423011303,-0.010315402410924435,0,-0.0299,0.0101
Aleksei Kolosov,PHI,8482783,3,-0.00986319500952959,-0.010315402410924435,0,-0.0299,0.0101
Aleksei Kolosov,PHI,8482783,4,-0.009859599173069,-0.010315402410924435,0,-0.0299,0.0101
Aleksei Kolosov,PHI,8482783,5,-0.009861040860414505,-0.010315402410924435,0,-0.0299,0.0101
Aleksei Kolosov,PHI,8482783,6,-0.009862000122666359,-0.010315402410924435,0,-0.0299,0.0101
Aleksei Kolosov,PHI,8482783,7,-0.009862628765404224,-0.010315402410924435,0,-0.0299,0.0101
Aleksei Kolosov,PHI,8482783,8,-0.009862593375146389,-0.010315402410924435,0,-0.0299,0.0101
Jake Allen,NJD,8474596,0,0.0019269027980044484,0.0008080563857220113,0,-0.0181,0.0219
Jake Allen,NJD,8474596,1,0.0019231635378673673,0.0008080563857220113,0,-0.0181,0.0219
Jake Allen,NJD,8474596,2,0.0019195806235074997,0.0008080563857220113,0,-0.0181,0.0219
Jake Allen,NJD,8474596,3,0.001919949660077691,0.0008080563857220113,0,-0.0181,0.0219
Jake Allen,NJD,8474596,4,0.0019235742511227727,0.0008080563857220113,0,-0.0181,0.0219
Jake Allen,NJD,8474596,5,0.0019221543334424496,0.0008080563857220113,0,-0.0181,0.0219
Jake Allen,NJD,8474596,6,0.001921211602166295,0.0008080563857220113,0,-0.0181,0.0219
Jake Allen,NJD,8474596,7,0.001920595415867865,0.0008080563857220113,0,-0.0181,0.0219
Jake Allen,NJD,8474596,8,0.001920635811984539,0.0008080563857220113,0,-0.0181,0.0219
Sergei Bobrovsky,FLA,8475683,0,-0.0016079704510048032,-0.002443962264806032,0,-0.0216,0.0184
Sergei Bobrovsky,FLA,8475683,1,-0.001611707848496735,-0.002443962264806032,0,-0.0216,0.0184
Sergei Bobrovsky,FLA,8475683,2,-0.00161529122851789,-0.002443962264806032,0,-0.0216,0.0184
Sergei Bobrovsky,FLA,8475683,3,-0.0016149197472259402,-0.002443962264806032,0,-0.0216,0.0184
Sergei Bobrovsky,FLA,8475683,4,-0.0016112960875034332,-0.002443962264806032,0,-0.0216,0.0184
Sergei Bobrovsky,FLA,8475683,5,-0.0016127136768773198,-0.002443962264806032,0,-0.0216,0.0184
Sergei Bobrovsky,FLA,8475683,6,-0.001613657921552658,-0.002443962264806032,0,-0.0216,0.0184
Sergei Bobrovsky,FLA,8475683,7,-0.0016142720123752952,-0.002443962264806032,0,-0.0216,0.0184
Sergei Bobrovsky,FLA,8475683,8,-0.001614233711734414,-0.002443962264806032,0,-0.0216,0.0184
Jeremy Swayman,BOS,8480280,0,0.0006552098784595728,-0.002693148097023368,2,-0.0134,0.0148
Jeremy Swayman,BOS,8480280,1,0.0008802128722891212,-0.002693148097023368,19,-0.0037,0.0055
Jeremy Swayman,BOS,8480280,2,0.0009566848748363554,-0.002693148097023368,10,-0.0053,0.0073
Jeremy Swayman,BOS,8480280,3,0.0009570545516908169,-0.002693148097023368,0,-0.019,0.021
Jeremy Swayman,BOS,8480280,4,0.0009606786770746112,-0.002693148097023368,0,-0.019,0.021
Jeremy Swayman,BOS,8480280,5,0.0009592591086402535,-0.002693148097023368,0,-0.019,0.021
Jeremy Swayman,BOS,8480280,6,0.0009583159117028117,-0.002693148097023368,0,-0.019,0.021
Jeremy Swayman,BOS,8480280,7,0.0009577004238963127,-0.002693148097023368,0,-0.019,0.021
Jeremy Swayman,BOS,8480280,8,0.0009577395976521075,-0.002693148097023368,0,-0.019,0.021
Kevin Lankinen,VAN,8480947,0,-0.007343890145421028,0.0004318399587646127,0,-0.0273,0.0127
Kevin Lankinen,VAN,8480947,1,-0.007347621023654938,0.0004318399587646127,0,-0.0273,0.0127
Kevin Lankinen,VAN,8480947,2,-0.00735120102763176,0.0004318399587646127,0,-0.0274,0.0126
Kevin Lankinen,VAN,8480947,3,-0.00735082384198904,0.0004318399587646127,0,-0.0274,0.0126
Kevin Lankinen,VAN,8480947,4,-0.007347197737544775,0.0004318399587646127,0,-0.0273,0.0127
Kevin Lankinen,VAN,8480947,5,-0.007348612882196903,0.0004318399587646127,0,-0.0273,0.0127
Kevin Lankinen,VAN,8480947,6,-0.007349554914981127,0.0004318399587646127,0,-0.0273,0.0127
Kevin Lankinen,VAN,8480947,7,-0.007350167725235224,0.0004318399587646127,0,-0.0274,0.0126
Kevin Lankinen,VAN,8480947,8,-0.007350130006670952,0.0004318399587646127,0,-0.0274,0.0126
James Reimer,OTT,8473503,0,-0.0016109293792396784,0.00043165910756215453,0,-0.0216,0.0184
James Reimer,OTT,8473503,1,-0.0016146724810823798,0.00043165910756215453,0,-0.0216,0.0184
James Reimer,OTT,8473503,2,-0.0016182584222406149,0.00043165910756215453,0,-0.0216,0.0184
James Reimer,OTT,8473503,3,-0.0016178919468075037,0.00043165910756215453,0,-0.0216,0.0184
James Reimer,OTT,8473503,4,-0.0016142696840688586,0.00043165910756215453,0,-0.0216,0.0184
James Reimer,OTT,8473503,5,-0.0016156911151483655,0.00043165910756215453,0,-0.0216,0.0184
James Reimer,OTT,8473503,6,-0.0016166354762390256,0.00043165910756215453,0,-0.0216,0.0184
James Reimer,OTT,8473503,7,-0.0016172515461221337,0.00043165910756215453,0,-0.0216,0.0184
James Reimer,OTT,8473503,8,-0.0016172125469893217,0.00043165910756215453,0,-0.0216,0.0184
Mads Sogaard,OTT,8481544,0,-0.00034661314566619694,-0.0012620873749256134,0,-0.0203,0.0197
Mads Sogaard,OTT,8481544,1,-0.00035036116605624557,-0.0012620873749256134,0,-0.0204,0.0196
Mads Sogaard,OTT,8481544,2,-0.0003539520548656583,-0.0012620873749256134,0,-0.0204,0.0196
Mads Sogaard,OTT,8481544,3,-0.0003535892174113542,-0.0012620873749256134,0,-0.0204,0.0196
Mads Sogaard,OTT,8481544,4,-0.00034997047623619437,-0.0012620873749256134,0,-0.0203,0.0197
Mads Sogaard,OTT,8481544,5,-0.0003513939736876637,-0.0012620873749256134,0,-0.0204,0.0196
Mads Sogaard,OTT,8481544,6,-0.000352340197423473,-0.0012620873749256134,0,-0.0204,0.0196
Mads Sogaard,OTT,8481544,7,-0.0003529574896674603,-0.0012620873749256134,0,-0.0204,0.0196
Mads Sogaard,OTT,8481544,8,-0.00035291872336529195,-0.0012620873749256134,0,-0.0204,0.0196
Karel Vejmelka,UTA,8478872,0,-0.004533510189503431,-0.005232747178524733,1,-0.0245,0.0155
Karel Vejmelka,UTA,8478872,1,-0.004462862852960825,-0.005232747178524733,13,-0.01,0.001
Karel Vejmelka,UTA,8478872,2,-0.004497569985687733,-0.005232747178524733,15,-0.0097,0.0007
Karel Vejmelka,UTA,8478872,3,-0.004497201181948185,-0.005232747178524733,0,-0.0245,0.0155
Karel Vejmelka,UTA,8478872,4,-0.004493577405810356,-0.005232747178524733,0,-0.0245,0.0155
Karel Vejmelka,UTA,8478872,5,-0.00449499674141407,-0.005232747178524733,0,-0.0245,0.0155
Karel Vejmelka,UTA,8478872,6,-0.0044959415681660175,-0.005232747178524733,0,-0.0245,0.0155
Karel Vejmelka,UTA,8478872,7,-0.004496555309742689,-0.005232747178524733,0,-0.0245,0.0155
Karel Vejmelka,UTA,8478872,8,-0.004496517591178417,-0.005232747178524733,0,-0.0245,0.0155
Ilya Sorokin,NYI,8478009,0,0.016115732491016388,0.008400967344641685,0,-0.0039,0.0361
Ilya Sorokin,NYI,8478009,1,0.016112005338072777,0.008400967344641685,0,-0.0039,0.0361
Ilya Sorokin,NYI,8478009,2,0.016108425334095955,0.008400967344641685,0,-0.0039,0.0361
Ilya Sorokin,NYI,8478009,3,0.01610879972577095,0.008400967344641685,0,-0.0039,0.0361
Ilya Sorokin,NYI,8478009,4,0.01611243188381195,0.008400967344641685,0,-0.0039,0.0361
Ilya Sorokin,NYI,8478009,5,0.016111014410853386,0.008400967344641685,0,-0.0039,0.0361
Ilya Sorokin,NYI,8478009,6,0.016110073775053024,0.008400967344641685,0,-0.0039,0.0361
Ilya Sorokin,NYI,8478009,7,0.016109459102153778,0.008400967344641685,0,-0.0039,0.0361
Ilya Sorokin,NYI,8478009,8,0.01610950008034706,0.008400967344641685,0,-0.0039,0.0361
David Rittich,NYI,8479496,0,-0.001385525451041758,-0.004132927395403385,0,-0.0214,0.0186
David Rittich,NYI,8479496,1,-0.0013892768183723092,-0.004132927395403385,0,-0.0214,0.0186
David Rittich,NYI,8479496,2,-0.0013928702101111412,-0.004132927395403385,0,-0.0214,0.0186
David Rittich,NYI,8479496,3,-0.0013925092061981559,-0.004132927395403385,0,-0.0214,0.0186
David Rittich,NYI,8479496,4,-0.001388892182148993,-0.004132927395403385,0,-0.0214,0.0186
David Rittich,NYI,8479496,5,-0.0013903171056881547,-0.004132927395403385,0,-0.0214,0.0186
David Rittich,NYI,8479496,6,-0.0013912642607465386,-0.004132927395403385,0,-0.0214,0.0186
David Rittich,NYI,8479496,7,-0.0013918818440288305,-0.004132927395403385,0,-0.0214,0.0186
David Rittich,NYI,8479496,8,-0.0013918436598032713,-0.004132927395403385,0,-0.0214,0.0186
Pheonix Copley,LAK,8477831,0,-0.001336145680397749,-0.0004565449198707938,0,-0.0213,0.0187
Pheonix Copley,LAK,8477831,1,-0.0013398913433775306,-0.0004565449198707938,0,-0.0213,0.0187
Pheonix Copley,LAK,8477831,2,-0.0013434807769954205,-0.0004565449198707938,0,-0.0213,0.0187
Pheonix Copley,LAK,8477831,3,-0.0013431162806227803,-0.0004565449198707938,0,-0.0213,0.0187
Pheonix Copley,LAK,8477831,4,-0.00133949622977525,-0.0004565449198707938,0,-0.0213,0.0187
Pheonix Copley,LAK,8477831,5,-0.001340918941423297,-0.0004565449198707938,0,-0.0213,0.0187
Pheonix Copley,LAK,8477831,6,-0.0013418645830824971,-0.0004565449198707938,0,-0.0213,0.0187
Pheonix Copley,LAK,8477831,7,-0.0013424810022115707,-0.0004565449198707938,0,-0.0213,0.0187
Pheonix Copley,LAK,8477831,8,-0.0013424423523247242,-0.0004565449198707938,0,-0.0213,0.0187
Arvid Soderblom,CHI,8482821,0,-0.010270469821989536,-0.0043668365105986595,0,-0.0303,0.0097
Arvid Soderblom,CHI,8482821,1,-0.01027422770857811,-0.0043668365105986595,0,-0.0303,0.0097
Arvid Soderblom,CHI,8482821,2,-0.0102778235450387,-0.0043668365105986595,0,-0.0303,0.0097
Arvid Soderblom,CHI,8482821,3,-0.010277468711137772,-0.0043668365105986595,0,-0.0303,0.0097
Arvid Soderblom,CHI,8482821,4,-0.010273856110870838,-0.0043668365105986595,0,-0.0303,0.0097
Arvid Soderblom,CHI,8482821,5,-0.010275282897055149,-0.0043668365105986595,0,-0.0303,0.0097
Arvid Soderblom,CHI,8482821,6,-0.010276229120790958,-0.0043668365105986595,0,-0.0303,0.0097
Arvid Soderblom,CHI,8482821,7,-0.010276852175593376,-0.0043668365105986595,0,-0.0303,0.0097
Arvid Soderblom,CHI,8482821,8,-0.010276809334754944,-0.0043668365105986595,0,-0.0303,0.0097
John Gibson,DET,8476434,0,-0.03354482352733612,-0.02134004421532154,0,-0.0535,-0.0135
John Gibson,DET,8476434,1,-0.03354860842227936,-0.02134004421532154,0,-0.0535,-0.0135
John Gibson,DET,8476434,2,-0.03355219587683678,-0.02134004421532154,0,-0.0536,-0.0136
John Gibson,DET,8476434,3,-0.03355185687541962,-0.02134004421532154,0,-0.0536,-0.0136
John Gibson,DET,8476434,4,-0.03354824706912041,-0.02134004421532154,0,-0.0535,-0.0135
John Gibson,DET,8476434,5,-0.03354967385530472,-0.02134004421532154,0,-0.0535,-0.0135
John Gibson,DET,8476434,6,-0.033550627529621124,-0.02134004421532154,0,-0.0536,-0.0136
John Gibson,DET,8476434,7,-0.03355124592781067,-0.02134004421532154,0,-0.0536,-0.0136
John Gibson,DET,8476434,8,-0.03355121240019798,-0.02134004421532154,0,-0.0536,-0.0136
Yaroslav Askarov,SJS,8482137,0,-0.0003817869001068175,0.0023610093630850315,0,-0.0204,0.0196
Yaroslav Askarov,SJS,8482137,1,-0.0003855281975120306,0.0023610093630850315,0,-0.0204,0.0196
Yaroslav Askarov,SJS,8482137,2,-0.00038911294541321695,0.0023610093630850315,0,-0.0204,0.0196
Yaroslav Askarov,SJS,8482137,3,-0.0003887454222422093,0.0023610093630850315,0,-0.0204,0.0196
Yaroslav Askarov,SJS,8482137,4,-0.0003851223737001419,0.0023610093630850315,0,-0.0204,0.0196
Yaroslav Askarov,SJS,8482137,5,-0.00038654301897622645,0.0023610093630850315,0,-0.0204,0.0196
Yaroslav Askarov,SJS,8482137,6,-0.00038748671067878604,0.0023610093630850315,0,-0.0204,0.0196
Yaroslav Askarov,SJS,8482137,7,-0.00038810251862742007,0.0023610093630850315,0,-0.0204,0.0196
Yaroslav Askarov,SJS,8482137,8,-0.0003880634030792862,0.0023610093630850315,0,-0.0204,0.0196
8481707,,8481707,0,-0.00014056431245990098,0.00014292102423496544,0,-0.0201,0.0199
8481707,,8481707,1,-0.00014430582814384252,0.00014292102423496544,0,-0.0201,0.0199
8481707,,8481707,2,-0.0001478909980505705,0.00014292102423496544,0,-0.0201,0.0199
8481707,,8481707,3,-0.00014752331480849534,0.00014292102423496544,0,-0.0201,0.0199
8481707,,8481707,4,-0.00014390067372005433,0.00014292102423496544,0,-0.0201,0.0199
8481707,,8481707,5,-0.00014532098430208862,0.00014292102423496544,0,-0.0201,0.0199
8481707,,8481707,6,-0.00014626511256210506,0.00014292102423496544,0,-0.0201,0.0199
8481707,,8481707,7,-0.00014688094961456954,0.00014292102423496544,0,-0.0201,0.0199
8481707,,8481707,8,-0.00014684184861835092,0.00014292102423496544,0,-0.0201,0.0199
Thatcher Demko,VAN,8477967,0,-0.014560811221599579,-0.010943138971924782,0,-0.0346,0.0054
Thatcher Demko,VAN,8477967,1,-0.014564581215381622,-0.010943138971924782,0,-0.0346,0.0054
Thatcher Demko,VAN,8477967,2,-0.01456819474697113,-0.010943138971924782,0,-0.0346,0.0054
Thatcher Demko,VAN,8477967,3,-0.01456784550100565,-0.010943138971924782,0,-0.0346,0.0054
Thatcher Demko,VAN,8477967,4,-0.014564244076609612,-0.010943138971924782,0,-0.0346,0.0054
Thatcher Demko,VAN,8477967,5,-0.014565675519406796,-0.010943138971924782,0,-0.0346,0.0054
Thatcher Demko,VAN,8477967,6,-0.014566631987690926,-0.010943138971924782,0,-0.0346,0.0054
Thatcher Demko,VAN,8477967,7,-0.01456725224852562,-0.010943138971924782,0,-0.0346,0.0054
Thatcher Demko,VAN,8477967,8,-0.014567218720912933,-0.010943138971924782,0,-0.0346,0.0054
Jet Greaves,CBJ,8482982,0,-0.006065496243536472,1.7802454749471508e-05,0,-0.0261,0.0139
Jet Greaves,CBJ,8482982,1,-0.006069227121770382,1.7802454749471508e-05,0,-0.0261,0.0139
Jet Greaves,CBJ,8482982,2,-0.006072803400456905,1.7802454749471508e-05,0,-0.0261,0.0139
Jet Greaves,CBJ,8482982,3,-0.006072428077459335,1.7802454749471508e-05,0,-0.0261,0.0139
Jet Greaves,CBJ,8482982,4,-0.0060687982477247715,1.7802454749471508e-05,0,-0.0261,0.0139
Jet Greaves,CBJ,8482982,5,-0.006070214323699474,1.7802454749471508e-05,0,-0.0261,0.0139
Jet Greaves,CBJ,8482982,6,-0.006071153562515974,1.7802454749471508e-05,0,-0.0261,0.0139
Jet Greaves,CBJ,8482982,7,-0.00607176823541522,1.7802454749471508e-05,0,-0.0261,0.0139
Jet Greaves,CBJ,8482982,8,-0.0060717277228832245,1.7802454749471508e-05,0,-0.0261,0.0139
Matt Murray,SEA,8476899,0,-0.0039140572771430016,-0.0031587400007992983,0,-0.0239,0.0161
Matt Murray,SEA,8476899,1,-0.003917819820344448,-0.0031587400007992983,0,-0.0239,0.0161
Matt Murray,SEA,8476899,2,-0.00392142403870821,-0.0031587400007992983,0,-0.0239,0.0161
Matt Murray,SEA,8476899,3,-0.003921071067452431,-0.0031587400007992983,0,-0.0239,0.0161
Matt Murray,SEA,8476899,4,-0.003917462192475796,-0.0031587400007992983,0,-0.0239,0.0161
Matt Murray,SEA,8476899,5,-0.003918892238289118,-0.0031587400007992983,0,-0.0239,0.0161
Matt Murray,SEA,8476899,6,-0.0039198431186378,-0.0031587400007992983,0,-0.0239,0.0161
Matt Murray,SEA,8476899,7,-0.003920463379472494,-0.0031587400007992983,0,-0.0239,0.0161
Matt Murray,SEA,8476899,8,-0.003920425660908222,-0.0031587400007992983,0,-0.0239,0.0161
Leevi Meriläinen,OTT,8482447,0,-0.007215321529656649,-0.0023327069357037544,0,-0.0272,0.0128
Leevi Meriläinen,OTT,8482447,1,-0.007219059392809868,-0.0023327069357037544,0,-0.0272,0.0128
Leevi Meriläinen,OTT,8482447,2,-0.007222640793770552,-0.0023327069357037544,0,-0.0272,0.0128
Leevi Meriläinen,OTT,8482447,3,-0.007222270593047142,-0.0023327069357037544,0,-0.0272,0.0128
Leevi Meriläinen,OTT,8482447,4,-0.007218644488602877,-0.0023327069357037544,0,-0.0272,0.0128
Leevi Meriläinen,OTT,8482447,5,-0.007220063824206591,-0.0023327069357037544,0,-0.0272,0.0128
Leevi Meriläinen,OTT,8482447,6,-0.00722100492566824,-0.0023327069357037544,0,-0.0272,0.0128
Leevi Meriläinen,OTT,8482447,7,-0.007221621461212635,-0.0023327069357037544,0,-0.0272,0.0128
Leevi Meriläinen,OTT,8482447,8,-0.007221580948680639,-0.0023327069357037544,0,-0.0272,0.0128
Marcus Hogberg,NYI,8477405,0,0.0009744374547153711,0.0007032596622593701,0,-0.019,0.021
Marcus Hogberg,NYI,8477405,1,0.0009706983109936118,0.0007032596622593701,0,-0.019,0.021
Marcus Hogberg,NYI,8477405,2,0.0009671140578575432,0.0007032596622593701,0,-0.019,0.021
Marcus Hogberg,NYI,8477405,3,0.0009674832690507174,0.0007032596622593701,0,-0.019,0.021
Marcus Hogberg,NYI,8477405,4,0.0009711066959425807,0.0007032596622593701,0,-0.019,0.021
Marcus Hogberg,NYI,8477405,5,0.0009696873603388667,0.0007032596622593701,0,-0.019,0.021
Marcus Hogberg,NYI,8477405,6,0.0009687438141554594,0.0007032596622593701,0,-0.019,0.021
Marcus Hogberg,NYI,8477405,7,0.0009681284427642822,0.0007032596622593701,0,-0.019,0.021
Marcus Hogberg,NYI,8477405,8,0.0009681675001047552,0.0007032596622593701,0,-0.019,0.021
Nico Daws,NJD,8482076,0,0.005070465616881847,0.004719584248960018,0,-0.0149,0.0251
Nico Daws,NJD,8482076,1,0.005066754762083292,0.004719584248960018,0,-0.0149,0.0251
Nico Daws,NJD,8482076,2,0.00506319385021925,0.004719584248960018,0,-0.0149,0.0251
Nico Daws,NJD,8482076,3,0.005063585005700588,0.004719584248960018,0,-0.0149,0.0251
Nico Daws,NJD,8482076,4,0.005067223682999611,0.004719584248960018,0,-0.0149,0.0251
Nico Daws,NJD,8482076,5,0.005065817851573229,0.004719584248960018,0,-0.0149,0.0251
Nico Daws,NJD,8482076,6,0.0050648837350308895,0.004719584248960018,0,-0.0149,0.0251
Nico Daws,NJD,8482076,7,0.005064275115728378,0.004719584248960018,0,-0.0149,0.0251
Nico Daws,NJD,8482076,8,0.005064313765615225,0.004719584248960018,0,-0.0149,0.0251
8478848,,8478848,0,-0.0020762511994689703,-0.0017915533389896154,0,-0.0221,0.0179
8478848,,8478848,1,-0.002080006990581751,-0.0017915533389896154,0,-0.0221,0.0179
8478848,,8478848,2,-0.0020836051553487778,-0.0017915533389896154,0,-0.0221,0.0179
8478848,,8478848,3,-0.0020832475274801254,-0.0017915533389896154,0,-0.0221,0.0179
8478848,,8478848,4,-0.0020796339958906174,-0.0017915533389896154,0,-0.0221,0.0179
8478848,,8478848,5,-0.0020810605492442846,-0.0017915533389896154,0,-0.0221,0.0179
8478848,,8478848,6,-0.002082010032609105,-0.0017915533389896154,0,-0.0221,0.0179
8478848,,8478848,7,-0.002082628896459937,-0.0017915533389896154,0,-0.0221,0.0179
8478848,,8478848,8,-0.0020825902465730906,-0.0017915533389896154,0,-0.0221,0.0179
Nikita Tolopilo,VAN,8484268,0,0.005955320782959461,0.003749161260202527,0,-0.014,0.026
Nikita Tolopilo,VAN,8484268,1,0.005951593164354563,0.003749161260202527,0,-0.014,0.026
Nikita Tolopilo,VAN,8484268,2,0.005948019679635763,0.003749161260202527,0,-0.0141,0.0259
Nikita Tolopilo,VAN,8484268,3,0.005948398262262344,0.003749161260202527,0,-0.0141,0.0259
Nikita Tolopilo,VAN,8484268,4,0.00595202948898077,0.003749161260202527,0,-0.014,0.026
Nikita Tolopilo,VAN,8484268,5,0.005950615741312504,0.003749161260202527,0,-0.014,0.026
Nikita Tolopilo,VAN,8484268,6,0.005949676036834717,0.003749161260202527,0,-0.0141,0.0259
Nikita Tolopilo,VAN,8484268,7,0.00594906322658062,0.003749161260202527,0,-0.0141,0.0259
Nikita Tolopilo,VAN,8484268,8,0.005949102342128754,0.003749161260202527,0,-0.0141,0.0259
Antoine Bibeau,,8477312,0,6.824199226684868e-05,0.00032030767761170864,0,-0.0199,0.0201
Antoine Bibeau,,8477312,1,6.450136424973607e-05,0.00032030767761170864,0,-0.0199,0.0201
Antoine Bibeau,,8477312,2,6.0916878283023834e-05,0.00032030767761170864,0,-0.0199,0.0201
Antoine Bibeau,,8477312,3,6.128530367277563e-05,0.00032030767761170864,0,-0.0199,0.0201
Antoine Bibeau,,8477312,4,6.490829400718212e-05,0.00032030767761170864,0,-0.0199,0.0201
Antoine Bibeau,,8477312,5,6.348863826133311e-05,0.00032030767761170864,0,-0.0199,0.0201
Antoine Bibeau,,8477312,6,6.254459731280804e-05,0.00032030767761170864,0,-0.0199,0.0201
Antoine Bibeau,,8477312,7,6.192905129864812e-05,0.00032030767761170864,0,-0.0199,0.0201
Antoine Bibeau,,8477312,8,6.196805043146014e-05,0.00032030767761170864,0,-0.0199,0.0201
Matt Tomkins,EDM,8477035,0,-0.0016699275001883507,-0.001271505025215447,0,-0.0217,0.0183
Matt Tomkins,EDM,8477035,1,-0.0016736765392124653,-0.001271505025215447,0,-0.0217,0.0183
Matt Tomkins,EDM,8477035,2,-0.0016772691160440445,-0.001271505025215447,0,-0.0217,0.0183
Matt Tomkins,EDM,8477035,3,-0.0016769067151471972,-0.001271505025215447,0,-0.0217,0.0183
Matt Tomkins,EDM,8477035,4,-0.0016732889926061034,-0.001271505025215447,0,-0.0217,0.0183
Matt Tomkins,EDM,8477035,5,-0.0016747129848226905,-0.001271505025215447,0,-0.0217,0.0183
Matt Tomkins,EDM,8477035,6,-0.0016756601398810744,-0.001271505025215447,0,-0.0217,0.0183
Matt Tomkins,EDM,8477035,7,-0.0016762769082561135,-0.001271505025215447,0,-0.0217,0.0183
Matt Tomkins,EDM,8477035,8,-0.0016762388404458761,-0.001271505025215447,0,-0.0217,0.0183
Parker Gahagen,,8480481,0,-0.001581995515152812,-0.0011908796150237322,0,-0.0216,0.0184
Parker Gahagen,,8480481,1,-0.001585744321346283,-0.0011908796150237322,0,-0.0216,0.0184
Parker Gahagen,,8480481,2,-0.0015893355011940002,-0.0011908796150237322,0,-0.0216,0.0184
Parker Gahagen,,8480481,3,-0.0015889729838818312,-0.0011908796150237322,0,-0.0216,0.0184
Parker Gahagen,,8480481,4,-0.0015853546792641282,-0.0011908796150237322,0,-0.0216,0.0184
Parker Gahagen,,8480481,5,-0.0015867785550653934,-0.0011908796150237322,0,-0.0216,0.0184
Parker Gahagen,,8480481,6,-0.001587724662385881,-0.0011908796150237322,0,-0.0216,0.0184
Parker Gahagen,,8480481,7,-0.0015883420128375292,-0.0011908796150237322,0,-0.0216,0.0184
Parker Gahagen,,8480481,8,-0.0015883033629506826,-0.0011908796150237322,0,-0.0216,0.0184
Nikke Kokko,SEA,8483668,0,0.006224585231393576,0.003975619561970234,0,-0.0138,0.0262
Nikke Kokko,SEA,8483668,1,0.006220866926014423,0.003975619561970234,0,-0.0138,0.0262
Nikke Kokko,SEA,8483668,2,0.006217300891876221,0.003975619561970234,0,-0.0138,0.0262
Nikke Kokko,SEA,8483668,3,0.006217685528099537,0.003975619561970234,0,-0.0138,0.0262
Nikke Kokko,SEA,8483668,4,0.006221321877092123,0.003975619561970234,0,-0.0138,0.0262
Nikke Kokko,SEA,8483668,5,0.006219913251698017,0.003975619561970234,0,-0.0138,0.0262
Nikke Kokko,SEA,8483668,6,0.006218976341187954,0.003975619561970234,0,-0.0138,0.0262
Nikke Kokko,SEA,8483668,7,0.006218364462256432,0.003975619561970234,0,-0.0138,0.0262
Nikke Kokko,SEA,8483668,8,0.006218405906111002,0.003975619561970234,0,-0.0138,0.0262
Kyle Keyser,,8480356,0,-0.002825696486979723,-0.0023314866703003645,0,-0.0228,0.0172
Kyle Keyser,,8480356,1,-0.002829453209415078,-0.0023314866703003645,0,-0.0228,0.0172
Kyle Keyser,,8480356,2,-0.002833049511536956,-0.0023314866703003645,0,-0.0228,0.0172
Kyle Keyser,,8480356,3,-0.0028326932806521654,-0.0023314866703003645,0,-0.0228,0.0172
Kyle Keyser,,8480356,4,-0.0028290776535868645,-0.0023314866703003645,0,-0.0228,0.0172
Kyle Keyser,,8480356,5,-0.0028305058367550373,-0.0023314866703003645,0,-0.0228,0.0172
Kyle Keyser,,8480356,6,-0.002831453923135996,-0.0023314866703003645,0,-0.0228,0.0172
Kyle Keyser,,8480356,7,-0.002832073252648115,-0.0023314866703003645,0,-0.0228,0.0172
Kyle Keyser,,8480356,8,-0.002832035068422556,-0.0023314866703003645,0,-0.0228,0.0172
Talyn Boyko,NYR,8482869,0,-0.0002489103062544018,3.06485962937586e-05,0,-0.0202,0.0198
Talyn Boyko,NYR,8482869,1,-0.0002526527678128332,3.06485962937586e-05,0,-0.0203,0.0197
Talyn Boyko,NYR,8482869,2,-0.000256238883594051,3.06485962937586e-05,0,-0.0203,0.0197
Talyn Boyko,NYR,8482869,3,-0.00025587197160348296,3.06485962937586e-05,0,-0.0203,0.0197
Talyn Boyko,NYR,8482869,4,-0.00025224994169548154,3.06485962937586e-05,0,-0.0203,0.0197
Talyn Boyko,NYR,8482869,5,-0.00025367073249071836,3.06485962937586e-05,0,-0.0203,0.0197
Talyn Boyko,NYR,8482869,6,-0.0002546152099967003,3.06485962937586e-05,0,-0.0203,0.0197
Talyn Boyko,NYR,8482869,7,-0.0002552312798798084,3.06485962937586e-05,0,-0.0203,0.0197
Talyn Boyko,NYR,8482869,8,-0.0002551922225393355,3.06485962937586e-05,0,-0.0203,0.0197
Artur Akhtyamov,TOR,8482515,0,-0.0009178826585412025,-0.0005839568912051618,0,-0.0209,0.0191
Artur Akhtyamov,TOR,8482515,1,-0.0009216244798153639,-0.0005839568912051618,0,-0.0209,0.0191
Artur Akhtyamov,TOR,8482515,2,-0.000925209082197398,-0.0005839568912051618,0,-0.0209,0.0191
Artur Akhtyamov,TOR,8482515,3,-0.0009248416172340512,-0.0005839568912051618,0,-0.0209,0.0191
Artur Akhtyamov,TOR,8482515,4,-0.0009212185395881534,-0.0005839568912051618,0,-0.0209,0.0191
Artur Akhtyamov,TOR,8482515,5,-0.0009226391557604074,-0.0005839568912051618,0,-0.0209,0.0191
Artur Akhtyamov,TOR,8482515,6,-0.0009235829347744584,-0.0005839568912051618,0,-0.0209,0.0191
Artur Akhtyamov,TOR,8482515,7,-0.0009241989464499056,-0.0005839568912051618,0,-0.0209,0.0191
Artur Akhtyamov,TOR,8482515,8,-0.00092415971448645,-0.0005839568912051618,0,-0.0209,0.0191
Owen Say,CGY,8485465,0,4.391412949189544e-05,0.0002897033700719476,0,-0.02,0.02
Owen Say,CGY,8485465,1,4.0173385059461e-05,0.0002897033700719476,0,-0.02,0.02
Owen Say,CGY,8485465,2,3.658872446976602e-05,0.0002897033700719476,0,-0.02,0.02
Owen Say,CGY,8485465,3,3.6956858821213245e-05,0.0002897033700719476,0,-0.02,0.02
Owen Say,CGY,8485465,4,4.0579994674772024e-05,0.0002897033700719476,0,-0.02,0.02
Owen Say,CGY,8485465,5,3.9159844163805246e-05,0.0002897033700719476,0,-0.02,0.02
Owen Say,CGY,8485465,6,3.821609425358474e-05,0.0002897033700719476,0,-0.02,0.02
Owen Say,CGY,8485465,7,3.760025720112026e-05,0.0002897033700719476,0,-0.02,0.02
Owen Say,CGY,8485465,8,3.763951826840639e-05,0.0002897033700719476,0,-0.02,0.02
Caleb Heil,TBL,8485657,0,-0.00012637049076147377,0.00013905229570809752,0,-0.0201,0.0199
Caleb Heil,TBL,8485657,1,-0.00013011213741265237,0.00013905229570809752,0,-0.0201,0.0199
Caleb Heil,TBL,8485657,2,-0.0001336975983576849,0.00013905229570809752,0,-0.0201,0.0199
Caleb Heil,TBL,8485657,3,-0.00013333004608284682,0.00013905229570809752,0,-0.0201,0.0199
Caleb Heil,TBL,8485657,4,-0.00012970759416930377,0.00013905229570809752,0,-0.0201,0.0199
Caleb Heil,TBL,8485657,5,-0.0001311279775109142,0.00013905229570809752,0,-0.0201,0.0199
Caleb Heil,TBL,8485657,6,-0.00013207220763433725,0.00013905229570809752,0,-0.0201,0.0199
Caleb Heil,TBL,8485657,7,-0.0001326880737906322,0.00013905229570809752,0,-0.0201,0.0199
Caleb Heil,TBL,8485657,8,-0.00013264903100207448,0.00013905229570809752,0,-0.0201,0.0199
Filip Larsson,,8479548,0,6.057298742234707e-05,0.00030443898867815733,0,-0.0199,0.0201
Filip Larsson,,8479548,1,5.6832359405234456e-05,0.00030443898867815733,0,-0.0199,0.0201
Filip Larsson,,8479548,2,5.324784433469176e-05,0.00030443898867815733,0,-0.0199,0.0201
Filip Larsson,,8479548,3,5.361606599763036e-05,0.00030443898867815733,0,-0.0199,0.0201
Filip Larsson,,8479548,4,5.723928916268051e-05,0.00030443898867815733,0,-0.0199,0.0201
Filip Larsson,,8479548,5,5.5819255067035556e-05,0.00030443898867815733,0,-0.0199,0.0201
Filip Larsson,,8479548,6,5.487550515681505e-05,0.00030443898867815733,0,-0.0199,0.0201
Filip Larsson,,8479548,7,5.4259697208181024e-05,0.00030443898867815733,0,-0.0199,0.0201
Filip Larsson,,8479548,8,5.429895827546716e-05,0.00030443898867815733,0,-0.0199,0.0201
Michal Postava,DET,8485545,0,0.0009933292167261243,0.0011296429438516498,0,-0.019,0.021
Michal Postava,DET,8485545,1,0.000989592750556767,0.0011296429438516498,0,-0.019,0.021
Michal Postava,DET,8485545,2,0.0009860133286565542,0.0011296429438516498,0,-0.019,0.021
Michal Postava,DET,8485545,3,0.0009863846935331821,0.0011296429438516498,0,-0.019,0.021
Michal Postava,DET,8485545,4,0.0009900113800540566,0.0011296429438516498,0,-0.019,0.021
Michal Postava,DET,8485545,5,0.0009885934414342046,0.0011296429438516498,0,-0.019,0.021
Michal Postava,DET,8485545,6,0.0009876515250653028,0.0011296429438516498,0,-0.019,0.021
Michal Postava,DET,8485545,7,0.000987036619335413,0.0011296429438516498,0,-0.019,0.021
Michal Postava,DET,8485545,8,0.0009870766662061214,0.0011296429438516498,0,-0.019,0.021
Samuel Hlavaj,MIN,8482085,0,-0.002509028185158968,-0.001968886237591505,0,-0.0225,0.0175
Samuel Hlavaj,MIN,8482085,1,-0.0025127832777798176,-0.001968886237591505,0,-0.0225,0.0175
Samuel Hlavaj,MIN,8482085,2,-0.0025163786485791206,-0.001968886237591505,0,-0.0225,0.0175
Samuel Hlavaj,MIN,8482085,3,-0.0025160214863717556,-0.001968886237591505,0,-0.0225,0.0175
Samuel Hlavaj,MIN,8482085,4,-0.002512405626475811,-0.001968886237591505,0,-0.0225,0.0175
Samuel Hlavaj,MIN,8482085,5,-0.0025138328783214092,-0.001968886237591505,0,-0.0225,0.0175
Samuel Hlavaj,MIN,8482085,6,-0.0025147809647023678,-0.001968886237591505,0,-0.0225,0.0175
Samuel Hlavaj,MIN,8482085,7,-0.0025153998285531998,-0.001968886237591505,0,-0.0225,0.0175
Samuel Hlavaj,MIN,8482085,8,-0.002515360713005066,-0.001968886237591505,0,-0.0225,0.0175
Amir Miftakhov,CAR,8482501,0,0.0006631446303799748,0.0008375442703254521,0,-0.0193,0.0207
Amir Miftakhov,CAR,8482501,1,0.0006594070000573993,0.0008375442703254521,0,-0.0193,0.0207
Amir Miftakhov,CAR,8482501,2,0.0006558250752277672,0.0008375442703254521,0,-0.0193,0.0207
Amir Miftakhov,CAR,8482501,3,0.0006561954505741596,0.0008375442703254521,0,-0.0193,0.0207
Amir Miftakhov,CAR,8482501,4,0.0006598205072805285,0.0008375442703254521,0,-0.0193,0.0207
Amir Miftakhov,CAR,8482501,5,0.0006584018701687455,0.0008375442703254521,0,-0.0193,0.0207
Amir Miftakhov,CAR,8482501,6,0.000657459138892591,0.0008375442703254521,0,-0.0193,0.0207
Amir Miftakhov,CAR,8482501,7,0.0006568438839167356,0.0008375442703254521,0,-0.0193,0.0207
Amir Miftakhov,CAR,8482501,8,0.0006568834651261568,0.0008375442703254521,0,-0.0193,0.0207
Harrison Meneghin,TBL,8484636,0,-0.0006167988758534193,-0.00029484275728464127,0,-0.0206,0.0194
Harrison Meneghin,TBL,8484636,1,-0.0006205429090186954,-0.00029484275728464127,0,-0.0206,0.0194
Harrison Meneghin,TBL,8484636,2,-0.0006241303053684533,-0.00029484275728464127,0,-0.0206,0.0194
Harrison Meneghin,TBL,8484636,3,-0.0006237644702196121,-0.00029484275728464127,0,-0.0206,0.0194
Harrison Meneghin,TBL,8484636,4,-0.0006201433716341853,-0.00029484275728464127,0,-0.0206,0.0194
Harrison Meneghin,TBL,8484636,5,-0.000621564919129014,-0.00029484275728464127,0,-0.0206,0.0194
Harrison Meneghin,TBL,8484636,6,-0.0006225099787116051,-0.00029484275728464127,0,-0.0206,0.0194
Harrison Meneghin,TBL,8484636,7,-0.0006231262814253569,-0.00029484275728464127,0,-0.0206,0.0194
Harrison Meneghin,TBL,8484636,8,-0.0006230873987078667,-0.00029484275728464127,0,-0.0206,0.0194
Domenic DiVincentiis,WPG,8483711,0,2.2513704607263207e-05,0.0002707720850594342,0,-0.02,0.02
Domenic DiVincentiis,WPG,8483711,1,1.877284375950694e-05,0.0002707720850594342,0,-0.02,0.02
Domenic DiVincentiis,WPG,8483711,2,1.5188008546829224e-05,0.0002707720850594342,0,-0.02,0.02
Domenic DiVincentiis,WPG,8483711,3,1.5556172002106905e-05,0.0002707720850594342,0,-0.02,0.02
Domenic DiVincentiis,WPG,8483711,4,1.9179016817361116e-05,0.0002707720850594342,0,-0.02,0.02
Domenic DiVincentiis,WPG,8483711,5,1.7759070033207536e-05,0.0002707720850594342,0,-0.02,0.02
Domenic DiVincentiis,WPG,8483711,6,1.6814999980852008e-05,0.0002707720850594342,0,-0.02,0.02
Domenic DiVincentiis,WPG,8483711,7,1.6199308447539806e-05,0.0002707720850594342,0,-0.02,0.02
Domenic DiVincentiis,WPG,8483711,8,1.62383948918432e-05,0.0002707720850594342,0,-0.02,0.02
Sergei Murashov,PIT,8483703,0,0.006820477079600096,0.00497662415727973,0,-0.0132,0.0268
Sergei Murashov,PIT,8483703,1,0.006816759705543518,0.00497662415727973,0,-0.0132,0.0268
Sergei Murashov,PIT,8483703,2,0.006813192740082741,0.00497662415727973,0,-0.0132,0.0268
Sergei Murashov,PIT,8483703,3,0.006813579238951206,0.00497662415727973,0,-0.0132,0.0268
Sergei Murashov,PIT,8483703,4,0.0068172127939760685,0.00497662415727973,0,-0.0132,0.0268
Sergei Murashov,PIT,8483703,5,0.0068158055655658245,0.00497662415727973,0,-0.0132,0.0268
Sergei Murashov,PIT,8483703,6,0.006814866326749325,0.00497662415727973,0,-0.0132,0.0268
Sergei Murashov,PIT,8483703,7,0.006814258173108101,0.00497662415727973,0,-0.0132,0.0268
Sergei Murashov,PIT,8483703,8,0.0068142954260110855,0.00497662415727973,0,-0.0132,0.0268
Ryan Fanti,TBL,8483534,0,0.0025349101051688194,0.0024935288820415735,0,-0.0175,0.0225
Ryan Fanti,TBL,8483534,1,0.0025311813224107027,0.0024935288820415735,0,-0.0175,0.0225
Ryan Fanti,TBL,8483534,2,0.0025276080705225468,0.0024935288820415735,0,-0.0175,0.0225
Ryan Fanti,TBL,8483534,3,0.0025279847905039787,0.0024935288820415735,0,-0.0175,0.0225
Ryan Fanti,TBL,8483534,4,0.00253161508589983,0.0024935288820415735,0,-0.0175,0.0225
Ryan Fanti,TBL,8483534,5,0.00253020110540092,0.0024935288820415735,0,-0.0175,0.0225
Ryan Fanti,TBL,8483534,6,0.0025292611680924892,0.0024935288820415735,0,-0.0175,0.0225
Ryan Fanti,TBL,8483534,7,0.002528647892177105,0.0024935288820415735,0,-0.0175,0.0225
Ryan Fanti,TBL,8483534,8,0.002528688870370388,0.0024935288820415735,0,-0.0175,0.0225
Ivan Prosvetov,CGY,8481031,0,-0.0027180251199752092,-0.00208026310428977,0,-0.0227,0.0173
Ivan Prosvetov,CGY,8481031,1,-0.002721780212596059,-0.00208026310428977,0,-0.0227,0.0173
Ivan Prosvetov,CGY,8481031,2,-0.002725376980379224,-0.00208026310428977,0,-0.0227,0.0173
Ivan Prosvetov,CGY,8481031,3,-0.0027250200510025024,-0.00208026310428977,0,-0.0227,0.0173
Ivan Prosvetov,CGY,8481031,4,-0.0027214051224291325,-0.00208026310428977,0,-0.0227,0.0173
Ivan Prosvetov,CGY,8481031,5,-0.0027228323742747307,-0.00208026310428977,0,-0.0227,0.0173
Ivan Prosvetov,CGY,8481031,6,-0.0027237809263169765,-0.00208026310428977,0,-0.0227,0.0173
Ivan Prosvetov,CGY,8481031,7,-0.002724400255829096,-0.00208026310428977,0,-0.0227,0.0173
Ivan Prosvetov,CGY,8481031,8,-0.0027243609074503183,-0.00208026310428977,0,-0.0227,0.0173
Carl Lindbom,VGK,8482761,0,-0.0031691412441432476,-0.002079538069665432,0,-0.0232,0.0168
Carl Lindbom,VGK,8482761,1,-0.0031728928443044424,-0.002079538069665432,0,-0.0232,0.0168
Carl Lindbom,VGK,8482761,2,-0.003176487283781171,-0.002079538069665432,0,-0.0232,0.0168
Carl Lindbom,VGK,8482761,3,-0.003176126629114151,-0.002079538069665432,0,-0.0232,0.0168
Carl Lindbom,VGK,8482761,4,-0.003172510303556919,-0.002079538069665432,0,-0.0232,0.0168
Carl Lindbom,VGK,8482761,5,-0.0031739352270960808,-0.002079538069665432,0,-0.0232,0.0168
Carl Lindbom,VGK,8482761,6,-0.003174883546307683,-0.002079538069665432,0,-0.0232,0.0168
Carl Lindbom,VGK,8482761,7,-0.003175500314682722,-0.002079538069665432,0,-0.0232,0.0168
Carl Lindbom,VGK,8482761,8,-0.00317546259611845,-0.002079538069665432,0,-0.0232,0.0168
Carter Hart,VGK,8479394,0,0.03756091371178627,0.018386278301477432,7,0.03,0.0452
Carter Hart,VGK,8479394,1,0.038064949214458466,0.018386278301477432,17,0.0332,0.043
Carter Hart,VGK,8479394,2,0.038412779569625854,0.018386278301477432,9,0.0317,0.0451
Carter Hart,VGK,8479394,3,0.03866583853960037,0.018386278301477432,22,0.0344,0.043
Carter Hart,VGK,8479394,4,0.03873443976044655,0.018386278301477432,7,0.0311,0.0463
Carter Hart,VGK,8479394,5,0.03885268419981003,0.018386278301477432,15,0.0337,0.0441
Carter Hart,VGK,8479394,6,0.038797471672296524,0.018386278301477432,5,0.0299,0.0477
Carter Hart,VGK,8479394,7,0.03879823163151741,0.018386278301477432,10,0.0325,0.0451
Carter Hart,VGK,8479394,8,0.03878197818994522,0.018386278301477432,11,0.0328,0.0448
Vyacheslav Buteyets,ANA,8483746,0,-0.0035508032888174057,-0.0021358684170991182,0,-0.0236,0.0164
Vyacheslav Buteyets,ANA,8483746,1,-0.0035545609425753355,-0.0021358684170991182,0,-0.0236,0.0164
Vyacheslav Buteyets,ANA,8483746,2,-0.0035581595730036497,-0.0021358684170991182,0,-0.0236,0.0164
Vyacheslav Buteyets,ANA,8483746,3,-0.003557804273441434,-0.0021358684170991182,0,-0.0236,0.0164
Vyacheslav Buteyets,ANA,8483746,4,-0.003554190509021282,-0.0021358684170991182,0,-0.0236,0.0164
Vyacheslav Buteyets,ANA,8483746,5,-0.0035556196235120296,-0.0021358684170991182,0,-0.0236,0.0164
Vyacheslav Buteyets,ANA,8483746,6,-0.003556567244231701,-0.0021358684170991182,0,-0.0236,0.0164
Vyacheslav Buteyets,ANA,8483746,7,-0.0035571884363889694,-0.0021358684170991182,0,-0.0236,0.0164
Vyacheslav Buteyets,ANA,8483746,8,-0.003557148389518261,-0.0021358684170991182,0,-0.0236,0.0164
Jacob Fowler,MTL,8484170,0,-0.0021579216700047255,7.794667908456177e-05,0,-0.0222,0.0178
Jacob Fowler,MTL,8484170,1,-0.00225276593118906,7.794667908456177e-05,0,-0.0223,0.0177
Jacob Fowler,MTL,8484170,2,-0.002347454195842147,7.794667908456177e-05,0,-0.0223,0.0177
Jacob Fowler,MTL,8484170,3,-0.0024381892289966345,7.794667908456177e-05,0,-0.0224,0.0176
Jacob Fowler,MTL,8484170,4,-0.0025256695225834846,7.794667908456177e-05,1,-0.0225,0.0175
Jacob Fowler,MTL,8484170,5,-0.002527090022340417,7.794667908456177e-05,0,-0.0225,0.0175
Jacob Fowler,MTL,8484170,6,-0.002528034383431077,7.794667908456177e-05,0,-0.0225,0.0175
Jacob Fowler,MTL,8484170,7,-0.0025286502204835415,7.794667908456177e-05,0,-0.0225,0.0175
Jacob Fowler,MTL,8484170,8,-0.0025286111049354076,7.794667908456177e-05,0,-0.0225,0.0175
Drew Commesso,CHI,8482123,0,0.002132986206561327,0.0013972079614177346,0,-0.0179,0.0221
Drew Commesso,CHI,8482123,1,0.0021292518358677626,0.0013972079614177346,0,-0.0179,0.0221
Drew Commesso,CHI,8482123,2,0.0021256757900118828,0.0013972079614177346,0,-0.0179,0.0221
Drew Commesso,CHI,8482123,3,0.0021260485518723726,0.0013972079614177346,0,-0.0179,0.0221
Drew Commesso,CHI,8482123,4,0.0021296776831150055,0.0013972079614177346,0,-0.0179,0.0221
Drew Commesso,CHI,8482123,5,0.0021282602101564407,0.0013972079614177346,0,-0.0179,0.0221
Drew Commesso,CHI,8482123,6,0.0021273193415254354,0.0013972079614177346,0,-0.0179,0.0221
Drew Commesso,CHI,8482123,7,0.00212670536711812,0.0013972079614177346,0,-0.0179,0.0221
Drew Commesso,CHI,8482123,8,0.0021267447154968977,0.0013972079614177346,0,-0.0179,0.0221
Laurent Brossoit,SJS,8476316,0,0.0005612180102616549,0.0004289326025173068,0,-0.0194,0.0206
Laurent Brossoit,SJS,8476316,1,0.0005574787501245737,0.0004289326025173068,0,-0.0194,0.0206
Laurent Brossoit,SJS,8476316,2,0.0005538953118957579,0.0004289326025173068,0,-0.0194,0.0206
Laurent Brossoit,SJS,8476316,3,0.000554264581296593,0.0004289326025173068,0,-0.0194,0.0206
Laurent Brossoit,SJS,8476316,4,0.0005578885320574045,0.0004289326025173068,0,-0.0194,0.0206
Laurent Brossoit,SJS,8476316,5,0.0005564691964536905,0.0004289326025173068,0,-0.0194,0.0206
Laurent Brossoit,SJS,8476316,6,0.000555525766685605,0.0004289326025173068,0,-0.0194,0.0206
Laurent Brossoit,SJS,8476316,7,0.0005549102206714451,0.0004289326025173068,0,-0.0194,0.0206
Laurent Brossoit,SJS,8476316,8,0.0005549498018808663,0.0004289326025173068,0,-0.0194,0.0206
Arsenii Sergeev,CGY,8482949,0,0.001123738824389875,0.0006487883510999382,0,-0.0189,0.0211
Arsenii Sergeev,CGY,8482949,1,0.0011200008448213339,0.0006487883510999382,0,-0.0189,0.0211
Arsenii Sergeev,CGY,8482949,2,0.0011164185125380754,0.0006487883510999382,0,-0.0189,0.0211
Arsenii Sergeev,CGY,8482949,3,0.0011167885968461633,0.0006487883510999382,0,-0.0189,0.0211
Arsenii Sergeev,CGY,8482949,4,0.0011204140027984977,0.0006487883510999382,0,-0.0189,0.0211
Arsenii Sergeev,CGY,8482949,5,0.0011189946671947837,0.0006487883510999382,0,-0.0189,0.0211
Arsenii Sergeev,CGY,8482949,6,0.0011180521687492728,0.0006487883510999382,0,-0.0189,0.0211
Arsenii Sergeev,CGY,8482949,7,0.0011174366809427738,0.0006487883510999382,0,-0.0189,0.0211
Arsenii Sergeev,CGY,8482949,8,0.0011174764949828386,0.0006487883510999382,0,-0.0189,0.0211
