player_name,team,shooter_id,week,theta,mu_theta,shots_that_week,theta_lo,theta_hi
Jesse Puljujarvi,,8479344,0,0.003987417556345463,0.003941814880818129,0,-0.016,0.024
Jesse Puljujarvi,,8479344,1,0.003988016862422228,0.003941814880818129,0,-0.016,0.024
Jesse Puljujarvi,,8479344,2,0.003988590557128191,0.003941814880818129,0,-0.016,0.024
Jesse Puljujarvi,,8479344,3,0.003988545387983322,0.003941814880818129,0,-0.016,0.024
Jesse Puljujarvi,,8479344,4,0.0039879921823740005,0.003941814880818129,0,-0.016,0.024
Jesse Puljujarvi,,8479344,5,0.003988219890743494,0.003941814880818129,0,-0.016,0.024
Jesse Puljujarvi,,8479344,6,0.003988372627645731,0.003941814880818129,0,-0.016,0.024
Jesse Puljujarvi,,8479344,7,0.003988472279161215,0.003941814880818129,0,-0.016,0.024
Jesse Puljujarvi,,8479344,8,0.0039884671568870544,0.003941814880818129,0,-0.016,0.024
Kasperi Kapanen,EDM,8477953,0,-0.0031705982983112335,-0.0025464012287557125,0,-0.0232,0.0168
Kasperi Kapanen,EDM,8477953,1,-0.003170028096064925,-0.0025464012287557125,0,-0.0232,0.0168
Kasperi Kapanen,EDM,8477953,2,-0.0031694809440523386,-0.0025464012287557125,0,-0.0232,0.0168
Kasperi Kapanen,EDM,8477953,3,-0.0031695477664470673,-0.0025464012287557125,0,-0.0232,0.0168
Kasperi Kapanen,EDM,8477953,4,-0.0031701205298304558,-0.0025464012287557125,0,-0.0232,0.0168
Kasperi Kapanen,EDM,8477953,5,-0.0031699046958237886,-0.0025464012287557125,0,-0.0232,0.0168
Kasperi Kapanen,EDM,8477953,6,-0.0031697626691311598,-0.0025464012287557125,0,-0.0232,0.0168
Kasperi Kapanen,EDM,8477953,7,-0.0031696686055511236,-0.0025464012287557125,0,-0.0232,0.0168
Kasperi Kapanen,EDM,8477953,8,-0.003169676288962364,-0.0025464012287557125,0,-0.0232,0.0168
Pavel Buchnevich,STL,8477402,0,0.001784004969522357,-0.0016500374767929316,0,-0.0182,0.0218
Pavel Buchnevich,STL,8477402,1,0.0017845806432887912,-0.0016500374767929316,0,-0.0182,0.0218
Pavel Buchnevich,STL,8477402,2,0.0017851334996521473,-0.0016500374767929316,0,-0.0182,0.0218
Pavel Buchnevich,STL,8477402,3,0.0017850708682090044,-0.0016500374767929316,0,-0.0182,0.0218
Pavel Buchnevich,STL,8477402,4,0.0017845024121925235,-0.0016500374767929316,0,-0.0182,0.0218
Pavel Buchnevich,STL,8477402,5,0.0017847203416749835,-0.0016500374767929316,0,-0.0182,0.0218
Pavel Buchnevich,STL,8477402,6,0.0017848651623353362,-0.0016500374767929316,0,-0.0182,0.0218
Pavel Buchnevich,STL,8477402,7,0.0017849595751613379,-0.0016500374767929316,0,-0.0182,0.0218
Pavel Buchnevich,STL,8477402,8,0.0017849528230726719,-0.0016500374767929316,0,-0.0182,0.0218
Zachary Bolduc,MTL,8482737,0,0.00993707962334156,0.006303946487605572,0,-0.0101,0.0299
Zachary Bolduc,MTL,8482737,1,0.010007226839661598,0.006303946487605572,1,-0.01,0.03
Zachary Bolduc,MTL,8482737,2,0.01008176151663065,0.006303946487605572,0,-0.0099,0.0301
Zachary Bolduc,MTL,8482737,3,0.010155674070119858,0.006303946487605572,1,-0.0098,0.0302
Zachary Bolduc,MTL,8482737,4,0.010233419016003609,0.006303946487605572,0,-0.0098,0.0302
Zachary Bolduc,MTL,8482737,5,0.010311942547559738,0.006303946487605572,2,-0.0038,0.0244
Zachary Bolduc,MTL,8482737,6,0.010312102735042572,0.006303946487605572,0,-0.0097,0.0303
Zachary Bolduc,MTL,8482737,7,0.010312199592590332,0.006303946487605572,0,-0.0097,0.0303
Zachary Bolduc,MTL,8482737,8,0.010312204249203205,0.006303946487605572,0,-0.0097,0.0303
Ryder Ritchie,MIN,8484765,0,-0.00027761782985180616,-0.00032175867818295956,0,-0.0203,0.0197
Ryder Ritchie,MIN,8484765,1,-0.00027703563682734966,-0.00032175867818295956,0,-0.0203,0.0197
Ryder Ritchie,MIN,8484765,2,-0.0002764775126706809,-0.00032175867818295956,0,-0.0203,0.0197
Ryder Ritchie,MIN,8484765,3,-0.0002765352837741375,-0.00032175867818295956,0,-0.0203,0.0197
Ryder Ritchie,MIN,8484765,4,-0.0002770999271888286,-0.00032175867818295956,0,-0.0203,0.0197
Ryder Ritchie,MIN,8484765,5,-0.00027687897090800107,-0.00032175867818295956,0,-0.0203,0.0197
Ryder Ritchie,MIN,8484765,6,-0.00027673199656419456,-0.00032175867818295956,0,-0.0203,0.0197
Ryder Ritchie,MIN,8484765,7,-0.00027663627406582236,-0.00032175867818295956,0,-0.0203,0.0197
Ryder Ritchie,MIN,8484765,8,-0.00027664226945489645,-0.00032175867818295956,0,-0.0203,0.0197
Caedan Bankier,MIN,8482863,0,0.0020407726988196373,0.0020172903314232826,0,-0.018,0.022
Caedan Bankier,MIN,8482863,1,0.002041364787146449,0.0020172903314232826,0,-0.018,0.022
Caedan Bankier,MIN,8482863,2,0.0020419307984411716,0.0020172903314232826,0,-0.018,0.022
Caedan Bankier,MIN,8482863,3,0.002041880739852786,0.0020172903314232826,0,-0.018,0.022
Caedan Bankier,MIN,8482863,4,0.002041321247816086,0.0020172903314232826,0,-0.018,0.022
Caedan Bankier,MIN,8482863,5,0.0020415480248630047,0.0020172903314232826,0,-0.018,0.022
Caedan Bankier,MIN,8482863,6,0.0020416968036442995,0.0020172903314232826,0,-0.018,0.022
Caedan Bankier,MIN,8482863,7,0.0020417957566678524,0.0020172903314232826,0,-0.018,0.022
Caedan Bankier,MIN,8482863,8,0.00204178923740983,0.0020172903314232826,0,-0.018,0.022
Daemon Hunt,MIN,8482094,0,0.001899068709462881,0.0020790761336684227,0,-0.0181,0.0219
Daemon Hunt,MIN,8482094,1,0.0018996607977896929,0.0020790761336684227,0,-0.0181,0.0219
Daemon Hunt,MIN,8482094,2,0.0019002278568223119,0.0020790761336684227,0,-0.0181,0.0219
Daemon Hunt,MIN,8482094,3,0.0019001772161573172,0.0020790761336684227,0,-0.0181,0.0219
Daemon Hunt,MIN,8482094,4,0.0018996192375198007,0.0020790761336684227,0,-0.0181,0.0219
Daemon Hunt,MIN,8482094,5,0.0018998441519215703,0.0020790761336684227,0,-0.0181,0.0219
Daemon Hunt,MIN,8482094,6,0.0018999953754246235,0.0020790761336684227,0,-0.0181,0.0219
Daemon Hunt,MIN,8482094,7,0.0019000920001417398,0.0020790761336684227,0,-0.0181,0.0219
Daemon Hunt,MIN,8482094,8,0.0019000881584361196,0.0020790761336684227,0,-0.0181,0.0219
Morgan Barron,WPG,8480289,0,-0.0022406945936381817,-0.001219224650412798,0,-0.0222,0.0178
Morgan Barron,WPG,8480289,1,-0.0022401181049644947,-0.001219224650412798,0,-0.0222,0.0178
Morgan Barron,WPG,8480289,2,-0.002239564899355173,-0.001219224650412798,0,-0.0222,0.0178
Morgan Barron,WPG,8480289,3,-0.002239626133814454,-0.001219224650412798,0,-0.0222,0.0178
Morgan Barron,WPG,8480289,4,-0.0022401949390769005,-0.001219224650412798,0,-0.0222,0.0178
Morgan Barron,WPG,8480289,5,-0.0022399756126105785,-0.001219224650412798,0,-0.0222,0.0178
Morgan Barron,WPG,8480289,6,-0.002239831257611513,-0.001219224650412798,0,-0.0222,0.0178
Morgan Barron,WPG,8480289,7,-0.0022397362627089024,-0.001219224650412798,0,-0.0222,0.0178
Morgan Barron,WPG,8480289,8,-0.0022397437132894993,-0.001219224650412798,0,-0.0222,0.0178
Kieffer Bellows,,8479356,0,-0.0007599591626785696,-0.0008038018131628633,0,-0.0208,0.0192
Kieffer Bellows,,8479356,1,-0.0007593802292831242,-0.0008038018131628633,0,-0.0208,0.0192
Kieffer Bellows,,8479356,2,-0.000758825452066958,-0.0008038018131628633,0,-0.0208,0.0192
Kieffer Bellows,,8479356,3,-0.0007588855805806816,-0.0008038018131628633,0,-0.0208,0.0192
Kieffer Bellows,,8479356,4,-0.0007594525231979787,-0.0008038018131628633,0,-0.0208,0.0192
Kieffer Bellows,,8479356,5,-0.0007592332549393177,-0.0008038018131628633,0,-0.0208,0.0192
Kieffer Bellows,,8479356,6,-0.0007590873865410686,-0.0008038018131628633,0,-0.0208,0.0192
Kieffer Bellows,,8479356,7,-0.0007589923916384578,-0.0008038018131628633,0,-0.0208,0.0192
Kieffer Bellows,,8479356,8,-0.0007589987944811583,-0.0008038018131628633,0,-0.0208,0.0192
Vinnie Hinostroza,MIN,8476994,0,0.002699450822547078,0.0035374441649764776,0,-0.0173,0.0227
Vinnie Hinostroza,MIN,8476994,1,0.002700050128623843,0.0035374441649764776,0,-0.0173,0.0227
Vinnie Hinostroza,MIN,8476994,2,0.0027006242889910936,0.0035374441649764776,0,-0.0173,0.0227
Vinnie Hinostroza,MIN,8476994,3,0.00270057818852365,0.0035374441649764776,0,-0.0173,0.0227
Vinnie Hinostroza,MIN,8476994,4,0.002700024750083685,0.0035374441649764776,0,-0.0173,0.0227
Vinnie Hinostroza,MIN,8476994,5,0.0027002538554370403,0.0035374441649764776,0,-0.0173,0.0227
Vinnie Hinostroza,MIN,8476994,6,0.0027004063595086336,0.0035374441649764776,0,-0.0173,0.0227
Vinnie Hinostroza,MIN,8476994,7,0.0027005053125321865,0.0035374441649764776,0,-0.0173,0.0227
Vinnie Hinostroza,MIN,8476994,8,0.0027004999574273825,0.0035374441649764776,0,-0.0173,0.0227
Anton Lundell,FLA,8482113,0,-0.004289720207452774,-0.0044023203663527966,0,-0.0243,0.0157
Anton Lundell,FLA,8482113,1,-0.0042891534976661205,-0.0044023203663527966,0,-0.0243,0.0157
Anton Lundell,FLA,8482113,2,-0.00428861053660512,-0.0044023203663527966,0,-0.0243,0.0157
Anton Lundell,FLA,8482113,3,-0.0042886799201369286,-0.0044023203663527966,0,-0.0243,0.0157
Anton Lundell,FLA,8482113,4,-0.004289253614842892,-0.0044023203663527966,0,-0.0243,0.0157
Anton Lundell,FLA,8482113,5,-0.0042890398763120174,-0.0044023203663527966,0,-0.0243,0.0157
Anton Lundell,FLA,8482113,6,-0.004288899712264538,-0.0044023203663527966,0,-0.0243,0.0157
Anton Lundell,FLA,8482113,7,-0.004288806580007076,-0.0044023203663527966,0,-0.0243,0.0157
Anton Lundell,FLA,8482113,8,-0.004288814030587673,-0.0044023203663527966,0,-0.0243,0.0157
Justin Sourdif,WSH,8482088,0,0.0024446609895676374,0.0009969869861379266,0,-0.0176,0.0224
Justin Sourdif,WSH,8482088,1,0.0024452509824186563,0.0009969869861379266,0,-0.0176,0.0224
Justin Sourdif,WSH,8482088,2,0.0024458158295601606,0.0009969869861379266,0,-0.0176,0.0224
Justin Sourdif,WSH,8482088,3,0.002445764373987913,0.0009969869861379266,0,-0.0176,0.0224
Justin Sourdif,WSH,8482088,4,0.0024452032521367073,0.0009969869861379266,0,-0.0176,0.0224
Justin Sourdif,WSH,8482088,5,0.002445428865030408,0.0009969869861379266,0,-0.0176,0.0224
Justin Sourdif,WSH,8482088,6,0.00244557810947299,0.0009969869861379266,0,-0.0176,0.0224
Justin Sourdif,WSH,8482088,7,0.002445675665512681,0.0009969869861379266,0,-0.0176,0.0224
Justin Sourdif,WSH,8482088,8,0.0024456700775772333,0.0009969869861379266,0,-0.0176,0.0224
Hiroki Gojsic,NSH,8485005,0,-0.0002670030517037958,-0.00031116200261749327,0,-0.0203,0.0197
Hiroki Gojsic,NSH,8485005,1,-0.00026642053853720427,-0.00031116200261749327,0,-0.0203,0.0197
Hiroki Gojsic,NSH,8485005,2,-0.00026586229796521366,-0.00031116200261749327,0,-0.0203,0.0197
Hiroki Gojsic,NSH,8485005,3,-0.00026591980713419616,-0.00031116200261749327,0,-0.0203,0.0197
Hiroki Gojsic,NSH,8485005,4,-0.0002664843632373959,-0.00031116200261749327,0,-0.0203,0.0197
Hiroki Gojsic,NSH,8485005,5,-0.000266263319645077,-0.00031116200261749327,0,-0.0203,0.0197
Hiroki Gojsic,NSH,8485005,6,-0.0002661162579897791,-0.00031116200261749327,0,-0.0203,0.0197
Hiroki Gojsic,NSH,8485005,7,-0.00026602044817991555,-0.00031116200261749327,0,-0.0203,0.0197
Hiroki Gojsic,NSH,8485005,8,-0.000266026530880481,-0.00031116200261749327,0,-0.0203,0.0197
Aaron Ekblad,FLA,8477932,0,-0.007080940995365381,-0.005855531897395849,0,-0.0271,0.0129
Aaron Ekblad,FLA,8477932,1,-0.007080388721078634,-0.005855531897395849,0,-0.0271,0.0129
Aaron Ekblad,FLA,8477932,2,-0.007079854141920805,-0.005855531897395849,0,-0.0271,0.0129
Aaron Ekblad,FLA,8477932,3,-0.007079933770000935,-0.005855531897395849,0,-0.0271,0.0129
Aaron Ekblad,FLA,8477932,4,-0.007080514915287495,-0.005855531897395849,0,-0.0271,0.0129
Aaron Ekblad,FLA,8477932,5,-0.007080307230353355,-0.005855531897395849,0,-0.0271,0.0129
Aaron Ekblad,FLA,8477932,6,-0.0070801698602736,-0.005855531897395849,0,-0.0271,0.0129
Aaron Ekblad,FLA,8477932,7,-0.007080079521983862,-0.005855531897395849,0,-0.0271,0.0129
Aaron Ekblad,FLA,8477932,8,-0.007080089300870895,-0.005855531897395849,0,-0.0271,0.0129
Adam Wilsby,NSH,8482482,0,-0.0011871076421812177,-0.0011719741160050035,0,-0.0212,0.0188
Adam Wilsby,NSH,8482482,1,-0.001186530920676887,-0.0011719741160050035,0,-0.0212,0.0188
Adam Wilsby,NSH,8482482,2,-0.0011859778314828873,-0.0011719741160050035,0,-0.0212,0.0188
Adam Wilsby,NSH,8482482,3,-0.0011860396480187774,-0.0011719741160050035,0,-0.0212,0.0188
Adam Wilsby,NSH,8482482,4,-0.0011866075219586492,-0.0011719741160050035,0,-0.0212,0.0188
Adam Wilsby,NSH,8482482,5,-0.0011863894760608673,-0.0011719741160050035,0,-0.0212,0.0188
Adam Wilsby,NSH,8482482,6,-0.0011862440733239055,-0.0011719741160050035,0,-0.0212,0.0188
Adam Wilsby,NSH,8482482,7,-0.0011861496604979038,-0.0011719741160050035,0,-0.0212,0.0188
Adam Wilsby,NSH,8482482,8,-0.0011861559469252825,-0.0011719741160050035,0,-0.0212,0.0188
Joel Farabee,CGY,8480797,0,0.003890154417604208,0.002560095163062215,0,-0.0161,0.0239
Joel Farabee,CGY,8480797,1,0.0038907418493181467,0.002560095163062215,0,-0.0161,0.0239
Joel Farabee,CGY,8480797,2,0.0038913064636290073,0.002560095163062215,0,-0.0161,0.0239
Joel Farabee,CGY,8480797,3,0.0038912540767341852,0.002560095163062215,0,-0.0161,0.0239
Joel Farabee,CGY,8480797,4,0.0038906927220523357,0.002560095163062215,0,-0.0161,0.0239
Joel Farabee,CGY,8480797,5,0.0038909167051315308,0.002560095163062215,0,-0.0161,0.0239
Joel Farabee,CGY,8480797,6,0.0038910661824047565,0.002560095163062215,0,-0.0161,0.0239
Joel Farabee,CGY,8480797,7,0.003891163505613804,0.002560095163062215,0,-0.0161,0.0239
Joel Farabee,CGY,8480797,8,0.0038911576848477125,0.002560095163062215,0,-0.0161,0.0239
Olle Lycksell,OTT,8480245,0,-0.0017757301684468985,-0.0016634253552183509,0,-0.0218,0.0182
Olle Lycksell,OTT,8480245,1,-0.0017751542618498206,-0.0016634253552183509,0,-0.0218,0.0182
Olle Lycksell,OTT,8480245,2,-0.0017746023368090391,-0.0016634253552183509,0,-0.0218,0.0182
Olle Lycksell,OTT,8480245,3,-0.0017746648518368602,-0.0016634253552183509,0,-0.0218,0.0182
Olle Lycksell,OTT,8480245,4,-0.0017752337735146284,-0.0016634253552183509,0,-0.0218,0.0182
Olle Lycksell,OTT,8480245,5,-0.0017750158440321684,-0.0016634253552183509,0,-0.0218,0.0182
Olle Lycksell,OTT,8480245,6,-0.0017748711397871375,-0.0016634253552183509,0,-0.0218,0.0182
Olle Lycksell,OTT,8480245,7,-0.0017747767269611359,-0.0016634253552183509,0,-0.0218,0.0182
Olle Lycksell,OTT,8480245,8,-0.0017747832462191582,-0.0016634253552183509,0,-0.0218,0.0182
Jamie Drysdale,PHI,8482142,0,0.0016100273933261633,0.0008300840854644775,1,-0.0184,0.0216
Jamie Drysdale,PHI,8482142,1,0.00168701633810997,0.0008300840854644775,0,-0.0183,0.0217
Jamie Drysdale,PHI,8482142,2,0.0017639814177528024,0.0008300840854644775,1,-0.0182,0.0218
Jamie Drysdale,PHI,8482142,3,0.0018459975253790617,0.0008300840854644775,3,-0.0097,0.0133
Jamie Drysdale,PHI,8482142,4,0.0018454352393746376,0.0008300840854644775,0,-0.0182,0.0218
Jamie Drysdale,PHI,8482142,5,0.001845656894147396,0.0008300840854644775,0,-0.0182,0.0218
Jamie Drysdale,PHI,8482142,6,0.0018458053236827254,0.0008300840854644775,0,-0.0182,0.0218
Jamie Drysdale,PHI,8482142,7,0.001845901133492589,0.0008300840854644775,0,-0.0182,0.0218
Jamie Drysdale,PHI,8482142,8,0.0018458955455571413,0.0008300840854644775,0,-0.0182,0.0218
Morgan Frost,CGY,8480028,0,-0.0005282637430354953,-0.001089808763936162,0,-0.0205,0.0195
Morgan Frost,CGY,8480028,1,-0.0005276884185150266,-0.001089808763936162,0,-0.0205,0.0195
Morgan Frost,CGY,8480028,2,-0.0005271363188512623,-0.001089808763936162,0,-0.0205,0.0195
Morgan Frost,CGY,8480028,3,-0.0005271990085020661,-0.001089808763936162,0,-0.0205,0.0195
Morgan Frost,CGY,8480028,4,-0.0005277678137645125,-0.001089808763936162,0,-0.0205,0.0195
Morgan Frost,CGY,8480028,5,-0.0005275500589050353,-0.001089808763936162,0,-0.0205,0.0195
Morgan Frost,CGY,8480028,6,-0.0005274054128676653,-0.001089808763936162,0,-0.0205,0.0195
Morgan Frost,CGY,8480028,7,-0.0005273110000416636,-0.001089808763936162,0,-0.0205,0.0195
Morgan Frost,CGY,8480028,8,-0.000527317519299686,-0.001089808763936162,0,-0.0205,0.0195
Will Cuylle,NYR,8482157,0,0.007733071688562632,0.00673558609560132,0,-0.0123,0.0277
Will Cuylle,NYR,8482157,1,0.007733682636171579,0.00673558609560132,0,-0.0123,0.0277
Will Cuylle,NYR,8482157,2,0.00773426191881299,0.00673558609560132,0,-0.0123,0.0277
Will Cuylle,NYR,8482157,3,0.0077342260628938675,0.00673558609560132,0,-0.0123,0.0277
Will Cuylle,NYR,8482157,4,0.007733677513897419,0.00673558609560132,0,-0.0123,0.0277
Will Cuylle,NYR,8482157,5,0.0077339098788797855,0.00673558609560132,0,-0.0123,0.0277
Will Cuylle,NYR,8482157,6,0.007734067738056183,0.00673558609560132,0,-0.0123,0.0277
Will Cuylle,NYR,8482157,7,0.007734167855232954,0.00673558609560132,0,-0.0123,0.0277
Will Cuylle,NYR,8482157,8,0.007734163198620081,0.00673558609560132,0,-0.0123,0.0277
Cole Koepke,WPG,8481043,0,-0.005249465815722942,-0.003353883745148778,0,-0.0252,0.0148
Cole Koepke,WPG,8481043,1,-0.005248900968581438,-0.003353883745148778,0,-0.0252,0.0148
Cole Koepke,WPG,8481043,2,-0.005248354282230139,-0.003353883745148778,0,-0.0252,0.0148
Cole Koepke,WPG,8481043,3,-0.005248425994068384,-0.003353883745148778,0,-0.0252,0.0148
Cole Koepke,WPG,8481043,4,-0.005248998757451773,-0.003353883745148778,0,-0.0252,0.0148
Cole Koepke,WPG,8481043,5,-0.00524878641590476,-0.003353883745148778,0,-0.0252,0.0148
Cole Koepke,WPG,8481043,6,-0.005248643457889557,-0.003353883745148778,0,-0.0252,0.0148
Cole Koepke,WPG,8481043,7,-0.005248551722615957,-0.003353883745148778,0,-0.0252,0.0148
Cole Koepke,WPG,8481043,8,-0.005248557310551405,-0.003353883745148778,0,-0.0252,0.0148
Jaxon Nelson,,8484899,0,-0.0003962202463299036,-0.0004403305356390774,0,-0.0204,0.0196
Jaxon Nelson,,8484899,1,-0.00039563828613609076,-0.0004403305356390774,0,-0.0204,0.0196
Jaxon Nelson,,8484899,2,-0.00039508056943304837,-0.0004403305356390774,0,-0.0204,0.0196
Jaxon Nelson,,8484899,3,-0.0003951385442633182,-0.0004403305356390774,0,-0.0204,0.0196
Jaxon Nelson,,8484899,4,-0.00039570347871631384,-0.0004403305356390774,0,-0.0204,0.0196
Jaxon Nelson,,8484899,5,-0.00039548263885080814,-0.0004403305356390774,0,-0.0204,0.0196
Jaxon Nelson,,8484899,6,-0.00039533586823381484,-0.0004403305356390774,0,-0.0204,0.0196
Jaxon Nelson,,8484899,7,-0.0003952400875277817,-0.0004403305356390774,0,-0.0204,0.0196
Jaxon Nelson,,8484899,8,-0.00039524619933217764,-0.0004403305356390774,0,-0.0204,0.0196
Jaroslav Chmelar,NYR,8482877,0,-0.00023415026953443885,-0.00027830759063363075,0,-0.0202,0.0198
Jaroslav Chmelar,NYR,8482877,1,-0.00023356762540061027,-0.00027830759063363075,0,-0.0202,0.0198
Jaroslav Chmelar,NYR,8482877,2,-0.00023300948669202626,-0.00027830759063363075,0,-0.0202,0.0198
Jaroslav Chmelar,NYR,8482877,3,-0.00023306693765334785,-0.00027830759063363075,0,-0.0202,0.0198
Jaroslav Chmelar,NYR,8482877,4,-0.00023363163927569985,-0.00027830759063363075,0,-0.0202,0.0198
Jaroslav Chmelar,NYR,8482877,5,-0.00023341047926805913,-0.00027830759063363075,0,-0.0202,0.0198
Jaroslav Chmelar,NYR,8482877,6,-0.00023326356313191354,-0.00027830759063363075,0,-0.0202,0.0198
Jaroslav Chmelar,NYR,8482877,7,-0.00023316759325098246,-0.00027830759063363075,0,-0.0202,0.0198
Jaroslav Chmelar,NYR,8482877,8,-0.00023317383602261543,-0.00027830759063363075,0,-0.0202,0.0198
Filip Chytil,VAN,8480078,0,0.002317901002243161,0.0022729116026312113,0,-0.0177,0.0223
Filip Chytil,VAN,8480078,1,0.0023184947203844786,0.0022729116026312113,0,-0.0177,0.0223
Filip Chytil,VAN,8480078,2,0.002319060266017914,0.0022729116026312113,0,-0.0177,0.0223
Filip Chytil,VAN,8480078,3,0.002319011138752103,0.0022729116026312113,0,-0.0177,0.0223
Filip Chytil,VAN,8480078,4,0.0023184516467154026,0.0022729116026312113,0,-0.0177,0.0223
Filip Chytil,VAN,8480078,5,0.0023186784237623215,0.0022729116026312113,0,-0.0177,0.0223
Filip Chytil,VAN,8480078,6,0.002318828133866191,0.0022729116026312113,0,-0.0177,0.0223
Filip Chytil,VAN,8480078,7,0.0023189259227365255,0.0022729116026312113,0,-0.0177,0.0223
Filip Chytil,VAN,8480078,8,0.002318920101970434,0.0022729116026312113,0,-0.0177,0.0223
Victor Mancini,VAN,8483768,0,0.003915793262422085,0.004039369523525238,0,-0.0161,0.0239
Victor Mancini,VAN,8483768,1,0.003916396293789148,0.004039369523525238,0,-0.0161,0.0239
Victor Mancini,VAN,8483768,2,0.003916974179446697,0.004039369523525238,0,-0.0161,0.0239
Victor Mancini,VAN,8483768,3,0.003916933201253414,0.004039369523525238,0,-0.0161,0.0239
Victor Mancini,VAN,8483768,4,0.0039163813926279545,0.004039369523525238,0,-0.0161,0.0239
Victor Mancini,VAN,8483768,5,0.003916614223271608,0.004039369523525238,0,-0.0161,0.0239
Victor Mancini,VAN,8483768,6,0.003916767425835133,0.004039369523525238,0,-0.0161,0.0239
Victor Mancini,VAN,8483768,7,0.003916868008673191,0.004039369523525238,0,-0.0161,0.0239
Victor Mancini,VAN,8483768,8,0.003916863352060318,0.004039369523525238,0,-0.0161,0.0239
William Lockwood,,8479367,0,-2.8076872695237398e-05,-7.231704512378201e-05,0,-0.02,0.02
William Lockwood,,8479367,1,-2.7493493689689785e-05,-7.231704512378201e-05,0,-0.02,0.02
William Lockwood,,8479367,2,-2.693433634703979e-05,-7.231704512378201e-05,0,-0.02,0.02
William Lockwood,,8479367,3,-2.6991219783667475e-05,-7.231704512378201e-05,0,-0.02,0.02
William Lockwood,,8479367,4,-2.7555128326639533e-05,-7.231704512378201e-05,0,-0.02,0.02
William Lockwood,,8479367,5,-2.7333680918673053e-05,-7.231704512378201e-05,0,-0.02,0.02
William Lockwood,,8479367,6,-2.718626637943089e-05,-7.231704512378201e-05,0,-0.02,0.02
William Lockwood,,8479367,7,-2.7090263756690547e-05,-7.231704512378201e-05,0,-0.02,0.02
William Lockwood,,8479367,8,-2.709626278374344e-05,-7.231704512378201e-05,0,-0.02,0.02
Luke Evangelista,NSH,8482146,0,-0.008498765528202057,-0.004184193443506956,0,-0.0285,0.0115
Luke Evangelista,NSH,8482146,1,-0.008498204872012138,-0.004184193443506956,0,-0.0285,0.0115
Luke Evangelista,NSH,8482146,2,-0.008497657254338264,-0.004184193443506956,0,-0.0285,0.0115
Luke Evangelista,NSH,8482146,3,-0.008497732691466808,-0.004184193443506956,0,-0.0285,0.0115
Luke Evangelista,NSH,8482146,4,-0.008498301729559898,-0.004184193443506956,0,-0.0285,0.0115
Luke Evangelista,NSH,8482146,5,-0.008498093113303185,-0.004184193443506956,0,-0.0285,0.0115
Luke Evangelista,NSH,8482146,6,-0.008497947826981544,-0.004184193443506956,0,-0.0285,0.0115
Luke Evangelista,NSH,8482146,7,-0.008497861213982105,-0.004184193443506956,0,-0.0285,0.0115
Luke Evangelista,NSH,8482146,8,-0.008497864007949829,-0.004184193443506956,0,-0.0285,0.0115
Tommy Novak,PIT,8478438,0,0.00028726266464218497,-8.340870408574119e-05,0,-0.0197,0.0203
Tommy Novak,PIT,8478438,1,0.00027267963741905987,-8.340870408574119e-05,1,-0.0197,0.0203
Tommy Novak,PIT,8478438,2,0.00027323863469064236,-8.340870408574119e-05,0,-0.0197,0.0203
Tommy Novak,PIT,8478438,3,0.0002731817658059299,-8.340870408574119e-05,0,-0.0197,0.0203
Tommy Novak,PIT,8478438,4,0.00027261770446784794,-8.340870408574119e-05,0,-0.0197,0.0203
Tommy Novak,PIT,8478438,5,0.0002728392428252846,-8.340870408574119e-05,0,-0.0197,0.0203
Tommy Novak,PIT,8478438,6,0.0002729864791035652,-8.340870408574119e-05,0,-0.0197,0.0203
Tommy Novak,PIT,8478438,7,0.00027308257995173335,-8.340870408574119e-05,0,-0.0197,0.0203
Tommy Novak,PIT,8478438,8,0.0002730765554588288,-8.340870408574119e-05,0,-0.0197,0.0203
Ryan O'Reilly,NSH,8475158,0,0.0009886655025184155,0.0013440116308629513,0,-0.019,0.021
Ryan O'Reilly,NSH,8475158,1,0.0009892528178170323,0.0013440116308629513,0,-0.019,0.021
Ryan O'Reilly,NSH,8475158,2,0.0009898156858980656,0.0013440116308629513,0,-0.019,0.021
Ryan O'Reilly,NSH,8475158,3,0.0009897616691887379,0.0013440116308629513,0,-0.019,0.021
Ryan O'Reilly,NSH,8475158,4,0.0009892000816762447,0.0013440116308629513,0,-0.019,0.021
Ryan O'Reilly,NSH,8475158,5,0.0009894237155094743,0.0013440116308629513,0,-0.019,0.021
Ryan O'Reilly,NSH,8475158,6,0.0009895722614601254,0.0013440116308629513,0,-0.019,0.021
Ryan O'Reilly,NSH,8475158,7,0.0009896691190078855,0.0013440116308629513,0,-0.019,0.021
Ryan O'Reilly,NSH,8475158,8,0.000989663414657116,0.0013440116308629513,0,-0.019,0.021
Steven Stamkos,NSH,8474564,0,0.005332596134394407,0.004325182177126408,0,-0.0147,0.0253
Steven Stamkos,NSH,8474564,1,0.005333190318197012,0.004325182177126408,0,-0.0147,0.0253
Steven Stamkos,NSH,8474564,2,0.005333756562322378,0.004325182177126408,0,-0.0147,0.0253
Steven Stamkos,NSH,8474564,3,0.005333708133548498,0.004325182177126408,0,-0.0147,0.0253
Steven Stamkos,NSH,8474564,4,0.0053331488743424416,0.004325182177126408,0,-0.0147,0.0253
Steven Stamkos,NSH,8474564,5,0.00533337565138936,0.004325182177126408,0,-0.0147,0.0253
Steven Stamkos,NSH,8474564,6,0.0053335255943238735,0.004325182177126408,0,-0.0147,0.0253
Steven Stamkos,NSH,8474564,7,0.0053336238488554955,0.004325182177126408,0,-0.0147,0.0253
Steven Stamkos,NSH,8474564,8,0.005333618726581335,0.004325182177126408,0,-0.0147,0.0253
Danil Zhilkin,WPG,8483526,0,-0.0005547343171201646,-0.00045009967288933694,0,-0.0206,0.0194
Danil Zhilkin,WPG,8483526,1,-0.0005541528807953,-0.00045009967288933694,0,-0.0206,0.0194
Danil Zhilkin,WPG,8483526,2,-0.0005535957170650363,-0.00045009967288933694,0,-0.0206,0.0194
Danil Zhilkin,WPG,8483526,3,-0.0005536540993489325,-0.00045009967288933694,0,-0.0206,0.0194
Danil Zhilkin,WPG,8483526,4,-0.0005542193539440632,-0.00045009967288933694,0,-0.0206,0.0194
Danil Zhilkin,WPG,8483526,5,-0.0005539988051168621,-0.00045009967288933694,0,-0.0206,0.0194
Danil Zhilkin,WPG,8483526,6,-0.000553852238226682,-0.00045009967288933694,0,-0.0206,0.0194
Danil Zhilkin,WPG,8483526,7,-0.0005537564866244793,-0.00045009967288933694,0,-0.0206,0.0194
Danil Zhilkin,WPG,8483526,8,-0.0005537628312595189,-0.00045009967288933694,0,-0.0206,0.0194
Joshua Brown,EDM,8477384,0,-7.492201984860003e-05,-0.00011913737398572266,0,-0.0201,0.0199
Joshua Brown,EDM,8477384,1,-7.433881546603516e-05,-0.00011913737398572266,0,-0.0201,0.0199
Joshua Brown,EDM,8477384,2,-7.37800364731811e-05,-0.00011913737398572266,0,-0.0201,0.0199
Joshua Brown,EDM,8477384,3,-7.383698539342731e-05,-0.00011913737398572266,0,-0.0201,0.0199
Joshua Brown,EDM,8477384,4,-7.440122135449201e-05,-0.00011913737398572266,0,-0.0201,0.0199
Joshua Brown,EDM,8477384,5,-7.417978486046195e-05,-0.00011913737398572266,0,-0.0201,0.0199
Joshua Brown,EDM,8477384,6,-7.40325849619694e-05,-0.00011913737398572266,0,-0.0201,0.0199
Joshua Brown,EDM,8477384,7,-7.39365495974198e-05,-0.00011913737398572266,0,-0.0201,0.0199
Joshua Brown,EDM,8477384,8,-7.39426541258581e-05,-0.00011913737398572266,0,-0.0201,0.0199
Samuel Bolduc,LAK,8481541,0,-0.0002164924517273903,-0.0002606897905934602,0,-0.0202,0.0198
Samuel Bolduc,LAK,8481541,1,-0.00021590940013993531,-0.0002606897905934602,0,-0.0202,0.0198
Samuel Bolduc,LAK,8481541,2,-0.0002153508539777249,-0.0002606897905934602,0,-0.0202,0.0198
Samuel Bolduc,LAK,8481541,3,-0.00021540801390074193,-0.0002606897905934602,0,-0.0202,0.0198
Samuel Bolduc,LAK,8481541,4,-0.0002159722789656371,-0.0002606897905934602,0,-0.0202,0.0198
Samuel Bolduc,LAK,8481541,5,-0.00021575100254267454,-0.0002606897905934602,0,-0.0202,0.0198
Samuel Bolduc,LAK,8481541,6,-0.00021560382447205484,-0.0002606897905934602,0,-0.0202,0.0198
Samuel Bolduc,LAK,8481541,7,-0.00021550788369495422,-0.0002606897905934602,0,-0.0202,0.0198
Samuel Bolduc,LAK,8481541,8,-0.0002155139809474349,-0.0002606897905934602,0,-0.0202,0.0198
Ryan Pulock,NYI,8477506,0,0.00041098182555288076,0.0007942986558191478,0,-0.0196,0.0204
Ryan Pulock,NYI,8477506,1,0.0004115711199119687,0.0007942986558191478,0,-0.0196,0.0204
Ryan Pulock,NYI,8477506,2,0.0004121355595998466,0.0007942986558191478,0,-0.0196,0.0204
Ryan Pulock,NYI,8477506,3,0.0004120830271858722,0.0007942986558191478,0,-0.0196,0.0204
Ryan Pulock,NYI,8477506,4,0.00041152266203425825,0.0007942986558191478,0,-0.0196,0.0204
Ryan Pulock,NYI,8477506,5,0.00041174699435941875,0.0007942986558191478,0,-0.0196,0.0204
Ryan Pulock,NYI,8477506,6,0.00041189638432115316,0.0007942986558191478,0,-0.0196,0.0204
Ryan Pulock,NYI,8477506,7,0.0004119935620110482,0.0007942986558191478,0,-0.0196,0.0204
Ryan Pulock,NYI,8477506,8,0.0004119880322832614,0.0007942986558191478,0,-0.0196,0.0204
Carter Yakemchuk,OTT,8484759,0,0.0013872706331312656,0.0013425584184005857,0,-0.0186,0.0214
Carter Yakemchuk,OTT,8484759,1,0.00138785969465971,0.0013425584184005857,0,-0.0186,0.0214
Carter Yakemchuk,OTT,8484759,2,0.0013884237268939614,0.0013425584184005857,0,-0.0186,0.0214
Carter Yakemchuk,OTT,8484759,3,0.0013883712235838175,0.0013425584184005857,0,-0.0186,0.0214
Carter Yakemchuk,OTT,8484759,4,0.0013878101017326117,0.0013425584184005857,0,-0.0186,0.0214
Carter Yakemchuk,OTT,8484759,5,0.0013880351325497031,0.0013425584184005857,0,-0.0186,0.0214
Carter Yakemchuk,OTT,8484759,6,0.0013881836785003543,0.0013425584184005857,0,-0.0186,0.0214
Carter Yakemchuk,OTT,8484759,7,0.001388281350955367,0.0013425584184005857,0,-0.0186,0.0214
Carter Yakemchuk,OTT,8484759,8,0.0013882750645279884,0.0013425584184005857,0,-0.0186,0.0214
Adam Gaudette,SJS,8478874,0,0.003305362304672599,0.00210398668423295,0,-0.0167,0.0233
Adam Gaudette,SJS,8478874,1,0.003305957652628422,0.00210398668423295,0,-0.0167,0.0233
Adam Gaudette,SJS,8478874,2,0.003306526457890868,0.00210398668423295,0,-0.0167,0.0233
Adam Gaudette,SJS,8478874,3,0.003306478261947632,0.00210398668423295,0,-0.0167,0.0233
Adam Gaudette,SJS,8478874,4,0.0033059222623705864,0.00210398668423295,0,-0.0167,0.0233
Adam Gaudette,SJS,8478874,5,0.003306147875264287,0.00210398668423295,0,-0.0167,0.0233
Adam Gaudette,SJS,8478874,6,0.0033063003793358803,0.00210398668423295,0,-0.0167,0.0233
Adam Gaudette,SJS,8478874,7,0.0033063977025449276,0.00210398668423295,0,-0.0167,0.0233
Adam Gaudette,SJS,8478874,8,0.0033063937444239855,0.00210398668423295,0,-0.0167,0.0233
Drake Batherson,OTT,8480208,0,-0.014214418828487396,-0.010224501602351665,3,-0.0257,-0.0027
Drake Batherson,OTT,8480208,1,-0.014213870279490948,-0.010224501602351665,0,-0.0342,0.0058
Drake Batherson,OTT,8480208,2,-0.01421334594488144,-0.010224501602351665,0,-0.0342,0.0058
Drake Batherson,OTT,8480208,3,-0.01421342696994543,-0.010224501602351665,0,-0.0342,0.0058
Drake Batherson,OTT,8480208,4,-0.014214017428457737,-0.010224501602351665,0,-0.0342,0.0058
Drake Batherson,OTT,8480208,5,-0.014213812537491322,-0.010224501602351665,0,-0.0342,0.0058
Drake Batherson,OTT,8480208,6,-0.014213675633072853,-0.010224501602351665,0,-0.0342,0.0058
Drake Batherson,OTT,8480208,7,-0.01421358808875084,-0.010224501602351665,0,-0.0342,0.0058
Drake Batherson,OTT,8480208,8,-0.01421359647065401,-0.010224501602351665,0,-0.0342,0.0058
Shane Pinto,OTT,8481596,0,0.017942380160093307,0.01267890352755785,0,-0.0021,0.0379
Shane Pinto,OTT,8481596,1,0.017934398725628853,0.01267890352755785,1,-0.0021,0.0379
Shane Pinto,OTT,8481596,2,0.017935005947947502,0.01267890352755785,0,-0.0021,0.0379
Shane Pinto,OTT,8481596,3,0.01793498918414116,0.01267890352755785,0,-0.0021,0.0379
Shane Pinto,OTT,8481596,4,0.01793445646762848,0.01267890352755785,0,-0.0021,0.0379
Shane Pinto,OTT,8481596,5,0.017934700474143028,0.01267890352755785,0,-0.0021,0.0379
Shane Pinto,OTT,8481596,6,0.01793486997485161,0.01267890352755785,0,-0.0021,0.0379
Shane Pinto,OTT,8481596,7,0.017934970557689667,0.01267890352755785,0,-0.0021,0.0379
Shane Pinto,OTT,8481596,8,0.017934976145625114,0.01267890352755785,0,-0.0021,0.0379
Stephen Halliday,OTT,8483676,0,-0.0027166574727743864,-0.0016473381547257304,0,-0.0227,0.0173
Stephen Halliday,OTT,8483676,1,-0.0027160816825926304,-0.0016473381547257304,0,-0.0227,0.0173
Stephen Halliday,OTT,8483676,2,-0.002715528942644596,-0.0016473381547257304,0,-0.0227,0.0173
Stephen Halliday,OTT,8483676,3,-0.0027155911084264517,-0.0016473381547257304,0,-0.0227,0.0173
Stephen Halliday,OTT,8483676,4,-0.002716159913688898,-0.0016473381547257304,0,-0.0227,0.0173
Stephen Halliday,OTT,8483676,5,-0.002715941285714507,-0.0016473381547257304,0,-0.0227,0.0173
Stephen Halliday,OTT,8483676,6,-0.0027157971635460854,-0.0016473381547257304,0,-0.0227,0.0173
Stephen Halliday,OTT,8483676,7,-0.0027157021686434746,-0.0016473381547257304,0,-0.0227,0.0173
Stephen Halliday,OTT,8483676,8,-0.002715709153562784,-0.0016473381547257304,0,-0.0227,0.0173
Michael Amadio,OTT,8478020,0,0.00048059606342576444,0.001379093388095498,0,-0.0195,0.0205
Michael Amadio,OTT,8478020,1,0.000481185270473361,0.001379093388095498,0,-0.0195,0.0205
Michael Amadio,OTT,8478020,2,0.0004817492444999516,0.001379093388095498,0,-0.0195,0.0205
Michael Amadio,OTT,8478020,3,0.00048169668298214674,0.001379093388095498,0,-0.0195,0.0205
Michael Amadio,OTT,8478020,4,0.0004811361141037196,0.001379093388095498,0,-0.0195,0.0205
Michael Amadio,OTT,8478020,5,0.0004813603591173887,0.001379093388095498,0,-0.0195,0.0205
Michael Amadio,OTT,8478020,6,0.00048150966176763177,0.001379093388095498,0,-0.0195,0.0205
Michael Amadio,OTT,8478020,7,0.00048160681035369635,0.001379093388095498,0,-0.0195,0.0205
Michael Amadio,OTT,8478020,8,0.0004816011351067573,0.001379093388095498,0,-0.0195,0.0205
Calen Addison,NJD,8480884,0,-0.00022170666488818824,-0.0002658831363078207,0,-0.0202,0.0198
Calen Addison,NJD,8480884,1,-0.00022112387523520738,-0.0002658831363078207,0,-0.0202,0.0198
Calen Addison,NJD,8480884,2,-0.00022056550369597971,-0.0002658831363078207,0,-0.0202,0.0198
Calen Addison,NJD,8480884,3,-0.00022062278003431857,-0.0002658831363078207,0,-0.0202,0.0198
Calen Addison,NJD,8480884,4,-0.00022118736524134874,-0.0002658831363078207,0,-0.0202,0.0198
Calen Addison,NJD,8480884,5,-0.00022096605971455574,-0.0002658831363078207,0,-0.0202,0.0198
Calen Addison,NJD,8480884,6,-0.00022081914357841015,-0.0002658831363078207,0,-0.0202,0.0198
Calen Addison,NJD,8480884,7,-0.0002207230863859877,-0.0002658831363078207,0,-0.0202,0.0198
Calen Addison,NJD,8480884,8,-0.00022072935826145113,-0.0002658831363078207,0,-0.0202,0.0198
Nikolay Kulemin,,8473579,0,-0.00012347383017186075,-0.00016768138448242098,0,-0.0201,0.0199
Nikolay Kulemin,,8473579,1,-0.0001228906912729144,-0.00016768138448242098,0,-0.0201,0.0199
Nikolay Kulemin,,8473579,2,-0.00012233201414346695,-0.00016768138448242098,0,-0.0201,0.0199
Nikolay Kulemin,,8473579,3,-0.00012238905765116215,-0.00016768138448242098,0,-0.0201,0.0199
Nikolay Kulemin,,8473579,4,-0.0001229533227160573,-0.00016768138448242098,0,-0.0201,0.0199
Nikolay Kulemin,,8473579,5,-0.00012273194442968816,-0.00016768138448242098,0,-0.0201,0.0199
Nikolay Kulemin,,8473579,6,-0.000122584737255238,-0.00016768138448242098,0,-0.0201,0.0199
Nikolay Kulemin,,8473579,7,-0.00012248876737430692,-0.00016768138448242098,0,-0.0201,0.0199
Nikolay Kulemin,,8473579,8,-0.00012249485007487237,-0.00016768138448242098,0,-0.0201,0.0199
Tuomas Uronen,VGK,8484466,0,-9.625314851291478e-05,-0.00014047751028556377,0,-0.0201,0.0199
Tuomas Uronen,VGK,8484466,1,-9.566982043907046e-05,-0.00014047751028556377,0,-0.0201,0.0199
Tuomas Uronen,VGK,8484466,2,-9.511097596259788e-05,-0.00014047751028556377,0,-0.0201,0.0199
Tuomas Uronen,VGK,8484466,3,-9.516788850305602e-05,-0.00014047751028556377,0,-0.0201,0.0199
Tuomas Uronen,VGK,8484466,4,-9.573197166901082e-05,-0.00014047751028556377,0,-0.0201,0.0199
Tuomas Uronen,VGK,8484466,5,-9.551054972689599e-05,-0.00014047751028556377,0,-0.0201,0.0199
Tuomas Uronen,VGK,8484466,6,-9.536328434478492e-05,-0.00014047751028556377,0,-0.0201,0.0199
Tuomas Uronen,VGK,8484466,7,-9.526722715236247e-05,-0.00014047751028556377,0,-0.0201,0.0199
Tuomas Uronen,VGK,8484466,8,-9.527333168080077e-05,-0.00014047751028556377,0,-0.0201,0.0199
Grigori Denisenko,,8480844,0,-0.00013128039427101612,-0.00017549503536429256,0,-0.0201,0.0199
Grigori Denisenko,,8480844,1,-0.00013069725537206978,-0.00017549503536429256,0,-0.0201,0.0199
Grigori Denisenko,,8480844,2,-0.0001301384181715548,-0.00017549503536429256,0,-0.0201,0.0199
Grigori Denisenko,,8480844,3,-0.00013019549078308046,-0.00017549503536429256,0,-0.0201,0.0199
Grigori Denisenko,,8480844,4,-0.00013075961032882333,-0.00017549503536429256,0,-0.0201,0.0199
Grigori Denisenko,,8480844,5,-0.00013053827569819987,-0.00017549503536429256,0,-0.0201,0.0199
Grigori Denisenko,,8480844,6,-0.0001303909666603431,-0.00017549503536429256,0,-0.0201,0.0199
Grigori Denisenko,,8480844,7,-0.00013029505498707294,-0.00017549503536429256,0,-0.0201,0.0199
Grigori Denisenko,,8480844,8,-0.00013030105037614703,-0.00017549503536429256,0,-0.0201,0.0199
Sam Dickinson,SJS,8484806,0,-0.0005395456682890654,-0.00038406834937632084,0,-0.0205,0.0195
Sam Dickinson,SJS,8484806,1,-0.0005389638827182353,-0.00038406834937632084,0,-0.0205,0.0195
Sam Dickinson,SJS,8484806,2,-0.0005384063697420061,-0.00038406834937632084,0,-0.0205,0.0195
Sam Dickinson,SJS,8484806,3,-0.000538464228156954,-0.00038406834937632084,0,-0.0205,0.0195
Sam Dickinson,SJS,8484806,4,-0.0005390293663367629,-0.00038406834937632084,0,-0.0205,0.0195
Sam Dickinson,SJS,8484806,5,-0.0005388085264712572,-0.00038406834937632084,0,-0.0205,0.0195
Sam Dickinson,SJS,8484806,6,-0.0005386619595810771,-0.00038406834937632084,0,-0.0205,0.0195
Sam Dickinson,SJS,8484806,7,-0.0005385659751482308,-0.00038406834937632084,0,-0.0205,0.0195
Sam Dickinson,SJS,8484806,8,-0.0005385723197832704,-0.00038406834937632084,0,-0.0205,0.0195
Tanner Laczynski,VGK,8479550,0,-0.0007840471807867289,-0.0007834899588488042,0,-0.0208,0.0192
Tanner Laczynski,VGK,8479550,1,-0.0007834669086150825,-0.0007834899588488042,0,-0.0208,0.0192
Tanner Laczynski,VGK,8479550,2,-0.0007829106179997325,-0.0007834899588488042,0,-0.0208,0.0192
Tanner Laczynski,VGK,8479550,3,-0.0007829697569832206,-0.0007834899588488042,0,-0.0208,0.0192
Tanner Laczynski,VGK,8479550,4,-0.0007835354190319777,-0.0007834899588488042,0,-0.0208,0.0192
Tanner Laczynski,VGK,8479550,5,-0.0007833155686967075,-0.0007834899588488042,0,-0.0208,0.0192
Tanner Laczynski,VGK,8479550,6,-0.0007831692928448319,-0.0007834899588488042,0,-0.0208,0.0192
Tanner Laczynski,VGK,8479550,7,-0.0007830738322809339,-0.0007834899588488042,0,-0.0208,0.0192
Tanner Laczynski,VGK,8479550,8,-0.0007830798858776689,-0.0007834899588488042,0,-0.0208,0.0192
Brendan Brisson,NYR,8482153,0,0.0012893009698018432,0.0012446652399376035,0,-0.0187,0.0213
Brendan Brisson,NYR,8482153,1,0.0012898891000077128,0.0012446652399376035,0,-0.0187,0.0213
Brendan Brisson,NYR,8482153,2,0.0012904524337500334,0.0012446652399376035,0,-0.0187,0.0213
Brendan Brisson,NYR,8482153,3,0.001290398882701993,0.0012446652399376035,0,-0.0187,0.0213
Brendan Brisson,NYR,8482153,4,0.0012898379936814308,0.0012446652399376035,0,-0.0187,0.0213
Brendan Brisson,NYR,8482153,5,0.0012900613946840167,0.0012446652399376035,0,-0.0187,0.0213
Brendan Brisson,NYR,8482153,6,0.0012902104062959552,0.0012446652399376035,0,-0.0187,0.0213
Brendan Brisson,NYR,8482153,7,0.0012903076130896807,0.0012446652399376035,0,-0.0187,0.0213
Brendan Brisson,NYR,8482153,8,0.0012903015594929457,0.0012446652399376035,0,-0.0187,0.0213
Ben Hutton,VGK,8477018,0,-0.0007045980310067534,-0.0006772203487344086,0,-0.0207,0.0193
Ben Hutton,VGK,8477018,1,-0.0007040168275125325,-0.0006772203487344086,0,-0.0207,0.0193
Ben Hutton,VGK,8477018,2,-0.000703460187651217,-0.0006772203487344086,0,-0.0207,0.0193
Ben Hutton,VGK,8477018,3,-0.0007035183371044695,-0.0006772203487344086,0,-0.0207,0.0193
Ben Hutton,VGK,8477018,4,-0.0007040840573608875,-0.0006772203487344086,0,-0.0207,0.0193
Ben Hutton,VGK,8477018,5,-0.0007038635085336864,-0.0006772203487344086,0,-0.0207,0.0193
Ben Hutton,VGK,8477018,6,-0.000703717116266489,-0.0006772203487344086,0,-0.0207,0.0193
Ben Hutton,VGK,8477018,7,-0.0007036214810796082,-0.0006772203487344086,0,-0.0207,0.0193
Ben Hutton,VGK,8477018,8,-0.000703627651091665,-0.0006772203487344086,0,-0.0207,0.0193
Callahan Burke,,8482250,0,-0.000925672531593591,-0.00096956203924492,0,-0.0209,0.0191
Callahan Burke,,8482250,1,-0.0009250930743291974,-0.00096956203924492,0,-0.0209,0.0191
Callahan Burke,,8482250,2,-0.0009245375986211002,-0.00096956203924492,0,-0.0209,0.0191
Callahan Burke,,8482250,3,-0.0009245975525118411,-0.00096956203924492,0,-0.0209,0.0191
Callahan Burke,,8482250,4,-0.00092516397126019,-0.00096956203924492,0,-0.0209,0.0191
Callahan Burke,,8482250,5,-0.0009249445283785462,-0.00096956203924492,0,-0.0209,0.0191
Callahan Burke,,8482250,6,-0.0009247983689419925,-0.00096956203924492,0,-0.0209,0.0191
Callahan Burke,,8482250,7,-0.0009247033740393817,-0.00096956203924492,0,-0.0209,0.0191
Callahan Burke,,8482250,8,-0.0009247095440514386,-0.00096956203924492,0,-0.0209,0.0191
Kaedan Korczak,VGK,8481527,0,-0.0004930404247716069,-0.0004090791626367718,0,-0.0205,0.0195
Kaedan Korczak,VGK,8481527,1,-0.000492458522785455,-0.0004090791626367718,0,-0.0205,0.0195
Kaedan Korczak,VGK,8481527,2,-0.0004919009516015649,-0.0004090791626367718,0,-0.0205,0.0195
Kaedan Korczak,VGK,8481527,3,-0.0004919588682241738,-0.0004090791626367718,0,-0.0205,0.0195
Kaedan Korczak,VGK,8481527,4,-0.0004925239481963217,-0.0004090791626367718,0,-0.0205,0.0195
Kaedan Korczak,VGK,8481527,5,-0.0004923032247461379,-0.0004090791626367718,0,-0.0205,0.0195
Kaedan Korczak,VGK,8481527,6,-0.0004921563668176532,-0.0004090791626367718,0,-0.0205,0.0195
Kaedan Korczak,VGK,8481527,7,-0.0004920607898384333,-0.0004090791626367718,0,-0.0205,0.0195
Kaedan Korczak,VGK,8481527,8,-0.0004920667270198464,-0.0004090791626367718,0,-0.0205,0.0195
Christoffer Sedoff,NSH,8482138,0,-0.000240660912822932,-0.0002848301955964416,0,-0.0202,0.0198
Christoffer Sedoff,NSH,8482138,1,-0.00024007832689676434,-0.0002848301955964416,0,-0.0202,0.0198
Christoffer Sedoff,NSH,8482138,2,-0.0002395200135651976,-0.0002848301955964416,0,-0.0202,0.0198
Christoffer Sedoff,NSH,8482138,3,-0.0002395773772150278,-0.0002848301955964416,0,-0.0202,0.0198
Christoffer Sedoff,NSH,8482138,4,-0.00024014196242205799,-0.0002848301955964416,0,-0.0202,0.0198
Christoffer Sedoff,NSH,8482138,5,-0.00023992068599909544,-0.0002848301955964416,0,-0.0202,0.0198
Christoffer Sedoff,NSH,8482138,6,-0.00023977388627827168,-0.0002848301955964416,0,-0.0202,0.0198
Christoffer Sedoff,NSH,8482138,7,-0.00023967765446286649,-0.0002848301955964416,0,-0.0202,0.0198
Christoffer Sedoff,NSH,8482138,8,-0.00023968415916897357,-0.0002848301955964416,0,-0.0202,0.0198
Keegan Kolesar,VGK,8478434,0,-0.003402611007913947,-0.002789397956803441,1,-0.0234,0.0166
Keegan Kolesar,VGK,8478434,1,-0.0034020410384982824,-0.002789397956803441,0,-0.0234,0.0166
Keegan Kolesar,VGK,8478434,2,-0.003401494584977627,-0.002789397956803441,0,-0.0234,0.0166
Keegan Kolesar,VGK,8478434,3,-0.003401561174541712,-0.002789397956803441,0,-0.0234,0.0166
Keegan Kolesar,VGK,8478434,4,-0.003402134869247675,-0.002789397956803441,0,-0.0234,0.0166
Keegan Kolesar,VGK,8478434,5,-0.003401918336749077,-0.002789397956803441,0,-0.0234,0.0166
Keegan Kolesar,VGK,8478434,6,-0.0034017772413790226,-0.002789397956803441,0,-0.0234,0.0166
Keegan Kolesar,VGK,8478434,7,-0.0034016829449683428,-0.002789397956803441,0,-0.0234,0.0166
Keegan Kolesar,VGK,8478434,8,-0.0034016906283795834,-0.002789397956803441,0,-0.0234,0.0166
Cale Fleury,SEA,8479985,0,-0.0004707062616944313,-0.0005008583539165556,0,-0.0205,0.0195
Cale Fleury,SEA,8479985,1,-0.00047012470895424485,-0.0005008583539165556,0,-0.0205,0.0195
Cale Fleury,SEA,8479985,2,-0.00046956693404354155,-0.0005008583539165556,0,-0.0205,0.0195
Cale Fleury,SEA,8479985,3,-0.00046962519991211593,-0.0005008583539165556,0,-0.0205,0.0195
Cale Fleury,SEA,8479985,4,-0.0004701901925727725,-0.0005008583539165556,0,-0.0205,0.0195
Cale Fleury,SEA,8479985,5,-0.00046996958553791046,-0.0005008583539165556,0,-0.0205,0.0195
Cale Fleury,SEA,8479985,6,-0.0004698227276094258,-0.0005008583539165556,0,-0.0205,0.0195
Cale Fleury,SEA,8479985,7,-0.00046972709242254496,-0.0005008583539165556,0,-0.0205,0.0195
Cale Fleury,SEA,8479985,8,-0.00046973320422694087,-0.0005008583539165556,0,-0.0205,0.0195
Sam Morton,CGY,8484821,0,-6.599406333407387e-05,-0.00011021966201951727,0,-0.0201,0.0199
Sam Morton,CGY,8484821,1,-6.541074253618717e-05,-0.00011021966201951727,0,-0.0201,0.0199
Sam Morton,CGY,8484821,2,-6.485184712801129e-05,-0.00011021966201951727,0,-0.0201,0.0199
Sam Morton,CGY,8484821,3,-6.490873056463897e-05,-0.00011021966201951727,0,-0.0201,0.0199
Sam Morton,CGY,8484821,4,-6.547286466229707e-05,-0.00011021966201951727,0,-0.0201,0.0199
Sam Morton,CGY,8484821,5,-6.525138451252133e-05,-0.00011021966201951727,0,-0.0201,0.0199
Sam Morton,CGY,8484821,6,-6.510411913041025e-05,-0.00011021966201951727,0,-0.0201,0.0199
Sam Morton,CGY,8484821,7,-6.500810559373349e-05,-0.00011021966201951727,0,-0.0201,0.0199
Sam Morton,CGY,8484821,8,-6.501415919046849e-05,-0.00011021966201951727,0,-0.0201,0.0199
Jordan Eberle,SEA,8474586,0,-0.004631704650819302,-0.0018202111823484302,0,-0.0246,0.0154
Jordan Eberle,SEA,8474586,1,-0.004631126299500465,-0.0018202111823484302,0,-0.0246,0.0154
Jordan Eberle,SEA,8474586,2,-0.00463057542219758,-0.0018202111823484302,0,-0.0246,0.0154
Jordan Eberle,SEA,8474586,3,-0.004630635492503643,-0.0018202111823484302,0,-0.0246,0.0154
Jordan Eberle,SEA,8474586,4,-0.004631204064935446,-0.0018202111823484302,0,-0.0246,0.0154
Jordan Eberle,SEA,8474586,5,-0.004630985204130411,-0.0018202111823484302,0,-0.0246,0.0154
Jordan Eberle,SEA,8474586,6,-0.00463084178045392,-0.0018202111823484302,0,-0.0246,0.0154
Jordan Eberle,SEA,8474586,7,-0.004630745388567448,-0.0018202111823484302,0,-0.0246,0.0154
Jordan Eberle,SEA,8474586,8,-0.004630753770470619,-0.0018202111823484302,0,-0.0246,0.0154
Matt Coronato,CGY,8482679,0,-0.0032990886829793453,-0.001953739672899246,0,-0.0233,0.0167
Matt Coronato,CGY,8482679,1,-0.0032985133584588766,-0.001953739672899246,0,-0.0233,0.0167
Matt Coronato,CGY,8482679,2,-0.0032979645766317844,-0.001953739672899246,0,-0.0233,0.0167
Matt Coronato,CGY,8482679,3,-0.0032980279065668583,-0.001953739672899246,0,-0.0233,0.0167
Matt Coronato,CGY,8482679,4,-0.003298599272966385,-0.001953739672899246,0,-0.0233,0.0167
Matt Coronato,CGY,8482679,5,-0.0032983808778226376,-0.001953739672899246,0,-0.0233,0.0167
Matt Coronato,CGY,8482679,6,-0.0032982381526380777,-0.001953739672899246,0,-0.0233,0.0167
Matt Coronato,CGY,8482679,7,-0.0032981429249048233,-0.001953739672899246,0,-0.0233,0.0167
Matt Coronato,CGY,8482679,8,-0.0032981508411467075,-0.001953739672899246,0,-0.0233,0.0167
Adam Fantilli,CBJ,8484166,0,-0.004419728182256222,-0.004834555089473724,0,-0.0244,0.0156
Adam Fantilli,CBJ,8484166,1,-0.004419164732098579,-0.004834555089473724,0,-0.0244,0.0156
Adam Fantilli,CBJ,8484166,2,-0.004418625496327877,-0.004834555089473724,0,-0.0244,0.0156
Adam Fantilli,CBJ,8484166,3,-0.004418698139488697,-0.004834555089473724,0,-0.0244,0.0156
Adam Fantilli,CBJ,8484166,4,-0.004419273231178522,-0.004834555089473724,0,-0.0244,0.0156
Adam Fantilli,CBJ,8484166,5,-0.004419063683599234,-0.004834555089473724,0,-0.0244,0.0156
Adam Fantilli,CBJ,8484166,6,-0.004418922122567892,-0.004834555089473724,0,-0.0244,0.0156
Adam Fantilli,CBJ,8484166,7,-0.004418831784278154,-0.004834555089473724,0,-0.0244,0.0156
Adam Fantilli,CBJ,8484166,8,-0.004418837372213602,-0.004834555089473724,0,-0.0244,0.0156
Trey Fix-Wolansky,NYR,8480441,0,-0.0006075284909456968,-0.0006515629356727004,0,-0.0206,0.0194
Trey Fix-Wolansky,NYR,8480441,1,-0.0006069474620744586,-0.0006515629356727004,0,-0.0206,0.0194
Trey Fix-Wolansky,NYR,8480441,2,-0.0006063906475901604,-0.0006515629356727004,0,-0.0206,0.0194
Trey Fix-Wolansky,NYR,8480441,3,-0.0006064490298740566,-0.0006515629356727004,0,-0.0206,0.0194
Trey Fix-Wolansky,NYR,8480441,4,-0.0006070148083381355,-0.0006515629356727004,0,-0.0206,0.0194
Trey Fix-Wolansky,NYR,8480441,5,-0.0006067941430956125,-0.0006515629356727004,0,-0.0206,0.0194
Trey Fix-Wolansky,NYR,8480441,6,-0.0006066477508284152,-0.0006515629356727004,0,-0.0206,0.0194
Trey Fix-Wolansky,NYR,8480441,7,-0.0006065521738491952,-0.0006515629356727004,0,-0.0206,0.0194
Trey Fix-Wolansky,NYR,8480441,8,-0.0006065582856535912,-0.0006515629356727004,0,-0.0206,0.0194
Mikael Pyyhtia,CBJ,8482451,0,0.003196256933733821,0.0032010043505579233,0,-0.0168,0.0232
Mikael Pyyhtia,CBJ,8482451,1,0.003196855541318655,0.0032010043505579233,0,-0.0168,0.0232
Mikael Pyyhtia,CBJ,8482451,2,0.003197427373379469,0.0032010043505579233,0,-0.0168,0.0232
Mikael Pyyhtia,CBJ,8482451,3,0.0031973824370652437,0.0032010043505579233,0,-0.0168,0.0232
Mikael Pyyhtia,CBJ,8482451,4,0.003196826670318842,0.0032010043505579233,0,-0.0168,0.0232
Mikael Pyyhtia,CBJ,8482451,5,0.0031970555428415537,0.0032010043505579233,0,-0.0168,0.0232
Mikael Pyyhtia,CBJ,8482451,6,0.0031972075812518597,0.0032010043505579233,0,-0.0168,0.0232
Mikael Pyyhtia,CBJ,8482451,7,0.003197307465597987,0.0032010043505579233,0,-0.0168,0.0232
Mikael Pyyhtia,CBJ,8482451,8,0.0031973011791706085,0.0032010043505579233,0,-0.0168,0.0232
Hunter McKown,CBJ,8484125,0,-0.0006224992102943361,-0.0006665379623882473,0,-0.0206,0.0194
Hunter McKown,CBJ,8484125,1,-0.0006219185306690633,-0.0006665379623882473,0,-0.0206,0.0194
Hunter McKown,CBJ,8484125,2,-0.000621361075900495,-0.0006665379623882473,0,-0.0206,0.0194
Hunter McKown,CBJ,8484125,3,-0.0006214200984686613,-0.0006665379623882473,0,-0.0206,0.0194
Hunter McKown,CBJ,8484125,4,-0.0006219850620254874,-0.0006665379623882473,0,-0.0206,0.0194
Hunter McKown,CBJ,8484125,5,-0.0006217651534825563,-0.0006665379623882473,0,-0.0206,0.0194
Hunter McKown,CBJ,8484125,6,-0.0006216181209310889,-0.0006665379623882473,0,-0.0206,0.0194
Hunter McKown,CBJ,8484125,7,-0.0006215230678208172,-0.0006665379623882473,0,-0.0206,0.0194
Hunter McKown,CBJ,8484125,8,-0.0006215286557562649,-0.0006665379623882473,0,-0.0206,0.0194
Tyson Foerster,PHI,8482159,0,-0.007692166604101658,-0.005324841011315584,0,-0.0277,0.0123
Tyson Foerster,PHI,8482159,1,-0.0077200415544211864,-0.005324841011315584,1,-0.0277,0.0123
Tyson Foerster,PHI,8482159,2,-0.007734150625765324,-0.005324841011315584,1,-0.0277,0.0123
Tyson Foerster,PHI,8482159,3,-0.007734226994216442,-0.005324841011315584,0,-0.0277,0.0123
Tyson Foerster,PHI,8482159,4,-0.007734803017228842,-0.005324841011315584,0,-0.0277,0.0123
Tyson Foerster,PHI,8482159,5,-0.0077345953322947025,-0.005324841011315584,0,-0.0277,0.0123
Tyson Foerster,PHI,8482159,6,-0.007734452839940786,-0.005324841011315584,0,-0.0277,0.0123
Tyson Foerster,PHI,8482159,7,-0.007734364829957485,-0.005324841011315584,0,-0.0277,0.0123
Tyson Foerster,PHI,8482159,8,-0.007734369486570358,-0.005324841011315584,0,-0.0277,0.0123
Bobby Brink,PHI,8481553,0,-0.0005184262408874929,0.00011123768490506336,0,-0.0205,0.0195
Bobby Brink,PHI,8481553,1,-0.0005178398569114506,0.00011123768490506336,0,-0.0205,0.0195
Bobby Brink,PHI,8481553,2,-0.0005172788514755666,0.00011123768490506336,0,-0.0205,0.0195
Bobby Brink,PHI,8481553,3,-0.0005173332756385207,0.00011123768490506336,0,-0.0205,0.0195
Bobby Brink,PHI,8481553,4,-0.000517896085511893,0.00011123768490506336,0,-0.0205,0.0195
Bobby Brink,PHI,8481553,5,-0.0005176729755476117,0.00011123768490506336,0,-0.0205,0.0195
Bobby Brink,PHI,8481553,6,-0.0005175250698812306,0.00011123768490506336,0,-0.0205,0.0195
Bobby Brink,PHI,8481553,7,-0.0005174282705411315,0.00011123768490506336,0,-0.0205,0.0195
Bobby Brink,PHI,8481553,8,-0.0005174343823455274,0.00011123768490506336,0,-0.0205,0.0195
Emil Heineman,NYI,8482476,0,0.005033885594457388,0.00280354474671185,0,-0.015,0.025
Emil Heineman,NYI,8482476,1,0.0050344825722277164,0.00280354474671185,0,-0.015,0.025
Emil Heineman,NYI,8482476,2,0.005035052541643381,0.00280354474671185,0,-0.015,0.025
Emil Heineman,NYI,8482476,3,0.00503500597551465,0.00280354474671185,0,-0.015,0.025
Emil Heineman,NYI,8482476,4,0.0050344509072601795,0.00280354474671185,0,-0.015,0.025
Emil Heineman,NYI,8482476,5,0.005034677218645811,0.00280354474671185,0,-0.015,0.025
Emil Heineman,NYI,8482476,6,0.005034830421209335,0.00280354474671185,0,-0.015,0.025
Emil Heineman,NYI,8482476,7,0.005034927744418383,0.00280354474671185,0,-0.015,0.025
Emil Heineman,NYI,8482476,8,0.005034924019128084,0.00280354474671185,0,-0.015,0.025
Anthony Richard,PHI,8478409,0,0.003554492723196745,0.0035088739823549986,0,-0.0164,0.0236
Anthony Richard,PHI,8478409,1,0.00355509202927351,0.0035088739823549986,0,-0.0164,0.0236
Anthony Richard,PHI,8478409,2,0.003555665723979473,0.0035088739823549986,0,-0.0164,0.0236
Anthony Richard,PHI,8478409,3,0.0035556210204958916,0.0035088739823549986,0,-0.0164,0.0236
Anthony Richard,PHI,8478409,4,0.0035550668835639954,0.0035088739823549986,0,-0.0164,0.0236
Anthony Richard,PHI,8478409,5,0.0035552955232560635,0.0035088739823549986,0,-0.0164,0.0236
Anthony Richard,PHI,8478409,6,0.0035554489586502314,0.0035088739823549986,0,-0.0164,0.0236
Anthony Richard,PHI,8478409,7,0.0035555483773350716,0.0035088739823549986,0,-0.0164,0.0236
Anthony Richard,PHI,8478409,8,0.003555543487891555,0.0035088739823549986,0,-0.0164,0.0236
Egor Zamula,CBJ,8481178,0,-0.0006128937820903957,-0.0006445515900850296,0,-0.0206,0.0194
Egor Zamula,CBJ,8481178,1,-0.0006123136845417321,-0.0006445515900850296,0,-0.0206,0.0194
Egor Zamula,CBJ,8481178,2,-0.0006117577431723475,-0.0006445515900850296,0,-0.0206,0.0194
Egor Zamula,CBJ,8481178,3,-0.0006118169403634965,-0.0006445515900850296,0,-0.0206,0.0194
Egor Zamula,CBJ,8481178,4,-0.0006123831262812018,-0.0006445515900850296,0,-0.0206,0.0194
Egor Zamula,CBJ,8481178,5,-0.0006121633341535926,-0.0006445515900850296,0,-0.0206,0.0194
Egor Zamula,CBJ,8481178,6,-0.0006120169418863952,-0.0006445515900850296,0,-0.0206,0.0194
Egor Zamula,CBJ,8481178,7,-0.0006119217723608017,-0.0006445515900850296,0,-0.0206,0.0194
Egor Zamula,CBJ,8481178,8,-0.0006119280587881804,-0.0006445515900850296,0,-0.0206,0.0194
Anthony Mantha,PIT,8477511,0,0.001179644837975502,-6.377215322572738e-05,0,-0.0188,0.0212
Anthony Mantha,PIT,8477511,1,0.001150656957179308,-6.377215322572738e-05,2,-0.0129,0.0153
Anthony Mantha,PIT,8477511,2,0.0011408519931137562,-6.377215322572738e-05,1,-0.0189,0.0211
Anthony Mantha,PIT,8477511,3,0.001140795648097992,-6.377215322572738e-05,0,-0.0189,0.0211
Anthony Mantha,PIT,8477511,4,0.0011402324307709932,-6.377215322572738e-05,0,-0.0189,0.0211
Anthony Mantha,PIT,8477511,5,0.0011404540855437517,-6.377215322572738e-05,0,-0.0189,0.0211
Anthony Mantha,PIT,8477511,6,0.0011406020494177938,-6.377215322572738e-05,0,-0.0189,0.0211
Anthony Mantha,PIT,8477511,7,0.001140698092058301,-6.377215322572738e-05,0,-0.0189,0.0211
Anthony Mantha,PIT,8477511,8,0.0011406923877075315,-6.377215322572738e-05,0,-0.0189,0.0211
Lucas Ciona,CGY,8482889,0,-0.0001501742663094774,-0.00019435168360359967,0,-0.0202,0.0198
Lucas Ciona,CGY,8482889,1,-0.00014959150576032698,-0.00019435168360359967,0,-0.0201,0.0199
Lucas Ciona,CGY,8482889,2,-0.0001490331196691841,-0.00019435168360359967,0,-0.0201,0.0199
Lucas Ciona,CGY,8482889,3,-0.0001490904251113534,-0.00019435168360359967,0,-0.0201,0.0199
Lucas Ciona,CGY,8482889,4,-0.0001496549230068922,-0.00019435168360359967,0,-0.0201,0.0199
Lucas Ciona,CGY,8482889,5,-0.00014943367568776011,-0.00019435168360359967,0,-0.0201,0.0199
Lucas Ciona,CGY,8482889,6,-0.0001492866431362927,-0.00019435168360359967,0,-0.0201,0.0199
Lucas Ciona,CGY,8482889,7,-0.00014919070235919207,-0.00019435168360359967,0,-0.0201,0.0199
Lucas Ciona,CGY,8482889,8,-0.00014919682871550322,-0.00019435168360359967,0,-0.0201,0.0199
Rasmus Andersson,VGK,8478397,0,0.013696275651454926,0.007372040767222643,0,-0.0063,0.0337
Rasmus Andersson,VGK,8478397,1,0.01368260569870472,0.007372040767222643,1,-0.0063,0.0337
Rasmus Andersson,VGK,8478397,2,0.013676093891263008,0.007372040767222643,0,-0.0063,0.0337
Rasmus Andersson,VGK,8478397,3,0.013668962754309177,0.007372040767222643,0,-0.0063,0.0337
Rasmus Andersson,VGK,8478397,4,0.013661322183907032,0.007372040767222643,0,-0.0063,0.0337
Rasmus Andersson,VGK,8478397,5,0.013654460199177265,0.007372040767222643,0,-0.0063,0.0337
Rasmus Andersson,VGK,8478397,6,0.013647522777318954,0.007372040767222643,0,-0.0064,0.0336
Rasmus Andersson,VGK,8478397,7,0.013640530407428741,0.007372040767222643,1,-0.0064,0.0336
Rasmus Andersson,VGK,8478397,8,0.013640525750815868,0.007372040767222643,0,-0.0064,0.0336
Nils Lundkvist,DAL,8480878,0,-0.000678985205013305,-0.0007012142450548708,0,-0.0207,0.0193
Nils Lundkvist,DAL,8480878,1,-0.000678404641803354,-0.0007012142450548708,0,-0.0207,0.0193
Nils Lundkvist,DAL,8480878,2,-0.0006778481183573604,-0.0007012142450548708,0,-0.0207,0.0193
Nils Lundkvist,DAL,8480878,3,-0.0006779069663025439,-0.0007012142450548708,0,-0.0207,0.0193
Nils Lundkvist,DAL,8480878,4,-0.0006784728611819446,-0.0007012142450548708,0,-0.0207,0.0193
Nils Lundkvist,DAL,8480878,5,-0.000678252661600709,-0.0007012142450548708,0,-0.0207,0.0193
Nils Lundkvist,DAL,8480878,6,-0.0006781063275411725,-0.0007012142450548708,0,-0.0207,0.0193
Nils Lundkvist,DAL,8480878,7,-0.0006780109833925962,-0.0007012142450548708,0,-0.0207,0.0193
Nils Lundkvist,DAL,8480878,8,-0.0006780173280276358,-0.0007012142450548708,0,-0.0207,0.0193
Wyatt Johnston,DAL,8482740,0,0.012106221169233322,0.00542690372094512,0,-0.0079,0.0321
Wyatt Johnston,DAL,8482740,1,0.012223755940794945,0.00542690372094512,4,0.0022,0.0222
Wyatt Johnston,DAL,8482740,2,0.012299601919949055,0.00542690372094512,2,-0.0018,0.0264
Wyatt Johnston,DAL,8482740,3,0.012299551628530025,0.00542690372094512,0,-0.0077,0.0323
Wyatt Johnston,DAL,8482740,4,0.012298994697630405,0.00542690372094512,0,-0.0077,0.0323
Wyatt Johnston,DAL,8482740,5,0.012299221940338612,0.00542690372094512,0,-0.0077,0.0323
Wyatt Johnston,DAL,8482740,6,0.012299370020627975,0.00542690372094512,0,-0.0077,0.0323
Wyatt Johnston,DAL,8482740,7,0.012299471534788609,0.00542690372094512,0,-0.0077,0.0323
Wyatt Johnston,DAL,8482740,8,0.012299463152885437,0.00542690372094512,0,-0.0077,0.0323
Matěj  Blümel,BOS,8481712,0,-0.0017762588104233146,-0.0015836830716580153,0,-0.0218,0.0182
Matěj  Blümel,BOS,8481712,1,-0.0017756824381649494,-0.0015836830716580153,0,-0.0218,0.0182
Matěj  Blümel,BOS,8481712,2,-0.001775129116140306,-0.0015836830716580153,0,-0.0218,0.0182
Matěj  Blümel,BOS,8481712,3,-0.0017751911655068398,-0.0015836830716580153,0,-0.0218,0.0182
Matěj  Blümel,BOS,8481712,4,-0.0017757591558620334,-0.0015836830716580153,0,-0.0218,0.0182
Matěj  Blümel,BOS,8481712,5,-0.0017755413427948952,-0.0015836830716580153,0,-0.0218,0.0182
Matěj  Blümel,BOS,8481712,6,-0.0017753958236426115,-0.0015836830716580153,0,-0.0218,0.0182
Matěj  Blümel,BOS,8481712,7,-0.0017753014108166099,-0.0015836830716580153,0,-0.0218,0.0182
Matěj  Blümel,BOS,8481712,8,-0.0017753076972439885,-0.0015836830716580153,0,-0.0218,0.0182
Christian Kyrou,PHI,8483470,0,-0.00022383726900443435,-0.00026798114413395524,0,-0.0202,0.0198
Christian Kyrou,PHI,8483470,1,-0.0002232550032204017,-0.00026798114413395524,0,-0.0202,0.0198
Christian Kyrou,PHI,8483470,2,-0.00022269689361564815,-0.00026798114413395524,0,-0.0202,0.0198
Christian Kyrou,PHI,8483470,3,-0.00022275454830378294,-0.00026798114413395524,0,-0.0202,0.0198
Christian Kyrou,PHI,8483470,4,-0.00022331913351081312,-0.00026798114413395524,0,-0.0202,0.0198
Christian Kyrou,PHI,8483470,5,-0.00022309826454147696,-0.00026798114413395524,0,-0.0202,0.0198
Christian Kyrou,PHI,8483470,6,-0.00022295111557468772,-0.00026798114413395524,0,-0.0202,0.0198
Christian Kyrou,PHI,8483470,7,-0.00022285549493972212,-0.00026798114413395524,0,-0.0202,0.0198
Christian Kyrou,PHI,8483470,8,-0.0002228613884653896,-0.00026798114413395524,0,-0.0202,0.0198
Logan Stankoven,CAR,8482702,0,0.006118360441178083,0.002211695071309805,0,-0.0139,0.0261
Logan Stankoven,CAR,8482702,1,0.006196049973368645,0.002211695071309805,1,-0.0138,0.0262
Logan Stankoven,CAR,8482702,2,0.00618446571752429,0.002211695071309805,0,-0.0138,0.0262
Logan Stankoven,CAR,8482702,3,0.006172263994812965,0.002211695071309805,1,-0.0138,0.0262
Logan Stankoven,CAR,8482702,4,0.006171707529574633,0.002211695071309805,0,-0.0138,0.0262
Logan Stankoven,CAR,8482702,5,0.006171932443976402,0.002211695071309805,0,-0.0138,0.0262
Logan Stankoven,CAR,8482702,6,0.006172084249556065,0.002211695071309805,0,-0.0138,0.0262
Logan Stankoven,CAR,8482702,7,0.006172181572765112,0.002211695071309805,0,-0.0138,0.0262
Logan Stankoven,CAR,8482702,8,0.006172177381813526,0.002211695071309805,0,-0.0138,0.0262
Jayson Megna,,8477126,0,-0.0002296015154570341,-0.000273766228929162,0,-0.0202,0.0198
Jayson Megna,,8477126,1,-0.00022901881311554462,-0.000273766228929162,0,-0.0202,0.0198
Jayson Megna,,8477126,2,-0.00022846058709546924,-0.000273766228929162,0,-0.0202,0.0198
Jayson Megna,,8477126,3,-0.00022851800895296037,-0.000273766228929162,0,-0.0202,0.0198
Jayson Megna,,8477126,4,-0.00022908259415999055,-0.000273766228929162,0,-0.0202,0.0198
Jayson Megna,,8477126,5,-0.00022886143415234983,-0.000273766228929162,0,-0.0202,0.0198
Jayson Megna,,8477126,6,-0.00022871445980854332,-0.000273766228929162,0,-0.0202,0.0198
Jayson Megna,,8477126,7,-0.0002286185190314427,-0.000273766228929162,0,-0.0202,0.0198
Jayson Megna,,8477126,8,-0.00022862470359541476,-0.000273766228929162,0,-0.0202,0.0198
Keaton Middleton,COL,8479387,0,-0.00011607943451963365,-0.00016028445679694414,0,-0.0201,0.0199
Keaton Middleton,COL,8479387,1,-0.00011549633927643299,-0.00016028445679694414,0,-0.0201,0.0199
Keaton Middleton,COL,8479387,2,-0.00011493768397485837,-0.00016028445679694414,0,-0.0201,0.0199
Keaton Middleton,COL,8479387,3,-0.0001149947420344688,-0.00016028445679694414,0,-0.0201,0.0199
Keaton Middleton,COL,8479387,4,-0.00011555899982340634,-0.00016028445679694414,0,-0.0201,0.0199
Keaton Middleton,COL,8479387,5,-0.00011533767974469811,-0.00016028445679694414,0,-0.0201,0.0199
Keaton Middleton,COL,8479387,6,-0.00011519045801833272,-0.00016028445679694414,0,-0.0201,0.0199
Keaton Middleton,COL,8479387,7,-0.0001150945172412321,-0.00016028445679694414,0,-0.0201,0.0199
Keaton Middleton,COL,8479387,8,-0.00011510056356200948,-0.00016028445679694414,0,-0.0201,0.0199
Mavrik Bourque,DAL,8482145,0,0.0016166181303560734,0.0025122836232185364,0,-0.0184,0.0216
Mavrik Bourque,DAL,8482145,1,0.0015971894608810544,0.0025122836232185364,1,-0.0184,0.0216
Mavrik Bourque,DAL,8482145,2,0.0015909651992842555,0.0025122836232185364,1,-0.0184,0.0216
Mavrik Bourque,DAL,8482145,3,0.0015909166540950537,0.0025122836232185364,0,-0.0184,0.0216
Mavrik Bourque,DAL,8482145,4,0.0015903598396107554,0.0025122836232185364,0,-0.0184,0.0216
Mavrik Bourque,DAL,8482145,5,0.001590586849488318,0.0025122836232185364,0,-0.0184,0.0216
Mavrik Bourque,DAL,8482145,6,0.0015907379565760493,0.0025122836232185364,0,-0.0184,0.0216
Mavrik Bourque,DAL,8482145,7,0.001590836327522993,0.0025122836232185364,0,-0.0184,0.0216
Mavrik Bourque,DAL,8482145,8,0.0015908314380794764,0.0025122836232185364,0,-0.0184,0.0216
Emil Hemming,DAL,8484796,0,-0.00022583093959838152,-0.0002700166660360992,0,-0.0202,0.0198
Emil Hemming,DAL,8484796,1,-0.000225247917114757,-0.0002700166660360992,0,-0.0202,0.0198
Emil Hemming,DAL,8484796,2,-0.0002246895746793598,-0.0002700166660360992,0,-0.0202,0.0198
Emil Hemming,DAL,8484796,3,-0.00022474673460237682,-0.0002700166660360992,0,-0.0202,0.0198
Emil Hemming,DAL,8484796,4,-0.0002253111742902547,-0.0002700166660360992,0,-0.0202,0.0198
Emil Hemming,DAL,8484796,5,-0.00022508995607495308,-0.0002700166660360992,0,-0.0202,0.0198
Emil Hemming,DAL,8484796,6,-0.00022494277800433338,-0.0002700166660360992,0,-0.0202,0.0198
Emil Hemming,DAL,8484796,7,-0.00022484692453872412,-0.0002700166660360992,0,-0.0202,0.0198
Emil Hemming,DAL,8484796,8,-0.00022485290537588298,-0.0002700166660360992,0,-0.0202,0.0198
Joel Kiviranta,COL,8481641,0,0.001029866631142795,0.0009851271752268076,0,-0.019,0.021
Joel Kiviranta,COL,8481641,1,0.0010304561583325267,0.0009851271752268076,0,-0.019,0.021
Joel Kiviranta,COL,8481641,2,0.0010310204233974218,0.0009851271752268076,0,-0.019,0.021
Joel Kiviranta,COL,8481641,3,0.0010309679200872779,0.0009851271752268076,0,-0.019,0.021
Joel Kiviranta,COL,8481641,4,0.001030407496728003,0.0009851271752268076,0,-0.019,0.021
Joel Kiviranta,COL,8481641,5,0.0010306317126378417,0.0009851271752268076,0,-0.019,0.021
Joel Kiviranta,COL,8481641,6,0.0010307811899110675,0.0009851271752268076,0,-0.019,0.021
Joel Kiviranta,COL,8481641,7,0.0010308786295354366,0.0009851271752268076,0,-0.019,0.021
Joel Kiviranta,COL,8481641,8,0.0010308725759387016,0.0009851271752268076,0,-0.019,0.021
Sam Steel,DAL,8479351,0,-0.00230730464681983,-0.0016142457025125623,0,-0.0223,0.0177
Sam Steel,DAL,8479351,1,-0.0023067255970090628,-0.0016142457025125623,0,-0.0223,0.0177
Sam Steel,DAL,8479351,2,-0.002306172624230385,-0.0016142457025125623,0,-0.0223,0.0177
Sam Steel,DAL,8479351,3,-0.002306233160197735,-0.0016142457025125623,0,-0.0223,0.0177
Sam Steel,DAL,8479351,4,-0.002306800801306963,-0.0016142457025125623,0,-0.0223,0.0177
Sam Steel,DAL,8479351,5,-0.0023065819405019283,-0.0016142457025125623,0,-0.0223,0.0177
Sam Steel,DAL,8479351,6,-0.0023064364213496447,-0.0016142457025125623,0,-0.0223,0.0177
Sam Steel,DAL,8479351,7,-0.0023063416592776775,-0.0016142457025125623,0,-0.0223,0.0177
Sam Steel,DAL,8479351,8,-0.002306347945705056,-0.0016142457025125623,0,-0.0223,0.0177
Arttu Hyry,DAL,8484938,0,0.001298435847274959,0.001301622367464006,0,-0.0187,0.0213
Arttu Hyry,DAL,8484938,1,0.0012990246759727597,0.001301622367464006,0,-0.0187,0.0213
Arttu Hyry,DAL,8484938,2,0.0012995876604691148,0.001301622367464006,0,-0.0187,0.0213
Arttu Hyry,DAL,8484938,3,0.0012995351571589708,0.001301622367464006,0,-0.0187,0.0213
Arttu Hyry,DAL,8484938,4,0.0012989734532311559,0.001301622367464006,0,-0.0187,0.0213
Arttu Hyry,DAL,8484938,5,0.00129919801838696,0.001301622367464006,0,-0.0187,0.0213
Arttu Hyry,DAL,8484938,6,0.0012993463315069675,0.001301622367464006,0,-0.0187,0.0213
Arttu Hyry,DAL,8484938,7,0.0012994440039619803,0.001301622367464006,0,-0.0187,0.0213
Arttu Hyry,DAL,8484938,8,0.0012994379503652453,0.001301622367464006,0,-0.0187,0.0213
Viktor Arvidsson,BOS,8478042,0,0.00021717332128901035,0.00013109414430800825,1,-0.0198,0.0202
Viktor Arvidsson,BOS,8478042,1,0.00021775707136839628,0.00013109414430800825,0,-0.0198,0.0202
Viktor Arvidsson,BOS,8478042,2,0.0002183162432629615,0.00013109414430800825,0,-0.0198,0.0202
Viktor Arvidsson,BOS,8478042,3,0.00021825963631272316,0.00013109414430800825,0,-0.0198,0.0202
Viktor Arvidsson,BOS,8478042,4,0.0002176956768380478,0.00013109414430800825,0,-0.0198,0.0202
Viktor Arvidsson,BOS,8478042,5,0.00021791740437038243,0.00013109414430800825,0,-0.0198,0.0202
Viktor Arvidsson,BOS,8478042,6,0.00021806469885632396,0.00013109414430800825,0,-0.0198,0.0202
Viktor Arvidsson,BOS,8478042,7,0.00021816082880832255,0.00013109414430800825,0,-0.0198,0.0202
Viktor Arvidsson,BOS,8478042,8,0.00021815483341924846,0.00013109414430800825,0,-0.0198,0.0202
Ben Gleason,MIN,8479416,0,-0.0004569779266603291,-0.00045470381155610085,0,-0.0205,0.0195
Ben Gleason,MIN,8479416,1,-0.0004563964903354645,-0.00045470381155610085,0,-0.0205,0.0195
Ben Gleason,MIN,8479416,2,-0.00045583906467072666,-0.00045470381155610085,0,-0.0205,0.0195
Ben Gleason,MIN,8479416,3,-0.0004558971559163183,-0.00045470381155610085,0,-0.0205,0.0195
Ben Gleason,MIN,8479416,4,-0.0004564623814076185,-0.00045470381155610085,0,-0.0205,0.0195
Ben Gleason,MIN,8479416,5,-0.0004562418325804174,-0.00045470381155610085,0,-0.0205,0.0195
Ben Gleason,MIN,8479416,6,-0.0004560949164442718,-0.00045470381155610085,0,-0.0205,0.0195
Ben Gleason,MIN,8479416,7,-0.00045599951408803463,-0.00045470381155610085,0,-0.0205,0.0195
Ben Gleason,MIN,8479416,8,-0.0004560054512694478,-0.00045470381155610085,0,-0.0205,0.0195
Mike Hoffman,,8474884,0,0.0018617874011397362,0.0018168912502005696,0,-0.0181,0.0219
Mike Hoffman,,8474884,1,0.0018623779760673642,0.0018168912502005696,0,-0.0181,0.0219
Mike Hoffman,,8474884,2,0.0018629446858540177,0.0018168912502005696,0,-0.0181,0.0219
Mike Hoffman,,8474884,3,0.001862892648205161,0.0018168912502005696,0,-0.0181,0.0219
Mike Hoffman,,8474884,4,0.0018623343203216791,0.0018168912502005696,0,-0.0181,0.0219
Mike Hoffman,,8474884,5,0.0018625588854774833,0.0018168912502005696,0,-0.0181,0.0219
Mike Hoffman,,8474884,6,0.0018627091776579618,0.0018168912502005696,0,-0.0181,0.0219
Mike Hoffman,,8474884,7,0.0018628067336976528,0.0018168912502005696,0,-0.0181,0.0219
Mike Hoffman,,8474884,8,0.0018628014950081706,0.0018168912502005696,0,-0.0181,0.0219
Travis Dermott,,8478408,0,-5.634054105030373e-05,-0.00010056387691292912,0,-0.0201,0.0199
Travis Dermott,,8478408,1,-5.57572566322051e-05,-0.00010056387691292912,0,-0.0201,0.0199
Travis Dermott,,8478408,2,-5.5198383051902056e-05,-0.00010056387691292912,0,-0.0201,0.0199
Travis Dermott,,8478408,3,-5.525528104044497e-05,-0.00010056387691292912,0,-0.0201,0.0199
Travis Dermott,,8478408,4,-5.581945151789114e-05,-0.00010056387691292912,0,-0.0201,0.0199
Travis Dermott,,8478408,5,-5.5597960454178974e-05,-0.00010056387691292912,0,-0.0201,0.0199
Travis Dermott,,8478408,6,-5.545072053791955e-05,-0.00010056387691292912,0,-0.0201,0.0199
Travis Dermott,,8478408,7,-5.5354696087306365e-05,-0.00010056387691292912,0,-0.0201,0.0199
Travis Dermott,,8478408,8,-5.53607678739354e-05,-0.00010056387691292912,0,-0.0201,0.0199
Yegor Sharangovich,CGY,8481068,0,0.0017739443574100733,0.0017657752614468336,0,-0.0182,0.0218
Yegor Sharangovich,CGY,8481068,1,0.0017745301593095064,0.0017657752614468336,0,-0.0182,0.0218
Yegor Sharangovich,CGY,8481068,2,0.0017750912811607122,0.0017657752614468336,0,-0.0182,0.0218
Yegor Sharangovich,CGY,8481068,3,0.001775036216713488,0.0017657752614468336,0,-0.0182,0.0218
Yegor Sharangovich,CGY,8481068,4,0.0017744733486324549,0.0017657752614468336,0,-0.0182,0.0218
Yegor Sharangovich,CGY,8481068,5,0.0017746960511431098,0.0017657752614468336,0,-0.0182,0.0218
Yegor Sharangovich,CGY,8481068,6,0.00177484389860183,0.0017657752614468336,0,-0.0182,0.0218
Yegor Sharangovich,CGY,8481068,7,0.0017749402904883027,0.0017657752614468336,0,-0.0182,0.0218
Yegor Sharangovich,CGY,8481068,8,0.0017749349353834987,0.0017657752614468336,0,-0.0182,0.0218
Matt Savoie,EDM,8483512,0,0.0023718809243291616,0.0009933008113875985,0,-0.0176,0.0224
Matt Savoie,EDM,8483512,1,0.0023724695201963186,0.0009933008113875985,0,-0.0176,0.0224
Matt Savoie,EDM,8483512,2,0.002373033668845892,0.0009933008113875985,0,-0.0176,0.0224
Matt Savoie,EDM,8483512,3,0.002372979884967208,0.0009933008113875985,0,-0.0176,0.0224
Matt Savoie,EDM,8483512,4,0.002372419461607933,0.0009933008113875985,0,-0.0176,0.0224
Matt Savoie,EDM,8483512,5,0.002372643444687128,0.0009933008113875985,0,-0.0176,0.0224
Matt Savoie,EDM,8483512,6,0.002372792223468423,0.0009933008113875985,0,-0.0176,0.0224
Matt Savoie,EDM,8483512,7,0.00237288954667747,0.0009933008113875985,0,-0.0176,0.0224
Matt Savoie,EDM,8483512,8,0.002372884191572666,0.0009933008113875985,0,-0.0176,0.0224
Drake Caggiula,,8479465,0,-0.0013275091769173741,-0.001371230580843985,0,-0.0213,0.0187
Drake Caggiula,,8479465,1,-0.0013269316405057907,-0.001371230580843985,0,-0.0213,0.0187
Drake Caggiula,,8479465,2,-0.0013263784348964691,-0.001371230580843985,0,-0.0213,0.0187
Drake Caggiula,,8479465,3,-0.0013264393201097846,-0.001371230580843985,0,-0.0213,0.0187
Drake Caggiula,,8479465,4,-0.0013270075432956219,-0.001371230580843985,0,-0.0213,0.0187
Drake Caggiula,,8479465,5,-0.0013267884496599436,-0.001371230580843985,0,-0.0213,0.0187
Drake Caggiula,,8479465,6,-0.001326643512584269,-0.001371230580843985,0,-0.0213,0.0187
Drake Caggiula,,8479465,7,-0.0013265488669276237,-0.001371230580843985,0,-0.0213,0.0187
Drake Caggiula,,8479465,8,-0.0013265551533550024,-0.001371230580843985,0,-0.0213,0.0187
Cam Dineen,EDM,8479341,0,-4.646792513085529e-05,-9.070217492990196e-05,0,-0.02,0.02
Cam Dineen,EDM,8479341,1,-4.5884502469561994e-05,-9.070217492990196e-05,0,-0.02,0.02
Cam Dineen,EDM,8479341,2,-4.5325534301809967e-05,-9.070217492990196e-05,0,-0.02,0.02
Cam Dineen,EDM,8479341,3,-4.5382315875031054e-05,-9.070217492990196e-05,0,-0.02,0.02
Cam Dineen,EDM,8479341,4,-4.594641359290108e-05,-9.070217492990196e-05,0,-0.02,0.02
Cam Dineen,EDM,8479341,5,-4.5724864321528e-05,-9.070217492990196e-05,0,-0.02,0.02
Cam Dineen,EDM,8479341,6,-4.557758802548051e-05,-9.070217492990196e-05,0,-0.02,0.02
Cam Dineen,EDM,8479341,7,-4.548154174699448e-05,-9.070217492990196e-05,0,-0.02,0.02
Cam Dineen,EDM,8479341,8,-4.548759898170829e-05,-9.070217492990196e-05,0,-0.02,0.02
Samuel Fagemo,WPG,8481239,0,-0.0010005977237597108,-0.0010204357095062733,0,-0.021,0.019
Samuel Fagemo,WPG,8481239,1,-0.0010000192560255527,-0.0010204357095062733,0,-0.021,0.019
Samuel Fagemo,WPG,8481239,2,-0.0009994637221097946,-0.0010204357095062733,0,-0.021,0.019
Samuel Fagemo,WPG,8481239,3,-0.0009995241416618228,-0.0010204357095062733,0,-0.021,0.019
Samuel Fagemo,WPG,8481239,4,-0.0010000906186178327,-0.0010204357095062733,0,-0.021,0.019
Samuel Fagemo,WPG,8481239,5,-0.0009998714085668325,-0.0010204357095062733,0,-0.021,0.019
Samuel Fagemo,WPG,8481239,6,-0.0009997256565839052,-0.0010204357095062733,0,-0.021,0.019
Samuel Fagemo,WPG,8481239,7,-0.000999630894511938,-0.0010204357095062733,0,-0.021,0.019
Samuel Fagemo,WPG,8481239,8,-0.000999637064523995,-0.0010204357095062733,0,-0.021,0.019
Jack Studnicka,FLA,8480021,0,-0.0013971745502203703,-0.0012451090151444077,0,-0.0214,0.0186
Jack Studnicka,FLA,8480021,1,-0.001396596198901534,-0.0012451090151444077,0,-0.0214,0.0186
Jack Studnicka,FLA,8480021,2,-0.0013960422948002815,-0.0012451090151444077,0,-0.0214,0.0186
Jack Studnicka,FLA,8480021,3,-0.0013961029471829534,-0.0012451090151444077,0,-0.0214,0.0186
Jack Studnicka,FLA,8480021,4,-0.0013966705882921815,-0.0012451090151444077,0,-0.0214,0.0186
Jack Studnicka,FLA,8480021,5,-0.0013964512618258595,-0.0012451090151444077,0,-0.0214,0.0186
Jack Studnicka,FLA,8480021,6,-0.0013963062083348632,-0.0012451090151444077,0,-0.0214,0.0186
Jack Studnicka,FLA,8480021,7,-0.0013962109806016088,-0.0012451090151444077,0,-0.0214,0.0186
Jack Studnicka,FLA,8480021,8,-0.0013962176162749529,-0.0012451090151444077,0,-0.0214,0.0186
Alex Turcotte,LAK,8481532,0,0.00015566741058137268,0.0006865980685688555,0,-0.0198,0.0202
Alex Turcotte,LAK,8481532,1,0.00015625506057403982,0.0006865980685688555,0,-0.0198,0.0202
Alex Turcotte,LAK,8481532,2,0.00015681766672059894,0.0006865980685688555,0,-0.0198,0.0202
Alex Turcotte,LAK,8481532,3,0.0001567639410495758,0.0006865980685688555,0,-0.0198,0.0202
Alex Turcotte,LAK,8481532,4,0.00015620244084857404,0.0006865980685688555,0,-0.0198,0.0202
Alex Turcotte,LAK,8481532,5,0.00015642590005882084,0.0006865980685688555,0,-0.0198,0.0202
Alex Turcotte,LAK,8481532,6,0.0001565746497362852,0.0006865980685688555,0,-0.0198,0.0202
Alex Turcotte,LAK,8481532,7,0.00015667149273213,0.0006865980685688555,0,-0.0198,0.0202
Alex Turcotte,LAK,8481532,8,0.00015666577382944524,0.0006865980685688555,0,-0.0198,0.0202
Jack Rathbone,BUF,8480056,0,-0.0009099047747440636,-0.0009538656449876726,0,-0.0209,0.0191
Jack Rathbone,BUF,8480056,1,-0.0009093249100260437,-0.0009538656449876726,0,-0.0209,0.0191
Jack Rathbone,BUF,8480056,2,-0.0009087685612030327,-0.0009538656449876726,0,-0.0209,0.0191
Jack Rathbone,BUF,8480056,3,-0.0009088277001865208,-0.0009538656449876726,0,-0.0209,0.0191
Jack Rathbone,BUF,8480056,4,-0.0009093940607272089,-0.0009538656449876726,0,-0.0209,0.0191
Jack Rathbone,BUF,8480056,5,-0.0009091738029383123,-0.0009538656449876726,0,-0.0209,0.0191
Jack Rathbone,BUF,8480056,6,-0.0009090277599170804,-0.0009538656449876726,0,-0.0209,0.0191
Jack Rathbone,BUF,8480056,7,-0.0009089322411455214,-0.0009538656449876726,0,-0.0209,0.0191
Jack Rathbone,BUF,8480056,8,-0.0009089386439882219,-0.0009538656449876726,0,-0.0209,0.0191
Anthony Beauvillier,WSH,8478463,0,-9.649209096096456e-05,-0.00034858097205869853,0,-0.0201,0.0199
Anthony Beauvillier,WSH,8478463,1,-9.590949048288167e-05,-0.00034858097205869853,0,-0.0201,0.0199
Anthony Beauvillier,WSH,8478463,2,-9.53510680119507e-05,-0.00034858097205869853,0,-0.0201,0.0199
Anthony Beauvillier,WSH,8478463,3,-9.540835890220478e-05,-0.00034858097205869853,0,-0.0201,0.0199
Anthony Beauvillier,WSH,8478463,4,-9.59728640737012e-05,-0.00034858097205869853,0,-0.0201,0.0199
Anthony Beauvillier,WSH,8478463,5,-9.575163130648434e-05,-0.00034858097205869853,0,-0.0201,0.0199
Anthony Beauvillier,WSH,8478463,6,-9.560461330693215e-05,-0.00034858097205869853,0,-0.0201,0.0199
Anthony Beauvillier,WSH,8478463,7,-9.550858521834016e-05,-0.00034858097205869853,0,-0.0201,0.0199
Anthony Beauvillier,WSH,8478463,8,-9.551490802550688e-05,-0.00034858097205869853,0,-0.0201,0.0199
Anton Wahlberg,BUF,8484238,0,0.0022344107273966074,0.0021893682423979044,0,-0.0178,0.0222
Anton Wahlberg,BUF,8484238,1,0.0022350021172314882,0.0021893682423979044,0,-0.0178,0.0222
Anton Wahlberg,BUF,8484238,2,0.0022355704568326473,0.0021893682423979044,0,-0.0178,0.0222
Anton Wahlberg,BUF,8484238,3,0.002235519466921687,0.0021893682423979044,0,-0.0178,0.0222
Anton Wahlberg,BUF,8484238,4,0.0022349623031914234,0.0021893682423979044,0,-0.0178,0.0222
Anton Wahlberg,BUF,8484238,5,0.0022351874504238367,0.0021893682423979044,0,-0.0178,0.0222
Anton Wahlberg,BUF,8484238,6,0.0022353387903422117,0.0021893682423979044,0,-0.0178,0.0222
Anton Wahlberg,BUF,8484238,7,0.0022354358807206154,0.0021893682423979044,0,-0.0178,0.0222
Anton Wahlberg,BUF,8484238,8,0.002235431456938386,0.0021893682423979044,0,-0.0178,0.0222
Konsta Helenius,BUF,8484797,0,-0.00046446541091427207,-0.0005085625452920794,0,-0.0205,0.0195
Konsta Helenius,BUF,8484797,1,-0.00046388356713578105,-0.0005085625452920794,0,-0.0205,0.0195
Konsta Helenius,BUF,8484797,2,-0.00046332619967870414,-0.0005085625452920794,0,-0.0205,0.0195
Konsta Helenius,BUF,8484797,3,-0.0004633839998859912,-0.0005085625452920794,0,-0.0205,0.0195
Konsta Helenius,BUF,8484797,4,-0.00046394922537729144,-0.0005085625452920794,0,-0.0205,0.0195
Konsta Helenius,BUF,8484797,5,-0.0004637282690964639,-0.0005085625452920794,0,-0.0205,0.0195
Konsta Helenius,BUF,8484797,6,-0.0004635817604139447,-0.0005085625452920794,0,-0.0205,0.0195
Konsta Helenius,BUF,8484797,7,-0.0004634856595657766,-0.0005085625452920794,0,-0.0205,0.0195
Konsta Helenius,BUF,8484797,8,-0.00046349235344678164,-0.0005085625452920794,0,-0.0205,0.0195
Jesperi Kotkaniemi,CAR,8480829,0,0.0002383015089435503,0.00023491760657634586,0,-0.0198,0.0202
Jesperi Kotkaniemi,CAR,8480829,1,0.00023888681607786566,0.00023491760657634586,0,-0.0198,0.0202
Jesperi Kotkaniemi,CAR,8480829,2,0.0002394472830928862,0.00023491760657634586,0,-0.0198,0.0202
Jesperi Kotkaniemi,CAR,8480829,3,0.0002393918693996966,0.00023491760657634586,0,-0.0198,0.0202
Jesperi Kotkaniemi,CAR,8480829,4,0.00023882878303993493,0.00023491760657634586,0,-0.0198,0.0202
Jesperi Kotkaniemi,CAR,8480829,5,0.00023905126727186143,0.00023491760657634586,0,-0.0198,0.0202
Jesperi Kotkaniemi,CAR,8480829,6,0.00023919908562675118,0.00023491760657634586,0,-0.0198,0.0202
Jesperi Kotkaniemi,CAR,8480829,7,0.0002392955357208848,0.00023491760657634586,0,-0.0198,0.0202
Jesperi Kotkaniemi,CAR,8480829,8,0.00023928956943564117,0.00023491760657634586,0,-0.0198,0.0202
Max Crozier,TBL,8481719,0,-0.0007793671102263033,-0.0007310404907912016,0,-0.0208,0.0192
Max Crozier,TBL,8481719,1,-0.0007787865470163524,-0.0007310404907912016,0,-0.0208,0.0192
Max Crozier,TBL,8481719,2,-0.0007782299653626978,-0.0007310404907912016,0,-0.0208,0.0192
Max Crozier,TBL,8481719,3,-0.0007782886386848986,-0.0007310404907912016,0,-0.0208,0.0192
Max Crozier,TBL,8481719,4,-0.0007788544171489775,-0.0007310404907912016,0,-0.0208,0.0192
Max Crozier,TBL,8481719,5,-0.0007786340429447591,-0.0007310404907912016,0,-0.0208,0.0192
Max Crozier,TBL,8481719,6,-0.0007784877670928836,-0.0007310404907912016,0,-0.0208,0.0192
Max Crozier,TBL,8481719,7,-0.0007783922483213246,-0.0007310404907912016,0,-0.0208,0.0192
Max Crozier,TBL,8481719,8,-0.0007783983601257205,-0.0007310404907912016,0,-0.0208,0.0192
Jackson Blake,CAR,8482809,0,-0.005374147556722164,-0.007095047272741795,0,-0.0254,0.0146
Jackson Blake,CAR,8482809,1,-0.005415759980678558,-0.007095047272741795,2,-0.0195,0.0087
Jackson Blake,CAR,8482809,2,-0.005444652400910854,-0.007095047272741795,0,-0.0254,0.0146
Jackson Blake,CAR,8482809,3,-0.0054741608910262585,-0.007095047272741795,1,-0.0255,0.0145
Jackson Blake,CAR,8482809,4,-0.005489509552717209,-0.007095047272741795,0,-0.0255,0.0145
Jackson Blake,CAR,8482809,5,-0.005504073575139046,-0.007095047272741795,0,-0.0255,0.0145
Jackson Blake,CAR,8482809,6,-0.005518706515431404,-0.007095047272741795,1,-0.0255,0.0145
Jackson Blake,CAR,8482809,7,-0.005521808750927448,-0.007095047272741795,0,-0.0255,0.0145
Jackson Blake,CAR,8482809,8,-0.005525012034922838,-0.007095047272741795,1,-0.0255,0.0145
Brian Halonen,NJD,8483531,0,0.0011671155225485563,0.0011224034242331982,0,-0.0188,0.0212
Brian Halonen,NJD,8483531,1,0.0011677044676616788,0.0011224034242331982,0,-0.0188,0.0212
Brian Halonen,NJD,8483531,2,0.0011682686163112521,0.0011224034242331982,0,-0.0188,0.0212
Brian Halonen,NJD,8483531,3,0.0011682157637551427,0.0011224034242331982,0,-0.0188,0.0212
Brian Halonen,NJD,8483531,4,0.001167655223980546,0.0011224034242331982,0,-0.0188,0.0212
Brian Halonen,NJD,8483531,5,0.0011678793234750628,0.0011224034242331982,0,-0.0188,0.0212
Brian Halonen,NJD,8483531,6,0.0011680289171636105,0.0011224034242331982,0,-0.0188,0.0212
Brian Halonen,NJD,8483531,7,0.001168125425465405,0.0011224034242331982,0,-0.0188,0.0212
Brian Halonen,NJD,8483531,8,0.0011681205360218883,0.0011224034242331982,0,-0.0188,0.0212
Mike Hardman,NJD,8482635,0,-0.0006420871941372752,-0.0006860989378765225,0,-0.0206,0.0194
Mike Hardman,NJD,8482635,1,-0.0006415063398890197,-0.0006860989378765225,0,-0.0206,0.0194
Mike Hardman,NJD,8482635,2,-0.0006409497000277042,-0.0006860989378765225,0,-0.0206,0.0194
Mike Hardman,NJD,8482635,3,-0.0006410084315575659,-0.0006860989378765225,0,-0.0206,0.0194
Mike Hardman,NJD,8482635,4,-0.0006415741518139839,-0.0006860989378765225,0,-0.0206,0.0194
Mike Hardman,NJD,8482635,5,-0.0006413538358174264,-0.0006860989378765225,0,-0.0206,0.0194
Mike Hardman,NJD,8482635,6,-0.0006412074435502291,-0.0006860989378765225,0,-0.0206,0.0194
Mike Hardman,NJD,8482635,7,-0.0006411119247786701,-0.0006860989378765225,0,-0.0206,0.0194
Mike Hardman,NJD,8482635,8,-0.0006411182112060487,-0.0006860989378765225,0,-0.0206,0.0194
Xavier Parent,NJD,8483841,0,-0.0004915125318802893,-0.0005356023320928216,0,-0.0205,0.0195
Xavier Parent,NJD,8483841,1,-0.0004909308045171201,-0.0005356023320928216,0,-0.0205,0.0195
Xavier Parent,NJD,8483841,2,-0.0004903734661638737,-0.0005356023320928216,0,-0.0205,0.0195
Xavier Parent,NJD,8483841,3,-0.0004904313245788217,-0.0005356023320928216,0,-0.0205,0.0195
Xavier Parent,NJD,8483841,4,-0.0004909966373816133,-0.0005356023320928216,0,-0.0205,0.0195
Xavier Parent,NJD,8483841,5,-0.0004907757975161076,-0.0005356023320928216,0,-0.0205,0.0195
Xavier Parent,NJD,8483841,6,-0.0004906291142106056,-0.0005356023320928216,0,-0.0205,0.0195
Xavier Parent,NJD,8483841,7,-0.000490533362608403,-0.0005356023320928216,0,-0.0205,0.0195
Xavier Parent,NJD,8483841,8,-0.0004905397072434425,-0.0005356023320928216,0,-0.0205,0.0195
Shane Bowers,SJS,8480032,0,-5.95331221120432e-05,-0.00010376703721703961,0,-0.0201,0.0199
Shane Bowers,SJS,8480032,1,-5.894971400266513e-05,-0.00010376703721703961,0,-0.0201,0.0199
Shane Bowers,SJS,8480032,2,-5.8390731282997876e-05,-0.00010376703721703961,0,-0.0201,0.0199
Shane Bowers,SJS,8480032,3,-5.8447549236007035e-05,-0.00010376703721703961,0,-0.0201,0.0199
Shane Bowers,SJS,8480032,4,-5.901162512600422e-05,-0.00010376703721703961,0,-0.0201,0.0199
Shane Bowers,SJS,8480032,5,-5.879009040654637e-05,-0.00010376703721703961,0,-0.0201,0.0199
Shane Bowers,SJS,8480032,6,-5.864279955858365e-05,-0.00010376703721703961,0,-0.0201,0.0199
Shane Bowers,SJS,8480032,7,-5.854676783201285e-05,-0.00010376703721703961,0,-0.0201,0.0199
Shane Bowers,SJS,8480032,8,-5.8552788686938584e-05,-0.00010376703721703961,0,-0.0201,0.0199
Kevin Labanc,,8478099,0,0.0043556224554777145,0.0043384297750890255,0,-0.0156,0.0244
Kevin Labanc,,8478099,1,0.004356220364570618,0.0043384297750890255,0,-0.0156,0.0244
Kevin Labanc,,8478099,2,0.004356793127954006,0.0043384297750890255,0,-0.0156,0.0244
Kevin Labanc,,8478099,3,0.00435674749314785,0.0043384297750890255,0,-0.0156,0.0244
Kevin Labanc,,8478099,4,0.0043561928905546665,0.0043384297750890255,0,-0.0156,0.0244
Kevin Labanc,,8478099,5,0.0043564229272305965,0.0043384297750890255,0,-0.0156,0.0244
Kevin Labanc,,8478099,6,0.0043565742671489716,0.0043384297750890255,0,-0.0156,0.0244
Kevin Labanc,,8478099,7,0.004356674384325743,0.0043384297750890255,0,-0.0156,0.0244
Kevin Labanc,,8478099,8,0.004356669262051582,0.0043384297750890255,0,-0.0156,0.0244
Paul Cotter,NJD,8481032,0,0.0014339553890749812,-0.00042785139521583915,0,-0.0186,0.0214
Paul Cotter,NJD,8481032,1,0.0014345382805913687,-0.00042785139521583915,0,-0.0186,0.0214
Paul Cotter,NJD,8481032,2,0.0014350966084748507,-0.00042785139521583915,0,-0.0186,0.0214
Paul Cotter,NJD,8481032,3,0.0014350390993058681,-0.00042785139521583915,0,-0.0186,0.0214
Paul Cotter,NJD,8481032,4,0.0014344749506562948,-0.00042785139521583915,0,-0.0186,0.0214
Paul Cotter,NJD,8481032,5,0.0014346960233524442,-0.00042785139521583915,0,-0.0186,0.0214
Paul Cotter,NJD,8481032,6,0.0014348430559039116,-0.00042785139521583915,0,-0.0186,0.0214
Paul Cotter,NJD,8481032,7,0.0014349390985444188,-0.00042785139521583915,0,-0.0186,0.0214
Paul Cotter,NJD,8481032,8,0.0014349328121170402,-0.00042785139521583915,0,-0.0186,0.0214
Simon Nemec,NJD,8483495,0,-0.004842288792133331,-0.003476856043562293,0,-0.0248,0.0152
Simon Nemec,NJD,8483495,1,-0.004841722082346678,-0.003476856043562293,0,-0.0248,0.0152
Simon Nemec,NJD,8483495,2,-0.004841179586946964,-0.003476856043562293,0,-0.0248,0.0152
Simon Nemec,NJD,8483495,3,-0.004841247573494911,-0.003476856043562293,0,-0.0248,0.0152
Simon Nemec,NJD,8483495,4,-0.004841823596507311,-0.003476856043562293,0,-0.0248,0.0152
Simon Nemec,NJD,8483495,5,-0.004841609857976437,-0.003476856043562293,0,-0.0248,0.0152
Simon Nemec,NJD,8483495,6,-0.00484146922826767,-0.003476856043562293,0,-0.0248,0.0152
Simon Nemec,NJD,8483495,7,-0.004841375630348921,-0.003476856043562293,0,-0.0248,0.0152
Simon Nemec,NJD,8483495,8,-0.004841383080929518,-0.003476856043562293,0,-0.0248,0.0152
Nolan Foote,FLA,8481518,0,-0.00024661788484081626,-0.0002907867019530386,0,-0.0202,0.0198
Nolan Foote,FLA,8481518,1,-0.00024603516794741154,-0.0002907867019530386,0,-0.0202,0.0198
Nolan Foote,FLA,8481518,2,-0.00024547686916776,-0.0002907867019530386,0,-0.0202,0.0198
Nolan Foote,FLA,8481518,3,-0.0002455342619214207,-0.0002907867019530386,0,-0.0202,0.0198
Nolan Foote,FLA,8481518,4,-0.00024609887623228133,-0.0002907867019530386,0,-0.0202,0.0198
Nolan Foote,FLA,8481518,5,-0.0002458775998093188,-0.0002907867019530386,0,-0.0202,0.0198
Nolan Foote,FLA,8481518,6,-0.0002457306836731732,-0.0002907867019530386,0,-0.0202,0.0198
Nolan Foote,FLA,8481518,7,-0.0002456346701364964,-0.0002907867019530386,0,-0.0202,0.0198
Nolan Foote,FLA,8481518,8,-0.00024564084014855325,-0.0002907867019530386,0,-0.0202,0.0198
Justin Dowling,NYR,8475413,0,-0.0006019854336045682,-0.0006113394047133625,0,-0.0206,0.0194
Justin Dowling,NYR,8475413,1,-0.0006014039972797036,-0.0006113394047133625,0,-0.0206,0.0194
Justin Dowling,NYR,8475413,2,-0.0006008470081724226,-0.0006113394047133625,0,-0.0206,0.0194
Justin Dowling,NYR,8475413,3,-0.0006009052158333361,-0.0006113394047133625,0,-0.0206,0.0194
Justin Dowling,NYR,8475413,4,-0.0006014705868437886,-0.0006113394047133625,0,-0.0206,0.0194
Justin Dowling,NYR,8475413,5,-0.0006012501544319093,-0.0006113394047133625,0,-0.0206,0.0194
Justin Dowling,NYR,8475413,6,-0.0006011034129187465,-0.0006113394047133625,0,-0.0206,0.0194
Justin Dowling,NYR,8475413,7,-0.0006010078941471875,-0.0006113394047133625,0,-0.0206,0.0194
Justin Dowling,NYR,8475413,8,-0.0006010140059515834,-0.0006113394047133625,0,-0.0206,0.0194
Seamus Casey,NJD,8483429,0,-0.00018840524717234075,-0.00023259154113475233,0,-0.0202,0.0198
Seamus Casey,NJD,8483429,1,-0.0001878223556559533,-0.00023259154113475233,0,-0.0202,0.0198
Seamus Casey,NJD,8483429,2,-0.00018726391135714948,-0.00023259154113475233,0,-0.0202,0.0198
Seamus Casey,NJD,8483429,3,-0.00018732110038399696,-0.00023259154113475233,0,-0.0202,0.0198
Seamus Casey,NJD,8483429,4,-0.00018788556917570531,-0.00023259154113475233,0,-0.0202,0.0198
Seamus Casey,NJD,8483429,5,-0.00018766427820082754,-0.00023259154113475233,0,-0.0202,0.0198
Seamus Casey,NJD,8483429,6,-0.0001875171874416992,-0.00023259154113475233,0,-0.0202,0.0198
Seamus Casey,NJD,8483429,7,-0.0001874212612165138,-0.00023259154113475233,0,-0.0202,0.0198
Seamus Casey,NJD,8483429,8,-0.0001874273584689945,-0.00023259154113475233,0,-0.0202,0.0198
Hudson Fasching,CBJ,8477392,0,-0.00042683506035245955,-0.00047093071043491364,0,-0.0204,0.0196
Hudson Fasching,CBJ,8477392,1,-0.00042625312926247716,-0.00047093071043491364,0,-0.0204,0.0196
Hudson Fasching,CBJ,8477392,2,-0.00042569570359773934,-0.00047093071043491364,0,-0.0204,0.0196
Hudson Fasching,CBJ,8477392,3,-0.00042575367842800915,-0.00047093071043491364,0,-0.0204,0.0196
Hudson Fasching,CBJ,8477392,4,-0.00042631878750398755,-0.00047093071043491364,0,-0.0204,0.0196
Hudson Fasching,CBJ,8477392,5,-0.0004260979767423123,-0.00047093071043491364,0,-0.0204,0.0196
Hudson Fasching,CBJ,8477392,6,-0.00042595138074830174,-0.00047093071043491364,0,-0.0204,0.0196
Hudson Fasching,CBJ,8477392,7,-0.0004258554836269468,-0.00047093071043491364,0,-0.0204,0.0196
Hudson Fasching,CBJ,8477392,8,-0.0004258618282619864,-0.00047093071043491364,0,-0.0204,0.0196
Mathew Barzal,NYI,8478445,0,-0.006817929446697235,-0.004454679787158966,0,-0.0268,0.0132
Mathew Barzal,NYI,8478445,1,-0.006817368790507317,-0.004454679787158966,0,-0.0268,0.0132
Mathew Barzal,NYI,8478445,2,-0.006816830951720476,-0.004454679787158966,0,-0.0268,0.0132
Mathew Barzal,NYI,8478445,3,-0.006816903129220009,-0.004454679787158966,0,-0.0268,0.0132
Mathew Barzal,NYI,8478445,4,-0.006817482877522707,-0.004454679787158966,0,-0.0268,0.0132
Mathew Barzal,NYI,8478445,5,-0.006817271001636982,-0.004454679787158966,0,-0.0268,0.0132
Mathew Barzal,NYI,8478445,6,-0.00681713130325079,-0.004454679787158966,0,-0.0268,0.0132
Mathew Barzal,NYI,8478445,7,-0.006817041430622339,-0.004454679787158966,0,-0.0268,0.0132
Mathew Barzal,NYI,8478445,8,-0.006817047018557787,-0.004454679787158966,0,-0.0268,0.0132
Noah Dobson,MTL,8480865,0,-0.014509264379739761,-0.011251713149249554,0,-0.0345,0.0055
Noah Dobson,MTL,8480865,1,-0.014516866765916348,-0.011251713149249554,0,-0.0345,0.0055
Noah Dobson,MTL,8480865,2,-0.014524480327963829,-0.011251713149249554,0,-0.0345,0.0055
Noah Dobson,MTL,8480865,3,-0.014532709494233131,-0.011251713149249554,2,-0.0286,-0.0004
Noah Dobson,MTL,8480865,4,-0.014533302746713161,-0.011251713149249554,0,-0.0345,0.0055
Noah Dobson,MTL,8480865,5,-0.014533104375004768,-0.011251713149249554,0,-0.0345,0.0055
Noah Dobson,MTL,8480865,6,-0.014532975852489471,-0.011251713149249554,0,-0.0345,0.0055
Noah Dobson,MTL,8480865,7,-0.014532886445522308,-0.011251713149249554,0,-0.0345,0.0055
Noah Dobson,MTL,8480865,8,-0.014532899484038353,-0.011251713149249554,0,-0.0345,0.0055
Mika Zibanejad,NYR,8476459,0,0.012622356414794922,0.0052167270332574844,0,-0.0074,0.0326
Mika Zibanejad,NYR,8476459,1,0.0126229552552104,0.0052167270332574844,0,-0.0074,0.0326
Mika Zibanejad,NYR,8476459,2,0.012623529881238937,0.0052167270332574844,0,-0.0074,0.0326
Mika Zibanejad,NYR,8476459,3,0.012623482383787632,0.0052167270332574844,0,-0.0074,0.0326
Mika Zibanejad,NYR,8476459,4,0.012622931972146034,0.0052167270332574844,0,-0.0074,0.0326
Mika Zibanejad,NYR,8476459,5,0.012623155489563942,0.0052167270332574844,0,-0.0074,0.0326
Mika Zibanejad,NYR,8476459,6,0.012623315677046776,0.0052167270332574844,0,-0.0074,0.0326
Mika Zibanejad,NYR,8476459,7,0.012623406946659088,0.0052167270332574844,0,-0.0074,0.0326
Mika Zibanejad,NYR,8476459,8,0.012623408809304237,0.0052167270332574844,0,-0.0074,0.0326
Vincent Trocheck,NYR,8476389,0,-0.012479029595851898,-0.006192339584231377,0,-0.0325,0.0075
Vincent Trocheck,NYR,8476389,1,-0.012478462420403957,-0.006192339584231377,0,-0.0325,0.0075
Vincent Trocheck,NYR,8476389,2,-0.012477927841246128,-0.006192339584231377,0,-0.0325,0.0075
Vincent Trocheck,NYR,8476389,3,-0.012477993033826351,-0.006192339584231377,0,-0.0325,0.0075
Vincent Trocheck,NYR,8476389,4,-0.01247857604175806,-0.006192339584231377,0,-0.0325,0.0075
Vincent Trocheck,NYR,8476389,5,-0.01247835997492075,-0.006192339584231377,0,-0.0325,0.0075
Vincent Trocheck,NYR,8476389,6,-0.01247822679579258,-0.006192339584231377,0,-0.0325,0.0075
Vincent Trocheck,NYR,8476389,7,-0.012478125281631947,-0.006192339584231377,0,-0.0325,0.0075
Vincent Trocheck,NYR,8476389,8,-0.012478142976760864,-0.006192339584231377,0,-0.0325,0.0075
Bo Horvat,NYI,8477500,0,-0.005287404637783766,-0.0032740451861172915,0,-0.0253,0.0147
Bo Horvat,NYI,8477500,1,-0.005286837927997112,-0.0032740451861172915,0,-0.0253,0.0147
Bo Horvat,NYI,8477500,2,-0.005286288447678089,-0.0032740451861172915,0,-0.0253,0.0147
Bo Horvat,NYI,8477500,3,-0.005286357831209898,-0.0032740451861172915,0,-0.0253,0.0147
Bo Horvat,NYI,8477500,4,-0.005286929663270712,-0.0032740451861172915,0,-0.0253,0.0147
Bo Horvat,NYI,8477500,5,-0.005286714993417263,-0.0032740451861172915,0,-0.0253,0.0147
Bo Horvat,NYI,8477500,6,-0.005286572501063347,-0.0032740451861172915,0,-0.0253,0.0147
Bo Horvat,NYI,8477500,7,-0.005286479368805885,-0.0032740451861172915,0,-0.0253,0.0147
Bo Horvat,NYI,8477500,8,-0.005286485888063908,-0.0032740451861172915,0,-0.0253,0.0147
Nicholas Robertson,TOR,8481582,0,0.0023047318682074547,0.0036291461437940598,0,-0.0177,0.0223
Nicholas Robertson,TOR,8481582,1,0.0023053318727761507,0.0036291461437940598,0,-0.0177,0.0223
Nicholas Robertson,TOR,8481582,2,0.0023059037048369646,0.0036291461437940598,0,-0.0177,0.0223
Nicholas Robertson,TOR,8481582,3,0.0023058587685227394,0.0036291461437940598,0,-0.0177,0.0223
Nicholas Robertson,TOR,8481582,4,0.002305304165929556,0.0036291461437940598,0,-0.0177,0.0223
Nicholas Robertson,TOR,8481582,5,0.0023055332712829113,0.0036291461437940598,0,-0.0177,0.0223
Nicholas Robertson,TOR,8481582,6,0.002305686241015792,0.0036291461437940598,0,-0.0177,0.0223
Nicholas Robertson,TOR,8481582,7,0.002305785194039345,0.0036291461437940598,0,-0.0177,0.0223
Nicholas Robertson,TOR,8481582,8,0.0023057805374264717,0.0036291461437940598,0,-0.0177,0.0223
Conor Timmins,BUF,8479982,0,-0.0015559053281322122,-0.001183758140541613,1,-0.0216,0.0184
Conor Timmins,BUF,8479982,1,-0.0015553274424746633,-0.001183758140541613,0,-0.0216,0.0184
Conor Timmins,BUF,8479982,2,-0.0015547730727121234,-0.001183758140541613,0,-0.0216,0.0184
Conor Timmins,BUF,8479982,3,-0.0015548339579254389,-0.001183758140541613,0,-0.0216,0.0184
Conor Timmins,BUF,8479982,4,-0.0015554014826193452,-0.001183758140541613,0,-0.0216,0.0184
Conor Timmins,BUF,8479982,5,-0.0015551821561530232,-0.001183758140541613,0,-0.0216,0.0184
Conor Timmins,BUF,8479982,6,-0.0015550371026620269,-0.001183758140541613,0,-0.0216,0.0184
Conor Timmins,BUF,8479982,7,-0.0015549418749287724,-0.001183758140541613,0,-0.0216,0.0184
Conor Timmins,BUF,8479982,8,-0.001554948277771473,-0.001183758140541613,0,-0.0216,0.0184
Marshall Rifai,TOR,8483546,0,-4.00520657422021e-05,-8.428630098933354e-05,0,-0.02,0.02
Marshall Rifai,TOR,8483546,1,-3.9468606701120734e-05,-8.428630098933354e-05,0,-0.02,0.02
Marshall Rifai,TOR,8483546,2,-3.8909667637199163e-05,-8.428630098933354e-05,0,-0.02,0.02
Marshall Rifai,TOR,8483546,3,-3.8966456486377865e-05,-8.428630098933354e-05,0,-0.02,0.02
Marshall Rifai,TOR,8483546,4,-3.953054692829028e-05,-8.428630098933354e-05,0,-0.02,0.02
Marshall Rifai,TOR,8483546,5,-3.9308990380959585e-05,-8.428630098933354e-05,0,-0.02,0.02
Marshall Rifai,TOR,8483546,6,-3.9161721360869706e-05,-8.428630098933354e-05,0,-0.02,0.02
Marshall Rifai,TOR,8483546,7,-3.906566780642606e-05,-8.428630098933354e-05,0,-0.02,0.02
Marshall Rifai,TOR,8483546,8,-3.907171776518226e-05,-8.428630098933354e-05,0,-0.02,0.02
Alex Nylander,,8479423,0,-0.0007232172065414488,-0.0007671219063922763,0,-0.0207,0.0193
Alex Nylander,,8479423,1,-0.0007226376910693944,-0.0007671219063922763,0,-0.0207,0.0193
Alex Nylander,,8479423,2,-0.0007220821571536362,-0.0007671219063922763,0,-0.0207,0.0193
Alex Nylander,,8479423,3,-0.0007221418782137334,-0.0007671219063922763,0,-0.0207,0.0193
Alex Nylander,,8479423,4,-0.0007227081223390996,-0.0007671219063922763,0,-0.0207,0.0193
Alex Nylander,,8479423,5,-0.0007224886794574559,-0.0007671219063922763,0,-0.0207,0.0193
Alex Nylander,,8479423,6,-0.0007223425782285631,-0.0007671219063922763,0,-0.0207,0.0193
Alex Nylander,,8479423,7,-0.0007222474087029696,-0.0007671219063922763,0,-0.0207,0.0193
Alex Nylander,,8479423,8,-0.0007222535787150264,-0.0007671219063922763,0,-0.0207,0.0193
Pontus Holmberg,TBL,8480995,0,0.0004010090488009155,0.000459603063063696,0,-0.0196,0.0204
Pontus Holmberg,TBL,8480995,1,0.0004015969461761415,0.000459603063063696,0,-0.0196,0.0204
Pontus Holmberg,TBL,8480995,2,0.0004021597560495138,0.000459603063063696,0,-0.0196,0.0204
Pontus Holmberg,TBL,8480995,3,0.0004021062341053039,0.000459603063063696,0,-0.0196,0.0204
Pontus Holmberg,TBL,8480995,4,0.00040154479211196303,0.000459603063063696,0,-0.0196,0.0204
Pontus Holmberg,TBL,8480995,5,0.0004017683968413621,0.000459603063063696,0,-0.0196,0.0204
Pontus Holmberg,TBL,8480995,6,0.00040191723383031785,0.000459603063063696,0,-0.0196,0.0204
Pontus Holmberg,TBL,8480995,7,0.00040201409137807786,0.000459603063063696,0,-0.0196,0.0204
Pontus Holmberg,TBL,8480995,8,0.0004020084743387997,0.000459603063063696,0,-0.0196,0.0204
Matthew Knies,TOR,8482720,0,-0.0007216662052087486,-0.0016740575665608048,0,-0.0207,0.0193
Matthew Knies,TOR,8482720,1,-0.0007210834301076829,-0.0016740575665608048,0,-0.0207,0.0193
Matthew Knies,TOR,8482720,2,-0.0007205253350548446,-0.0016740575665608048,0,-0.0207,0.0193
Matthew Knies,TOR,8482720,3,-0.000720582902431488,-0.0016740575665608048,0,-0.0207,0.0193
Matthew Knies,TOR,8482720,4,-0.0007211476913653314,-0.0016740575665608048,0,-0.0207,0.0193
Matthew Knies,TOR,8482720,5,-0.0007209262694232166,-0.0016740575665608048,0,-0.0207,0.0193
Matthew Knies,TOR,8482720,6,-0.0007207797025330365,-0.0016740575665608048,0,-0.0207,0.0193
Matthew Knies,TOR,8482720,7,-0.0007206836016848683,-0.0016740575665608048,0,-0.0207,0.0193
Matthew Knies,TOR,8482720,8,-0.000720689888112247,-0.0016740575665608048,0,-0.0207,0.0193
Bobby McMann,TOR,8482259,0,0.012431290000677109,0.009855586104094982,0,-0.0076,0.0324
Bobby McMann,TOR,8482259,1,0.012431913055479527,0.009855586104094982,0,-0.0076,0.0324
Bobby McMann,TOR,8482259,2,0.012432516552507877,0.009855586104094982,0,-0.0076,0.0324
Bobby McMann,TOR,8482259,3,0.012432488612830639,0.009855586104094982,0,-0.0076,0.0324
Bobby McMann,TOR,8482259,4,0.01243195403367281,0.009855586104094982,0,-0.0076,0.0324
Bobby McMann,TOR,8482259,5,0.01243219617754221,0.009855586104094982,0,-0.0076,0.0324
Bobby McMann,TOR,8482259,6,0.012432357296347618,0.009855586104094982,0,-0.0076,0.0324
Bobby McMann,TOR,8482259,7,0.012432465329766273,0.009855586104094982,0,-0.0076,0.0324
Bobby McMann,TOR,8482259,8,0.012432458810508251,0.009855586104094982,0,-0.0076,0.0324
Zack Ostapchuk,SJS,8482859,0,0.001170722534880042,0.0016086952527984977,0,-0.0188,0.0212
Zack Ostapchuk,SJS,8482859,1,0.001171313226222992,0.0016086952527984977,0,-0.0188,0.0212
Zack Ostapchuk,SJS,8482859,2,0.0011718779569491744,0.0016086952527984977,0,-0.0188,0.0212
Zack Ostapchuk,SJS,8482859,3,0.001171825802884996,0.0016086952527984977,0,-0.0188,0.0212
Zack Ostapchuk,SJS,8482859,4,0.0011712658451870084,0.0016086952527984977,0,-0.0188,0.0212
Zack Ostapchuk,SJS,8482859,5,0.0011714911088347435,0.0016086952527984977,0,-0.0188,0.0212
Zack Ostapchuk,SJS,8482859,6,0.0011716402368620038,0.0016086952527984977,0,-0.0188,0.0212
Zack Ostapchuk,SJS,8482859,7,0.0011717377929016948,0.0016086952527984977,0,-0.0188,0.0212
Zack Ostapchuk,SJS,8482859,8,0.0011717320885509253,0.0016086952527984977,0,-0.0188,0.0212
Ivan Miroshnichenko,WSH,8483491,0,-0.0004134471237193793,-0.00045754254097118974,0,-0.0204,0.0196
Ivan Miroshnichenko,WSH,8483491,1,-0.0004128654836677015,-0.00045754254097118974,0,-0.0204,0.0196
Ivan Miroshnichenko,WSH,8483491,2,-0.0004123079124838114,-0.00045754254097118974,0,-0.0204,0.0196
Ivan Miroshnichenko,WSH,8483491,3,-0.00041236585821025074,-0.00045754254097118974,0,-0.0204,0.0196
Ivan Miroshnichenko,WSH,8483491,4,-0.00041293102549389005,-0.00045754254097118974,0,-0.0204,0.0196
Ivan Miroshnichenko,WSH,8483491,5,-0.00041271024383604527,-0.00045754254097118974,0,-0.0204,0.0196
Ivan Miroshnichenko,WSH,8483491,6,-0.00041256347321905196,-0.00045754254097118974,0,-0.0204,0.0196
Ivan Miroshnichenko,WSH,8483491,7,-0.0004124678089283407,-0.00045754254097118974,0,-0.0204,0.0196
Ivan Miroshnichenko,WSH,8483491,8,-0.00041247394983656704,-0.00045754254097118974,0,-0.0204,0.0196
Ethen Frank,WSH,8483573,0,0.0024105366319417953,0.0015378666575998068,0,-0.0176,0.0224
Ethen Frank,WSH,8483573,1,0.00241112825460732,0.0015378666575998068,0,-0.0176,0.0224
Ethen Frank,WSH,8483573,2,0.0024116949643939734,0.0015378666575998068,0,-0.0176,0.0224
Ethen Frank,WSH,8483573,3,0.0024116437416523695,0.0015378666575998068,0,-0.0176,0.0224
Ethen Frank,WSH,8483573,4,0.002411085646599531,0.0015378666575998068,0,-0.0176,0.0224
Ethen Frank,WSH,8483573,5,0.0024113093968480825,0.0015378666575998068,0,-0.0176,0.0224
Ethen Frank,WSH,8483573,6,0.002411461202427745,0.0015378666575998068,0,-0.0176,0.0224
Ethen Frank,WSH,8483573,7,0.002411557361483574,0.0015378666575998068,0,-0.0176,0.0224
Ethen Frank,WSH,8483573,8,0.002411553403362632,0.0015378666575998068,0,-0.0176,0.0224
Tom Wilson,WSH,8476880,0,0.004682817030698061,0.005350842606276274,0,-0.0153,0.0247
Tom Wilson,WSH,8476880,1,0.0046834214590489864,0.005350842606276274,0,-0.0153,0.0247
Tom Wilson,WSH,8476880,2,0.004683995619416237,0.005350842606276274,0,-0.0153,0.0247
Tom Wilson,WSH,8476880,3,0.0046839527785778046,0.005350842606276274,0,-0.0153,0.0247
Tom Wilson,WSH,8476880,4,0.004683400969952345,0.005350842606276274,0,-0.0153,0.0247
Tom Wilson,WSH,8476880,5,0.004683630540966988,0.005350842606276274,0,-0.0153,0.0247
Tom Wilson,WSH,8476880,6,0.004683783743530512,0.005350842606276274,0,-0.0153,0.0247
Tom Wilson,WSH,8476880,7,0.004683885723352432,0.005350842606276274,0,-0.0153,0.0247
Tom Wilson,WSH,8476880,8,0.004683878738433123,0.005350842606276274,0,-0.0153,0.0247
Jansen Harkins,ANA,8478424,0,-0.001278346753679216,-0.0011449683224782348,0,-0.0213,0.0187
Jansen Harkins,ANA,8478424,1,-0.0012777693336829543,-0.0011449683224782348,0,-0.0213,0.0187
Jansen Harkins,ANA,8478424,2,-0.0012772154295817018,-0.0011449683224782348,0,-0.0213,0.0187
Jansen Harkins,ANA,8478424,3,-0.0012772770132869482,-0.0011449683224782348,0,-0.0213,0.0187
Jansen Harkins,ANA,8478424,4,-0.001277844188734889,-0.0011449683224782348,0,-0.0213,0.0187
Jansen Harkins,ANA,8478424,5,-0.001277625560760498,-0.0011449683224782348,0,-0.0213,0.0187
Jansen Harkins,ANA,8478424,6,-0.001277480274438858,-0.0011449683224782348,0,-0.0213,0.0187
Jansen Harkins,ANA,8478424,7,-0.001277385512366891,-0.0011449683224782348,0,-0.0213,0.0187
Jansen Harkins,ANA,8478424,8,-0.0012773919152095914,-0.0011449683224782348,0,-0.0213,0.0187
Rodwin Dionicio,,8484414,0,-5.1561051805038005e-05,-9.578790195519105e-05,0,-0.0201,0.0199
Rodwin Dionicio,,8484414,1,-5.097758548799902e-05,-9.578790195519105e-05,0,-0.0201,0.0199
Rodwin Dionicio,,8484414,2,-5.041878466727212e-05,-9.578790195519105e-05,0,-0.0201,0.0199
Rodwin Dionicio,,8484414,3,-5.047557351645082e-05,-9.578790195519105e-05,0,-0.0201,0.0199
Rodwin Dionicio,,8484414,4,-5.1039787649642676e-05,-9.578790195519105e-05,0,-0.0201,0.0199
Rodwin Dionicio,,8484414,5,-5.081822382635437e-05,-9.578790195519105e-05,0,-0.0201,0.0199
Rodwin Dionicio,,8484414,6,-5.06710130139254e-05,-9.578790195519105e-05,0,-0.0201,0.0199
Rodwin Dionicio,,8484414,7,-5.057494490756653e-05,-9.578790195519105e-05,0,-0.0201,0.0199
Rodwin Dionicio,,8484414,8,-5.05810312461108e-05,-9.578790195519105e-05,0,-0.0201,0.0199
Yegor Sidorov,ANA,8484396,0,0.0021060192957520485,0.002061012201011181,0,-0.0179,0.0221
Yegor Sidorov,ANA,8484396,1,0.002106612315401435,0.002061012201011181,0,-0.0179,0.0221
Yegor Sidorov,ANA,8484396,2,0.0021071794908493757,0.002061012201011181,0,-0.0179,0.0221
Yegor Sidorov,ANA,8484396,3,0.0021071285009384155,0.002061012201011181,0,-0.0179,0.0221
Yegor Sidorov,ANA,8484396,4,0.002106570638716221,0.002061012201011181,0,-0.0179,0.0221
Yegor Sidorov,ANA,8484396,5,0.002106796018779278,0.002061012201011181,0,-0.0179,0.0221
Yegor Sidorov,ANA,8484396,6,0.002106947358697653,0.002061012201011181,0,-0.0179,0.0221
Yegor Sidorov,ANA,8484396,7,0.0021070444490760565,0.002061012201011181,0,-0.0179,0.0221
Yegor Sidorov,ANA,8484396,8,0.0021070397924631834,0.002061012201011181,0,-0.0179,0.0221
Mark Pysyk,,8475796,0,0.002034547505900264,0.0019895799923688173,0,-0.018,0.022
Mark Pysyk,,8475796,1,0.002035141224041581,0.0019895799923688173,0,-0.018,0.022
Mark Pysyk,,8475796,2,0.00203570700250566,0.0019895799923688173,0,-0.018,0.022
Mark Pysyk,,8475796,3,0.0020356569439172745,0.0019895799923688173,0,-0.018,0.022
Mark Pysyk,,8475796,4,0.0020350986160337925,0.0019895799923688173,0,-0.018,0.022
Mark Pysyk,,8475796,5,0.002035323530435562,0.0019895799923688173,0,-0.018,0.022
Mark Pysyk,,8475796,6,0.00203547440469265,0.0019895799923688173,0,-0.018,0.022
Mark Pysyk,,8475796,7,0.002035571960732341,0.0019895799923688173,0,-0.018,0.022
Mark Pysyk,,8475796,8,0.002035566372796893,0.0019895799923688173,0,-0.018,0.022
Carey Terrance,NYR,8484236,0,-0.0001383072230964899,-0.00018249334243591875,0,-0.0201,0.0199
Carey Terrance,NYR,8484236,1,-0.0001377243606839329,-0.00018249334243591875,0,-0.0201,0.0199
Carey Terrance,NYR,8484236,2,-0.00013716588728129864,-0.00018249334243591875,0,-0.0201,0.0199
Carey Terrance,NYR,8484236,3,-0.00013722313451580703,-0.00018249334243591875,0,-0.0201,0.0199
Carey Terrance,NYR,8484236,4,-0.00013778753054793924,-0.00018249334243591875,0,-0.0201,0.0199
Carey Terrance,NYR,8484236,5,-0.00013756629778072238,-0.00018249334243591875,0,-0.0201,0.0199
Carey Terrance,NYR,8484236,6,-0.00013741916336584836,-0.00018249334243591875,0,-0.0201,0.0199
Carey Terrance,NYR,8484236,7,-0.00013732326624449342,-0.00018249334243591875,0,-0.0201,0.0199
Carey Terrance,NYR,8484236,8,-0.00013732933439314365,-0.00018249334243591875,0,-0.0201,0.0199
Eeli Tolvanen,SEA,8480009,0,0.001994448248296976,0.001590627245604992,0,-0.018,0.022
Eeli Tolvanen,SEA,8480009,1,0.0019950363785028458,0.001590627245604992,0,-0.018,0.022
Eeli Tolvanen,SEA,8480009,2,0.001995599362999201,0.001590627245604992,0,-0.018,0.022
Eeli Tolvanen,SEA,8480009,3,0.0019955458119511604,0.001590627245604992,0,-0.018,0.022
Eeli Tolvanen,SEA,8480009,4,0.0019949849229305983,0.001590627245604992,0,-0.018,0.022
Eeli Tolvanen,SEA,8480009,5,0.0019952086731791496,0.001590627245604992,0,-0.018,0.022
Eeli Tolvanen,SEA,8480009,6,0.001995357219129801,0.001590627245604992,0,-0.018,0.022
Eeli Tolvanen,SEA,8480009,7,0.0019954543095082045,0.001590627245604992,0,-0.018,0.022
Eeli Tolvanen,SEA,8480009,8,0.0019954482559114695,0.001590627245604992,0,-0.018,0.022
Justin Faulk,STL,8475753,0,-0.0006227786652743816,0.0003727021103259176,0,-0.0206,0.0194
Justin Faulk,STL,8475753,1,-0.0006221929215826094,0.0003727021103259176,0,-0.0206,0.0194
Justin Faulk,STL,8475753,2,-0.0006216319161467254,0.0003727021103259176,0,-0.0206,0.0194
Justin Faulk,STL,8475753,3,-0.0006216869223862886,0.0003727021103259176,0,-0.0206,0.0194
Justin Faulk,STL,8475753,4,-0.000622249674052,0.0003727021103259176,0,-0.0206,0.0194
Justin Faulk,STL,8475753,5,-0.0006220269715413451,0.0003727021103259176,0,-0.0206,0.0194
Justin Faulk,STL,8475753,6,-0.0006218789494596422,0.0003727021103259176,0,-0.0206,0.0194
Justin Faulk,STL,8475753,7,-0.0006217822665348649,0.0003727021103259176,0,-0.0206,0.0194
Justin Faulk,STL,8475753,8,-0.0006217883783392608,0.0003727021103259176,0,-0.0206,0.0194
Jordan Kyrou,STL,8479385,0,0.010989848524332047,0.008677437901496887,0,-0.009,0.031
Jordan Kyrou,STL,8479385,1,0.010990464128553867,0.008677437901496887,0,-0.009,0.031
Jordan Kyrou,STL,8479385,2,0.010991055518388748,0.008677437901496887,0,-0.009,0.031
Jordan Kyrou,STL,8479385,3,0.010991022922098637,0.008677437901496887,0,-0.009,0.031
Jordan Kyrou,STL,8479385,4,0.010990484617650509,0.008677437901496887,0,-0.009,0.031
Jordan Kyrou,STL,8479385,5,0.010990716516971588,0.008677437901496887,0,-0.009,0.031
Jordan Kyrou,STL,8479385,6,0.01099088229238987,0.008677437901496887,0,-0.009,0.031
Jordan Kyrou,STL,8479385,7,0.010990980081260204,0.008677437901496887,0,-0.009,0.031
Jordan Kyrou,STL,8479385,8,0.010990982875227928,0.008677437901496887,0,-0.009,0.031
Robert Thomas,STL,8480023,0,0.0046203043311834335,0.0033209798857569695,0,-0.0154,0.0246
Robert Thomas,STL,8480023,1,0.004620904568582773,0.0033209798857569695,0,-0.0154,0.0246
Robert Thomas,STL,8480023,2,0.004621482454240322,0.0033209798857569695,0,-0.0154,0.0246
Robert Thomas,STL,8480023,3,0.004621436353772879,0.0033209798857569695,0,-0.0154,0.0246
Robert Thomas,STL,8480023,4,0.004620886407792568,0.0033209798857569695,0,-0.0154,0.0246
Robert Thomas,STL,8480023,5,0.004621114116162062,0.0033209798857569695,0,-0.0154,0.0246
Robert Thomas,STL,8480023,6,0.00462127011269331,0.0033209798857569695,0,-0.0154,0.0246
Robert Thomas,STL,8480023,7,0.004621367901563644,0.0033209798857569695,0,-0.0154,0.0246
Robert Thomas,STL,8480023,8,0.004621363244950771,0.0033209798857569695,0,-0.0154,0.0246
Mathias Laferriere,,8481000,0,-0.00048313604202121496,-0.000527224678080529,0,-0.0205,0.0195
Mathias Laferriere,,8481000,1,-0.0004825544892810285,-0.000527224678080529,0,-0.0205,0.0195
Mathias Laferriere,,8481000,2,-0.00048199688899330795,-0.000527224678080529,0,-0.0205,0.0195
Mathias Laferriere,,8481000,3,-0.0004820550384465605,-0.000527224678080529,0,-0.0205,0.0195
Mathias Laferriere,,8481000,4,-0.0004826200311072171,-0.000527224678080529,0,-0.0205,0.0195
Mathias Laferriere,,8481000,5,-0.00048239954048767686,-0.000527224678080529,0,-0.0205,0.0195
Mathias Laferriere,,8481000,6,-0.00048225256614387035,-0.000527224678080529,0,-0.0205,0.0195
Mathias Laferriere,,8481000,7,-0.0004821571637876332,-0.000527224678080529,0,-0.0205,0.0195
Mathias Laferriere,,8481000,8,-0.00048216304276138544,-0.000527224678080529,0,-0.0205,0.0195
Zach Dean,STL,8482784,0,-0.00019634855561889708,-0.00024053247761912644,0,-0.0202,0.0198
Zach Dean,STL,8482784,1,-0.0001957657077582553,-0.00024053247761912644,0,-0.0202,0.0198
Zach Dean,STL,8482784,2,-0.00019520724890753627,-0.00024053247761912644,0,-0.0202,0.0198
Zach Dean,STL,8482784,3,-0.00019526452524587512,-0.00024053247761912644,0,-0.0202,0.0198
Zach Dean,STL,8482784,4,-0.00019582893582992256,-0.00024053247761912644,0,-0.0202,0.0198
Zach Dean,STL,8482784,5,-0.0001956077030627057,-0.00024053247761912644,0,-0.0202,0.0198
Zach Dean,STL,8482784,6,-0.0001954606268554926,-0.00024053247761912644,0,-0.0202,0.0198
Zach Dean,STL,8482784,7,-0.0001953647006303072,-0.00024053247761912644,0,-0.0202,0.0198
Zach Dean,STL,8482784,8,-0.00019537078333087265,-0.00024053247761912644,0,-0.0202,0.0198
Lucas Raymond,DET,8482078,0,0.0029646498151123524,0.002400226891040802,0,-0.017,0.023
Lucas Raymond,DET,8482078,1,0.0029652458615601063,0.002400226891040802,0,-0.017,0.023
Lucas Raymond,DET,8482078,2,0.0029658162966370583,0.002400226891040802,0,-0.017,0.023
Lucas Raymond,DET,8482078,3,0.002965768566355109,0.002400226891040802,0,-0.017,0.023
Lucas Raymond,DET,8482078,4,0.00296521233394742,0.002400226891040802,0,-0.017,0.023
Lucas Raymond,DET,8482078,5,0.0029654395766556263,0.002400226891040802,0,-0.017,0.023
Lucas Raymond,DET,8482078,6,0.002965591149404645,0.002400226891040802,0,-0.017,0.023
Lucas Raymond,DET,8482078,7,0.0029656896367669106,0.002400226891040802,0,-0.017,0.023
Lucas Raymond,DET,8482078,8,0.002965684747323394,0.002400226891040802,0,-0.017,0.023
Alex DeBrincat,DET,8479337,0,0.007435407489538193,0.007016879506409168,0,-0.0126,0.0274
Alex DeBrincat,DET,8479337,1,0.007436017040163279,0.007016879506409168,0,-0.0126,0.0274
Alex DeBrincat,DET,8479337,2,0.007436597254127264,0.007016879506409168,0,-0.0126,0.0274
Alex DeBrincat,DET,8479337,3,0.007436562795192003,0.007016879506409168,0,-0.0126,0.0274
Alex DeBrincat,DET,8479337,4,0.007436011917889118,0.007016879506409168,0,-0.0126,0.0274
Alex DeBrincat,DET,8479337,5,0.007436246145516634,0.007016879506409168,0,-0.0126,0.0274
Alex DeBrincat,DET,8479337,6,0.0074364012107253075,0.007016879506409168,0,-0.0126,0.0274
Alex DeBrincat,DET,8479337,7,0.007436503190547228,0.007016879506409168,0,-0.0126,0.0274
Alex DeBrincat,DET,8479337,8,0.007436497136950493,0.007016879506409168,0,-0.0126,0.0274
Michael Brandsegg-Nygård,DET,8484794,0,-0.003676055930554867,-0.003102464834228158,0,-0.0237,0.0163
Michael Brandsegg-Nygård,DET,8484794,1,-0.0036754864268004894,-0.003102464834228158,0,-0.0237,0.0163
Michael Brandsegg-Nygård,DET,8484794,2,-0.003674938343465328,-0.003102464834228158,0,-0.0237,0.0163
Michael Brandsegg-Nygård,DET,8484794,3,-0.0036750053986907005,-0.003102464834228158,0,-0.0237,0.0163
Michael Brandsegg-Nygård,DET,8484794,4,-0.003675576765090227,-0.003102464834228158,0,-0.0237,0.0163
Michael Brandsegg-Nygård,DET,8484794,5,-0.003675362328067422,-0.003102464834228158,0,-0.0237,0.0163
Michael Brandsegg-Nygård,DET,8484794,6,-0.003675218205899,-0.003102464834228158,0,-0.0237,0.0163
Michael Brandsegg-Nygård,DET,8484794,7,-0.003675126237794757,-0.003102464834228158,0,-0.0237,0.0163
Michael Brandsegg-Nygård,DET,8484794,8,-0.0036751311272382736,-0.003102464834228158,0,-0.0237,0.0163
Joe Veleno,MTL,8480813,0,-0.003129769815132022,-0.0020805445965379477,0,-0.0231,0.0169
Joe Veleno,MTL,8480813,1,-0.0031291977502405643,-0.0020805445965379477,0,-0.0231,0.0169
Joe Veleno,MTL,8480813,2,-0.0031286473385989666,-0.0020805445965379477,0,-0.0231,0.0169
Joe Veleno,MTL,8480813,3,-0.0031287120655179024,-0.0020805445965379477,0,-0.0231,0.0169
Joe Veleno,MTL,8480813,4,-0.003129282034933567,-0.0020805445965379477,0,-0.0231,0.0169
Joe Veleno,MTL,8480813,5,-0.0031290657352656126,-0.0020805445965379477,0,-0.0231,0.0169
Joe Veleno,MTL,8480813,6,-0.00312892091460526,-0.0020805445965379477,0,-0.0231,0.0169
Joe Veleno,MTL,8480813,7,-0.0031288277823477983,-0.0020805445965379477,0,-0.0231,0.0169
Joe Veleno,MTL,8480813,8,-0.0031288338359445333,-0.0020805445965379477,0,-0.0231,0.0169
Simon Edvinsson,DET,8482762,0,-0.0021637286990880966,-0.0020261958707123995,0,-0.0222,0.0178
Simon Edvinsson,DET,8482762,1,-0.0021631557028740644,-0.0020261958707123995,0,-0.0222,0.0178
Simon Edvinsson,DET,8482762,2,-0.0021626048255711794,-0.0020261958707123995,0,-0.0222,0.0178
Simon Edvinsson,DET,8482762,3,-0.002162669785320759,-0.0020261958707123995,0,-0.0222,0.0178
Simon Edvinsson,DET,8482762,4,-0.002163238823413849,-0.0020261958707123995,0,-0.0222,0.0178
Simon Edvinsson,DET,8482762,5,-0.0021630229894071817,-0.0020261958707123995,0,-0.0222,0.0178
Simon Edvinsson,DET,8482762,6,-0.0021628779359161854,-0.0020261958707123995,0,-0.0222,0.0178
Simon Edvinsson,DET,8482762,7,-0.002162784803658724,-0.0020261958707123995,0,-0.0222,0.0178
Simon Edvinsson,DET,8482762,8,-0.0021627910900861025,-0.0020261958707123995,0,-0.0222,0.0178
Erik Gustafsson,DET,8476979,0,-0.0019396552816033363,-0.0019548062700778246,0,-0.0219,0.0181
Erik Gustafsson,DET,8476979,1,-0.001939081121236086,-0.0019548062700778246,0,-0.0219,0.0181
Erik Gustafsson,DET,8476979,2,-0.0019385316409170628,-0.0019548062700778246,0,-0.0219,0.0181
Erik Gustafsson,DET,8476979,3,-0.0019385948544368148,-0.0019548062700778246,0,-0.0219,0.0181
Erik Gustafsson,DET,8476979,4,-0.001939165755175054,-0.0019548062700778246,0,-0.0219,0.0181
Erik Gustafsson,DET,8476979,5,-0.0019389493390917778,-0.0019548062700778246,0,-0.0219,0.0181
Erik Gustafsson,DET,8476979,6,-0.0019388047512620687,-0.0019548062700778246,0,-0.0219,0.0181
Erik Gustafsson,DET,8476979,7,-0.001938710454851389,-0.0019548062700778246,0,-0.0219,0.0181
Erik Gustafsson,DET,8476979,8,-0.0019387176726013422,-0.0019548062700778246,0,-0.0219,0.0181
Dylan Larkin,DET,8477946,0,0.01371924951672554,0.007798262871801853,0,-0.0063,0.0337
Dylan Larkin,DET,8477946,1,0.013719855807721615,0.007798262871801853,0,-0.0063,0.0337
Dylan Larkin,DET,8477946,2,0.013720435090363026,0.007798262871801853,0,-0.0063,0.0337
Dylan Larkin,DET,8477946,3,0.013720398768782616,0.007798262871801853,0,-0.0063,0.0337
Dylan Larkin,DET,8477946,4,0.01371984463185072,0.007798262871801853,0,-0.0063,0.0337
Dylan Larkin,DET,8477946,5,0.013720082119107246,0.007798262871801853,0,-0.0063,0.0337
Dylan Larkin,DET,8477946,6,0.013720232993364334,0.007798262871801853,0,-0.0063,0.0337
Dylan Larkin,DET,8477946,7,0.013720336370170116,0.007798262871801853,0,-0.0063,0.0337
Dylan Larkin,DET,8477946,8,0.013720330782234669,0.007798262871801853,0,-0.0063,0.0337
Joey Anderson,CHI,8479315,0,-0.0001628409227123484,-0.00020702919573523104,0,-0.0202,0.0198
Joey Anderson,CHI,8479315,1,-0.0001622580166440457,-0.00020702919573523104,0,-0.0202,0.0198
Joey Anderson,CHI,8479315,2,-0.00016169954324141145,-0.00020702919573523104,0,-0.0202,0.0198
Joey Anderson,CHI,8479315,3,-0.00016175673226825893,-0.00020702919573523104,0,-0.0202,0.0198
Joey Anderson,CHI,8479315,4,-0.0001623211574042216,-0.00020702919573523104,0,-0.0202,0.0198
Joey Anderson,CHI,8479315,5,-0.00016209986642934382,-0.00020702919573523104,0,-0.0202,0.0198
Joey Anderson,CHI,8479315,6,-0.00016195281932596117,-0.00020702919573523104,0,-0.0202,0.0198
Joey Anderson,CHI,8479315,7,-0.00016185679123736918,-0.00020702919573523104,0,-0.0202,0.0198
Joey Anderson,CHI,8479315,8,-0.0001618629030417651,-0.00020702919573523104,0,-0.0202,0.0198
Noel Hoefenmayer,,8480202,0,-0.0004118126234970987,-0.00045589185901917517,0,-0.0204,0.0196
Noel Hoefenmayer,,8480202,1,-0.0004112309543415904,-0.00045589185901917517,0,-0.0204,0.0196
Noel Hoefenmayer,,8480202,2,-0.0004106736450921744,-0.00045589185901917517,0,-0.0204,0.0196
Noel Hoefenmayer,,8480202,3,-0.00041073179454542696,-0.00045589185901917517,0,-0.0204,0.0196
Noel Hoefenmayer,,8480202,4,-0.0004112970200367272,-0.00045589185901917517,0,-0.0204,0.0196
Noel Hoefenmayer,,8480202,5,-0.0004110762965865433,-0.00045589185901917517,0,-0.0204,0.0196
Noel Hoefenmayer,,8480202,6,-0.00041092970059253275,-0.00045589185901917517,0,-0.0204,0.0196
Noel Hoefenmayer,,8480202,7,-0.0004108339489903301,-0.00045589185901917517,0,-0.0204,0.0196
Noel Hoefenmayer,,8480202,8,-0.00041084017721004784,-0.00045589185901917517,0,-0.0204,0.0196
Sam O'Reilly,TBL,8484770,0,-1.3430992112262174e-05,-5.767585025751032e-05,0,-0.02,0.02
Sam O'Reilly,TBL,8484770,1,-1.2847431207774207e-05,-5.767585025751032e-05,0,-0.02,0.02
Sam O'Reilly,TBL,8484770,2,-1.2288353900657967e-05,-5.767585025751032e-05,0,-0.02,0.02
Sam O'Reilly,TBL,8484770,3,-1.2345059076324105e-05,-5.767585025751032e-05,0,-0.02,0.02
Sam O'Reilly,TBL,8484770,4,-1.2909069482702762e-05,-5.767585025751032e-05,0,-0.02,0.02
Sam O'Reilly,TBL,8484770,5,-1.2687476555583999e-05,-5.767585025751032e-05,0,-0.02,0.02
Sam O'Reilly,TBL,8484770,6,-1.254013113793917e-05,-5.767585025751032e-05,0,-0.02,0.02
Sam O'Reilly,TBL,8484770,7,-1.2444070307537913e-05,-5.767585025751032e-05,0,-0.02,0.02
Sam O'Reilly,TBL,8484770,8,-1.2450105714378878e-05,-5.767585025751032e-05,0,-0.02,0.02
Connor Brown,NJD,8477015,0,0.010752130299806595,0.003929425962269306,0,-0.0092,0.0308
Connor Brown,NJD,8477015,1,0.010752732865512371,0.003929425962269306,0,-0.0092,0.0308
Connor Brown,NJD,8477015,2,0.010753307491540909,0.003929425962269306,0,-0.0092,0.0308
Connor Brown,NJD,8477015,3,0.010753266513347626,0.003929425962269306,0,-0.0092,0.0308
Connor Brown,NJD,8477015,4,0.01075271051377058,0.003929425962269306,0,-0.0092,0.0308
Connor Brown,NJD,8477015,5,0.010752944275736809,0.003929425962269306,0,-0.0092,0.0308
Connor Brown,NJD,8477015,6,0.010753093287348747,0.003929425962269306,0,-0.0092,0.0308
Connor Brown,NJD,8477015,7,0.01075319666415453,0.003929425962269306,0,-0.0092,0.0308
Connor Brown,NJD,8477015,8,0.010753188282251358,0.003929425962269306,0,-0.0092,0.0308
Adam Lowry,WPG,8476392,0,-0.00232305028475821,-0.0009086630889214575,0,-0.0223,0.0177
Adam Lowry,WPG,8476392,1,-0.002322471933439374,-0.0009086630889214575,0,-0.0223,0.0177
Adam Lowry,WPG,8476392,2,-0.0023219184949994087,-0.0009086630889214575,0,-0.0223,0.0177
Adam Lowry,WPG,8476392,3,-0.002321978099644184,-0.0009086630889214575,0,-0.0223,0.0177
Adam Lowry,WPG,8476392,4,-0.002322546672075987,-0.0009086630889214575,0,-0.0223,0.0177
Adam Lowry,WPG,8476392,5,-0.0023223264142870903,-0.0009086630889214575,0,-0.0223,0.0177
Adam Lowry,WPG,8476392,6,-0.0023221818264573812,-0.0009086630889214575,0,-0.0223,0.0177
Adam Lowry,WPG,8476392,7,-0.002322086365893483,-0.0009086630889214575,0,-0.0223,0.0177
Adam Lowry,WPG,8476392,8,-0.0023220933508127928,-0.0009086630889214575,0,-0.0223,0.0177
Dylan DeMelo,WPG,8476331,0,-4.9503083573654294e-05,-9.37321237870492e-05,0,-0.02,0.02
Dylan DeMelo,WPG,8476331,1,-4.8919726395979524e-05,-9.37321237870492e-05,0,-0.02,0.02
Dylan DeMelo,WPG,8476331,2,-4.836080188397318e-05,-9.37321237870492e-05,0,-0.02,0.02
Dylan DeMelo,WPG,8476331,3,-4.8417648940812796e-05,-9.37321237870492e-05,0,-0.02,0.02
Dylan DeMelo,WPG,8476331,4,-4.898175393464044e-05,-9.37321237870492e-05,0,-0.02,0.02
Dylan DeMelo,WPG,8476331,5,-4.87602774228435e-05,-9.37321237870492e-05,0,-0.02,0.02
Dylan DeMelo,WPG,8476331,6,-4.8612979298923165e-05,-9.37321237870492e-05,0,-0.02,0.02
Dylan DeMelo,WPG,8476331,7,-4.851696940022521e-05,-9.37321237870492e-05,0,-0.02,0.02
Dylan DeMelo,WPG,8476331,8,-4.8522990255150944e-05,-9.37321237870492e-05,0,-0.02,0.02
Neal Pionk,WPG,8480145,0,-0.001166962319985032,0.0001927565026562661,0,-0.0212,0.0188
Neal Pionk,WPG,8480145,1,-0.0011663766345009208,0.0001927565026562661,0,-0.0212,0.0188
Neal Pionk,WPG,8480145,2,-0.0011658158618956804,0.0001927565026562661,0,-0.0212,0.0188
Neal Pionk,WPG,8480145,3,-0.0011658713920041919,0.0001927565026562661,0,-0.0212,0.0188
Neal Pionk,WPG,8480145,4,-0.0011664341436699033,0.0001927565026562661,0,-0.0212,0.0188
Neal Pionk,WPG,8480145,5,-0.0011662119068205357,0.0001927565026562661,0,-0.0212,0.0188
Neal Pionk,WPG,8480145,6,-0.0011660635937005281,0.0001927565026562661,0,-0.0212,0.0188
Neal Pionk,WPG,8480145,7,-0.001165967434644699,0.0001927565026562661,0,-0.0212,0.0188
Neal Pionk,WPG,8480145,8,-0.0011659731389954686,0.0001927565026562661,0,-0.0212,0.0188
Matt Duchene,DAL,8475168,0,0.00948554277420044,0.006501908414065838,0,-0.0105,0.0295
Matt Duchene,DAL,8475168,1,0.00952733214944601,0.006501908414065838,6,0.0013,0.0177
Matt Duchene,DAL,8475168,2,0.009527911432087421,0.006501908414065838,0,-0.0105,0.0295
Matt Duchene,DAL,8475168,3,0.009527876041829586,0.006501908414065838,0,-0.0105,0.0295
Matt Duchene,DAL,8475168,4,0.009527326561510563,0.006501908414065838,0,-0.0105,0.0295
Matt Duchene,DAL,8475168,5,0.009527561254799366,0.006501908414065838,0,-0.0105,0.0295
Matt Duchene,DAL,8475168,6,0.009527716785669327,0.006501908414065838,0,-0.0105,0.0295
Matt Duchene,DAL,8475168,7,0.009527815505862236,0.006501908414065838,0,-0.0105,0.0295
Matt Duchene,DAL,8475168,8,0.009527814574539661,0.006501908414065838,0,-0.0105,0.0295
Marco Rossi,VAN,8482079,0,0.002930849092081189,0.002205289201810956,0,-0.0171,0.0229
Marco Rossi,VAN,8482079,1,0.002931441878899932,0.002205289201810956,0,-0.0171,0.0229
Marco Rossi,VAN,8482079,2,0.0029320090543478727,0.002205289201810956,0,-0.0171,0.0229
Marco Rossi,VAN,8482079,3,0.0029319580644369125,0.002205289201810956,0,-0.0171,0.0229
Marco Rossi,VAN,8482079,4,0.0029313997365534306,0.002205289201810956,0,-0.0171,0.0229
Marco Rossi,VAN,8482079,5,0.0029316262807697058,0.002205289201810956,0,-0.0171,0.0229
Marco Rossi,VAN,8482079,6,0.0029317764565348625,0.002205289201810956,0,-0.0171,0.0229
Marco Rossi,VAN,8482079,7,0.0029318747110664845,0.002205289201810956,0,-0.0171,0.0229
Marco Rossi,VAN,8482079,8,0.002931868890300393,0.002205289201810956,0,-0.0171,0.0229
Riley Heidt,MIN,8484178,0,-0.0003069904341828078,-0.0003511389659252018,0,-0.0203,0.0197
Riley Heidt,MIN,8484178,1,-0.00030640821205452085,-0.0003511389659252018,0,-0.0203,0.0197
Riley Heidt,MIN,8484178,2,-0.00030584997148253024,-0.0003511389659252018,0,-0.0203,0.0197
Riley Heidt,MIN,8484178,3,-0.0003059076552744955,-0.0003511389659252018,0,-0.0203,0.0197
Riley Heidt,MIN,8484178,4,-0.0003064722986891866,-0.0003511389659252018,0,-0.0203,0.0197
Riley Heidt,MIN,8484178,5,-0.0003062512550968677,-0.0003511389659252018,0,-0.0203,0.0197
Riley Heidt,MIN,8484178,6,-0.0003061042516492307,-0.0003511389659252018,0,-0.0203,0.0197
Riley Heidt,MIN,8484178,7,-0.0003060085291508585,-0.0003511389659252018,0,-0.0203,0.0197
Riley Heidt,MIN,8484178,8,-0.0003060144663322717,-0.0003511389659252018,0,-0.0203,0.0197
Brendan Gaunce,CBJ,8476867,0,0.004964320454746485,0.0030460127163678408,0,-0.015,0.025
Brendan Gaunce,CBJ,8476867,1,0.004964920226484537,0.0030460127163678408,0,-0.015,0.025
Brendan Gaunce,CBJ,8476867,2,0.004965495318174362,0.0030460127163678408,0,-0.015,0.025
Brendan Gaunce,CBJ,8476867,3,0.004965451080352068,0.0030460127163678408,0,-0.015,0.025
Brendan Gaunce,CBJ,8476867,4,0.004964896477758884,0.0030460127163678408,0,-0.015,0.025
Brendan Gaunce,CBJ,8476867,5,0.004965126980096102,0.0030460127163678408,0,-0.015,0.025
Brendan Gaunce,CBJ,8476867,6,0.004965278785675764,0.0030460127163678408,0,-0.015,0.025
Brendan Gaunce,CBJ,8476867,7,0.0049653807654976845,0.0030460127163678408,0,-0.015,0.025
Brendan Gaunce,CBJ,8476867,8,0.004965371917933226,0.0030460127163678408,0,-0.015,0.025
Travis Boyd,TOR,8476329,0,-0.0002217173168901354,-0.0002569084754213691,0,-0.0202,0.0198
Travis Boyd,TOR,8476329,1,-0.0002211348182754591,-0.0002569084754213691,0,-0.0202,0.0198
Travis Boyd,TOR,8476329,2,-0.00022057635942474008,-0.0002569084754213691,0,-0.0202,0.0198
Travis Boyd,TOR,8476329,3,-0.00022063386859372258,-0.0002569084754213691,0,-0.0202,0.0198
Travis Boyd,TOR,8476329,4,-0.0002211983664892614,-0.0002569084754213691,0,-0.0202,0.0198
Travis Boyd,TOR,8476329,5,-0.00022097723558545113,-0.0002569084754213691,0,-0.0202,0.0198
Travis Boyd,TOR,8476329,6,-0.00022083017393015325,-0.0002569084754213691,0,-0.0202,0.0198
Travis Boyd,TOR,8476329,7,-0.0002207343786722049,-0.0002569084754213691,0,-0.0202,0.0198
Travis Boyd,TOR,8476329,8,-0.00022074035950936377,-0.0002569084754213691,0,-0.0202,0.0198
Quinton Byfield,LAK,8482124,0,-0.01219327375292778,-0.0070297494530677795,3,-0.0237,-0.0007
Quinton Byfield,LAK,8482124,1,-0.012204622849822044,-0.0070297494530677795,1,-0.0322,0.0078
Quinton Byfield,LAK,8482124,2,-0.012204085476696491,-0.0070297494530677795,0,-0.0322,0.0078
Quinton Byfield,LAK,8482124,3,-0.012204159051179886,-0.0070297494530677795,0,-0.0322,0.0078
Quinton Byfield,LAK,8482124,4,-0.012204737402498722,-0.0070297494530677795,0,-0.0322,0.0078
Quinton Byfield,LAK,8482124,5,-0.01220452506095171,-0.0070297494530677795,0,-0.0322,0.0078
Quinton Byfield,LAK,8482124,6,-0.012204388156533241,-0.0070297494530677795,0,-0.0322,0.0078
Quinton Byfield,LAK,8482124,7,-0.01220429316163063,-0.0070297494530677795,0,-0.0322,0.0078
Quinton Byfield,LAK,8482124,8,-0.012204306200146675,-0.0070297494530677795,0,-0.0322,0.0078
Jordan Spence,OTT,8481606,0,-0.005118703935295343,-0.003319798270240426,0,-0.0251,0.0149
Jordan Spence,OTT,8481606,1,-0.005118139553815126,-0.003319798270240426,0,-0.0251,0.0149
Jordan Spence,OTT,8481606,2,-0.005117595661431551,-0.003319798270240426,0,-0.0251,0.0149
Jordan Spence,OTT,8481606,3,-0.00511766504496336,-0.003319798270240426,0,-0.0251,0.0149
Jordan Spence,OTT,8481606,4,-0.00511823920533061,-0.003319798270240426,0,-0.0251,0.0149
Jordan Spence,OTT,8481606,5,-0.005118026398122311,-0.003319798270240426,0,-0.0251,0.0149
Jordan Spence,OTT,8481606,6,-0.005117884371429682,-0.003319798270240426,0,-0.0251,0.0149
Jordan Spence,OTT,8481606,7,-0.0051177931018173695,-0.003319798270240426,0,-0.0251,0.0149
Jordan Spence,OTT,8481606,8,-0.0051177977584302425,-0.003319798270240426,0,-0.0251,0.0149
Kevin Fiala,LAK,8477942,0,-0.005608970765024424,-0.0023321385961025953,0,-0.0256,0.0144
Kevin Fiala,LAK,8477942,1,-0.005608392879366875,-0.0023321385961025953,0,-0.0256,0.0144
Kevin Fiala,LAK,8477942,2,-0.005607839673757553,-0.0023321385961025953,0,-0.0256,0.0144
Kevin Fiala,LAK,8477942,3,-0.005607900209724903,-0.0023321385961025953,0,-0.0256,0.0144
Kevin Fiala,LAK,8477942,4,-0.005608467385172844,-0.0023321385961025953,0,-0.0256,0.0144
Kevin Fiala,LAK,8477942,5,-0.005608249455690384,-0.0023321385961025953,0,-0.0256,0.0144
Kevin Fiala,LAK,8477942,6,-0.005608103703707457,-0.0023321385961025953,0,-0.0256,0.0144
Kevin Fiala,LAK,8477942,7,-0.005608008708804846,-0.0023321385961025953,0,-0.0256,0.0144
Kevin Fiala,LAK,8477942,8,-0.005608015228062868,-0.0023321385961025953,0,-0.0256,0.0144
Alex Laferriere,LAK,8482155,0,-0.005462645553052425,-0.003528283443301916,0,-0.0255,0.0145
Alex Laferriere,LAK,8482155,1,-0.005501966457813978,-0.003528283443301916,4,-0.0155,0.0045
Alex Laferriere,LAK,8482155,2,-0.0055014220997691154,-0.003528283443301916,0,-0.0255,0.0145
Alex Laferriere,LAK,8482155,3,-0.005501489154994488,-0.003528283443301916,0,-0.0255,0.0145
Alex Laferriere,LAK,8482155,4,-0.005502066574990749,-0.003528283443301916,0,-0.0255,0.0145
Alex Laferriere,LAK,8482155,5,-0.005501850508153439,-0.003528283443301916,0,-0.0255,0.0145
Alex Laferriere,LAK,8482155,6,-0.0055017112754285336,-0.003528283443301916,0,-0.0255,0.0145
Alex Laferriere,LAK,8482155,7,-0.005501616280525923,-0.003528283443301916,0,-0.0255,0.0145
Alex Laferriere,LAK,8482155,8,-0.005501625593751669,-0.003528283443301916,0,-0.0255,0.0145
Aatu Jamsen,LAK,8482466,0,-0.00033093540696427226,-0.0003750560572370887,0,-0.0203,0.0197
Aatu Jamsen,LAK,8482466,1,-0.0003303532721474767,-0.0003750560572370887,0,-0.0203,0.0197
Aatu Jamsen,LAK,8482466,2,-0.0003297954681329429,-0.0003750560572370887,0,-0.0203,0.0197
Aatu Jamsen,LAK,8482466,3,-0.00032985326834023,-0.0003750560572370887,0,-0.0203,0.0197
Aatu Jamsen,LAK,8482466,4,-0.0003304182318970561,-0.0003750560572370887,0,-0.0203,0.0197
Aatu Jamsen,LAK,8482466,5,-0.0003301972756162286,-0.0003750560572370887,0,-0.0203,0.0197
Aatu Jamsen,LAK,8482466,6,-0.00033005044679157436,-0.0003750560572370887,0,-0.0203,0.0197
Aatu Jamsen,LAK,8482466,7,-0.0003299546951893717,-0.0003750560572370887,0,-0.0203,0.0197
Aatu Jamsen,LAK,8482466,8,-0.0003299607487861067,-0.0003750560572370887,0,-0.0203,0.0197
Brayden McNabb,VGK,8475188,0,-0.0004094452888239175,-0.00032927838037721813,0,-0.0204,0.0196
Brayden McNabb,VGK,8475188,1,-0.00040886312490329146,-0.00032927838037721813,0,-0.0204,0.0196
Brayden McNabb,VGK,8475188,2,-0.0004083051171619445,-0.00032927838037721813,0,-0.0204,0.0196
Brayden McNabb,VGK,8475188,3,-0.00040836294647306204,-0.00032927838037721813,0,-0.0204,0.0196
Brayden McNabb,VGK,8475188,4,-0.0004089276189915836,-0.00032927838037721813,0,-0.0204,0.0196
Brayden McNabb,VGK,8475188,5,-0.00040870680822990835,-0.00032927838037721813,0,-0.0204,0.0196
Brayden McNabb,VGK,8475188,6,-0.00040855977567844093,-0.00032927838037721813,0,-0.0204,0.0196
Brayden McNabb,VGK,8475188,7,-0.00040846405318006873,-0.00032927838037721813,0,-0.0204,0.0196
Brayden McNabb,VGK,8475188,8,-0.00040847010677680373,-0.00032927838037721813,0,-0.0204,0.0196
Phillip Danault,MTL,8476479,0,-0.006874765735119581,-0.005637893918901682,0,-0.0269,0.0131
Phillip Danault,MTL,8476479,1,-0.006874209735542536,-0.005637893918901682,0,-0.0269,0.0131
Phillip Danault,MTL,8476479,2,-0.006873672362416983,-0.005637893918901682,0,-0.0269,0.0131
Phillip Danault,MTL,8476479,3,-0.006873749196529388,-0.005637893918901682,0,-0.0269,0.0131
Phillip Danault,MTL,8476479,4,-0.006874327082186937,-0.005637893918901682,0,-0.0269,0.0131
Phillip Danault,MTL,8476479,5,-0.0068741184659302235,-0.005637893918901682,0,-0.0269,0.0131
Phillip Danault,MTL,8476479,6,-0.0068739792332053185,-0.005637893918901682,0,-0.0269,0.0131
Phillip Danault,MTL,8476479,7,-0.006873888894915581,-0.005637893918901682,0,-0.0269,0.0131
Phillip Danault,MTL,8476479,8,-0.00687389587983489,-0.005637893918901682,0,-0.0269,0.0131
Pavel Zacha,BOS,8478401,0,0.005407772958278656,-0.0008703452767804265,1,-0.0146,0.0254
Pavel Zacha,BOS,8478401,1,0.005490320269018412,-0.0008703452767804265,1,-0.0145,0.0255
Pavel Zacha,BOS,8478401,2,0.0054773567244410515,-0.0008703452767804265,2,-0.0086,0.0196
Pavel Zacha,BOS,8478401,3,0.005477301776409149,-0.0008703452767804265,0,-0.0145,0.0255
Pavel Zacha,BOS,8478401,4,0.005476732738316059,-0.0008703452767804265,0,-0.0145,0.0255
Pavel Zacha,BOS,8478401,5,0.005476956721395254,-0.0008703452767804265,0,-0.0145,0.0255
Pavel Zacha,BOS,8478401,6,0.005477099679410458,-0.0008703452767804265,0,-0.0145,0.0255
Pavel Zacha,BOS,8478401,7,0.005477198865264654,-0.0008703452767804265,0,-0.0145,0.0255
Pavel Zacha,BOS,8478401,8,0.005477189552038908,-0.0008703452767804265,0,-0.0145,0.0255
Morgan Geekie,BOS,8479987,0,-0.006335040088742971,-0.002640768885612488,1,-0.0263,0.0137
Morgan Geekie,BOS,8479987,1,-0.006368166767060757,-0.002640768885612488,0,-0.0264,0.0136
Morgan Geekie,BOS,8479987,2,-0.006401314400136471,-0.002640768885612488,4,-0.0164,0.0036
Morgan Geekie,BOS,8479987,3,-0.006401379592716694,-0.002640768885612488,0,-0.0264,0.0136
Morgan Geekie,BOS,8479987,4,-0.006401945371180773,-0.002640768885612488,0,-0.0264,0.0136
Morgan Geekie,BOS,8479987,5,-0.0064017316326498985,-0.002640768885612488,0,-0.0264,0.0136
Morgan Geekie,BOS,8479987,6,-0.006401584483683109,-0.002640768885612488,0,-0.0264,0.0136
Morgan Geekie,BOS,8479987,7,-0.00640149274840951,-0.002640768885612488,0,-0.0264,0.0136
Morgan Geekie,BOS,8479987,8,-0.006401496939361095,-0.002640768885612488,0,-0.0264,0.0136
Charlie McAvoy,BOS,8479325,0,-0.008301977068185806,-0.005469746422022581,1,-0.0283,0.0117
Charlie McAvoy,BOS,8479325,1,-0.008322176523506641,-0.005469746422022581,0,-0.0283,0.0117
Charlie McAvoy,BOS,8479325,2,-0.008342401124536991,-0.005469746422022581,3,-0.0198,0.0032
Charlie McAvoy,BOS,8479325,3,-0.00834247749298811,-0.005469746422022581,0,-0.0283,0.0117
Charlie McAvoy,BOS,8479325,4,-0.008343054912984371,-0.005469746422022581,0,-0.0283,0.0117
Charlie McAvoy,BOS,8479325,5,-0.008342846296727657,-0.005469746422022581,0,-0.0283,0.0117
Charlie McAvoy,BOS,8479325,6,-0.00834270752966404,-0.005469746422022581,0,-0.0283,0.0117
Charlie McAvoy,BOS,8479325,7,-0.008342618122696877,-0.005469746422022581,0,-0.0283,0.0117
Charlie McAvoy,BOS,8479325,8,-0.008342626504600048,-0.005469746422022581,0,-0.0283,0.0117
Mark Kastelic,BOS,8480355,0,0.0005693482235074043,-0.00020422865054570138,0,-0.0194,0.0206
Mark Kastelic,BOS,8480355,1,0.0005603990284726024,-0.00020422865054570138,1,-0.0194,0.0206
Mark Kastelic,BOS,8480355,2,0.0005609591607935727,-0.00020422865054570138,0,-0.0194,0.0206
Mark Kastelic,BOS,8480355,3,0.0005609032232314348,-0.00020422865054570138,0,-0.0194,0.0206
Mark Kastelic,BOS,8480355,4,0.0005603399476967752,-0.00020422865054570138,0,-0.0194,0.0206
Mark Kastelic,BOS,8480355,5,0.0005605618935078382,-0.00020422865054570138,0,-0.0194,0.0206
Mark Kastelic,BOS,8480355,6,0.0005607097991742194,-0.00020422865054570138,0,-0.0194,0.0206
Mark Kastelic,BOS,8480355,7,0.0005608058418147266,-0.00020422865054570138,0,-0.0194,0.0206
Mark Kastelic,BOS,8480355,8,0.0005608001374639571,-0.00020422865054570138,0,-0.0194,0.0206
David Pastrnak,BOS,8477956,0,0.003242902457714081,0.002322389977052808,3,-0.0083,0.0147
David Pastrnak,BOS,8477956,1,0.0032077922951430082,0.002322389977052808,3,-0.0083,0.0147
David Pastrnak,BOS,8477956,2,0.0031969144474714994,0.002322389977052808,1,-0.0168,0.0232
David Pastrnak,BOS,8477956,3,0.0031968571711331606,0.002322389977052808,0,-0.0168,0.0232
David Pastrnak,BOS,8477956,4,0.0031962930224835873,0.002322389977052808,0,-0.0168,0.0232
David Pastrnak,BOS,8477956,5,0.0031965142115950584,0.002322389977052808,0,-0.0168,0.0232
David Pastrnak,BOS,8477956,6,0.0031966613605618477,0.002322389977052808,0,-0.0168,0.0232
David Pastrnak,BOS,8477956,7,0.0031967568211257458,0.002322389977052808,0,-0.0168,0.0232
David Pastrnak,BOS,8477956,8,0.0031967516988515854,0.002322389977052808,0,-0.0168,0.0232
Mason Jobst,,8481480,0,-0.0007905435631982982,-0.0008345567039214075,0,-0.0208,0.0192
Mason Jobst,,8481480,1,-0.0007899628835730255,-0.0008345567039214075,0,-0.0208,0.0192
Mason Jobst,,8481480,2,-0.00078940624371171,-0.0008345567039214075,0,-0.0208,0.0192
Mason Jobst,,8481480,3,-0.0007894648588262498,-0.0008345567039214075,0,-0.0208,0.0192
Mason Jobst,,8481480,4,-0.0007900305208750069,-0.0008345567039214075,0,-0.0208,0.0192
Mason Jobst,,8481480,5,-0.0007898102048784494,-0.0008345567039214075,0,-0.0208,0.0192
Mason Jobst,,8481480,6,-0.000789663870818913,-0.0008345567039214075,0,-0.0208,0.0192
Mason Jobst,,8481480,7,-0.0007895684102550149,-0.0008345567039214075,0,-0.0208,0.0192
Mason Jobst,,8481480,8,-0.000789574405644089,-0.0008345567039214075,0,-0.0208,0.0192
Brett Murray,,8479419,0,-0.0005400222144089639,-0.0005840925150550902,0,-0.0205,0.0195
Brett Murray,,8479419,1,-0.0005394404870457947,-0.0005840925150550902,0,-0.0205,0.0195
Brett Murray,,8479419,2,-0.0005388834979385138,-0.0005840925150550902,0,-0.0205,0.0195
Brett Murray,,8479419,3,-0.0005389415309764445,-0.0005840925150550902,0,-0.0205,0.0195
Brett Murray,,8479419,4,-0.0005395070184022188,-0.0005840925150550902,0,-0.0205,0.0195
Brett Murray,,8479419,5,-0.0005392861203290522,-0.0005840925150550902,0,-0.0205,0.0195
Brett Murray,,8479419,6,-0.0005391397280618548,-0.0005840925150550902,0,-0.0205,0.0195
Brett Murray,,8479419,7,-0.0005390440346673131,-0.0005840925150550902,0,-0.0205,0.0195
Brett Murray,,8479419,8,-0.0005390502046793699,-0.0005840925150550902,0,-0.0205,0.0195
Isak Rosen,BUF,8482765,0,0.0027945225592702627,0.001395854284055531,0,-0.0172,0.0228
Isak Rosen,BUF,8482765,1,0.002795113017782569,0.001395854284055531,0,-0.0172,0.0228
Isak Rosen,BUF,8482765,2,0.0027956804260611534,0.001395854284055531,0,-0.0172,0.0228
Isak Rosen,BUF,8482765,3,0.002795628271996975,0.001395854284055531,0,-0.0172,0.0228
Isak Rosen,BUF,8482765,4,0.0027950704097747803,0.001395854284055531,0,-0.0172,0.0228
Isak Rosen,BUF,8482765,5,0.002795294625684619,0.001395854284055531,0,-0.0172,0.0228
Isak Rosen,BUF,8482765,6,0.002795445267111063,0.001395854284055531,0,-0.0172,0.0228
Isak Rosen,BUF,8482765,7,0.002795542823150754,0.001395854284055531,0,-0.0172,0.0228
Isak Rosen,BUF,8482765,8,0.0027955372352153063,0.001395854284055531,0,-0.0172,0.0228
Nikita Novikov,BUF,8482916,0,-3.181997453793883e-05,-7.606644066981971e-05,0,-0.02,0.02
Nikita Novikov,BUF,8482916,1,-3.1236413633450866e-05,-7.606644066981971e-05,0,-0.02,0.02
Nikita Novikov,BUF,8482916,2,-3.067730722250417e-05,-7.606644066981971e-05,0,-0.02,0.02
Nikita Novikov,BUF,8482916,3,-3.0734016036149114e-05,-7.606644066981971e-05,0,-0.02,0.02
Nikita Novikov,BUF,8482916,4,-3.12979900627397e-05,-7.606644066981971e-05,0,-0.02,0.02
Nikita Novikov,BUF,8482916,5,-3.107639713562094e-05,-7.606644066981971e-05,0,-0.02,0.02
Nikita Novikov,BUF,8482916,6,-3.092903352808207e-05,-7.606644066981971e-05,0,-0.02,0.02
Nikita Novikov,BUF,8482916,7,-3.0832987249596044e-05,-7.606644066981971e-05,0,-0.02,0.02
Nikita Novikov,BUF,8482916,8,-3.083899355260655e-05,-7.606644066981971e-05,0,-0.02,0.02
Joshua Roy,MTL,8482749,0,-0.0005070558399893343,-0.0005511493072845042,0,-0.0205,0.0195
Joshua Roy,MTL,8482749,1,-0.0005064741126261652,-0.0005511493072845042,0,-0.0205,0.0195
Joshua Roy,MTL,8482749,2,-0.000505916541442275,-0.0005511493072845042,0,-0.0205,0.0195
Joshua Roy,MTL,8482749,3,-0.0005059747491031885,-0.0005511493072845042,0,-0.0205,0.0195
Joshua Roy,MTL,8482749,4,-0.0005065395962446928,-0.0005511493072845042,0,-0.0205,0.0195
Joshua Roy,MTL,8482749,5,-0.0005063191056251526,-0.0005511493072845042,0,-0.0205,0.0195
Joshua Roy,MTL,8482749,6,-0.0005061720148660243,-0.0005511493072845042,0,-0.0205,0.0195
Joshua Roy,MTL,8482749,7,-0.000506076670717448,-0.0005511493072845042,0,-0.0205,0.0195
Joshua Roy,MTL,8482749,8,-0.0005060824332758784,-0.0005511493072845042,0,-0.0205,0.0195
Chris Tanev,TOR,8475690,0,-0.0003748177259694785,-0.0004189214378129691,0,-0.0204,0.0196
Chris Tanev,TOR,8475690,1,-0.0003742357948794961,-0.0004189214378129691,0,-0.0204,0.0196
Chris Tanev,TOR,8475690,2,-0.00037367825279943645,-0.0004189214378129691,0,-0.0204,0.0196
Chris Tanev,TOR,8475690,3,-0.0003737361403182149,-0.0004189214378129691,0,-0.0204,0.0196
Chris Tanev,TOR,8475690,4,-0.00037430127849802375,-0.0004189214378129691,0,-0.0204,0.0196
Chris Tanev,TOR,8475690,5,-0.0003740803513210267,-0.0004189214378129691,0,-0.0204,0.0196
Chris Tanev,TOR,8475690,6,-0.00037393360980786383,-0.0004189214378129691,0,-0.0204,0.0196
Chris Tanev,TOR,8475690,7,-0.000373837974620983,-0.0004189214378129691,0,-0.0204,0.0196
Chris Tanev,TOR,8475690,8,-0.0003738439700100571,-0.0004189214378129691,0,-0.0204,0.0196
Adam Engstrom,MTL,8483686,0,-0.0003330894105602056,-0.0003615033347159624,0,-0.0203,0.0197
Adam Engstrom,MTL,8483686,1,-0.00033250724663957953,-0.0003615033347159624,0,-0.0203,0.0197
Adam Engstrom,MTL,8483686,2,-0.0003319491515867412,-0.0003615033347159624,0,-0.0203,0.0197
Adam Engstrom,MTL,8483686,3,-0.000332006806274876,-0.0003615033347159624,0,-0.0203,0.0197
Adam Engstrom,MTL,8483686,4,-0.000332571507897228,-0.0003615033347159624,0,-0.0203,0.0197
Adam Engstrom,MTL,8483686,5,-0.00033235058072023094,-0.0003615033347159624,0,-0.0203,0.0197
Adam Engstrom,MTL,8483686,6,-0.00033220360637642443,-0.0003615033347159624,0,-0.0203,0.0197
Adam Engstrom,MTL,8483686,7,-0.00033210779656656086,-0.0003615033347159624,0,-0.0203,0.0197
Adam Engstrom,MTL,8483686,8,-0.0003321139083709568,-0.0003615033347159624,0,-0.0203,0.0197
Mike Reilly,CAR,8476422,0,0.0007202800479717553,0.00023079055245034397,0,-0.0193,0.0207
Mike Reilly,CAR,8476422,1,0.0007208652095869184,0.00023079055245034397,0,-0.0193,0.0207
Mike Reilly,CAR,8476422,2,0.0007214254001155496,0.00023079055245034397,0,-0.0193,0.0207
Mike Reilly,CAR,8476422,3,0.000721369928214699,0.00023079055245034397,0,-0.0193,0.0207
Mike Reilly,CAR,8476422,4,0.0007208067690953612,0.00023079055245034397,0,-0.0193,0.0207
Mike Reilly,CAR,8476422,5,0.0007210290059447289,0.00023079055245034397,0,-0.0193,0.0207
Mike Reilly,CAR,8476422,6,0.0007211768534034491,0.00023079055245034397,0,-0.0193,0.0207
Mike Reilly,CAR,8476422,7,0.0007212731870822608,0.00023079055245034397,0,-0.0193,0.0207
Mike Reilly,CAR,8476422,8,0.0007212671334855258,0.00023079055245034397,0,-0.0193,0.0207
Anders Lee,NYI,8475314,0,-0.003978104330599308,-0.0050292364321649075,0,-0.024,0.016
Anders Lee,NYI,8475314,1,-0.003977532964199781,-0.0050292364321649075,0,-0.024,0.016
Anders Lee,NYI,8475314,2,-0.003976987209171057,-0.0050292364321649075,0,-0.024,0.016
Anders Lee,NYI,8475314,3,-0.003977050073444843,-0.0050292364321649075,0,-0.024,0.016
Anders Lee,NYI,8475314,4,-0.003977623302489519,-0.0050292364321649075,0,-0.024,0.016
Anders Lee,NYI,8475314,5,-0.003977406769990921,-0.0050292364321649075,0,-0.024,0.016
Anders Lee,NYI,8475314,6,-0.003977264743298292,-0.0050292364321649075,0,-0.024,0.016
Anders Lee,NYI,8475314,7,-0.003977170214056969,-0.0050292364321649075,0,-0.024,0.016
Anders Lee,NYI,8475314,8,-0.00397717859596014,-0.0050292364321649075,0,-0.024,0.016
Kyle Palmieri,NYI,8475151,0,-0.001994411926716566,-0.001677835825830698,0,-0.022,0.018
Kyle Palmieri,NYI,8475151,1,-0.0019938356708735228,-0.001677835825830698,0,-0.022,0.018
Kyle Palmieri,NYI,8475151,2,-0.001993282465264201,-0.001677835825830698,0,-0.022,0.018
Kyle Palmieri,NYI,8475151,3,-0.0019933448638767004,-0.001677835825830698,0,-0.022,0.018
Kyle Palmieri,NYI,8475151,4,-0.001993912272155285,-0.001677835825830698,0,-0.022,0.018
Kyle Palmieri,NYI,8475151,5,-0.001993695041164756,-0.001677835825830698,0,-0.022,0.018
Kyle Palmieri,NYI,8475151,6,-0.001993548823520541,-0.001677835825830698,0,-0.022,0.018
Kyle Palmieri,NYI,8475151,7,-0.001993454759940505,-0.001677835825830698,0,-0.022,0.018
Kyle Palmieri,NYI,8475151,8,-0.00199346081353724,-0.001677835825830698,0,-0.022,0.018
Simon Holmstrom,NYI,8481601,0,-0.004530444275587797,-0.0044568562880158424,0,-0.0245,0.0155
Simon Holmstrom,NYI,8481601,1,-0.004529877565801144,-0.0044568562880158424,0,-0.0245,0.0155
Simon Holmstrom,NYI,8481601,2,-0.004529336933046579,-0.0044568562880158424,0,-0.0245,0.0155
Simon Holmstrom,NYI,8481601,3,-0.004529405850917101,-0.0044568562880158424,0,-0.0245,0.0155
Simon Holmstrom,NYI,8481601,4,-0.0045299832709133625,-0.0044568562880158424,0,-0.0245,0.0155
Simon Holmstrom,NYI,8481601,5,-0.004529769066721201,-0.0044568562880158424,0,-0.0245,0.0155
Simon Holmstrom,NYI,8481601,6,-0.004529629833996296,-0.0044568562880158424,0,-0.0245,0.0155
Simon Holmstrom,NYI,8481601,7,-0.00452953577041626,-0.0044568562880158424,0,-0.0245,0.0155
Simon Holmstrom,NYI,8481601,8,-0.004529545083642006,-0.0044568562880158424,0,-0.0245,0.0155
Jean-Gabriel Pageau,NYI,8476419,0,-0.0002978309930767864,0.0010053596924990416,0,-0.0203,0.0197
Jean-Gabriel Pageau,NYI,8476419,1,-0.00029724626801908016,0.0010053596924990416,0,-0.0203,0.0197
Jean-Gabriel Pageau,NYI,8476419,2,-0.0002966863685287535,0.0010053596924990416,0,-0.0203,0.0197
Jean-Gabriel Pageau,NYI,8476419,3,-0.00029674224788323045,0.0010053596924990416,0,-0.0203,0.0197
Jean-Gabriel Pageau,NYI,8476419,4,-0.00029730566893704236,0.0010053596924990416,0,-0.0203,0.0197
Jean-Gabriel Pageau,NYI,8476419,5,-0.0002970836067106575,0.0010053596924990416,0,-0.0203,0.0197
Jean-Gabriel Pageau,NYI,8476419,6,-0.00029693590477108955,0.0010053596924990416,0,-0.0203,0.0197
Jean-Gabriel Pageau,NYI,8476419,7,-0.0002968396001961082,0.0010053596924990416,0,-0.0203,0.0197
Jean-Gabriel Pageau,NYI,8476419,8,-0.00029684562468901277,0.0010053596924990416,0,-0.0203,0.0197
Pavol Regenda,SJS,8483630,0,0.00034950641565956175,0.0008322814246639609,0,-0.0197,0.0203
Pavol Regenda,SJS,8483630,1,0.00035009265411645174,0.0008322814246639609,0,-0.0196,0.0204
Pavol Regenda,SJS,8483630,2,0.0003506538923829794,0.0008322814246639609,0,-0.0196,0.0204
Pavol Regenda,SJS,8483630,3,0.0003505991189740598,0.0008322814246639609,0,-0.0196,0.0204
Pavol Regenda,SJS,8483630,4,0.0003500368329696357,0.0008322814246639609,0,-0.0196,0.0204
Pavol Regenda,SJS,8483630,5,0.00035025953548029065,0.0008322814246639609,0,-0.0196,0.0204
Pavol Regenda,SJS,8483630,6,0.0003504078194964677,0.0008322814246639609,0,-0.0196,0.0204
Pavol Regenda,SJS,8483630,7,0.0003505044733174145,0.0008322814246639609,0,-0.0196,0.0204
Pavol Regenda,SJS,8483630,8,0.0003504985070321709,0.0008322814246639609,0,-0.0196,0.0204
Kasper Halttunen,SJS,8484176,0,-0.0005465890862978995,-0.0005906567675992846,0,-0.0205,0.0195
Kasper Halttunen,SJS,8484176,1,-0.0005460077663883567,-0.0005906567675992846,0,-0.0205,0.0195
Kasper Halttunen,SJS,8484176,2,-0.0005454505444504321,-0.0005906567675992846,0,-0.0205,0.0195
Kasper Halttunen,SJS,8484176,3,-0.0005455088103190064,-0.0005906567675992846,0,-0.0205,0.0195
Kasper Halttunen,SJS,8484176,4,-0.0005460739484988153,-0.0005906567675992846,0,-0.0205,0.0195
Kasper Halttunen,SJS,8484176,5,-0.0005458534578792751,-0.0005906567675992846,0,-0.0205,0.0195
Kasper Halttunen,SJS,8484176,6,-0.000545706890989095,-0.0005906567675992846,0,-0.0205,0.0195
Kasper Halttunen,SJS,8484176,7,-0.0005456111393868923,-0.0005906567675992846,0,-0.0205,0.0195
Kasper Halttunen,SJS,8484176,8,-0.0005456173093989491,-0.0005906567675992846,0,-0.0205,0.0195
Danil Gushchin,COL,8482101,0,-0.0017804285744205117,-0.0018240405479446054,0,-0.0218,0.0182
Danil Gushchin,COL,8482101,1,-0.001779852551408112,-0.0018240405479446054,0,-0.0218,0.0182
Danil Gushchin,COL,8482101,2,-0.0017793001607060432,-0.0018240405479446054,0,-0.0218,0.0182
Danil Gushchin,COL,8482101,3,-0.0017793624429032207,-0.0018240405479446054,0,-0.0218,0.0182
Danil Gushchin,COL,8482101,4,-0.0017799310153350234,-0.0018240405479446054,0,-0.0218,0.0182
Danil Gushchin,COL,8482101,5,-0.0017797129694372416,-0.0018240405479446054,0,-0.0218,0.0182
Danil Gushchin,COL,8482101,6,-0.0017795679159462452,-0.0018240405479446054,0,-0.0218,0.0182
Danil Gushchin,COL,8482101,7,-0.0017794737359508872,-0.0018240405479446054,0,-0.0218,0.0182
Danil Gushchin,COL,8482101,8,-0.0017794796731323004,-0.0018240405479446054,0,-0.0218,0.0182
Quentin Musty,SJS,8484200,0,-5.9556696214713156e-05,-0.00010378866136306897,0,-0.0201,0.0199
Quentin Musty,SJS,8484200,1,-5.897325900150463e-05,-0.00010378866136306897,0,-0.0201,0.0199
Quentin Musty,SJS,8484200,2,-5.8414349041413516e-05,-0.00010378866136306897,0,-0.0201,0.0199
Quentin Musty,SJS,8484200,3,-5.847113789059222e-05,-0.00010378866136306897,0,-0.0201,0.0199
Quentin Musty,SJS,8484200,4,-5.903525016037747e-05,-0.00010378866136306897,0,-0.0201,0.0199
Quentin Musty,SJS,8484200,5,-5.881372271687724e-05,-0.00010378866136306897,0,-0.0201,0.0199
Quentin Musty,SJS,8484200,6,-5.866644642082974e-05,-0.00010378866136306897,0,-0.0201,0.0199
Quentin Musty,SJS,8484200,7,-5.857040741830133e-05,-0.00010378866136306897,0,-0.0201,0.0199
Quentin Musty,SJS,8484200,8,-5.857645737705752e-05,-0.00010378866136306897,0,-0.0201,0.0199
William Eklund,SJS,8482667,0,-0.008289683610200882,-0.004716167692095041,0,-0.0283,0.0117
William Eklund,SJS,8482667,1,-0.008289111778140068,-0.004716167692095041,0,-0.0283,0.0117
William Eklund,SJS,8482667,2,-0.008288574405014515,-0.004716167692095041,0,-0.0283,0.0117
William Eklund,SJS,8482667,3,-0.008288639597594738,-0.004716167692095041,0,-0.0283,0.0117
William Eklund,SJS,8482667,4,-0.008289216086268425,-0.004716167692095041,0,-0.0283,0.0117
William Eklund,SJS,8482667,5,-0.008289001882076263,-0.004716167692095041,0,-0.0283,0.0117
William Eklund,SJS,8482667,6,-0.008288862183690071,-0.004716167692095041,0,-0.0283,0.0117
William Eklund,SJS,8482667,7,-0.008288768120110035,-0.004716167692095041,0,-0.0283,0.0117
William Eklund,SJS,8482667,8,-0.008288776502013206,-0.004716167692095041,0,-0.0283,0.0117
Klim Kostin,,8480011,0,0.0009791036136448383,0.0009345673024654388,0,-0.019,0.021
Klim Kostin,,8480011,1,0.0009796906961128116,0.0009345673024654388,0,-0.019,0.021
Klim Kostin,,8480011,2,0.000980252749286592,0.0009345673024654388,0,-0.019,0.021
Klim Kostin,,8480011,3,0.0009801987325772643,0.0009345673024654388,0,-0.019,0.021
Klim Kostin,,8480011,4,0.000979636562988162,0.0009345673024654388,0,-0.019,0.021
Klim Kostin,,8480011,5,0.0009798600804060698,0.0009345673024654388,0,-0.019,0.021
Klim Kostin,,8480011,6,0.0009800083935260773,0.0009345673024654388,0,-0.019,0.021
Klim Kostin,,8480011,7,0.0009801052510738373,0.0009345673024654388,0,-0.019,0.021
Klim Kostin,,8480011,8,0.000980099313892424,0.0009345673024654388,0,-0.019,0.021
Nick Lardis,CHI,8484185,0,-0.0028005107305943966,-0.001689457567408681,0,-0.0228,0.0172
Nick Lardis,CHI,8484185,1,-0.0027999344747513533,-0.001689457567408681,0,-0.0228,0.0172
Nick Lardis,CHI,8484185,2,-0.002799383131787181,-0.001689457567408681,0,-0.0228,0.0172
Nick Lardis,CHI,8484185,3,-0.002799445763230324,-0.001689457567408681,0,-0.0228,0.0172
Nick Lardis,CHI,8484185,4,-0.0028000138700008392,-0.001689457567408681,0,-0.0228,0.0172
Nick Lardis,CHI,8484185,5,-0.002799797570332885,-0.001689457567408681,0,-0.0228,0.0172
Nick Lardis,CHI,8484185,6,-0.002799650654196739,-0.001689457567408681,0,-0.0228,0.0172
Nick Lardis,CHI,8484185,7,-0.0027995589189231396,-0.001689457567408681,0,-0.0228,0.0172
Nick Lardis,CHI,8484185,8,-0.0027995628770440817,-0.001689457567408681,0,-0.0228,0.0172
Craig Smith,,8475225,0,0.0005626070778816938,0.0005181117448955774,0,-0.0194,0.0206
Craig Smith,,8475225,1,0.0005631936946883798,0.0005181117448955774,0,-0.0194,0.0206
Craig Smith,,8475225,2,0.0005637553986161947,0.0005181117448955774,0,-0.0194,0.0206
Craig Smith,,8475225,3,0.0005637008580379188,0.0005181117448955774,0,-0.0194,0.0206
Craig Smith,,8475225,4,0.0005631387466564775,0.0005181117448955774,0,-0.0194,0.0206
Craig Smith,,8475225,5,0.0005633615655824542,0.0005181117448955774,0,-0.0194,0.0206
Craig Smith,,8475225,6,0.0005635100533254445,0.0005181117448955774,0,-0.0194,0.0206
Craig Smith,,8475225,7,0.0005636066198348999,0.0005181117448955774,0,-0.0194,0.0206
Craig Smith,,8475225,8,0.0005636007990688086,0.0005181117448955774,0,-0.0194,0.0206
Frank Nazar,CHI,8483493,0,-0.002077976008877158,0.00031184821273200214,0,-0.0221,0.0179
Frank Nazar,CHI,8483493,1,-0.0020773899741470814,0.00031184821273200214,0,-0.0221,0.0179
Frank Nazar,CHI,8483493,2,-0.002076829317957163,0.00031184821273200214,0,-0.0221,0.0179
Frank Nazar,CHI,8483493,3,-0.002076884498819709,0.00031184821273200214,0,-0.0221,0.0179
Frank Nazar,CHI,8483493,4,-0.002077446784824133,0.00031184821273200214,0,-0.0221,0.0179
Frank Nazar,CHI,8483493,5,-0.002077224664390087,0.00031184821273200214,0,-0.0221,0.0179
Frank Nazar,CHI,8483493,6,-0.002077076118439436,0.00031184821273200214,0,-0.0221,0.0179
Frank Nazar,CHI,8483493,7,-0.002076979959383607,0.00031184821273200214,0,-0.0221,0.0179
Frank Nazar,CHI,8483493,8,-0.0020769850816577673,0.00031184821273200214,0,-0.0221,0.0179
Lukas Reichel,VAN,8482117,0,-0.002881163265556097,-0.00239416747353971,0,-0.0229,0.0171
Lukas Reichel,VAN,8482117,1,-0.0028805946931242943,-0.00239416747353971,0,-0.0229,0.0171
Lukas Reichel,VAN,8482117,2,-0.0028800475411117077,-0.00239416747353971,0,-0.0229,0.0171
Lukas Reichel,VAN,8482117,3,-0.0028801150619983673,-0.00239416747353971,0,-0.0229,0.0171
Lukas Reichel,VAN,8482117,4,-0.002880686894059181,-0.00239416747353971,0,-0.0229,0.0171
Lukas Reichel,VAN,8482117,5,-0.0028804726898670197,-0.00239416747353971,0,-0.0229,0.0171
Lukas Reichel,VAN,8482117,6,-0.002880329731851816,-0.00239416747353971,0,-0.0229,0.0171
Lukas Reichel,VAN,8482117,7,-0.002880236366763711,-0.00239416747353971,0,-0.0229,0.0171
Lukas Reichel,VAN,8482117,8,-0.002880243118852377,-0.00239416747353971,0,-0.0229,0.0171
Dmitri Voronkov,CBJ,8481716,0,0.0037632258608937263,0.0016274305526167154,0,-0.0162,0.0238
Dmitri Voronkov,CBJ,8481716,1,0.003763815388083458,0.0016274305526167154,0,-0.0162,0.0238
Dmitri Voronkov,CBJ,8481716,2,0.0037643786054104567,0.0016274305526167154,0,-0.0162,0.0238
Dmitri Voronkov,CBJ,8481716,3,0.003764325985684991,0.0016274305526167154,0,-0.0162,0.0238
Dmitri Voronkov,CBJ,8481716,4,0.0037637646310031414,0.0016274305526167154,0,-0.0162,0.0238
Dmitri Voronkov,CBJ,8481716,5,0.003763989545404911,0.0016274305526167154,0,-0.0162,0.0238
Dmitri Voronkov,CBJ,8481716,6,0.003764138324186206,0.0016274305526167154,0,-0.0162,0.0238
Dmitri Voronkov,CBJ,8481716,7,0.0037642349489033222,0.0016274305526167154,0,-0.0162,0.0238
Dmitri Voronkov,CBJ,8481716,8,0.0037642307579517365,0.0016274305526167154,0,-0.0162,0.0238
Cole Sillinger,CBJ,8482705,0,0.00028477952582761645,0.001011315849609673,0,-0.0197,0.0203
Cole Sillinger,CBJ,8482705,1,0.00028536812169477344,0.001011315849609673,0,-0.0197,0.0203
Cole Sillinger,CBJ,8482705,2,0.00028593174647539854,0.001011315849609673,0,-0.0197,0.0203
Cole Sillinger,CBJ,8482705,3,0.0002858787775039673,0.001011315849609673,0,-0.0197,0.0203
Cole Sillinger,CBJ,8482705,4,0.000285317946691066,0.001011315849609673,0,-0.0197,0.0203
Cole Sillinger,CBJ,8482705,5,0.00028554192977026105,0.001011315849609673,0,-0.0197,0.0203
Cole Sillinger,CBJ,8482705,6,0.00028569099958986044,0.001011315849609673,0,-0.0197,0.0203
Cole Sillinger,CBJ,8482705,7,0.0002857880317606032,0.001011315849609673,0,-0.0197,0.0203
Cole Sillinger,CBJ,8482705,8,0.00028578247292898595,0.001011315849609673,0,-0.0197,0.0203
Gavin Brindley,COL,8484149,0,-0.0015995957655832171,-0.0010551831219345331,0,-0.0216,0.0184
Gavin Brindley,COL,8484149,1,-0.001599017414264381,-0.0010551831219345331,0,-0.0216,0.0184
Gavin Brindley,COL,8484149,2,-0.001598463742993772,-0.0010551831219345331,0,-0.0216,0.0184
Gavin Brindley,COL,8484149,3,-0.0015985241625458002,-0.0010551831219345331,0,-0.0216,0.0184
Gavin Brindley,COL,8484149,4,-0.0015990919200703502,-0.0010551831219345331,0,-0.0216,0.0184
Gavin Brindley,COL,8484149,5,-0.0015988724771887064,-0.0010551831219345331,0,-0.0216,0.0184
Gavin Brindley,COL,8484149,6,-0.0015987280057743192,-0.0010551831219345331,0,-0.0216,0.0184
Gavin Brindley,COL,8484149,7,-0.0015986318467184901,-0.0010551831219345331,0,-0.0216,0.0184
Gavin Brindley,COL,8484149,8,-0.0015986395301297307,-0.0010551831219345331,0,-0.0216,0.0184
Oliver Okuliar,FLA,8484935,0,0.002320245373994112,0.0022751425858587027,0,-0.0177,0.0223
Oliver Okuliar,FLA,8484935,1,0.0023208383936434984,0.0022751425858587027,0,-0.0177,0.0223
Oliver Okuliar,FLA,8484935,2,0.002321406966075301,0.0022751425858587027,0,-0.0177,0.0223
Oliver Okuliar,FLA,8484935,3,0.002321357373148203,0.0022751425858587027,0,-0.0177,0.0223
Oliver Okuliar,FLA,8484935,4,0.0023207995109260082,0.0022751425858587027,0,-0.0177,0.0223
Oliver Okuliar,FLA,8484935,5,0.002321026287972927,0.0022751425858587027,0,-0.0177,0.0223
Oliver Okuliar,FLA,8484935,6,0.002321176463738084,0.0022751425858587027,0,-0.0177,0.0223
Oliver Okuliar,FLA,8484935,7,0.0023212754167616367,0.0022751425858587027,0,-0.0177,0.0223
Oliver Okuliar,FLA,8484935,8,0.002321269130334258,0.0022751425858587027,0,-0.0177,0.0223
Ondrej Palat,NYI,8476292,0,-0.001561049954034388,-0.0013938324991613626,0,-0.0216,0.0184
Ondrej Palat,NYI,8476292,1,-0.001560475560836494,-0.0013938324991613626,0,-0.0216,0.0184
Ondrej Palat,NYI,8476292,2,-0.0015599238686263561,-0.0013938324991613626,0,-0.0216,0.0184
Ondrej Palat,NYI,8476292,3,-0.0015599875478073955,-0.0013938324991613626,0,-0.0216,0.0184
Ondrej Palat,NYI,8476292,4,-0.001560556935146451,-0.0013938324991613626,0,-0.0216,0.0184
Ondrej Palat,NYI,8476292,5,-0.0015603395877406001,-0.0013938324991613626,0,-0.0216,0.0184
Ondrej Palat,NYI,8476292,6,-0.0015601951163262129,-0.0013938324991613626,0,-0.0216,0.0184
Ondrej Palat,NYI,8476292,7,-0.0015601010527461767,-0.0013938324991613626,0,-0.0216,0.0184
Ondrej Palat,NYI,8476292,8,-0.0015601073391735554,-0.0013938324991613626,0,-0.0216,0.0184
Jesper Bratt,NJD,8479407,0,-0.006953675299882889,-0.005728465039283037,0,-0.027,0.013
Jesper Bratt,NJD,8479407,1,-0.006953110918402672,-0.005728465039283037,0,-0.027,0.013
Jesper Bratt,NJD,8479407,2,-0.006952575407922268,-0.005728465039283037,0,-0.027,0.013
Jesper Bratt,NJD,8479407,3,-0.006952644791454077,-0.005728465039283037,0,-0.027,0.013
Jesper Bratt,NJD,8479407,4,-0.006953224539756775,-0.005728465039283037,0,-0.027,0.013
Jesper Bratt,NJD,8479407,5,-0.006953011732548475,-0.005728465039283037,0,-0.027,0.013
Jesper Bratt,NJD,8479407,6,-0.0069528729654848576,-0.005728465039283037,0,-0.027,0.013
Jesper Bratt,NJD,8479407,7,-0.006952781695872545,-0.005728465039283037,0,-0.027,0.013
Jesper Bratt,NJD,8479407,8,-0.00695278774946928,-0.005728465039283037,0,-0.027,0.013
Timo Meier,NJD,8478414,0,-0.001593243214301765,0.001517905038781464,0,-0.0216,0.0184
Timo Meier,NJD,8478414,1,-0.0015926600899547338,0.001517905038781464,0,-0.0216,0.0184
Timo Meier,NJD,8478414,2,-0.00159210164565593,0.001517905038781464,0,-0.0216,0.0184
Timo Meier,NJD,8478414,3,-0.0015921585727483034,0.001517905038781464,0,-0.0216,0.0184
Timo Meier,NJD,8478414,4,-0.001592723187059164,0.001517905038781464,0,-0.0216,0.0184
Timo Meier,NJD,8478414,5,-0.0015925019979476929,0.001517905038781464,0,-0.0216,0.0184
Timo Meier,NJD,8478414,6,-0.0015923547325655818,0.001517905038781464,0,-0.0216,0.0184
Timo Meier,NJD,8478414,7,-0.0015922589227557182,0.001517905038781464,0,-0.0216,0.0184
Timo Meier,NJD,8478414,8,-0.0015922647435218096,0.001517905038781464,0,-0.0216,0.0184
Dougie Hamilton,NJD,8476462,0,0.0029915161430835724,0.0010251658968627453,0,-0.017,0.023
Dougie Hamilton,NJD,8476462,1,0.002992105670273304,0.0010251658968627453,0,-0.017,0.023
Dougie Hamilton,NJD,8476462,2,0.0029926702845841646,0.0010251658968627453,0,-0.017,0.023
Dougie Hamilton,NJD,8476462,3,0.00299261836335063,0.0010251658968627453,0,-0.017,0.023
Dougie Hamilton,NJD,8476462,4,0.0029920581728219986,0.0010251658968627453,0,-0.017,0.023
Dougie Hamilton,NJD,8476462,5,0.002992282621562481,0.0010251658968627453,0,-0.017,0.023
Dougie Hamilton,NJD,8476462,6,0.002992431866005063,0.0010251658968627453,0,-0.017,0.023
Dougie Hamilton,NJD,8476462,7,0.002992529422044754,0.0010251658968627453,0,-0.017,0.023
Dougie Hamilton,NJD,8476462,8,0.0029925238341093063,0.0010251658968627453,0,-0.017,0.023
Tomas Tatar,,8475193,0,-0.0005583020974881947,-0.0006023440510034561,0,-0.0206,0.0194
Tomas Tatar,,8475193,1,-0.0005577207775786519,-0.0006023440510034561,0,-0.0206,0.0194
Tomas Tatar,,8475193,2,-0.0005571639630943537,-0.0006023440510034561,0,-0.0206,0.0194
Tomas Tatar,,8475193,3,-0.0005572224035859108,-0.0006023440510034561,0,-0.0206,0.0194
Tomas Tatar,,8475193,4,-0.0005577878328040242,-0.0006023440510034561,0,-0.0206,0.0194
Tomas Tatar,,8475193,5,-0.000557567342184484,-0.0006023440510034561,0,-0.0206,0.0194
Tomas Tatar,,8475193,6,-0.0005574209499172866,-0.0006023440510034561,0,-0.0206,0.0194
Tomas Tatar,,8475193,7,-0.000557325198315084,-0.0006023440510034561,0,-0.0206,0.0194
Tomas Tatar,,8475193,8,-0.0005573315429501235,-0.0006023440510034561,0,-0.0206,0.0194
Nico Hischier,NJD,8480002,0,0.009915987029671669,0.010051436722278595,0,-0.0101,0.0299
Nico Hischier,NJD,8480002,1,0.009916599839925766,0.010051436722278595,0,-0.0101,0.0299
Nico Hischier,NJD,8480002,2,0.009917190298438072,0.010051436722278595,0,-0.0101,0.0299
Nico Hischier,NJD,8480002,3,0.009917153976857662,0.010051436722278595,0,-0.0101,0.0299
Nico Hischier,NJD,8480002,4,0.009916611947119236,0.010051436722278595,0,-0.0101,0.0299
Nico Hischier,NJD,8480002,5,0.009916847571730614,0.010051436722278595,0,-0.0101,0.0299
Nico Hischier,NJD,8480002,6,0.009917005896568298,0.010051436722278595,0,-0.0101,0.0299
Nico Hischier,NJD,8480002,7,0.00991711113601923,0.010051436722278595,0,-0.0101,0.0299
Nico Hischier,NJD,8480002,8,0.009917101822793484,0.010051436722278595,0,-0.0101,0.0299
Erik Haula,NSH,8475287,0,0.0009990150574594736,-0.0005578462150879204,0,-0.019,0.021
Erik Haula,NSH,8475287,1,0.0009995955042541027,-0.0005578462150879204,0,-0.019,0.021
Erik Haula,NSH,8475287,2,0.0010001519694924355,-0.0005578462150879204,0,-0.019,0.021
Erik Haula,NSH,8475287,3,0.0010000931797549129,-0.0005578462150879204,0,-0.019,0.021
Erik Haula,NSH,8475287,4,0.0009995275177061558,-0.0005578462150879204,0,-0.019,0.021
Erik Haula,NSH,8475287,5,0.0009997475426644087,-0.0005578462150879204,0,-0.019,0.021
Erik Haula,NSH,8475287,6,0.000999893993139267,-0.0005578462150879204,0,-0.019,0.021
Erik Haula,NSH,8475287,7,0.000999989453703165,-0.0005578462150879204,0,-0.019,0.021
Erik Haula,NSH,8475287,8,0.0009999832836911082,-0.0005578462150879204,0,-0.019,0.021
Ivan Ivan,COL,8483930,0,0.003543129889294505,0.003497573547065258,0,-0.0165,0.0235
Ivan Ivan,COL,8483930,1,0.0035437296610325575,0.003497573547065258,0,-0.0165,0.0235
Ivan Ivan,COL,8483930,2,0.0035443021915853024,0.003497573547065258,0,-0.0165,0.0235
Ivan Ivan,COL,8483930,3,0.003544257255271077,0.003497573547065258,0,-0.0165,0.0235
Ivan Ivan,COL,8483930,4,0.00354370241984725,0.003497573547065258,0,-0.0165,0.0235
Ivan Ivan,COL,8483930,5,0.0035439312923699617,0.003497573547065258,0,-0.0165,0.0235
Ivan Ivan,COL,8483930,6,0.0035440842621028423,0.003497573547065258,0,-0.0165,0.0235
Ivan Ivan,COL,8483930,7,0.0035441832151263952,0.003497573547065258,0,-0.0165,0.0235
Ivan Ivan,COL,8483930,8,0.003544178092852235,0.003497573547065258,0,-0.0165,0.0235
Nikolai Kovalenko,,8481042,0,-0.000732606160454452,-0.0007765482878312469,0,-0.0207,0.0193
Nikolai Kovalenko,,8481042,1,-0.0007320259464904666,-0.0007765482878312469,0,-0.0207,0.0193
Nikolai Kovalenko,,8481042,2,-0.0007314701797440648,-0.0007765482878312469,0,-0.0207,0.0193
Nikolai Kovalenko,,8481042,3,-0.0007315293187275529,-0.0007765482878312469,0,-0.0207,0.0193
Nikolai Kovalenko,,8481042,4,-0.0007320957374759018,-0.0007765482878312469,0,-0.0207,0.0193
Nikolai Kovalenko,,8481042,5,-0.000731875654309988,-0.0007765482878312469,0,-0.0207,0.0193
Nikolai Kovalenko,,8481042,6,-0.0007317296112887561,-0.0007765482878312469,0,-0.0207,0.0193
Nikolai Kovalenko,,8481042,7,-0.000731634150724858,-0.0007765482878312469,0,-0.0207,0.0193
Nikolai Kovalenko,,8481042,8,-0.0007316405535675585,-0.0007765482878312469,0,-0.0207,0.0193
Oskar Olausson,MIN,8482712,0,-0.0005289479158818722,-0.0005416596541181207,0,-0.0205,0.0195
Oskar Olausson,MIN,8482712,1,-0.0005283666541799903,-0.0005416596541181207,0,-0.0205,0.0195
Oskar Olausson,MIN,8482712,2,-0.0005278096068650484,-0.0005416596541181207,0,-0.0205,0.0195
Oskar Olausson,MIN,8482712,3,-0.0005278678727336228,-0.0005416596541181207,0,-0.0205,0.0195
Oskar Olausson,MIN,8482712,4,-0.0005284333019517362,-0.0005416596541181207,0,-0.0205,0.0195
Oskar Olausson,MIN,8482712,5,-0.000528212811332196,-0.0005416596541181207,0,-0.0205,0.0195
Oskar Olausson,MIN,8482712,6,-0.0005280661280266941,-0.0005416596541181207,0,-0.0205,0.0195
Oskar Olausson,MIN,8482712,7,-0.0005279705510474741,-0.0005416596541181207,0,-0.0205,0.0195
Oskar Olausson,MIN,8482712,8,-0.000527976721059531,-0.0005416596541181207,0,-0.0205,0.0195
Sam Malinski,COL,8484258,0,0.0008884654962457716,0.000989494496025145,0,-0.0191,0.0209
Sam Malinski,COL,8484258,1,0.0008890551398508251,0.000989494496025145,0,-0.0191,0.0209
Sam Malinski,COL,8484258,2,0.0008896196959540248,0.000989494496025145,0,-0.0191,0.0209
Sam Malinski,COL,8484258,3,0.0008895675418898463,0.000989494496025145,0,-0.0191,0.0209
Sam Malinski,COL,8484258,4,0.0008890075259841979,0.000989494496025145,0,-0.0191,0.0209
Sam Malinski,COL,8484258,5,0.0008892318583093584,0.000989494496025145,0,-0.0191,0.0209
Sam Malinski,COL,8484258,6,0.0008893813937902451,0.000989494496025145,0,-0.0191,0.0209
Sam Malinski,COL,8484258,7,0.0008894786587916315,0.000989494496025145,0,-0.0191,0.0209
Sam Malinski,COL,8484258,8,0.0008894731290638447,0.000989494496025145,0,-0.0191,0.0209
Alex Iafallo,WPG,8480113,0,-0.007995093241333961,-0.006172513589262962,0,-0.028,0.012
Alex Iafallo,WPG,8480113,1,-0.007994528859853745,-0.006172513589262962,0,-0.028,0.012
Alex Iafallo,WPG,8480113,2,-0.00799399521201849,-0.006172513589262962,0,-0.028,0.012
Alex Iafallo,WPG,8480113,3,-0.007994064129889011,-0.006172513589262962,0,-0.028,0.012
Alex Iafallo,WPG,8480113,4,-0.007994644343852997,-0.006172513589262962,0,-0.028,0.012
Alex Iafallo,WPG,8480113,5,-0.007994434796273708,-0.006172513589262962,0,-0.028,0.012
Alex Iafallo,WPG,8480113,6,-0.007994292303919792,-0.006172513589262962,0,-0.028,0.012
Alex Iafallo,WPG,8480113,7,-0.007994203828275204,-0.006172513589262962,0,-0.028,0.012
Alex Iafallo,WPG,8480113,8,-0.007994209416210651,-0.006172513589262962,0,-0.028,0.012
Nikita Chibrikov,WPG,8482787,0,0.001783411717042327,0.0017385499086230993,0,-0.0182,0.0218
Nikita Chibrikov,WPG,8482787,1,0.0017840024083852768,0.0017385499086230993,0,-0.0182,0.0218
Nikita Chibrikov,WPG,8482787,2,0.0017845681868493557,0.0017385499086230993,0,-0.0182,0.0218
Nikita Chibrikov,WPG,8482787,3,0.0017845164984464645,0.0017385499086230993,0,-0.0182,0.0218
Nikita Chibrikov,WPG,8482787,4,0.0017839573556557298,0.0017385499086230993,0,-0.0182,0.0218
Nikita Chibrikov,WPG,8482787,5,0.0017841821536421776,0.0017385499086230993,0,-0.0182,0.0218
Nikita Chibrikov,WPG,8482787,6,0.0017843322129920125,0.0017385499086230993,0,-0.0182,0.0218
Nikita Chibrikov,WPG,8482787,7,0.001784429419785738,0.0017385499086230993,0,-0.0182,0.0218
Nikita Chibrikov,WPG,8482787,8,0.0017844239482656121,0.0017385499086230993,0,-0.0182,0.0218
Cole Perfetti,WPG,8482149,0,0.005179520696401596,0.0038697966374456882,0,-0.0148,0.0252
Cole Perfetti,WPG,8482149,1,0.005180120002478361,0.0038697966374456882,0,-0.0148,0.0252
Cole Perfetti,WPG,8482149,2,0.0051806909032166,0.0038697966374456882,0,-0.0148,0.0252
Cole Perfetti,WPG,8482149,3,0.005180646665394306,0.0038697966374456882,0,-0.0148,0.0252
Cole Perfetti,WPG,8482149,4,0.0051800902001559734,0.0038697966374456882,0,-0.0148,0.0252
Cole Perfetti,WPG,8482149,5,0.005180320702493191,0.0038697966374456882,0,-0.0148,0.0252
Cole Perfetti,WPG,8482149,6,0.005180471111088991,0.0038697966374456882,0,-0.0148,0.0252
Cole Perfetti,WPG,8482149,7,0.00518057169392705,0.0038697966374456882,0,-0.0148,0.0252
Cole Perfetti,WPG,8482149,8,0.005180565640330315,0.0038697966374456882,0,-0.0148,0.0252
Brad Lambert,WPG,8483471,0,-0.0038340813480317593,-0.002636104356497526,0,-0.0238,0.0162
Brad Lambert,WPG,8483471,1,-0.0038335116114467382,-0.002636104356497526,0,-0.0238,0.0162
Brad Lambert,WPG,8483471,2,-0.0038329653907567263,-0.002636104356497526,0,-0.0238,0.0162
Brad Lambert,WPG,8483471,3,-0.0038330324459820986,-0.002636104356497526,0,-0.0238,0.0162
Brad Lambert,WPG,8483471,4,-0.0038336054421961308,-0.002636104356497526,0,-0.0238,0.0162
Brad Lambert,WPG,8483471,5,-0.0038333905395120382,-0.002636104356497526,0,-0.0238,0.0162
Brad Lambert,WPG,8483471,6,-0.003833248047158122,-0.002636104356497526,0,-0.0238,0.0162
Brad Lambert,WPG,8483471,7,-0.003833154682070017,-0.002636104356497526,0,-0.0238,0.0162
Brad Lambert,WPG,8483471,8,-0.0038331616669893265,-0.002636104356497526,0,-0.0238,0.0162
Dylan Coghlan,VGK,8479639,0,-0.001729518175125122,-0.0016898972680792212,0,-0.0217,0.0183
Dylan Coghlan,VGK,8479639,1,-0.001728942384943366,-0.0016898972680792212,0,-0.0217,0.0183
Dylan Coghlan,VGK,8479639,2,-0.001728390110656619,-0.0016898972680792212,0,-0.0217,0.0183
Dylan Coghlan,VGK,8479639,3,-0.0017284526256844401,-0.0016898972680792212,0,-0.0217,0.0183
Dylan Coghlan,VGK,8479639,4,-0.0017290211981162429,-0.0016898972680792212,0,-0.0217,0.0183
Dylan Coghlan,VGK,8479639,5,-0.0017288036178797483,-0.0016898972680792212,0,-0.0217,0.0183
Dylan Coghlan,VGK,8479639,6,-0.0017286584479734302,-0.0016898972680792212,0,-0.0217,0.0183
Dylan Coghlan,VGK,8479639,7,-0.0017285642679780722,-0.0016898972680792212,0,-0.0217,0.0183
Dylan Coghlan,VGK,8479639,8,-0.0017285707872360945,-0.0016898972680792212,0,-0.0217,0.0183
Yakov Trenin,MIN,8478508,0,-0.003426771843805909,-0.002480096183717251,0,-0.0234,0.0166
Yakov Trenin,MIN,8478508,1,-0.0034262011758983135,-0.002480096183717251,0,-0.0234,0.0166
Yakov Trenin,MIN,8478508,2,-0.0034256549552083015,-0.002480096183717251,0,-0.0234,0.0166
Yakov Trenin,MIN,8478508,3,-0.003425720613449812,-0.002480096183717251,0,-0.0234,0.0166
Yakov Trenin,MIN,8478508,4,-0.0034262938424944878,-0.002480096183717251,0,-0.0234,0.0166
Yakov Trenin,MIN,8478508,5,-0.003426077077165246,-0.002480096183717251,0,-0.0234,0.0166
Yakov Trenin,MIN,8478508,6,-0.0034259355161339045,-0.002480096183717251,0,-0.0234,0.0166
Yakov Trenin,MIN,8478508,7,-0.0034258412197232246,-0.002480096183717251,0,-0.0234,0.0166
Yakov Trenin,MIN,8478508,8,-0.0034258489031344652,-0.002480096183717251,0,-0.0234,0.0166
Colin Miller,WPG,8476525,0,0.0009430699865333736,0.001135149854235351,0,-0.0191,0.0209
Colin Miller,WPG,8476525,1,0.0009436606196686625,0.001135149854235351,0,-0.0191,0.0209
Colin Miller,WPG,8476525,2,0.0009442254086025059,0.001135149854235351,0,-0.0191,0.0209
Colin Miller,WPG,8476525,3,0.0009441739530302584,0.001135149854235351,0,-0.0191,0.0209
Colin Miller,WPG,8476525,4,0.0009436139953322709,0.001135149854235351,0,-0.0191,0.0209
Colin Miller,WPG,8476525,5,0.0009438387933187187,0.001135149854235351,0,-0.0191,0.0209
Colin Miller,WPG,8476525,6,0.0009439883870072663,0.001135149854235351,0,-0.0191,0.0209
Colin Miller,WPG,8476525,7,0.0009440857684239745,0.001135149854235351,0,-0.0191,0.0209
Colin Miller,WPG,8476525,8,0.0009440802386961877,0.001135149854235351,0,-0.0191,0.0209
Ben Jones,MIN,8480259,0,0.0019315300742164254,0.00188658747356385,0,-0.0181,0.0219
Ben Jones,MIN,8480259,1,0.001932122278958559,0.00188658747356385,0,-0.0181,0.0219
Ben Jones,MIN,8480259,2,0.0019326884066686034,0.00188658747356385,0,-0.0181,0.0219
Ben Jones,MIN,8480259,3,0.001932637533172965,0.00188658747356385,0,-0.0181,0.0219
Ben Jones,MIN,8480259,4,0.0019320787396281958,0.00188658747356385,0,-0.0181,0.0219
Ben Jones,MIN,8480259,5,0.0019323040032759309,0.00188658747356385,0,-0.0181,0.0219
Ben Jones,MIN,8480259,6,0.001932454644702375,0.00188658747356385,0,-0.0181,0.0219
Ben Jones,MIN,8480259,7,0.0019325519679114223,0.00188658747356385,0,-0.0181,0.0219
Ben Jones,MIN,8480259,8,0.0019325468456372619,0.00188658747356385,0,-0.0181,0.0219
Marat Khusnutdinov,BOS,8482177,0,0.0004477236361708492,0.0012586457887664437,0,-0.0196,0.0204
Marat Khusnutdinov,BOS,8482177,1,0.00044831051491200924,0.0012586457887664437,0,-0.0196,0.0204
Marat Khusnutdinov,BOS,8482177,2,0.00044887204421684146,0.0012586457887664437,0,-0.0196,0.0204
Marat Khusnutdinov,BOS,8482177,3,0.00044881762005388737,0.0012586457887664437,0,-0.0196,0.0204
Marat Khusnutdinov,BOS,8482177,4,0.0004482553922571242,0.0012586457887664437,0,-0.0196,0.0204
Marat Khusnutdinov,BOS,8482177,5,0.00044847847311757505,0.0012586457887664437,0,-0.0196,0.0204
Marat Khusnutdinov,BOS,8482177,6,0.0004486266407184303,0.0012586457887664437,0,-0.0196,0.0204
Marat Khusnutdinov,BOS,8482177,7,0.00044872352737002075,0.0012586457887664437,0,-0.0196,0.0204
Marat Khusnutdinov,BOS,8482177,8,0.0004487175610847771,0.0012586457887664437,0,-0.0196,0.0204
Jake Middleton,MIN,8478136,0,-0.0012558234157040715,-0.000863910187035799,0,-0.0213,0.0187
Jake Middleton,MIN,8478136,1,-0.001255244598723948,-0.000863910187035799,0,-0.0213,0.0187
Jake Middleton,MIN,8478136,2,-0.0012546895304694772,-0.000863910187035799,0,-0.0213,0.0187
Jake Middleton,MIN,8478136,3,-0.0012547498336061835,-0.000863910187035799,0,-0.0213,0.0187
Jake Middleton,MIN,8478136,4,-0.0012553166598081589,-0.000863910187035799,0,-0.0213,0.0187
Jake Middleton,MIN,8478136,5,-0.0012550971005111933,-0.000863910187035799,0,-0.0213,0.0187
Jake Middleton,MIN,8478136,6,-0.001254951348528266,-0.000863910187035799,0,-0.0213,0.0187
Jake Middleton,MIN,8478136,7,-0.0012548562372103333,-0.000863910187035799,0,-0.0213,0.0187
Jake Middleton,MIN,8478136,8,-0.0012548626400530338,-0.000863910187035799,0,-0.0213,0.0187
Mason Appleton,DET,8478891,0,-0.0004419020551722497,-0.000291904405457899,0,-0.0204,0.0196
Mason Appleton,DET,8478891,1,-0.00044132221955806017,-0.000291904405457899,0,-0.0204,0.0196
Mason Appleton,DET,8478891,2,-0.0004407667147461325,-0.000291904405457899,0,-0.0204,0.0196
Mason Appleton,DET,8478891,3,-0.0004408262320794165,-0.000291904405457899,0,-0.0204,0.0196
Mason Appleton,DET,8478891,4,-0.0004413927090354264,-0.000291904405457899,0,-0.0204,0.0196
Mason Appleton,DET,8478891,5,-0.0004411728004924953,-0.000291904405457899,0,-0.0204,0.0196
Mason Appleton,DET,8478891,6,-0.0004410269029904157,-0.000291904405457899,0,-0.0204,0.0196
Mason Appleton,DET,8478891,7,-0.00044093155884183943,-0.000291904405457899,0,-0.0204,0.0196
Mason Appleton,DET,8478891,8,-0.0004409379616845399,-0.000291904405457899,0,-0.0204,0.0196
Brayden Yager,WPG,8484242,0,-0.00016471542767249048,-0.0002088779874611646,0,-0.0202,0.0198
Brayden Yager,WPG,8484242,1,-0.00016413279809057713,-0.0002088779874611646,0,-0.0202,0.0198
Brayden Yager,WPG,8484242,2,-0.00016357458662241697,-0.0002088779874611646,0,-0.0202,0.0198
Brayden Yager,WPG,8484242,3,-0.0001636320084799081,-0.0002088779874611646,0,-0.0202,0.0198
Brayden Yager,WPG,8484242,4,-0.00016419666644651443,-0.0002088779874611646,0,-0.0202,0.0198
Brayden Yager,WPG,8484242,5,-0.00016397547733504325,-0.0002088779874611646,0,-0.0202,0.0198
Brayden Yager,WPG,8484242,6,-0.00016382845933549106,-0.0002088779874611646,0,-0.0202,0.0198
Brayden Yager,WPG,8484242,7,-0.00016373263497371227,-0.0002088779874611646,0,-0.0202,0.0198
Brayden Yager,WPG,8484242,8,-0.00016373867401853204,-0.0002088779874611646,0,-0.0202,0.0198
Michael Carcone,UTA,8479619,0,0.010217627510428429,0.005782439839094877,0,-0.0098,0.0302
Michael Carcone,UTA,8479619,1,0.010204349644482136,0.005782439839094877,0,-0.0098,0.0302
Michael Carcone,UTA,8479619,2,0.01019104104489088,0.005782439839094877,1,-0.0098,0.0302
Michael Carcone,UTA,8479619,3,0.010191007517278194,0.005782439839094877,0,-0.0098,0.0302
Michael Carcone,UTA,8479619,4,0.010190457105636597,0.005782439839094877,0,-0.0098,0.0302
Michael Carcone,UTA,8479619,5,0.010190696455538273,0.005782439839094877,0,-0.0098,0.0302
Michael Carcone,UTA,8479619,6,0.010190850123763084,0.005782439839094877,0,-0.0098,0.0302
Michael Carcone,UTA,8479619,7,0.010190954431891441,0.005782439839094877,0,-0.0098,0.0302
Michael Carcone,UTA,8479619,8,0.010190947912633419,0.005782439839094877,0,-0.0098,0.0302
Lawson Crouse,UTA,8478474,0,-0.010002687573432922,-0.0060799578204751015,0,-0.03,0.01
Lawson Crouse,UTA,8478474,1,-0.010040118359029293,-0.0060799578204751015,3,-0.0215,0.0015
Lawson Crouse,UTA,8478474,2,-0.01003958284854889,-0.0060799578204751015,0,-0.03,0.01
Lawson Crouse,UTA,8478474,3,-0.010039661079645157,-0.0060799578204751015,0,-0.03,0.01
Lawson Crouse,UTA,8478474,4,-0.010040241293609142,-0.0060799578204751015,0,-0.03,0.01
Lawson Crouse,UTA,8478474,5,-0.010040034539997578,-0.0060799578204751015,0,-0.03,0.01
Lawson Crouse,UTA,8478474,6,-0.010039892047643661,-0.0060799578204751015,0,-0.03,0.01
Lawson Crouse,UTA,8478474,7,-0.010039810091257095,-0.0060799578204751015,0,-0.03,0.01
Lawson Crouse,UTA,8478474,8,-0.010039811953902245,-0.0060799578204751015,0,-0.03,0.01
Justin Kipkie,MIN,8484434,0,-0.0002048978058155626,-0.0002490804181434214,0,-0.0202,0.0198
Justin Kipkie,MIN,8484434,1,-0.00020431507437024266,-0.0002490804181434214,0,-0.0202,0.0198
Justin Kipkie,MIN,8484434,2,-0.00020375658641569316,-0.0002490804181434214,0,-0.0202,0.0198
Justin Kipkie,MIN,8484434,3,-0.00020381383365020156,-0.0002490804181434214,0,-0.0202,0.0198
Justin Kipkie,MIN,8484434,4,-0.0002043783024419099,-0.0002490804181434214,0,-0.0202,0.0198
Justin Kipkie,MIN,8484434,5,-0.00020415705512277782,-0.0002490804181434214,0,-0.0202,0.0198
Justin Kipkie,MIN,8484434,6,-0.00020400999346747994,-0.0002490804181434214,0,-0.0202,0.0198
Justin Kipkie,MIN,8484434,7,-0.00020391402358654886,-0.0002490804181434214,0,-0.0202,0.0198
Justin Kipkie,MIN,8484434,8,-0.00020392012083902955,-0.0002490804181434214,0,-0.0202,0.0198
Tanner Pearson,WPG,8476871,0,0.003877297043800354,0.003942523151636124,0,-0.0161,0.0239
Tanner Pearson,WPG,8476871,1,0.003877899143844843,0.003942523151636124,0,-0.0161,0.0239
Tanner Pearson,WPG,8476871,2,0.003878474235534668,0.003942523151636124,0,-0.0161,0.0239
Tanner Pearson,WPG,8476871,3,0.0038784302305430174,0.003942523151636124,0,-0.0161,0.0239
Tanner Pearson,WPG,8476871,4,0.0038778786547482014,0.003942523151636124,0,-0.0161,0.0239
Tanner Pearson,WPG,8476871,5,0.003878107527270913,0.003942523151636124,0,-0.0161,0.0239
Tanner Pearson,WPG,8476871,6,0.003878262359648943,0.003942523151636124,0,-0.0161,0.0239
Tanner Pearson,WPG,8476871,7,0.0038783608470112085,0.003942523151636124,0,-0.0161,0.0239
Tanner Pearson,WPG,8476871,8,0.0038783573545515537,0.003942523151636124,0,-0.0161,0.0239
Elias Pettersson,VAN,8480012,0,-0.013185949996113777,-0.008913377299904823,0,-0.0332,0.0068
Elias Pettersson,VAN,8480012,1,-0.013185407966375351,-0.008913377299904823,0,-0.0332,0.0068
Elias Pettersson,VAN,8480012,2,-0.013184874318540096,-0.008913377299904823,0,-0.0332,0.0068
Elias Pettersson,VAN,8480012,3,-0.013184965588152409,-0.008913377299904823,0,-0.0332,0.0068
Elias Pettersson,VAN,8480012,4,-0.01318554487079382,-0.008913377299904823,0,-0.0332,0.0068
Elias Pettersson,VAN,8480012,5,-0.013185345567762852,-0.008913377299904823,0,-0.0332,0.0068
Elias Pettersson,VAN,8480012,6,-0.013185208663344383,-0.008913377299904823,0,-0.0332,0.0068
Elias Pettersson,VAN,8480012,7,-0.01318512111902237,-0.008913377299904823,0,-0.0332,0.0068
Elias Pettersson,VAN,8480012,8,-0.013185128569602966,-0.008913377299904823,0,-0.0332,0.0068
Brock Boeser,VAN,8478444,0,-0.0034313895739614964,-0.0015994699206203222,0,-0.0234,0.0166
Brock Boeser,VAN,8478444,1,-0.00343081122264266,-0.0015994699206203222,0,-0.0234,0.0166
Brock Boeser,VAN,8478444,2,-0.00343025429174304,-0.0015994699206203222,0,-0.0234,0.0166
Brock Boeser,VAN,8478444,3,-0.0034303150605410337,-0.0015994699206203222,0,-0.0234,0.0166
Brock Boeser,VAN,8478444,4,-0.0034308801405131817,-0.0015994699206203222,0,-0.0234,0.0166
Brock Boeser,VAN,8478444,5,-0.003430661279708147,-0.0015994699206203222,0,-0.0234,0.0166
Brock Boeser,VAN,8478444,6,-0.0034305148292332888,-0.0015994699206203222,0,-0.0234,0.0166
Brock Boeser,VAN,8478444,7,-0.003430419135838747,-0.0015994699206203222,0,-0.0234,0.0166
Brock Boeser,VAN,8478444,8,-0.003430426586419344,-0.0015994699206203222,0,-0.0234,0.0166
Filip Hronek,VAN,8479425,0,-0.007119885180145502,-0.004581867717206478,0,-0.0271,0.0129
Filip Hronek,VAN,8479425,1,-0.007119328249245882,-0.004581867717206478,0,-0.0271,0.0129
Filip Hronek,VAN,8479425,2,-0.00711878901347518,-0.004581867717206478,0,-0.0271,0.0129
Filip Hronek,VAN,8479425,3,-0.0071188658475875854,-0.004581867717206478,0,-0.0271,0.0129
Filip Hronek,VAN,8479425,4,-0.007119444198906422,-0.004581867717206478,0,-0.0271,0.0129
Filip Hronek,VAN,8479425,5,-0.007119234651327133,-0.004581867717206478,0,-0.0271,0.0129
Filip Hronek,VAN,8479425,6,-0.007119095418602228,-0.004581867717206478,0,-0.0271,0.0129
Filip Hronek,VAN,8479425,7,-0.007119005545973778,-0.004581867717206478,0,-0.0271,0.0129
Filip Hronek,VAN,8479425,8,-0.007119010668247938,-0.004581867717206478,0,-0.0271,0.0129
Georgii Merkulov,BOS,8483567,0,-0.00011112527863588184,-0.00015533222176600248,0,-0.0201,0.0199
Georgii Merkulov,BOS,8483567,1,-0.00011054212518502027,-0.00015533222176600248,0,-0.0201,0.0199
Georgii Merkulov,BOS,8483567,2,-0.00010998346988344565,-0.00015533222176600248,0,-0.0201,0.0199
Georgii Merkulov,BOS,8483567,3,-0.00011004048428731039,-0.00015533222176600248,0,-0.0201,0.0199
Georgii Merkulov,BOS,8483567,4,-0.00011060480028390884,-0.00015533222176600248,0,-0.0201,0.0199
Georgii Merkulov,BOS,8483567,5,-0.00011038336378987879,-0.00015533222176600248,0,-0.0201,0.0199
Georgii Merkulov,BOS,8483567,6,-0.00011023621482308954,-0.00015533222176600248,0,-0.0201,0.0199
Georgii Merkulov,BOS,8483567,7,-0.000110140215838328,-0.00015533222176600248,0,-0.0201,0.0199
Georgii Merkulov,BOS,8483567,8,-0.00011014630581485108,-0.00015533222176600248,0,-0.0201,0.0199
Matthew Poitras,BOS,8483505,0,-0.0008801986696198583,-0.0008240519091486931,0,-0.0209,0.0191
Matthew Poitras,BOS,8483505,1,-0.0008796190959401429,-0.0008240519091486931,0,-0.0209,0.0191
Matthew Poitras,BOS,8483505,2,-0.0008790634456090629,-0.0008240519091486931,0,-0.0209,0.0191
Matthew Poitras,BOS,8483505,3,-0.0008791229338385165,-0.0008240519091486931,0,-0.0209,0.0191
Matthew Poitras,BOS,8483505,4,-0.0008796892361715436,-0.0008240519091486931,0,-0.0209,0.0191
Matthew Poitras,BOS,8483505,5,-0.0008794697350822389,-0.0008240519091486931,0,-0.0209,0.0191
Matthew Poitras,BOS,8483505,6,-0.0008793234592303634,-0.0008240519091486931,0,-0.0209,0.0191
Matthew Poitras,BOS,8483505,7,-0.0008792284643277526,-0.0008240519091486931,0,-0.0209,0.0191
Matthew Poitras,BOS,8483505,8,-0.0008792343433015049,-0.0008240519091486931,0,-0.0209,0.0191
Mason Lohrei,BOS,8482511,0,0.0012303945841267705,0.00031061298795975745,0,-0.0188,0.0212
Mason Lohrei,BOS,8482511,1,0.0012309809681028128,0.00031061298795975745,0,-0.0188,0.0212
Mason Lohrei,BOS,8482511,2,0.0012315423227846622,0.00031061298795975745,0,-0.0188,0.0212
Mason Lohrei,BOS,8482511,3,0.00123148737475276,0.00031061298795975745,0,-0.0188,0.0212
Mason Lohrei,BOS,8482511,4,0.0012309253215789795,0.00031061298795975745,0,-0.0188,0.0212
Mason Lohrei,BOS,8482511,5,0.0012311477912589908,0.00031061298795975745,0,-0.0188,0.0212
Mason Lohrei,BOS,8482511,6,0.001231296337209642,0.00031061298795975745,0,-0.0188,0.0212
Mason Lohrei,BOS,8482511,7,0.0012313927290961146,0.00031061298795975745,0,-0.0188,0.0212
Mason Lohrei,BOS,8482511,8,0.0012313872575759888,0.00031061298795975745,0,-0.0188,0.0212
Vinni Lettieri,TOR,8479968,0,-0.0011184534523636103,-0.0011485725408419967,0,-0.0211,0.0189
Vinni Lettieri,TOR,8479968,1,-0.0011178753338754177,-0.0011485725408419967,0,-0.0211,0.0189
Vinni Lettieri,TOR,8479968,2,-0.0011173210805281997,-0.0011485725408419967,0,-0.0211,0.0189
Vinni Lettieri,TOR,8479968,3,-0.001117381383664906,-0.0011485725408419967,0,-0.0211,0.0189
Vinni Lettieri,TOR,8479968,4,-0.0011179496068507433,-0.0011485725408419967,0,-0.0211,0.0189
Vinni Lettieri,TOR,8479968,5,-0.0011177295818924904,-0.0011485725408419967,0,-0.0211,0.0189
Vinni Lettieri,TOR,8479968,6,-0.0011175847612321377,-0.0011485725408419967,0,-0.0211,0.0189
Vinni Lettieri,TOR,8479968,7,-0.0011174894170835614,-0.0011485725408419967,0,-0.0211,0.0189
Vinni Lettieri,TOR,8479968,8,-0.0011174962855875492,-0.0011485725408419967,0,-0.0211,0.0189
Scott Laughton,TOR,8476872,0,0.002062739571556449,0.0005366483237594366,1,-0.0179,0.0221
Scott Laughton,TOR,8476872,1,0.0020592662040144205,0.0005366483237594366,1,-0.0179,0.0221
Scott Laughton,TOR,8476872,2,0.002059828955680132,0.0005366483237594366,0,-0.0179,0.0221
Scott Laughton,TOR,8476872,3,0.002059773076325655,0.0005366483237594366,0,-0.0179,0.0221
Scott Laughton,TOR,8476872,4,0.002059211954474449,0.0005366483237594366,0,-0.0179,0.0221
Scott Laughton,TOR,8476872,5,0.0020594343077391386,0.0005366483237594366,0,-0.0179,0.0221
Scott Laughton,TOR,8476872,6,0.0020595828536897898,0.0005366483237594366,0,-0.0179,0.0221
Scott Laughton,TOR,8476872,7,0.002059679478406906,0.0005366483237594366,0,-0.0179,0.0221
Scott Laughton,TOR,8476872,8,0.002059673424810171,0.0005366483237594366,0,-0.0179,0.0221
Ryan Poehling,ANA,8480068,0,-0.005658590234816074,-0.004346746020019054,0,-0.0257,0.0143
Ryan Poehling,ANA,8480068,1,-0.005661584436893463,-0.004346746020019054,1,-0.0257,0.0143
Ryan Poehling,ANA,8480068,2,-0.005661043804138899,-0.004346746020019054,0,-0.0257,0.0143
Ryan Poehling,ANA,8480068,3,-0.005661118775606155,-0.004346746020019054,0,-0.0257,0.0143
Ryan Poehling,ANA,8480068,4,-0.005661694798618555,-0.004346746020019054,0,-0.0257,0.0143
Ryan Poehling,ANA,8480068,5,-0.005661484785377979,-0.004346746020019054,0,-0.0257,0.0143
Ryan Poehling,ANA,8480068,6,-0.005661344155669212,-0.004346746020019054,0,-0.0257,0.0143
Ryan Poehling,ANA,8480068,7,-0.005661253817379475,-0.004346746020019054,0,-0.0257,0.0143
Ryan Poehling,ANA,8480068,8,-0.005661260336637497,-0.004346746020019054,0,-0.0257,0.0143
Ivan Provorov,CBJ,8478500,0,-0.0016800997545942664,9.685793338576332e-05,0,-0.0217,0.0183
Ivan Provorov,CBJ,8478500,1,-0.0016795172123238444,9.685793338576332e-05,0,-0.0217,0.0183
Ivan Provorov,CBJ,8478500,2,-0.0016789583023637533,9.685793338576332e-05,0,-0.0217,0.0183
Ivan Provorov,CBJ,8478500,3,-0.0016790161607787013,9.685793338576332e-05,0,-0.0217,0.0183
Ivan Provorov,CBJ,8478500,4,-0.0016795798437669873,9.685793338576332e-05,0,-0.0217,0.0183
Ivan Provorov,CBJ,8478500,5,-0.0016793590039014816,9.685793338576332e-05,0,-0.0217,0.0183
Ivan Provorov,CBJ,8478500,6,-0.0016792118549346924,9.685793338576332e-05,0,-0.0217,0.0183
Ivan Provorov,CBJ,8478500,7,-0.001679115928709507,9.685793338576332e-05,0,-0.0217,0.0183
Ivan Provorov,CBJ,8478500,8,-0.001679121982306242,9.685793338576332e-05,0,-0.0217,0.0183
Viktor Neuchev,CAR,8483496,0,-0.0002469189348630607,-0.0002910646144300699,0,-0.0202,0.0198
Viktor Neuchev,CAR,8483496,1,-0.00024633650900796056,-0.0002910646144300699,0,-0.0202,0.0198
Viktor Neuchev,CAR,8483496,2,-0.00024577847216278315,-0.0002910646144300699,0,-0.0202,0.0198
Viktor Neuchev,CAR,8483496,3,-0.0002458360977470875,-0.0002910646144300699,0,-0.0202,0.0198
Viktor Neuchev,CAR,8483496,4,-0.000246400770265609,-0.0002910646144300699,0,-0.0202,0.0198
Viktor Neuchev,CAR,8483496,5,-0.0002461797557771206,-0.0002910646144300699,0,-0.0202,0.0198
Viktor Neuchev,CAR,8483496,6,-0.000246032839640975,-0.0002910646144300699,0,-0.0202,0.0198
Viktor Neuchev,CAR,8483496,7,-0.00024593708803877234,-0.0002910646144300699,0,-0.0202,0.0198
Viktor Neuchev,CAR,8483496,8,-0.0002459431125316769,-0.0002910646144300699,0,-0.0202,0.0198
Josh Dunne,BUF,8482623,0,0.00205264613032341,0.0020076369401067495,0,-0.0179,0.0221
Josh Dunne,BUF,8482623,1,0.0020532384514808655,0.0020076369401067495,0,-0.0179,0.0221
Josh Dunne,BUF,8482623,2,0.00205380585975945,0.0020076369401067495,0,-0.0179,0.0221
Josh Dunne,BUF,8482623,3,0.002053755335509777,0.0020076369401067495,0,-0.0179,0.0221
Josh Dunne,BUF,8482623,4,0.0020531974732875824,0.0020076369401067495,0,-0.0179,0.0221
Josh Dunne,BUF,8482623,5,0.0020534228533506393,0.0020076369401067495,0,-0.0179,0.0221
Josh Dunne,BUF,8482623,6,0.002053573727607727,0.0020076369401067495,0,-0.0179,0.0221
Josh Dunne,BUF,8482623,7,0.002053671283647418,0.0020076369401067495,0,-0.0179,0.0221
Josh Dunne,BUF,8482623,8,0.0020536663942039013,0.0020076369401067495,0,-0.0179,0.0221
Kent Johnson,CBJ,8482660,0,-0.0011871004244312644,-0.0006290729506872594,0,-0.0212,0.0188
Kent Johnson,CBJ,8482660,1,-0.0011865193955600262,-0.0006290729506872594,0,-0.0212,0.0188
Kent Johnson,CBJ,8482660,2,-0.001185961882583797,-0.0006290729506872594,0,-0.0212,0.0188
Kent Johnson,CBJ,8482660,3,-0.001186020439490676,-0.0006290729506872594,0,-0.0212,0.0188
Kent Johnson,CBJ,8482660,4,-0.0011865856358781457,-0.0006290729506872594,0,-0.0212,0.0188
Kent Johnson,CBJ,8482660,5,-0.0011863650288432837,-0.0006290729506872594,0,-0.0212,0.0188
Kent Johnson,CBJ,8482660,6,-0.0011862183455377817,-0.0006290729506872594,0,-0.0212,0.0188
Kent Johnson,CBJ,8482660,7,-0.00118612265214324,-0.0006290729506872594,0,-0.0212,0.0188
Kent Johnson,CBJ,8482660,8,-0.0011861289385706186,-0.0006290729506872594,0,-0.0212,0.0188
Vsevolod Komarov,BUF,8483732,0,-0.00013055202725809067,-0.00017474569904152304,0,-0.0201,0.0199
Vsevolod Komarov,BUF,8483732,1,-0.00012996906298212707,-0.00017474569904152304,0,-0.0201,0.0199
Vsevolod Komarov,BUF,8483732,2,-0.0001294105313718319,-0.00017474569904152304,0,-0.0201,0.0199
Vsevolod Komarov,BUF,8483732,3,-0.00012946766219101846,-0.00017474569904152304,0,-0.0201,0.0199
Vsevolod Komarov,BUF,8483732,4,-0.00013003204367123544,-0.00017474569904152304,0,-0.0201,0.0199
Vsevolod Komarov,BUF,8483732,5,-0.00012981075269635767,-0.00017474569904152304,0,-0.0201,0.0199
Vsevolod Komarov,BUF,8483732,6,-0.00012966360372956842,-0.00017474569904152304,0,-0.0201,0.0199
Vsevolod Komarov,BUF,8483732,7,-0.00012956767750438303,-0.00017474569904152304,0,-0.0201,0.0199
Vsevolod Komarov,BUF,8483732,8,-0.0001295737165492028,-0.00017474569904152304,0,-0.0201,0.0199
Bradly Nadeau,CAR,8484203,0,0.0026309450622648,0.0015261797234416008,0,-0.0174,0.0226
Bradly Nadeau,CAR,8484203,1,0.0026315366849303246,0.0015261797234416008,0,-0.0174,0.0226
Bradly Nadeau,CAR,8484203,2,0.002632102696225047,0.0015261797234416008,0,-0.0174,0.0226
Bradly Nadeau,CAR,8484203,3,0.0026320514734834433,0.0015261797234416008,0,-0.0174,0.0226
Bradly Nadeau,CAR,8484203,4,0.0026314924471080303,0.0015261797234416008,0,-0.0174,0.0226
Bradly Nadeau,CAR,8484203,5,0.0026317178271710873,0.0015261797234416008,0,-0.0174,0.0226
Bradly Nadeau,CAR,8484203,6,0.0026318675372749567,0.0015261797234416008,0,-0.0174,0.0226
Bradly Nadeau,CAR,8484203,7,0.0026319657918065786,0.0015261797234416008,0,-0.0174,0.0226
Bradly Nadeau,CAR,8484203,8,0.0026319599710404873,0.0015261797234416008,0,-0.0174,0.0226
Jack Drury,COL,8480835,0,-0.00471003632992506,-0.003428037976846099,0,-0.0247,0.0153
Jack Drury,COL,8480835,1,-0.0047094691544771194,-0.003428037976846099,0,-0.0247,0.0153
Jack Drury,COL,8480835,2,-0.004708922002464533,-0.003428037976846099,0,-0.0247,0.0153
Jack Drury,COL,8480835,3,-0.004708991385996342,-0.003428037976846099,0,-0.0247,0.0153
Jack Drury,COL,8480835,4,-0.004709562752395868,-0.003428037976846099,0,-0.0247,0.0153
Jack Drury,COL,8480835,5,-0.004709349013864994,-0.003428037976846099,0,-0.0247,0.0153
Jack Drury,COL,8480835,6,-0.004709206987172365,-0.003428037976846099,0,-0.0247,0.0153
Jack Drury,COL,8480835,7,-0.004709113389253616,-0.003428037976846099,0,-0.0247,0.0153
Jack Drury,COL,8480835,8,-0.0047091213054955006,-0.003428037976846099,0,-0.0247,0.0153
Eetu Luostarinen,FLA,8480185,0,-0.006977772805839777,-0.004506372846662998,0,-0.027,0.013
Eetu Luostarinen,FLA,8480185,1,-0.006977214012295008,-0.004506372846662998,0,-0.027,0.013
Eetu Luostarinen,FLA,8480185,2,-0.006976672913879156,-0.004506372846662998,0,-0.027,0.013
Eetu Luostarinen,FLA,8480185,3,-0.0069767483510077,-0.004506372846662998,0,-0.027,0.013
Eetu Luostarinen,FLA,8480185,4,-0.006977326236665249,-0.004506372846662998,0,-0.027,0.013
Eetu Luostarinen,FLA,8480185,5,-0.006977115757763386,-0.004506372846662998,0,-0.027,0.013
Eetu Luostarinen,FLA,8480185,6,-0.006976975593715906,-0.004506372846662998,0,-0.027,0.013
Eetu Luostarinen,FLA,8480185,7,-0.006976884789764881,-0.004506372846662998,0,-0.027,0.013
Eetu Luostarinen,FLA,8480185,8,-0.006976891774684191,-0.004506372846662998,0,-0.027,0.013
Ty Smith,,8480883,0,0.0023204258177429438,0.002275119535624981,0,-0.0177,0.0223
Ty Smith,,8480883,1,0.0023210220970213413,0.002275119535624981,0,-0.0177,0.0223
Ty Smith,,8480883,2,0.0023215929977595806,0.002275119535624981,0,-0.0177,0.0223
Ty Smith,,8480883,3,0.002321545034646988,0.002275119535624981,0,-0.0177,0.0223
Ty Smith,,8480883,4,0.002320988569408655,0.002275119535624981,0,-0.0177,0.0223
Ty Smith,,8480883,5,0.0023212155792862177,0.002275119535624981,0,-0.0177,0.0223
Ty Smith,,8480883,6,0.002321368083357811,0.002275119535624981,0,-0.0177,0.0223
Ty Smith,,8480883,7,0.0023214661050587893,0.002275119535624981,0,-0.0177,0.0223
Ty Smith,,8480883,8,0.0023214612156152725,0.002275119535624981,0,-0.0177,0.0223
Ryan Tverberg,TOR,8482525,0,-0.000530934426933527,-0.0005750173004344106,0,-0.0205,0.0195
Ryan Tverberg,TOR,8482525,1,-0.0005303528159856796,-0.0005750173004344106,0,-0.0205,0.0195
Ryan Tverberg,TOR,8482525,2,-0.0005297953612171113,-0.0005750173004344106,0,-0.0205,0.0195
Ryan Tverberg,TOR,8482525,3,-0.0005298536852933466,-0.0005750173004344106,0,-0.0205,0.0195
Ryan Tverberg,TOR,8482525,4,-0.0005304185906425118,-0.0005750173004344106,0,-0.0205,0.0195
Ryan Tverberg,TOR,8482525,5,-0.0005301980418153107,-0.0005750173004344106,0,-0.0205,0.0195
Ryan Tverberg,TOR,8482525,6,-0.0005300513003021479,-0.0005750173004344106,0,-0.0205,0.0195
Ryan Tverberg,TOR,8482525,7,-0.000529955665115267,-0.0005750173004344106,0,-0.0205,0.0195
Ryan Tverberg,TOR,8482525,8,-0.000529961776919663,-0.0005750173004344106,0,-0.0205,0.0195
Nick Suzuki,MTL,8480018,0,0.013573724776506424,0.0055481926538050175,0,-0.0064,0.0336
Nick Suzuki,MTL,8480018,1,0.01369514036923647,0.0055481926538050175,1,-0.0063,0.0337
Nick Suzuki,MTL,8480018,2,0.01382532063871622,0.0055481926538050175,1,-0.0062,0.0338
Nick Suzuki,MTL,8480018,3,0.013958488591015339,0.0055481926538050175,4,0.004,0.024
Nick Suzuki,MTL,8480018,4,0.014045213349163532,0.0055481926538050175,1,-0.006,0.034
Nick Suzuki,MTL,8480018,5,0.014045441523194313,0.0055481926538050175,0,-0.006,0.034
Nick Suzuki,MTL,8480018,6,0.0140455961227417,0.0055481926538050175,0,-0.006,0.034
Nick Suzuki,MTL,8480018,7,0.014045693911612034,0.0055481926538050175,0,-0.006,0.034
Nick Suzuki,MTL,8480018,8,0.01404568925499916,0.0055481926538050175,0,-0.006,0.034
Nicolas Mattinen,,8479555,0,-6.147776002762839e-05,-0.00010570978338364512,0,-0.0201,0.0199
Nicolas Mattinen,,8479555,1,-6.089430826250464e-05,-0.00010570978338364512,0,-0.0201,0.0199
Nicolas Mattinen,,8479555,2,-6.033540557837114e-05,-0.00010570978338364512,0,-0.0201,0.0199
Nicolas Mattinen,,8479555,3,-6.0392172599676996e-05,-0.00010570978338364512,0,-0.0201,0.0199
Nicolas Mattinen,,8479555,4,-6.095632124925032e-05,-0.00010570978338364512,0,-0.0201,0.0199
Nicolas Mattinen,,8479555,5,-6.0734757425962016e-05,-0.00010570978338364512,0,-0.0201,0.0199
Nicolas Mattinen,,8479555,6,-6.058752478566021e-05,-0.00010570978338364512,0,-0.0201,0.0199
Nicolas Mattinen,,8479555,7,-6.049142757547088e-05,-0.00010570978338364512,0,-0.0201,0.0199
Nicolas Mattinen,,8479555,8,-6.049752846593037e-05,-0.00010570978338364512,0,-0.0201,0.0199
Cedric Pare,,8480249,0,-0.0002524634182918817,-0.00029663325403817,0,-0.0203,0.0197
Cedric Pare,,8480249,1,-0.0002518806140869856,-0.00029663325403817,0,-0.0203,0.0197
Cedric Pare,,8480249,2,-0.00025132240261882544,-0.00029663325403817,0,-0.0203,0.0197
Cedric Pare,,8480249,3,-0.00025137982447631657,-0.00029663325403817,0,-0.0203,0.0197
Cedric Pare,,8480249,4,-0.00025194420595653355,-0.00029663325403817,0,-0.0203,0.0197
Cedric Pare,,8480249,5,-0.0002517231914680451,-0.00029663325403817,0,-0.0203,0.0197
Cedric Pare,,8480249,6,-0.00025157598429359496,-0.00029663325403817,0,-0.0203,0.0197
Cedric Pare,,8480249,7,-0.00025148020358756185,-0.00029663325403817,0,-0.0203,0.0197
Cedric Pare,,8480249,8,-0.00025148619897663593,-0.00029663325403817,0,-0.0203,0.0197
Patrick Maroon,,8474034,0,0.0032202249858528376,0.0031747682951390743,0,-0.0168,0.0232
Patrick Maroon,,8474034,1,0.0032208221964538097,0.0031747682951390743,0,-0.0168,0.0232
Patrick Maroon,,8474034,2,0.0032213942613452673,0.0031747682951390743,0,-0.0168,0.0232
Patrick Maroon,,8474034,3,0.0032213476952165365,0.0031747682951390743,0,-0.0168,0.0232
Patrick Maroon,,8474034,4,0.0032207928597927094,0.0031747682951390743,0,-0.0168,0.0232
Patrick Maroon,,8474034,5,0.00322102103382349,0.0031747682951390743,0,-0.0168,0.0232
Patrick Maroon,,8474034,6,0.0032211742363870144,0.0031747682951390743,0,-0.0168,0.0232
Patrick Maroon,,8474034,7,0.0032212710939347744,0.0031747682951390743,0,-0.0168,0.0232
Patrick Maroon,,8474034,8,0.003221268067136407,0.0031747682951390743,0,-0.0168,0.0232
Taylor Hall,CAR,8475791,0,-0.011246142908930779,-0.00679274694994092,0,-0.0312,0.0088
Taylor Hall,CAR,8475791,1,-0.011294333264231682,-0.00679274694994092,2,-0.0254,0.0028
Taylor Hall,CAR,8475791,2,-0.011321558617055416,-0.00679274694994092,0,-0.0313,0.0087
Taylor Hall,CAR,8475791,3,-0.011349402368068695,-0.00679274694994092,1,-0.0313,0.0087
Taylor Hall,CAR,8475791,4,-0.0113680399954319,-0.00679274694994092,0,-0.0314,0.0086
Taylor Hall,CAR,8475791,5,-0.011385886929929256,-0.00679274694994092,0,-0.0314,0.0086
Taylor Hall,CAR,8475791,6,-0.011403808370232582,-0.00679274694994092,1,-0.0314,0.0086
Taylor Hall,CAR,8475791,7,-0.011403716169297695,-0.00679274694994092,0,-0.0314,0.0086
Taylor Hall,CAR,8475791,8,-0.011403724551200867,-0.00679274694994092,0,-0.0314,0.0086
Andreas Athanasiou,,8476960,0,-0.00021575175924226642,-0.00025991827715188265,0,-0.0202,0.0198
Andreas Athanasiou,,8476960,1,-0.0002151691442122683,-0.00025991827715188265,0,-0.0202,0.0198
Andreas Athanasiou,,8476960,2,-0.00021461080177687109,-0.00025991827715188265,0,-0.0202,0.0198
Andreas Athanasiou,,8476960,3,-0.00021466834004968405,-0.00025991827715188265,0,-0.0202,0.0198
Andreas Athanasiou,,8476960,4,-0.0002152328088413924,-0.00025991827715188265,0,-0.0202,0.0198
Andreas Athanasiou,,8476960,5,-0.00021501161972992122,-0.00025991827715188265,0,-0.0202,0.0198
Andreas Athanasiou,,8476960,6,-0.00021486464538611472,-0.00025991827715188265,0,-0.0202,0.0198
Andreas Athanasiou,,8476960,7,-0.00021476879192050546,-0.00025991827715188265,0,-0.0202,0.0198
Andreas Athanasiou,,8476960,8,-0.00021477477275766432,-0.00025991827715188265,0,-0.0202,0.0198
Reid Schaefer,NSH,8483513,0,-0.0005040165269747376,-0.0004968019784428179,0,-0.0205,0.0195
Reid Schaefer,NSH,8483513,1,-0.000503435090649873,-0.0004968019784428179,0,-0.0205,0.0195
Reid Schaefer,NSH,8483513,2,-0.0005028779851272702,-0.0004968019784428179,0,-0.0205,0.0195
Reid Schaefer,NSH,8483513,3,-0.0005029361927881837,-0.0004968019784428179,0,-0.0205,0.0195
Reid Schaefer,NSH,8483513,4,-0.0005035015055909753,-0.0004968019784428179,0,-0.0205,0.0195
Reid Schaefer,NSH,8483513,5,-0.000503281073179096,-0.0004968019784428179,0,-0.0205,0.0195
Reid Schaefer,NSH,8483513,6,-0.0005031342734582722,-0.0004968019784428179,0,-0.0205,0.0195
Reid Schaefer,NSH,8483513,7,-0.0005030387546867132,-0.0004968019784428179,0,-0.0205,0.0195
Reid Schaefer,NSH,8483513,8,-0.0005030447500757873,-0.0004968019784428179,0,-0.0205,0.0195
Niko Huuhtanen,,8482757,0,-0.00013576621131505817,-0.0001799805322661996,0,-0.0201,0.0199
Niko Huuhtanen,,8482757,1,-0.00013518299965653569,-0.0001799805322661996,0,-0.0201,0.0199
Niko Huuhtanen,,8482757,2,-0.00013462424976751208,-0.0001799805322661996,0,-0.0201,0.0199
Niko Huuhtanen,,8482757,3,-0.00013468123506754637,-0.0001799805322661996,0,-0.0201,0.0199
Niko Huuhtanen,,8482757,4,-0.00013524545647669584,-0.0001799805322661996,0,-0.0201,0.0199
Niko Huuhtanen,,8482757,5,-0.00013502400543075055,-0.0001799805322661996,0,-0.0201,0.0199
Niko Huuhtanen,,8482757,6,-0.00013487682736013085,-0.0001799805322661996,0,-0.0201,0.0199
Niko Huuhtanen,,8482757,7,-0.00013478079927153885,-0.0001799805322661996,0,-0.0201,0.0199
Niko Huuhtanen,,8482757,8,-0.00013478691107593477,-0.0001799805322661996,0,-0.0201,0.0199
Jaydon Dureau,,8482454,0,-0.00027983778272755444,-0.00032400843338109553,0,-0.0203,0.0197
Jaydon Dureau,,8482454,1,-0.0002792551531456411,-0.00032400843338109553,0,-0.0203,0.0197
Jaydon Dureau,,8482454,2,-0.00027869679615832865,-0.00032400843338109553,0,-0.0203,0.0197
Jaydon Dureau,,8482454,3,-0.0002787542180158198,-0.00032400843338109553,0,-0.0203,0.0197
Jaydon Dureau,,8482454,4,-0.0002793186577036977,-0.00032400843338109553,0,-0.0203,0.0197
Jaydon Dureau,,8482454,5,-0.00027909758500754833,-0.00032400843338109553,0,-0.0203,0.0197
Jaydon Dureau,,8482454,6,-0.00027895040693692863,-0.00032400843338109553,0,-0.0203,0.0197
Jaydon Dureau,,8482454,7,-0.00027885474264621735,-0.00032400843338109553,0,-0.0203,0.0197
Jaydon Dureau,,8482454,8,-0.00027886059251613915,-0.00032400843338109553,0,-0.0203,0.0197
Ozzy Wiesblatt,NSH,8482103,0,0.00219540623947978,0.0021503884345293045,0,-0.0178,0.0222
Ozzy Wiesblatt,NSH,8482103,1,0.0021959994919598103,0.0021503884345293045,0,-0.0178,0.0222
Ozzy Wiesblatt,NSH,8482103,2,0.0021965657360851765,0.0021503884345293045,0,-0.0178,0.0222
Ozzy Wiesblatt,NSH,8482103,3,0.002196516841650009,0.0021503884345293045,0,-0.0178,0.0222
Ozzy Wiesblatt,NSH,8482103,4,0.0021959575824439526,0.0021503884345293045,0,-0.0178,0.0222
Ozzy Wiesblatt,NSH,8482103,5,0.0021961843594908714,0.0021503884345293045,0,-0.0178,0.0222
Ozzy Wiesblatt,NSH,8482103,6,0.002196333836764097,0.0021503884345293045,0,-0.0178,0.0222
Ozzy Wiesblatt,NSH,8482103,7,0.0021964325569570065,0.0021503884345293045,0,-0.0178,0.0222
Ozzy Wiesblatt,NSH,8482103,8,0.002196426270529628,0.0021503884345293045,0,-0.0178,0.0222
Conor Geekie,TBL,8483447,0,0.00027964788023382425,0.00041584574501030147,0,-0.0197,0.0203
Conor Geekie,TBL,8483447,1,0.0002802347007673234,0.00041584574501030147,0,-0.0197,0.0203
Conor Geekie,TBL,8483447,2,0.00028079640469513834,0.00041584574501030147,0,-0.0197,0.0203
Conor Geekie,TBL,8483447,3,0.0002807420678436756,0.00041584574501030147,0,-0.0197,0.0203
Conor Geekie,TBL,8483447,4,0.0002801798691507429,0.00041584574501030147,0,-0.0197,0.0203
Conor Geekie,TBL,8483447,5,0.00028040295001119375,0.00041584574501030147,0,-0.0197,0.0203
Conor Geekie,TBL,8483447,6,0.00028055135044269264,0.00041584574501030147,0,-0.0197,0.0203
Conor Geekie,TBL,8483447,7,0.00028064800426363945,0.00041584574501030147,0,-0.0197,0.0203
Conor Geekie,TBL,8483447,8,0.00028064221260137856,0.00041584574501030147,0,-0.0197,0.0203
Logan Brown,LAK,8479366,0,-0.00026026793057098985,-0.00030444597359746695,0,-0.0203,0.0197
Logan Brown,LAK,8479366,1,-0.0002596852136775851,-0.00030444597359746695,0,-0.0203,0.0197
Logan Brown,LAK,8479366,2,-0.0002591267984826118,-0.00030444597359746695,0,-0.0203,0.0197
Logan Brown,LAK,8479366,3,-0.00025918413302861154,-0.00030444597359746695,0,-0.0203,0.0197
Logan Brown,LAK,8479366,4,-0.000259748543612659,-0.00030444597359746695,0,-0.0203,0.0197
Logan Brown,LAK,8479366,5,-0.00025952738360501826,-0.00030444597359746695,0,-0.0203,0.0197
Logan Brown,LAK,8479366,6,-0.00025938026374205947,-0.00030444597359746695,0,-0.0203,0.0197
Logan Brown,LAK,8479366,7,-0.000259284395724535,-0.00030444597359746695,0,-0.0203,0.0197
Logan Brown,LAK,8479366,8,-0.00025929047842510045,-0.00030444597359746695,0,-0.0203,0.0197
Gage Goncalves,TBL,8482201,0,-0.0011410549050197005,0.00030018098186701536,0,-0.0211,0.0189
Gage Goncalves,TBL,8482201,1,-0.0011529558105394244,0.00030018098186701536,1,-0.0212,0.0188
Gage Goncalves,TBL,8482201,2,-0.0011523938737809658,0.00030018098186701536,0,-0.0212,0.0188
Gage Goncalves,TBL,8482201,3,-0.0011524481233209372,0.00030018098186701536,0,-0.0212,0.0188
Gage Goncalves,TBL,8482201,4,-0.0011530104093253613,0.00030018098186701536,0,-0.0212,0.0188
Gage Goncalves,TBL,8482201,5,-0.001152787241153419,0.00030018098186701536,0,-0.0212,0.0188
Gage Goncalves,TBL,8482201,6,-0.0011526388116180897,0.00030018098186701536,0,-0.0212,0.0188
Gage Goncalves,TBL,8482201,7,-0.0011525420704856515,0.00030018098186701536,0,-0.0212,0.0188
Gage Goncalves,TBL,8482201,8,-0.001152547774836421,0.00030018098186701536,0,-0.0212,0.0188
Derrick Pouliot,NYR,8476884,0,-0.0002595826517790556,-0.00029452962917275727,0,-0.0203,0.0197
Derrick Pouliot,NYR,8476884,1,-0.0002589999348856509,-0.00029452962917275727,0,-0.0203,0.0197
Derrick Pouliot,NYR,8476884,2,-0.00025844157789833844,-0.00029452962917275727,0,-0.0203,0.0197
Derrick Pouliot,NYR,8476884,3,-0.0002584989706519991,-0.00029452962917275727,0,-0.0203,0.0197
Derrick Pouliot,NYR,8476884,4,-0.00025906343944370747,-0.00029452962917275727,0,-0.0203,0.0197
Derrick Pouliot,NYR,8476884,5,-0.00025884227943606675,-0.00029452962917275727,0,-0.0203,0.0197
Derrick Pouliot,NYR,8476884,6,-0.00025869521778076887,-0.00029452962917275727,0,-0.0203,0.0197
Derrick Pouliot,NYR,8476884,7,-0.00025859937886707485,-0.00029452962917275727,0,-0.0203,0.0197
Derrick Pouliot,NYR,8476884,8,-0.0002586054033599794,-0.00029452962917275727,0,-0.0203,0.0197
Matty Beniers,SEA,8482665,0,-0.01607813499867916,-0.009790908545255661,0,-0.0361,0.0039
Matty Beniers,SEA,8482665,1,-0.016077596694231033,-0.009790908545255661,0,-0.0361,0.0039
Matty Beniers,SEA,8482665,2,-0.016077065840363503,-0.009790908545255661,0,-0.0361,0.0039
Matty Beniers,SEA,8482665,3,-0.016077155247330666,-0.009790908545255661,0,-0.0361,0.0039
Matty Beniers,SEA,8482665,4,-0.016077738255262375,-0.009790908545255661,0,-0.0361,0.0039
Matty Beniers,SEA,8482665,5,-0.016077538952231407,-0.009790908545255661,0,-0.0361,0.0039
Matty Beniers,SEA,8482665,6,-0.016077399253845215,-0.009790908545255661,0,-0.0361,0.0039
Matty Beniers,SEA,8482665,7,-0.01607731357216835,-0.009790908545255661,0,-0.0361,0.0039
Matty Beniers,SEA,8482665,8,-0.016077321022748947,-0.009790908545255661,0,-0.0361,0.0039
Eduard Sale,SEA,8484222,0,0.002000011270865798,0.0019549885764718056,0,-0.018,0.022
Eduard Sale,SEA,8484222,1,0.0020006035920232534,0.0019549885764718056,0,-0.018,0.022
Eduard Sale,SEA,8484222,2,0.0020011714659631252,0.0019549885764718056,0,-0.018,0.022
Eduard Sale,SEA,8484222,3,0.002001121174544096,0.0019549885764718056,0,-0.018,0.022
Eduard Sale,SEA,8484222,4,0.002000562846660614,0.0019549885764718056,0,-0.018,0.022
Eduard Sale,SEA,8484222,5,0.0020007884595543146,0.0019549885764718056,0,-0.018,0.022
Eduard Sale,SEA,8484222,6,0.0020009393338114023,0.0019549885764718056,0,-0.018,0.022
Eduard Sale,SEA,8484222,7,0.0020010366570204496,0.0019549885764718056,0,-0.018,0.022
Eduard Sale,SEA,8484222,8,0.0020010315347462893,0.0019549885764718056,0,-0.018,0.022
Ryker Evans,SEA,8482858,0,0.003172246040776372,0.0012147350935265422,0,-0.0168,0.0232
Ryker Evans,SEA,8482858,1,0.003172837430611253,0.0012147350935265422,0,-0.0168,0.0232
Ryker Evans,SEA,8482858,2,0.0031734048388898373,0.0012147350935265422,0,-0.0168,0.0232
Ryker Evans,SEA,8482858,3,0.0031733536161482334,0.0012147350935265422,0,-0.0168,0.0232
Ryker Evans,SEA,8482858,4,0.0031727952882647514,0.0012147350935265422,0,-0.0168,0.0232
Ryker Evans,SEA,8482858,5,0.0031730211339890957,0.0012147350935265422,0,-0.0168,0.0232
Ryker Evans,SEA,8482858,6,0.003173170145601034,0.0012147350935265422,0,-0.0168,0.0232
Ryker Evans,SEA,8482858,7,0.0031732695642858744,0.0012147350935265422,0,-0.0168,0.0232
Ryker Evans,SEA,8482858,8,0.003173262346535921,0.0012147350935265422,0,-0.0168,0.0232
Mitchell Stephens,SEA,8478477,0,-0.0007023999351076782,-0.0007463625515811145,0,-0.0207,0.0193
Mitchell Stephens,SEA,8478477,1,-0.0007018193136900663,-0.0007463625515811145,0,-0.0207,0.0193
Mitchell Stephens,SEA,8478477,2,-0.0007012636051513255,-0.0007463625515811145,0,-0.0207,0.0193
Mitchell Stephens,SEA,8478477,3,-0.0007013223948888481,-0.0007463625515811145,0,-0.0207,0.0193
Mitchell Stephens,SEA,8478477,4,-0.0007018887554295361,-0.0007463625515811145,0,-0.0207,0.0193
Mitchell Stephens,SEA,8478477,5,-0.0007016684394329786,-0.0007463625515811145,0,-0.0207,0.0193
Mitchell Stephens,SEA,8478477,6,-0.0007015225128270686,-0.0007463625515811145,0,-0.0207,0.0193
Mitchell Stephens,SEA,8478477,7,-0.0007014268194325268,-0.0007463625515811145,0,-0.0207,0.0193
Mitchell Stephens,SEA,8478477,8,-0.00070143339689821,-0.0007463625515811145,0,-0.0207,0.0193
Vasily Podkolzin,EDM,8481617,0,0.0017350956331938505,0.0010419455356895924,0,-0.0183,0.0217
Vasily Podkolzin,EDM,8481617,1,0.001735683879815042,0.0010419455356895924,0,-0.0183,0.0217
Vasily Podkolzin,EDM,8481617,2,0.0017362466314807534,0.0010419455356895924,0,-0.0183,0.0217
Vasily Podkolzin,EDM,8481617,3,0.0017361936625093222,0.0010419455356895924,0,-0.0183,0.0217
Vasily Podkolzin,EDM,8481617,4,0.0017356317257508636,0.0010419455356895924,0,-0.0183,0.0217
Vasily Podkolzin,EDM,8481617,5,0.0017358559416607022,0.0010419455356895924,0,-0.0183,0.0217
Vasily Podkolzin,EDM,8481617,6,0.0017360042547807097,0.0010419455356895924,0,-0.0183,0.0217
Vasily Podkolzin,EDM,8481617,7,0.0017361021600663662,0.0010419455356895924,0,-0.0183,0.0217
Vasily Podkolzin,EDM,8481617,8,0.001736095524393022,0.0010419455356895924,0,-0.0183,0.0217
Jacob Melanson,SEA,8482874,0,-0.00013953597226645797,-0.00018373447528574616,0,-0.0201,0.0199
Jacob Melanson,SEA,8482874,1,-0.00013895299343857914,-0.00018373447528574616,0,-0.0201,0.0199
Jacob Melanson,SEA,8482874,2,-0.00013839435996487737,-0.00018373447528574616,0,-0.0201,0.0199
Jacob Melanson,SEA,8482874,3,-0.00013845149078406394,-0.00018373447528574616,0,-0.0201,0.0199
Jacob Melanson,SEA,8482874,4,-0.00013901582860853523,-0.00018373447528574616,0,-0.0201,0.0199
Jacob Melanson,SEA,8482874,5,-0.00013879452308174223,-0.00018373447528574616,0,-0.0201,0.0199
Jacob Melanson,SEA,8482874,6,-0.0001386473304592073,-0.00018373447528574616,0,-0.0201,0.0199
Jacob Melanson,SEA,8482874,7,-0.00013855138968210667,-0.00018373447528574616,0,-0.0201,0.0199
Jacob Melanson,SEA,8482874,8,-0.0001385574578307569,-0.00018373447528574616,0,-0.0201,0.0199
Jared McCann,SEA,8477955,0,-0.007767925504595041,-0.005977976135909557,0,-0.0278,0.0122
Jared McCann,SEA,8477955,1,-0.007767364848405123,-0.005977976135909557,0,-0.0278,0.0122
Jared McCann,SEA,8477955,2,-0.007766827009618282,-0.005977976135909557,0,-0.0278,0.0122
Jared McCann,SEA,8477955,3,-0.00776690011844039,-0.005977976135909557,0,-0.0278,0.0122
Jared McCann,SEA,8477955,4,-0.007767477538436651,-0.005977976135909557,0,-0.0278,0.0122
Jared McCann,SEA,8477955,5,-0.0077672675251960754,-0.005977976135909557,0,-0.0278,0.0122
Jared McCann,SEA,8477955,6,-0.007767127826809883,-0.005977976135909557,0,-0.0278,0.0122
Jared McCann,SEA,8477955,7,-0.007767036557197571,-0.005977976135909557,0,-0.0278,0.0122
Jared McCann,SEA,8477955,8,-0.007767043076455593,-0.005977976135909557,0,-0.0278,0.0122
Troy Stecher,TOR,8479442,0,-0.0008792200242169201,-0.0006269441801123321,0,-0.0209,0.0191
Troy Stecher,TOR,8479442,1,-0.0008786399848759174,-0.0006269441801123321,0,-0.0209,0.0191
Troy Stecher,TOR,8479442,2,-0.0008780839270912111,-0.0006269441801123321,0,-0.0209,0.0191
Troy Stecher,TOR,8479442,3,-0.0008781432989053428,-0.0006269441801123321,0,-0.0209,0.0191
Troy Stecher,TOR,8479442,4,-0.0008787093684077263,-0.0006269441801123321,0,-0.0209,0.0191
Troy Stecher,TOR,8479442,5,-0.0008784895180724561,-0.0006269441801123321,0,-0.0209,0.0191
Troy Stecher,TOR,8479442,6,-0.0008783433004282415,-0.0006269441801123321,0,-0.0209,0.0191
Troy Stecher,TOR,8479442,7,-0.000878248130902648,-0.0006269441801123321,0,-0.0209,0.0191
Troy Stecher,TOR,8479442,8,-0.0008782540680840611,-0.0006269441801123321,0,-0.0209,0.0191
Akito Hirose,,8484254,0,-0.00012580530892591923,-0.00016999921353999525,0,-0.0201,0.0199
Akito Hirose,,8484254,1,-0.0001252223737537861,-0.00016999921353999525,0,-0.0201,0.0199
Akito Hirose,,8484254,2,-0.0001246638421434909,-0.00016999921353999525,0,-0.0201,0.0199
Akito Hirose,,8484254,3,-0.00012472100206650794,-0.00016999921353999525,0,-0.0201,0.0199
Akito Hirose,,8484254,4,-0.00012528533989097923,-0.00016999921353999525,0,-0.0201,0.0199
Akito Hirose,,8484254,5,-0.00012506404891610146,-0.00016999921353999525,0,-0.0201,0.0199
Akito Hirose,,8484254,6,-0.00012491687084548175,-0.00016999921353999525,0,-0.0201,0.0199
Akito Hirose,,8484254,7,-0.0001248210173798725,-0.00016999921353999525,0,-0.0201,0.0199
Akito Hirose,,8484254,8,-0.00012482699821703136,-0.00016999921353999525,0,-0.0201,0.0199
Aatu Räty,VAN,8482691,0,-0.0011557259131222963,-9.285467967856675e-05,0,-0.0212,0.0188
Aatu Räty,VAN,8482691,1,-0.0011551444185897708,-9.285467967856675e-05,0,-0.0212,0.0188
Aatu Räty,VAN,8482691,2,-0.0011545869056135416,-9.285467967856675e-05,0,-0.0212,0.0188
Aatu Räty,VAN,8482691,3,-0.0011546446476131678,-9.285467967856675e-05,0,-0.0212,0.0188
Aatu Räty,VAN,8482691,4,-0.0011552099604159594,-9.285467967856675e-05,0,-0.0212,0.0188
Aatu Räty,VAN,8482691,5,-0.0011549892369657755,-9.285467967856675e-05,0,-0.0212,0.0188
Aatu Räty,VAN,8482691,6,-0.00115484232082963,-9.285467967856675e-05,0,-0.0212,0.0188
Aatu Räty,VAN,8482691,7,-0.0011547470930963755,-9.285467967856675e-05,0,-0.0212,0.0188
Aatu Räty,VAN,8482691,8,-0.0011547524482011795,-9.285467967856675e-05,0,-0.0212,0.0188
Nils Hoglander,VAN,8481535,0,-0.0011050938628613949,-0.001148810493759811,0,-0.0211,0.0189
Nils Hoglander,VAN,8481535,1,-0.0011045164428651333,-0.001148810493759811,0,-0.0211,0.0189
Nils Hoglander,VAN,8481535,2,-0.0011039628880098462,-0.001148810493759811,0,-0.0211,0.0189
Nils Hoglander,VAN,8481535,3,-0.001104024238884449,-0.001148810493759811,0,-0.0211,0.0189
Nils Hoglander,VAN,8481535,4,-0.0011045921128243208,-0.001148810493759811,0,-0.0211,0.0189
Nils Hoglander,VAN,8481535,5,-0.0011043736012652516,-0.001148810493759811,0,-0.0211,0.0189
Nils Hoglander,VAN,8481535,6,-0.0011042283149436116,-0.001148810493759811,0,-0.0211,0.0189
Nils Hoglander,VAN,8481535,7,-0.001104133203625679,-0.001148810493759811,0,-0.0211,0.0189
Nils Hoglander,VAN,8481535,8,-0.0011041401885449886,-0.001148810493759811,0,-0.0211,0.0189
Daniel Sprong,,8478466,0,-0.0020904119592159986,-0.002133625792339444,0,-0.0221,0.0179
Daniel Sprong,,8478466,1,-0.002089840592816472,-0.002133625792339444,0,-0.0221,0.0179
Daniel Sprong,,8478466,2,-0.002089292509481311,-0.002133625792339444,0,-0.0221,0.0179
Daniel Sprong,,8478466,3,-0.0020893579348921776,-0.002133625792339444,0,-0.0221,0.0179
Daniel Sprong,,8478466,4,-0.002089928835630417,-0.002133625792339444,0,-0.0221,0.0179
Daniel Sprong,,8478466,5,-0.0020897139329463243,-0.002133625792339444,0,-0.0221,0.0179
Daniel Sprong,,8478466,6,-0.0020895698107779026,-0.002133625792339444,0,-0.0221,0.0179
Daniel Sprong,,8478466,7,-0.0020894771441817284,-0.002133625792339444,0,-0.0221,0.0179
Daniel Sprong,,8478466,8,-0.0020894829649478197,-0.002133625792339444,0,-0.0221,0.0179
Ty Mueller,VAN,8484406,0,-0.0005089981714263558,-0.0005530763301067054,0,-0.0205,0.0195
Ty Mueller,VAN,8484406,1,-0.0005084166186861694,-0.0005530763301067054,0,-0.0205,0.0195
Ty Mueller,VAN,8484406,2,-0.0005078591057099402,-0.0005530763301067054,0,-0.0205,0.0195
Ty Mueller,VAN,8484406,3,-0.0005079173715785146,-0.0005530763301067054,0,-0.0205,0.0195
Ty Mueller,VAN,8484406,4,-0.0005084825097583234,-0.0005530763301067054,0,-0.0205,0.0195
Ty Mueller,VAN,8484406,5,-0.0005082619027234614,-0.0005530763301067054,0,-0.0205,0.0195
Ty Mueller,VAN,8484406,6,-0.0005081152194179595,-0.0005530763301067054,0,-0.0205,0.0195
Ty Mueller,VAN,8484406,7,-0.0005080194678157568,-0.0005530763301067054,0,-0.0205,0.0195
Ty Mueller,VAN,8484406,8,-0.0005080257542431355,-0.0005530763301067054,0,-0.0205,0.0195
Vincent Desharnais,SJS,8479576,0,-0.00010541942901909351,-0.00014963546709623188,0,-0.0201,0.0199
Vincent Desharnais,SJS,8479576,1,-0.00010483627556823194,-0.00014963546709623188,0,-0.0201,0.0199
Vincent Desharnais,SJS,8479576,2,-0.00010427744564367458,-0.00014963546709623188,0,-0.0201,0.0199
Vincent Desharnais,SJS,8479576,3,-0.00010433441639179364,-0.00014963546709623188,0,-0.0201,0.0199
Vincent Desharnais,SJS,8479576,4,-0.00010489860142115504,-0.00014963546709623188,0,-0.0201,0.0199
Vincent Desharnais,SJS,8479576,5,-0.00010467722313478589,-0.00014963546709623188,0,-0.0201,0.0199
Vincent Desharnais,SJS,8479576,6,-0.00010452997230459005,-0.00014963546709623188,0,-0.0201,0.0199
Vincent Desharnais,SJS,8479576,7,-0.00010443395876791328,-0.00014963546709623188,0,-0.0201,0.0199
Vincent Desharnais,SJS,8479576,8,-0.00010444007784826681,-0.00014963546709623188,0,-0.0201,0.0199
Cameron Hughes,DAL,8478888,0,-0.00015388953033834696,-0.0001980772940441966,0,-0.0202,0.0198
Cameron Hughes,DAL,8478888,1,-0.0001533067406853661,-0.0001980772940441966,0,-0.0202,0.0198
Cameron Hughes,DAL,8478888,2,-0.00015274816541932523,-0.0001980772940441966,0,-0.0202,0.0198
Cameron Hughes,DAL,8478888,3,-0.00015280544175766408,-0.0001980772940441966,0,-0.0202,0.0198
Cameron Hughes,DAL,8478888,4,-0.00015336976503022015,-0.0001980772940441966,0,-0.0202,0.0198
Cameron Hughes,DAL,8478888,5,-0.00015314861957449466,-0.0001980772940441966,0,-0.0202,0.0198
Cameron Hughes,DAL,8478888,6,-0.00015300136874429882,-0.0001980772940441966,0,-0.0202,0.0198
Cameron Hughes,DAL,8478888,7,-0.00015290557348635048,-0.0001980772940441966,0,-0.0202,0.0198
Cameron Hughes,DAL,8478888,8,-0.00015291152521967888,-0.0001980772940441966,0,-0.0202,0.0198
Kole Lind,DAL,8479986,0,-0.0005498870159499347,-0.0005938803078606725,0,-0.0205,0.0195
Kole Lind,DAL,8479986,1,-0.0005493065109476447,-0.0005938803078606725,0,-0.0205,0.0195
Kole Lind,DAL,8479986,2,-0.0005487501621246338,-0.0005938803078606725,0,-0.0205,0.0195
Kole Lind,DAL,8479986,3,-0.0005488089518621564,-0.0005938803078606725,0,-0.0205,0.0195
Kole Lind,DAL,8479986,4,-0.0005493747885338962,-0.0005938803078606725,0,-0.0205,0.0195
Kole Lind,DAL,8479986,5,-0.0005491546471603215,-0.0005938803078606725,0,-0.0205,0.0195
Kole Lind,DAL,8479986,6,-0.000549008313100785,-0.0005938803078606725,0,-0.0205,0.0195
Kole Lind,DAL,8479986,7,-0.0005489128525368869,-0.0005938803078606725,0,-0.0205,0.0195
Kole Lind,DAL,8479986,8,-0.0005489191971719265,-0.0005938803078606725,0,-0.0205,0.0195
Lian Bichsel,DAL,8483425,0,-0.00011095836816821247,-0.0001551620807731524,0,-0.0201,0.0199
Lian Bichsel,DAL,8483425,1,-0.00011037538934033364,-0.0001551620807731524,0,-0.0201,0.0199
Lian Bichsel,DAL,8483425,2,-0.0001098166176234372,-0.0001551620807731524,0,-0.0201,0.0199
Lian Bichsel,DAL,8483425,3,-0.00010987383575411513,-0.0001551620807731524,0,-0.0201,0.0199
Lian Bichsel,DAL,8483425,4,-0.00011043799167964607,-0.0001551620807731524,0,-0.0201,0.0199
Lian Bichsel,DAL,8483425,5,-0.00011021675891242921,-0.0001551620807731524,0,-0.0201,0.0199
Lian Bichsel,DAL,8483425,6,-0.00011006944987457246,-0.0001551620807731524,0,-0.0201,0.0199
Lian Bichsel,DAL,8483425,7,-0.00010997362551279366,-0.0001551620807731524,0,-0.0201,0.0199
Lian Bichsel,DAL,8483425,8,-0.00010997954086633399,-0.0001551620807731524,0,-0.0201,0.0199
Andrew Agozzino,UTA,8475461,0,-0.0007365855854004622,-0.0007128693978302181,0,-0.0207,0.0193
Andrew Agozzino,UTA,8475461,1,-0.0007360050221905112,-0.0007128693978302181,0,-0.0207,0.0193
Andrew Agozzino,UTA,8475461,2,-0.0007354487897828221,-0.0007128693978302181,0,-0.0207,0.0193
Andrew Agozzino,UTA,8475461,3,-0.0007355078123509884,-0.0007128693978302181,0,-0.0207,0.0193
Andrew Agozzino,UTA,8475461,4,-0.00073607376543805,-0.0007128693978302181,0,-0.0207,0.0193
Andrew Agozzino,UTA,8475461,5,-0.0007358536240644753,-0.0007128693978302181,0,-0.0207,0.0193
Andrew Agozzino,UTA,8475461,6,-0.0007357073482125998,-0.0007128693978302181,0,-0.0207,0.0193
Andrew Agozzino,UTA,8475461,7,-0.0007356119458563626,-0.0007128693978302181,0,-0.0207,0.0193
Andrew Agozzino,UTA,8475461,8,-0.0007356182322837412,-0.0007128693978302181,0,-0.0207,0.0193
Michael Kesselring,BUF,8480891,0,-0.001539526623673737,-0.0015830035554245114,0,-0.0215,0.0185
Michael Kesselring,BUF,8480891,1,-0.0015389524633064866,-0.0015830035554245114,0,-0.0215,0.0185
Michael Kesselring,BUF,8480891,2,-0.0015384008875116706,-0.0015830035554245114,0,-0.0215,0.0185
Michael Kesselring,BUF,8480891,3,-0.0015384646831080317,-0.0015830035554245114,0,-0.0215,0.0185
Michael Kesselring,BUF,8480891,4,-0.0015390338376164436,-0.0015830035554245114,0,-0.0215,0.0185
Michael Kesselring,BUF,8480891,5,-0.0015388170722872019,-0.0015830035554245114,0,-0.0215,0.0185
Michael Kesselring,BUF,8480891,6,-0.001538672368042171,-0.0015830035554245114,0,-0.0215,0.0185
Michael Kesselring,BUF,8480891,7,-0.0015385780716314912,-0.0015830035554245114,0,-0.0215,0.0185
Michael Kesselring,BUF,8480891,8,-0.0015385851729661226,-0.0015830035554245114,0,-0.0215,0.0185
Dylan Guenther,UTA,8482699,0,-0.009692180901765823,-0.002235514111816883,2,-0.0238,0.0044
Dylan Guenther,UTA,8482699,1,-0.009740883484482765,-0.002235514111816883,5,-0.0186,-0.0008
Dylan Guenther,UTA,8482699,2,-0.009754752740263939,-0.002235514111816883,2,-0.0239,0.0043
Dylan Guenther,UTA,8482699,3,-0.009754827246069908,-0.002235514111816883,0,-0.0298,0.0102
Dylan Guenther,UTA,8482699,4,-0.009755389764904976,-0.002235514111816883,0,-0.0298,0.0102
Dylan Guenther,UTA,8482699,5,-0.009755178354680538,-0.002235514111816883,0,-0.0298,0.0102
Dylan Guenther,UTA,8482699,6,-0.009755028411746025,-0.002235514111816883,0,-0.0298,0.0102
Dylan Guenther,UTA,8482699,7,-0.009754941798746586,-0.002235514111816883,0,-0.0298,0.0102
Dylan Guenther,UTA,8482699,8,-0.009754940867424011,-0.002235514111816883,0,-0.0298,0.0102
Lars Eller,OTT,8474189,0,-0.0010365991620346904,-0.0010276568355038762,0,-0.021,0.019
Lars Eller,OTT,8474189,1,-0.0010360201122239232,-0.0010276568355038762,0,-0.021,0.019
Lars Eller,OTT,8474189,2,-0.0010354650439694524,-0.0010276568355038762,0,-0.021,0.019
Lars Eller,OTT,8474189,3,-0.0010355254635214806,-0.0010276568355038762,0,-0.021,0.019
Lars Eller,OTT,8474189,4,-0.0010360920568928123,-0.0010276568355038762,0,-0.021,0.019
Lars Eller,OTT,8474189,5,-0.001035872963257134,-0.0010276568355038762,0,-0.021,0.019
Lars Eller,OTT,8474189,6,-0.0010357268620282412,-0.0010276568355038762,0,-0.021,0.019
Lars Eller,OTT,8474189,7,-0.0010356319835409522,-0.0010276568355038762,0,-0.021,0.019
Lars Eller,OTT,8474189,8,-0.001035638153553009,-0.0010276568355038762,0,-0.021,0.019
Drew O'Connor,VAN,8482055,0,0.009519034996628761,0.008681942708790302,0,-0.0105,0.0295
Drew O'Connor,VAN,8482055,1,0.009519655257463455,0.008681942708790302,0,-0.0105,0.0295
Drew O'Connor,VAN,8482055,2,0.00952024757862091,0.008681942708790302,0,-0.0105,0.0295
Drew O'Connor,VAN,8482055,3,0.009520217776298523,0.008681942708790302,0,-0.0105,0.0295
Drew O'Connor,VAN,8482055,4,0.00951967854052782,0.008681942708790302,0,-0.0105,0.0295
Drew O'Connor,VAN,8482055,5,0.009519917890429497,0.008681942708790302,0,-0.0105,0.0295
Drew O'Connor,VAN,8482055,6,0.00952007807791233,0.008681942708790302,0,-0.0105,0.0295
Drew O'Connor,VAN,8482055,7,0.009520183317363262,0.008681942708790302,0,-0.0105,0.0295
Drew O'Connor,VAN,8482055,8,0.009520175866782665,0.008681942708790302,0,-0.0105,0.0295
Tristan Broz,PIT,8482698,0,0.004781324416399002,0.0040619466453790665,0,-0.0152,0.0248
Tristan Broz,PIT,8482698,1,0.004781926516443491,0.0040619466453790665,0,-0.0152,0.0248
Tristan Broz,PIT,8482698,2,0.0047824992798268795,0.0040619466453790665,0,-0.0152,0.0248
Tristan Broz,PIT,8482698,3,0.004782456438988447,0.0040619466453790665,0,-0.0152,0.0248
Tristan Broz,PIT,8482698,4,0.004781901836395264,0.0040619466453790665,0,-0.0152,0.0248
Tristan Broz,PIT,8482698,5,0.004782132338732481,0.0040619466453790665,0,-0.0152,0.0248
Tristan Broz,PIT,8482698,6,0.004782283678650856,0.0040619466453790665,0,-0.0152,0.0248
Tristan Broz,PIT,8482698,7,0.004782385192811489,0.0040619466453790665,0,-0.0152,0.0248
Tristan Broz,PIT,8482698,8,0.004782378673553467,0.0040619466453790665,0,-0.0152,0.0248
Valtteri Puustinen,COL,8481703,0,0.0017237039282917976,0.001678654458373785,0,-0.0183,0.0217
Valtteri Puustinen,COL,8481703,1,0.0017242967151105404,0.001678654458373785,0,-0.0183,0.0217
Valtteri Puustinen,COL,8481703,2,0.0017248645890504122,0.001678654458373785,0,-0.0183,0.0217
Valtteri Puustinen,COL,8481703,3,0.0017248145304620266,0.001678654458373785,0,-0.0183,0.0217
Valtteri Puustinen,COL,8481703,4,0.001724256668239832,0.001678654458373785,0,-0.0183,0.0217
Valtteri Puustinen,COL,8481703,5,0.0017244822811335325,0.001678654458373785,0,-0.0183,0.0217
Valtteri Puustinen,COL,8481703,6,0.0017246331553906202,0.001678654458373785,0,-0.0183,0.0217
Valtteri Puustinen,COL,8481703,7,0.001724730827845633,0.001678654458373785,0,-0.0183,0.0217
Valtteri Puustinen,COL,8481703,8,0.0017247258219867945,0.001678654458373785,0,-0.0183,0.0217
Emil Bemstrom,,8480205,0,-0.0006532612023875117,-0.0006972239352762699,0,-0.0207,0.0193
Emil Bemstrom,,8480205,1,-0.0006526810466311872,-0.0006972239352762699,0,-0.0207,0.0193
Emil Bemstrom,,8480205,2,-0.000652124872431159,-0.0006972239352762699,0,-0.0207,0.0193
Emil Bemstrom,,8480205,3,-0.0006521841278299689,-0.0006972239352762699,0,-0.0207,0.0193
Emil Bemstrom,,8480205,4,-0.0006527499645017087,-0.0006972239352762699,0,-0.0207,0.0193
Emil Bemstrom,,8480205,5,-0.0006525302305817604,-0.0006972239352762699,0,-0.0207,0.0193
Emil Bemstrom,,8480205,6,-0.000652383896522224,-0.0006972239352762699,0,-0.0207,0.0193
Emil Bemstrom,,8480205,7,-0.0006522884359583259,-0.0006972239352762699,0,-0.0207,0.0193
Emil Bemstrom,,8480205,8,-0.0006522946059703827,-0.0006972239352762699,0,-0.0207,0.0193
William Wallinder,DET,8482171,0,-7.86462624091655e-05,-0.00012287178833503276,0,-0.0201,0.0199
William Wallinder,DET,8482171,1,-7.806303619872779e-05,-0.00012287178833503276,0,-0.0201,0.0199
William Wallinder,DET,8482171,2,-7.750406075501814e-05,-0.00012287178833503276,0,-0.0201,0.0199
William Wallinder,DET,8482171,3,-7.756106060696766e-05,-0.00012287178833503276,0,-0.0201,0.0199
William Wallinder,DET,8482171,4,-7.812507101334631e-05,-0.00012287178833503276,0,-0.0201,0.0199
William Wallinder,DET,8482171,5,-7.790375093463808e-05,-0.00012287178833503276,0,-0.0201,0.0199
William Wallinder,DET,8482171,6,-7.775629637762904e-05,-0.00012287178833503276,0,-0.0201,0.0199
William Wallinder,DET,8482171,7,-7.766045746393502e-05,-0.00012287178833503276,0,-0.0201,0.0199
William Wallinder,DET,8482171,8,-7.766634371364489e-05,-0.00012287178833503276,0,-0.0201,0.0199
Amadeus Lombardi,DET,8483695,0,-0.00034860597224906087,-0.0003822239232249558,0,-0.0203,0.0197
Amadeus Lombardi,DET,8483695,1,-0.0003480238956399262,-0.0003822239232249558,0,-0.0203,0.0197
Amadeus Lombardi,DET,8483695,2,-0.0003474660334177315,-0.0003822239232249558,0,-0.0203,0.0197
Amadeus Lombardi,DET,8483695,3,-0.0003475237463135272,-0.0003822239232249558,0,-0.0203,0.0197
Amadeus Lombardi,DET,8483695,4,-0.00034808865166269243,-0.0003822239232249558,0,-0.0203,0.0197
Amadeus Lombardi,DET,8483695,5,-0.00034786772448569536,-0.0003822239232249558,0,-0.0203,0.0197
Amadeus Lombardi,DET,8483695,6,-0.0003477208665572107,-0.0003822239232249558,0,-0.0203,0.0197
Amadeus Lombardi,DET,8483695,7,-0.00034762511495500803,-0.0003822239232249558,0,-0.0203,0.0197
Amadeus Lombardi,DET,8483695,8,-0.0003476311394479126,-0.0003822239232249558,0,-0.0203,0.0197
Graham Slaggert,,8483563,0,0.002114643109962344,0.0020696071442216635,0,-0.0179,0.0221
Graham Slaggert,,8483563,1,0.002115235896781087,0.0020696071442216635,0,-0.0179,0.0221
Graham Slaggert,,8483563,2,0.0021158037707209587,0.0020696071442216635,0,-0.0179,0.0221
Graham Slaggert,,8483563,3,0.002115753013640642,0.0020696071442216635,0,-0.0179,0.0221
Graham Slaggert,,8483563,4,0.002115195617079735,0.0020696071442216635,0,-0.0179,0.0221
Graham Slaggert,,8483563,5,0.002115420065820217,0.0020696071442216635,0,-0.0179,0.0221
Graham Slaggert,,8483563,6,0.0021155723370611668,0.0020696071442216635,0,-0.0179,0.0221
Graham Slaggert,,8483563,7,0.0021156687289476395,0.0020696071442216635,0,-0.0179,0.0221
Graham Slaggert,,8483563,8,0.00211566430516541,0.0020696071442216635,0,-0.0179,0.0221
Antti Tuomisto,DET,8481587,0,-8.204358164221048e-05,-0.0001262629230041057,0,-0.0201,0.0199
Antti Tuomisto,DET,8481587,1,-8.14602681202814e-05,-0.0001262629230041057,0,-0.0201,0.0199
Antti Tuomisto,DET,8481587,2,-8.090149640338495e-05,-0.0001262629230041057,0,-0.0201,0.0199
Antti Tuomisto,DET,8481587,3,-8.095839439192787e-05,-0.0001262629230041057,0,-0.0201,0.0199
Antti Tuomisto,DET,8481587,4,-8.152260852511972e-05,-0.0001262629230041057,0,-0.0201,0.0199
Antti Tuomisto,DET,8481587,5,-8.130115747917444e-05,-0.0001262629230041057,0,-0.0201,0.0199
Antti Tuomisto,DET,8481587,6,-8.115392120089382e-05,-0.0001262629230041057,0,-0.0201,0.0199
Antti Tuomisto,DET,8481587,7,-8.105789311230183e-05,-0.0001262629230041057,0,-0.0201,0.0199
Antti Tuomisto,DET,8481587,8,-8.106399764074013e-05,-0.0001262629230041057,0,-0.0201,0.0199
Brennan Othmann,NYR,8482747,0,-0.0004696967080235481,-0.0005137805710546672,0,-0.0205,0.0195
Brennan Othmann,NYR,8482747,1,-0.0004691152716986835,-0.0005137805710546672,0,-0.0205,0.0195
Brennan Othmann,NYR,8482747,2,-0.00046855767141096294,-0.0005137805710546672,0,-0.0205,0.0195
Brennan Othmann,NYR,8482747,3,-0.0004686158790718764,-0.0005137805710546672,0,-0.0205,0.0195
Brennan Othmann,NYR,8482747,4,-0.00046918116277083755,-0.0005137805710546672,0,-0.0205,0.0195
Brennan Othmann,NYR,8482747,5,-0.00046896032290533185,-0.0005137805710546672,0,-0.0205,0.0195
Brennan Othmann,NYR,8482747,6,-0.000468813581392169,-0.0005137805710546672,0,-0.0205,0.0195
Brennan Othmann,NYR,8482747,7,-0.00046871788799762726,-0.0005137805710546672,0,-0.0205,0.0195
Brennan Othmann,NYR,8482747,8,-0.00046872429084032774,-0.0005137805710546672,0,-0.0205,0.0195
Dylan Roobroeck,NYR,8484461,0,-0.0003551393747329712,-0.0003992663696408272,0,-0.0204,0.0196
Dylan Roobroeck,NYR,8484461,1,-0.00035455735633149743,-0.0003992663696408272,0,-0.0204,0.0196
Dylan Roobroeck,NYR,8484461,2,-0.0003539993485901505,-0.0003992663696408272,0,-0.0204,0.0196
Dylan Roobroeck,NYR,8484461,3,-0.000354057177901268,-0.0003992663696408272,0,-0.0204,0.0196
Dylan Roobroeck,NYR,8484461,4,-0.0003546219668351114,-0.0003992663696408272,0,-0.0204,0.0196
Dylan Roobroeck,NYR,8484461,5,-0.0003544010396581143,-0.0003992663696408272,0,-0.0204,0.0196
Dylan Roobroeck,NYR,8484461,6,-0.0003542541526257992,-0.0003992663696408272,0,-0.0204,0.0196
Dylan Roobroeck,NYR,8484461,7,-0.0003541584010235965,-0.0003992663696408272,0,-0.0204,0.0196
Dylan Roobroeck,NYR,8484461,8,-0.00035416451282799244,-0.0003992663696408272,0,-0.0204,0.0196
Ryan Schmelzer,NJD,8481115,0,-0.0005161628359928727,-0.0005602142191492021,0,-0.0205,0.0195
Ryan Schmelzer,NJD,8481115,1,-0.0005155815742909908,-0.0005602142191492021,0,-0.0205,0.0195
Ryan Schmelzer,NJD,8481115,2,-0.0005150246433913708,-0.0005602142191492021,0,-0.0205,0.0195
Ryan Schmelzer,NJD,8481115,3,-0.0005150827928446233,-0.0005602142191492021,0,-0.0205,0.0195
Ryan Schmelzer,NJD,8481115,4,-0.0005156484548933804,-0.0005602142191492021,0,-0.0205,0.0195
Ryan Schmelzer,NJD,8481115,5,-0.0005154277314431965,-0.0005602142191492021,0,-0.0205,0.0195
Ryan Schmelzer,NJD,8481115,6,-0.0005152813391759992,-0.0005602142191492021,0,-0.0205,0.0195
Ryan Schmelzer,NJD,8481115,7,-0.0005151856457814574,-0.0005602142191492021,0,-0.0205,0.0195
Ryan Schmelzer,NJD,8481115,8,-0.0005151916993781924,-0.0005602142191492021,0,-0.0205,0.0195
Mikael Diotte,NJD,8483085,0,-3.747294977074489e-05,-8.170875662472099e-05,0,-0.02,0.02
Mikael Diotte,NJD,8483085,1,-3.6889512557536364e-05,-8.170875662472099e-05,0,-0.02,0.02
Mikael Diotte,NJD,8483085,2,-3.633051528595388e-05,-8.170875662472099e-05,0,-0.02,0.02
Mikael Diotte,NJD,8483085,3,-3.638730413513258e-05,-8.170875662472099e-05,0,-0.02,0.02
Mikael Diotte,NJD,8483085,4,-3.695136547321454e-05,-8.170875662472099e-05,0,-0.02,0.02
Mikael Diotte,NJD,8483085,5,-3.6729845305671915e-05,-8.170875662472099e-05,0,-0.02,0.02
Mikael Diotte,NJD,8483085,6,-3.658251807792112e-05,-8.170875662472099e-05,0,-0.02,0.02
Mikael Diotte,NJD,8483085,7,-3.6486493627307937e-05,-8.170875662472099e-05,0,-0.02,0.02
Mikael Diotte,NJD,8483085,8,-3.64925290341489e-05,-8.170875662472099e-05,0,-0.02,0.02
Nathan Sucese,,8482064,0,-4.062896914547309e-05,-8.486691513098776e-05,0,-0.02,0.02
Nathan Sucese,,8482064,1,-4.004548827651888e-05,-8.486691513098776e-05,0,-0.02,0.02
Nathan Sucese,,8482064,2,-3.948649828089401e-05,-8.486691513098776e-05,0,-0.02,0.02
Nathan Sucese,,8482064,3,-3.9543236198369414e-05,-8.486691513098776e-05,0,-0.02,0.02
Nathan Sucese,,8482064,4,-4.01073120883666e-05,-8.486691513098776e-05,0,-0.02,0.02
Nathan Sucese,,8482064,5,-3.9885755541035905e-05,-8.486691513098776e-05,0,-0.02,0.02
Nathan Sucese,,8482064,6,-3.9738450141157955e-05,-8.486691513098776e-05,0,-0.02,0.02
Nathan Sucese,,8482064,7,-3.964239658671431e-05,-8.486691513098776e-05,0,-0.02,0.02
Nathan Sucese,,8482064,8,-3.964843199355528e-05,-8.486691513098776e-05,0,-0.02,0.02
Max Willman,,8478051,0,-0.0003228936984669417,-0.00036702086799778044,0,-0.0203,0.0197
Max Willman,,8478051,1,-0.0003223117091692984,-0.00036702086799778044,0,-0.0203,0.0197
Max Willman,,8478051,2,-0.00032175370142795146,-0.00036702086799778044,0,-0.0203,0.0197
Max Willman,,8478051,3,-0.0003218115889467299,-0.00036702086799778044,0,-0.0203,0.0197
Max Willman,,8478051,4,-0.00032237626146525145,-0.00036702086799778044,0,-0.0203,0.0197
Max Willman,,8478051,5,-0.0003221555089112371,-0.00036702086799778044,0,-0.0203,0.0197
Max Willman,,8478051,6,-0.00032200844725593925,-0.00036702086799778044,0,-0.0203,0.0197
Max Willman,,8478051,7,-0.0003219128120690584,-0.00036702086799778044,0,-0.0203,0.0197
Max Willman,,8478051,8,-0.00032191877835430205,-0.00036702086799778044,0,-0.0203,0.0197
Anton Blidh,NYR,8477320,0,0.0013515664031729102,0.0013068062253296375,0,-0.0186,0.0214
Anton Blidh,NYR,8477320,1,0.0013521563960239291,0.0013068062253296375,0,-0.0186,0.0214
Anton Blidh,NYR,8477320,2,0.0013527204282581806,0.0013068062253296375,0,-0.0186,0.0214
Anton Blidh,NYR,8477320,3,0.0013526685070246458,0.0013068062253296375,0,-0.0186,0.0214
Anton Blidh,NYR,8477320,4,0.0013521079672500491,0.0013068062253296375,0,-0.0186,0.0214
Anton Blidh,NYR,8477320,5,0.0013523325324058533,0.0013068062253296375,0,-0.0186,0.0214
Anton Blidh,NYR,8477320,6,0.0013524821260944009,0.0013068062253296375,0,-0.0186,0.0214
Anton Blidh,NYR,8477320,7,0.0013525791000574827,0.0013068062253296375,0,-0.0186,0.0214
Anton Blidh,NYR,8477320,8,0.001352574210613966,0.0013068062253296375,0,-0.0186,0.0214
Adam Edstrom,NYR,8481726,0,-0.00142824393697083,-0.001400510547682643,0,-0.0214,0.0186
Adam Edstrom,NYR,8481726,1,-0.0014276661677286029,-0.001400510547682643,0,-0.0214,0.0186
Adam Edstrom,NYR,8481726,2,-0.001427111797966063,-0.001400510547682643,0,-0.0214,0.0186
Adam Edstrom,NYR,8481726,3,-0.001427173032425344,-0.001400510547682643,0,-0.0214,0.0186
Adam Edstrom,NYR,8481726,4,-0.001427740091457963,-0.001400510547682643,0,-0.0214,0.0186
Adam Edstrom,NYR,8481726,5,-0.0014275215798988938,-0.001400510547682643,0,-0.0214,0.0186
Adam Edstrom,NYR,8481726,6,-0.0014273759443312883,-0.001400510547682643,0,-0.0214,0.0186
Adam Edstrom,NYR,8481726,7,-0.0014272810658439994,-0.001400510547682643,0,-0.0214,0.0186
Adam Edstrom,NYR,8481726,8,-0.0014272874686866999,-0.001400510547682643,0,-0.0214,0.0186
Brett Berard,NYR,8482132,0,-0.0008203012985177338,-0.000850162876304239,0,-0.0208,0.0192
Brett Berard,NYR,8482132,1,-0.0008197213755920529,-0.000850162876304239,0,-0.0208,0.0192
Brett Berard,NYR,8482132,2,-0.0008191647939383984,-0.000850162876304239,0,-0.0208,0.0192
Brett Berard,NYR,8482132,3,-0.0008192241657525301,-0.000850162876304239,0,-0.0208,0.0192
Brett Berard,NYR,8482132,4,-0.0008197898278012872,-0.000850162876304239,0,-0.0208,0.0192
Brett Berard,NYR,8482132,5,-0.0008195701520889997,-0.000850162876304239,0,-0.0208,0.0192
Brett Berard,NYR,8482132,6,-0.0008194234687834978,-0.000850162876304239,0,-0.0208,0.0192
Brett Berard,NYR,8482132,7,-0.0008193285902962089,-0.000850162876304239,0,-0.0208,0.0192
Brett Berard,NYR,8482132,8,-0.0008193342946469784,-0.000850162876304239,0,-0.0208,0.0192
Connor Mackey,NYR,8482067,0,-0.0001541403471492231,-0.00019833869009744376,0,-0.0202,0.0198
Connor Mackey,NYR,8482067,1,-0.00015355731011368334,-0.00019833869009744376,0,-0.0202,0.0198
Connor Mackey,NYR,8482067,2,-0.0001529987493995577,-0.00019833869009744376,0,-0.0202,0.0198
Connor Mackey,NYR,8482067,3,-0.00015305585111491382,-0.00019833869009744376,0,-0.0202,0.0198
Connor Mackey,NYR,8482067,4,-0.0001536201743874699,-0.00019833869009744376,0,-0.0202,0.0198
Connor Mackey,NYR,8482067,5,-0.0001533988834125921,-0.00019833869009744376,0,-0.0202,0.0198
Connor Mackey,NYR,8482067,6,-0.00015325169079005718,-0.00019833869009744376,0,-0.0202,0.0198
Connor Mackey,NYR,8482067,7,-0.0001531557645648718,-0.00019833869009744376,0,-0.0202,0.0198
Connor Mackey,NYR,8482067,8,-0.00015316178905777633,-0.00019833869009744376,0,-0.0202,0.0198
Rasmus Ristolainen,PHI,8477499,0,-0.0014782448997721076,-0.00027179415337741375,0,-0.0215,0.0185
Rasmus Ristolainen,PHI,8477499,1,-0.0014952026540413499,-0.00027179415337741375,0,-0.0215,0.0185
Rasmus Ristolainen,PHI,8477499,2,-0.0015121846226975322,-0.00027179415337741375,3,-0.013,0.01
Rasmus Ristolainen,PHI,8477499,3,-0.0015122437616810203,-0.00027179415337741375,0,-0.0215,0.0185
Rasmus Ristolainen,PHI,8477499,4,-0.001512810355052352,-0.00027179415337741375,0,-0.0215,0.0185
Rasmus Ristolainen,PHI,8477499,5,-0.0015125904465094209,-0.00027179415337741375,0,-0.0215,0.0185
Rasmus Ristolainen,PHI,8477499,6,-0.0015124442288652062,-0.00027179415337741375,0,-0.0215,0.0185
Rasmus Ristolainen,PHI,8477499,7,-0.0015123490011319518,-0.00027179415337741375,0,-0.0215,0.0185
Rasmus Ristolainen,PHI,8477499,8,-0.0015123554039746523,-0.00027179415337741375,0,-0.0215,0.0185
Brayden Point,TBL,8478010,0,0.015671592205762863,0.014481810852885246,0,-0.0043,0.0357
Brayden Point,TBL,8478010,1,0.01567981205880642,0.014481810852885246,5,0.0068,0.0246
Brayden Point,TBL,8478010,2,0.015643499791622162,0.014481810852885246,2,0.0015,0.0297
Brayden Point,TBL,8478010,3,0.015643468126654625,0.014481810852885246,0,-0.0044,0.0356
Brayden Point,TBL,8478010,4,0.01564292423427105,0.014481810852885246,0,-0.0044,0.0356
Brayden Point,TBL,8478010,5,0.01564316265285015,0.014481810852885246,0,-0.0044,0.0356
Brayden Point,TBL,8478010,6,0.015643320977687836,0.014481810852885246,0,-0.0044,0.0356
Brayden Point,TBL,8478010,7,0.015643423423171043,0.014481810852885246,0,-0.0044,0.0356
Brayden Point,TBL,8478010,8,0.015643421560525894,0.014481810852885246,0,-0.0044,0.0356
A.J. Greer,FLA,8478421,0,-0.002625043038278818,-0.0014400541549548507,0,-0.0226,0.0174
A.J. Greer,FLA,8478421,1,-0.0026244674809277058,-0.0014400541549548507,0,-0.0226,0.0174
A.J. Greer,FLA,8478421,2,-0.002623914275318384,-0.0014400541549548507,0,-0.0226,0.0174
A.J. Greer,FLA,8478421,3,-0.002623976906761527,-0.0014400541549548507,0,-0.0226,0.0174
A.J. Greer,FLA,8478421,4,-0.0026245457120239735,-0.0014400541549548507,0,-0.0226,0.0174
A.J. Greer,FLA,8478421,5,-0.002624327316880226,-0.0014400541549548507,0,-0.0226,0.0174
A.J. Greer,FLA,8478421,6,-0.0026241829618811607,-0.0014400541549548507,0,-0.0226,0.0174
A.J. Greer,FLA,8478421,7,-0.0026240875013172626,-0.0014400541549548507,0,-0.0226,0.0174
A.J. Greer,FLA,8478421,8,-0.0026240949518978596,-0.0014400541549548507,0,-0.0226,0.0174
Nate Schmidt,UTA,8477220,0,-0.000628914509434253,-0.0005299008334986866,0,-0.0206,0.0194
Nate Schmidt,UTA,8477220,1,-0.000628332665655762,-0.0005299008334986866,0,-0.0206,0.0194
Nate Schmidt,UTA,8477220,2,-0.0006277748616412282,-0.0005299008334986866,0,-0.0206,0.0194
Nate Schmidt,UTA,8477220,3,-0.0006278328946791589,-0.0005299008334986866,0,-0.0206,0.0194
Nate Schmidt,UTA,8477220,4,-0.0006283977418206632,-0.0005299008334986866,0,-0.0206,0.0194
Nate Schmidt,UTA,8477220,5,-0.0006281771929934621,-0.0005299008334986866,0,-0.0206,0.0194
Nate Schmidt,UTA,8477220,6,-0.0006280299858190119,-0.0005299008334986866,0,-0.0206,0.0194
Nate Schmidt,UTA,8477220,7,-0.0006279347580857575,-0.0005299008334986866,0,-0.0206,0.0194
Nate Schmidt,UTA,8477220,8,-0.0006279404042288661,-0.0005299008334986866,0,-0.0206,0.0194
Rasmus Sandin,WSH,8480873,0,0.0010962330270558596,0.0013493845472112298,0,-0.0189,0.0211
Rasmus Sandin,WSH,8480873,1,0.0010968229034915566,0.0013493845472112298,0,-0.0189,0.0211
Rasmus Sandin,WSH,8480873,2,0.0010973880998790264,0.0013493845472112298,0,-0.0189,0.0211
Rasmus Sandin,WSH,8480873,3,0.001097335945814848,0.0013493845472112298,0,-0.0189,0.0211
Rasmus Sandin,WSH,8480873,4,0.001096776220947504,0.0013493845472112298,0,-0.0189,0.0211
Rasmus Sandin,WSH,8480873,5,0.0010970007861033082,0.0013493845472112298,0,-0.0189,0.0211
Rasmus Sandin,WSH,8480873,6,0.0010971503797918558,0.0013493845472112298,0,-0.0189,0.0211
Rasmus Sandin,WSH,8480873,7,0.0010972475865855813,0.0013493845472112298,0,-0.0189,0.0211
Rasmus Sandin,WSH,8480873,8,0.0010972421150654554,0.0013493845472112298,0,-0.0189,0.0211
Pierre-Luc Dubois,WSH,8479400,0,-0.003274722723290324,-0.0032890457659959793,0,-0.0233,0.0167
Pierre-Luc Dubois,WSH,8479400,1,-0.003274155780673027,-0.0032890457659959793,0,-0.0233,0.0167
Pierre-Luc Dubois,WSH,8479400,2,-0.0032736107241362333,-0.0032890457659959793,0,-0.0233,0.0167
Pierre-Luc Dubois,WSH,8479400,3,-0.0032736798748373985,-0.0032890457659959793,0,-0.0233,0.0167
Pierre-Luc Dubois,WSH,8479400,4,-0.003274252638220787,-0.0032890457659959793,0,-0.0233,0.0167
Pierre-Luc Dubois,WSH,8479400,5,-0.0032740398310124874,-0.0032890457659959793,0,-0.0233,0.0167
Pierre-Luc Dubois,WSH,8479400,6,-0.003273896872997284,-0.0032890457659959793,0,-0.0233,0.0167
Pierre-Luc Dubois,WSH,8479400,7,-0.0032738049048930407,-0.0032890457659959793,0,-0.0233,0.0167
Pierre-Luc Dubois,WSH,8479400,8,-0.003273811424151063,-0.0032890457659959793,0,-0.0233,0.0167
Connor McMichael,WSH,8481580,0,-0.004419241566210985,-0.0028983158990740776,0,-0.0244,0.0156
Connor McMichael,WSH,8481580,1,-0.004418672062456608,-0.0028983158990740776,0,-0.0244,0.0156
Connor McMichael,WSH,8481580,2,-0.004418124444782734,-0.0028983158990740776,0,-0.0244,0.0156
Connor McMichael,WSH,8481580,3,-0.004418191500008106,-0.0028983158990740776,0,-0.0244,0.0156
Connor McMichael,WSH,8481580,4,-0.004418762866407633,-0.0028983158990740776,0,-0.0244,0.0156
Connor McMichael,WSH,8481580,5,-0.004418547730892897,-0.0028983158990740776,0,-0.0244,0.0156
Connor McMichael,WSH,8481580,6,-0.0044184052385389805,-0.0028983158990740776,0,-0.0244,0.0156
Connor McMichael,WSH,8481580,7,-0.004418312106281519,-0.0028983158990740776,0,-0.0244,0.0156
Connor McMichael,WSH,8481580,8,-0.004418319556862116,-0.0028983158990740776,0,-0.0244,0.0156
Hendrix Lapierre,WSH,8482148,0,-0.0003616821195464581,-0.00040579805499874055,0,-0.0204,0.0196
Hendrix Lapierre,WSH,8482148,1,-0.0003610999556258321,-0.00040579805499874055,0,-0.0204,0.0196
Hendrix Lapierre,WSH,8482148,2,-0.000360542384441942,-0.00040579805499874055,0,-0.0204,0.0196
Hendrix Lapierre,WSH,8482148,3,-0.0003606000973377377,-0.00040579805499874055,0,-0.0204,0.0196
Hendrix Lapierre,WSH,8482148,4,-0.00036116508999839425,-0.00040579805499874055,0,-0.0204,0.0196
Hendrix Lapierre,WSH,8482148,5,-0.0003609441628213972,-0.00040579805499874055,0,-0.0204,0.0196
Hendrix Lapierre,WSH,8482148,6,-0.0003607973631005734,-0.00040579805499874055,0,-0.0204,0.0196
Hendrix Lapierre,WSH,8482148,7,-0.0003607016697060317,-0.00040579805499874055,0,-0.0204,0.0196
Hendrix Lapierre,WSH,8482148,8,-0.0003607076941989362,-0.00040579805499874055,0,-0.0204,0.0196
Damon Severson,CBJ,8476923,0,-0.00143910082988441,-0.001185529283247888,0,-0.0214,0.0186
Damon Severson,CBJ,8476923,1,-0.001438523642718792,-0.001185529283247888,0,-0.0214,0.0186
Damon Severson,CBJ,8476923,2,-0.0014379707863554358,-0.001185529283247888,0,-0.0214,0.0186
Damon Severson,CBJ,8476923,3,-0.0014380322536453605,-0.001185529283247888,0,-0.0214,0.0186
Damon Severson,CBJ,8476923,4,-0.0014386005932465196,-0.001185529283247888,0,-0.0214,0.0186
Damon Severson,CBJ,8476923,5,-0.0014383819652721286,-0.001185529283247888,0,-0.0214,0.0186
Damon Severson,CBJ,8476923,6,-0.001438237028196454,-0.001185529283247888,0,-0.0214,0.0186
Damon Severson,CBJ,8476923,7,-0.0014381423825398088,-0.001185529283247888,0,-0.0214,0.0186
Damon Severson,CBJ,8476923,8,-0.0014381487853825092,-0.001185529283247888,0,-0.0214,0.0186
Vince Dunn,SEA,8478407,0,-0.0035928639117628336,-0.0016682988498359919,0,-0.0236,0.0164
Vince Dunn,SEA,8478407,1,-0.003592289285734296,-0.0016682988498359919,0,-0.0236,0.0164
Vince Dunn,SEA,8478407,2,-0.0035917372442781925,-0.0016682988498359919,0,-0.0236,0.0164
Vince Dunn,SEA,8478407,3,-0.0035917996428906918,-0.0016682988498359919,0,-0.0236,0.0164
Vince Dunn,SEA,8478407,4,-0.003592368680983782,-0.0016682988498359919,0,-0.0236,0.0164
Vince Dunn,SEA,8478407,5,-0.0035921502858400345,-0.0016682988498359919,0,-0.0236,0.0164
Vince Dunn,SEA,8478407,6,-0.003592005930840969,-0.0016682988498359919,0,-0.0236,0.0164
Vince Dunn,SEA,8478407,7,-0.003591911867260933,-0.0016682988498359919,0,-0.0236,0.0164
Vince Dunn,SEA,8478407,8,-0.0035919181536883116,-0.0016682988498359919,0,-0.0236,0.0164
Max McCormick,SEA,8476323,0,-0.0008153314120136201,-0.0008592191152274609,0,-0.0208,0.0192
Max McCormick,SEA,8476323,1,-0.0008147522457875311,-0.0008592191152274609,0,-0.0208,0.0192
Max McCormick,SEA,8476323,2,-0.0008141967700794339,-0.0008592191152274609,0,-0.0208,0.0192
Max McCormick,SEA,8476323,3,-0.000814256607554853,-0.0008592191152274609,0,-0.0208,0.0192
Max McCormick,SEA,8476323,4,-0.0008148232009261847,-0.0008592191152274609,0,-0.0208,0.0192
Max McCormick,SEA,8476323,5,-0.0008146036416292191,-0.0008592191152274609,0,-0.0208,0.0192
Max McCormick,SEA,8476323,6,-0.0008144577732309699,-0.0008592191152274609,0,-0.0208,0.0192
Max McCormick,SEA,8476323,7,-0.0008143623708747327,-0.0008592191152274609,0,-0.0208,0.0192
Max McCormick,SEA,8476323,8,-0.0008143687737174332,-0.0008592191152274609,0,-0.0208,0.0192
Mikael Backlund,CGY,8474150,0,-0.006177769508212805,-0.004825398325920105,0,-0.0262,0.0138
Mikael Backlund,CGY,8474150,1,-0.006177208386361599,-0.004825398325920105,0,-0.0262,0.0138
Mikael Backlund,CGY,8474150,2,-0.006176668684929609,-0.004825398325920105,0,-0.0262,0.0138
Mikael Backlund,CGY,8474150,3,-0.006176741793751717,-0.004825398325920105,0,-0.0262,0.0138
Mikael Backlund,CGY,8474150,4,-0.006177316885441542,-0.004825398325920105,0,-0.0262,0.0138
Mikael Backlund,CGY,8474150,5,-0.006177108734846115,-0.004825398325920105,0,-0.0262,0.0138
Mikael Backlund,CGY,8474150,6,-0.006176966242492199,-0.004825398325920105,0,-0.0262,0.0138
Mikael Backlund,CGY,8474150,7,-0.006176876835525036,-0.004825398325920105,0,-0.0262,0.0138
Mikael Backlund,CGY,8474150,8,-0.006176881492137909,-0.004825398325920105,0,-0.0262,0.0138
Shane Wright,SEA,8483524,0,0.008472956717014313,0.007853295654058456,0,-0.0115,0.0285
Shane Wright,SEA,8483524,1,0.008473572321236134,0.007853295654058456,0,-0.0115,0.0285
Shane Wright,SEA,8483524,2,0.008474155329167843,0.007853295654058456,0,-0.0115,0.0285
Shane Wright,SEA,8483524,3,0.008474119007587433,0.007853295654058456,0,-0.0115,0.0285
Shane Wright,SEA,8483524,4,0.008473573252558708,0.007853295654058456,0,-0.0115,0.0285
Shane Wright,SEA,8483524,5,0.008473808877170086,0.007853295654058456,0,-0.0115,0.0285
Shane Wright,SEA,8483524,6,0.008473964408040047,0.007853295654058456,0,-0.0115,0.0285
Shane Wright,SEA,8483524,7,0.008474067784845829,0.007853295654058456,0,-0.0115,0.0285
Shane Wright,SEA,8483524,8,0.008474061265587807,0.007853295654058456,0,-0.0115,0.0285
Ilya Solovyov,PIT,8482470,0,-0.0001503102685092017,-0.00019450110266916454,0,-0.0202,0.0198
Ilya Solovyov,PIT,8482470,1,-0.00014972742064855993,-0.00019450110266916454,0,-0.0201,0.0199
Ilya Solovyov,PIT,8482470,2,-0.00014916888903826475,-0.00019450110266916454,0,-0.0201,0.0199
Ilya Solovyov,PIT,8482470,3,-0.00014922604896128178,-0.00019450110266916454,0,-0.0201,0.0199
Ilya Solovyov,PIT,8482470,4,-0.00014979047409724444,-0.00019450110266916454,0,-0.0201,0.0199
Ilya Solovyov,PIT,8482470,5,-0.00014956913946662098,-0.00019450110266916454,0,-0.0201,0.0199
Ilya Solovyov,PIT,8482470,6,-0.0001494220778113231,-0.00019450110266916454,0,-0.0201,0.0199
Ilya Solovyov,PIT,8482470,7,-0.00014932607882656157,-0.00019450110266916454,0,-0.0201,0.0199
Ilya Solovyov,PIT,8482470,8,-0.00014933221973478794,-0.00019450110266916454,0,-0.0201,0.0199
Andre Burakovsky,CHI,8477444,0,-0.001094572595320642,-0.001784836989827454,0,-0.0211,0.0189
Andre Burakovsky,CHI,8477444,1,-0.001093999482691288,-0.001784836989827454,0,-0.0211,0.0189
Andre Burakovsky,CHI,8477444,2,-0.0010934487218037248,-0.001784836989827454,0,-0.0211,0.0189
Andre Burakovsky,CHI,8477444,3,-0.0010935129830613732,-0.001784836989827454,0,-0.0211,0.0189
Andre Burakovsky,CHI,8477444,4,-0.0010940827196463943,-0.001784836989827454,0,-0.0211,0.0189
Andre Burakovsky,CHI,8477444,5,-0.0010938660707324743,-0.001784836989827454,0,-0.0211,0.0189
Andre Burakovsky,CHI,8477444,6,-0.0010937219485640526,-0.001784836989827454,0,-0.0211,0.0189
Andre Burakovsky,CHI,8477444,7,-0.0010936278849840164,-0.001784836989827454,0,-0.0211,0.0189
Andre Burakovsky,CHI,8477444,8,-0.0010936346370726824,-0.001784836989827454,0,-0.0211,0.0189
Samuel Honzek,CGY,8484180,0,0.00048547779442742467,0.0006654851604253054,0,-0.0195,0.0205
Samuel Honzek,CGY,8484180,1,0.00048606417840346694,0.0006654851604253054,0,-0.0195,0.0205
Samuel Honzek,CGY,8484180,2,0.0004866257368121296,0.0006654851604253054,0,-0.0195,0.0205
Samuel Honzek,CGY,8484180,3,0.0004865710507147014,0.0006654851604253054,0,-0.0195,0.0205
Samuel Honzek,CGY,8484180,4,0.0004860087938141078,0.0006654851604253054,0,-0.0195,0.0205
Samuel Honzek,CGY,8484180,5,0.0004862317582592368,0.0006654851604253054,0,-0.0195,0.0205
Samuel Honzek,CGY,8484180,6,0.00048638004227541387,0.0006654851604253054,0,-0.0195,0.0205
Samuel Honzek,CGY,8484180,7,0.00048647663788869977,0.0006654851604253054,0,-0.0195,0.0205
Samuel Honzek,CGY,8484180,8,0.0004864708171226084,0.0006654851604253054,0,-0.0195,0.0205
Chandler Stephenson,SEA,8476905,0,0.004296874161809683,0.0023367563262581825,0,-0.0157,0.0243
Chandler Stephenson,SEA,8476905,1,0.004297464154660702,0.0023367563262581825,0,-0.0157,0.0243
Chandler Stephenson,SEA,8476905,2,0.004298029467463493,0.0023367563262581825,0,-0.0157,0.0243
Chandler Stephenson,SEA,8476905,3,0.004297977779060602,0.0023367563262581825,0,-0.0157,0.0243
Chandler Stephenson,SEA,8476905,4,0.004297418054193258,0.0023367563262581825,0,-0.0157,0.0243
Chandler Stephenson,SEA,8476905,5,0.004297642502933741,0.0023367563262581825,0,-0.0157,0.0243
Chandler Stephenson,SEA,8476905,6,0.004297793377190828,0.0023367563262581825,0,-0.0157,0.0243
Chandler Stephenson,SEA,8476905,7,0.004297889303416014,0.0023367563262581825,0,-0.0157,0.0243
Chandler Stephenson,SEA,8476905,8,0.004297885578125715,0.0023367563262581825,0,-0.0157,0.0243
Jonathan Lekkerimäki,VAN,8483476,0,0.0008789953426457942,0.0006673542666248977,0,-0.0191,0.0209
Jonathan Lekkerimäki,VAN,8483476,1,0.0008795810863375664,0.0006673542666248977,0,-0.0191,0.0209
Jonathan Lekkerimäki,VAN,8483476,2,0.0008801420917734504,0.0006673542666248977,0,-0.0191,0.0209
Jonathan Lekkerimäki,VAN,8483476,3,0.0008800870273262262,0.0006673542666248977,0,-0.0191,0.0209
Jonathan Lekkerimäki,VAN,8483476,4,0.0008795243338681757,0.0006673542666248977,0,-0.0191,0.0209
Jonathan Lekkerimäki,VAN,8483476,5,0.000879746803548187,0.0006673542666248977,0,-0.0191,0.0209
Jonathan Lekkerimäki,VAN,8483476,6,0.0008798949420452118,0.0006673542666248977,0,-0.0191,0.0209
Jonathan Lekkerimäki,VAN,8483476,7,0.0008799915085546672,0.0006673542666248977,0,-0.0191,0.0209
Jonathan Lekkerimäki,VAN,8483476,8,0.0008799855131655931,0.0006673542666248977,0,-0.0191,0.0209
Arshdeep Bains,VAN,8483395,0,0.0018146593356505036,0.001802432001568377,0,-0.0182,0.0218
Arshdeep Bains,VAN,8483395,1,0.001815251773223281,0.001802432001568377,0,-0.0182,0.0218
Arshdeep Bains,VAN,8483395,2,0.0018158176681026816,0.001802432001568377,0,-0.0182,0.0218
Arshdeep Bains,VAN,8483395,3,0.0018157673766836524,0.001802432001568377,0,-0.0182,0.0218
Arshdeep Bains,VAN,8483395,4,0.0018152081174775958,0.001802432001568377,0,-0.0182,0.0218
Arshdeep Bains,VAN,8483395,5,0.0018154338467866182,0.001802432001568377,0,-0.0182,0.0218
Arshdeep Bains,VAN,8483395,6,0.0018155839061364532,0.001802432001568377,0,-0.0182,0.0218
Arshdeep Bains,VAN,8483395,7,0.0018156816950067878,0.001802432001568377,0,-0.0182,0.0218
Arshdeep Bains,VAN,8483395,8,0.00181567610707134,0.001802432001568377,0,-0.0182,0.0218
Pius Suter,STL,8480459,0,0.002820381196215749,0.0019380970625206828,0,-0.0172,0.0228
Pius Suter,STL,8480459,1,0.002820974914357066,0.0019380970625206828,0,-0.0172,0.0228
Pius Suter,STL,8480459,2,0.0028215437196195126,0.0019380970625206828,0,-0.0172,0.0228
Pius Suter,STL,8480459,3,0.002821494359523058,0.0019380970625206828,0,-0.0172,0.0228
Pius Suter,STL,8480459,4,0.0028209369629621506,0.0019380970625206828,0,-0.0172,0.0228
Pius Suter,STL,8480459,5,0.0028211637400090694,0.0019380970625206828,0,-0.0172,0.0228
Pius Suter,STL,8480459,6,0.002821314614266157,0.0019380970625206828,0,-0.0172,0.0228
Pius Suter,STL,8480459,7,0.0028214133344590664,0.0019380970625206828,0,-0.0172,0.0228
Pius Suter,STL,8480459,8,0.0028214072808623314,0.0019380970625206828,0,-0.0172,0.0228
Mark Friedman,,8478017,0,-4.140090459259227e-05,-8.563358278479427e-05,0,-0.02,0.02
Mark Friedman,,8478017,1,-4.08174455515109e-05,-8.563358278479427e-05,0,-0.02,0.02
Mark Friedman,,8478017,2,-4.02585428673774e-05,-8.563358278479427e-05,0,-0.02,0.02
Mark Friedman,,8478017,3,-4.031530988868326e-05,-8.563358278479427e-05,0,-0.02,0.02
Mark Friedman,,8478017,4,-4.087944398634136e-05,-8.563358278479427e-05,0,-0.02,0.02
Mark Friedman,,8478017,5,-4.0657887439010665e-05,-8.563358278479427e-05,0,-0.02,0.02
Mark Friedman,,8478017,6,-4.0510632970836014e-05,-8.563358278479427e-05,0,-0.02,0.02
Mark Friedman,,8478017,7,-4.041456486447714e-05,-8.563358278479427e-05,0,-0.02,0.02
Mark Friedman,,8478017,8,-4.0420629375148565e-05,-8.563358278479427e-05,0,-0.02,0.02
Phillip Di Giuseppe,WPG,8476858,0,-0.00024113853578455746,-0.0002852803445421159,0,-0.0202,0.0198
Phillip Di Giuseppe,WPG,8476858,1,-0.000240556153585203,-0.0002852803445421159,0,-0.0202,0.0198
Phillip Di Giuseppe,WPG,8476858,2,-0.00023999821860343218,-0.0002852803445421159,0,-0.0202,0.0198
Phillip Di Giuseppe,WPG,8476858,3,-0.0002400557859800756,-0.0002852803445421159,0,-0.0202,0.0198
Phillip Di Giuseppe,WPG,8476858,4,-0.00024062054581008852,-0.0002852803445421159,0,-0.0202,0.0198
Phillip Di Giuseppe,WPG,8476858,5,-0.00024039953132160008,-0.0002852803445421159,0,-0.0202,0.0198
Phillip Di Giuseppe,WPG,8476858,6,-0.00024025258608162403,-0.0002852803445421159,0,-0.0202,0.0198
Phillip Di Giuseppe,WPG,8476858,7,-0.0002401567908236757,-0.0002852803445421159,0,-0.0202,0.0198
Phillip Di Giuseppe,WPG,8476858,8,-0.0002401629462838173,-0.0002852803445421159,0,-0.0202,0.0198
Frank Vatrano,ANA,8478366,0,-0.008214853703975677,-0.007472835946828127,0,-0.0282,0.0118
Frank Vatrano,ANA,8478366,1,-0.008214299567043781,-0.007472835946828127,0,-0.0282,0.0118
Frank Vatrano,ANA,8478366,2,-0.008213765919208527,-0.007472835946828127,0,-0.0282,0.0118
Frank Vatrano,ANA,8478366,3,-0.008213845081627369,-0.007472835946828127,0,-0.0282,0.0118
Frank Vatrano,ANA,8478366,4,-0.008214425295591354,-0.007472835946828127,0,-0.0282,0.0118
Frank Vatrano,ANA,8478366,5,-0.008214219473302364,-0.007472835946828127,0,-0.0282,0.0118
Frank Vatrano,ANA,8478366,6,-0.008214080706238747,-0.007472835946828127,0,-0.0282,0.0118
Frank Vatrano,ANA,8478366,7,-0.008213990367949009,-0.007472835946828127,0,-0.0282,0.0118
Frank Vatrano,ANA,8478366,8,-0.008214001543819904,-0.007472835946828127,0,-0.0282,0.0118
Eemil Viro,DET,8482163,0,-4.528841964202002e-05,-8.951847848948091e-05,0,-0.02,0.02
Eemil Viro,DET,8482163,1,-4.470508429221809e-05,-8.951847848948091e-05,0,-0.02,0.02
Eemil Viro,DET,8482163,2,-4.4146123400423676e-05,-8.951847848948091e-05,0,-0.02,0.02
Eemil Viro,DET,8482163,3,-4.4202977733220905e-05,-8.951847848948091e-05,0,-0.02,0.02
Eemil Viro,DET,8482163,4,-4.476706817513332e-05,-8.951847848948091e-05,0,-0.02,0.02
Eemil Viro,DET,8482163,5,-4.454558438737877e-05,-8.951847848948091e-05,0,-0.02,0.02
Eemil Viro,DET,8482163,6,-4.43982717115432e-05,-8.951847848948091e-05,0,-0.02,0.02
Eemil Viro,DET,8482163,7,-4.430226908880286e-05,-8.951847848948091e-05,0,-0.02,0.02
Eemil Viro,DET,8482163,8,-4.430831177160144e-05,-8.951847848948091e-05,0,-0.02,0.02
Elmer Soderblom,DET,8481725,0,-0.001126205432228744,-0.0008294581202790141,0,-0.0211,0.0189
Elmer Soderblom,DET,8481725,1,-0.001125625683926046,-0.0008294581202790141,0,-0.0211,0.0189
Elmer Soderblom,DET,8481725,2,-0.0011250701500102878,-0.0008294581202790141,0,-0.0211,0.0189
Elmer Soderblom,DET,8481725,3,-0.0011251292889937758,-0.0008294581202790141,0,-0.0211,0.0189
Elmer Soderblom,DET,8481725,4,-0.0011256961151957512,-0.0008294581202790141,0,-0.0211,0.0189
Elmer Soderblom,DET,8481725,5,-0.0011254759738221765,-0.0008294581202790141,0,-0.0211,0.0189
Elmer Soderblom,DET,8481725,6,-0.0011253302218392491,-0.0008294581202790141,0,-0.0211,0.0189
Elmer Soderblom,DET,8481725,7,-0.0011252344120293856,-0.0008294581202790141,0,-0.0211,0.0189
Elmer Soderblom,DET,8481725,8,-0.0011252413969486952,-0.0008294581202790141,0,-0.0211,0.0189
Sheldon Dries,DET,8480326,0,-0.00010174776252824813,-0.00014595594257116318,0,-0.0201,0.0199
Sheldon Dries,DET,8480326,1,-0.00010116459452547133,-0.00014595594257116318,0,-0.0201,0.0199
Sheldon Dries,DET,8480326,2,-0.00010060596832772717,-0.00014595594257116318,0,-0.0201,0.0199
Sheldon Dries,DET,8480326,3,-0.00010066289542010054,-0.00014595594257116318,0,-0.0201,0.0199
Sheldon Dries,DET,8480326,4,-0.00010122728417627513,-0.00014595594257116318,0,-0.0201,0.0199
Sheldon Dries,DET,8480326,5,-0.00010100581857841462,-0.00014595594257116318,0,-0.0201,0.0199
Sheldon Dries,DET,8480326,6,-0.0001008586841635406,-0.00014595594257116318,0,-0.0201,0.0199
Sheldon Dries,DET,8480326,7,-0.00010076262697111815,-0.00014595594257116318,0,-0.0201,0.0199
Sheldon Dries,DET,8480326,8,-0.00010076876060338691,-0.00014595594257116318,0,-0.0201,0.0199
Cody Glass,NJD,8479996,0,0.0013069474371150136,0.0016603214899078012,0,-0.0187,0.0213
Cody Glass,NJD,8479996,1,0.001307539758272469,0.0016603214899078012,0,-0.0187,0.0213
Cody Glass,NJD,8479996,2,0.0013081057695671916,0.0016603214899078012,0,-0.0187,0.0213
Cody Glass,NJD,8479996,3,0.0013080553617328405,0.0016603214899078012,0,-0.0187,0.0213
Cody Glass,NJD,8479996,4,0.001307496102526784,0.0016603214899078012,0,-0.0187,0.0213
Cody Glass,NJD,8479996,5,0.0013077219482511282,0.0016603214899078012,0,-0.0187,0.0213
Cody Glass,NJD,8479996,6,0.0013078718911856413,0.0016603214899078012,0,-0.0187,0.0213
Cody Glass,NJD,8479996,7,0.001307969680055976,0.0016603214899078012,0,-0.0187,0.0213
Cody Glass,NJD,8479996,8,0.0013079643249511719,0.0016603214899078012,0,-0.0187,0.0213
Daniil Misyul,,8481536,0,-5.987070471746847e-05,-0.000104093698610086,0,-0.0201,0.0199
Daniil Misyul,,8481536,1,-5.9287427575327456e-05,-0.000104093698610086,0,-0.0201,0.0199
Daniil Misyul,,8481536,2,-5.872856127098203e-05,-0.000104093698610086,0,-0.0201,0.0199
Daniil Misyul,,8481536,3,-5.8785466535482556e-05,-0.000104093698610086,0,-0.0201,0.0199
Daniil Misyul,,8481536,4,-5.934962973697111e-05,-0.000104093698610086,0,-0.0201,0.0199
Daniil Misyul,,8481536,5,-5.91281677770894e-05,-0.000104093698610086,0,-0.0201,0.0199
Daniil Misyul,,8481536,6,-5.898089875699952e-05,-0.000104093698610086,0,-0.0201,0.0199
Daniil Misyul,,8481536,7,-5.888489613425918e-05,-0.000104093698610086,0,-0.0201,0.0199
Daniil Misyul,,8481536,8,-5.889094609301537e-05,-0.000104093698610086,0,-0.0201,0.0199
Jakub Zboril,,8478415,0,-0.00019027954840566963,-0.00023444845282938331,0,-0.0202,0.0198
Jakub Zboril,,8478415,1,-0.00018969694792758673,-0.00023444845282938331,0,-0.0202,0.0198
Jakub Zboril,,8478415,2,-0.00018913857638835907,-0.00023444845282938331,0,-0.0202,0.0198
Jakub Zboril,,8478415,3,-0.00018919602734968066,-0.00023444845282938331,0,-0.0202,0.0198
Jakub Zboril,,8478415,4,-0.00018976052524521947,-0.00023444845282938331,0,-0.0202,0.0198
Jakub Zboril,,8478415,5,-0.0001895393943414092,-0.00023444845282938331,0,-0.0202,0.0198
Jakub Zboril,,8478415,6,-0.00018939230358228087,-0.00023444845282938331,0,-0.0202,0.0198
Jakub Zboril,,8478415,7,-0.00018929646466858685,-0.00023444845282938331,0,-0.0202,0.0198
Jakub Zboril,,8478415,8,-0.0001893025473691523,-0.00023444845282938331,0,-0.0202,0.0198
Samuel Laberge,SJS,8478956,0,-0.0003108247765339911,-0.0003549483371898532,0,-0.0203,0.0197
Samuel Laberge,SJS,8478956,1,-0.0003102425835095346,-0.0003549483371898532,0,-0.0203,0.0197
Samuel Laberge,SJS,8478956,2,-0.00030968483770266175,-0.0003549483371898532,0,-0.0203,0.0197
Samuel Laberge,SJS,8478956,3,-0.00030974255059845746,-0.0003549483371898532,0,-0.0203,0.0197
Samuel Laberge,SJS,8478956,4,-0.0003103074268437922,-0.0003549483371898532,0,-0.0203,0.0197
Samuel Laberge,SJS,8478956,5,-0.0003100865287706256,-0.0003549483371898532,0,-0.0203,0.0197
Samuel Laberge,SJS,8478956,6,-0.00030993964173831046,-0.0003549483371898532,0,-0.0203,0.0197
Samuel Laberge,SJS,8478956,7,-0.0003098438901361078,-0.0003549483371898532,0,-0.0203,0.0197
Samuel Laberge,SJS,8478956,8,-0.00030984997283667326,-0.0003549483371898532,0,-0.0203,0.0197
Andy Welinski,,8476407,0,-0.00035787327215075493,-0.000401948404032737,0,-0.0204,0.0196
Andy Welinski,,8476407,1,-0.0003572917194105685,-0.000401948404032737,0,-0.0204,0.0196
Andy Welinski,,8476407,2,-0.000356734381057322,-0.000401948404032737,0,-0.0204,0.0196
Andy Welinski,,8476407,3,-0.00035679261782206595,-0.000401948404032737,0,-0.0204,0.0196
Andy Welinski,,8476407,4,-0.0003573578142095357,-0.000401948404032737,0,-0.0204,0.0196
Andy Welinski,,8476407,5,-0.0003571371780708432,-0.000401948404032737,0,-0.0204,0.0196
Andy Welinski,,8476407,6,-0.00035699058207683265,-0.000401948404032737,0,-0.0204,0.0196
Andy Welinski,,8476407,7,-0.0003568947722669691,-0.000401948404032737,0,-0.0204,0.0196
Andy Welinski,,8476407,8,-0.0003569010877981782,-0.000401948404032737,0,-0.0204,0.0196
Josh Norris,BUF,8480064,0,-0.006931360345333815,-0.0025815560948103666,0,-0.0269,0.0131
Josh Norris,BUF,8480064,1,-0.006946946494281292,-0.0025815560948103666,0,-0.0269,0.0131
Josh Norris,BUF,8480064,2,-0.006962556857615709,-0.0025815560948103666,1,-0.027,0.013
Josh Norris,BUF,8480064,3,-0.006970783229917288,-0.0025815560948103666,0,-0.027,0.013
Josh Norris,BUF,8480064,4,-0.006979513913393021,-0.0025815560948103666,1,-0.027,0.013
Josh Norris,BUF,8480064,5,-0.0069792973808944225,-0.0025815560948103666,0,-0.027,0.013
Josh Norris,BUF,8480064,6,-0.00697915256023407,-0.0025815560948103666,0,-0.027,0.013
Josh Norris,BUF,8480064,7,-0.006979059427976608,-0.0025815560948103666,0,-0.027,0.013
Josh Norris,BUF,8480064,8,-0.006979065015912056,-0.0025815560948103666,0,-0.027,0.013
Jake Sanderson,OTT,8482105,0,0.005386142525821924,-0.0002622351748868823,0,-0.0146,0.0254
Jake Sanderson,OTT,8482105,1,0.005386725999414921,-0.0002622351748868823,0,-0.0146,0.0254
Jake Sanderson,OTT,8482105,2,0.005387284327298403,-0.0002622351748868823,0,-0.0146,0.0254
Jake Sanderson,OTT,8482105,3,0.0053872279822826385,-0.0002622351748868823,0,-0.0146,0.0254
Jake Sanderson,OTT,8482105,4,0.005386663600802422,-0.0002622351748868823,0,-0.0146,0.0254
Jake Sanderson,OTT,8482105,5,0.005386884789913893,-0.0002622351748868823,0,-0.0146,0.0254
Jake Sanderson,OTT,8482105,6,0.005387031938880682,-0.0002622351748868823,0,-0.0146,0.0254
Jake Sanderson,OTT,8482105,7,0.005387128330767155,-0.0002622351748868823,0,-0.0146,0.0254
Jake Sanderson,OTT,8482105,8,0.00538712227717042,-0.0002622351748868823,0,-0.0146,0.0254
Jake Evans,MTL,8478133,0,0.0053298682905733585,0.0026521519757807255,0,-0.0147,0.0253
Jake Evans,MTL,8478133,1,0.005419167689979076,0.0026521519757807255,0,-0.0146,0.0254
Jake Evans,MTL,8478133,2,0.0055084386840462685,0.0026521519757807255,0,-0.0145,0.0255
Jake Evans,MTL,8478133,3,0.005597095470875502,0.0026521519757807255,0,-0.0144,0.0256
Jake Evans,MTL,8478133,4,0.005685240961611271,0.0026521519757807255,1,-0.0143,0.0257
Jake Evans,MTL,8478133,5,0.005685468669980764,0.0026521519757807255,0,-0.0143,0.0257
Jake Evans,MTL,8478133,6,0.005685620009899139,0.0026521519757807255,0,-0.0143,0.0257
Jake Evans,MTL,8478133,7,0.005685718730092049,0.0026521519757807255,0,-0.0143,0.0257
Jake Evans,MTL,8478133,8,0.005685714073479176,0.0026521519757807255,0,-0.0143,0.0257
Noah Gregor,FLA,8479393,0,0.002148783765733242,0.0025860206224024296,0,-0.0179,0.0221
Noah Gregor,FLA,8479393,1,0.0021493786480277777,0.0025860206224024296,0,-0.0179,0.0221
Noah Gregor,FLA,8479393,2,0.002149948850274086,0.0025860206224024296,0,-0.0179,0.0221
Noah Gregor,FLA,8479393,3,0.002149899723008275,0.0025860206224024296,0,-0.0179,0.0221
Noah Gregor,FLA,8479393,4,0.002149343490600586,0.0025860206224024296,0,-0.0179,0.0221
Noah Gregor,FLA,8479393,5,0.0021495705004781485,0.0025860206224024296,0,-0.0179,0.0221
Noah Gregor,FLA,8479393,6,0.002149722073227167,0.0025860206224024296,0,-0.0179,0.0221
Noah Gregor,FLA,8479393,7,0.0021498200949281454,0.0025860206224024296,0,-0.0179,0.0221
Noah Gregor,FLA,8479393,8,0.0021498152054846287,0.0025860206224024296,0,-0.0179,0.0221
Oliver Kapanen,MTL,8482775,0,-0.0026146129239350557,-0.0016555105103179812,0,-0.0226,0.0174
Oliver Kapanen,MTL,8482775,1,-0.0026140373665839434,-0.0016555105103179812,0,-0.0226,0.0174
Oliver Kapanen,MTL,8482775,2,-0.002613486023619771,-0.0016555105103179812,0,-0.0226,0.0174
Oliver Kapanen,MTL,8482775,3,-0.002613549120724201,-0.0016555105103179812,0,-0.0226,0.0174
Oliver Kapanen,MTL,8482775,4,-0.0026141172274947166,-0.0016555105103179812,0,-0.0226,0.0174
Oliver Kapanen,MTL,8482775,5,-0.002613899763673544,-0.0016555105103179812,0,-0.0226,0.0174
Oliver Kapanen,MTL,8482775,6,-0.0026137554086744785,-0.0016555105103179812,0,-0.0226,0.0174
Oliver Kapanen,MTL,8482775,7,-0.002613660879433155,-0.0016555105103179812,0,-0.0226,0.0174
Oliver Kapanen,MTL,8482775,8,-0.002613667631521821,-0.0016555105103179812,0,-0.0226,0.0174
Thomas Chabot,OTT,8478469,0,0.0014622958842664957,0.00025891352561302483,0,-0.0185,0.0215
Thomas Chabot,OTT,8478469,1,0.001462880289182067,0.00025891352561302483,0,-0.0185,0.0215
Thomas Chabot,OTT,8478469,2,0.0014634407125413418,0.00025891352561302483,0,-0.0185,0.0215
Thomas Chabot,OTT,8478469,3,0.0014633849496021867,0.00025891352561302483,0,-0.0185,0.0215
Thomas Chabot,OTT,8478469,4,0.0014628216158598661,0.00025891352561302483,0,-0.0185,0.0215
Thomas Chabot,OTT,8478469,5,0.001463043736293912,0.00025891352561302483,0,-0.0185,0.0215
Thomas Chabot,OTT,8478469,6,0.0014631915837526321,0.00025891352561302483,0,-0.0185,0.0215
Thomas Chabot,OTT,8478469,7,0.0014632876263931394,0.00025891352561302483,0,-0.0185,0.0215
Thomas Chabot,OTT,8478469,8,0.0014632819220423698,0.00025891352561302483,0,-0.0185,0.0215
Ridly Greig,OTT,8482092,0,0.00047690427163615823,0.0023264808114618063,0,-0.0195,0.0205
Ridly Greig,OTT,8482092,1,0.0004715936374850571,0.0023264808114618063,1,-0.0195,0.0205
Ridly Greig,OTT,8482092,2,0.0004721604927908629,0.0023264808114618063,0,-0.0195,0.0205
Ridly Greig,OTT,8482092,3,0.0004721101722680032,0.0023264808114618063,0,-0.0195,0.0205
Ridly Greig,OTT,8482092,4,0.0004715516697615385,0.0023264808114618063,0,-0.0195,0.0205
Ridly Greig,OTT,8482092,5,0.0004717773699667305,0.0023264808114618063,0,-0.0195,0.0205
Ridly Greig,OTT,8482092,6,0.00047192786587402225,0.0023264808114618063,0,-0.0195,0.0205
Ridly Greig,OTT,8482092,7,0.00047202548012137413,0.0023264808114618063,0,-0.0195,0.0205
Ridly Greig,OTT,8482092,8,0.00047202029963955283,0.0023264808114618063,0,-0.0195,0.0205
Jayden Struble,MTL,8481593,0,-5.125402094563469e-05,-9.549583774060011e-05,0,-0.0201,0.0199
Jayden Struble,MTL,8481593,1,-5.067048186901957e-05,-9.549583774060011e-05,0,-0.0201,0.0199
Jayden Struble,MTL,8481593,2,-5.01114409416914e-05,-9.549583774060011e-05,0,-0.0201,0.0199
Jayden Struble,MTL,8481593,3,-5.016816430725157e-05,-9.549583774060011e-05,0,-0.0201,0.0199
Jayden Struble,MTL,8481593,4,-5.073218926554546e-05,-9.549583774060011e-05,0,-0.0201,0.0199
Jayden Struble,MTL,8481593,5,-5.051060361438431e-05,-9.549583774060011e-05,0,-0.0201,0.0199
Jayden Struble,MTL,8481593,6,-5.036330549046397e-05,-9.549583774060011e-05,0,-0.0201,0.0199
Jayden Struble,MTL,8481593,7,-5.0267193728359416e-05,-9.549583774060011e-05,0,-0.0201,0.0199
Jayden Struble,MTL,8481593,8,-5.027330189477652e-05,-9.549583774060011e-05,0,-0.0201,0.0199
Owen Tippett,PHI,8480015,0,-0.010243412107229233,-0.006975325755774975,0,-0.0302,0.0098
Owen Tippett,PHI,8480015,1,-0.010258127935230732,-0.006975325755774975,1,-0.0303,0.0097
Owen Tippett,PHI,8480015,2,-0.010257598012685776,-0.006975325755774975,0,-0.0303,0.0097
Owen Tippett,PHI,8480015,3,-0.010257676243782043,-0.006975325755774975,0,-0.0303,0.0097
Owen Tippett,PHI,8480015,4,-0.010258263908326626,-0.006975325755774975,0,-0.0303,0.0097
Owen Tippett,PHI,8480015,5,-0.010258056223392487,-0.006975325755774975,0,-0.0303,0.0097
Owen Tippett,PHI,8480015,6,-0.010257920250296593,-0.006975325755774975,0,-0.0303,0.0097
Owen Tippett,PHI,8480015,7,-0.01025782898068428,-0.006975325755774975,0,-0.0303,0.0097
Owen Tippett,PHI,8480015,8,-0.010257842019200325,-0.006975325755774975,0,-0.0303,0.0097
Connor Bedard,CHI,8484144,0,-0.0008783134981058538,0.001277349190786481,0,-0.0209,0.0191
Connor Bedard,CHI,8484144,1,-0.0008777296752668917,0.001277349190786481,0,-0.0209,0.0191
Connor Bedard,CHI,8484144,2,-0.000877170532476157,0.001277349190786481,0,-0.0209,0.0191
Connor Bedard,CHI,8484144,3,-0.0008772271685302258,0.001277349190786481,0,-0.0209,0.0191
Connor Bedard,CHI,8484144,4,-0.0008777909679338336,0.001277349190786481,0,-0.0209,0.0191
Connor Bedard,CHI,8484144,5,-0.0008775694295763969,0.001277349190786481,0,-0.0209,0.0191
Connor Bedard,CHI,8484144,6,-0.0008774219895713031,0.001277349190786481,0,-0.0209,0.0191
Connor Bedard,CHI,8484144,7,-0.0008773261215537786,0.001277349190786481,0,-0.0209,0.0191
Connor Bedard,CHI,8484144,8,-0.0008773317676968873,0.001277349190786481,0,-0.0209,0.0191
Tyler Bertuzzi,CHI,8477479,0,0.022058183327317238,0.017271196469664574,0,0.0021,0.0421
Tyler Bertuzzi,CHI,8477479,1,0.022058812901377678,0.017271196469664574,0,0.0021,0.0421
Tyler Bertuzzi,CHI,8477479,2,0.02205941453576088,0.017271196469664574,0,0.0021,0.0421
Tyler Bertuzzi,CHI,8477479,3,0.022059397771954536,0.017271196469664574,0,0.0021,0.0421
Tyler Bertuzzi,CHI,8477479,4,0.02205885946750641,0.017271196469664574,0,0.0021,0.0421
Tyler Bertuzzi,CHI,8477479,5,0.022059103474020958,0.017271196469664574,0,0.0021,0.0421
Tyler Bertuzzi,CHI,8477479,6,0.02205926924943924,0.017271196469664574,0,0.0021,0.0421
Tyler Bertuzzi,CHI,8477479,7,0.022059371694922447,0.017271196469664574,0,0.0021,0.0421
Tyler Bertuzzi,CHI,8477479,8,0.022059377282857895,0.017271196469664574,0,0.0021,0.0421
Seth Jones,FLA,8477495,0,0.005900837946683168,0.0060435268096625805,0,-0.0141,0.0259
Seth Jones,FLA,8477495,1,0.005901444237679243,0.0060435268096625805,0,-0.0141,0.0259
Seth Jones,FLA,8477495,2,0.0059020258486270905,0.0060435268096625805,0,-0.0141,0.0259
Seth Jones,FLA,8477495,3,0.005901987198740244,0.0060435268096625805,0,-0.0141,0.0259
Seth Jones,FLA,8477495,4,0.00590143958106637,0.0060435268096625805,0,-0.0141,0.0259
Seth Jones,FLA,8477495,5,0.005901671480387449,0.0060435268096625805,0,-0.0141,0.0259
Seth Jones,FLA,8477495,6,0.005901828408241272,0.0060435268096625805,0,-0.0141,0.0259
Seth Jones,FLA,8477495,7,0.0059019289910793304,0.0060435268096625805,0,-0.0141,0.0259
Seth Jones,FLA,8477495,8,0.005901924334466457,0.0060435268096625805,0,-0.0141,0.0259
Philipp Kurashev,SJS,8480798,0,-0.0013241093838587403,-0.0009914288530126214,0,-0.0213,0.0187
Philipp Kurashev,SJS,8480798,1,-0.0013235313817858696,-0.0009914288530126214,0,-0.0213,0.0187
Philipp Kurashev,SJS,8480798,2,-0.0013229777105152607,-0.0009914288530126214,0,-0.0213,0.0187
Philipp Kurashev,SJS,8480798,3,-0.0013230385957285762,-0.0009914288530126214,0,-0.0213,0.0187
Philipp Kurashev,SJS,8480798,4,-0.0013236061204224825,-0.0009914288530126214,0,-0.0213,0.0187
Philipp Kurashev,SJS,8480798,5,-0.0013233876088634133,-0.0009914288530126214,0,-0.0213,0.0187
Philipp Kurashev,SJS,8480798,6,-0.0013232417404651642,-0.0009914288530126214,0,-0.0213,0.0187
Philipp Kurashev,SJS,8480798,7,-0.0013231473276391625,-0.0009914288530126214,0,-0.0213,0.0187
Philipp Kurashev,SJS,8480798,8,-0.0013231533812358975,-0.0009914288530126214,0,-0.0213,0.0187
Egor Chinakhov,PIT,8482475,0,0.0012907686177641153,0.0017744197975844145,0,-0.0187,0.0213
Egor Chinakhov,PIT,8482475,1,0.0012514909030869603,0.0017744197975844145,2,-0.0128,0.0154
Egor Chinakhov,PIT,8482475,2,0.0012279466027393937,0.0017744197975844145,2,-0.0129,0.0153
Egor Chinakhov,PIT,8482475,3,0.0012278930516913533,0.0017744197975844145,0,-0.0188,0.0212
Egor Chinakhov,PIT,8482475,4,0.0012273313477635384,0.0017744197975844145,0,-0.0188,0.0212
Egor Chinakhov,PIT,8482475,5,0.0012275550980120897,0.0017744197975844145,0,-0.0188,0.0212
Egor Chinakhov,PIT,8482475,6,0.001227703527547419,0.0017744197975844145,0,-0.0188,0.0212
Egor Chinakhov,PIT,8482475,7,0.0012278008507564664,0.0017744197975844145,0,-0.0188,0.0212
Egor Chinakhov,PIT,8482475,8,0.0012277947971597314,0.0017744197975844145,0,-0.0188,0.0212
Pavel Dorofeyev,VGK,8481604,0,0.029143549501895905,0.02152823843061924,0,0.0091,0.0491
Pavel Dorofeyev,VGK,8481604,1,0.029297875240445137,0.02152823843061924,2,0.0152,0.0434
Pavel Dorofeyev,VGK,8481604,2,0.02947252243757248,0.02152823843061924,0,0.0095,0.0495
Pavel Dorofeyev,VGK,8481604,3,0.029646553099155426,0.02152823843061924,3,0.0181,0.0411
Pavel Dorofeyev,VGK,8481604,4,0.029755888506770134,0.02152823843061924,1,0.0098,0.0498
Pavel Dorofeyev,VGK,8481604,5,0.02988353744149208,0.02152823843061924,1,0.0099,0.0499
Pavel Dorofeyev,VGK,8481604,6,0.029923440888524055,0.02152823843061924,0,0.0099,0.0499
Pavel Dorofeyev,VGK,8481604,7,0.029963288456201553,0.02152823843061924,3,0.0185,0.0415
Pavel Dorofeyev,VGK,8481604,8,0.030036233365535736,0.02152823843061924,2,0.0159,0.0441
Zachary Aston-Reese,CBJ,8479944,0,-0.001144263194873929,-0.001187928020954132,0,-0.0211,0.0189
Zachary Aston-Reese,CBJ,8479944,1,-0.0011436862405389547,-0.001187928020954132,0,-0.0211,0.0189
Zachary Aston-Reese,CBJ,8479944,2,-0.001143133151344955,-0.001187928020954132,0,-0.0211,0.0189
Zachary Aston-Reese,CBJ,8479944,3,-0.001143195084296167,-0.001187928020954132,0,-0.0211,0.0189
Zachary Aston-Reese,CBJ,8479944,4,-0.001143763423897326,-0.001187928020954132,0,-0.0211,0.0189
Zachary Aston-Reese,CBJ,8479944,5,-0.001143544795922935,-0.001187928020954132,0,-0.0211,0.0189
Zachary Aston-Reese,CBJ,8479944,6,-0.0011433998588472605,-0.001187928020954132,0,-0.0211,0.0189
Zachary Aston-Reese,CBJ,8479944,7,-0.0011433049803599715,-0.001187928020954132,0,-0.0211,0.0189
Zachary Aston-Reese,CBJ,8479944,8,-0.0011433118488639593,-0.001187928020954132,0,-0.0211,0.0189
Mitchell McLain,,8480750,0,-0.0001637144450796768,-0.0002078670368064195,0,-0.0202,0.0198
Mitchell McLain,,8480750,1,-0.0001631319901207462,-0.0002078670368064195,0,-0.0202,0.0198
Mitchell McLain,,8480750,2,-0.00016257388051599264,-0.0002078670368064195,0,-0.0202,0.0198
Mitchell McLain,,8480750,3,-0.00016263138968497515,-0.0002078670368064195,0,-0.0202,0.0198
Mitchell McLain,,8480750,4,-0.0001631960622034967,-0.0002078670368064195,0,-0.0202,0.0198
Mitchell McLain,,8480750,5,-0.00016297497495543212,-0.0002078670368064195,0,-0.0202,0.0198
Mitchell McLain,,8480750,6,-0.0001628280006116256,-0.0002078670368064195,0,-0.0202,0.0198
Mitchell McLain,,8480750,7,-0.0001627321616979316,-0.0002078670368064195,0,-0.0202,0.0198
Mitchell McLain,,8480750,8,-0.00016273825895041227,-0.0002078670368064195,0,-0.0202,0.0198
Nicolas Hague,NSH,8479980,0,-0.0009966240031644702,-0.0006555989966727793,0,-0.021,0.019
Nicolas Hague,NSH,8479980,1,-0.000996043556369841,-0.0006555989966727793,0,-0.021,0.019
Nicolas Hague,NSH,8479980,2,-0.000995488022454083,-0.0006555989966727793,0,-0.021,0.019
Nicolas Hague,NSH,8479980,3,-0.0009955466957762837,-0.0006555989966727793,0,-0.021,0.019
Nicolas Hague,NSH,8479980,4,-0.0009961134055629373,-0.0006555989966727793,0,-0.021,0.019
Nicolas Hague,NSH,8479980,5,-0.0009958930313587189,-0.0006555989966727793,0,-0.021,0.019
Nicolas Hague,NSH,8479980,6,-0.000995747046545148,-0.0006555989966727793,0,-0.021,0.019
Nicolas Hague,NSH,8479980,7,-0.0009956517023965716,-0.0006555989966727793,0,-0.021,0.019
Nicolas Hague,NSH,8479980,8,-0.0009956579888239503,-0.0006555989966727793,0,-0.021,0.019
Alexander Wennberg,SJS,8477505,0,0.0001304728793911636,0.0007107284618541598,0,-0.0199,0.0201
Alexander Wennberg,SJS,8477505,1,0.00013105457765050232,0.0007107284618541598,0,-0.0199,0.0201
Alexander Wennberg,SJS,8477505,2,0.00013161214883439243,0.0007107284618541598,0,-0.0199,0.0201
Alexander Wennberg,SJS,8477505,3,0.00013155408669263124,0.0007107284618541598,0,-0.0199,0.0201
Alexander Wennberg,SJS,8477505,4,0.00013098897761665285,0.0007107284618541598,0,-0.0199,0.0201
Alexander Wennberg,SJS,8477505,5,0.00013120975927449763,0.0007107284618541598,0,-0.0199,0.0201
Alexander Wennberg,SJS,8477505,6,0.00013135644257999957,0.0007107284618541598,0,-0.0199,0.0201
Alexander Wennberg,SJS,8477505,7,0.00013145216507837176,0.0007107284618541598,0,-0.0199,0.0201
Alexander Wennberg,SJS,8477505,8,0.00013144605327397585,0.0007107284618541598,0,-0.0199,0.0201
Sean Durzi,UTA,8480434,0,0.0008728888351470232,0.002070304937660694,0,-0.0191,0.0209
Sean Durzi,UTA,8480434,1,0.000873482262250036,0.002070304937660694,0,-0.0191,0.0209
Sean Durzi,UTA,8480434,2,0.000874049961566925,0.002070304937660694,0,-0.0191,0.0209
Sean Durzi,UTA,8480434,3,0.0008740006596781313,0.002070304937660694,0,-0.0191,0.0209
Sean Durzi,UTA,8480434,4,0.0008734424482099712,0.002070304937660694,0,-0.0191,0.0209
Sean Durzi,UTA,8480434,5,0.0008736688178032637,0.002070304937660694,0,-0.0191,0.0209
Sean Durzi,UTA,8480434,6,0.0008738194592297077,0.002070304937660694,0,-0.0191,0.0209
Sean Durzi,UTA,8480434,7,0.000873917480930686,0.002070304937660694,0,-0.0191,0.0209
Sean Durzi,UTA,8480434,8,0.0008739123004488647,0.002070304937660694,0,-0.0191,0.0209
Sandis Vilmanis,FLA,8483771,0,-0.0010770829394459724,-0.0011209642980247736,0,-0.0211,0.0189
Sandis Vilmanis,FLA,8483771,1,-0.0010765035403892398,-0.0011209642980247736,0,-0.0211,0.0189
Sandis Vilmanis,FLA,8483771,2,-0.0010759482393041253,-0.0011209642980247736,0,-0.0211,0.0189
Sandis Vilmanis,FLA,8483771,3,-0.0010760081931948662,-0.0011209642980247736,0,-0.0211,0.0189
Sandis Vilmanis,FLA,8483771,4,-0.0010765747865661979,-0.0011209642980247736,0,-0.0211,0.0189
Sandis Vilmanis,FLA,8483771,5,-0.001076355343684554,-0.0011209642980247736,0,-0.0211,0.0189
Sandis Vilmanis,FLA,8483771,6,-0.0010762092424556613,-0.0011209642980247736,0,-0.0211,0.0189
Sandis Vilmanis,FLA,8483771,7,-0.0010761144803836942,-0.0011209642980247736,0,-0.0211,0.0189
Sandis Vilmanis,FLA,8483771,8,-0.0010761204175651073,-0.0011209642980247736,0,-0.0211,0.0189
Zac Dalpe,,8474610,0,0.0023794062435626984,0.0023342338390648365,0,-0.0176,0.0224
Zac Dalpe,,8474610,1,0.0023800006601959467,0.0023342338390648365,0,-0.0176,0.0224
Zac Dalpe,,8474610,2,0.0023805696982890368,0.0023342338390648365,0,-0.0176,0.0224
Zac Dalpe,,8474610,3,0.002380520338192582,0.0023342338390648365,0,-0.0176,0.0224
Zac Dalpe,,8474610,4,0.0023799636401236057,0.0023342338390648365,0,-0.0176,0.0224
Zac Dalpe,,8474610,5,0.0023801899515092373,0.0023342338390648365,0,-0.0176,0.0224
Zac Dalpe,,8474610,6,0.0023803419899195433,0.0023342338390648365,0,-0.0176,0.0224
Zac Dalpe,,8474610,7,0.0023804393131285906,0.0023342338390648365,0,-0.0176,0.0224
Zac Dalpe,,8474610,8,0.002380434889346361,0.0023342338390648365,0,-0.0176,0.0224
Uvis Balinskis,FLA,8484304,0,0.0023414730094373226,0.0009238727507181466,0,-0.0177,0.0223
Uvis Balinskis,FLA,8484304,1,0.002342062070965767,0.0009238727507181466,0,-0.0177,0.0223
Uvis Balinskis,FLA,8484304,2,0.0023426259867846966,0.0009238727507181466,0,-0.0177,0.0223
Uvis Balinskis,FLA,8484304,3,0.002342573367059231,0.0009238727507181466,0,-0.0177,0.0223
Uvis Balinskis,FLA,8484304,4,0.002342012245208025,0.0009238727507181466,0,-0.0177,0.0223
Uvis Balinskis,FLA,8484304,5,0.0023422371596097946,0.0009238727507181466,0,-0.0177,0.0223
Uvis Balinskis,FLA,8484304,6,0.002342386171221733,0.0009238727507181466,0,-0.0177,0.0223
Uvis Balinskis,FLA,8484304,7,0.0023424834944307804,0.0009238727507181466,0,-0.0177,0.0223
Uvis Balinskis,FLA,8484304,8,0.0023424772080034018,0.0009238727507181466,0,-0.0177,0.0223
Jesper Boqvist,FLA,8480003,0,-0.0036757744383066893,-0.002164391102269292,0,-0.0237,0.0163
Jesper Boqvist,FLA,8480003,1,-0.0036752012092620134,-0.002164391102269292,0,-0.0237,0.0163
Jesper Boqvist,FLA,8480003,2,-0.0036746517289429903,-0.002164391102269292,0,-0.0237,0.0163
Jesper Boqvist,FLA,8480003,3,-0.003674715058878064,-0.002164391102269292,0,-0.0237,0.0163
Jesper Boqvist,FLA,8480003,4,-0.0036752871237695217,-0.002164391102269292,0,-0.0237,0.0163
Jesper Boqvist,FLA,8480003,5,-0.003675068961456418,-0.002164391102269292,0,-0.0237,0.0163
Jesper Boqvist,FLA,8480003,6,-0.003674926469102502,-0.002164391102269292,0,-0.0237,0.0163
Jesper Boqvist,FLA,8480003,7,-0.0036748312413692474,-0.002164391102269292,0,-0.0237,0.0163
Jesper Boqvist,FLA,8480003,8,-0.003674838924780488,-0.002164391102269292,0,-0.0237,0.0163
Jonathan Marchessault,NSH,8476539,0,-0.023533670231699944,-0.01755857653915882,0,-0.0435,-0.0035
Jonathan Marchessault,NSH,8476539,1,-0.023533137515187263,-0.01755857653915882,0,-0.0435,-0.0035
Jonathan Marchessault,NSH,8476539,2,-0.023532632738351822,-0.01755857653915882,0,-0.0435,-0.0035
Jonathan Marchessault,NSH,8476539,3,-0.023532727733254433,-0.01755857653915882,0,-0.0435,-0.0035
Jonathan Marchessault,NSH,8476539,4,-0.023533327504992485,-0.01755857653915882,0,-0.0435,-0.0035
Jonathan Marchessault,NSH,8476539,5,-0.023533128201961517,-0.01755857653915882,0,-0.0435,-0.0035
Jonathan Marchessault,NSH,8476539,6,-0.023533005267381668,-0.01755857653915882,0,-0.0435,-0.0035
Jonathan Marchessault,NSH,8476539,7,-0.023532915860414505,-0.01755857653915882,0,-0.0435,-0.0035
Jonathan Marchessault,NSH,8476539,8,-0.02353292889893055,-0.01755857653915882,0,-0.0435,-0.0035
Filip Forsberg,NSH,8476887,0,0.005225559696555138,-0.00032122014090418816,0,-0.0148,0.0252
Filip Forsberg,NSH,8476887,1,0.005226145964115858,-0.00032122014090418816,0,-0.0148,0.0252
Filip Forsberg,NSH,8476887,2,0.0052267094142735004,-0.00032122014090418816,0,-0.0148,0.0252
Filip Forsberg,NSH,8476887,3,0.005226655397564173,-0.00032122014090418816,0,-0.0148,0.0252
Filip Forsberg,NSH,8476887,4,0.00522609381005168,-0.00032122014090418816,0,-0.0148,0.0252
Filip Forsberg,NSH,8476887,5,0.005226317327469587,-0.00032122014090418816,0,-0.0148,0.0252
Filip Forsberg,NSH,8476887,6,0.0052264658734202385,-0.00032122014090418816,0,-0.0148,0.0252
Filip Forsberg,NSH,8476887,7,0.0052265627309679985,-0.00032122014090418816,0,-0.0148,0.0252
Filip Forsberg,NSH,8476887,8,0.005226557143032551,-0.00032122014090418816,0,-0.0148,0.0252
Zachary L'Heureux,NSH,8482742,0,-0.006116811651736498,-0.004283178132027388,0,-0.0261,0.0139
Zachary L'Heureux,NSH,8482742,1,-0.006116250529885292,-0.004283178132027388,0,-0.0261,0.0139
Zachary L'Heureux,NSH,8482742,2,-0.0061157140880823135,-0.004283178132027388,0,-0.0261,0.0139
Zachary L'Heureux,NSH,8482742,3,-0.006115784868597984,-0.004283178132027388,0,-0.0261,0.0139
Zachary L'Heureux,NSH,8482742,4,-0.0061163646169006824,-0.004283178132027388,0,-0.0261,0.0139
Zachary L'Heureux,NSH,8482742,5,-0.006116152741014957,-0.004283178132027388,0,-0.0261,0.0139
Zachary L'Heureux,NSH,8482742,6,-0.006116014905273914,-0.004283178132027388,0,-0.0261,0.0139
Zachary L'Heureux,NSH,8482742,7,-0.006115921773016453,-0.004283178132027388,0,-0.0261,0.0139
Zachary L'Heureux,NSH,8482742,8,-0.006115930154919624,-0.004283178132027388,0,-0.0261,0.0139
Daniil Miromanov,CGY,8482624,0,-3.510279202600941e-05,-7.934215682325885e-05,0,-0.02,0.02
Daniil Miromanov,CGY,8482624,1,-3.4519340260885656e-05,-7.934215682325885e-05,0,-0.02,0.02
Daniil Miromanov,CGY,8482624,2,-3.396027022972703e-05,-7.934215682325885e-05,0,-0.02,0.02
Daniil Miromanov,CGY,8482624,3,-3.4017066354863346e-05,-7.934215682325885e-05,0,-0.02,0.02
Daniil Miromanov,CGY,8482624,4,-3.4581084037199616e-05,-7.934215682325885e-05,0,-0.02,0.02
Daniil Miromanov,CGY,8482624,5,-3.435954204178415e-05,-7.934215682325885e-05,0,-0.02,0.02
Daniil Miromanov,CGY,8482624,6,-3.4212207538075745e-05,-7.934215682325885e-05,0,-0.02,0.02
Daniil Miromanov,CGY,8482624,7,-3.4116175811504945e-05,-7.934215682325885e-05,0,-0.02,0.02
Daniil Miromanov,CGY,8482624,8,-3.4122182114515454e-05,-7.934215682325885e-05,0,-0.02,0.02
Leon Draisaitl,EDM,8477934,0,0.014772050082683563,0.012568455189466476,0,-0.0052,0.0348
Leon Draisaitl,EDM,8477934,1,0.014764396473765373,0.012568455189466476,0,-0.0052,0.0348
Leon Draisaitl,EDM,8477934,2,0.014756711199879646,0.012568455189466476,1,-0.0052,0.0348
Leon Draisaitl,EDM,8477934,3,0.014756675809621811,0.012568455189466476,0,-0.0052,0.0348
Leon Draisaitl,EDM,8477934,4,0.014756127260625362,0.012568455189466476,0,-0.0052,0.0348
Leon Draisaitl,EDM,8477934,5,0.014756361953914165,0.012568455189466476,0,-0.0052,0.0348
Leon Draisaitl,EDM,8477934,6,0.014756515622138977,0.012568455189466476,0,-0.0052,0.0348
Leon Draisaitl,EDM,8477934,7,0.014756622724235058,0.012568455189466476,0,-0.0052,0.0348
Leon Draisaitl,EDM,8477934,8,0.014756613411009312,0.012568455189466476,0,-0.0052,0.0348
Jeff Skinner,,8475784,0,-0.002869404386729002,-0.002315900754183531,0,-0.0229,0.0171
Jeff Skinner,,8475784,1,-0.002868831856176257,-0.002315900754183531,0,-0.0229,0.0171
Jeff Skinner,,8475784,2,-0.0028682819101959467,-0.002315900754183531,0,-0.0229,0.0171
Jeff Skinner,,8475784,3,-0.0028683473356068134,-0.002315900754183531,0,-0.0229,0.0171
Jeff Skinner,,8475784,4,-0.0028689177706837654,-0.002315900754183531,0,-0.0229,0.0171
Jeff Skinner,,8475784,5,-0.0028687010053545237,-0.002315900754183531,0,-0.0229,0.0171
Jeff Skinner,,8475784,6,-0.002868557581678033,-0.002315900754183531,0,-0.0229,0.0171
Jeff Skinner,,8475784,7,-0.002868463983759284,-0.002315900754183531,0,-0.0229,0.0171
Jeff Skinner,,8475784,8,-0.002868470037356019,-0.002315900754183531,0,-0.0229,0.0171
Connor McDavid,EDM,8478402,0,0.014649797230958939,0.010713043622672558,0,-0.0054,0.0346
Connor McDavid,EDM,8478402,1,0.014714024029672146,0.010713043622672558,3,0.0032,0.0262
Connor McDavid,EDM,8478402,2,0.014710474759340286,0.010713043622672558,1,-0.0053,0.0347
Connor McDavid,EDM,8478402,3,0.014710445888340473,0.010713043622672558,0,-0.0053,0.0347
Connor McDavid,EDM,8478402,4,0.014709900133311749,0.010713043622672558,0,-0.0053,0.0347
Connor McDavid,EDM,8478402,5,0.014710141345858574,0.010713043622672558,0,-0.0053,0.0347
Connor McDavid,EDM,8478402,6,0.01471029780805111,0.010713043622672558,0,-0.0053,0.0347
Connor McDavid,EDM,8478402,7,0.01471040304750204,0.010713043622672558,0,-0.0053,0.0347
Connor McDavid,EDM,8478402,8,0.014710396528244019,0.010713043622672558,0,-0.0053,0.0347
Evan Bouchard,EDM,8480803,0,-0.00411295285448432,-0.006268035154789686,0,-0.0241,0.0159
Evan Bouchard,EDM,8480803,1,-0.004037529230117798,-0.006268035154789686,2,-0.0181,0.0101
Evan Bouchard,EDM,8480803,2,-0.004046464338898659,-0.006268035154789686,1,-0.024,0.016
Evan Bouchard,EDM,8480803,3,-0.004046536050736904,-0.006268035154789686,0,-0.024,0.016
Evan Bouchard,EDM,8480803,4,-0.004047113005071878,-0.006268035154789686,0,-0.024,0.016
Evan Bouchard,EDM,8480803,5,-0.004046900663524866,-0.006268035154789686,0,-0.024,0.016
Evan Bouchard,EDM,8480803,6,-0.004046760033816099,-0.006268035154789686,0,-0.024,0.016
Evan Bouchard,EDM,8480803,7,-0.004046667832881212,-0.006268035154789686,0,-0.024,0.016
Evan Bouchard,EDM,8480803,8,-0.0040466757491230965,-0.006268035154789686,0,-0.024,0.016
Zach Hyman,EDM,8475786,0,0.008623365312814713,0.005046126898378134,0,-0.0114,0.0286
Zach Hyman,EDM,8475786,1,0.008587762713432312,0.005046126898378134,2,-0.0055,0.0227
Zach Hyman,EDM,8475786,2,0.008588340133428574,0.005046126898378134,0,-0.0114,0.0286
Zach Hyman,EDM,8475786,3,0.008588300086557865,0.005046126898378134,0,-0.0114,0.0286
Zach Hyman,EDM,8475786,4,0.008587748743593693,0.005046126898378134,0,-0.0114,0.0286
Zach Hyman,EDM,8475786,5,0.008587976917624474,0.005046126898378134,0,-0.0114,0.0286
Zach Hyman,EDM,8475786,6,0.008588137105107307,0.005046126898378134,0,-0.0114,0.0286
Zach Hyman,EDM,8475786,7,0.008588232100009918,0.005046126898378134,0,-0.0114,0.0286
Zach Hyman,EDM,8475786,8,0.008588233031332493,0.005046126898378134,0,-0.0114,0.0286
Jack McBain,UTA,8480855,0,-0.005029796157032251,-0.004203397314995527,0,-0.025,0.015
Jack McBain,UTA,8480855,1,-0.005029234569519758,-0.004203397314995527,0,-0.025,0.015
Jack McBain,UTA,8480855,2,-0.005028694402426481,-0.004203397314995527,0,-0.025,0.015
Jack McBain,UTA,8480855,3,-0.005028764717280865,-0.004203397314995527,0,-0.025,0.015
Jack McBain,UTA,8480855,4,-0.005029343068599701,-0.004203397314995527,0,-0.025,0.015
Jack McBain,UTA,8480855,5,-0.005029129795730114,-0.004203397314995527,0,-0.025,0.015
Jack McBain,UTA,8480855,6,-0.005028991028666496,-0.004203397314995527,0,-0.025,0.015
Jack McBain,UTA,8480855,7,-0.005028897896409035,-0.004203397314995527,0,-0.025,0.015
Jack McBain,UTA,8480855,8,-0.005028906743973494,-0.004203397314995527,0,-0.025,0.015
Logan Cooley,UTA,8483431,0,0.015198113396763802,0.010069715790450573,1,-0.0048,0.0352
Logan Cooley,UTA,8483431,1,0.015146834775805473,0.010069715790450573,3,0.0036,0.0266
Logan Cooley,UTA,8483431,2,0.015126937068998814,0.010069715790450573,1,-0.0049,0.0351
Logan Cooley,UTA,8483431,3,0.015126907266676426,0.010069715790450573,0,-0.0049,0.0351
Logan Cooley,UTA,8483431,4,0.015126370824873447,0.010069715790450573,0,-0.0049,0.0351
Logan Cooley,UTA,8483431,5,0.015126609243452549,0.010069715790450573,0,-0.0049,0.0351
Logan Cooley,UTA,8483431,6,0.015126774087548256,0.010069715790450573,0,-0.0049,0.0351
Logan Cooley,UTA,8483431,7,0.01512687373906374,0.010069715790450573,0,-0.0049,0.0351
Logan Cooley,UTA,8483431,8,0.015126876533031464,0.010069715790450573,0,-0.0049,0.0351
Ben McCartney,UTA,8481827,0,-0.0005333669250831008,-0.0005453552585095167,0,-0.0205,0.0195
Ben McCartney,UTA,8481827,1,-0.0005327853723429143,-0.0005453552585095167,0,-0.0205,0.0195
Ben McCartney,UTA,8481827,2,-0.000532227975782007,-0.0005453552585095167,0,-0.0205,0.0195
Ben McCartney,UTA,8481827,3,-0.0005322861834429204,-0.0005453552585095167,0,-0.0205,0.0195
Ben McCartney,UTA,8481827,4,-0.0005328513216227293,-0.0005453552585095167,0,-0.0205,0.0195
Ben McCartney,UTA,8481827,5,-0.0005326307727955282,-0.0005453552585095167,0,-0.0205,0.0195
Ben McCartney,UTA,8481827,6,-0.0005324839148670435,-0.0005453552585095167,0,-0.0205,0.0195
Ben McCartney,UTA,8481827,7,-0.0005323885125108063,-0.0005453552585095167,0,-0.0205,0.0195
Ben McCartney,UTA,8481827,8,-0.0005323942750692368,-0.0005453552585095167,0,-0.0205,0.0195
Emil Andrae,PHI,8482126,0,-0.00184732920024544,-0.0015145931392908096,0,-0.0218,0.0182
Emil Andrae,PHI,8482126,1,-0.0018467532936483622,-0.0015145931392908096,0,-0.0218,0.0182
Emil Andrae,PHI,8482126,2,-0.0018462003208696842,-0.0015145931392908096,0,-0.0218,0.0182
Emil Andrae,PHI,8482126,3,-0.0018462626030668616,-0.0015145931392908096,0,-0.0218,0.0182
Emil Andrae,PHI,8482126,4,-0.0018468310590833426,-0.0015145931392908096,0,-0.0218,0.0182
Emil Andrae,PHI,8482126,5,-0.0018466131296008825,-0.0015145931392908096,0,-0.0218,0.0182
Emil Andrae,PHI,8482126,6,-0.0018464677268639207,-0.0015145931392908096,0,-0.0218,0.0182
Emil Andrae,PHI,8482126,7,-0.00184637401252985,-0.0015145931392908096,0,-0.0218,0.0182
Emil Andrae,PHI,8482126,8,-0.0018463796004652977,-0.0015145931392908096,0,-0.0218,0.0182
Kevin Hayes,PIT,8475763,0,0.002038644626736641,0.0022055921144783497,0,-0.018,0.022
Kevin Hayes,PIT,8475763,1,0.00203923718072474,0.0022055921144783497,0,-0.018,0.022
Kevin Hayes,PIT,8475763,2,0.002039805520325899,0.0022055921144783497,0,-0.018,0.022
Kevin Hayes,PIT,8475763,3,0.0020397554617375135,0.0022055921144783497,0,-0.018,0.022
Kevin Hayes,PIT,8475763,4,0.0020391978323459625,0.0022055921144783497,0,-0.018,0.022
Kevin Hayes,PIT,8475763,5,0.0020394239109009504,0.0022055921144783497,0,-0.018,0.022
Kevin Hayes,PIT,8475763,6,0.002039574785158038,0.0022055921144783497,0,-0.018,0.022
Kevin Hayes,PIT,8475763,7,0.002039672341197729,0.0022055921144783497,0,-0.018,0.022
Kevin Hayes,PIT,8475763,8,0.002039667684584856,0.0022055921144783497,0,-0.018,0.022
Samuel Poulin,EDM,8481591,0,-0.0003326254081912339,-0.0003767335438169539,0,-0.0203,0.0197
Samuel Poulin,EDM,8481591,1,-0.000332043447997421,-0.0003767335438169539,0,-0.0203,0.0197
Samuel Poulin,EDM,8481591,2,-0.00033148573129437864,-0.0003767335438169539,0,-0.0203,0.0197
Samuel Poulin,EDM,8481591,3,-0.00033154364791698754,-0.0003767335438169539,0,-0.0203,0.0197
Samuel Poulin,EDM,8481591,4,-0.0003321086405776441,-0.0003767335438169539,0,-0.0203,0.0197
Samuel Poulin,EDM,8481591,5,-0.0003318878007121384,-0.0003767335438169539,0,-0.0203,0.0197
Samuel Poulin,EDM,8481591,6,-0.0003317410300951451,-0.0003767335438169539,0,-0.0203,0.0197
Samuel Poulin,EDM,8481591,7,-0.00033164527849294245,-0.0003767335438169539,0,-0.0203,0.0197
Samuel Poulin,EDM,8481591,8,-0.00033165139029733837,-0.0003767335438169539,0,-0.0203,0.0197
Michael Rasmussen,DET,8479992,0,-0.0035483213141560555,-0.0032541595865041018,0,-0.0235,0.0165
Michael Rasmussen,DET,8479992,1,-0.0035477548372000456,-0.0032541595865041018,0,-0.0235,0.0165
Michael Rasmussen,DET,8479992,2,-0.00354721094481647,-0.0032541595865041018,0,-0.0235,0.0165
Michael Rasmussen,DET,8479992,3,-0.003547280328348279,-0.0032541595865041018,0,-0.0235,0.0165
Michael Rasmussen,DET,8479992,4,-0.003547854721546173,-0.0032541595865041018,0,-0.0235,0.0165
Michael Rasmussen,DET,8479992,5,-0.0035476412158459425,-0.0032541595865041018,0,-0.0235,0.0165
Michael Rasmussen,DET,8479992,6,-0.0035475001204758883,-0.0032541595865041018,0,-0.0235,0.0165
Michael Rasmussen,DET,8479992,7,-0.0035474072210490704,-0.0032541595865041018,0,-0.0235,0.0165
Michael Rasmussen,DET,8479992,8,-0.003547414904460311,-0.0032541595865041018,0,-0.0235,0.0165
Ben Chiarot,DET,8475279,0,-0.0007591423345729709,-0.000748125312384218,0,-0.0208,0.0192
Ben Chiarot,DET,8475279,1,-0.0007585625280626118,-0.000748125312384218,0,-0.0208,0.0192
Ben Chiarot,DET,8475279,2,-0.0007580072269774973,-0.000748125312384218,0,-0.0208,0.0192
Ben Chiarot,DET,8475279,3,-0.0007580662495456636,-0.000748125312384218,0,-0.0208,0.0192
Ben Chiarot,DET,8475279,4,-0.000758633017539978,-0.000748125312384218,0,-0.0208,0.0192
Ben Chiarot,DET,8475279,5,-0.0007584129925817251,-0.000748125312384218,0,-0.0208,0.0192
Ben Chiarot,DET,8475279,6,-0.000758267124183476,-0.000748125312384218,0,-0.0208,0.0192
Ben Chiarot,DET,8475279,7,-0.0007581717218272388,-0.000748125312384218,0,-0.0208,0.0192
Ben Chiarot,DET,8475279,8,-0.0007581780082546175,-0.000748125312384218,0,-0.0208,0.0192
Max Pacioretty,,8474157,0,-0.003329664235934615,-0.003372479695826769,0,-0.0233,0.0167
Max Pacioretty,,8474157,1,-0.0033290970604866743,-0.003372479695826769,0,-0.0233,0.0167
Max Pacioretty,,8474157,2,-0.003328553633764386,-0.003372479695826769,0,-0.0233,0.0167
Max Pacioretty,,8474157,3,-0.003328622318804264,-0.003372479695826769,0,-0.0233,0.0167
Max Pacioretty,,8474157,4,-0.003329196944832802,-0.003372479695826769,0,-0.0233,0.0167
Max Pacioretty,,8474157,5,-0.003328982274979353,-0.003372479695826769,0,-0.0233,0.0167
Max Pacioretty,,8474157,6,-0.003328842343762517,-0.003372479695826769,0,-0.0233,0.0167
Max Pacioretty,,8474157,7,-0.003328748047351837,-0.003372479695826769,0,-0.0233,0.0167
Max Pacioretty,,8474157,8,-0.0033287564292550087,-0.003372479695826769,0,-0.0233,0.0167
Tyler Motte,,8477353,0,-0.0011706389486789703,-0.0011858234647661448,0,-0.0212,0.0188
Tyler Motte,,8477353,1,-0.0011700605973601341,-0.0011858234647661448,0,-0.0212,0.0188
Tyler Motte,,8477353,2,-0.0011695055291056633,-0.0011858234647661448,0,-0.0212,0.0188
Tyler Motte,,8477353,3,-0.0011695661814883351,-0.0011858234647661448,0,-0.0212,0.0188
Tyler Motte,,8477353,4,-0.0011701328912749887,-0.0011858234647661448,0,-0.0212,0.0188
Tyler Motte,,8477353,5,-0.0011699137976393104,-0.0011858234647661448,0,-0.0212,0.0188
Tyler Motte,,8477353,6,-0.0011697681620717049,-0.0011858234647661448,0,-0.0212,0.0188
Tyler Motte,,8477353,7,-0.001169673167169094,-0.0011858234647661448,0,-0.0212,0.0188
Tyler Motte,,8477353,8,-0.0011696789879351854,-0.0011858234647661448,0,-0.0212,0.0188
Roope Hintz,DAL,8478449,0,0.00528905913233757,0.0024894902016967535,0,-0.0147,0.0253
Roope Hintz,DAL,8478449,1,0.005289653781801462,0.0024894902016967535,0,-0.0147,0.0253
Roope Hintz,DAL,8478449,2,0.0052902186289429665,0.0024894902016967535,0,-0.0147,0.0253
Roope Hintz,DAL,8478449,3,0.005290171131491661,0.0024894902016967535,0,-0.0147,0.0253
Roope Hintz,DAL,8478449,4,0.00528961094096303,0.0024894902016967535,0,-0.0147,0.0253
Roope Hintz,DAL,8478449,5,0.005289836786687374,0.0024894902016967535,0,-0.0147,0.0253
Roope Hintz,DAL,8478449,6,0.005289986729621887,0.0024894902016967535,0,-0.0147,0.0253
Roope Hintz,DAL,8478449,7,0.0052900854498147964,0.0024894902016967535,0,-0.0147,0.0253
Roope Hintz,DAL,8478449,8,0.0052900793962180614,0.0024894902016967535,0,-0.0147,0.0253
Evgenii Dadonov,NJD,8474149,0,0.008133789524435997,0.00812023226171732,0,-0.0119,0.0281
Evgenii Dadonov,NJD,8474149,1,0.008134405128657818,0.00812023226171732,0,-0.0119,0.0281
Evgenii Dadonov,NJD,8474149,2,0.008134997449815273,0.00812023226171732,0,-0.0119,0.0281
Evgenii Dadonov,NJD,8474149,3,0.008134964853525162,0.00812023226171732,0,-0.0119,0.0281
Evgenii Dadonov,NJD,8474149,4,0.008134424686431885,0.00812023226171732,0,-0.0119,0.0281
Evgenii Dadonov,NJD,8474149,5,0.008134658448398113,0.00812023226171732,0,-0.0119,0.0281
Evgenii Dadonov,NJD,8474149,6,0.008134819567203522,0.00812023226171732,0,-0.0119,0.0281
Evgenii Dadonov,NJD,8474149,7,0.008134921081364155,0.00812023226171732,0,-0.0119,0.0281
Evgenii Dadonov,NJD,8474149,8,0.00813492015004158,0.00812023226171732,0,-0.0119,0.0281
Jamie Benn,DAL,8473994,0,-0.0021960134617984295,-0.001675071893259883,0,-0.0222,0.0178
Jamie Benn,DAL,8473994,1,-0.002195437205955386,-0.001675071893259883,0,-0.0222,0.0178
Jamie Benn,DAL,8473994,2,-0.0021948833018541336,-0.001675071893259883,0,-0.0222,0.0178
Jamie Benn,DAL,8473994,3,-0.0021949459332972765,-0.001675071893259883,0,-0.0222,0.0178
Jamie Benn,DAL,8473994,4,-0.0021955138072371483,-0.001675071893259883,0,-0.0222,0.0178
Jamie Benn,DAL,8473994,5,-0.002195296110585332,-0.001675071893259883,0,-0.0222,0.0178
Jamie Benn,DAL,8473994,6,-0.0021951505914330482,-0.001675071893259883,0,-0.0222,0.0178
Jamie Benn,DAL,8473994,7,-0.0021950562950223684,-0.001675071893259883,0,-0.0222,0.0178
Jamie Benn,DAL,8473994,8,-0.0021950623486191034,-0.001675071893259883,0,-0.0222,0.0178
Nathan MacKinnon,COL,8477492,0,-0.0038824505172669888,-0.00177937897387892,0,-0.0239,0.0161
Nathan MacKinnon,COL,8477492,1,-0.003772191936150193,-0.00177937897387892,1,-0.0238,0.0162
Nathan MacKinnon,COL,8477492,2,-0.0037497917655855417,-0.00177937897387892,0,-0.0237,0.0163
Nathan MacKinnon,COL,8477492,3,-0.003728007897734642,-0.00177937897387892,1,-0.0237,0.0163
Nathan MacKinnon,COL,8477492,4,-0.0037930631078779697,-0.00177937897387892,1,-0.0238,0.0162
Nathan MacKinnon,COL,8477492,5,-0.0038418190088123083,-0.00177937897387892,3,-0.0153,0.0077
Nathan MacKinnon,COL,8477492,6,-0.0038562410045415163,-0.00177937897387892,2,-0.018,0.0102
Nathan MacKinnon,COL,8477492,7,-0.0038561441469937563,-0.00177937897387892,0,-0.0239,0.0161
Nathan MacKinnon,COL,8477492,8,-0.0038561506662517786,-0.00177937897387892,0,-0.0239,0.0161
Devon Toews,COL,8478038,0,-0.004480781499296427,-0.0034303138963878155,0,-0.0245,0.0155
Devon Toews,COL,8478038,1,-0.004483741242438555,-0.0034303138963878155,0,-0.0245,0.0155
Devon Toews,COL,8478038,2,-0.0044867247343063354,-0.0034303138963878155,0,-0.0245,0.0155
Devon Toews,COL,8478038,3,-0.004490319639444351,-0.0034303138963878155,0,-0.0245,0.0155
Devon Toews,COL,8478038,4,-0.004494420252740383,-0.0034303138963878155,0,-0.0245,0.0155
Devon Toews,COL,8478038,5,-0.004497733432799578,-0.0034303138963878155,1,-0.0245,0.0155
Devon Toews,COL,8478038,6,-0.004497590474784374,-0.0034303138963878155,0,-0.0245,0.0155
Devon Toews,COL,8478038,7,-0.004497501999139786,-0.0034303138963878155,0,-0.0245,0.0155
Devon Toews,COL,8478038,8,-0.00449750479310751,-0.0034303138963878155,0,-0.0245,0.0155
Jonathan Drouin,NYI,8477494,0,-0.006580531131476164,-0.005234374199062586,0,-0.0266,0.0134
Jonathan Drouin,NYI,8477494,1,-0.006579973269253969,-0.005234374199062586,0,-0.0266,0.0134
Jonathan Drouin,NYI,8477494,2,-0.006579436827450991,-0.005234374199062586,0,-0.0266,0.0134
Jonathan Drouin,NYI,8477494,3,-0.006579511798918247,-0.005234374199062586,0,-0.0266,0.0134
Jonathan Drouin,NYI,8477494,4,-0.006580092012882233,-0.005234374199062586,0,-0.0266,0.0134
Jonathan Drouin,NYI,8477494,5,-0.006579881068319082,-0.005234374199062586,0,-0.0266,0.0134
Jonathan Drouin,NYI,8477494,6,-0.006579743232578039,-0.005234374199062586,0,-0.0266,0.0134
Jonathan Drouin,NYI,8477494,7,-0.006579651962965727,-0.005234374199062586,0,-0.0266,0.0134
Jonathan Drouin,NYI,8477494,8,-0.006579659879207611,-0.005234374199062586,0,-0.0266,0.0134
Casey Mittelstadt,BOS,8479999,0,0.00019907781097572297,-0.0011287358356639743,0,-0.0198,0.0202
Casey Mittelstadt,BOS,8479999,1,0.0001996582723222673,-0.0011287358356639743,0,-0.0198,0.0202
Casey Mittelstadt,BOS,8479999,2,0.00020021467935293913,-0.0011287358356639743,0,-0.0198,0.0202
Casey Mittelstadt,BOS,8479999,3,0.0002001557732000947,-0.0011287358356639743,0,-0.0198,0.0202
Casey Mittelstadt,BOS,8479999,4,0.00019958986376877874,-0.0011287358356639743,0,-0.0198,0.0202
Casey Mittelstadt,BOS,8479999,5,0.00019981010700576007,-0.0011287358356639743,0,-0.0198,0.0202
Casey Mittelstadt,BOS,8479999,6,0.00019995635375380516,-0.0011287358356639743,0,-0.0198,0.0202
Casey Mittelstadt,BOS,8479999,7,0.0002000517852138728,-0.0011287358356639743,0,-0.0198,0.0202
Casey Mittelstadt,BOS,8479999,8,0.00020004564430564642,-0.0011287358356639743,0,-0.0198,0.0202
Dylan Gambrell,,8479580,0,-0.0001714039099169895,-0.00021558644948527217,0,-0.0202,0.0198
Dylan Gambrell,,8479580,1,-0.00017082097474485636,-0.00021558644948527217,0,-0.0202,0.0198
Dylan Gambrell,,8479580,2,-0.00017026264686137438,-0.00021558644948527217,0,-0.0202,0.0198
Dylan Gambrell,,8479580,3,-0.00017031983588822186,-0.00021558644948527217,0,-0.0202,0.0198
Dylan Gambrell,,8479580,4,-0.0001708843046799302,-0.00021558644948527217,0,-0.0202,0.0198
Dylan Gambrell,,8479580,5,-0.0001706631010165438,-0.00021558644948527217,0,-0.0202,0.0198
Dylan Gambrell,,8479580,6,-0.0001705159666016698,-0.00021558644948527217,0,-0.0202,0.0198
Dylan Gambrell,,8479580,7,-0.00017042008403223008,-0.00021558644948527217,0,-0.0202,0.0198
Dylan Gambrell,,8479580,8,-0.0001704261521808803,-0.00021558644948527217,0,-0.0202,0.0198
Alexis Lafrenière,NYR,8482109,0,-0.00013308391498867422,-0.0035878492053598166,0,-0.0201,0.0199
Alexis Lafrenière,NYR,8482109,1,-0.00013251425116322935,-0.0035878492053598166,0,-0.0201,0.0199
Alexis Lafrenière,NYR,8482109,2,-0.00013196762301959097,-0.0035878492053598166,0,-0.0201,0.0199
Alexis Lafrenière,NYR,8482109,3,-0.0001320344745181501,-0.0035878492053598166,0,-0.0201,0.0199
Alexis Lafrenière,NYR,8482109,4,-0.00013260712148621678,-0.0035878492053598166,0,-0.0201,0.0199
Alexis Lafrenière,NYR,8482109,5,-0.0001323919859714806,-0.0035878492053598166,0,-0.0201,0.0199
Alexis Lafrenière,NYR,8482109,6,-0.00013224928989075124,-0.0035878492053598166,0,-0.0201,0.0199
Alexis Lafrenière,NYR,8482109,7,-0.000132156113977544,-0.0035878492053598166,0,-0.0201,0.0199
Alexis Lafrenière,NYR,8482109,8,-0.0001321628806181252,-0.0035878492053598166,0,-0.0201,0.0199
Chris Kreider,ANA,8475184,0,0.005576747003942728,0.008041884750127792,0,-0.0144,0.0256
Chris Kreider,ANA,8475184,1,0.005540751852095127,0.008041884750127792,2,-0.0086,0.0196
Chris Kreider,ANA,8475184,2,0.0055220224894583225,0.008041884750127792,0,-0.0145,0.0255
Chris Kreider,ANA,8475184,3,0.005502674728631973,0.008041884750127792,2,-0.0086,0.0196
Chris Kreider,ANA,8475184,4,0.005502122454345226,0.008041884750127792,0,-0.0145,0.0255
Chris Kreider,ANA,8475184,5,0.005502352956682444,0.008041884750127792,0,-0.0145,0.0255
Chris Kreider,ANA,8475184,6,0.005502506624907255,0.008041884750127792,0,-0.0145,0.0255
Chris Kreider,ANA,8475184,7,0.005502607673406601,0.008041884750127792,0,-0.0145,0.0255
Chris Kreider,ANA,8475184,8,0.005502602551132441,0.008041884750127792,0,-0.0145,0.0255
Marco Kasper,DET,8483464,0,-0.0006584504735656083,1.044078089762479e-05,0,-0.0207,0.0193
Marco Kasper,DET,8483464,1,-0.0006578673492185771,1.044078089762479e-05,0,-0.0207,0.0193
Marco Kasper,DET,8483464,2,-0.0006573089049197733,1.044078089762479e-05,0,-0.0207,0.0193
Marco Kasper,DET,8483464,3,-0.0006573659484274685,1.044078089762479e-05,0,-0.0207,0.0193
Marco Kasper,DET,8483464,4,-0.0006579303299076855,1.044078089762479e-05,0,-0.0207,0.0193
Marco Kasper,DET,8483464,5,-0.0006577089661732316,1.044078089762479e-05,0,-0.0207,0.0193
Marco Kasper,DET,8483464,6,-0.0006575618754141033,1.044078089762479e-05,0,-0.0207,0.0193
Marco Kasper,DET,8483464,7,-0.000657465890981257,1.044078089762479e-05,0,-0.0207,0.0193
Marco Kasper,DET,8483464,8,-0.000657471944577992,1.044078089762479e-05,0,-0.0207,0.0193
Tyler Boucher,OTT,8482674,0,-0.0003042163443751633,-0.00034837803104892373,0,-0.0203,0.0197
Tyler Boucher,OTT,8482674,1,-0.00030363380210474133,-0.00034837803104892373,0,-0.0203,0.0197
Tyler Boucher,OTT,8482674,2,-0.0003030755615327507,-0.00034837803104892373,0,-0.0203,0.0197
Tyler Boucher,OTT,8482674,3,-0.0003031330415979028,-0.00034837803104892373,0,-0.0203,0.0197
Tyler Boucher,OTT,8482674,4,-0.00030369768501259387,-0.00034837803104892373,0,-0.0203,0.0197
Tyler Boucher,OTT,8482674,5,-0.0003034764085896313,-0.00034837803104892373,0,-0.0203,0.0197
Tyler Boucher,OTT,8482674,6,-0.0003033295797649771,-0.00034837803104892373,0,-0.0203,0.0197
Tyler Boucher,OTT,8482674,7,-0.0003032335080206394,-0.00034837803104892373,0,-0.0203,0.0197
Tyler Boucher,OTT,8482674,8,-0.00030323982355184853,-0.00034837803104892373,0,-0.0203,0.0197
J.T. Compher,DET,8477456,0,-0.004959932994097471,-0.003533434122800827,0,-0.025,0.015
J.T. Compher,DET,8477456,1,-0.004959365352988243,-0.003533434122800827,0,-0.025,0.015
J.T. Compher,DET,8477456,2,-0.004958818666636944,-0.003533434122800827,0,-0.025,0.015
J.T. Compher,DET,8477456,3,-0.004958885256201029,-0.003533434122800827,0,-0.025,0.015
J.T. Compher,DET,8477456,4,-0.00495945755392313,-0.003533434122800827,0,-0.025,0.015
J.T. Compher,DET,8477456,5,-0.004959243815392256,-0.003533434122800827,0,-0.025,0.015
J.T. Compher,DET,8477456,6,-0.004959100391715765,-0.003533434122800827,0,-0.025,0.015
J.T. Compher,DET,8477456,7,-0.004959007725119591,-0.003533434122800827,0,-0.025,0.015
J.T. Compher,DET,8477456,8,-0.004959014244377613,-0.003533434122800827,0,-0.025,0.015
Carter Mazur,DET,8482802,0,-0.0009286304120905697,-0.000936724420171231,0,-0.0209,0.0191
Carter Mazur,DET,8482802,1,-0.000928051071241498,-0.000936724420171231,0,-0.0209,0.0191
Carter Mazur,DET,8482802,2,-0.0009274957701563835,-0.000936724420171231,0,-0.0209,0.0191
Carter Mazur,DET,8482802,3,-0.0009275553748011589,-0.000936724420171231,0,-0.0209,0.0191
Carter Mazur,DET,8482802,4,-0.0009281222010031343,-0.000936724420171231,0,-0.0209,0.0191
Carter Mazur,DET,8482802,5,-0.0009279024670831859,-0.000936724420171231,0,-0.0209,0.0191
Carter Mazur,DET,8482802,6,-0.0009277567151002586,-0.000936724420171231,0,-0.0209,0.0191
Carter Mazur,DET,8482802,7,-0.0009276613709516823,-0.000936724420171231,0,-0.0209,0.0191
Carter Mazur,DET,8482802,8,-0.0009276679484173656,-0.000936724420171231,0,-0.0209,0.0191
Mitchell Chaffee,TBL,8482070,0,0.005433090962469578,0.005067763384431601,0,-0.0146,0.0254
Mitchell Chaffee,TBL,8482070,1,0.00543369771912694,0.005067763384431601,0,-0.0146,0.0254
Mitchell Chaffee,TBL,8482070,2,0.005434276536107063,0.005067763384431601,0,-0.0146,0.0254
Mitchell Chaffee,TBL,8482070,3,0.00543423555791378,0.005067763384431601,0,-0.0146,0.0254
Mitchell Chaffee,TBL,8482070,4,0.0054336851462721825,0.005067763384431601,0,-0.0146,0.0254
Mitchell Chaffee,TBL,8482070,5,0.005433917511254549,0.005067763384431601,0,-0.0146,0.0254
Mitchell Chaffee,TBL,8482070,6,0.005434071179479361,0.005067763384431601,0,-0.0146,0.0254
Mitchell Chaffee,TBL,8482070,7,0.005434172693639994,0.005067763384431601,0,-0.0146,0.0254
Mitchell Chaffee,TBL,8482070,8,0.005434167105704546,0.005067763384431601,0,-0.0146,0.0254
Sebastian Aho,CAR,8478427,0,0.005910207983106375,0.003671186976134777,0,-0.0141,0.0259
Sebastian Aho,CAR,8478427,1,0.005845788866281509,0.003671186976134777,1,-0.0142,0.0258
Sebastian Aho,CAR,8478427,2,0.005787566304206848,0.003671186976134777,0,-0.0142,0.0258
Sebastian Aho,CAR,8478427,3,0.0057287272065877914,0.003671186976134777,1,-0.0143,0.0257
Sebastian Aho,CAR,8478427,4,0.005676757078617811,0.003671186976134777,0,-0.0143,0.0257
Sebastian Aho,CAR,8478427,5,0.005625573918223381,0.003671186976134777,0,-0.0144,0.0256
Sebastian Aho,CAR,8478427,6,0.0055743115954101086,0.003671186976134777,1,-0.0144,0.0256
Sebastian Aho,CAR,8478427,7,0.005526463966816664,0.003671186976134777,2,-0.0086,0.0196
Sebastian Aho,CAR,8478427,8,0.0054985536262393,0.003671186976134777,3,-0.006,0.017
Seth Jarvis,CAR,8482093,0,-0.011351058259606361,-0.003584968624636531,0,-0.0314,0.0086
Seth Jarvis,CAR,8482093,1,-0.01145160011947155,-0.003584968624636531,1,-0.0315,0.0085
Seth Jarvis,CAR,8482093,2,-0.011537250131368637,-0.003584968624636531,1,-0.0315,0.0085
Seth Jarvis,CAR,8482093,3,-0.011615067720413208,-0.003584968624636531,6,-0.0198,-0.0034
Seth Jarvis,CAR,8482093,4,-0.011624193750321865,-0.003584968624636531,0,-0.0316,0.0084
Seth Jarvis,CAR,8482093,5,-0.011632527224719524,-0.003584968624636531,1,-0.0316,0.0084
Seth Jarvis,CAR,8482093,6,-0.011632384732365608,-0.003584968624636531,0,-0.0316,0.0084
Seth Jarvis,CAR,8482093,7,-0.011632288806140423,-0.003584968624636531,0,-0.0316,0.0084
Seth Jarvis,CAR,8482093,8,-0.011632299050688744,-0.003584968624636531,0,-0.0316,0.0084
Jaccob Slavin,CAR,8476958,0,-0.0012770823668688536,-0.0008543941657990217,0,-0.0213,0.0187
Jaccob Slavin,CAR,8476958,1,-0.0012879525311291218,-0.0008543941657990217,1,-0.0213,0.0187
Jaccob Slavin,CAR,8476958,2,-0.0012955141719430685,-0.0008543941657990217,0,-0.0213,0.0187
Jaccob Slavin,CAR,8476958,3,-0.0013036915333941579,-0.0008543941657990217,1,-0.0213,0.0187
Jaccob Slavin,CAR,8476958,4,-0.0013042582431808114,-0.0008543941657990217,0,-0.0213,0.0187
Jaccob Slavin,CAR,8476958,5,-0.0013040386838838458,-0.0008543941657990217,0,-0.0213,0.0187
Jaccob Slavin,CAR,8476958,6,-0.0013038931647315621,-0.0008543941657990217,0,-0.0213,0.0187
Jaccob Slavin,CAR,8476958,7,-0.001303797704167664,-0.0008543941657990217,0,-0.0213,0.0187
Jaccob Slavin,CAR,8476958,8,-0.0013038042234256864,-0.0008543941657990217,0,-0.0213,0.0187
Darren Raddysh,TBL,8478178,0,0.008925331756472588,0.004257849883288145,0,-0.0111,0.0289
Darren Raddysh,TBL,8478178,1,0.008861316367983818,0.004257849883288145,4,-0.0011,0.0189
Darren Raddysh,TBL,8478178,2,0.00882790982723236,0.004257849883288145,4,-0.0012,0.0188
Darren Raddysh,TBL,8478178,3,0.008827858604490757,0.004257849883288145,0,-0.0112,0.0288
Darren Raddysh,TBL,8478178,4,0.00882730446755886,0.004257849883288145,0,-0.0112,0.0288
Darren Raddysh,TBL,8478178,5,0.008827527053654194,0.004257849883288145,0,-0.0112,0.0288
Darren Raddysh,TBL,8478178,6,0.008827682584524155,0.004257849883288145,0,-0.0112,0.0288
Darren Raddysh,TBL,8478178,7,0.008827777579426765,0.004257849883288145,0,-0.0112,0.0288
Darren Raddysh,TBL,8478178,8,0.00882777664810419,0.004257849883288145,0,-0.0112,0.0288
Brandon Hagel,TBL,8479542,0,0.0012389903422445059,-0.00251734908670187,0,-0.0188,0.0212
Brandon Hagel,TBL,8479542,1,0.0013118498027324677,-0.00251734908670187,2,-0.0128,0.0154
Brandon Hagel,TBL,8479542,2,0.0013124035904183984,-0.00251734908670187,0,-0.0187,0.0213
Brandon Hagel,TBL,8479542,3,0.00131234189029783,-0.00251734908670187,0,-0.0187,0.0213
Brandon Hagel,TBL,8479542,4,0.0013117743656039238,-0.00251734908670187,0,-0.0187,0.0213
Brandon Hagel,TBL,8479542,5,0.0013119924115017056,-0.00251734908670187,0,-0.0187,0.0213
Brandon Hagel,TBL,8479542,6,0.0013121385127305984,-0.00251734908670187,0,-0.0187,0.0213
Brandon Hagel,TBL,8479542,7,0.0013122322270646691,-0.00251734908670187,0,-0.0187,0.0213
Brandon Hagel,TBL,8479542,8,0.0013122267555445433,-0.00251734908670187,0,-0.0187,0.0213
Brock Faber,MIN,8482122,0,0.002942986786365509,0.002720921766012907,1,-0.0171,0.0229
Brock Faber,MIN,8482122,1,0.0029006574768573046,0.002720921766012907,3,-0.0086,0.0144
Brock Faber,MIN,8482122,2,0.0028883186168968678,0.002720921766012907,0,-0.0171,0.0229
Brock Faber,MIN,8482122,3,0.002875359496101737,0.002720921766012907,2,-0.0112,0.017
Brock Faber,MIN,8482122,4,0.002874806523323059,0.002720921766012907,0,-0.0171,0.0229
Brock Faber,MIN,8482122,5,0.002875035163015127,0.002720921766012907,0,-0.0171,0.0229
Brock Faber,MIN,8482122,6,0.0028751888312399387,0.002720921766012907,0,-0.0171,0.0229
Brock Faber,MIN,8482122,7,0.0028752873186022043,0.002720921766012907,0,-0.0171,0.0229
Brock Faber,MIN,8482122,8,0.002875283360481262,0.002720921766012907,0,-0.0171,0.0229
Declan Chisholm,WSH,8480990,0,-0.0006642250227741897,-0.0007082042866386473,0,-0.0207,0.0193
Declan Chisholm,WSH,8480990,1,-0.0006636444595642388,-0.0007082042866386473,0,-0.0207,0.0193
Declan Chisholm,WSH,8480990,2,-0.0006630882853642106,-0.0007082042866386473,0,-0.0207,0.0193
Declan Chisholm,WSH,8480990,3,-0.000663147191517055,-0.0007082042866386473,0,-0.0207,0.0193
Declan Chisholm,WSH,8480990,4,-0.0006637131446041167,-0.0007082042866386473,0,-0.0207,0.0193
Declan Chisholm,WSH,8480990,5,-0.0006634928868152201,-0.0007082042866386473,0,-0.0207,0.0193
Declan Chisholm,WSH,8480990,6,-0.0006633468437939882,-0.0007082042866386473,0,-0.0207,0.0193
Declan Chisholm,WSH,8480990,7,-0.0006632512086071074,-0.0007082042866386473,0,-0.0207,0.0193
Declan Chisholm,WSH,8480990,8,-0.0006632576114498079,-0.0007082042866386473,0,-0.0207,0.0193
Mats Zuccarello,MIN,8475692,0,0.0028391710948199034,0.00043727594311349094,0,-0.0172,0.0228
Mats Zuccarello,MIN,8475692,1,0.0028102470096200705,0.00043727594311349094,0,-0.0172,0.0228
Mats Zuccarello,MIN,8475692,2,0.0027812994085252285,0.00043727594311349094,2,-0.0113,0.0169
Mats Zuccarello,MIN,8475692,3,0.0027722667437046766,0.00043727594311349094,1,-0.0172,0.0228
Mats Zuccarello,MIN,8475692,4,0.002768252044916153,0.00043727594311349094,1,-0.0172,0.0228
Mats Zuccarello,MIN,8475692,5,0.002768473932519555,0.00043727594311349094,0,-0.0172,0.0228
Mats Zuccarello,MIN,8475692,6,0.0027686217799782753,0.00043727594311349094,0,-0.0172,0.0228
Mats Zuccarello,MIN,8475692,7,0.0027687179390341043,0.00043727594311349094,0,-0.0172,0.0228
Mats Zuccarello,MIN,8475692,8,0.0027687123510986567,0.00043727594311349094,0,-0.0172,0.0228
Ryan Hartman,MIN,8477451,0,0.0036876345984637737,0.001794724608771503,0,-0.0163,0.0237
Ryan Hartman,MIN,8477451,1,0.0036246406380087137,0.001794724608771503,0,-0.0164,0.0236
Ryan Hartman,MIN,8477451,2,0.0035616219975054264,0.001794724608771503,0,-0.0164,0.0236
Ryan Hartman,MIN,8477451,3,0.0034979854244738817,0.001794724608771503,4,-0.0065,0.0135
Ryan Hartman,MIN,8477451,4,0.003476172685623169,0.001794724608771503,2,-0.0106,0.0176
Ryan Hartman,MIN,8477451,5,0.0034763976000249386,0.001794724608771503,0,-0.0165,0.0235
Ryan Hartman,MIN,8477451,6,0.003476547310128808,0.001794724608771503,0,-0.0165,0.0235
Ryan Hartman,MIN,8477451,7,0.0034766450989991426,0.001794724608771503,0,-0.0165,0.0235
Ryan Hartman,MIN,8477451,8,0.0034766390454024076,0.001794724608771503,0,-0.0165,0.0235
Kirill Kaprizov,MIN,8478864,0,0.001025995472446084,0.0005245751235634089,0,-0.019,0.021
Kirill Kaprizov,MIN,8478864,1,0.0009094236302189529,0.0005245751235634089,2,-0.0132,0.015
Kirill Kaprizov,MIN,8478864,2,0.0008071320480667055,0.0005245751235634089,3,-0.0107,0.0123
Kirill Kaprizov,MIN,8478864,3,0.0007426525698974729,0.0005245751235634089,5,-0.0082,0.0096
Kirill Kaprizov,MIN,8478864,4,0.0007277607219293714,0.0005245751235634089,1,-0.0193,0.0207
Kirill Kaprizov,MIN,8478864,5,0.0007279857527464628,0.0005245751235634089,0,-0.0193,0.0207
Kirill Kaprizov,MIN,8478864,6,0.0007281353464350104,0.0005245751235634089,0,-0.0193,0.0207
Kirill Kaprizov,MIN,8478864,7,0.0007282329024747014,0.0005245751235634089,0,-0.0193,0.0207
Kirill Kaprizov,MIN,8478864,8,0.0007282273145392537,0.0005245751235634089,0,-0.0193,0.0207
Nino Niederreiter,WPG,8475799,0,0.0028628597501665354,0.003261109348386526,0,-0.0171,0.0229
Nino Niederreiter,WPG,8475799,1,0.002863459289073944,0.003261109348386526,0,-0.0171,0.0229
Nino Niederreiter,WPG,8475799,2,0.0028640327509492636,0.003261109348386526,0,-0.0171,0.0229
Nino Niederreiter,WPG,8475799,3,0.0028639868833124638,0.003261109348386526,0,-0.0171,0.0229
Nino Niederreiter,WPG,8475799,4,0.002863433212041855,0.003261109348386526,0,-0.0171,0.0229
Nino Niederreiter,WPG,8475799,5,0.002863661851733923,0.003261109348386526,0,-0.0171,0.0229
Nino Niederreiter,WPG,8475799,6,0.002863813890144229,0.003261109348386526,0,-0.0171,0.0229
Nino Niederreiter,WPG,8475799,7,0.0028639144729822874,0.003261109348386526,0,-0.0171,0.0229
Nino Niederreiter,WPG,8475799,8,0.002863907953724265,0.003261109348386526,0,-0.0171,0.0229
Troy Terry,ANA,8478873,0,-0.005466881673783064,-0.004282601643353701,0,-0.0255,0.0145
Troy Terry,ANA,8478873,1,-0.005450642667710781,-0.004282601643353701,2,-0.0196,0.0086
Troy Terry,ANA,8478873,2,-0.005523001775145531,-0.004282601643353701,1,-0.0255,0.0145
Troy Terry,ANA,8478873,3,-0.005584256257861853,-0.004282601643353701,4,-0.0156,0.0044
Troy Terry,ANA,8478873,4,-0.005594457965344191,-0.004282601643353701,2,-0.0197,0.0085
Troy Terry,ANA,8478873,5,-0.005594243761152029,-0.004282601643353701,0,-0.0256,0.0144
Troy Terry,ANA,8478873,6,-0.005594098474830389,-0.004282601643353701,0,-0.0256,0.0144
Troy Terry,ANA,8478873,7,-0.005594007205218077,-0.004282601643353701,0,-0.0256,0.0144
Troy Terry,ANA,8478873,8,-0.005594013258814812,-0.004282601643353701,0,-0.0256,0.0144
Alex Killorn,ANA,8473986,0,0.0018001798307523131,-0.0004959978978149593,0,-0.0182,0.0218
Alex Killorn,ANA,8473986,1,0.0019364109029993415,-0.0004959978978149593,4,-0.0081,0.0119
Alex Killorn,ANA,8473986,2,0.0020062336698174477,-0.0004959978978149593,1,-0.018,0.022
Alex Killorn,ANA,8473986,3,0.0019933769945055246,-0.0004959978978149593,1,-0.018,0.022
Alex Killorn,ANA,8473986,4,0.0019928147085011005,-0.0004959978978149593,0,-0.018,0.022
Alex Killorn,ANA,8473986,5,0.00199303706176579,-0.0004959978978149593,0,-0.018,0.022
Alex Killorn,ANA,8473986,6,0.0019931846763938665,-0.0004959978978149593,0,-0.018,0.022
Alex Killorn,ANA,8473986,7,0.0019932815339416265,-0.0004959978978149593,0,-0.018,0.022
Alex Killorn,ANA,8473986,8,0.0019932754803448915,-0.0004959978978149593,0,-0.018,0.022
Ryan Nugent-Hopkins,EDM,8476454,0,0.015948928892612457,0.012117124162614346,0,-0.0041,0.0359
Ryan Nugent-Hopkins,EDM,8476454,1,0.016020813956856728,0.012117124162614346,2,0.0019,0.0301
Ryan Nugent-Hopkins,EDM,8476454,2,0.016012364998459816,0.012117124162614346,1,-0.004,0.036
Ryan Nugent-Hopkins,EDM,8476454,3,0.016012338921427727,0.012117124162614346,0,-0.004,0.036
Ryan Nugent-Hopkins,EDM,8476454,4,0.016011804342269897,0.012117124162614346,0,-0.004,0.036
Ryan Nugent-Hopkins,EDM,8476454,5,0.01601204089820385,0.012117124162614346,0,-0.004,0.036
Ryan Nugent-Hopkins,EDM,8476454,6,0.01601220853626728,0.012117124162614346,0,-0.004,0.036
Ryan Nugent-Hopkins,EDM,8476454,7,0.016012314707040787,0.012117124162614346,0,-0.004,0.036
Ryan Nugent-Hopkins,EDM,8476454,8,0.01601230911910534,0.012117124162614346,0,-0.004,0.036
Mattias Ekholm,EDM,8475218,0,-0.003181419102475047,-0.002143428660929203,0,-0.0232,0.0168
Mattias Ekholm,EDM,8475218,1,-0.0031808495987206697,-0.002143428660929203,0,-0.0232,0.0168
Mattias Ekholm,EDM,8475218,2,-0.0031803015153855085,-0.002143428660929203,0,-0.0232,0.0168
Mattias Ekholm,EDM,8475218,3,-0.003180368337780237,-0.002143428660929203,0,-0.0232,0.0168
Mattias Ekholm,EDM,8475218,4,-0.0031809406355023384,-0.002143428660929203,0,-0.0232,0.0168
Mattias Ekholm,EDM,8475218,5,-0.0031807254999876022,-0.002143428660929203,0,-0.0232,0.0168
Mattias Ekholm,EDM,8475218,6,-0.0031805820763111115,-0.002143428660929203,0,-0.0232,0.0168
Mattias Ekholm,EDM,8475218,7,-0.003180489642545581,-0.002143428660929203,0,-0.0232,0.0168
Mattias Ekholm,EDM,8475218,8,-0.003180495696142316,-0.002143428660929203,0,-0.0232,0.0168
Darnell Nurse,EDM,8477498,0,8.549474296160042e-05,0.000846613897010684,0,-0.0199,0.0201
Darnell Nurse,EDM,8477498,1,8.114217780530453e-05,0.000846613897010684,1,-0.0199,0.0201
Darnell Nurse,EDM,8477498,2,8.170228829840198e-05,0.000846613897010684,0,-0.0199,0.0201
Darnell Nurse,EDM,8477498,3,8.16465326352045e-05,0.000846613897010684,0,-0.0199,0.0201
Darnell Nurse,EDM,8477498,4,8.108325710054487e-05,0.000846613897010684,0,-0.0199,0.0201
Darnell Nurse,EDM,8477498,5,8.130543574225157e-05,0.000846613897010684,0,-0.0199,0.0201
Darnell Nurse,EDM,8477498,6,8.145323226926848e-05,0.000846613897010684,0,-0.0199,0.0201
Darnell Nurse,EDM,8477498,7,8.154952229233459e-05,0.000846613897010684,0,-0.0199,0.0201
Darnell Nurse,EDM,8477498,8,8.154354873113334e-05,0.000846613897010684,0,-0.0199,0.0201
Corey Perry,LAK,8470621,0,0.00117739278357476,0.001583862816914916,0,-0.0188,0.0212
Corey Perry,LAK,8470621,1,0.001134849968366325,0.001583862816914916,4,-0.0089,0.0111
Corey Perry,LAK,8470621,2,0.0011354155139997602,0.001583862816914916,0,-0.0189,0.0211
Corey Perry,LAK,8470621,3,0.001135365106165409,0.001583862816914916,0,-0.0189,0.0211
Corey Perry,LAK,8470621,4,0.0011348056141287088,0.001583862816914916,0,-0.0189,0.0211
Corey Perry,LAK,8470621,5,0.0011350311106070876,0.001583862816914916,0,-0.0189,0.0211
Corey Perry,LAK,8470621,6,0.0011351811699569225,0.001583862816914916,0,-0.0189,0.0211
Corey Perry,LAK,8470621,7,0.0011352788424119353,0.001583862816914916,0,-0.0189,0.0211
Corey Perry,LAK,8470621,8,0.0011352734873071313,0.001583862816914916,0,-0.0189,0.0211
Jack Hughes,NJD,8481559,0,0.0007923193043097854,0.0005629138322547078,0,-0.0192,0.0208
Jack Hughes,NJD,8481559,1,0.0007929045823402703,0.0005629138322547078,0,-0.0192,0.0208
Jack Hughes,NJD,8481559,2,0.0007934651803225279,0.0005629138322547078,0,-0.0192,0.0208
Jack Hughes,NJD,8481559,3,0.0007934097084216774,0.0005629138322547078,0,-0.0192,0.0208
Jack Hughes,NJD,8481559,4,0.0007928468403406441,0.0005629138322547078,0,-0.0192,0.0208
Jack Hughes,NJD,8481559,5,0.0007930691353976727,0.0005629138322547078,0,-0.0192,0.0208
Jack Hughes,NJD,8481559,6,0.0007932170992717147,0.0005629138322547078,0,-0.0192,0.0208
Jack Hughes,NJD,8481559,7,0.0007933136075735092,0.0005629138322547078,0,-0.0192,0.0208
Jack Hughes,NJD,8481559,8,0.0007933075539767742,0.0005629138322547078,0,-0.0192,0.0208
Dawson Mercer,NJD,8482110,0,0.0039287833496928215,0.00424038665369153,0,-0.0161,0.0239
Dawson Mercer,NJD,8482110,1,0.003929383121430874,0.00424038665369153,0,-0.0161,0.0239
Dawson Mercer,NJD,8482110,2,0.0039299544878304005,0.00424038665369153,0,-0.0161,0.0239
Dawson Mercer,NJD,8482110,3,0.003929910250008106,0.00424038665369153,0,-0.0161,0.0239
Dawson Mercer,NJD,8482110,4,0.003929354716092348,0.00424038665369153,0,-0.0161,0.0239
Dawson Mercer,NJD,8482110,5,0.003929584752768278,0.00424038665369153,0,-0.0161,0.0239
Dawson Mercer,NJD,8482110,6,0.003929736092686653,0.00424038665369153,0,-0.0161,0.0239
Dawson Mercer,NJD,8482110,7,0.003929836675524712,0.00424038665369153,0,-0.0161,0.0239
Dawson Mercer,NJD,8482110,8,0.003929829224944115,0.00424038665369153,0,-0.0161,0.0239
Aliaksei Protas,WSH,8481656,0,-0.0031675214413553476,-0.0004236217064317316,0,-0.0232,0.0168
Aliaksei Protas,WSH,8481656,1,-0.0031669384334236383,-0.0004236217064317316,0,-0.0232,0.0168
Aliaksei Protas,WSH,8481656,2,-0.0031663815025240183,-0.0004236217064317316,0,-0.0232,0.0168
Aliaksei Protas,WSH,8481656,3,-0.003166439477354288,-0.0004236217064317316,0,-0.0232,0.0168
Aliaksei Protas,WSH,8481656,4,-0.0031670043244957924,-0.0004236217064317316,0,-0.0232,0.0168
Aliaksei Protas,WSH,8481656,5,-0.003166783833876252,-0.0004236217064317316,0,-0.0232,0.0168
Aliaksei Protas,WSH,8481656,6,-0.003166636684909463,-0.0004236217064317316,0,-0.0232,0.0168
Aliaksei Protas,WSH,8481656,7,-0.0031665414571762085,-0.0004236217064317316,0,-0.0232,0.0168
Aliaksei Protas,WSH,8481656,8,-0.003166547045111656,-0.0004236217064317316,0,-0.0232,0.0168
Brett Harrison,BOS,8482739,0,-0.0003446769551374018,-0.00038882100488990545,0,-0.0203,0.0197
Brett Harrison,BOS,8482739,1,-0.0003440947039052844,-0.00038882100488990545,0,-0.0203,0.0197
Brett Harrison,BOS,8482739,2,-0.0003435365797486156,-0.00038882100488990545,0,-0.0203,0.0197
Brett Harrison,BOS,8482739,3,-0.00034359420533291996,-0.00038882100488990545,0,-0.0203,0.0197
Brett Harrison,BOS,8482739,4,-0.0003441588778514415,-0.00038882100488990545,0,-0.0203,0.0197
Brett Harrison,BOS,8482739,5,-0.00034393786336295307,-0.00038882100488990545,0,-0.0203,0.0197
Brett Harrison,BOS,8482739,6,-0.00034379083081148565,-0.00038882100488990545,0,-0.0203,0.0197
Brett Harrison,BOS,8482739,7,-0.0003436951956246048,-0.00038882100488990545,0,-0.0203,0.0197
Brett Harrison,BOS,8482739,8,-0.00034370110370218754,-0.00038882100488990545,0,-0.0203,0.0197
Andrew Peeke,BOS,8479369,0,-0.0015380324330180883,-0.0010896236635744572,0,-0.0215,0.0185
Andrew Peeke,BOS,8479369,1,-0.001547201769426465,-0.0010896236635744572,1,-0.0215,0.0185
Andrew Peeke,BOS,8479369,2,-0.001546646817587316,-0.0010896236635744572,0,-0.0215,0.0185
Andrew Peeke,BOS,8479369,3,-0.0015467077028006315,-0.0010896236635744572,0,-0.0215,0.0185
Andrew Peeke,BOS,8479369,4,-0.001547275111079216,-0.0010896236635744572,0,-0.0215,0.0185
Andrew Peeke,BOS,8479369,5,-0.0015470562502741814,-0.0010896236635744572,0,-0.0215,0.0185
Andrew Peeke,BOS,8479369,6,-0.0015469103818759322,-0.0010896236635744572,0,-0.0215,0.0185
Andrew Peeke,BOS,8479369,7,-0.0015468159690499306,-0.0010896236635744572,0,-0.0215,0.0185
Andrew Peeke,BOS,8479369,8,-0.0015468219062313437,-0.0010896236635744572,0,-0.0215,0.0185
Jeffrey Viel,ANA,8479705,0,-0.0010354503756389022,-0.0007177803781814873,0,-0.021,0.019
Jeffrey Viel,ANA,8479705,1,-0.001034869346767664,-0.0007177803781814873,0,-0.021,0.019
Jeffrey Viel,ANA,8479705,2,-0.0010343121830374002,-0.0007177803781814873,0,-0.021,0.019
Jeffrey Viel,ANA,8479705,3,-0.0010343713220208883,-0.0007177803781814873,0,-0.021,0.019
Jeffrey Viel,ANA,8479705,4,-0.001034936518408358,-0.0007177803781814873,0,-0.021,0.019
Jeffrey Viel,ANA,8479705,5,-0.0010347163770347834,-0.0007177803781814873,0,-0.021,0.019
Jeffrey Viel,ANA,8479705,6,-0.001034569926559925,-0.0007177803781814873,0,-0.021,0.019
Jeffrey Viel,ANA,8479705,7,-0.0010344743495807052,-0.0007177803781814873,0,-0.021,0.019
Jeffrey Viel,ANA,8479705,8,-0.0010344806360080838,-0.0007177803781814873,0,-0.021,0.019
Patrick Brown,BOS,8477887,0,-0.000734093424398452,-0.0006998453754931688,0,-0.0207,0.0193
Patrick Brown,BOS,8477887,1,-0.0007335128611885011,-0.0006998453754931688,0,-0.0207,0.0193
Patrick Brown,BOS,8477887,2,-0.0007329563377425075,-0.0006998453754931688,0,-0.0207,0.0193
Patrick Brown,BOS,8477887,3,-0.0007330147782340646,-0.0006998453754931688,0,-0.0207,0.0193
Patrick Brown,BOS,8477887,4,-0.0007335809641517699,-0.0006998453754931688,0,-0.0207,0.0193
Patrick Brown,BOS,8477887,5,-0.000733360240701586,-0.0006998453754931688,0,-0.0207,0.0193
Patrick Brown,BOS,8477887,6,-0.000733214255888015,-0.0006998453754931688,0,-0.0207,0.0193
Patrick Brown,BOS,8477887,7,-0.0007331183878704906,-0.0006998453754931688,0,-0.0207,0.0193
Patrick Brown,BOS,8477887,8,-0.0007331250235438347,-0.0006998453754931688,0,-0.0207,0.0193
Colton Sissons,VGK,8476925,0,-0.004193558357656002,-0.003181466367095709,0,-0.0242,0.0158
Colton Sissons,VGK,8476925,1,-0.004207570571452379,-0.003181466367095709,0,-0.0242,0.0158
Colton Sissons,VGK,8476925,2,-0.004221606068313122,-0.003181466367095709,0,-0.0242,0.0158
Colton Sissons,VGK,8476925,3,-0.004236253909766674,-0.003181466367095709,0,-0.0242,0.0158
Colton Sissons,VGK,8476925,4,-0.00425140792503953,-0.003181466367095709,0,-0.0243,0.0157
Colton Sissons,VGK,8476925,5,-0.004265772644430399,-0.003181466367095709,1,-0.0243,0.0157
Colton Sissons,VGK,8476925,6,-0.004265632014721632,-0.003181466367095709,0,-0.0243,0.0157
Colton Sissons,VGK,8476925,7,-0.004265537951141596,-0.003181466367095709,0,-0.0243,0.0157
Colton Sissons,VGK,8476925,8,-0.004265547264367342,-0.003181466367095709,0,-0.0243,0.0157
Ryan Suzuki,CAR,8481576,0,-0.00028266865410842,-0.00032680624281056225,0,-0.0203,0.0197
Ryan Suzuki,CAR,8481576,1,-0.00028208643198013306,-0.00032680624281056225,0,-0.0203,0.0197
Ryan Suzuki,CAR,8481576,2,-0.00028152839513495564,-0.00032680624281056225,0,-0.0203,0.0197
Ryan Suzuki,CAR,8481576,3,-0.0002815861371345818,-0.00032680624281056225,0,-0.0203,0.0197
Ryan Suzuki,CAR,8481576,4,-0.000282150722341612,-0.00032680624281056225,0,-0.0203,0.0197
Ryan Suzuki,CAR,8481576,5,-0.0002819299406837672,-0.00032680624281056225,0,-0.0203,0.0197
Ryan Suzuki,CAR,8481576,6,-0.0002817829081322998,-0.00032680624281056225,0,-0.0203,0.0197
Ryan Suzuki,CAR,8481576,7,-0.0002816871565300971,-0.00032680624281056225,0,-0.0203,0.0197
Ryan Suzuki,CAR,8481576,8,-0.00028169326833449304,-0.00032680624281056225,0,-0.0203,0.0197
Domenick Fensore,CAR,8481562,0,-0.0002842009416781366,-0.0003167395479977131,0,-0.0203,0.0197
Domenick Fensore,CAR,8481562,1,-0.00028361869044601917,-0.0003167395479977131,0,-0.0203,0.0197
Domenick Fensore,CAR,8481562,2,-0.00028306079911999404,-0.0003167395479977131,0,-0.0203,0.0197
Domenick Fensore,CAR,8481562,3,-0.00028311851201578975,-0.0003167395479977131,0,-0.0203,0.0197
Domenick Fensore,CAR,8481562,4,-0.0002836833882611245,-0.0003167395479977131,0,-0.0203,0.0197
Domenick Fensore,CAR,8481562,5,-0.0002834622864611447,-0.0003167395479977131,0,-0.0203,0.0197
Domenick Fensore,CAR,8481562,6,-0.00028331554494798183,-0.0003167395479977131,0,-0.0203,0.0197
Domenick Fensore,CAR,8481562,7,-0.0002832196478266269,-0.0003167395479977131,0,-0.0203,0.0197
Domenick Fensore,CAR,8481562,8,-0.0002832258178386837,-0.0003167395479977131,0,-0.0203,0.0197
Michael McCarron,MIN,8477446,0,-0.001675553503446281,-0.0013938716147094965,0,-0.0217,0.0183
Michael McCarron,MIN,8477446,1,-0.001674978295341134,-0.0013938716147094965,0,-0.0217,0.0183
Michael McCarron,MIN,8477446,2,-0.0016744264867156744,-0.0013938716147094965,0,-0.0217,0.0183
Michael McCarron,MIN,8477446,3,-0.001674489350989461,-0.0013938716147094965,0,-0.0217,0.0183
Michael McCarron,MIN,8477446,4,-0.0016750582726672292,-0.0013938716147094965,0,-0.0217,0.0183
Michael McCarron,MIN,8477446,5,-0.0016748409252613783,-0.0013938716147094965,0,-0.0217,0.0183
Michael McCarron,MIN,8477446,6,-0.0016746961046010256,-0.0013938716147094965,0,-0.0217,0.0183
Michael McCarron,MIN,8477446,7,-0.0016746020410209894,-0.0013938716147094965,0,-0.0217,0.0183
Michael McCarron,MIN,8477446,8,-0.0016746082110330462,-0.0013938716147094965,0,-0.0217,0.0183
Nate Danielson,DET,8484160,0,-0.0018632924184203148,-0.0014323309296742082,0,-0.0219,0.0181
Nate Danielson,DET,8484160,1,-0.0018627163954079151,-0.0014323309296742082,0,-0.0219,0.0181
Nate Danielson,DET,8484160,2,-0.0018621633062139153,-0.0014323309296742082,0,-0.0219,0.0181
Nate Danielson,DET,8484160,3,-0.0018622255884110928,-0.0014323309296742082,0,-0.0219,0.0181
Nate Danielson,DET,8484160,4,-0.0018627939280122519,-0.0014323309296742082,0,-0.0219,0.0181
Nate Danielson,DET,8484160,5,-0.0018625755328685045,-0.0014323309296742082,0,-0.0219,0.0181
Nate Danielson,DET,8484160,6,-0.0018624309450387955,-0.0014323309296742082,0,-0.0219,0.0181
Nate Danielson,DET,8484160,7,-0.0018623359501361847,-0.0014323309296742082,0,-0.0219,0.0181
Nate Danielson,DET,8484160,8,-0.0018623428186401725,-0.0014323309296742082,0,-0.0219,0.0181
Jonatan Berggren,STL,8481013,0,0.00726407440379262,0.006356894038617611,0,-0.0127,0.0273
Jonatan Berggren,STL,8481013,1,0.007264690939337015,0.006356894038617611,0,-0.0127,0.0273
Jonatan Berggren,STL,8481013,2,0.007265276275575161,0.006356894038617611,0,-0.0127,0.0273
Jonatan Berggren,STL,8481013,3,0.007265245541930199,0.006356894038617611,0,-0.0127,0.0273
Jonatan Berggren,STL,8481013,4,0.007264698855578899,0.006356894038617611,0,-0.0127,0.0273
Jonatan Berggren,STL,8481013,5,0.007264937274158001,0.006356894038617611,0,-0.0127,0.0273
Jonatan Berggren,STL,8481013,6,0.007265092805027962,0.006356894038617611,0,-0.0127,0.0273
Jonatan Berggren,STL,8481013,7,0.007265198510140181,0.006356894038617611,0,-0.0127,0.0273
Jonatan Berggren,STL,8481013,8,0.007265191990882158,0.006356894038617611,0,-0.0127,0.0273
Andrew Copp,DET,8477429,0,-6.375701195793226e-05,0.0013446789234876633,0,-0.0201,0.0199
Andrew Copp,DET,8477429,1,-6.31681177765131e-05,0.0013446789234876633,0,-0.0201,0.0199
Andrew Copp,DET,8477429,2,-6.260543887037784e-05,0.0013446789234876633,0,-0.0201,0.0199
Andrew Copp,DET,8477429,3,-6.265816773520783e-05,0.0013446789234876633,0,-0.0201,0.0199
Andrew Copp,DET,8477429,4,-6.321970431599766e-05,0.0013446789234876633,0,-0.0201,0.0199
Andrew Copp,DET,8477429,5,-6.299545930232853e-05,0.0013446789234876633,0,-0.0201,0.0199
Andrew Copp,DET,8477429,6,-6.284692790359259e-05,0.0013446789234876633,0,-0.0201,0.0199
Andrew Copp,DET,8477429,7,-6.274950283113867e-05,0.0013446789234876633,0,-0.0201,0.0199
Andrew Copp,DET,8477429,8,-6.275560008361936e-05,0.0013446789234876633,0,-0.0201,0.0199
Auston Matthews,TOR,8479318,0,-0.007393650244921446,-0.004673235584050417,0,-0.0274,0.0126
Auston Matthews,TOR,8479318,1,-0.007393083535134792,-0.004673235584050417,0,-0.0274,0.0126
Auston Matthews,TOR,8479318,2,-0.00739253731444478,-0.004673235584050417,0,-0.0274,0.0126
Auston Matthews,TOR,8479318,3,-0.007392605766654015,-0.004673235584050417,0,-0.0274,0.0126
Auston Matthews,TOR,8479318,4,-0.00739317899569869,-0.004673235584050417,0,-0.0274,0.0126
Auston Matthews,TOR,8479318,5,-0.0073929657228291035,-0.004673235584050417,0,-0.0274,0.0126
Auston Matthews,TOR,8479318,6,-0.007392823696136475,-0.004673235584050417,0,-0.0274,0.0126
Auston Matthews,TOR,8479318,7,-0.007392730098217726,-0.004673235584050417,0,-0.0274,0.0126
Auston Matthews,TOR,8479318,8,-0.007392738480120897,-0.004673235584050417,0,-0.0274,0.0126
Albert Johansson,DET,8481607,0,-0.0001757907884893939,-0.00021994815324433148,0,-0.0202,0.0198
Albert Johansson,DET,8481607,1,-0.0001752082462189719,-0.00021994815324433148,0,-0.0202,0.0198
Albert Johansson,DET,8481607,2,-0.00017465007840655744,-0.00021994815324433148,0,-0.0202,0.0198
Albert Johansson,DET,8481607,3,-0.0001747075584717095,-0.00021994815324433148,0,-0.0202,0.0198
Albert Johansson,DET,8481607,4,-0.0001752721582306549,-0.00021994815324433148,0,-0.0202,0.0198
Albert Johansson,DET,8481607,5,-0.00017505112919025123,-0.00021994815324433148,0,-0.0202,0.0198
Albert Johansson,DET,8481607,6,-0.00017490402387920767,-0.00021994815324433148,0,-0.0202,0.0198
Albert Johansson,DET,8481607,7,-0.00017480830138083547,-0.00021994815324433148,0,-0.0202,0.0198
Albert Johansson,DET,8481607,8,-0.00017481428221799433,-0.00021994815324433148,0,-0.0202,0.0198
Alex Newhook,MTL,8481618,0,-0.0016369580989703536,-0.0016249057371169329,0,-0.0216,0.0184
Alex Newhook,MTL,8481618,1,-0.0016447954112663865,-0.0016249057371169329,1,-0.0216,0.0184
Alex Newhook,MTL,8481618,2,-0.0016478407196700573,-0.0016249057371169329,0,-0.0216,0.0184
Alex Newhook,MTL,8481618,3,-0.0016515007009729743,-0.0016249057371169329,1,-0.0217,0.0183
Alex Newhook,MTL,8481618,4,-0.0016520707868039608,-0.0016249057371169329,0,-0.0217,0.0183
Alex Newhook,MTL,8481618,5,-0.00165185471996665,-0.0016249057371169329,0,-0.0217,0.0183
Alex Newhook,MTL,8481618,6,-0.0016517102485522628,-0.0016249057371169329,0,-0.0217,0.0183
Alex Newhook,MTL,8481618,7,-0.0016516168834641576,-0.0016249057371169329,0,-0.0217,0.0183
Alex Newhook,MTL,8481618,8,-0.0016516229370608926,-0.0016249057371169329,0,-0.0217,0.0183
Christian Dvorak,PHI,8477989,0,-0.013756100088357925,-0.008198537863790989,4,-0.0238,-0.0038
Christian Dvorak,PHI,8477989,1,-0.013820549473166466,-0.008198537863790989,1,-0.0338,0.0062
Christian Dvorak,PHI,8477989,2,-0.01385241188108921,-0.008198537863790989,2,-0.028,0.0002
Christian Dvorak,PHI,8477989,3,-0.01386922225356102,-0.008198537863790989,1,-0.0339,0.0061
Christian Dvorak,PHI,8477989,4,-0.013869807124137878,-0.008198537863790989,0,-0.0339,0.0061
Christian Dvorak,PHI,8477989,5,-0.013869598507881165,-0.008198537863790989,0,-0.0339,0.0061
Christian Dvorak,PHI,8477989,6,-0.01386946439743042,-0.008198537863790989,0,-0.0339,0.0061
Christian Dvorak,PHI,8477989,7,-0.013869374059140682,-0.008198537863790989,0,-0.0339,0.0061
Christian Dvorak,PHI,8477989,8,-0.013869384303689003,-0.008198537863790989,0,-0.0339,0.0061
Brendan Gallagher,MTL,8475848,0,0.003174113342538476,0.0020010003354400396,0,-0.0168,0.0232
Brendan Gallagher,MTL,8475848,1,0.0031747031025588512,0.0020010003354400396,0,-0.0168,0.0232
Brendan Gallagher,MTL,8475848,2,0.003175269113853574,0.0020010003354400396,0,-0.0168,0.0232
Brendan Gallagher,MTL,8475848,3,0.0031752167269587517,0.0020010003354400396,0,-0.0168,0.0232
Brendan Gallagher,MTL,8475848,4,0.003174657467752695,0.0020010003354400396,0,-0.0168,0.0232
Brendan Gallagher,MTL,8475848,5,0.0031748816836625338,0.0020010003354400396,0,-0.0168,0.0232
Brendan Gallagher,MTL,8475848,6,0.0031750325579196215,0.0020010003354400396,0,-0.0168,0.0232
Brendan Gallagher,MTL,8475848,7,0.003175128251314163,0.0020010003354400396,0,-0.0168,0.0232
Brendan Gallagher,MTL,8475848,8,0.0031751245260238647,0.0020010003354400396,0,-0.0168,0.0232
Justin Barron,NSH,8482111,0,-0.00031893744016997516,-0.0003630839055404067,0,-0.0203,0.0197
Justin Barron,NSH,8482111,1,-0.00031835504341870546,-0.0003630839055404067,0,-0.0203,0.0197
Justin Barron,NSH,8482111,2,-0.0003177969774696976,-0.0003630839055404067,0,-0.0203,0.0197
Justin Barron,NSH,8482111,3,-0.000317854544846341,-0.0003630839055404067,0,-0.0203,0.0197
Justin Barron,NSH,8482111,4,-0.00031841930467635393,-0.0003630839055404067,0,-0.0203,0.0197
Justin Barron,NSH,8482111,5,-0.0003181982028763741,-0.0003630839055404067,0,-0.0203,0.0197
Justin Barron,NSH,8482111,6,-0.00031805128674022853,-0.0003630839055404067,0,-0.0203,0.0197
Justin Barron,NSH,8482111,7,-0.00031795547693036497,-0.0003630839055404067,0,-0.0203,0.0197
Justin Barron,NSH,8482111,8,-0.0003179615887347609,-0.0003630839055404067,0,-0.0203,0.0197
Logan Mailloux,STL,8482733,0,-0.002051575342193246,-0.001237570191733539,0,-0.0221,0.0179
Logan Mailloux,STL,8482733,1,-0.0020509965252131224,-0.001237570191733539,0,-0.0221,0.0179
Logan Mailloux,STL,8482733,2,-0.0020504440180957317,-0.001237570191733539,0,-0.0221,0.0179
Logan Mailloux,STL,8482733,3,-0.0020505045540630817,-0.001237570191733539,0,-0.0221,0.0179
Logan Mailloux,STL,8482733,4,-0.0020510731264948845,-0.001237570191733539,0,-0.0221,0.0179
Logan Mailloux,STL,8482733,5,-0.0020508533343672752,-0.001237570191733539,0,-0.0221,0.0179
Logan Mailloux,STL,8482733,6,-0.002050708280876279,-0.001237570191733539,0,-0.0221,0.0179
Logan Mailloux,STL,8482733,7,-0.002050613285973668,-0.001237570191733539,0,-0.0221,0.0179
Logan Mailloux,STL,8482733,8,-0.0020506205037236214,-0.001237570191733539,0,-0.0221,0.0179
Kaiden Guhle,MTL,8482087,0,-0.00039823385304771364,-0.00044230479397810996,0,-0.0204,0.0196
Kaiden Guhle,MTL,8482087,1,-0.00039765244582667947,-0.00044230479397810996,0,-0.0204,0.0196
Kaiden Guhle,MTL,8482087,2,-0.00039709507836960256,-0.00044230479397810996,0,-0.0204,0.0196
Kaiden Guhle,MTL,8482087,3,-0.0003971534315496683,-0.00044230479397810996,0,-0.0204,0.0196
Kaiden Guhle,MTL,8482087,4,-0.00039771856972947717,-0.00044230479397810996,0,-0.0204,0.0196
Kaiden Guhle,MTL,8482087,5,-0.00039749807910993695,-0.00044230479397810996,0,-0.0204,0.0196
Kaiden Guhle,MTL,8482087,6,-0.0003973512793891132,-0.00044230479397810996,0,-0.0204,0.0196
Kaiden Guhle,MTL,8482087,7,-0.0003972558188252151,-0.00044230479397810996,0,-0.0204,0.0196
Kaiden Guhle,MTL,8482087,8,-0.00039726190152578056,-0.00044230479397810996,0,-0.0204,0.0196
Jack Thompson,SJS,8482144,0,-0.0008796847541816533,-0.0009235480101779103,0,-0.0209,0.0191
Jack Thompson,SJS,8482144,1,-0.0008791058207862079,-0.0009235480101779103,0,-0.0209,0.0191
Jack Thompson,SJS,8482144,2,-0.0008785506361164153,-0.0009235480101779103,0,-0.0209,0.0191
Jack Thompson,SJS,8482144,3,-0.0008786107646301389,-0.0009235480101779103,0,-0.0209,0.0191
Jack Thompson,SJS,8482144,4,-0.0008791774744167924,-0.0009235480101779103,0,-0.0209,0.0191
Jack Thompson,SJS,8482144,5,-0.0008789580897428095,-0.0009235480101779103,0,-0.0209,0.0191
Jack Thompson,SJS,8482144,6,-0.0008788122213445604,-0.0009235480101779103,0,-0.0209,0.0191
Jack Thompson,SJS,8482144,7,-0.000878716993611306,-0.0009235480101779103,0,-0.0209,0.0191
Jack Thompson,SJS,8482144,8,-0.0008787235710769892,-0.0009235480101779103,0,-0.0209,0.0191
Luca Cagnoni,SJS,8484152,0,-0.0010612764162942767,-0.0009530247771181166,0,-0.0211,0.0189
Luca Cagnoni,SJS,8484152,1,-0.0010606967844069004,-0.0009530247771181166,0,-0.0211,0.0189
Luca Cagnoni,SJS,8484152,2,-0.0010601411340758204,-0.0009530247771181166,0,-0.0211,0.0189
Luca Cagnoni,SJS,8484152,3,-0.0010602012043818831,-0.0009530247771181166,0,-0.0211,0.0189
Luca Cagnoni,SJS,8484152,4,-0.0010607675649225712,-0.0009530247771181166,0,-0.0211,0.0189
Luca Cagnoni,SJS,8484152,5,-0.001060547772794962,-0.0009530247771181166,0,-0.0211,0.0189
Luca Cagnoni,SJS,8484152,6,-0.0010604020208120346,-0.0009530247771181166,0,-0.0211,0.0189
Luca Cagnoni,SJS,8484152,7,-0.0010603065602481365,-0.0009530247771181166,0,-0.0211,0.0189
Luca Cagnoni,SJS,8484152,8,-0.0010603130795061588,-0.0009530247771181166,0,-0.0211,0.0189
Collin Graf,SJS,8484911,0,-0.00024284995743073523,2.7305066396365874e-05,0,-0.0202,0.0198
Collin Graf,SJS,8484911,1,-0.00024226673122029752,2.7305066396365874e-05,0,-0.0202,0.0198
Collin Graf,SJS,8484911,2,-0.00024170795222744346,2.7305066396365874e-05,0,-0.0202,0.0198
Collin Graf,SJS,8484911,3,-0.00024176490842364728,2.7305066396365874e-05,0,-0.0202,0.0198
Collin Graf,SJS,8484911,4,-0.00024232914438471198,2.7305066396365874e-05,0,-0.0202,0.0198
Collin Graf,SJS,8484911,5,-0.00024210766423493624,2.7305066396365874e-05,0,-0.0202,0.0198
Collin Graf,SJS,8484911,6,-0.00024196048616431653,2.7305066396365874e-05,0,-0.0202,0.0198
Collin Graf,SJS,8484911,7,-0.00024186442897189409,2.7305066396365874e-05,0,-0.0202,0.0198
Collin Graf,SJS,8484911,8,-0.00024187058443203568,2.7305066396365874e-05,0,-0.0202,0.0198
Barclay Goodrow,SJS,8476624,0,-0.001317417249083519,-0.0005124321905896068,0,-0.0213,0.0187
Barclay Goodrow,SJS,8476624,1,-0.0013168383156880736,-0.0005124321905896068,0,-0.0213,0.0187
Barclay Goodrow,SJS,8476624,2,-0.0013162834802642465,-0.0005124321905896068,0,-0.0213,0.0187
Barclay Goodrow,SJS,8476624,3,-0.0013163432013243437,-0.0005124321905896068,0,-0.0213,0.0187
Barclay Goodrow,SJS,8476624,4,-0.0013169108424335718,-0.0005124321905896068,0,-0.0213,0.0187
Barclay Goodrow,SJS,8476624,5,-0.001316690817475319,-0.0005124321905896068,0,-0.0213,0.0187
Barclay Goodrow,SJS,8476624,6,-0.0013165456475690007,-0.0005124321905896068,0,-0.0213,0.0187
Barclay Goodrow,SJS,8476624,7,-0.001316449954174459,-0.0005124321905896068,0,-0.0213,0.0187
Barclay Goodrow,SJS,8476624,8,-0.0013164571719244123,-0.0005124321905896068,0,-0.0213,0.0187
Luke Kunin,FLA,8479316,0,0.003599531250074506,0.0036275351885706186,0,-0.0164,0.0236
Luke Kunin,FLA,8479316,1,0.003600131254643202,0.0036275351885706186,0,-0.0164,0.0236
Luke Kunin,FLA,8479316,2,0.003600704250857234,0.0036275351885706186,0,-0.0164,0.0236
Luke Kunin,FLA,8479316,3,0.0036006588488817215,0.0036275351885706186,0,-0.0164,0.0236
Luke Kunin,FLA,8479316,4,0.0036001051776111126,0.0036275351885706186,0,-0.0164,0.0236
Luke Kunin,FLA,8479316,5,0.003600334282964468,0.0036275351885706186,0,-0.0164,0.0236
Luke Kunin,FLA,8479316,6,0.003600486321374774,0.0036275351885706186,0,-0.0164,0.0236
Luke Kunin,FLA,8479316,7,0.0036005869042128325,0.0036275351885706186,0,-0.0164,0.0236
Luke Kunin,FLA,8479316,8,0.003600581083446741,0.0036275351885706186,0,-0.0164,0.0236
Jason Zucker,BUF,8475722,0,0.016583358868956566,0.014654957689344883,0,-0.0034,0.0366
Jason Zucker,BUF,8475722,1,0.01661713421344757,0.014654957689344883,5,0.0077,0.0255
Jason Zucker,BUF,8475722,2,0.016702597960829735,0.014654957689344883,0,-0.0033,0.0367
Jason Zucker,BUF,8475722,3,0.016787461936473846,0.014654957689344883,0,-0.0032,0.0368
Jason Zucker,BUF,8475722,4,0.016871796920895576,0.014654957689344883,1,-0.0031,0.0369
Jason Zucker,BUF,8475722,5,0.016872044652700424,0.014654957689344883,0,-0.0031,0.0369
Jason Zucker,BUF,8475722,6,0.016872208565473557,0.014654957689344883,0,-0.0031,0.0369
Jason Zucker,BUF,8475722,7,0.016872316598892212,0.014654957689344883,0,-0.0031,0.0369
Jason Zucker,BUF,8475722,8,0.016872311010956764,0.014654957689344883,0,-0.0031,0.0369
Rasmus Dahlin,BUF,8480839,0,-0.0003568456450011581,0.00033175674616359174,0,-0.0204,0.0196
Rasmus Dahlin,BUF,8480839,1,-0.0003342334530316293,0.00033175674616359174,2,-0.0144,0.0138
Rasmus Dahlin,BUF,8480839,2,-0.00029839357011951506,0.00033175674616359174,3,-0.0118,0.0112
Rasmus Dahlin,BUF,8480839,3,-0.00024662583018653095,0.00033175674616359174,3,-0.0117,0.0113
Rasmus Dahlin,BUF,8480839,4,-0.00027233926812186837,0.00033175674616359174,3,-0.0118,0.0112
Rasmus Dahlin,BUF,8480839,5,-0.0002721167984418571,0.00033175674616359174,0,-0.0203,0.0197
Rasmus Dahlin,BUF,8480839,6,-0.00027196871815249324,0.00033175674616359174,0,-0.0203,0.0197
Rasmus Dahlin,BUF,8480839,7,-0.00027187232626602054,0.00033175674616359174,0,-0.0203,0.0197
Rasmus Dahlin,BUF,8480839,8,-0.0002718781179282814,0.00033175674616359174,0,-0.0203,0.0197
Owen Power,BUF,8482671,0,-0.004653670359402895,-0.004097398836165667,0,-0.0247,0.0153
Owen Power,BUF,8482671,1,-0.004653105977922678,-0.004097398836165667,0,-0.0247,0.0153
Owen Power,BUF,8482671,2,-0.004652565810829401,-0.004097398836165667,0,-0.0247,0.0153
Owen Power,BUF,8482671,3,-0.004652637057006359,-0.004097398836165667,0,-0.0247,0.0153
Owen Power,BUF,8482671,4,-0.004653213080018759,-0.004097398836165667,0,-0.0247,0.0153
Owen Power,BUF,8482671,5,-0.004653001669794321,-0.004097398836165667,0,-0.0247,0.0153
Owen Power,BUF,8482671,6,-0.004652860574424267,-0.004097398836165667,0,-0.0247,0.0153
Owen Power,BUF,8482671,7,-0.0046527693048119545,-0.004097398836165667,0,-0.0247,0.0153
Owen Power,BUF,8482671,8,-0.004652776289731264,-0.004097398836165667,0,-0.0247,0.0153
Jake Allen,NJD,8474596,0,-0.00021782642579637468,-0.0002619998122099787,0,-0.0202,0.0198
Jake Allen,NJD,8474596,1,-0.00021724381076637655,-0.0002619998122099787,0,-0.0202,0.0198
Jake Allen,NJD,8474596,2,-0.00021668532281182706,-0.0002619998122099787,0,-0.0202,0.0198
Jake Allen,NJD,8474596,3,-0.00021674283198080957,-0.0002619998122099787,0,-0.0202,0.0198
Jake Allen,NJD,8474596,4,-0.00021730715525336564,-0.0002619998122099787,0,-0.0202,0.0198
Jake Allen,NJD,8474596,5,-0.0002170861407648772,-0.0002619998122099787,0,-0.0202,0.0198
Jake Allen,NJD,8474596,6,-0.0002169389626942575,-0.0002619998122099787,0,-0.0202,0.0198
Jake Allen,NJD,8474596,7,-0.00021684316743630916,-0.0002619998122099787,0,-0.0202,0.0198
Jake Allen,NJD,8474596,8,-0.00021684911916963756,-0.0002619998122099787,0,-0.0202,0.0198
Alex Tuch,BUF,8477949,0,-0.0003037489950656891,0.0007614378700964153,0,-0.0203,0.0197
Alex Tuch,BUF,8477949,1,-0.00032820546766743064,0.0007614378700964153,2,-0.0144,0.0138
Alex Tuch,BUF,8477949,2,-0.00034706052974797785,0.0007614378700964153,0,-0.0203,0.0197
Alex Tuch,BUF,8477949,3,-0.0003665321855805814,0.0007614378700964153,1,-0.0204,0.0196
Alex Tuch,BUF,8477949,4,-0.0003768031601794064,0.0007614378700964153,1,-0.0204,0.0196
Alex Tuch,BUF,8477949,5,-0.00037657932261936367,0.0007614378700964153,0,-0.0204,0.0196
Alex Tuch,BUF,8477949,6,-0.00037643019459210336,0.0007614378700964153,0,-0.0204,0.0196
Alex Tuch,BUF,8477949,7,-0.0003763333079405129,0.0007614378700964153,0,-0.0204,0.0196
Alex Tuch,BUF,8477949,8,-0.00037633886677213013,0.0007614378700964153,0,-0.0204,0.0196
Henri Jokiharju,BOS,8480035,0,-0.0010158291552215815,-0.0008163456222973764,0,-0.021,0.019
Henri Jokiharju,BOS,8480035,1,-0.0010152499889954925,-0.0008163456222973764,0,-0.021,0.019
Henri Jokiharju,BOS,8480035,2,-0.0010146948043256998,-0.0008163456222973764,0,-0.021,0.019
Henri Jokiharju,BOS,8480035,3,-0.0010147548746317625,-0.0008163456222973764,0,-0.021,0.019
Henri Jokiharju,BOS,8480035,4,-0.0010153217008337379,-0.0008163456222973764,0,-0.021,0.019
Henri Jokiharju,BOS,8480035,5,-0.0010151020251214504,-0.0008163456222973764,0,-0.021,0.019
Henri Jokiharju,BOS,8480035,6,-0.0010149565059691668,-0.0008163456222973764,0,-0.021,0.019
Henri Jokiharju,BOS,8480035,7,-0.0010148610454052687,-0.0008163456222973764,0,-0.021,0.019
Henri Jokiharju,BOS,8480035,8,-0.0010148676810786128,-0.0008163456222973764,0,-0.021,0.019
Brad Marchand,FLA,8473419,0,0.003388325683772564,0.0021909684874117374,0,-0.0166,0.0234
Brad Marchand,FLA,8473419,1,0.003388918237760663,0.0021909684874117374,0,-0.0166,0.0234
Brad Marchand,FLA,8473419,2,0.0033894856460392475,0.0021909684874117374,0,-0.0166,0.0234
Brad Marchand,FLA,8473419,3,0.003389435587450862,0.0021909684874117374,0,-0.0166,0.0234
Brad Marchand,FLA,8473419,4,0.003388877958059311,0.0021909684874117374,0,-0.0166,0.0234
Brad Marchand,FLA,8473419,5,0.003389102639630437,0.0021909684874117374,0,-0.0166,0.0234
Brad Marchand,FLA,8473419,6,0.0033892537467181683,0.0021909684874117374,0,-0.0166,0.0234
Brad Marchand,FLA,8473419,7,0.0033893510699272156,0.0021909684874117374,0,-0.0166,0.0234
Brad Marchand,FLA,8473419,8,0.0033893464133143425,0.0021909684874117374,0,-0.0166,0.0234
Elias Lindholm,BOS,8477496,0,-0.01093168556690216,-0.007345740217715502,2,-0.025,0.0032
Elias Lindholm,BOS,8477496,1,-0.01094022486358881,-0.007345740217715502,1,-0.0309,0.0091
Elias Lindholm,BOS,8477496,2,-0.0109437620267272,-0.007345740217715502,1,-0.0309,0.0091
Elias Lindholm,BOS,8477496,3,-0.010943845845758915,-0.007345740217715502,0,-0.0309,0.0091
Elias Lindholm,BOS,8477496,4,-0.01094442792236805,-0.007345740217715502,0,-0.0309,0.0091
Elias Lindholm,BOS,8477496,5,-0.010944223031401634,-0.007345740217715502,0,-0.0309,0.0091
Elias Lindholm,BOS,8477496,6,-0.01094408705830574,-0.007345740217715502,0,-0.0309,0.0091
Elias Lindholm,BOS,8477496,7,-0.010943999513983727,-0.007345740217715502,0,-0.0309,0.0091
Elias Lindholm,BOS,8477496,8,-0.010944005101919174,-0.007345740217715502,0,-0.0309,0.0091
Sam Reinhart,FLA,8477933,0,0.006158525589853525,0.005847546737641096,0,-0.0138,0.0262
Sam Reinhart,FLA,8477933,1,0.006159123964607716,0.005847546737641096,0,-0.0138,0.0262
Sam Reinhart,FLA,8477933,2,0.006159698124974966,0.005847546737641096,0,-0.0138,0.0262
Sam Reinhart,FLA,8477933,3,0.0061596534214913845,0.005847546737641096,0,-0.0138,0.0262
Sam Reinhart,FLA,8477933,4,0.006159099750220776,0.005847546737641096,0,-0.0138,0.0262
Sam Reinhart,FLA,8477933,5,0.006159326992928982,0.005847546737641096,0,-0.0138,0.0262
Sam Reinhart,FLA,8477933,6,0.006159481592476368,0.005847546737641096,0,-0.0138,0.0262
Sam Reinhart,FLA,8477933,7,0.00615957984700799,0.005847546737641096,0,-0.0138,0.0262
Sam Reinhart,FLA,8477933,8,0.006159576587378979,0.005847546737641096,0,-0.0138,0.0262
Hampus Lindholm,BOS,8476854,0,-0.006756800226867199,-0.004243097733706236,0,-0.0268,0.0132
Hampus Lindholm,BOS,8476854,1,-0.006776182446628809,-0.004243097733706236,2,-0.0209,0.0073
Hampus Lindholm,BOS,8476854,2,-0.006775641348212957,-0.004243097733706236,0,-0.0268,0.0132
Hampus Lindholm,BOS,8476854,3,-0.006775713991373777,-0.004243097733706236,0,-0.0268,0.0132
Hampus Lindholm,BOS,8476854,4,-0.006776290945708752,-0.004243097733706236,0,-0.0268,0.0132
Hampus Lindholm,BOS,8476854,5,-0.006776079535484314,-0.004243097733706236,0,-0.0268,0.0132
Hampus Lindholm,BOS,8476854,6,-0.006775939837098122,-0.004243097733706236,0,-0.0268,0.0132
Hampus Lindholm,BOS,8476854,7,-0.00677584670484066,-0.004243097733706236,0,-0.0268,0.0132
Hampus Lindholm,BOS,8476854,8,-0.006775856018066406,-0.004243097733706236,0,-0.0268,0.0132
Nikita Zadorov,BOS,8477507,0,-0.002978499047458172,-0.0023142697755247355,0,-0.023,0.017
Nikita Zadorov,BOS,8477507,1,-0.002977926516905427,-0.0023142697755247355,0,-0.023,0.017
Nikita Zadorov,BOS,8477507,2,-0.0029773805290460587,-0.0023142697755247355,0,-0.023,0.017
Nikita Zadorov,BOS,8477507,3,-0.0029774450231343508,-0.0023142697755247355,0,-0.023,0.017
Nikita Zadorov,BOS,8477507,4,-0.002978018019348383,-0.0023142697755247355,0,-0.023,0.017
Nikita Zadorov,BOS,8477507,5,-0.002977801254019141,-0.0023142697755247355,0,-0.023,0.017
Nikita Zadorov,BOS,8477507,6,-0.0029776589944958687,-0.0023142697755247355,0,-0.023,0.017
Nikita Zadorov,BOS,8477507,7,-0.0029775649309158325,-0.0023142697755247355,0,-0.023,0.017
Nikita Zadorov,BOS,8477507,8,-0.002977571915835142,-0.0023142697755247355,0,-0.023,0.017
Mikhail Sergachev,UTA,8479410,0,-0.0041796560399234295,-0.0036810205783694983,2,-0.0183,0.0099
Mikhail Sergachev,UTA,8479410,1,-0.004200535360723734,-0.0036810205783694983,1,-0.0242,0.0158
Mikhail Sergachev,UTA,8479410,2,-0.004213784355670214,-0.0036810205783694983,2,-0.0183,0.0099
Mikhail Sergachev,UTA,8479410,3,-0.004213851410895586,-0.0036810205783694983,0,-0.0242,0.0158
Mikhail Sergachev,UTA,8479410,4,-0.004214426968246698,-0.0036810205783694983,0,-0.0242,0.0158
Mikhail Sergachev,UTA,8479410,5,-0.004214212764054537,-0.0036810205783694983,0,-0.0242,0.0158
Mikhail Sergachev,UTA,8479410,6,-0.00421407213434577,-0.0036810205783694983,0,-0.0242,0.0158
Mikhail Sergachev,UTA,8479410,7,-0.004213978536427021,-0.0036810205783694983,0,-0.0242,0.0158
Mikhail Sergachev,UTA,8479410,8,-0.004213985987007618,-0.0036810205783694983,0,-0.0242,0.0158
Ian Cole,UTA,8474013,0,-0.0015953494003042579,-0.0009135839645750821,0,-0.0216,0.0184
Ian Cole,UTA,8474013,1,-0.0015947704669088125,-0.0009135839645750821,0,-0.0216,0.0184
Ian Cole,UTA,8474013,2,-0.0015942160971462727,-0.0009135839645750821,0,-0.0216,0.0184
Ian Cole,UTA,8474013,3,-0.0015942759346216917,-0.0009135839645750821,0,-0.0216,0.0184
Ian Cole,UTA,8474013,4,-0.0015948435757309198,-0.0009135839645750821,0,-0.0216,0.0184
Ian Cole,UTA,8474013,5,-0.0015946237836033106,-0.0009135839645750821,0,-0.0216,0.0184
Ian Cole,UTA,8474013,6,-0.0015944783808663487,-0.0009135839645750821,0,-0.0216,0.0184
Ian Cole,UTA,8474013,7,-0.0015943831531330943,-0.0009135839645750821,0,-0.0216,0.0184
Ian Cole,UTA,8474013,8,-0.0015943896723911166,-0.0009135839645750821,0,-0.0216,0.0184
Teuvo Teravainen,CHI,8476882,0,0.011292332783341408,0.009266678243875504,0,-0.0087,0.0313
Teuvo Teravainen,CHI,8476882,1,0.011292952112853527,0.009266678243875504,0,-0.0087,0.0313
Teuvo Teravainen,CHI,8476882,2,0.011293544434010983,0.009266678243875504,0,-0.0087,0.0313
Teuvo Teravainen,CHI,8476882,3,0.011293512769043446,0.009266678243875504,0,-0.0087,0.0313
Teuvo Teravainen,CHI,8476882,4,0.011292974464595318,0.009266678243875504,0,-0.0087,0.0313
Teuvo Teravainen,CHI,8476882,5,0.011293211951851845,0.009266678243875504,0,-0.0087,0.0313
Teuvo Teravainen,CHI,8476882,6,0.011293372139334679,0.009266678243875504,0,-0.0087,0.0313
Teuvo Teravainen,CHI,8476882,7,0.011293474584817886,0.009266678243875504,0,-0.0087,0.0313
Teuvo Teravainen,CHI,8476882,8,0.011293470859527588,0.009266678243875504,0,-0.0087,0.0313
Morgan Rielly,TOR,8476853,0,-0.00461969431489706,-0.004759619478136301,0,-0.0246,0.0154
Morgan Rielly,TOR,8476853,1,-0.004619133193045855,-0.004759619478136301,0,-0.0246,0.0154
Morgan Rielly,TOR,8476853,2,-0.004618591628968716,-0.004759619478136301,0,-0.0246,0.0154
Morgan Rielly,TOR,8476853,3,-0.00461866520345211,-0.004759619478136301,0,-0.0246,0.0154
Morgan Rielly,TOR,8476853,4,-0.00461924122646451,-0.004759619478136301,0,-0.0246,0.0154
Morgan Rielly,TOR,8476853,5,-0.004619029350578785,-0.004759619478136301,0,-0.0246,0.0154
Morgan Rielly,TOR,8476853,6,-0.00461889011785388,-0.004759619478136301,0,-0.0246,0.0154
Morgan Rielly,TOR,8476853,7,-0.004618797451257706,-0.004759619478136301,0,-0.0246,0.0154
Morgan Rielly,TOR,8476853,8,-0.0046188062988221645,-0.004759619478136301,0,-0.0246,0.0154
William Nylander,TOR,8477939,0,0.00307530933059752,0.005370899569243193,0,-0.0169,0.0231
William Nylander,TOR,8477939,1,0.003075911896303296,0.005370899569243193,0,-0.0169,0.0231
William Nylander,TOR,8477939,2,0.003076488384976983,0.005370899569243193,0,-0.0169,0.0231
William Nylander,TOR,8477939,3,0.0030764450784772635,0.005370899569243193,0,-0.0169,0.0231
William Nylander,TOR,8477939,4,0.0030758921056985855,0.005370899569243193,0,-0.0169,0.0231
William Nylander,TOR,8477939,5,0.00307612307369709,0.005370899569243193,0,-0.0169,0.0231
William Nylander,TOR,8477939,6,0.0030762774404138327,0.005370899569243193,0,-0.0169,0.0231
William Nylander,TOR,8477939,7,0.0030763763934373856,0.005370899569243193,0,-0.0169,0.0231
William Nylander,TOR,8477939,8,0.0030763724353164434,0.005370899569243193,0,-0.0169,0.0231
Joel Armia,LAK,8476469,0,0.0014776095049455762,0.0008597484556958079,1,-0.0185,0.0215
Joel Armia,LAK,8476469,1,0.0014781954232603312,0.0008597484556958079,0,-0.0185,0.0215
Joel Armia,LAK,8476469,2,0.001478756545111537,0.0008597484556958079,0,-0.0185,0.0215
Joel Armia,LAK,8476469,3,0.0014787014806643128,0.0008597484556958079,0,-0.0185,0.0215
Joel Armia,LAK,8476469,4,0.0014781387289986014,0.0008597484556958079,0,-0.0185,0.0215
Joel Armia,LAK,8476469,5,0.0014783616643399,0.0008597484556958079,0,-0.0185,0.0215
Joel Armia,LAK,8476469,6,0.0014785093953832984,0.0008597484556958079,0,-0.0185,0.0215
Joel Armia,LAK,8476469,7,0.001478606485761702,0.0008597484556958079,0,-0.0185,0.0215
Joel Armia,LAK,8476469,8,0.001478599733673036,0.0008597484556958079,0,-0.0185,0.0215
John Tavares,TOR,8475166,0,0.01958109624683857,0.010840293020009995,0,-0.0004,0.0396
John Tavares,TOR,8475166,1,0.019581714645028114,0.010840293020009995,0,-0.0004,0.0396
John Tavares,TOR,8475166,2,0.019582299515604973,0.010840293020009995,0,-0.0004,0.0396
John Tavares,TOR,8475166,3,0.019582265987992287,0.010840293020009995,0,-0.0004,0.0396
John Tavares,TOR,8475166,4,0.019581720232963562,0.010840293020009995,0,-0.0004,0.0396
John Tavares,TOR,8475166,5,0.019581958651542664,0.010840293020009995,0,-0.0004,0.0396
John Tavares,TOR,8475166,6,0.01958211325109005,0.010840293020009995,0,-0.0004,0.0396
John Tavares,TOR,8475166,7,0.019582223147153854,0.010840293020009995,0,-0.0004,0.0396
John Tavares,TOR,8475166,8,0.019582213833928108,0.010840293020009995,0,-0.0004,0.0396
Max Domi,TOR,8477503,0,-0.0038086867425590754,-0.003818651894107461,0,-0.0238,0.0162
Max Domi,TOR,8477503,1,-0.003808122593909502,-0.003818651894107461,0,-0.0238,0.0162
Max Domi,TOR,8477503,2,-0.0038075814954936504,-0.003818651894107461,0,-0.0238,0.0162
Max Domi,TOR,8477503,3,-0.003807652276009321,-0.003818651894107461,0,-0.0238,0.0162
Max Domi,TOR,8477503,4,-0.003808228764683008,-0.003818651894107461,0,-0.0238,0.0162
Max Domi,TOR,8477503,5,-0.003808016190305352,-0.003818651894107461,0,-0.0238,0.0162
Max Domi,TOR,8477503,6,-0.0038078755605965853,-0.003818651894107461,0,-0.0238,0.0162
Max Domi,TOR,8477503,7,-0.0038077838253229856,-0.003818651894107461,0,-0.0238,0.0162
Max Domi,TOR,8477503,8,-0.0038077905774116516,-0.003818651894107461,0,-0.0238,0.0162
Mitch Marner,VGK,8478483,0,0.003319346345961094,0.003542450023815036,0,-0.0167,0.0233
Mitch Marner,VGK,8478483,1,0.003399238456040621,0.003542450023815036,2,-0.0107,0.0175
Mitch Marner,VGK,8478483,2,0.003491142764687538,0.003542450023815036,1,-0.0165,0.0235
Mitch Marner,VGK,8478483,3,0.003500928170979023,0.003542450023815036,5,-0.0054,0.0124
Mitch Marner,VGK,8478483,4,0.0034691919572651386,0.003542450023815036,0,-0.0165,0.0235
Mitch Marner,VGK,8478483,5,0.003438235493376851,0.003542450023815036,1,-0.0166,0.0234
Mitch Marner,VGK,8478483,6,0.003423054004088044,0.003542450023815036,0,-0.0166,0.0234
Mitch Marner,VGK,8478483,7,0.003407814772799611,0.003542450023815036,1,-0.0166,0.0234
Mitch Marner,VGK,8478483,8,0.0034078115131706,0.003542450023815036,0,-0.0166,0.0234
Artemi Panarin,LAK,8478550,0,-0.004569489508867264,-0.007194011937826872,1,-0.0246,0.0154
Artemi Panarin,LAK,8478550,1,-0.004479553084820509,-0.007194011937826872,1,-0.0245,0.0155
Artemi Panarin,LAK,8478550,2,-0.004479013849049807,-0.007194011937826872,0,-0.0245,0.0155
Artemi Panarin,LAK,8478550,3,-0.004479085560888052,-0.007194011937826872,0,-0.0245,0.0155
Artemi Panarin,LAK,8478550,4,-0.004479662980884314,-0.007194011937826872,0,-0.0245,0.0155
Artemi Panarin,LAK,8478550,5,-0.004479451570659876,-0.007194011937826872,0,-0.0245,0.0155
Artemi Panarin,LAK,8478550,6,-0.0044793118722736835,-0.007194011937826872,0,-0.0245,0.0155
Artemi Panarin,LAK,8478550,7,-0.004479219205677509,-0.007194011937826872,0,-0.0245,0.0155
Artemi Panarin,LAK,8478550,8,-0.004479228984564543,-0.007194011937826872,0,-0.0245,0.0155
Adam Fox,NYR,8479323,0,0.001953159924596548,-0.0009137765155173838,0,-0.018,0.022
Adam Fox,NYR,8479323,1,0.001953740604221821,-0.0009137765155173838,0,-0.018,0.022
Adam Fox,NYR,8479323,2,0.00195429683662951,-0.0009137765155173838,0,-0.018,0.022
Adam Fox,NYR,8479323,3,0.0019542379304766655,-0.0009137765155173838,0,-0.018,0.022
Adam Fox,NYR,8479323,4,0.001953671919181943,-0.0009137765155173838,0,-0.018,0.022
Adam Fox,NYR,8479323,5,0.001953891944140196,-0.0009137765155173838,0,-0.018,0.022
Adam Fox,NYR,8479323,6,0.001954038627445698,-0.0009137765155173838,0,-0.018,0.022
Adam Fox,NYR,8479323,7,0.0019541338551789522,-0.0009137765155173838,0,-0.018,0.022
Adam Fox,NYR,8479323,8,0.0019541275687515736,-0.0009137765155173838,0,-0.018,0.022
Kyle Connor,WPG,8478398,0,-0.0031971847638487816,-0.0035429198760539293,0,-0.0232,0.0168
Kyle Connor,WPG,8478398,1,-0.0031966136302798986,-0.0035429198760539293,0,-0.0232,0.0168
Kyle Connor,WPG,8478398,2,-0.0031960674095898867,-0.0035429198760539293,0,-0.0232,0.0168
Kyle Connor,WPG,8478398,3,-0.0031961335334926844,-0.0035429198760539293,0,-0.0232,0.0168
Kyle Connor,WPG,8478398,4,-0.0031967065297067165,-0.0035429198760539293,0,-0.0232,0.0168
Kyle Connor,WPG,8478398,5,-0.003196490928530693,-0.0035429198760539293,0,-0.0232,0.0168
Kyle Connor,WPG,8478398,6,-0.003196348436176777,-0.0035429198760539293,0,-0.0232,0.0168
Kyle Connor,WPG,8478398,7,-0.0031962546054273844,-0.0035429198760539293,0,-0.0232,0.0168
Kyle Connor,WPG,8478398,8,-0.0031962618231773376,-0.0035429198760539293,0,-0.0232,0.0168
Adam Henrique,EDM,8474641,0,-0.008822813630104065,-0.006830874364823103,0,-0.0288,0.0112
Adam Henrique,EDM,8474641,1,-0.00882226787507534,-0.006830874364823103,0,-0.0288,0.0112
Adam Henrique,EDM,8474641,2,-0.008821739815175533,-0.006830874364823103,0,-0.0288,0.0112
Adam Henrique,EDM,8474641,3,-0.0088218217715621,-0.006830874364823103,0,-0.0288,0.0112
Adam Henrique,EDM,8474641,4,-0.008822408504784107,-0.006830874364823103,0,-0.0288,0.0112
Adam Henrique,EDM,8474641,5,-0.008822200819849968,-0.006830874364823103,0,-0.0288,0.0112
Adam Henrique,EDM,8474641,6,-0.008822068572044373,-0.006830874364823103,0,-0.0288,0.0112
Adam Henrique,EDM,8474641,7,-0.00882197730243206,-0.006830874364823103,0,-0.0288,0.0112
Adam Henrique,EDM,8474641,8,-0.008821987546980381,-0.006830874364823103,0,-0.0288,0.0112
Mattias Janmark,EDM,8477406,0,-0.0035355077125132084,-0.0032611226197332144,0,-0.0235,0.0165
Mattias Janmark,EDM,8477406,1,-0.0035349400714039803,-0.0032611226197332144,0,-0.0235,0.0165
Mattias Janmark,EDM,8477406,2,-0.003534395946189761,-0.0032611226197332144,0,-0.0235,0.0165
Mattias Janmark,EDM,8477406,3,-0.003534463467076421,-0.0032611226197332144,0,-0.0235,0.0165
Mattias Janmark,EDM,8477406,4,-0.0035350387915968895,-0.0032611226197332144,0,-0.0235,0.0165
Mattias Janmark,EDM,8477406,5,-0.003534823190420866,-0.0032611226197332144,0,-0.0235,0.0165
Mattias Janmark,EDM,8477406,6,-0.0035346827935427427,-0.0032611226197332144,0,-0.0235,0.0165
Mattias Janmark,EDM,8477406,7,-0.0035345889627933502,-0.0032611226197332144,0,-0.0235,0.0165
Mattias Janmark,EDM,8477406,8,-0.0035345973446965218,-0.0032611226197332144,0,-0.0235,0.0165
Mark Scheifele,WPG,8476460,0,0.0003905931953340769,0.0016151050804182887,0,-0.0196,0.0204
Mark Scheifele,WPG,8476460,1,0.00039118353743106127,0.0016151050804182887,0,-0.0196,0.0204
Mark Scheifele,WPG,8476460,2,0.0003917482099495828,0.0016151050804182887,0,-0.0196,0.0204
Mark Scheifele,WPG,8476460,3,0.00039169646333903074,0.0016151050804182887,0,-0.0196,0.0204
Mark Scheifele,WPG,8476460,4,0.00039113659295253456,0.0016151050804182887,0,-0.0196,0.0204
Mark Scheifele,WPG,8476460,5,0.00039136112900450826,0.0016151050804182887,0,-0.0196,0.0204
Mark Scheifele,WPG,8476460,6,0.0003915106935892254,0.0016151050804182887,0,-0.0196,0.0204
Mark Scheifele,WPG,8476460,7,0.00039160813321359456,0.0016151050804182887,0,-0.0196,0.0204
Mark Scheifele,WPG,8476460,8,0.00039160254527814686,0.0016151050804182887,0,-0.0196,0.0204
Teddy Blueger,VAN,8476927,0,0.003150690346956253,0.00047924224054440856,0,-0.0168,0.0232
Teddy Blueger,VAN,8476927,1,0.0031512752175331116,0.00047924224054440856,0,-0.0168,0.0232
Teddy Blueger,VAN,8476927,2,0.0031518349424004555,0.00047924224054440856,0,-0.0168,0.0232
Teddy Blueger,VAN,8476927,3,0.0031517783645540476,0.00047924224054440856,0,-0.0168,0.0232
Teddy Blueger,VAN,8476927,4,0.003151215612888336,0.00047924224054440856,0,-0.0168,0.0232
Teddy Blueger,VAN,8476927,5,0.0031514372676610947,0.00047924224054440856,0,-0.0168,0.0232
Teddy Blueger,VAN,8476927,6,0.0031515846494585276,0.00047924224054440856,0,-0.0168,0.0232
Teddy Blueger,VAN,8476927,7,0.0031516810413450003,0.00047924224054440856,0,-0.0168,0.0232
Teddy Blueger,VAN,8476927,8,0.0031516749877482653,0.00047924224054440856,0,-0.0168,0.0232
MacKenzie Weegar,CGY,8477346,0,-0.0034099656622856855,-0.0012448885245248675,0,-0.0234,0.0166
MacKenzie Weegar,CGY,8477346,1,-0.0034143677912652493,-0.0012448885245248675,1,-0.0234,0.0166
MacKenzie Weegar,CGY,8477346,2,-0.0034138145856559277,-0.0012448885245248675,0,-0.0234,0.0166
MacKenzie Weegar,CGY,8477346,3,-0.003413876984268427,-0.0012448885245248675,0,-0.0234,0.0166
MacKenzie Weegar,CGY,8477346,4,-0.003414444625377655,-0.0012448885245248675,0,-0.0234,0.0166
MacKenzie Weegar,CGY,8477346,5,-0.003414226695895195,-0.0012448885245248675,0,-0.0234,0.0166
MacKenzie Weegar,CGY,8477346,6,-0.0034140818752348423,-0.0012448885245248675,0,-0.0234,0.0166
MacKenzie Weegar,CGY,8477346,7,-0.0034139868803322315,-0.0012448885245248675,0,-0.0234,0.0166
MacKenzie Weegar,CGY,8477346,8,-0.0034139936324208975,-0.0012448885245248675,0,-0.0234,0.0166
Mikko Rantanen,DAL,8478420,0,-0.0015681030927225947,-0.0024950664956122637,0,-0.0216,0.0184
Mikko Rantanen,DAL,8478420,1,-0.001518772216513753,-0.0024950664956122637,6,-0.0097,0.0067
Mikko Rantanen,DAL,8478420,2,-0.0015182191273197532,-0.0024950664956122637,0,-0.0215,0.0185
Mikko Rantanen,DAL,8478420,3,-0.0015182815259322524,-0.0024950664956122637,0,-0.0215,0.0185
Mikko Rantanen,DAL,8478420,4,-0.0015188496327027678,-0.0024950664956122637,0,-0.0215,0.0185
Mikko Rantanen,DAL,8478420,5,-0.0015186318196356297,-0.0024950664956122637,0,-0.0215,0.0185
Mikko Rantanen,DAL,8478420,6,-0.0015184864168986678,-0.0024950664956122637,0,-0.0215,0.0185
Mikko Rantanen,DAL,8478420,7,-0.0015183922369033098,-0.0024950664956122637,0,-0.0215,0.0185
Mikko Rantanen,DAL,8478420,8,-0.0015183987561613321,-0.0024950664956122637,0,-0.0215,0.0185
Ross Colton,COL,8479525,0,-0.0020145943854004145,-0.0015305603155866265,0,-0.022,0.018
Ross Colton,COL,8479525,1,-0.002014020225033164,-0.0015305603155866265,0,-0.022,0.018
Ross Colton,COL,8479525,2,-0.002013470744714141,-0.0015305603155866265,0,-0.022,0.018
Ross Colton,COL,8479525,3,-0.0020135347731411457,-0.0015305603155866265,0,-0.022,0.018
Ross Colton,COL,8479525,4,-0.0020141052082180977,-0.0015305603155866265,0,-0.022,0.018
Ross Colton,COL,8479525,5,-0.002013888442888856,-0.0015305603155866265,0,-0.022,0.018
Ross Colton,COL,8479525,6,-0.0020137447863817215,-0.0015305603155866265,0,-0.022,0.018
Ross Colton,COL,8479525,7,-0.002013650955632329,-0.0015305603155866265,0,-0.022,0.018
Ross Colton,COL,8479525,8,-0.0020136572420597076,-0.0015305603155866265,0,-0.022,0.018
Logan O'Connor,COL,8481186,0,-0.0010981655213981867,-0.00029223787714727223,0,-0.0211,0.0189
Logan O'Connor,COL,8481186,1,-0.00109758076723665,-0.00029223787714727223,0,-0.0211,0.0189
Logan O'Connor,COL,8481186,2,-0.0010970209259539843,-0.00029223787714727223,0,-0.0211,0.0189
Logan O'Connor,COL,8481186,3,-0.0010970771545544267,-0.00029223787714727223,0,-0.0211,0.0189
Logan O'Connor,COL,8481186,4,-0.0010976404882967472,-0.00029223787714727223,0,-0.0211,0.0189
Logan O'Connor,COL,8481186,5,-0.001097418600693345,-0.00029223787714727223,0,-0.0211,0.0189
Logan O'Connor,COL,8481186,6,-0.0010972711024805903,-0.00029223787714727223,0,-0.0211,0.0189
Logan O'Connor,COL,8481186,7,-0.0010971745941787958,-0.00029223787714727223,0,-0.0211,0.0189
Logan O'Connor,COL,8481186,8,-0.0010971808806061745,-0.00029223787714727223,0,-0.0211,0.0189
Cole Caufield,MTL,8481540,0,0.008899128064513206,0.010464879684150219,2,-0.0052,0.023
Cole Caufield,MTL,8481540,1,0.008858604356646538,0.010464879684150219,1,-0.0111,0.0289
Cole Caufield,MTL,8481540,2,0.008830774575471878,0.010464879684150219,0,-0.0112,0.0288
Cole Caufield,MTL,8481540,3,0.008802322670817375,0.010464879684150219,2,-0.0053,0.0229
Cole Caufield,MTL,8481540,4,0.0088017787784338,0.010464879684150219,0,-0.0112,0.0288
Cole Caufield,MTL,8481540,5,0.008802012540400028,0.010464879684150219,0,-0.0112,0.0288
Cole Caufield,MTL,8481540,6,0.00880216620862484,0.010464879684150219,0,-0.0112,0.0288
Cole Caufield,MTL,8481540,7,0.008802272379398346,0.010464879684150219,0,-0.0112,0.0288
Cole Caufield,MTL,8481540,8,0.008802265860140324,0.010464879684150219,0,-0.0112,0.0288
Juraj Slafkovský,MTL,8483515,0,0.03211252763867378,0.016318852081894875,6,0.0239,0.0403
Juraj Slafkovský,MTL,8483515,1,0.03203943371772766,0.016318852081894875,1,0.012,0.052
Juraj Slafkovský,MTL,8483515,2,0.03197157010436058,0.016318852081894875,2,0.0179,0.0461
Juraj Slafkovský,MTL,8483515,3,0.031919125467538834,0.016318852081894875,4,0.0219,0.0419
Juraj Slafkovský,MTL,8483515,4,0.031906839460134506,0.016318852081894875,0,0.0119,0.0519
Juraj Slafkovský,MTL,8483515,5,0.031895313411951065,0.016318852081894875,1,0.0119,0.0519
Juraj Slafkovský,MTL,8483515,6,0.0318954773247242,0.016318852081894875,0,0.0119,0.0519
Juraj Slafkovský,MTL,8483515,7,0.031895581632852554,0.016318852081894875,0,0.0119,0.0519
Juraj Slafkovský,MTL,8483515,8,0.031895581632852554,0.016318852081894875,0,0.0119,0.0519
Lane Hutson,MTL,8483457,0,0.0018390443874523044,0.0010389210656285286,3,-0.0097,0.0133
Lane Hutson,MTL,8483457,1,0.0019020176259800792,0.0010389210656285286,4,-0.0081,0.0119
Lane Hutson,MTL,8483457,2,0.0018923269817605615,0.0010389210656285286,0,-0.0181,0.0219
Lane Hutson,MTL,8483457,3,0.0018820195691660047,0.0010389210656285286,2,-0.0122,0.016
Lane Hutson,MTL,8483457,4,0.0018814575159922242,0.0010389210656285286,0,-0.0181,0.0219
Lane Hutson,MTL,8483457,5,0.001881680334918201,0.0010389210656285286,0,-0.0181,0.0219
Lane Hutson,MTL,8483457,6,0.0018818288808688521,0.0010389210656285286,0,-0.0181,0.0219
Lane Hutson,MTL,8483457,7,0.001881925854831934,0.0010389210656285286,0,-0.0181,0.0219
Lane Hutson,MTL,8483457,8,0.0018819192191585898,0.0010389210656285286,0,-0.0181,0.0219
Josh Anderson,MTL,8476981,0,-0.0019138762727379799,-0.0013778418069705367,0,-0.0219,0.0181
Josh Anderson,MTL,8476981,1,-0.0019240810070186853,-0.0013778418069705367,0,-0.0219,0.0181
Josh Anderson,MTL,8476981,2,-0.0019343083258718252,-0.0013778418069705367,1,-0.0219,0.0181
Josh Anderson,MTL,8476981,3,-0.0019343715393915772,-0.0013778418069705367,0,-0.0219,0.0181
Josh Anderson,MTL,8476981,4,-0.0019349410431459546,-0.0013778418069705367,0,-0.0219,0.0181
Josh Anderson,MTL,8476981,5,-0.00193472346290946,-0.0013778418069705367,0,-0.0219,0.0181
Josh Anderson,MTL,8476981,6,-0.001934578875079751,-0.0013778418069705367,0,-0.0219,0.0181
Josh Anderson,MTL,8476981,7,-0.0019344848114997149,-0.0013778418069705367,0,-0.0219,0.0181
Josh Anderson,MTL,8476981,8,-0.0019344913307577372,-0.0013778418069705367,0,-0.0219,0.0181
Ryan McLeod,BUF,8480802,0,0.0009791819611564279,0.001708115916699171,0,-0.019,0.021
Ryan McLeod,BUF,8480802,1,0.0009635328315198421,0.001708115916699171,0,-0.019,0.021
Ryan McLeod,BUF,8480802,2,0.00094785843975842,0.001708115916699171,0,-0.0191,0.0209
Ryan McLeod,BUF,8480802,3,0.0009315672214142978,0.001708115916699171,1,-0.0191,0.0209
Ryan McLeod,BUF,8480802,4,0.0009242304367944598,0.001708115916699171,1,-0.0191,0.0209
Ryan McLeod,BUF,8480802,5,0.0009244555258192122,0.001708115916699171,0,-0.0191,0.0209
Ryan McLeod,BUF,8480802,6,0.000924605003092438,0.001708115916699171,0,-0.0191,0.0209
Ryan McLeod,BUF,8480802,7,0.000924702559132129,0.001708115916699171,0,-0.0191,0.0209
Ryan McLeod,BUF,8480802,8,0.000924697145819664,0.001708115916699171,0,-0.0191,0.0209
Dylan Cozens,OTT,8481528,0,0.003092915518209338,0.0016720810672268271,2,-0.011,0.0172
Dylan Cozens,OTT,8481528,1,0.003093505511060357,0.0016720810672268271,0,-0.0169,0.0231
Dylan Cozens,OTT,8481528,2,0.003094069194048643,0.0016720810672268271,0,-0.0169,0.0231
Dylan Cozens,OTT,8481528,3,0.0030940172728151083,0.0016720810672268271,0,-0.0169,0.0231
Dylan Cozens,OTT,8481528,4,0.003093455918133259,0.0016720810672268271,0,-0.0169,0.0231
Dylan Cozens,OTT,8481528,5,0.003093680366873741,0.0016720810672268271,0,-0.0169,0.0231
Dylan Cozens,OTT,8481528,6,0.0030938300769776106,0.0016720810672268271,0,-0.0169,0.0231
Dylan Cozens,OTT,8481528,7,0.003093927400186658,0.0016720810672268271,0,-0.0169,0.0231
Dylan Cozens,OTT,8481528,8,0.0030939215794205666,0.0016720810672268271,0,-0.0169,0.0231
Adrian Kempe,LAK,8477960,0,0.0023383130319416523,0.000614732678513974,1,-0.0177,0.0223
Adrian Kempe,LAK,8477960,1,0.0023333639837801456,0.000614732678513974,1,-0.0177,0.0223
Adrian Kempe,LAK,8477960,2,0.0023339251056313515,0.000614732678513974,0,-0.0177,0.0223
Adrian Kempe,LAK,8477960,3,0.002333869691938162,0.000614732678513974,0,-0.0177,0.0223
Adrian Kempe,LAK,8477960,4,0.0023333076387643814,0.000614732678513974,0,-0.0177,0.0223
Adrian Kempe,LAK,8477960,5,0.002333529992029071,0.000614732678513974,0,-0.0177,0.0223
Adrian Kempe,LAK,8477960,6,0.0023336780723184347,0.000614732678513974,0,-0.0177,0.0223
Adrian Kempe,LAK,8477960,7,0.002333774697035551,0.000614732678513974,0,-0.0177,0.0223
Adrian Kempe,LAK,8477960,8,0.0023337688762694597,0.000614732678513974,0,-0.0177,0.0223
Anze Kopitar,LAK,8471685,0,0.009612590074539185,0.006735080387443304,1,-0.0104,0.0296
Anze Kopitar,LAK,8471685,1,0.009613205678761005,0.006735080387443304,0,-0.0104,0.0296
Anze Kopitar,LAK,8471685,2,0.009613794274628162,0.006735080387443304,0,-0.0104,0.0296
Anze Kopitar,LAK,8471685,3,0.009613758884370327,0.006735080387443304,0,-0.0104,0.0296
Anze Kopitar,LAK,8471685,4,0.0096132168546319,0.006735080387443304,0,-0.0104,0.0296
Anze Kopitar,LAK,8471685,5,0.009613452479243279,0.006735080387443304,0,-0.0104,0.0296
Anze Kopitar,LAK,8471685,6,0.009613612666726112,0.006735080387443304,0,-0.0104,0.0296
Anze Kopitar,LAK,8471685,7,0.009613712318241596,0.006735080387443304,0,-0.0104,0.0296
Anze Kopitar,LAK,8471685,8,0.009613709524273872,0.006735080387443304,0,-0.0104,0.0296
Carter Verhaeghe,FLA,8477409,0,-0.005848470143973827,-0.006748924497514963,0,-0.0258,0.0142
Carter Verhaeghe,FLA,8477409,1,-0.005847909953445196,-0.006748924497514963,0,-0.0258,0.0142
Carter Verhaeghe,FLA,8477409,2,-0.005847369320690632,-0.006748924497514963,0,-0.0258,0.0142
Carter Verhaeghe,FLA,8477409,3,-0.005847443360835314,-0.006748924497514963,0,-0.0258,0.0142
Carter Verhaeghe,FLA,8477409,4,-0.005848020780831575,-0.006748924497514963,0,-0.0258,0.0142
Carter Verhaeghe,FLA,8477409,5,-0.00584780890494585,-0.006748924497514963,0,-0.0258,0.0142
Carter Verhaeghe,FLA,8477409,6,-0.005847669672220945,-0.006748924497514963,0,-0.0258,0.0142
Carter Verhaeghe,FLA,8477409,7,-0.005847577936947346,-0.006748924497514963,0,-0.0258,0.0142
Carter Verhaeghe,FLA,8477409,8,-0.005847585387527943,-0.006748924497514963,0,-0.0258,0.0142
Sam Bennett,FLA,8477935,0,0.006788257975131273,0.009726467542350292,0,-0.0132,0.0268
Sam Bennett,FLA,8477935,1,0.00678887078538537,0.009726467542350292,0,-0.0132,0.0268
Sam Bennett,FLA,8477935,2,0.006789453327655792,0.009726467542350292,0,-0.0132,0.0268
Sam Bennett,FLA,8477935,3,0.0067894188687205315,0.009726467542350292,0,-0.0132,0.0268
Sam Bennett,FLA,8477935,4,0.0067888712510466576,0.009726467542350292,0,-0.0132,0.0268
Sam Bennett,FLA,8477935,5,0.006789105944335461,0.009726467542350292,0,-0.0132,0.0268
Sam Bennett,FLA,8477935,6,0.006789262406527996,0.009726467542350292,0,-0.0132,0.0268
Sam Bennett,FLA,8477935,7,0.0067893643863499165,0.009726467542350292,0,-0.0132,0.0268
Sam Bennett,FLA,8477935,8,0.006789361126720905,0.009726467542350292,0,-0.0132,0.0268
Artem Zub,OTT,8482245,0,-0.0008825341938063502,-0.0006716536590829492,0,-0.0209,0.0191
Artem Zub,OTT,8482245,1,-0.000881953805219382,-0.0006716536590829492,0,-0.0209,0.0191
Artem Zub,OTT,8482245,2,-0.0008813973981887102,-0.0006716536590829492,0,-0.0209,0.0191
Artem Zub,OTT,8482245,3,-0.0008814564207568765,-0.0006716536590829492,0,-0.0209,0.0191
Artem Zub,OTT,8482245,4,-0.0008820222574286163,-0.0006716536590829492,0,-0.0209,0.0191
Artem Zub,OTT,8482245,5,-0.0008818021160550416,-0.0006716536590829492,0,-0.0209,0.0191
Artem Zub,OTT,8482245,6,-0.0008816559566184878,-0.0006716536590829492,0,-0.0209,0.0191
Artem Zub,OTT,8482245,7,-0.0008815604378469288,-0.0006716536590829492,0,-0.0209,0.0191
Artem Zub,OTT,8482245,8,-0.0008815666660666466,-0.0006716536590829492,0,-0.0209,0.0191
Aleksander Barkov,FLA,8477493,0,0.004684049636125565,0.004638023674488068,0,-0.0153,0.0247
Aleksander Barkov,FLA,8477493,1,0.004684653598815203,0.004638023674488068,0,-0.0153,0.0247
Aleksander Barkov,FLA,8477493,2,0.0046852328814566135,0.004638023674488068,0,-0.0153,0.0247
Aleksander Barkov,FLA,8477493,3,0.004685190040618181,0.004638023674488068,0,-0.0153,0.0247
Aleksander Barkov,FLA,8477493,4,0.004684640560299158,0.004638023674488068,0,-0.0153,0.0247
Aleksander Barkov,FLA,8477493,5,0.004684870596975088,0.004638023674488068,0,-0.0153,0.0247
Aleksander Barkov,FLA,8477493,6,0.004685025196522474,0.004638023674488068,0,-0.0153,0.0247
Aleksander Barkov,FLA,8477493,7,0.00468512624502182,0.004638023674488068,0,-0.0153,0.0247
Aleksander Barkov,FLA,8477493,8,0.004685120657086372,0.004638023674488068,0,-0.0153,0.0247
Matthew Tkachuk,FLA,8479314,0,0.010580398142337799,0.01272563822567463,0,-0.0094,0.0306
Matthew Tkachuk,FLA,8479314,1,0.010581029579043388,0.01272563822567463,0,-0.0094,0.0306
Matthew Tkachuk,FLA,8479314,2,0.010581622831523418,0.01272563822567463,0,-0.0094,0.0306
Matthew Tkachuk,FLA,8479314,3,0.010581602342426777,0.01272563822567463,0,-0.0094,0.0306
Matthew Tkachuk,FLA,8479314,4,0.0105810621753335,0.01272563822567463,0,-0.0094,0.0306
Matthew Tkachuk,FLA,8479314,5,0.010581307113170624,0.01272563822567463,0,-0.0094,0.0306
Matthew Tkachuk,FLA,8479314,6,0.010581467300653458,0.01272563822567463,0,-0.0094,0.0306
Matthew Tkachuk,FLA,8479314,7,0.01058157254010439,0.01272563822567463,0,-0.0094,0.0306
Matthew Tkachuk,FLA,8479314,8,0.01058157067745924,0.01272563822567463,0,-0.0094,0.0306
Sidney Crosby,PIT,8471675,0,0.008221108466386795,0.005884107202291489,0,-0.0118,0.0282
Sidney Crosby,PIT,8471675,1,0.008277884684503078,0.005884107202291489,4,-0.0017,0.0183
Sidney Crosby,PIT,8471675,2,0.008273855783045292,0.005884107202291489,1,-0.0117,0.0283
Sidney Crosby,PIT,8471675,3,0.008273809216916561,0.005884107202291489,0,-0.0117,0.0283
Sidney Crosby,PIT,8471675,4,0.008273261599242687,0.005884107202291489,0,-0.0117,0.0283
Sidney Crosby,PIT,8471675,5,0.008273490704596043,0.005884107202291489,0,-0.0117,0.0283
Sidney Crosby,PIT,8471675,6,0.008273648098111153,0.005884107202291489,0,-0.0117,0.0283
Sidney Crosby,PIT,8471675,7,0.008273745886981487,0.005884107202291489,0,-0.0117,0.0283
Sidney Crosby,PIT,8471675,8,0.00827374029904604,0.005884107202291489,0,-0.0117,0.0283
Erik Karlsson,PIT,8474578,0,-0.0035607514437288046,-0.004247563891112804,1,-0.0236,0.0164
Erik Karlsson,PIT,8474578,1,-0.003479803679510951,-0.004247563891112804,2,-0.0176,0.0106
Erik Karlsson,PIT,8474578,2,-0.0034852386452257633,-0.004247563891112804,1,-0.0235,0.0165
Erik Karlsson,PIT,8474578,3,-0.003485309425741434,-0.004247563891112804,0,-0.0235,0.0165
Erik Karlsson,PIT,8474578,4,-0.0034858849830925465,-0.004247563891112804,0,-0.0235,0.0165
Erik Karlsson,PIT,8474578,5,-0.003485671477392316,-0.004247563891112804,0,-0.0235,0.0165
Erik Karlsson,PIT,8474578,6,-0.0034855303820222616,-0.004247563891112804,0,-0.0235,0.0165
Erik Karlsson,PIT,8474578,7,-0.0034854381810873747,-0.004247563891112804,0,-0.0235,0.0165
Erik Karlsson,PIT,8474578,8,-0.0034854458644986153,-0.004247563891112804,0,-0.0235,0.0165
Nathan Bastian,DAL,8479414,0,-0.00017855988699011505,-0.00022271026682574302,0,-0.0202,0.0198
Nathan Bastian,DAL,8479414,1,-0.0001779776212060824,-0.00022271026682574302,0,-0.0202,0.0198
Nathan Bastian,DAL,8479414,2,-0.00017741939518600702,-0.00022271026682574302,0,-0.0202,0.0198
Nathan Bastian,DAL,8479414,3,-0.00017747702077031136,-0.00022271026682574302,0,-0.0202,0.0198
Nathan Bastian,DAL,8479414,4,-0.00017804167873691767,-0.00022271026682574302,0,-0.0202,0.0198
Nathan Bastian,DAL,8479414,5,-0.00017782062059268355,-0.00022271026682574302,0,-0.0202,0.0198
Nathan Bastian,DAL,8479414,6,-0.00017767364624887705,-0.00022271026682574302,0,-0.0202,0.0198
Nathan Bastian,DAL,8479414,7,-0.00017757780733518302,-0.00022271026682574302,0,-0.0202,0.0198
Nathan Bastian,DAL,8479414,8,-0.00017758391913957894,-0.00022271026682574302,0,-0.0202,0.0198
Thomas Harley,DAL,8481581,0,-0.0021040209103375673,-0.0017860046355053782,0,-0.0221,0.0179
Thomas Harley,DAL,8481581,1,-0.0021200997289270163,-0.0017860046355053782,0,-0.0221,0.0179
Thomas Harley,DAL,8481581,2,-0.0021362006664276123,-0.0017860046355053782,1,-0.0221,0.0179
Thomas Harley,DAL,8481581,3,-0.00213626422919333,-0.0017860046355053782,0,-0.0221,0.0179
Thomas Harley,DAL,8481581,4,-0.002136834431439638,-0.0017860046355053782,0,-0.0221,0.0179
Thomas Harley,DAL,8481581,5,-0.002136616501957178,-0.0017860046355053782,0,-0.0221,0.0179
Thomas Harley,DAL,8481581,6,-0.002136473311111331,-0.0017860046355053782,0,-0.0221,0.0179
Thomas Harley,DAL,8481581,7,-0.00213637831620872,-0.0017860046355053782,0,-0.0221,0.0179
Thomas Harley,DAL,8481581,8,-0.002136385999619961,-0.0017860046355053782,0,-0.0221,0.0179
Brady Skjei,NSH,8476869,0,-0.005207103677093983,-0.003443649737164378,0,-0.0252,0.0148
Brady Skjei,NSH,8476869,1,-0.005206537898629904,-0.003443649737164378,0,-0.0252,0.0148
Brady Skjei,NSH,8476869,2,-0.00520599540323019,-0.003443649737164378,0,-0.0252,0.0148
Brady Skjei,NSH,8476869,3,-0.005206064321100712,-0.003443649737164378,0,-0.0252,0.0148
Brady Skjei,NSH,8476869,4,-0.005206639878451824,-0.003443649737164378,0,-0.0252,0.0148
Brady Skjei,NSH,8476869,5,-0.00520642613992095,-0.003443649737164378,0,-0.0252,0.0148
Brady Skjei,NSH,8476869,6,-0.005206286441534758,-0.003443649737164378,0,-0.0252,0.0148
Brady Skjei,NSH,8476869,7,-0.005206191912293434,-0.003443649737164378,0,-0.0252,0.0148
Brady Skjei,NSH,8476869,8,-0.005206202622503042,-0.003443649737164378,0,-0.0252,0.0148
Mason Marchment,CBJ,8478975,0,0.004141555167734623,0.003406668547540903,0,-0.0159,0.0241
Mason Marchment,CBJ,8478975,1,0.004142154939472675,0.003406668547540903,0,-0.0159,0.0241
Mason Marchment,CBJ,8478975,2,0.004142726305872202,0.003406668547540903,0,-0.0159,0.0241
Mason Marchment,CBJ,8478975,3,0.004142679274082184,0.003406668547540903,0,-0.0159,0.0241
Mason Marchment,CBJ,8478975,4,0.004142125602811575,0.003406668547540903,0,-0.0159,0.0241
Mason Marchment,CBJ,8478975,5,0.004142352845519781,0.003406668547540903,0,-0.0159,0.0241
Mason Marchment,CBJ,8478975,6,0.004142505116760731,0.003406668547540903,0,-0.0159,0.0241
Mason Marchment,CBJ,8478975,7,0.00414260383695364,0.003406668547540903,0,-0.0159,0.0241
Mason Marchment,CBJ,8478975,8,0.004142600577324629,0.003406668547540903,0,-0.0159,0.0241
Sean Monahan,CBJ,8477497,0,-0.013114577159285545,-0.010409456677734852,0,-0.0331,0.0069
Sean Monahan,CBJ,8477497,1,-0.013114038854837418,-0.010409456677734852,0,-0.0331,0.0069
Sean Monahan,CBJ,8477497,2,-0.013113520108163357,-0.010409456677734852,0,-0.0331,0.0069
Sean Monahan,CBJ,8477497,3,-0.013113608583807945,-0.010409456677734852,0,-0.0331,0.0069
Sean Monahan,CBJ,8477497,4,-0.013114199042320251,-0.010409456677734852,0,-0.0331,0.0069
Sean Monahan,CBJ,8477497,5,-0.01311399880796671,-0.010409456677734852,0,-0.0331,0.0069
Sean Monahan,CBJ,8477497,6,-0.013113865628838539,-0.010409456677734852,0,-0.0331,0.0069
Sean Monahan,CBJ,8477497,7,-0.013113779947161674,-0.010409456677734852,0,-0.0331,0.0069
Sean Monahan,CBJ,8477497,8,-0.013113787397742271,-0.010409456677734852,0,-0.0331,0.0069
Zach Werenski,CBJ,8478460,0,-0.008784918114542961,-0.007515089586377144,0,-0.0288,0.0112
Zach Werenski,CBJ,8478460,1,-0.008784365840256214,-0.007515089586377144,0,-0.0288,0.0112
Zach Werenski,CBJ,8478460,2,-0.008783836849033833,-0.007515089586377144,0,-0.0288,0.0112
Zach Werenski,CBJ,8478460,3,-0.0087839150801301,-0.007515089586377144,0,-0.0288,0.0112
Zach Werenski,CBJ,8478460,4,-0.008784499019384384,-0.007515089586377144,0,-0.0288,0.0112
Zach Werenski,CBJ,8478460,5,-0.008784294128417969,-0.007515089586377144,0,-0.0288,0.0112
Zach Werenski,CBJ,8478460,6,-0.008784156292676926,-0.007515089586377144,0,-0.0288,0.0112
Zach Werenski,CBJ,8478460,7,-0.008784070611000061,-0.007515089586377144,0,-0.0288,0.0112
Zach Werenski,CBJ,8478460,8,-0.008784077130258083,-0.007515089586377144,0,-0.0288,0.0112
Kirill Marchenko,CBJ,8480893,0,-0.015391679480671883,-0.012196964584290981,0,-0.0354,0.0046
Kirill Marchenko,CBJ,8480893,1,-0.015391148626804352,-0.012196964584290981,0,-0.0354,0.0046
Kirill Marchenko,CBJ,8480893,2,-0.015390625223517418,-0.012196964584290981,0,-0.0354,0.0046
Kirill Marchenko,CBJ,8480893,3,-0.015390723012387753,-0.012196964584290981,0,-0.0354,0.0046
Kirill Marchenko,CBJ,8480893,4,-0.015391315333545208,-0.012196964584290981,0,-0.0354,0.0046
Kirill Marchenko,CBJ,8480893,5,-0.015391115099191666,-0.012196964584290981,0,-0.0354,0.0046
Kirill Marchenko,CBJ,8480893,6,-0.01539098285138607,-0.012196964584290981,0,-0.0354,0.0046
Kirill Marchenko,CBJ,8480893,7,-0.01539089810103178,-0.012196964584290981,0,-0.0354,0.0046
Kirill Marchenko,CBJ,8480893,8,-0.015390908345580101,-0.012196964584290981,0,-0.0354,0.0046
Jake Neighbours,STL,8482089,0,0.00061039999127388,0.000181991359568201,0,-0.0194,0.0206
Jake Neighbours,STL,8482089,1,0.0006109848618507385,0.000181991359568201,0,-0.0194,0.0206
Jake Neighbours,STL,8482089,2,0.000611544877756387,0.000181991359568201,0,-0.0194,0.0206
Jake Neighbours,STL,8482089,3,0.000611489056609571,0.000181991359568201,0,-0.0194,0.0206
Jake Neighbours,STL,8482089,4,0.0006109257810749114,0.000181991359568201,0,-0.0194,0.0206
Jake Neighbours,STL,8482089,5,0.0006111477850936353,0.000181991359568201,0,-0.0194,0.0206
Jake Neighbours,STL,8482089,6,0.0006112955743446946,0.000181991359568201,0,-0.0194,0.0206
Jake Neighbours,STL,8482089,7,0.0006113918498158455,0.000181991359568201,0,-0.0194,0.0206
Jake Neighbours,STL,8482089,8,0.0006113859126344323,0.000181991359568201,0,-0.0194,0.0206
Jake Walman,EDM,8478013,0,0.0021384141873568296,-0.00035605725133791566,0,-0.0179,0.0221
Jake Walman,EDM,8478013,1,0.002138995099812746,-0.00035605725133791566,0,-0.0179,0.0221
Jake Walman,EDM,8478013,2,0.002139552030712366,-0.00035605725133791566,0,-0.0179,0.0221
Jake Walman,EDM,8478013,3,0.0021394933573901653,-0.00035605725133791566,0,-0.0179,0.0221
Jake Walman,EDM,8478013,4,0.002138928510248661,-0.00035605725133791566,0,-0.0179,0.0221
Jake Walman,EDM,8478013,5,0.0021391483023762703,-0.00035605725133791566,0,-0.0179,0.0221
Jake Walman,EDM,8478013,6,0.002139295684173703,-0.00035605725133791566,0,-0.0179,0.0221
Jake Walman,EDM,8478013,7,0.0021393902134150267,-0.00035605725133791566,0,-0.0179,0.0221
Jake Walman,EDM,8478013,8,0.0021393850911408663,-0.00035605725133791566,0,-0.0179,0.0221
Victor Hedman,TBL,8475167,0,-0.012042641639709473,-0.011806144379079342,0,-0.032,0.008
Victor Hedman,TBL,8475167,1,-0.01204210426658392,-0.011806144379079342,0,-0.032,0.008
Victor Hedman,TBL,8475167,2,-0.012041587382555008,-0.011806144379079342,0,-0.032,0.008
Victor Hedman,TBL,8475167,3,-0.01204167865216732,-0.011806144379079342,0,-0.032,0.008
Victor Hedman,TBL,8475167,4,-0.012042270973324776,-0.011806144379079342,0,-0.032,0.008
Victor Hedman,TBL,8475167,5,-0.012042070738971233,-0.011806144379079342,0,-0.032,0.008
Victor Hedman,TBL,8475167,6,-0.012041941285133362,-0.011806144379079342,0,-0.032,0.008
Victor Hedman,TBL,8475167,7,-0.012041852809488773,-0.011806144379079342,0,-0.032,0.008
Victor Hedman,TBL,8475167,8,-0.01204186212271452,-0.011806144379079342,0,-0.032,0.008
Jake Guentzel,TBL,8477404,0,-0.004547986201941967,-0.0005611626547761261,0,-0.0245,0.0155
Jake Guentzel,TBL,8477404,1,-0.004599523264914751,-0.0005611626547761261,4,-0.0146,0.0054
Jake Guentzel,TBL,8477404,2,-0.0046073938719928265,-0.0005611626547761261,1,-0.0246,0.0154
Jake Guentzel,TBL,8477404,3,-0.004607453476637602,-0.0005611626547761261,0,-0.0246,0.0154
Jake Guentzel,TBL,8477404,4,-0.004608016926795244,-0.0005611626547761261,0,-0.0246,0.0154
Jake Guentzel,TBL,8477404,5,-0.004607796669006348,-0.0005611626547761261,0,-0.0246,0.0154
Jake Guentzel,TBL,8477404,6,-0.004607649520039558,-0.0005611626547761261,0,-0.0246,0.0154
Jake Guentzel,TBL,8477404,7,-0.004607553593814373,-0.0005611626547761261,0,-0.0246,0.0154
Jake Guentzel,TBL,8477404,8,-0.004607560113072395,-0.0005611626547761261,0,-0.0246,0.0154
Nikita Kucherov,TBL,8476453,0,0.006343493238091469,0.003211701987311244,0,-0.0137,0.0263
Nikita Kucherov,TBL,8476453,1,0.00625142827630043,0.003211701987311244,5,-0.0026,0.0152
Nikita Kucherov,TBL,8476453,2,0.006189373787492514,0.003211701987311244,7,-0.0014,0.0138
Nikita Kucherov,TBL,8476453,3,0.006189325358718634,0.003211701987311244,0,-0.0138,0.0262
Nikita Kucherov,TBL,8476453,4,0.006188768893480301,0.003211701987311244,0,-0.0138,0.0262
Nikita Kucherov,TBL,8476453,5,0.006188994273543358,0.003211701987311244,0,-0.0138,0.0262
Nikita Kucherov,TBL,8476453,6,0.006189144682139158,0.003211701987311244,0,-0.0138,0.0262
Nikita Kucherov,TBL,8476453,7,0.006189244799315929,0.003211701987311244,0,-0.0138,0.0262
Nikita Kucherov,TBL,8476453,8,0.006189236883074045,0.003211701987311244,0,-0.0138,0.0262
Alex Vlasic,CHI,8481568,0,-0.0025763800367712975,-0.002247611992061138,0,-0.0226,0.0174
Alex Vlasic,CHI,8481568,1,-0.002575808670371771,-0.002247611992061138,0,-0.0226,0.0174
Alex Vlasic,CHI,8481568,2,-0.0025752626825124025,-0.002247611992061138,0,-0.0226,0.0174
Alex Vlasic,CHI,8481568,3,-0.002575327642261982,-0.002247611992061138,0,-0.0226,0.0174
Alex Vlasic,CHI,8481568,4,-0.002575901336967945,-0.002247611992061138,0,-0.0226,0.0174
Alex Vlasic,CHI,8481568,5,-0.0025756852701306343,-0.002247611992061138,0,-0.0226,0.0174
Alex Vlasic,CHI,8481568,6,-0.002575542777776718,-0.002247611992061138,0,-0.0226,0.0174
Alex Vlasic,CHI,8481568,7,-0.002575448714196682,-0.002247611992061138,0,-0.0226,0.0174
Alex Vlasic,CHI,8481568,8,-0.0025754559319466352,-0.002247611992061138,0,-0.0226,0.0174
Travis Konecny,PHI,8478439,0,-0.00651018088683486,-0.0011368662817403674,0,-0.0265,0.0135
Travis Konecny,PHI,8478439,1,-0.006519896909594536,-0.0011368662817403674,0,-0.0265,0.0135
Travis Konecny,PHI,8478439,2,-0.006529637146741152,-0.0011368662817403674,1,-0.0265,0.0135
Travis Konecny,PHI,8478439,3,-0.006529699079692364,-0.0011368662817403674,0,-0.0265,0.0135
Travis Konecny,PHI,8478439,4,-0.006530269980430603,-0.0011368662817403674,0,-0.0265,0.0135
Travis Konecny,PHI,8478439,5,-0.00653005251660943,-0.0011368662817403674,0,-0.0265,0.0135
Travis Konecny,PHI,8478439,6,-0.006529908627271652,-0.0011368662817403674,0,-0.0265,0.0135
Travis Konecny,PHI,8478439,7,-0.006529814098030329,-0.0011368662817403674,0,-0.0265,0.0135
Travis Konecny,PHI,8478439,8,-0.006529821082949638,-0.0011368662817403674,0,-0.0265,0.0135
Kiefer Sherwood,SJS,8480748,0,0.0059791612438857555,0.005312975961714983,0,-0.014,0.026
Kiefer Sherwood,SJS,8480748,1,0.0059797633439302444,0.005312975961714983,0,-0.014,0.026
Kiefer Sherwood,SJS,8480748,2,0.005980338901281357,0.005312975961714983,0,-0.014,0.026
Kiefer Sherwood,SJS,8480748,3,0.005980296526104212,0.005312975961714983,0,-0.014,0.026
Kiefer Sherwood,SJS,8480748,4,0.005979744717478752,0.005312975961714983,0,-0.014,0.026
Kiefer Sherwood,SJS,8480748,5,0.0059799738228321075,0.005312975961714983,0,-0.014,0.026
Kiefer Sherwood,SJS,8480748,6,0.005980127956718206,0.005312975961714983,0,-0.014,0.026
Kiefer Sherwood,SJS,8480748,7,0.005980228073894978,0.005312975961714983,0,-0.014,0.026
Kiefer Sherwood,SJS,8480748,8,0.0059802234172821045,0.005312975961714983,0,-0.014,0.026
Matvei Michkov,PHI,8484387,0,0.0053434125147759914,0.00636008195579052,0,-0.0147,0.0253
Matvei Michkov,PHI,8484387,1,0.005329224746674299,0.00636008195579052,0,-0.0147,0.0253
Matvei Michkov,PHI,8484387,2,0.005315009038895369,0.00636008195579052,0,-0.0147,0.0253
Matvei Michkov,PHI,8484387,3,0.0053001767955720425,0.00636008195579052,1,-0.0147,0.0253
Matvei Michkov,PHI,8484387,4,0.0052996231243014336,0.00636008195579052,0,-0.0147,0.0253
Matvei Michkov,PHI,8484387,5,0.005299852695316076,0.00636008195579052,0,-0.0147,0.0253
Matvei Michkov,PHI,8484387,6,0.0053000072948634624,0.00636008195579052,0,-0.0147,0.0253
Matvei Michkov,PHI,8484387,7,0.005300106015056372,0.00636008195579052,0,-0.0147,0.0253
Matvei Michkov,PHI,8484387,8,0.0053001027554273605,0.00636008195579052,0,-0.0147,0.0253
Trevor Moore,LAK,8479675,0,-0.006396247074007988,-0.004027233924716711,0,-0.0264,0.0136
Trevor Moore,LAK,8479675,1,-0.006410093978047371,-0.004027233924716711,1,-0.0264,0.0136
Trevor Moore,LAK,8479675,2,-0.006409549154341221,-0.004027233924716711,0,-0.0264,0.0136
Trevor Moore,LAK,8479675,3,-0.006409619934856892,-0.004027233924716711,0,-0.0264,0.0136
Trevor Moore,LAK,8479675,4,-0.0064101931639015675,-0.004027233924716711,0,-0.0264,0.0136
Trevor Moore,LAK,8479675,5,-0.00640998175367713,-0.004027233924716711,0,-0.0264,0.0136
Trevor Moore,LAK,8479675,6,-0.006409837398678064,-0.004027233924716711,0,-0.0264,0.0136
Trevor Moore,LAK,8479675,7,-0.006409747991710901,-0.004027233924716711,0,-0.0264,0.0136
Trevor Moore,LAK,8479675,8,-0.006409753113985062,-0.004027233924716711,0,-0.0264,0.0136
Evan Rodrigues,FLA,8478542,0,0.0005800832877866924,-0.0011868126457557082,0,-0.0194,0.0206
Evan Rodrigues,FLA,8478542,1,0.0005806629196740687,-0.0011868126457557082,0,-0.0194,0.0206
Evan Rodrigues,FLA,8478542,2,0.0005812186282128096,-0.0011868126457557082,0,-0.0194,0.0206
Evan Rodrigues,FLA,8478542,3,0.0005811589653603733,-0.0011868126457557082,0,-0.0194,0.0206
Evan Rodrigues,FLA,8478542,4,0.000580592779442668,-0.0011868126457557082,0,-0.0194,0.0206
Evan Rodrigues,FLA,8478542,5,0.0005808125715702772,-0.0011868126457557082,0,-0.0194,0.0206
Evan Rodrigues,FLA,8478542,6,0.0005809584981761873,-0.0011868126457557082,0,-0.0194,0.0206
Evan Rodrigues,FLA,8478542,7,0.0005810539587400854,-0.0011868126457557082,0,-0.0194,0.0206
Evan Rodrigues,FLA,8478542,8,0.0005810473812744021,-0.0011868126457557082,0,-0.0194,0.0206
Mackie Samoskevich,FLA,8482713,0,-0.006270020734518766,-0.004690615460276604,0,-0.0263,0.0137
Mackie Samoskevich,FLA,8482713,1,-0.006269449833780527,-0.004690615460276604,0,-0.0263,0.0137
Mackie Samoskevich,FLA,8482713,2,-0.006268901750445366,-0.004690615460276604,0,-0.0263,0.0137
Mackie Samoskevich,FLA,8482713,3,-0.006268967874348164,-0.004690615460276604,0,-0.0263,0.0137
Mackie Samoskevich,FLA,8482713,4,-0.006269540172070265,-0.004690615460276604,0,-0.0263,0.0137
Mackie Samoskevich,FLA,8482713,5,-0.006269325036555529,-0.004690615460276604,0,-0.0263,0.0137
Mackie Samoskevich,FLA,8482713,6,-0.006269180215895176,-0.004690615460276604,0,-0.0263,0.0137
Mackie Samoskevich,FLA,8482713,7,-0.006269087549299002,-0.004690615460276604,0,-0.0263,0.0137
Mackie Samoskevich,FLA,8482713,8,-0.006269095931202173,-0.004690615460276604,0,-0.0263,0.0137
Adam Boqvist,NYI,8480871,0,0.0005144911119714379,0.0005237654550001025,0,-0.0195,0.0205
Adam Boqvist,NYI,8480871,1,0.0005150782526470721,0.0005237654550001025,0,-0.0195,0.0205
Adam Boqvist,NYI,8480871,2,0.0005156405968591571,0.0005237654550001025,0,-0.0195,0.0205
Adam Boqvist,NYI,8480871,3,0.0005155864055268466,0.0005237654550001025,0,-0.0195,0.0205
Adam Boqvist,NYI,8480871,4,0.0005150247598066926,0.0005237654550001025,0,-0.0195,0.0205
Adam Boqvist,NYI,8480871,5,0.0005152477533556521,0.0005237654550001025,0,-0.0195,0.0205
Adam Boqvist,NYI,8480871,6,0.0005153965903446078,0.0005237654550001025,0,-0.0195,0.0205
Adam Boqvist,NYI,8480871,7,0.0005154930986464024,0.0005237654550001025,0,-0.0195,0.0205
Adam Boqvist,NYI,8480871,8,0.0005154875689186156,0.0005237654550001025,0,-0.0195,0.0205
Evgeni Malkin,PIT,8471215,0,0.003707940923050046,0.0024305086117237806,0,-0.0163,0.0237
Evgeni Malkin,PIT,8471215,1,0.0037912074476480484,0.0024305086117237806,2,-0.0103,0.0179
Evgeni Malkin,PIT,8471215,2,0.0037917769514024258,0.0024305086117237806,0,-0.0162,0.0238
Evgeni Malkin,PIT,8471215,3,0.0037917259614914656,0.0024305086117237806,0,-0.0162,0.0238
Evgeni Malkin,PIT,8471215,4,0.003791169263422489,0.0024305086117237806,0,-0.0162,0.0238
Evgeni Malkin,PIT,8471215,5,0.003791395341977477,0.0024305086117237806,0,-0.0162,0.0238
Evgeni Malkin,PIT,8471215,6,0.003791545983403921,0.0024305086117237806,0,-0.0162,0.0238
Evgeni Malkin,PIT,8471215,7,0.003791644936427474,0.0024305086117237806,0,-0.0162,0.0238
Evgeni Malkin,PIT,8471215,8,0.0037916384171694517,0.0024305086117237806,0,-0.0162,0.0238
Kris Letang,PIT,8471724,0,-0.0005560634890571237,0.0002674905408639461,0,-0.0206,0.0194
Kris Letang,PIT,8471724,1,-0.0005554822855629027,0.0002674905408639461,0,-0.0206,0.0194
Kris Letang,PIT,8471724,2,-0.0005549246561713517,0.0002674905408639461,0,-0.0206,0.0194
Kris Letang,PIT,8471724,3,-0.0005549831548705697,0.0002674905408639461,0,-0.0206,0.0194
Kris Letang,PIT,8471724,4,-0.0005555481766350567,0.0002674905408639461,0,-0.0206,0.0194
Kris Letang,PIT,8471724,5,-0.0005553277442231774,0.0002674905408639461,0,-0.0206,0.0194
Kris Letang,PIT,8471724,6,-0.0005551810027100146,0.0002674905408639461,0,-0.0206,0.0194
Kris Letang,PIT,8471724,7,-0.0005550854839384556,0.0002674905408639461,0,-0.0206,0.0194
Kris Letang,PIT,8471724,8,-0.0005550915375351906,0.0002674905408639461,0,-0.0206,0.0194
Bryan Rust,PIT,8475810,0,0.008388986811041832,0.00458076735958457,0,-0.0116,0.0284
Bryan Rust,PIT,8475810,1,0.008359166793525219,0.00458076735958457,2,-0.0057,0.0225
Bryan Rust,PIT,8475810,2,0.008355214260518551,0.00458076735958457,1,-0.0116,0.0284
Bryan Rust,PIT,8475810,3,0.00835516955703497,0.00458076735958457,0,-0.0116,0.0284
Bryan Rust,PIT,8475810,4,0.008354614488780499,0.00458076735958457,0,-0.0116,0.0284
Bryan Rust,PIT,8475810,5,0.00835484080016613,0.00458076735958457,0,-0.0116,0.0284
Bryan Rust,PIT,8475810,6,0.008354995399713516,0.00458076735958457,0,-0.0116,0.0284
Bryan Rust,PIT,8475810,7,0.00835509318858385,0.00458076735958457,0,-0.0116,0.0284
Bryan Rust,PIT,8475810,8,0.008355088531970978,0.00458076735958457,0,-0.0116,0.0284
Michael Bunting,NSH,8478047,0,0.011957952752709389,0.007545158267021179,0,-0.008,0.032
Michael Bunting,NSH,8478047,1,0.011958571150898933,0.007545158267021179,0,-0.008,0.032
Michael Bunting,NSH,8478047,2,0.011959153227508068,0.007545158267021179,0,-0.008,0.032
Michael Bunting,NSH,8478047,3,0.011959122493863106,0.007545158267021179,0,-0.008,0.032
Michael Bunting,NSH,8478047,4,0.011958574876189232,0.007545158267021179,0,-0.008,0.032
Michael Bunting,NSH,8478047,5,0.011958814226090908,0.007545158267021179,0,-0.008,0.032
Michael Bunting,NSH,8478047,6,0.01195896789431572,0.007545158267021179,0,-0.008,0.032
Michael Bunting,NSH,8478047,7,0.0119590749964118,0.007545158267021179,0,-0.008,0.032
Michael Bunting,NSH,8478047,8,0.011959067545831203,0.007545158267021179,0,-0.008,0.032
Tim Stützle,OTT,8482116,0,-0.004068325739353895,-0.00403011916205287,2,-0.0182,0.01
Tim Stützle,OTT,8482116,1,-0.00408570934087038,-0.00403011916205287,1,-0.0241,0.0159
Tim Stützle,OTT,8482116,2,-0.004085161257535219,-0.00403011916205287,0,-0.0241,0.0159
Tim Stützle,OTT,8482116,3,-0.004085230175405741,-0.00403011916205287,0,-0.0241,0.0159
Tim Stützle,OTT,8482116,4,-0.00408580107614398,-0.00403011916205287,0,-0.0241,0.0159
Tim Stützle,OTT,8482116,5,-0.0040855868719518185,-0.00403011916205287,0,-0.0241,0.0159
Tim Stützle,OTT,8482116,6,-0.00408544298261404,-0.00403011916205287,0,-0.0241,0.0159
Tim Stützle,OTT,8482116,7,-0.004085351713001728,-0.00403011916205287,0,-0.0241,0.0159
Tim Stützle,OTT,8482116,8,-0.004085356369614601,-0.00403011916205287,0,-0.0241,0.0159
David Perron,OTT,8474102,0,-0.0002885526919271797,0.0018430763157084584,0,-0.0203,0.0197
David Perron,OTT,8474102,1,-0.00028795888647437096,0.0018430763157084584,0,-0.0203,0.0197
David Perron,OTT,8474102,2,-0.00028739095432683825,0.0018430763157084584,0,-0.0203,0.0197
David Perron,OTT,8474102,3,-0.00028744019800797105,0.0018430763157084584,0,-0.0203,0.0197
David Perron,OTT,8474102,4,-0.0002879980602301657,0.0018430763157084584,0,-0.0203,0.0197
David Perron,OTT,8474102,5,-0.0002877717779483646,0.0018430763157084584,0,-0.0203,0.0197
David Perron,OTT,8474102,6,-0.00028762093279510736,0.0018430763157084584,0,-0.0203,0.0197
David Perron,OTT,8474102,7,-0.00028752305661328137,0.0018430763157084584,0,-0.0203,0.0197
David Perron,OTT,8474102,8,-0.000287528004264459,0.0018430763157084584,0,-0.0203,0.0197
Roman Josi,NSH,8474600,0,-0.006979996804147959,-0.007299463264644146,0,-0.027,0.013
Roman Josi,NSH,8474600,1,-0.006979444529861212,-0.007299463264644146,0,-0.027,0.013
Roman Josi,NSH,8474600,2,-0.006978912279009819,-0.007299463264644146,0,-0.027,0.013
Roman Josi,NSH,8474600,3,-0.006978990044444799,-0.007299463264644146,0,-0.027,0.013
Roman Josi,NSH,8474600,4,-0.006979573052376509,-0.007299463264644146,0,-0.027,0.013
Roman Josi,NSH,8474600,5,-0.0069793653674423695,-0.007299463264644146,0,-0.027,0.013
Roman Josi,NSH,8474600,6,-0.006979229394346476,-0.007299463264644146,0,-0.027,0.013
Roman Josi,NSH,8474600,7,-0.006979137659072876,-0.007299463264644146,0,-0.027,0.013
Roman Josi,NSH,8474600,8,-0.006979147903621197,-0.007299463264644146,0,-0.027,0.013
Gustav Nyquist,WPG,8474679,0,-0.002490644808858633,-0.001579505973495543,0,-0.0225,0.0175
Gustav Nyquist,WPG,8474679,1,-0.002490065759047866,-0.001579505973495543,0,-0.0225,0.0175
Gustav Nyquist,WPG,8474679,2,-0.002489509293809533,-0.001579505973495543,0,-0.0225,0.0175
Gustav Nyquist,WPG,8474679,3,-0.002489569364115596,-0.001579505973495543,0,-0.0225,0.0175
Gustav Nyquist,WPG,8474679,4,-0.0024901353754103184,-0.001579505973495543,0,-0.0225,0.0175
Gustav Nyquist,WPG,8474679,5,-0.0024899153504520655,-0.001579505973495543,0,-0.0225,0.0175
Gustav Nyquist,WPG,8474679,6,-0.0024897700641304255,-0.001579505973495543,0,-0.0225,0.0175
Gustav Nyquist,WPG,8474679,7,-0.0024896736722439528,-0.001579505973495543,0,-0.0225,0.0175
Gustav Nyquist,WPG,8474679,8,-0.002489680889993906,-0.001579505973495543,0,-0.0225,0.0175
Nick Schmaltz,UTA,8477951,0,0.002789061749354005,0.0019828667864203453,0,-0.0172,0.0228
Nick Schmaltz,UTA,8477951,1,0.002737240632995963,0.0019828667864203453,3,-0.0088,0.0142
Nick Schmaltz,UTA,8477951,2,0.0027179494500160217,0.0019828667864203453,1,-0.0173,0.0227
Nick Schmaltz,UTA,8477951,3,0.0027179026510566473,0.0019828667864203453,0,-0.0173,0.0227
Nick Schmaltz,UTA,8477951,4,0.00271734781563282,0.0019828667864203453,0,-0.0173,0.0227
Nick Schmaltz,UTA,8477951,5,0.0027175764553248882,0.0019828667864203453,0,-0.0173,0.0227
Nick Schmaltz,UTA,8477951,6,0.002717728028073907,0.0019828667864203453,0,-0.0173,0.0227
Nick Schmaltz,UTA,8477951,7,0.0027178279124200344,0.0019828667864203453,0,-0.0173,0.0227
Nick Schmaltz,UTA,8477951,8,0.0027178218588232994,0.0019828667864203453,0,-0.0173,0.0227
Clayton Keller,UTA,8479343,0,-0.00020297235460020602,0.0009295910713262856,2,-0.0143,0.0139
Clayton Keller,UTA,8479343,1,-0.00020951118494849652,0.0009295910713262856,0,-0.0202,0.0198
Clayton Keller,UTA,8479343,2,-0.00021607577218674123,0.0009295910713262856,1,-0.0202,0.0198
Clayton Keller,UTA,8479343,3,-0.00021612632554024458,0.0009295910713262856,0,-0.0202,0.0198
Clayton Keller,UTA,8479343,4,-0.00021668535191565752,0.0009295910713262856,0,-0.0202,0.0198
Clayton Keller,UTA,8479343,5,-0.0002164600300602615,0.0009295910713262856,0,-0.0202,0.0198
Clayton Keller,UTA,8479343,6,-0.00021630982519127429,0.0009295910713262856,0,-0.0202,0.0198
Clayton Keller,UTA,8479343,7,-0.00021621213818434626,0.0009295910713262856,0,-0.0202,0.0198
Clayton Keller,UTA,8479343,8,-0.0002162175951525569,0.0009295910713262856,0,-0.0202,0.0198
Barrett Hayton,UTA,8480849,0,0.008927984163165092,0.006969956681132317,0,-0.0111,0.0289
Barrett Hayton,UTA,8480849,1,0.008928605355322361,0.006969956681132317,0,-0.0111,0.0289
Barrett Hayton,UTA,8480849,2,0.008929187431931496,0.006969956681132317,0,-0.0111,0.0289
Barrett Hayton,UTA,8480849,3,0.008929161354899406,0.006969956681132317,0,-0.0111,0.0289
Barrett Hayton,UTA,8480849,4,0.008928611874580383,0.006969956681132317,0,-0.0111,0.0289
Barrett Hayton,UTA,8480849,5,0.008928853087127209,0.006969956681132317,0,-0.0111,0.0289
Barrett Hayton,UTA,8480849,6,0.00892900675535202,0.006969956681132317,0,-0.0111,0.0289
Barrett Hayton,UTA,8480849,7,0.00892911572009325,0.006969956681132317,0,-0.0111,0.0289
Barrett Hayton,UTA,8480849,8,0.00892910361289978,0.006969956681132317,0,-0.0111,0.0289
K'Andre Miller,CAR,8480817,0,-0.005429104436188936,-0.0035121755208820105,1,-0.0254,0.0146
K'Andre Miller,CAR,8480817,1,-0.005461694207042456,-0.0035121755208820105,1,-0.0255,0.0145
K'Andre Miller,CAR,8480817,2,-0.005490090232342482,-0.0035121755208820105,0,-0.0255,0.0145
K'Andre Miller,CAR,8480817,3,-0.005519101396203041,-0.0035121755208820105,0,-0.0255,0.0145
K'Andre Miller,CAR,8480817,4,-0.0055486164055764675,-0.0035121755208820105,0,-0.0255,0.0145
K'Andre Miller,CAR,8480817,5,-0.005577345844358206,-0.0035121755208820105,0,-0.0256,0.0144
K'Andre Miller,CAR,8480817,6,-0.005606143269687891,-0.0035121755208820105,4,-0.0156,0.0044
K'Andre Miller,CAR,8480817,7,-0.005606053862720728,-0.0035121755208820105,0,-0.0256,0.0144
K'Andre Miller,CAR,8480817,8,-0.005606057588011026,-0.0035121755208820105,0,-0.0256,0.0144
Reilly Smith,VGK,8475191,0,0.0018484566826373339,0.0003576113667804748,0,-0.0182,0.0218
Reilly Smith,VGK,8475191,1,0.0018490413203835487,0.0003576113667804748,0,-0.0182,0.0218
Reilly Smith,VGK,8475191,2,0.0018496010452508926,0.0003576113667804748,0,-0.0182,0.0218
Reilly Smith,VGK,8475191,3,0.0018495450494810939,0.0003576113667804748,0,-0.0182,0.0218
Reilly Smith,VGK,8475191,4,0.0018489814829081297,0.0003576113667804748,0,-0.0182,0.0218
Reilly Smith,VGK,8475191,5,0.0018492034869268537,0.0003576113667804748,0,-0.0182,0.0218
Reilly Smith,VGK,8475191,6,0.0018493511015549302,0.0003576113667804748,0,-0.0182,0.0218
Reilly Smith,VGK,8475191,7,0.0018494472606107593,0.0003576113667804748,0,-0.0182,0.0218
Reilly Smith,VGK,8475191,8,0.0018494417890906334,0.0003576113667804748,0,-0.0182,0.0218
Curtis Lazar,EDM,8477508,0,-0.0003219876089133322,-0.0003661245573312044,0,-0.0203,0.0197
Curtis Lazar,EDM,8477508,1,-0.0003214053576812148,-0.0003661245573312044,0,-0.0203,0.0197
Curtis Lazar,EDM,8477508,2,-0.00032084734993986785,-0.0003661245573312044,0,-0.0203,0.0197
Curtis Lazar,EDM,8477508,3,-0.0003209050337318331,-0.0003661245573312044,0,-0.0203,0.0197
Curtis Lazar,EDM,8477508,4,-0.0003214697353541851,-0.0003661245573312044,0,-0.0203,0.0197
Curtis Lazar,EDM,8477508,5,-0.00032124880817718804,-0.0003661245573312044,0,-0.0203,0.0197
Curtis Lazar,EDM,8477508,6,-0.00032110195024870336,-0.0003661245573312044,0,-0.0203,0.0197
Curtis Lazar,EDM,8477508,7,-0.0003210060822311789,-0.0003661245573312044,0,-0.0203,0.0197
Curtis Lazar,EDM,8477508,8,-0.0003210122522432357,-0.0003661245573312044,0,-0.0203,0.0197
Brandon Duhaime,WSH,8479520,0,-0.001636201050132513,-0.00123437715228647,0,-0.0216,0.0184
Brandon Duhaime,WSH,8479520,1,-0.0016356237465515733,-0.00123437715228647,0,-0.0216,0.0184
Brandon Duhaime,WSH,8479520,2,-0.0016350704245269299,-0.00123437715228647,0,-0.0216,0.0184
Brandon Duhaime,WSH,8479520,3,-0.001635131542570889,-0.00123437715228647,0,-0.0216,0.0184
Brandon Duhaime,WSH,8479520,4,-0.0016356996493414044,-0.00123437715228647,0,-0.0216,0.0184
Brandon Duhaime,WSH,8479520,5,-0.0016354809049516916,-0.00123437715228647,0,-0.0216,0.0184
Brandon Duhaime,WSH,8479520,6,-0.001635335967876017,-0.00123437715228647,0,-0.0216,0.0184
Brandon Duhaime,WSH,8479520,7,-0.0016352408565580845,-0.00123437715228647,0,-0.0216,0.0184
Brandon Duhaime,WSH,8479520,8,-0.0016352474922314286,-0.00123437715228647,0,-0.0216,0.0184
Stefan Noesen,NJD,8476474,0,-0.0007271319627761841,-0.0003985797520726919,0,-0.0207,0.0193
Stefan Noesen,NJD,8476474,1,-0.0007265507010743022,-0.0003985797520726919,0,-0.0207,0.0193
Stefan Noesen,NJD,8476474,2,-0.000725993886590004,-0.0003985797520726919,0,-0.0207,0.0193
Stefan Noesen,NJD,8476474,3,-0.0007260522106662393,-0.0003985797520726919,0,-0.0207,0.0193
Stefan Noesen,NJD,8476474,4,-0.0007266178727149963,-0.0003985797520726919,0,-0.0207,0.0193
Stefan Noesen,NJD,8476474,5,-0.0007263972074724734,-0.0003985797520726919,0,-0.0207,0.0193
Stefan Noesen,NJD,8476474,6,-0.000726250815205276,-0.0003985797520726919,0,-0.0207,0.0193
Stefan Noesen,NJD,8476474,7,-0.0007261551800183952,-0.0003985797520726919,0,-0.0207,0.0193
Stefan Noesen,NJD,8476474,8,-0.0007261614082381129,-0.0003985797520726919,0,-0.0207,0.0193
Adam Pelech,NYI,8476917,0,-0.001496273442171514,-0.001153621356934309,0,-0.0215,0.0185
Adam Pelech,NYI,8476917,1,-0.0014956964878365397,-0.001153621356934309,0,-0.0215,0.0185
Adam Pelech,NYI,8476917,2,-0.0014951423509046435,-0.001153621356934309,0,-0.0215,0.0185
Adam Pelech,NYI,8476917,3,-0.0014952041674405336,-0.001153621356934309,0,-0.0215,0.0185
Adam Pelech,NYI,8476917,4,-0.0014957714593037963,-0.001153621356934309,0,-0.0215,0.0185
Adam Pelech,NYI,8476917,5,-0.0014955529477447271,-0.001153621356934309,0,-0.0215,0.0185
Adam Pelech,NYI,8476917,6,-0.0014954075450077653,-0.001153621356934309,0,-0.0215,0.0185
Adam Pelech,NYI,8476917,7,-0.0014953130157664418,-0.001153621356934309,0,-0.0215,0.0185
Adam Pelech,NYI,8476917,8,-0.0014953191857784986,-0.001153621356934309,0,-0.0215,0.0185
Brandon Montour,SEA,8477986,0,-0.005268871784210205,-0.0018406016752123833,0,-0.0253,0.0147
Brandon Montour,SEA,8477986,1,-0.00526829669252038,-0.0018406016752123833,0,-0.0253,0.0147
Brandon Montour,SEA,8477986,2,-0.0052677541971206665,-0.0018406016752123833,0,-0.0253,0.0147
Brandon Montour,SEA,8477986,3,-0.005267816130071878,-0.0018406016752123833,0,-0.0253,0.0147
Brandon Montour,SEA,8477986,4,-0.005268390756100416,-0.0018406016752123833,0,-0.0253,0.0147
Brandon Montour,SEA,8477986,5,-0.005268172826617956,-0.0018406016752123833,0,-0.0253,0.0147
Brandon Montour,SEA,8477986,6,-0.005268032196909189,-0.0018406016752123833,0,-0.0253,0.0147
Brandon Montour,SEA,8477986,7,-0.0052679372020065784,-0.0018406016752123833,0,-0.0253,0.0147
Brandon Montour,SEA,8477986,8,-0.00526794558390975,-0.0018406016752123833,0,-0.0253,0.0147
Blake Coleman,CGY,8476399,0,-0.004428942687809467,-0.0019511887803673744,0,-0.0244,0.0156
Blake Coleman,CGY,8476399,1,-0.004428371321409941,-0.0019511887803673744,0,-0.0244,0.0156
Blake Coleman,CGY,8476399,2,-0.004427825100719929,-0.0019511887803673744,0,-0.0244,0.0156
Blake Coleman,CGY,8476399,3,-0.0044278898276388645,-0.0019511887803673744,0,-0.0244,0.0156
Blake Coleman,CGY,8476399,4,-0.004428462125360966,-0.0019511887803673744,0,-0.0244,0.0156
Blake Coleman,CGY,8476399,5,-0.004428247921168804,-0.0019511887803673744,0,-0.0244,0.0156
Blake Coleman,CGY,8476399,6,-0.004428104497492313,-0.0019511887803673744,0,-0.0244,0.0156
Blake Coleman,CGY,8476399,7,-0.004428010433912277,-0.0019511887803673744,0,-0.0244,0.0156
Blake Coleman,CGY,8476399,8,-0.004428017884492874,-0.0019511887803673744,0,-0.0244,0.0156
Cutter Gauthier,ANA,8483445,0,-0.005080649629235268,-0.0005475676734931767,0,-0.0251,0.0149
Cutter Gauthier,ANA,8483445,1,-0.005041952710598707,-0.0005475676734931767,2,-0.0191,0.0091
Cutter Gauthier,ANA,8483445,2,-0.005075906869024038,-0.0005475676734931767,1,-0.0251,0.0149
Cutter Gauthier,ANA,8483445,3,-0.005104639567434788,-0.0005475676734931767,2,-0.0192,0.009
Cutter Gauthier,ANA,8483445,4,-0.005118887405842543,-0.0005475676734931767,2,-0.0192,0.009
Cutter Gauthier,ANA,8483445,5,-0.005118659697473049,-0.0005475676734931767,0,-0.0251,0.0149
Cutter Gauthier,ANA,8483445,6,-0.005118514411151409,-0.0005475676734931767,0,-0.0251,0.0149
Cutter Gauthier,ANA,8483445,7,-0.005118414293974638,-0.0005475676734931767,0,-0.0251,0.0149
Cutter Gauthier,ANA,8483445,8,-0.005118424538522959,-0.0005475676734931767,0,-0.0251,0.0149
Ryan Strome,ANA,8476458,0,-0.005118989385664463,-0.004705165512859821,0,-0.0251,0.0149
Ryan Strome,ANA,8476458,1,-0.005118426401168108,-0.004705165512859821,0,-0.0251,0.0149
Ryan Strome,ANA,8476458,2,-0.005117889028042555,-0.004705165512859821,0,-0.0251,0.0149
Ryan Strome,ANA,8476458,3,-0.0051179612055420876,-0.004705165512859821,0,-0.0251,0.0149
Ryan Strome,ANA,8476458,4,-0.0051185390911996365,-0.004705165512859821,0,-0.0251,0.0149
Ryan Strome,ANA,8476458,5,-0.005118328146636486,-0.004705165512859821,0,-0.0251,0.0149
Ryan Strome,ANA,8476458,6,-0.005118189379572868,-0.004705165512859821,0,-0.0251,0.0149
Ryan Strome,ANA,8476458,7,-0.0051180957816541195,-0.004705165512859821,0,-0.0251,0.0149
Ryan Strome,ANA,8476458,8,-0.00511810602620244,-0.004705165512859821,0,-0.0251,0.0149
Mason McTavish,ANA,8482745,0,0.006918092258274555,0.0018900494324043393,0,-0.0131,0.0269
Mason McTavish,ANA,8482745,1,0.0068986862897872925,0.0018900494324043393,1,-0.0131,0.0269
Mason McTavish,ANA,8482745,2,0.006884879898279905,0.0018900494324043393,0,-0.0131,0.0269
Mason McTavish,ANA,8482745,3,0.006870460230857134,0.0018900494324043393,1,-0.0131,0.0269
Mason McTavish,ANA,8482745,4,0.0068636140786111355,0.0018900494324043393,1,-0.0131,0.0269
Mason McTavish,ANA,8482745,5,0.006863837596029043,0.0018900494324043393,0,-0.0131,0.0269
Mason McTavish,ANA,8482745,6,0.006863988935947418,0.0018900494324043393,0,-0.0131,0.0269
Mason McTavish,ANA,8482745,7,0.006864084862172604,0.0018900494324043393,0,-0.0131,0.0269
Mason McTavish,ANA,8482745,8,0.006864079739898443,0.0018900494324043393,0,-0.0131,0.0269
Olen Zellweger,ANA,8482803,0,0.00139018171466887,0.0011331761488690972,0,-0.0186,0.0214
Olen Zellweger,ANA,8482803,1,0.0013907735701650381,0.0011331761488690972,0,-0.0186,0.0214
Olen Zellweger,ANA,8482803,2,0.0013913389993831515,0.0011331761488690972,0,-0.0186,0.0214
Olen Zellweger,ANA,8482803,3,0.0013912884751334786,0.0011331761488690972,0,-0.0186,0.0214
Olen Zellweger,ANA,8482803,4,0.001390728633850813,0.0011331761488690972,0,-0.0186,0.0214
Olen Zellweger,ANA,8482803,5,0.0013909542467445135,0.0011331761488690972,0,-0.0186,0.0214
Olen Zellweger,ANA,8482803,6,0.001391103956848383,0.0011331761488690972,0,-0.0186,0.0214
Olen Zellweger,ANA,8482803,7,0.0013912017457187176,0.0011331761488690972,0,-0.0186,0.0214
Olen Zellweger,ANA,8482803,8,0.0013911961577832699,0.0011331761488690972,0,-0.0186,0.0214
Matt Boldy,MIN,8481557,0,0.0002322593645658344,0.00101286091376096,3,-0.0113,0.0117
Matt Boldy,MIN,8481557,1,0.00022112487931735814,0.00101286091376096,3,-0.0113,0.0117
Matt Boldy,MIN,8481557,2,0.0002285732771269977,0.00101286091376096,8,-0.0069,0.0073
Matt Boldy,MIN,8481557,3,0.00020448738359846175,0.00101286091376096,5,-0.0087,0.0091
Matt Boldy,MIN,8481557,4,0.00020052936451975256,0.00101286091376096,1,-0.0198,0.0202
Matt Boldy,MIN,8481557,5,0.00020075187785550952,0.00101286091376096,0,-0.0198,0.0202
Matt Boldy,MIN,8481557,6,0.0002009001764236018,0.00101286091376096,0,-0.0198,0.0202
Matt Boldy,MIN,8481557,7,0.0002009966701734811,0.00101286091376096,0,-0.0198,0.0202
Matt Boldy,MIN,8481557,8,0.0002009908203035593,0.00101286091376096,0,-0.0198,0.0202
Frederick Gaudreau,SEA,8477919,0,0.0003936583816539496,-0.000477376626804471,0,-0.0196,0.0204
Frederick Gaudreau,SEA,8477919,1,0.00039423926500603557,-0.000477376626804471,0,-0.0196,0.0204
Frederick Gaudreau,SEA,8477919,2,0.0003947958757635206,-0.000477376626804471,0,-0.0196,0.0204
Frederick Gaudreau,SEA,8477919,3,0.00039473711512982845,-0.000477376626804471,0,-0.0196,0.0204
Frederick Gaudreau,SEA,8477919,4,0.00039417148218490183,-0.000477376626804471,0,-0.0196,0.0204
Frederick Gaudreau,SEA,8477919,5,0.00039439176907762885,-0.000477376626804471,0,-0.0196,0.0204
Frederick Gaudreau,SEA,8477919,6,0.00039453821955248713,-0.000477376626804471,0,-0.0196,0.0204
Frederick Gaudreau,SEA,8477919,7,0.00039463365101255476,-0.000477376626804471,0,-0.0196,0.0204
Frederick Gaudreau,SEA,8477919,8,0.00039462753920815885,-0.000477376626804471,0,-0.0196,0.0204
Jaden Schwartz,SEA,8475768,0,0.009113512933254242,0.008889955468475819,0,-0.0109,0.0291
Jaden Schwartz,SEA,8475768,1,0.009114133194088936,0.008889955468475819,0,-0.0109,0.0291
Jaden Schwartz,SEA,8475768,2,0.00911472737789154,0.008889955468475819,0,-0.0109,0.0291
Jaden Schwartz,SEA,8475768,3,0.009114697575569153,0.008889955468475819,0,-0.0109,0.0291
Jaden Schwartz,SEA,8475768,4,0.0091141602024436,0.008889955468475819,0,-0.0109,0.0291
Jaden Schwartz,SEA,8475768,5,0.009114398621022701,0.008889955468475819,0,-0.0109,0.0291
Jaden Schwartz,SEA,8475768,6,0.009114561602473259,0.008889955468475819,0,-0.0109,0.0291
Jaden Schwartz,SEA,8475768,7,0.009114661253988743,0.008889955468475819,0,-0.0109,0.0291
Jaden Schwartz,SEA,8475768,8,0.009114664047956467,0.008889955468475819,0,-0.0109,0.0291
Nazem Kadri,CGY,8475172,0,-0.010685116052627563,-0.008787760511040688,0,-0.0307,0.0093
Nazem Kadri,CGY,8475172,1,-0.01064461749047041,-0.008787760511040688,0,-0.0306,0.0094
Nazem Kadri,CGY,8475172,2,-0.010604135692119598,-0.008787760511040688,0,-0.0306,0.0094
Nazem Kadri,CGY,8475172,3,-0.010564271360635757,-0.008787760511040688,1,-0.0306,0.0094
Nazem Kadri,CGY,8475172,4,-0.01051129586994648,-0.008787760511040688,3,-0.022,0.001
Nazem Kadri,CGY,8475172,5,-0.010521658696234226,-0.008787760511040688,1,-0.0305,0.0095
Nazem Kadri,CGY,8475172,6,-0.010521519929170609,-0.008787760511040688,0,-0.0305,0.0095
Nazem Kadri,CGY,8475172,7,-0.01052142959088087,-0.008787760511040688,0,-0.0305,0.0095
Nazem Kadri,CGY,8475172,8,-0.010521437972784042,-0.008787760511040688,0,-0.0305,0.0095
Andrei Kuzmenko,LAK,8483808,0,0.00679277116432786,0.004896195139735937,0,-0.0132,0.0268
Andrei Kuzmenko,LAK,8483808,1,0.006793376989662647,0.004896195139735937,0,-0.0132,0.0268
Andrei Kuzmenko,LAK,8483808,2,0.006793956737965345,0.004896195139735937,0,-0.0132,0.0268
Andrei Kuzmenko,LAK,8483808,3,0.00679391622543335,0.004896195139735937,0,-0.0132,0.0268
Andrei Kuzmenko,LAK,8483808,4,0.006793367210775614,0.004896195139735937,0,-0.0132,0.0268
Andrei Kuzmenko,LAK,8483808,5,0.006793599110096693,0.004896195139735937,0,-0.0132,0.0268
Andrei Kuzmenko,LAK,8483808,6,0.006793753709644079,0.004896195139735937,0,-0.0132,0.0268
Andrei Kuzmenko,LAK,8483808,7,0.006793855689466,0.004896195139735937,0,-0.0132,0.0268
Andrei Kuzmenko,LAK,8483808,8,0.006793849635869265,0.004896195139735937,0,-0.0132,0.0268
Brett Howden,VGK,8479353,0,0.001076029846444726,-0.00017649985966272652,0,-0.0189,0.0211
Brett Howden,VGK,8479353,1,0.0011384919052943587,-0.00017649985966272652,1,-0.0189,0.0211
Brett Howden,VGK,8479353,2,0.0012103926856070757,-0.00017649985966272652,2,-0.0129,0.0153
Brett Howden,VGK,8479353,3,0.0012103364570066333,-0.00017649985966272652,0,-0.0188,0.0212
Brett Howden,VGK,8479353,4,0.001209773006848991,-0.00017649985966272652,0,-0.0188,0.0212
Brett Howden,VGK,8479353,5,0.0012099946616217494,-0.00017649985966272652,0,-0.0188,0.0212
Brett Howden,VGK,8479353,6,0.0012101425090804696,-0.00017649985966272652,0,-0.0188,0.0212
Brett Howden,VGK,8479353,7,0.001210238435305655,-0.00017649985966272652,0,-0.0188,0.0212
Brett Howden,VGK,8479353,8,0.0012102324981242418,-0.00017649985966272652,0,-0.0188,0.0212
Jonas Siegenthaler,NJD,8478399,0,-0.0006492537213489413,-0.0005184399778954685,0,-0.0206,0.0194
Jonas Siegenthaler,NJD,8478399,1,-0.0006486724014393985,-0.0005184399778954685,0,-0.0206,0.0194
Jonas Siegenthaler,NJD,8478399,2,-0.0006481152959167957,-0.0005184399778954685,0,-0.0206,0.0194
Jonas Siegenthaler,NJD,8478399,3,-0.0006481737364083529,-0.0005184399778954685,0,-0.0206,0.0194
Jonas Siegenthaler,NJD,8478399,4,-0.0006487391656264663,-0.0005184399778954685,0,-0.0206,0.0194
Jonas Siegenthaler,NJD,8478399,5,-0.0006485186750069261,-0.0005184399778954685,0,-0.0206,0.0194
Jonas Siegenthaler,NJD,8478399,6,-0.0006483719334937632,-0.0005184399778954685,0,-0.0206,0.0194
Jonas Siegenthaler,NJD,8478399,7,-0.0006482764729298651,-0.0005184399778954685,0,-0.0206,0.0194
Jonas Siegenthaler,NJD,8478399,8,-0.000648282584734261,-0.0005184399778954685,0,-0.0206,0.0194
Patrick Kane,DET,8474141,0,-0.01043250598013401,-0.00597695866599679,0,-0.0304,0.0096
Patrick Kane,DET,8474141,1,-0.010431948117911816,-0.00597695866599679,0,-0.0304,0.0096
Patrick Kane,DET,8474141,2,-0.010431407019495964,-0.00597695866599679,0,-0.0304,0.0096
Patrick Kane,DET,8474141,3,-0.010431480593979359,-0.00597695866599679,0,-0.0304,0.0096
Patrick Kane,DET,8474141,4,-0.01043205801397562,-0.00597695866599679,0,-0.0304,0.0096
Patrick Kane,DET,8474141,5,-0.010431846603751183,-0.00597695866599679,0,-0.0304,0.0096
Patrick Kane,DET,8474141,6,-0.01043170690536499,-0.00597695866599679,0,-0.0304,0.0096
Patrick Kane,DET,8474141,7,-0.010431616567075253,-0.00597695866599679,0,-0.0304,0.0096
Patrick Kane,DET,8474141,8,-0.010431619361042976,-0.00597695866599679,0,-0.0304,0.0096
Braden Schneider,NYR,8482073,0,0.001066052122041583,0.001207552501000464,0,-0.0189,0.0211
Braden Schneider,NYR,8482073,1,0.0010666437447071075,0.001207552501000464,0,-0.0189,0.0211
Braden Schneider,NYR,8482073,2,0.0010672108037397265,0.001207552501000464,0,-0.0189,0.0211
Braden Schneider,NYR,8482073,3,0.0010671599302440882,0.001207552501000464,0,-0.0189,0.0211
Braden Schneider,NYR,8482073,4,0.0010666013695299625,0.001207552501000464,0,-0.0189,0.0211
Braden Schneider,NYR,8482073,5,0.0010668266331776977,0.001207552501000464,0,-0.0189,0.0211
Braden Schneider,NYR,8482073,6,0.0010669771581888199,0.001207552501000464,0,-0.0189,0.0211
Braden Schneider,NYR,8482073,7,0.0010670748306438327,0.001207552501000464,0,-0.0189,0.0211
Braden Schneider,NYR,8482073,8,0.0010670697083696723,0.001207552501000464,0,-0.0189,0.0211
Moritz Seider,DET,8481542,0,-0.010467538610100746,-0.006652905605733395,0,-0.0305,0.0095
Moritz Seider,DET,8481542,1,-0.010466978885233402,-0.006652905605733395,0,-0.0305,0.0095
Moritz Seider,DET,8481542,2,-0.010466443374752998,-0.006652905605733395,0,-0.0305,0.0095
Moritz Seider,DET,8481542,3,-0.010466519743204117,-0.006652905605733395,0,-0.0305,0.0095
Moritz Seider,DET,8481542,4,-0.010467099957168102,-0.006652905605733395,0,-0.0305,0.0095
Moritz Seider,DET,8481542,5,-0.010466888546943665,-0.006652905605733395,0,-0.0305,0.0095
Moritz Seider,DET,8481542,6,-0.01046675257384777,-0.006652905605733395,0,-0.0305,0.0095
Moritz Seider,DET,8481542,7,-0.01046665757894516,-0.006652905605733395,0,-0.0305,0.0095
Moritz Seider,DET,8481542,8,-0.01046666968613863,-0.006652905605733395,0,-0.0305,0.0095
Vladimir Tarasenko,MIN,8475765,0,0.009676631540060043,0.004883658606559038,1,-0.0103,0.0297
Vladimir Tarasenko,MIN,8475765,1,0.009668992832303047,0.004883658606559038,0,-0.0103,0.0297
Vladimir Tarasenko,MIN,8475765,2,0.009661326184868813,0.004883658606559038,1,-0.0103,0.0297
Vladimir Tarasenko,MIN,8475765,3,0.009661284275352955,0.004883658606559038,0,-0.0103,0.0297
Vladimir Tarasenko,MIN,8475765,4,0.009660732001066208,0.004883658606559038,0,-0.0103,0.0297
Vladimir Tarasenko,MIN,8475765,5,0.009660964831709862,0.004883658606559038,0,-0.0103,0.0297
Vladimir Tarasenko,MIN,8475765,6,0.009661117568612099,0.004883658606559038,0,-0.0103,0.0297
Vladimir Tarasenko,MIN,8475765,7,0.009661220945417881,0.004883658606559038,0,-0.0103,0.0297
Vladimir Tarasenko,MIN,8475765,8,0.009661214426159859,0.004883658606559038,0,-0.0103,0.0297
Brock Nelson,COL,8475754,0,0.0018226300599053502,0.0019911671988666058,0,-0.0182,0.0218
Brock Nelson,COL,8475754,1,0.0017768987454473972,0.0019911671988666058,0,-0.0182,0.0218
Brock Nelson,COL,8475754,2,0.0017311407718807459,0.0019911671988666058,0,-0.0183,0.0217
Brock Nelson,COL,8475754,3,0.0016847657971084118,0.0019911671988666058,3,-0.0098,0.0132
Brock Nelson,COL,8475754,4,0.0016730428906157613,0.0019911671988666058,0,-0.0183,0.0217
Brock Nelson,COL,8475754,5,0.0016621035756543279,0.0019911671988666058,0,-0.0183,0.0217
Brock Nelson,COL,8475754,6,0.0016510888235643506,0.0019911671988666058,1,-0.0183,0.0217
Brock Nelson,COL,8475754,7,0.0016511868452653289,0.0019911671988666058,0,-0.0183,0.0217
Brock Nelson,COL,8475754,8,0.001651182072237134,0.0019911671988666058,0,-0.0183,0.0217
Danton Heinen,CBJ,8478046,0,0.0031517159659415483,0.0031060620676726103,0,-0.0168,0.0232
Danton Heinen,CBJ,8478046,1,0.003152316203340888,0.0031060620676726103,0,-0.0168,0.0232
Danton Heinen,CBJ,8478046,2,0.003152890130877495,0.0031060620676726103,0,-0.0168,0.0232
Danton Heinen,CBJ,8478046,3,0.003152844961732626,0.0031060620676726103,0,-0.0168,0.0232
Danton Heinen,CBJ,8478046,4,0.003152292687445879,0.0031060620676726103,0,-0.0168,0.0232
Danton Heinen,CBJ,8478046,5,0.003152520628646016,0.0031060620676726103,0,-0.0168,0.0232
Danton Heinen,CBJ,8478046,6,0.0031526745297014713,0.0031060620676726103,0,-0.0168,0.0232
Danton Heinen,CBJ,8478046,7,0.0031527727842330933,0.0031060620676726103,0,-0.0168,0.0232
Danton Heinen,CBJ,8478046,8,0.003152769524604082,0.0031060620676726103,0,-0.0168,0.0232
J.T. Miller,NYR,8476468,0,0.0017364040249958634,0.002456109272316098,0,-0.0183,0.0217
J.T. Miller,NYR,8476468,1,0.001736995647661388,0.002456109272316098,0,-0.0183,0.0217
J.T. Miller,NYR,8476468,2,0.0017375610768795013,0.002456109272316098,0,-0.0183,0.0217
J.T. Miller,NYR,8476468,3,0.0017375105526298285,0.002456109272316098,0,-0.0183,0.0217
J.T. Miller,NYR,8476468,4,0.001736950594931841,0.002456109272316098,0,-0.0183,0.0217
J.T. Miller,NYR,8476468,5,0.001737176557071507,0.002456109272316098,0,-0.0183,0.0217
J.T. Miller,NYR,8476468,6,0.0017373260343447328,0.002456109272316098,0,-0.0183,0.0217
J.T. Miller,NYR,8476468,7,0.0017374242888763547,0.002456109272316098,0,-0.0183,0.0217
J.T. Miller,NYR,8476468,8,0.001737418002448976,0.002456109272316098,0,-0.0183,0.0217
Quinn Hughes,MIN,8480800,0,-0.009542813524603844,-0.006220743991434574,0,-0.0295,0.0105
Quinn Hughes,MIN,8480800,1,-0.009553749114274979,-0.006220743991434574,1,-0.0296,0.0104
Quinn Hughes,MIN,8480800,2,-0.009557492099702358,-0.006220743991434574,0,-0.0296,0.0104
Quinn Hughes,MIN,8480800,3,-0.00956184696406126,-0.006220743991434574,1,-0.0296,0.0104
Quinn Hughes,MIN,8480800,4,-0.009562427178025246,-0.006220743991434574,0,-0.0296,0.0104
Quinn Hughes,MIN,8480800,5,-0.009562219493091106,-0.006220743991434574,0,-0.0296,0.0104
Quinn Hughes,MIN,8480800,6,-0.009562082588672638,-0.006220743991434574,0,-0.0296,0.0104
Quinn Hughes,MIN,8480800,7,-0.009561988525092602,-0.006220743991434574,0,-0.0296,0.0104
Quinn Hughes,MIN,8480800,8,-0.009561999700963497,-0.006220743991434574,0,-0.0296,0.0104
Conor Garland,VAN,8478856,0,0.0067947180941700935,0.008142318576574326,0,-0.0132,0.0268
Conor Garland,VAN,8478856,1,0.006795333698391914,0.008142318576574326,0,-0.0132,0.0268
Conor Garland,VAN,8478856,2,0.006795918568968773,0.008142318576574326,0,-0.0132,0.0268
Conor Garland,VAN,8478856,3,0.006795883644372225,0.008142318576574326,0,-0.0132,0.0268
Conor Garland,VAN,8478856,4,0.0067953378893435,0.008142318576574326,0,-0.0132,0.0268
Conor Garland,VAN,8478856,5,0.006795572116971016,0.008142318576574326,0,-0.0132,0.0268
Conor Garland,VAN,8478856,6,0.0067957304418087006,0.008142318576574326,0,-0.0132,0.0268
Conor Garland,VAN,8478856,7,0.006795831490308046,0.008142318576574326,0,-0.0132,0.0268
Conor Garland,VAN,8478856,8,0.006795829627662897,0.008142318576574326,0,-0.0132,0.0268
Mark Stone,VGK,8475913,0,0.004560511559247971,0.0004896080936305225,0,-0.0154,0.0246
Mark Stone,VGK,8475913,1,0.004543936345726252,0.0004896080936305225,1,-0.0155,0.0245
Mark Stone,VGK,8475913,2,0.004537708126008511,0.0004896080936305225,4,-0.0055,0.0145
Mark Stone,VGK,8475913,3,0.004573244135826826,0.0004896080936305225,0,-0.0154,0.0246
Mark Stone,VGK,8475913,4,0.004608274903148413,0.0004896080936305225,0,-0.0154,0.0246
Mark Stone,VGK,8475913,5,0.0046440907754004,0.0004896080936305225,0,-0.0154,0.0246
Mark Stone,VGK,8475913,6,0.004679832607507706,0.0004896080936305225,0,-0.0153,0.0247
Mark Stone,VGK,8475913,7,0.00471552275121212,0.0004896080936305225,3,-0.0068,0.0162
Mark Stone,VGK,8475913,8,0.004695079289376736,0.0004896080936305225,2,-0.0094,0.0188
Victor Olofsson,COL,8478109,0,-0.00075321871554479,0.001357827102765441,0,-0.0208,0.0192
Victor Olofsson,COL,8478109,1,-0.0007526316912844777,0.001357827102765441,0,-0.0208,0.0192
Victor Olofsson,COL,8478109,2,-0.0007520696381106973,0.001357827102765441,0,-0.0208,0.0192
Victor Olofsson,COL,8478109,3,-0.0007521237712353468,0.001357827102765441,0,-0.0208,0.0192
Victor Olofsson,COL,8478109,4,-0.0007526858244091272,0.001357827102765441,0,-0.0208,0.0192
Victor Olofsson,COL,8478109,5,-0.0007524623651988804,0.001357827102765441,0,-0.0208,0.0192
Victor Olofsson,COL,8478109,6,-0.0007523141684941947,0.001357827102765441,0,-0.0208,0.0192
Victor Olofsson,COL,8478109,7,-0.0007522170781157911,0.001357827102765441,0,-0.0208,0.0192
Victor Olofsson,COL,8478109,8,-0.0007522230735048652,0.001357827102765441,0,-0.0208,0.0192
Tomas Hertl,VGK,8476881,0,0.001264053862541914,0.001898538088425994,0,-0.0187,0.0213
Tomas Hertl,VGK,8476881,1,0.0011814062017947435,0.001898538088425994,1,-0.0188,0.0212
Tomas Hertl,VGK,8476881,2,0.0011151016224175692,0.001898538088425994,2,-0.013,0.0152
Tomas Hertl,VGK,8476881,3,0.0010603928240016103,0.001898538088425994,3,-0.0104,0.0126
Tomas Hertl,VGK,8476881,4,0.0009483256726525724,0.001898538088425994,1,-0.0191,0.0209
Tomas Hertl,VGK,8476881,5,0.0008487882441841066,0.001898538088425994,0,-0.0192,0.0208
Tomas Hertl,VGK,8476881,6,0.0007491764845326543,0.001898538088425994,0,-0.0193,0.0207
Tomas Hertl,VGK,8476881,7,0.0006495129782706499,0.001898538088425994,4,-0.0094,0.0106
Tomas Hertl,VGK,8476881,8,0.0006169689004309475,0.001898538088425994,3,-0.0109,0.0121
Alexander Holtz,VGK,8482125,0,-0.003248186083510518,-0.002863172674551606,0,-0.0232,0.0168
Alexander Holtz,VGK,8482125,1,-0.003247615182772279,-0.002863172674551606,0,-0.0232,0.0168
Alexander Holtz,VGK,8482125,2,-0.003247068030759692,-0.002863172674551606,0,-0.0232,0.0168
Alexander Holtz,VGK,8482125,3,-0.0032471350859850645,-0.002863172674551606,0,-0.0232,0.0168
Alexander Holtz,VGK,8482125,4,-0.0032477062195539474,-0.002863172674551606,0,-0.0232,0.0168
Alexander Holtz,VGK,8482125,5,-0.0032474915497004986,-0.002863172674551606,0,-0.0232,0.0168
Alexander Holtz,VGK,8482125,6,-0.003247347893193364,-0.002863172674551606,0,-0.0232,0.0168
Alexander Holtz,VGK,8482125,7,-0.0032472549937665462,-0.002863172674551606,0,-0.0232,0.0168
Alexander Holtz,VGK,8482125,8,-0.003247261978685856,-0.002863172674551606,0,-0.0232,0.0168
Ivan Barbashev,VGK,8477964,0,-0.0005585802136920393,-0.0015962450997903943,0,-0.0206,0.0194
Ivan Barbashev,VGK,8477964,1,-0.0005837262724526227,-0.0015962450997903943,0,-0.0206,0.0194
Ivan Barbashev,VGK,8477964,2,-0.0006088961381465197,-0.0015962450997903943,2,-0.0147,0.0135
Ivan Barbashev,VGK,8477964,3,-0.0006123810890130699,-0.0015962450997903943,1,-0.0206,0.0194
Ivan Barbashev,VGK,8477964,4,-0.0006129491957835853,-0.0015962450997903943,0,-0.0206,0.0194
Ivan Barbashev,VGK,8477964,5,-0.0006127311498858035,-0.0015962450997903943,0,-0.0206,0.0194
Ivan Barbashev,VGK,8477964,6,-0.0006125859799794853,-0.0015962450997903943,0,-0.0206,0.0194
Ivan Barbashev,VGK,8477964,7,-0.0006124916253611445,-0.0015962450997903943,0,-0.0206,0.0194
Ivan Barbashev,VGK,8477964,8,-0.0006124979117885232,-0.0015962450997903943,0,-0.0206,0.0194
Nathan Walker,STL,8477573,0,-0.0009882766753435135,-0.0008296669693663716,0,-0.021,0.019
Nathan Walker,STL,8477573,1,-0.0009876976255327463,-0.0008296669693663716,0,-0.021,0.019
Nathan Walker,STL,8477573,2,-0.0009871430229395628,-0.0008296669693663716,0,-0.021,0.019
Nathan Walker,STL,8477573,3,-0.0009872028604149818,-0.0008296669693663716,0,-0.021,0.019
Nathan Walker,STL,8477573,4,-0.0009877701522782445,-0.0008296669693663716,0,-0.021,0.019
Nathan Walker,STL,8477573,5,-0.0009875503601506352,-0.0008296669693663716,0,-0.021,0.019
Nathan Walker,STL,8477573,6,-0.000987405190244317,-0.0008296669693663716,0,-0.021,0.019
Nathan Walker,STL,8477573,7,-0.0009873094968497753,-0.0008296669693663716,0,-0.021,0.019
Nathan Walker,STL,8477573,8,-0.000987316365353763,-0.0008296669693663716,0,-0.021,0.019
Colton Parayko,STL,8476892,0,-0.0025616867933422327,-0.0019280877895653248,0,-0.0226,0.0174
Colton Parayko,STL,8476892,1,-0.002561113564297557,-0.0019280877895653248,0,-0.0226,0.0174
Colton Parayko,STL,8476892,2,-0.0025605647824704647,-0.0019280877895653248,0,-0.0226,0.0174
Colton Parayko,STL,8476892,3,-0.002560629276558757,-0.0019280877895653248,0,-0.0226,0.0174
Colton Parayko,STL,8476892,4,-0.0025612004101276398,-0.0019280877895653248,0,-0.0226,0.0174
Colton Parayko,STL,8476892,5,-0.0025609838776290417,-0.0019280877895653248,0,-0.0226,0.0174
Colton Parayko,STL,8476892,6,-0.0025608399882912636,-0.0019280877895653248,0,-0.0226,0.0174
Colton Parayko,STL,8476892,7,-0.002560746856033802,-0.0019280877895653248,0,-0.0226,0.0174
Colton Parayko,STL,8476892,8,-0.0025607524439692497,-0.0019280877895653248,0,-0.0226,0.0174
Ryan Suter,,8470600,0,-0.0004951026639901102,-0.0005391302984207869,0,-0.0205,0.0195
Ryan Suter,,8470600,1,-0.0004945217515341938,-0.0005391302984207869,0,-0.0205,0.0195
Ryan Suter,,8470600,2,-0.0004939648206345737,-0.0005391302984207869,0,-0.0205,0.0195
Ryan Suter,,8470600,3,-0.0004940233775414526,-0.0005391302984207869,0,-0.0205,0.0195
Ryan Suter,,8470600,4,-0.0004945889813825488,-0.0005391302984207869,0,-0.0205,0.0195
Ryan Suter,,8470600,5,-0.0004943685489706695,-0.0005391302984207869,0,-0.0205,0.0195
Ryan Suter,,8470600,6,-0.000494222273118794,-0.0005391302984207869,0,-0.0205,0.0195
Ryan Suter,,8470600,7,-0.000494126696139574,-0.0005391302984207869,0,-0.0205,0.0195
Ryan Suter,,8470600,8,-0.0004941329243592918,-0.0005391302984207869,0,-0.0205,0.0195
Dylan Holloway,STL,8482077,0,0.011030536144971848,0.006669321563094854,0,-0.009,0.031
Dylan Holloway,STL,8482077,1,0.011031154543161392,0.006669321563094854,0,-0.009,0.031
Dylan Holloway,STL,8482077,2,0.011031738482415676,0.006669321563094854,0,-0.009,0.031
Dylan Holloway,STL,8482077,3,0.01103170681744814,0.006669321563094854,0,-0.009,0.031
Dylan Holloway,STL,8482077,4,0.01103116199374199,0.006669321563094854,0,-0.009,0.031
Dylan Holloway,STL,8482077,5,0.011031395755708218,0.006669321563094854,0,-0.009,0.031
Dylan Holloway,STL,8482077,6,0.011031555011868477,0.006669321563094854,0,-0.009,0.031
Dylan Holloway,STL,8482077,7,0.01103165652602911,0.006669321563094854,0,-0.009,0.031
Dylan Holloway,STL,8482077,8,0.011031651869416237,0.006669321563094854,0,-0.009,0.031
Tyler Toffoli,SJS,8475726,0,0.004328148439526558,0.0038251003716140985,0,-0.0157,0.0243
Tyler Toffoli,SJS,8475726,1,0.004328742157667875,0.0038251003716140985,0,-0.0157,0.0243
Tyler Toffoli,SJS,8475726,2,0.004329309798777103,0.0038251003716140985,0,-0.0157,0.0243
Tyler Toffoli,SJS,8475726,3,0.004329259507358074,0.0038251003716140985,0,-0.0157,0.0243
Tyler Toffoli,SJS,8475726,4,0.004328702110797167,0.0038251003716140985,0,-0.0157,0.0243
Tyler Toffoli,SJS,8475726,5,0.004328928422182798,0.0038251003716140985,0,-0.0157,0.0243
Tyler Toffoli,SJS,8475726,6,0.004329078830778599,0.0038251003716140985,0,-0.0157,0.0243
Tyler Toffoli,SJS,8475726,7,0.004329176619648933,0.0038251003716140985,0,-0.0157,0.0243
Tyler Toffoli,SJS,8475726,8,0.004329171497374773,0.0038251003716140985,0,-0.0157,0.0243
Mikael Granlund,ANA,8475798,0,0.015208728611469269,0.008435074239969254,0,-0.0048,0.0352
Mikael Granlund,ANA,8475798,1,0.015165604650974274,0.008435074239969254,2,0.0011,0.0293
Mikael Granlund,ANA,8475798,2,0.015154741704463959,0.008435074239969254,0,-0.0048,0.0352
Mikael Granlund,ANA,8475798,3,0.015143265016376972,0.008435074239969254,1,-0.0049,0.0351
Mikael Granlund,ANA,8475798,4,0.015142709948122501,0.008435074239969254,0,-0.0049,0.0351
Mikael Granlund,ANA,8475798,5,0.015142946504056454,0.008435074239969254,0,-0.0049,0.0351
Mikael Granlund,ANA,8475798,6,0.015143096446990967,0.008435074239969254,0,-0.0049,0.0351
Mikael Granlund,ANA,8475798,7,0.015143201686441898,0.008435074239969254,0,-0.0049,0.0351
Mikael Granlund,ANA,8475798,8,0.015143193304538727,0.008435074239969254,0,-0.0049,0.0351
Jonathan Huberdeau,CGY,8476456,0,0.00989125669002533,0.010763874277472496,0,-0.0101,0.0299
Jonathan Huberdeau,CGY,8476456,1,0.009891865774989128,0.010763874277472496,0,-0.0101,0.0299
Jonathan Huberdeau,CGY,8476456,2,0.009892462752759457,0.010763874277472496,0,-0.0101,0.0299
Jonathan Huberdeau,CGY,8476456,3,0.009892425499856472,0.010763874277472496,0,-0.0101,0.0299
Jonathan Huberdeau,CGY,8476456,4,0.009891888126730919,0.010763874277472496,0,-0.0101,0.0299
Jonathan Huberdeau,CGY,8476456,5,0.009892120957374573,0.010763874277472496,0,-0.0101,0.0299
Jonathan Huberdeau,CGY,8476456,6,0.009892283007502556,0.010763874277472496,0,-0.0101,0.0299
Jonathan Huberdeau,CGY,8476456,7,0.009892387315630913,0.010763874277472496,0,-0.0101,0.0299
Jonathan Huberdeau,CGY,8476456,8,0.009892379865050316,0.010763874277472496,0,-0.0101,0.0299
Nick Foligno,CHI,8473422,0,-0.0037975567393004894,-0.0029665676411241293,0,-0.0238,0.0162
Nick Foligno,CHI,8473422,1,-0.003796987934038043,-0.0029665676411241293,0,-0.0238,0.0162
Nick Foligno,CHI,8473422,2,-0.0037964400835335255,-0.0029665676411241293,0,-0.0238,0.0162
Nick Foligno,CHI,8473422,3,-0.0037965066730976105,-0.0029665676411241293,0,-0.0238,0.0162
Nick Foligno,CHI,8473422,4,-0.0037970799021422863,-0.0029665676411241293,0,-0.0238,0.0162
Nick Foligno,CHI,8473422,5,-0.003796863602474332,-0.0029665676411241293,0,-0.0238,0.0162
Nick Foligno,CHI,8473422,6,-0.003796722274273634,-0.0029665676411241293,0,-0.0238,0.0162
Nick Foligno,CHI,8473422,7,-0.0037966270465403795,-0.0029665676411241293,0,-0.0238,0.0162
Nick Foligno,CHI,8473422,8,-0.0037966356612741947,-0.0029665676411241293,0,-0.0238,0.0162
Brandt Clarke,LAK,8482730,0,-0.008850181475281715,-0.006263858638703823,0,-0.0289,0.0111
Brandt Clarke,LAK,8482730,1,-0.008858886547386646,-0.006263858638703823,1,-0.0289,0.0111
Brandt Clarke,LAK,8482730,2,-0.008858353830873966,-0.006263858638703823,0,-0.0289,0.0111
Brandt Clarke,LAK,8482730,3,-0.008858433924615383,-0.006263858638703823,0,-0.0289,0.0111
Brandt Clarke,LAK,8482730,4,-0.008859017863869667,-0.006263858638703823,0,-0.0289,0.0111
Brandt Clarke,LAK,8482730,5,-0.008858809247612953,-0.006263858638703823,0,-0.0289,0.0111
Brandt Clarke,LAK,8482730,6,-0.00885867327451706,-0.006263858638703823,0,-0.0289,0.0111
Brandt Clarke,LAK,8482730,7,-0.008858582936227322,-0.006263858638703823,0,-0.0289,0.0111
Brandt Clarke,LAK,8482730,8,-0.008858592249453068,-0.006263858638703823,0,-0.0289,0.0111
Charlie Coyle,CBJ,8475745,0,0.004660263191908598,0.0011310254922136664,0,-0.0153,0.0247
Charlie Coyle,CBJ,8475745,1,0.004660850390791893,0.0011310254922136664,0,-0.0153,0.0247
Charlie Coyle,CBJ,8475745,2,0.004661412909626961,0.0011310254922136664,0,-0.0153,0.0247
Charlie Coyle,CBJ,8475745,3,0.004661357495933771,0.0011310254922136664,0,-0.0153,0.0247
Charlie Coyle,CBJ,8475745,4,0.00466079730540514,0.0011310254922136664,0,-0.0153,0.0247
Charlie Coyle,CBJ,8475745,5,0.004661019425839186,0.0011310254922136664,0,-0.0153,0.0247
Charlie Coyle,CBJ,8475745,6,0.0046611689031124115,0.0011310254922136664,0,-0.0153,0.0247
Charlie Coyle,CBJ,8475745,7,0.004661263432353735,0.0011310254922136664,0,-0.0153,0.0247
Charlie Coyle,CBJ,8475745,8,0.004661260172724724,0.0011310254922136664,0,-0.0153,0.0247
Josh Manson,COL,8476312,0,-0.0012962499167770147,-0.0009424018790014088,0,-0.0213,0.0187
Josh Manson,COL,8476312,1,-0.0012956717982888222,-0.0009424018790014088,0,-0.0213,0.0187
Josh Manson,COL,8476312,2,-0.0012951174285262823,-0.0009424018790014088,0,-0.0213,0.0187
Josh Manson,COL,8476312,3,-0.0012951783137395978,-0.0009424018790014088,0,-0.0213,0.0187
Josh Manson,COL,8476312,4,-0.0012957457220181823,-0.0009424018790014088,0,-0.0213,0.0187
Josh Manson,COL,8476312,5,-0.0012955263955518603,-0.0009424018790014088,0,-0.0213,0.0187
Josh Manson,COL,8476312,6,-0.001295381342060864,-0.0009424018790014088,0,-0.0213,0.0187
Josh Manson,COL,8476312,7,-0.0012952859979122877,-0.0009424018790014088,0,-0.0213,0.0187
Josh Manson,COL,8476312,8,-0.0012952927500009537,-0.0009424018790014088,0,-0.0213,0.0187
Brett Leason,WSH,8481517,0,-0.0010892522986978292,-0.0011331135174259543,0,-0.0211,0.0189
Brett Leason,WSH,8481517,1,-0.0010886731324717402,-0.0011331135174259543,0,-0.0211,0.0189
Brett Leason,WSH,8481517,2,-0.0010881181806325912,-0.0011331135174259543,0,-0.0211,0.0189
Brett Leason,WSH,8481517,3,-0.001088178250938654,-0.0011331135174259543,0,-0.0211,0.0189
Brett Leason,WSH,8481517,4,-0.0010887450771406293,-0.0011331135174259543,0,-0.0211,0.0189
Brett Leason,WSH,8481517,5,-0.0010885254014283419,-0.0011331135174259543,0,-0.0211,0.0189
Brett Leason,WSH,8481517,6,-0.0010883801151067019,-0.0011331135174259543,0,-0.0211,0.0189
Brett Leason,WSH,8481517,7,-0.0010882846545428038,-0.0011331135174259543,0,-0.0211,0.0189
Brett Leason,WSH,8481517,8,-0.0010882910573855042,-0.0011331135174259543,0,-0.0211,0.0189
Matias Maccelli,TOR,8481711,0,-0.0037284453865140676,-0.003055989509448409,0,-0.0237,0.0163
Matias Maccelli,TOR,8481711,1,-0.0037278756499290466,-0.003055989509448409,0,-0.0237,0.0163
Matias Maccelli,TOR,8481711,2,-0.0037273289635777473,-0.003055989509448409,0,-0.0237,0.0163
Matias Maccelli,TOR,8481711,3,-0.0037273955531418324,-0.003055989509448409,0,-0.0237,0.0163
Matias Maccelli,TOR,8481711,4,-0.0037279678508639336,-0.003055989509448409,0,-0.0237,0.0163
Matias Maccelli,TOR,8481711,5,-0.0037277520168572664,-0.003055989509448409,0,-0.0237,0.0163
Matias Maccelli,TOR,8481711,6,-0.003727610455825925,-0.003055989509448409,0,-0.0237,0.0163
Matias Maccelli,TOR,8481711,7,-0.003727515460923314,-0.003055989509448409,0,-0.0237,0.0163
Matias Maccelli,TOR,8481711,8,-0.003727524308487773,-0.003055989509448409,0,-0.0237,0.0163
Claude Giroux,OTT,8473512,0,-0.006189453881233931,-0.0036077776458114386,1,-0.0262,0.0138
Claude Giroux,OTT,8473512,1,-0.0061919232830405235,-0.0036077776458114386,1,-0.0262,0.0138
Claude Giroux,OTT,8473512,2,-0.006191377993673086,-0.0036077776458114386,0,-0.0262,0.0138
Claude Giroux,OTT,8473512,3,-0.006191447842866182,-0.0036077776458114386,0,-0.0262,0.0138
Claude Giroux,OTT,8473512,4,-0.006192020606249571,-0.0036077776458114386,0,-0.0262,0.0138
Claude Giroux,OTT,8473512,5,-0.006191807333379984,-0.0036077776458114386,0,-0.0262,0.0138
Claude Giroux,OTT,8473512,6,-0.006191665306687355,-0.0036077776458114386,0,-0.0262,0.0138
Claude Giroux,OTT,8473512,7,-0.006191573105752468,-0.0036077776458114386,0,-0.0262,0.0138
Claude Giroux,OTT,8473512,8,-0.00619157962501049,-0.0036077776458114386,0,-0.0262,0.0138
Kaapo Kakko,SEA,8481554,0,0.009781265631318092,0.006887941155582666,0,-0.0102,0.0298
Kaapo Kakko,SEA,8481554,1,0.009781885892152786,0.006887941155582666,0,-0.0102,0.0298
Kaapo Kakko,SEA,8481554,2,0.009782477281987667,0.006887941155582666,0,-0.0102,0.0298
Kaapo Kakko,SEA,8481554,3,0.009782442823052406,0.006887941155582666,0,-0.0102,0.0298
Kaapo Kakko,SEA,8481554,4,0.009781906381249428,0.006887941155582666,0,-0.0102,0.0298
Kaapo Kakko,SEA,8481554,5,0.009782138280570507,0.006887941155582666,0,-0.0102,0.0298
Kaapo Kakko,SEA,8481554,6,0.009782303124666214,0.006887941155582666,0,-0.0102,0.0298
Kaapo Kakko,SEA,8481554,7,0.009782401844859123,0.006887941155582666,0,-0.0102,0.0298
Kaapo Kakko,SEA,8481554,8,0.009782402776181698,0.006887941155582666,0,-0.0102,0.0298
Jack Eichel,VGK,8478403,0,-0.026524709537625313,-0.016366057097911835,0,-0.0465,-0.0065
Jack Eichel,VGK,8478403,1,-0.02663133293390274,-0.016366057097911835,3,-0.0381,-0.0151
Jack Eichel,VGK,8478403,2,-0.02672119438648224,-0.016366057097911835,2,-0.0408,-0.0126
Jack Eichel,VGK,8478403,3,-0.026781899854540825,-0.016366057097911835,2,-0.0409,-0.0127
Jack Eichel,VGK,8478403,4,-0.02682577818632126,-0.016366057097911835,0,-0.0468,-0.0068
Jack Eichel,VGK,8478403,5,-0.02686885930597782,-0.016366057097911835,2,-0.041,-0.0128
Jack Eichel,VGK,8478403,6,-0.02690194733440876,-0.016366057097911835,0,-0.0469,-0.0069
Jack Eichel,VGK,8478403,7,-0.02693508006632328,-0.016366057097911835,2,-0.041,-0.0128
Jack Eichel,VGK,8478403,8,-0.026951273903250694,-0.016366057097911835,2,-0.0411,-0.0129
Shea Theodore,VGK,8477447,0,0.00933670625090599,0.0063937013037502766,0,-0.0107,0.0293
Shea Theodore,VGK,8477447,1,0.00939793512225151,0.0063937013037502766,1,-0.0106,0.0294
Shea Theodore,VGK,8477447,2,0.009463947266340256,0.0063937013037502766,1,-0.0105,0.0295
Shea Theodore,VGK,8477447,3,0.009534599259495735,0.0063937013037502766,2,-0.0046,0.0236
Shea Theodore,VGK,8477447,4,0.009619436226785183,0.0063937013037502766,1,-0.0104,0.0296
Shea Theodore,VGK,8477447,5,0.009610800072550774,0.0063937013037502766,0,-0.0104,0.0296
Shea Theodore,VGK,8477447,6,0.009602084755897522,0.0063937013037502766,0,-0.0104,0.0296
Shea Theodore,VGK,8477447,7,0.009593317285180092,0.0063937013037502766,0,-0.0104,0.0296
Shea Theodore,VGK,8477447,8,0.009584439918398857,0.0063937013037502766,1,-0.0104,0.0296
Miro Heiskanen,DAL,8480036,0,-0.005267540458589792,-0.005228335037827492,0,-0.0253,0.0147
Miro Heiskanen,DAL,8480036,1,-0.005187071859836578,-0.005228335037827492,3,-0.0167,0.0063
Miro Heiskanen,DAL,8480036,2,-0.0051865354180336,-0.005228335037827492,0,-0.0252,0.0148
Miro Heiskanen,DAL,8480036,3,-0.005186612252146006,-0.005228335037827492,0,-0.0252,0.0148
Miro Heiskanen,DAL,8480036,4,-0.0051871915347874165,-0.005228335037827492,0,-0.0252,0.0148
Miro Heiskanen,DAL,8480036,5,-0.005186981987208128,-0.005228335037827492,0,-0.0252,0.0148
Miro Heiskanen,DAL,8480036,6,-0.0051868450827896595,-0.005228335037827492,0,-0.0252,0.0148
Miro Heiskanen,DAL,8480036,7,-0.005186751484870911,-0.005228335037827492,0,-0.0252,0.0148
Miro Heiskanen,DAL,8480036,8,-0.005186761729419231,-0.005228335037827492,0,-0.0252,0.0148
Jason Robertson,DAL,8480027,0,0.02882375568151474,0.019471731036901474,0,0.0088,0.0488
Jason Robertson,DAL,8480027,1,0.028863050043582916,0.019471731036901474,5,0.02,0.0378
Jason Robertson,DAL,8480027,2,0.02886364981532097,0.019471731036901474,0,0.0089,0.0489
Jason Robertson,DAL,8480027,3,0.028863627463579178,0.019471731036901474,0,0.0089,0.0489
Jason Robertson,DAL,8480027,4,0.02886308915913105,0.019471731036901474,0,0.0089,0.0489
Jason Robertson,DAL,8480027,5,0.028863336890935898,0.019471731036901474,0,0.0089,0.0489
Jason Robertson,DAL,8480027,6,0.028863495215773582,0.019471731036901474,0,0.0089,0.0489
Jason Robertson,DAL,8480027,7,0.028863606974482536,0.019471731036901474,0,0.0089,0.0489
Jason Robertson,DAL,8480027,8,0.02886359766125679,0.019471731036901474,0,0.0089,0.0489
Jiri Kulich,BUF,8483468,0,-0.004495610948652029,-0.004390935879200697,0,-0.0245,0.0155
Jiri Kulich,BUF,8483468,1,-0.004495047964155674,-0.004390935879200697,0,-0.0245,0.0155
Jiri Kulich,BUF,8483468,2,-0.004494508728384972,-0.004390935879200697,0,-0.0245,0.0155
Jiri Kulich,BUF,8483468,3,-0.004494579508900642,-0.004390935879200697,0,-0.0245,0.0155
Jiri Kulich,BUF,8483468,4,-0.004495156928896904,-0.004390935879200697,0,-0.0245,0.0155
Jiri Kulich,BUF,8483468,5,-0.004494946449995041,-0.004390935879200697,0,-0.0245,0.0155
Jiri Kulich,BUF,8483468,6,-0.004494804888963699,-0.004390935879200697,0,-0.0245,0.0155
Jiri Kulich,BUF,8483468,7,-0.004494713619351387,-0.004390935879200697,0,-0.0245,0.0155
Jiri Kulich,BUF,8483468,8,-0.004494721069931984,-0.004390935879200697,0,-0.0245,0.0155
JJ Peterka,UTA,8482175,0,-0.0007914782036095858,0.00020227799541316926,0,-0.0208,0.0192
JJ Peterka,UTA,8482175,1,-0.0007978212088346481,0.00020227799541316926,1,-0.0208,0.0192
JJ Peterka,UTA,8482175,2,-0.0007972630555741489,0.00020227799541316926,0,-0.0208,0.0192
JJ Peterka,UTA,8482175,3,-0.0007973198662512004,0.00020227799541316926,0,-0.0208,0.0192
JJ Peterka,UTA,8482175,4,-0.0007978846551850438,0.00020227799541316926,0,-0.0208,0.0192
JJ Peterka,UTA,8482175,5,-0.0007976631168276072,0.00020227799541316926,0,-0.0208,0.0192
JJ Peterka,UTA,8482175,6,-0.0007975162588991225,0.00020227799541316926,0,-0.0208,0.0192
JJ Peterka,UTA,8482175,7,-0.0007974200998432934,0.00020227799541316926,0,-0.0208,0.0192
JJ Peterka,UTA,8482175,8,-0.0007974263862706721,0.00020227799541316926,0,-0.0208,0.0192
Zach Benson,BUF,8484145,0,0.0025837623979896307,8.113295734801795e-06,0,-0.0174,0.0226
Zach Benson,BUF,8484145,1,0.0026405241806060076,8.113295734801795e-06,0,-0.0174,0.0226
Zach Benson,BUF,8484145,2,0.0026972622144967318,8.113295734801795e-06,0,-0.0173,0.0227
Zach Benson,BUF,8484145,3,0.002753382781520486,8.113295734801795e-06,2,-0.0113,0.0169
Zach Benson,BUF,8484145,4,0.002819875255227089,8.113295734801795e-06,3,-0.0087,0.0143
Zach Benson,BUF,8484145,5,0.0028200980741530657,8.113295734801795e-06,0,-0.0172,0.0228
Zach Benson,BUF,8484145,6,0.0028202456887811422,8.113295734801795e-06,0,-0.0172,0.0228
Zach Benson,BUF,8484145,7,0.002820342779159546,8.113295734801795e-06,0,-0.0172,0.0228
Zach Benson,BUF,8484145,8,0.0028203362599015236,8.113295734801795e-06,0,-0.0172,0.0228
Tage Thompson,BUF,8479420,0,-0.011964356526732445,-0.007421121932566166,0,-0.032,0.008
Tage Thompson,BUF,8479420,1,-0.011972056701779366,-0.007421121932566166,5,-0.0209,-0.0031
Tage Thompson,BUF,8479420,2,-0.01194292027503252,-0.007421121932566166,2,-0.026,0.0022
Tage Thompson,BUF,8479420,3,-0.011904730461537838,-0.007421121932566166,2,-0.026,0.0022
Tage Thompson,BUF,8479420,4,-0.011845133267343044,-0.007421121932566166,5,-0.0207,-0.0029
Tage Thompson,BUF,8479420,5,-0.011844919063150883,-0.007421121932566166,0,-0.0318,0.0082
Tage Thompson,BUF,8479420,6,-0.011844780296087265,-0.007421121932566166,0,-0.0318,0.0082
Tage Thompson,BUF,8479420,7,-0.011844686232507229,-0.007421121932566166,0,-0.0318,0.0082
Tage Thompson,BUF,8479420,8,-0.0118446946144104,-0.007421121932566166,0,-0.0318,0.0082
Brayden Schenn,STL,8475170,0,0.004705240949988365,0.0009920865995809436,0,-0.0153,0.0247
Brayden Schenn,STL,8475170,1,0.004705829080194235,0.0009920865995809436,0,-0.0153,0.0247
Brayden Schenn,STL,8475170,2,0.004706390667706728,0.0009920865995809436,0,-0.0153,0.0247
Brayden Schenn,STL,8475170,3,0.004706337116658688,0.0009920865995809436,0,-0.0153,0.0247
Brayden Schenn,STL,8475170,4,0.004705776460468769,0.0009920865995809436,0,-0.0153,0.0247
Brayden Schenn,STL,8475170,5,0.00470599764958024,0.0009920865995809436,0,-0.0153,0.0247
Brayden Schenn,STL,8475170,6,0.004706148523837328,0.0009920865995809436,0,-0.0153,0.0247
Brayden Schenn,STL,8475170,7,0.004706243518739939,0.0009920865995809436,0,-0.0153,0.0247
Brayden Schenn,STL,8475170,8,0.004706239327788353,0.0009920865995809436,0,-0.0153,0.0247
Maxim Tsyplakov,NJD,8484958,0,-0.0030634268186986446,-0.0031063116621226072,0,-0.0231,0.0169
Maxim Tsyplakov,NJD,8484958,1,-0.0030628584790974855,-0.0031063116621226072,0,-0.0231,0.0169
Maxim Tsyplakov,NJD,8484958,2,-0.0030623148195445538,-0.0031063116621226072,0,-0.0231,0.0169
Maxim Tsyplakov,NJD,8484958,3,-0.0030623823404312134,-0.0031063116621226072,0,-0.0231,0.0169
Maxim Tsyplakov,NJD,8484958,4,-0.003062956966459751,-0.0031063116621226072,0,-0.0231,0.0169
Maxim Tsyplakov,NJD,8484958,5,-0.003062742529436946,-0.0031063116621226072,0,-0.0231,0.0169
Maxim Tsyplakov,NJD,8484958,6,-0.003062601201236248,-0.0031063116621226072,0,-0.0231,0.0169
Maxim Tsyplakov,NJD,8484958,7,-0.0030625073704868555,-0.0031063116621226072,0,-0.0231,0.0169
Maxim Tsyplakov,NJD,8484958,8,-0.003062515752390027,-0.0031063116621226072,0,-0.0231,0.0169
Cole Smith,VGK,8482062,0,-0.0038051865994930267,-0.0032392891589552164,0,-0.0238,0.0162
Cole Smith,VGK,8482062,1,-0.0038046231493353844,-0.0032392891589552164,0,-0.0238,0.0162
Cole Smith,VGK,8482062,2,-0.00380407995544374,-0.0032392891589552164,0,-0.0238,0.0162
Cole Smith,VGK,8482062,3,-0.0038041523657739162,-0.0032392891589552164,0,-0.0238,0.0162
Cole Smith,VGK,8482062,4,-0.003804726991802454,-0.0032392891589552164,0,-0.0238,0.0162
Cole Smith,VGK,8482062,5,-0.0038045148830860853,-0.0032392891589552164,0,-0.0238,0.0162
Cole Smith,VGK,8482062,6,-0.0038043735548853874,-0.0032392891589552164,0,-0.0238,0.0162
Cole Smith,VGK,8482062,7,-0.0038042825181037188,-0.0032392891589552164,0,-0.0238,0.0162
Cole Smith,VGK,8482062,8,-0.0038042888045310974,-0.0032392891589552164,0,-0.0238,0.0162
Fabian Zetterlund,OTT,8480188,0,0.00904819741845131,0.0074482448399066925,0,-0.011,0.029
Fabian Zetterlund,OTT,8480188,1,0.00904881116002798,0.0074482448399066925,0,-0.011,0.029
Fabian Zetterlund,OTT,8480188,2,0.009049398824572563,0.0074482448399066925,0,-0.011,0.029
Fabian Zetterlund,OTT,8480188,3,0.009049364365637302,0.0074482448399066925,0,-0.011,0.029
Fabian Zetterlund,OTT,8480188,4,0.00904882326722145,0.0074482448399066925,0,-0.011,0.029
Fabian Zetterlund,OTT,8480188,5,0.009049054235219955,0.0074482448399066925,0,-0.011,0.029
Fabian Zetterlund,OTT,8480188,6,0.009049216285347939,0.0074482448399066925,0,-0.011,0.029
Fabian Zetterlund,OTT,8480188,7,0.009049317799508572,0.0074482448399066925,0,-0.011,0.029
Fabian Zetterlund,OTT,8480188,8,0.009049315005540848,0.0074482448399066925,0,-0.011,0.029
Sean Couturier,PHI,8476461,0,-0.0067732082679867744,-0.005531940143555403,0,-0.0268,0.0132
Sean Couturier,PHI,8476461,1,-0.006777700036764145,-0.005531940143555403,1,-0.0268,0.0132
Sean Couturier,PHI,8476461,2,-0.0067771621979773045,-0.005531940143555403,0,-0.0268,0.0132
Sean Couturier,PHI,8476461,3,-0.006777234375476837,-0.005531940143555403,0,-0.0268,0.0132
Sean Couturier,PHI,8476461,4,-0.006777812261134386,-0.005531940143555403,0,-0.0268,0.0132
Sean Couturier,PHI,8476461,5,-0.006777600385248661,-0.005531940143555403,0,-0.0268,0.0132
Sean Couturier,PHI,8476461,6,-0.006777462083846331,-0.005531940143555403,0,-0.0268,0.0132
Sean Couturier,PHI,8476461,7,-0.006777369417250156,-0.005531940143555403,0,-0.0268,0.0132
Sean Couturier,PHI,8476461,8,-0.006777377799153328,-0.005531940143555403,0,-0.0268,0.0132
Martin Necas,COL,8480039,0,0.0021456575486809015,0.003816296113654971,0,-0.0179,0.0221
Martin Necas,COL,8480039,1,0.0020435156766325235,0.003816296113654971,2,-0.0121,0.0161
Martin Necas,COL,8480039,2,0.0019600719679147005,0.003816296113654971,0,-0.018,0.022
Martin Necas,COL,8480039,3,0.0018760086968541145,0.003816296113654971,5,-0.007,0.0108
Martin Necas,COL,8480039,4,0.0018346733413636684,0.003816296113654971,0,-0.0182,0.0218
Martin Necas,COL,8480039,5,0.0017941193655133247,0.003816296113654971,2,-0.0123,0.0159
Martin Necas,COL,8480039,6,0.001780051621608436,0.003816296113654971,1,-0.0182,0.0218
Martin Necas,COL,8480039,7,0.0017801502253860235,0.003816296113654971,0,-0.0182,0.0218
Martin Necas,COL,8480039,8,0.001780145918019116,0.003816296113654971,0,-0.0182,0.0218
Jack Roslovic,EDM,8478458,0,0.0034207687713205814,0.0005798977217637002,0,-0.0166,0.0234
Jack Roslovic,EDM,8478458,1,0.0034213552717119455,0.0005798977217637002,0,-0.0166,0.0234
Jack Roslovic,EDM,8478458,2,0.003421915927901864,0.0005798977217637002,0,-0.0166,0.0234
Jack Roslovic,EDM,8478458,3,0.0034218605142086744,0.0005798977217637002,0,-0.0166,0.0234
Jack Roslovic,EDM,8478458,4,0.0034212982282042503,0.0005798977217637002,0,-0.0166,0.0234
Jack Roslovic,EDM,8478458,5,0.0034215205814689398,0.0005798977217637002,0,-0.0166,0.0234
Jack Roslovic,EDM,8478458,6,0.0034216688945889473,0.0005798977217637002,0,-0.0166,0.0234
Jack Roslovic,EDM,8478458,7,0.00342176528647542,0.0005798977217637002,0,-0.0166,0.0234
Jack Roslovic,EDM,8478458,8,0.0034217590000480413,0.0005798977217637002,0,-0.0166,0.0234
Sean Walker,CAR,8480336,0,-0.007905380800366402,-0.005898927804082632,0,-0.0279,0.0121
Sean Walker,CAR,8480336,1,-0.007916778326034546,-0.005898927804082632,0,-0.0279,0.0121
Sean Walker,CAR,8480336,2,-0.007928196340799332,-0.005898927804082632,0,-0.0279,0.0121
Sean Walker,CAR,8480336,3,-0.00794022623449564,-0.005898927804082632,0,-0.0279,0.0121
Sean Walker,CAR,8480336,4,-0.007952759973704815,-0.005898927804082632,0,-0.028,0.012
Sean Walker,CAR,8480336,5,-0.007964503951370716,-0.005898927804082632,0,-0.028,0.012
Sean Walker,CAR,8480336,6,-0.007976319640874863,-0.005898927804082632,0,-0.028,0.012
Sean Walker,CAR,8480336,7,-0.007988180965185165,-0.005898927804082632,1,-0.028,0.012
Sean Walker,CAR,8480336,8,-0.007988189347088337,-0.005898927804082632,0,-0.028,0.012
Shayne Gostisbehere,CAR,8476906,0,0.0019747260957956314,0.0022228772286325693,0,-0.018,0.022
Shayne Gostisbehere,CAR,8476906,1,0.0019036452285945415,0.0022228772286325693,1,-0.0181,0.0219
Shayne Gostisbehere,CAR,8476906,2,0.0018401436973363161,0.0022228772286325693,0,-0.0182,0.0218
Shayne Gostisbehere,CAR,8476906,3,0.0017760260961949825,0.0022228772286325693,3,-0.0097,0.0133
Shayne Gostisbehere,CAR,8476906,4,0.0017325221560895443,0.0022228772286325693,0,-0.0183,0.0217
Shayne Gostisbehere,CAR,8476906,5,0.0016898051835596561,0.0022228772286325693,0,-0.0183,0.0217
Shayne Gostisbehere,CAR,8476906,6,0.0016470110276713967,0.0022228772286325693,3,-0.0099,0.0131
Shayne Gostisbehere,CAR,8476906,7,0.0016275636153295636,0.0022228772286325693,0,-0.0184,0.0216
Shayne Gostisbehere,CAR,8476906,8,0.0016080124769359827,0.0022228772286325693,3,-0.0099,0.0131
Henry Thrun,TOR,8481567,0,-0.0005220100283622742,-0.0005660282331518829,0,-0.0205,0.0195
Henry Thrun,TOR,8481567,1,-0.0005214290576986969,-0.0005660282331518829,0,-0.0205,0.0195
Henry Thrun,TOR,8481567,2,-0.0005208724178373814,-0.0005660282331518829,0,-0.0205,0.0195
Henry Thrun,TOR,8481567,3,-0.000520931149367243,-0.0005660282331518829,0,-0.0205,0.0195
Henry Thrun,TOR,8481567,4,-0.0005214967532083392,-0.0005660282331518829,0,-0.0205,0.0195
Henry Thrun,TOR,8481567,5,-0.0005212764372117817,-0.0005660282331518829,0,-0.0205,0.0195
Henry Thrun,TOR,8481567,6,-0.0005211299867369235,-0.0005660282331518829,0,-0.0205,0.0195
Henry Thrun,TOR,8481567,7,-0.0005210345261730254,-0.0005660282331518829,0,-0.0205,0.0195
Henry Thrun,TOR,8481567,8,-0.0005210406961850822,-0.0005660282331518829,0,-0.0205,0.0195
Parker Kelly,COL,8480448,0,-0.0035788414534181356,-0.002410597400739789,0,-0.0236,0.0164
Parker Kelly,COL,8480448,1,-0.0035827134270220995,-0.002410597400739789,1,-0.0236,0.0164
Parker Kelly,COL,8480448,2,-0.0035821665078401566,-0.002410597400739789,0,-0.0236,0.0164
Parker Kelly,COL,8480448,3,-0.003582232166081667,-0.002410597400739789,0,-0.0236,0.0164
Parker Kelly,COL,8480448,4,-0.003582803998142481,-0.002410597400739789,0,-0.0236,0.0164
Parker Kelly,COL,8480448,5,-0.0035825883969664574,-0.002410597400739789,0,-0.0236,0.0164
Parker Kelly,COL,8480448,6,-0.0035824456717818975,-0.002410597400739789,0,-0.0236,0.0164
Parker Kelly,COL,8480448,7,-0.0035823520738631487,-0.002410597400739789,0,-0.0236,0.0164
Parker Kelly,COL,8480448,8,-0.0035823590587824583,-0.002410597400739789,0,-0.0236,0.0164
Pavel Mintyukov,ANA,8483490,0,-0.0022011601831763983,-0.0015296624042093754,0,-0.0222,0.0178
Pavel Mintyukov,ANA,8483490,1,-0.002200583927333355,-0.0015296624042093754,0,-0.0222,0.0178
Pavel Mintyukov,ANA,8483490,2,-0.0022000328171998262,-0.0015296624042093754,0,-0.0222,0.0178
Pavel Mintyukov,ANA,8483490,3,-0.0022000952158123255,-0.0015296624042093754,0,-0.0222,0.0178
Pavel Mintyukov,ANA,8483490,4,-0.0022006649523973465,-0.0015296624042093754,0,-0.0222,0.0178
Pavel Mintyukov,ANA,8483490,5,-0.002200446557253599,-0.0015296624042093754,0,-0.0222,0.0178
Pavel Mintyukov,ANA,8483490,6,-0.002200302667915821,-0.0015296624042093754,0,-0.0222,0.0178
Pavel Mintyukov,ANA,8483490,7,-0.0022002076730132103,-0.0015296624042093754,0,-0.0222,0.0178
Pavel Mintyukov,ANA,8483490,8,-0.002200215356424451,-0.0015296624042093754,0,-0.0222,0.0178
Leo Carlsson,ANA,8484153,0,-0.0058054630644619465,0.001132623408921063,0,-0.0258,0.0142
Leo Carlsson,ANA,8484153,1,-0.00587423425167799,0.001132623408921063,3,-0.0174,0.0056
Leo Carlsson,ANA,8484153,2,-0.005910255014896393,0.001132623408921063,0,-0.0259,0.0141
Leo Carlsson,ANA,8484153,3,-0.005946888122707605,0.001132623408921063,5,-0.0148,0.003
Leo Carlsson,ANA,8484153,4,-0.005947450641542673,0.001132623408921063,0,-0.0259,0.0141
Leo Carlsson,ANA,8484153,5,-0.0059472257271409035,0.001132623408921063,0,-0.0259,0.0141
Leo Carlsson,ANA,8484153,6,-0.005947077181190252,0.001132623408921063,0,-0.0259,0.0141
Leo Carlsson,ANA,8484153,7,-0.005946979857981205,0.001132623408921063,0,-0.0259,0.0141
Leo Carlsson,ANA,8484153,8,-0.005946984048932791,0.001132623408921063,0,-0.0259,0.0141
Trevor Zegras,PHI,8481533,0,-6.852021761005744e-05,-0.0012729454319924116,0,-0.0201,0.0199
Trevor Zegras,PHI,8481533,1,-6.794699584133923e-05,-0.0012729454319924116,0,-0.0201,0.0199
Trevor Zegras,PHI,8481533,2,-6.739718082826585e-05,-0.0012729454319924116,0,-0.0201,0.0199
Trevor Zegras,PHI,8481533,3,-6.74614348099567e-05,-0.0012729454319924116,0,-0.0201,0.0199
Trevor Zegras,PHI,8481533,4,-6.803181895520538e-05,-0.0012729454319924116,0,-0.0201,0.0199
Trevor Zegras,PHI,8481533,5,-6.781512638553977e-05,-0.0012729454319924116,0,-0.0201,0.0199
Trevor Zegras,PHI,8481533,6,-6.767129525542259e-05,-0.0012729454319924116,0,-0.0201,0.0199
Trevor Zegras,PHI,8481533,7,-6.757727533113211e-05,-0.0012729454319924116,0,-0.0201,0.0199
Trevor Zegras,PHI,8481533,8,-6.75840419717133e-05,-0.0012729454319924116,0,-0.0201,0.0199
J.J. Moser,TBL,8482655,0,-0.0006199161289259791,-0.0004625411529559642,0,-0.0206,0.0194
J.J. Moser,TBL,8482655,1,-0.0006193352746777236,-0.0004625411529559642,0,-0.0206,0.0194
J.J. Moser,TBL,8482655,2,-0.0006187784601934254,-0.0004625411529559642,0,-0.0206,0.0194
J.J. Moser,TBL,8482655,3,-0.0006188367842696607,-0.0004625411529559642,0,-0.0206,0.0194
J.J. Moser,TBL,8482655,4,-0.0006194026209414005,-0.0004625411529559642,0,-0.0206,0.0194
J.J. Moser,TBL,8482655,5,-0.0006191820721141994,-0.0004625411529559642,0,-0.0206,0.0194
J.J. Moser,TBL,8482655,6,-0.000619035679847002,-0.0004625411529559642,0,-0.0206,0.0194
J.J. Moser,TBL,8482655,7,-0.000618940161075443,-0.0004625411529559642,0,-0.0206,0.0194
J.J. Moser,TBL,8482655,8,-0.0006189459818415344,-0.0004625411529559642,0,-0.0206,0.0194
Mark Jankowski,CAR,8476873,0,-0.003497856203466654,-0.002396391937509179,0,-0.0235,0.0165
Mark Jankowski,CAR,8476873,1,-0.0035162996500730515,-0.002396391937509179,1,-0.0235,0.0165
Mark Jankowski,CAR,8476873,2,-0.003525657346472144,-0.002396391937509179,2,-0.0176,0.0106
Mark Jankowski,CAR,8476873,3,-0.0035257237032055855,-0.002396391937509179,0,-0.0235,0.0165
Mark Jankowski,CAR,8476873,4,-0.003526295069605112,-0.002396391937509179,0,-0.0235,0.0165
Mark Jankowski,CAR,8476873,5,-0.003526079235598445,-0.002396391937509179,0,-0.0235,0.0165
Mark Jankowski,CAR,8476873,6,-0.003525935811921954,-0.002396391937509179,0,-0.0235,0.0165
Mark Jankowski,CAR,8476873,7,-0.0035258422140032053,-0.002396391937509179,0,-0.0235,0.0165
Mark Jankowski,CAR,8476873,8,-0.003525849198922515,-0.002396391937509179,0,-0.0235,0.0165
John Carlson,WSH,8474590,0,-0.017537066712975502,-0.012727364897727966,0,-0.0375,0.0025
John Carlson,WSH,8474590,1,-0.01756034791469574,-0.012727364897727966,0,-0.0376,0.0024
John Carlson,WSH,8474590,2,-0.017583658918738365,-0.012727364897727966,1,-0.0376,0.0024
John Carlson,WSH,8474590,3,-0.01759921759366989,-0.012727364897727966,3,-0.0291,-0.0061
John Carlson,WSH,8474590,4,-0.017599819228053093,-0.012727364897727966,0,-0.0376,0.0024
John Carlson,WSH,8474590,5,-0.017599623650312424,-0.012727364897727966,0,-0.0376,0.0024
John Carlson,WSH,8474590,6,-0.017599498853087425,-0.012727364897727966,0,-0.0376,0.0024
John Carlson,WSH,8474590,7,-0.017599407583475113,-0.012727364897727966,0,-0.0376,0.0024
John Carlson,WSH,8474590,8,-0.017599426209926605,-0.012727364897727966,0,-0.0376,0.0024
Alex Ovechkin,WSH,8471214,0,0.009138058871030807,0.013286174274981022,0,-0.0109,0.0291
Alex Ovechkin,WSH,8471214,1,0.009138677269220352,0.013286174274981022,0,-0.0109,0.0291
Alex Ovechkin,WSH,8471214,2,0.009139268659055233,0.013286174274981022,0,-0.0109,0.0291
Alex Ovechkin,WSH,8471214,3,0.009139236994087696,0.013286174274981022,0,-0.0109,0.0291
Alex Ovechkin,WSH,8471214,4,0.00913869496434927,0.013286174274981022,0,-0.0109,0.0291
Alex Ovechkin,WSH,8471214,5,0.009138934314250946,0.013286174274981022,0,-0.0109,0.0291
Alex Ovechkin,WSH,8471214,6,0.009139090776443481,0.013286174274981022,0,-0.0109,0.0291
Alex Ovechkin,WSH,8471214,7,0.009139194153249264,0.013286174274981022,0,-0.0109,0.0291
Alex Ovechkin,WSH,8471214,8,0.00913919135928154,0.013286174274981022,0,-0.0109,0.0291
Jakob Chychrun,WSH,8479345,0,0.00013802331523038447,-0.0019434039713814855,0,-0.0199,0.0201
Jakob Chychrun,WSH,8479345,1,0.0001386002404615283,-0.0019434039713814855,0,-0.0199,0.0201
Jakob Chychrun,WSH,8479345,2,0.00013915347517468035,-0.0019434039713814855,0,-0.0199,0.0201
Jakob Chychrun,WSH,8479345,3,0.00013909165863879025,-0.0019434039713814855,0,-0.0199,0.0201
Jakob Chychrun,WSH,8479345,4,0.00013852366828359663,-0.0019434039713814855,0,-0.0199,0.0201
Jakob Chychrun,WSH,8479345,5,0.0001387420343235135,-0.0019434039713814855,0,-0.0199,0.0201
Jakob Chychrun,WSH,8479345,6,0.00013888727698940784,-0.0019434039713814855,0,-0.0199,0.0201
Jakob Chychrun,WSH,8479345,7,0.00013898171891923994,-0.0019434039713814855,0,-0.0199,0.0201
Jakob Chychrun,WSH,8479345,8,0.0001389754470437765,-0.0019434039713814855,0,-0.0199,0.0201
Travis Sanheim,PHI,8477948,0,0.0016021906631067395,0.00032419111812487245,0,-0.0184,0.0216
Travis Sanheim,PHI,8477948,1,0.0015761877875775099,0.00032419111812487245,2,-0.0125,0.0157
Travis Sanheim,PHI,8477948,2,0.0015711038140580058,0.00032419111812487245,0,-0.0184,0.0216
Travis Sanheim,PHI,8477948,3,0.00156540353782475,0.00032419111812487245,1,-0.0184,0.0216
Travis Sanheim,PHI,8477948,4,0.0015648403204977512,0.00032419111812487245,0,-0.0184,0.0216
Travis Sanheim,PHI,8477948,5,0.0015650625573471189,0.00032419111812487245,0,-0.0184,0.0216
Travis Sanheim,PHI,8477948,6,0.0015652102883905172,0.00032419111812487245,0,-0.0184,0.0216
Travis Sanheim,PHI,8477948,7,0.00156530668027699,0.00032419111812487245,0,-0.0184,0.0216
Travis Sanheim,PHI,8477948,8,0.0015653003938496113,0.00032419111812487245,0,-0.0184,0.0216
Joel Eriksson Ek,MIN,8478493,0,0.016322774812579155,0.009722672402858734,2,0.0022,0.0304
Joel Eriksson Ek,MIN,8478493,1,0.016272524371743202,0.009722672402858734,3,0.0048,0.0278
Joel Eriksson Ek,MIN,8478493,2,0.016241952776908875,0.009722672402858734,3,0.0047,0.0277
Joel Eriksson Ek,MIN,8478493,3,0.01624191179871559,0.009722672402858734,0,-0.0038,0.0362
Joel Eriksson Ek,MIN,8478493,4,0.016241371631622314,0.009722672402858734,0,-0.0038,0.0362
Joel Eriksson Ek,MIN,8478493,5,0.01624160259962082,0.009722672402858734,0,-0.0038,0.0362
Joel Eriksson Ek,MIN,8478493,6,0.016241762787103653,0.009722672402858734,0,-0.0038,0.0362
Joel Eriksson Ek,MIN,8478493,7,0.01624186523258686,0.009722672402858734,0,-0.0038,0.0362
Joel Eriksson Ek,MIN,8478493,8,0.016241859644651413,0.009722672402858734,0,-0.0038,0.0362
Marcus Johansson,MIN,8475149,0,-0.007491017691791058,-0.005507337860763073,0,-0.0275,0.0125
Marcus Johansson,MIN,8475149,1,-0.007490458898246288,-0.005507337860763073,0,-0.0275,0.0125
Marcus Johansson,MIN,8475149,2,-0.007489923853427172,-0.005507337860763073,0,-0.0275,0.0125
Marcus Johansson,MIN,8475149,3,-0.0074899992905557156,-0.005507337860763073,0,-0.0275,0.0125
Marcus Johansson,MIN,8475149,4,-0.007490579504519701,-0.005507337860763073,0,-0.0275,0.0125
Marcus Johansson,MIN,8475149,5,-0.007490369491279125,-0.005507337860763073,0,-0.0275,0.0125
Marcus Johansson,MIN,8475149,6,-0.007490231655538082,-0.005507337860763073,0,-0.0275,0.0125
Marcus Johansson,MIN,8475149,7,-0.007490140851587057,-0.005507337860763073,0,-0.0275,0.0125
Marcus Johansson,MIN,8475149,8,-0.007490147370845079,-0.005507337860763073,0,-0.0275,0.0125
Andrei Svechnikov,CAR,8480830,0,0.014163779094815254,0.008948293514549732,0,-0.0058,0.0342
Andrei Svechnikov,CAR,8480830,1,0.01423556823283434,0.008948293514549732,3,0.0027,0.0257
Andrei Svechnikov,CAR,8480830,2,0.014336255379021168,0.008948293514549732,0,-0.0057,0.0343
Andrei Svechnikov,CAR,8480830,3,0.014436326920986176,0.008948293514549732,6,0.0062,0.0226
Andrei Svechnikov,CAR,8480830,4,0.014492345042526722,0.008948293514549732,0,-0.0055,0.0345
Andrei Svechnikov,CAR,8480830,5,0.014549151994287968,0.008948293514549732,0,-0.0055,0.0345
Andrei Svechnikov,CAR,8480830,6,0.014605870470404625,0.008948293514549732,0,-0.0054,0.0346
Andrei Svechnikov,CAR,8480830,7,0.014662543311715126,0.008948293514549732,2,0.0006,0.0288
Andrei Svechnikov,CAR,8480830,8,0.014652526937425137,0.008948293514549732,1,-0.0053,0.0347
Brent Burns,COL,8470613,0,-0.009088430553674698,-0.007516194600611925,0,-0.0291,0.0109
Brent Burns,COL,8470613,1,-0.009129012934863567,-0.007516194600611925,1,-0.0291,0.0109
Brent Burns,COL,8470613,2,-0.009163660928606987,-0.007516194600611925,0,-0.0292,0.0108
Brent Burns,COL,8470613,3,-0.009198915213346481,-0.007516194600611925,1,-0.0292,0.0108
Brent Burns,COL,8470613,4,-0.009227985516190529,-0.007516194600611925,0,-0.0292,0.0108
Brent Burns,COL,8470613,5,-0.009256258606910706,-0.007516194600611925,1,-0.0293,0.0107
Brent Burns,COL,8470613,6,-0.00925612822175026,-0.007516194600611925,0,-0.0293,0.0107
Brent Burns,COL,8470613,7,-0.009256036020815372,-0.007516194600611925,0,-0.0293,0.0107
Brent Burns,COL,8470613,8,-0.009256046265363693,-0.007516194600611925,0,-0.0293,0.0107
Jack Quinn,BUF,8482097,0,-0.0022714564111083746,-0.0028756551910191774,0,-0.0223,0.0177
Jack Quinn,BUF,8482097,1,-0.0021231346763670444,-0.0028756551910191774,2,-0.0162,0.012
Jack Quinn,BUF,8482097,2,-0.001962591428309679,-0.0028756551910191774,0,-0.022,0.018
Jack Quinn,BUF,8482097,3,-0.0018026637844741344,-0.0028756551910191774,2,-0.0159,0.0123
Jack Quinn,BUF,8482097,4,-0.001624280121177435,-0.0028756551910191774,3,-0.0131,0.0099
Jack Quinn,BUF,8482097,5,-0.0016240631230175495,-0.0028756551910191774,0,-0.0216,0.0184
Jack Quinn,BUF,8482097,6,-0.0016239184187725186,-0.0028756551910191774,0,-0.0216,0.0184
Jack Quinn,BUF,8482097,7,-0.0016238250536844134,-0.0028756551910191774,0,-0.0216,0.0184
Jack Quinn,BUF,8482097,8,-0.0016238308744505048,-0.0028756551910191774,0,-0.0216,0.0184
Alexander Kerfoot,UTA,8477021,0,-0.003118606749922037,-0.0022965974640101194,0,-0.0231,0.0169
Alexander Kerfoot,UTA,8477021,1,-0.0031271539628505707,-0.0022965974640101194,0,-0.0231,0.0169
Alexander Kerfoot,UTA,8477021,2,-0.0031357246916741133,-0.0022965974640101194,1,-0.0231,0.0169
Alexander Kerfoot,UTA,8477021,3,-0.0031357912812381983,-0.0022965974640101194,0,-0.0231,0.0169
Alexander Kerfoot,UTA,8477021,4,-0.0031363628804683685,-0.0022965974640101194,0,-0.0231,0.0169
Alexander Kerfoot,UTA,8477021,5,-0.0031361470464617014,-0.0022965974640101194,0,-0.0231,0.0169
Alexander Kerfoot,UTA,8477021,6,-0.0031360036227852106,-0.0022965974640101194,0,-0.0231,0.0169
Alexander Kerfoot,UTA,8477021,7,-0.0031359107233583927,-0.0022965974640101194,0,-0.0231,0.0169
Alexander Kerfoot,UTA,8477021,8,-0.0031359174754470587,-0.0022965974640101194,0,-0.0231,0.0169
Trent Frederic,EDM,8479365,0,-0.0020681831520050764,-0.00205789553001523,0,-0.0221,0.0179
Trent Frederic,EDM,8479365,1,-0.0020676092244684696,-0.00205789553001523,0,-0.0221,0.0179
Trent Frederic,EDM,8479365,2,-0.00206705997698009,-0.00205789553001523,0,-0.0221,0.0179
Trent Frederic,EDM,8479365,3,-0.0020671242382377386,-0.00205789553001523,0,-0.0221,0.0179
Trent Frederic,EDM,8479365,4,-0.002067694440484047,-0.00205789553001523,0,-0.0221,0.0179
Trent Frederic,EDM,8479365,5,-0.002067478373646736,-0.00205789553001523,0,-0.0221,0.0179
Trent Frederic,EDM,8479365,6,-0.0020673340186476707,-0.00205789553001523,0,-0.0221,0.0179
Trent Frederic,EDM,8479365,7,-0.002067240886390209,-0.00205789553001523,0,-0.0221,0.0179
Trent Frederic,EDM,8479365,8,-0.002067246939986944,-0.00205789553001523,0,-0.0221,0.0179
Cale Makar,COL,8480069,0,-0.0003122396010439843,0.002574959537014365,0,-0.0203,0.0197
Cale Makar,COL,8480069,1,-0.0003444668836891651,0.002574959537014365,0,-0.0203,0.0197
Cale Makar,COL,8480069,2,-0.0003767185262404382,0.002574959537014365,0,-0.0204,0.0196
Cale Makar,COL,8480069,3,-0.0004095871699973941,0.002574959537014365,2,-0.0145,0.0137
Cale Makar,COL,8480069,4,-0.0004309225478209555,0.002574959537014365,1,-0.0204,0.0196
Cale Makar,COL,8480069,5,-0.0004463117220439017,0.002574959537014365,3,-0.0119,0.0111
Cale Makar,COL,8480069,6,-0.00044616247760131955,0.002574959537014365,0,-0.0204,0.0196
Cale Makar,COL,8480069,7,-0.00044606573646888137,0.002574959537014365,0,-0.0204,0.0196
Cale Makar,COL,8480069,8,-0.00044607120798900723,0.002574959537014365,0,-0.0204,0.0196
Simon Benoit,TOR,8481122,0,-0.0014249833766371012,-0.0012627755058929324,0,-0.0214,0.0186
Simon Benoit,TOR,8481122,1,-0.0014244067715480924,-0.0012627755058929324,0,-0.0214,0.0186
Simon Benoit,TOR,8481122,2,-0.001423853449523449,-0.0012627755058929324,0,-0.0214,0.0186
Simon Benoit,TOR,8481122,3,-0.0014239150332286954,-0.0012627755058929324,0,-0.0214,0.0186
Simon Benoit,TOR,8481122,4,-0.0014244833728298545,-0.0012627755058929324,0,-0.0214,0.0186
Simon Benoit,TOR,8481122,5,-0.0014242647448554635,-0.0012627755058929324,0,-0.0214,0.0186
Simon Benoit,TOR,8481122,6,-0.0014241202734410763,-0.0012627755058929324,0,-0.0214,0.0186
Simon Benoit,TOR,8481122,7,-0.0014240244636312127,-0.0012627755058929324,0,-0.0214,0.0186
Simon Benoit,TOR,8481122,8,-0.0014240321470424533,-0.0012627755058929324,0,-0.0214,0.0186
Anthony Cirelli,TBL,8478519,0,0.0010931190336123109,0.000854066398460418,0,-0.0189,0.0211
Anthony Cirelli,TBL,8478519,1,0.0010937039041891694,0.000854066398460418,0,-0.0189,0.0211
Anthony Cirelli,TBL,8478519,2,0.001094264443963766,0.000854066398460418,0,-0.0189,0.0211
Anthony Cirelli,TBL,8478519,3,0.0010942085646092892,0.000854066398460418,0,-0.0189,0.0211
Anthony Cirelli,TBL,8478519,4,0.0010936453472822905,0.000854066398460418,0,-0.0189,0.0211
Anthony Cirelli,TBL,8478519,5,0.0010938678169623017,0.000854066398460418,0,-0.0189,0.0211
Anthony Cirelli,TBL,8478519,6,0.0010940153151750565,0.000854066398460418,0,-0.0189,0.0211
Anthony Cirelli,TBL,8478519,7,0.0010941119398921728,0.000854066398460418,0,-0.0189,0.0211
Anthony Cirelli,TBL,8478519,8,0.001094105769880116,0.000854066398460418,0,-0.0189,0.0211
Nick Seeler,PHI,8476372,0,-0.001196993631310761,-0.0009566210210323334,0,-0.0212,0.0188
Nick Seeler,PHI,8476372,1,-0.0011964148143306375,-0.0009566210210323334,0,-0.0212,0.0188
Nick Seeler,PHI,8476372,2,-0.0011958603281527758,-0.0009566210210323334,0,-0.0212,0.0188
Nick Seeler,PHI,8476372,3,-0.0011959205148741603,-0.0009566210210323334,0,-0.0212,0.0188
Nick Seeler,PHI,8476372,4,-0.001196487806737423,-0.0009566210210323334,0,-0.0212,0.0188
Nick Seeler,PHI,8476372,5,-0.0011962685966864228,-0.0009566210210323334,0,-0.0212,0.0188
Nick Seeler,PHI,8476372,6,-0.0011961227282881737,-0.0009566210210323334,0,-0.0212,0.0188
Nick Seeler,PHI,8476372,7,-0.0011960278498008847,-0.0009566210210323334,0,-0.0212,0.0188
Nick Seeler,PHI,8476372,8,-0.0011960339033976197,-0.0009566210210323334,0,-0.0212,0.0188
Andrew Mangiapane,EDM,8478233,0,-0.001113141537643969,-0.0009533446282148361,0,-0.0211,0.0189
Andrew Mangiapane,EDM,8478233,1,-0.0011125627206638455,-0.0009533446282148361,0,-0.0211,0.0189
Andrew Mangiapane,EDM,8478233,2,-0.0011120075359940529,-0.0009533446282148361,0,-0.0211,0.0189
Andrew Mangiapane,EDM,8478233,3,-0.0011120678391307592,-0.0009533446282148361,0,-0.0211,0.0189
Andrew Mangiapane,EDM,8478233,4,-0.0011126345489174128,-0.0009533446282148361,0,-0.0211,0.0189
Andrew Mangiapane,EDM,8478233,5,-0.0011124153388664126,-0.0009533446282148361,0,-0.0211,0.0189
Andrew Mangiapane,EDM,8478233,6,-0.0011122690048068762,-0.0009533446282148361,0,-0.0211,0.0189
Andrew Mangiapane,EDM,8478233,7,-0.0011121743591502309,-0.0009533446282148361,0,-0.0211,0.0189
Andrew Mangiapane,EDM,8478233,8,-0.0011121804127469659,-0.0009533446282148361,0,-0.0211,0.0189
Tyler Seguin,DAL,8475794,0,0.0038420057389885187,0.0041211857460439205,0,-0.0162,0.0238
Tyler Seguin,DAL,8475794,1,0.003842609468847513,0.0041211857460439205,0,-0.0162,0.0238
Tyler Seguin,DAL,8475794,2,0.003843184094876051,0.0041211857460439205,0,-0.0162,0.0238
Tyler Seguin,DAL,8475794,3,0.0038431419525295496,0.0041211857460439205,0,-0.0162,0.0238
Tyler Seguin,DAL,8475794,4,0.0038425889797508717,0.0041211857460439205,0,-0.0162,0.0238
Tyler Seguin,DAL,8475794,5,0.00384282018058002,0.0041211857460439205,0,-0.0162,0.0238
Tyler Seguin,DAL,8475794,6,0.003842973383143544,0.0041211857460439205,0,-0.0162,0.0238
Tyler Seguin,DAL,8475794,7,0.0038430732674896717,0.0041211857460439205,0,-0.0162,0.0238
Tyler Seguin,DAL,8475794,8,0.0038430686108767986,0.0041211857460439205,0,-0.0162,0.0238
Josh Morrissey,WPG,8477504,0,-0.0027512600645422935,-0.0008127007749862969,0,-0.0228,0.0172
Josh Morrissey,WPG,8477504,1,-0.002750678453594446,-0.0008127007749862969,0,-0.0228,0.0172
Josh Morrissey,WPG,8477504,2,-0.0027501224540174007,-0.0008127007749862969,0,-0.0228,0.0172
Josh Morrissey,WPG,8477504,3,-0.0027501797303557396,-0.0008127007749862969,0,-0.0228,0.0172
Josh Morrissey,WPG,8477504,4,-0.002750746440142393,-0.0008127007749862969,0,-0.0228,0.0172
Josh Morrissey,WPG,8477504,5,-0.002750525251030922,-0.0008127007749862969,0,-0.0228,0.0172
Josh Morrissey,WPG,8477504,6,-0.0027503794990479946,-0.0008127007749862969,0,-0.0228,0.0172
Josh Morrissey,WPG,8477504,7,-0.0027502835728228092,-0.0008127007749862969,0,-0.0228,0.0172
Josh Morrissey,WPG,8477504,8,-0.002750289859250188,-0.0008127007749862969,0,-0.0228,0.0172
Radek Faksa,DAL,8476889,0,-0.0013603733386844397,-0.0011710546677932143,0,-0.0214,0.0186
Radek Faksa,DAL,8476889,1,-0.0013597958022728562,-0.0011710546677932143,0,-0.0214,0.0186
Radek Faksa,DAL,8476889,2,-0.001359242363832891,-0.0011710546677932143,0,-0.0214,0.0186
Radek Faksa,DAL,8476889,3,-0.0013593033654615283,-0.0011710546677932143,0,-0.0214,0.0186
Radek Faksa,DAL,8476889,4,-0.0013598715886473656,-0.0011710546677932143,0,-0.0214,0.0186
Radek Faksa,DAL,8476889,5,-0.001359652611427009,-0.0011710546677932143,0,-0.0214,0.0186
Radek Faksa,DAL,8476889,6,-0.0013595077907666564,-0.0011710546677932143,0,-0.0214,0.0186
Radek Faksa,DAL,8476889,7,-0.0013594124466180801,-0.0011710546677932143,0,-0.0214,0.0186
Radek Faksa,DAL,8476889,8,-0.001359419315122068,-0.0011710546677932143,0,-0.0214,0.0186
Mathieu Joseph,STL,8478472,0,0.0012627836549654603,0.0012574089923873544,0,-0.0187,0.0213
Mathieu Joseph,STL,8478472,1,0.0012633748119696975,0.0012574089923873544,0,-0.0187,0.0213
Mathieu Joseph,STL,8478472,2,0.0012639414053410292,0.0012574089923873544,0,-0.0187,0.0213
Mathieu Joseph,STL,8478472,3,0.0012638900661841035,0.0012574089923873544,0,-0.0187,0.0213
Mathieu Joseph,STL,8478472,4,0.0012633311562240124,0.0012574089923873544,0,-0.0187,0.0213
Mathieu Joseph,STL,8478472,5,0.0012635563034564257,0.0012574089923873544,0,-0.0187,0.0213
Mathieu Joseph,STL,8478472,6,0.0012637065956369042,0.0012574089923873544,0,-0.0187,0.0213
Mathieu Joseph,STL,8478472,7,0.0012638038024306297,0.0012574089923873544,0,-0.0187,0.0213
Mathieu Joseph,STL,8478472,8,0.001263798912987113,0.0012574089923873544,0,-0.0187,0.0213
Matt Grzelcyk,CHI,8476891,0,-0.0022752757649868727,-0.001981778535991907,0,-0.0223,0.0177
Matt Grzelcyk,CHI,8476891,1,-0.0022747041657567024,-0.001981778535991907,0,-0.0223,0.0177
Matt Grzelcyk,CHI,8476891,2,-0.0022741553839296103,-0.001981778535991907,0,-0.0223,0.0177
Matt Grzelcyk,CHI,8476891,3,-0.0022742217406630516,-0.001981778535991907,0,-0.0223,0.0177
Matt Grzelcyk,CHI,8476891,4,-0.002274792641401291,-0.001981778535991907,0,-0.0223,0.0177
Matt Grzelcyk,CHI,8476891,5,-0.002274577273055911,-0.001981778535991907,0,-0.0223,0.0177
Matt Grzelcyk,CHI,8476891,6,-0.002274434082210064,-0.001981778535991907,0,-0.0223,0.0177
Matt Grzelcyk,CHI,8476891,7,-0.002274340484291315,-0.001981778535991907,0,-0.0223,0.0177
Matt Grzelcyk,CHI,8476891,8,-0.002274347934871912,-0.001981778535991907,0,-0.0223,0.0177
Kevin Bahl,CGY,8480860,0,-0.0007392425904981792,-0.0006991222617216408,0,-0.0207,0.0193
Kevin Bahl,CGY,8480860,1,-0.0007386628421954811,-0.0006991222617216408,0,-0.0207,0.0193
Kevin Bahl,CGY,8480860,2,-0.0007381071336567402,-0.0006991222617216408,0,-0.0207,0.0193
Kevin Bahl,CGY,8480860,3,-0.0007381665636785328,-0.0006991222617216408,0,-0.0207,0.0193
Kevin Bahl,CGY,8480860,4,-0.0007387329824268818,-0.0006991222617216408,0,-0.0207,0.0193
Kevin Bahl,CGY,8480860,5,-0.0007385131320916116,-0.0006991222617216408,0,-0.0207,0.0193
Kevin Bahl,CGY,8480860,6,-0.0007383669726550579,-0.0006991222617216408,0,-0.0207,0.0193
Kevin Bahl,CGY,8480860,7,-0.0007382716867141426,-0.0006991222617216408,0,-0.0207,0.0193
Kevin Bahl,CGY,8480860,8,-0.0007382778567261994,-0.0006991222617216408,0,-0.0207,0.0193
Rickard Rakell,PIT,8476483,0,0.0016846180660650134,0.0013486093375831842,0,-0.0183,0.0217
Rickard Rakell,PIT,8476483,1,0.001673955237492919,0.0013486093375831842,2,-0.0124,0.0158
Rickard Rakell,PIT,8476483,2,0.0016745171742513776,0.0013486093375831842,0,-0.0183,0.0217
Rickard Rakell,PIT,8476483,3,0.0016744622262194753,0.0013486093375831842,0,-0.0183,0.0217
Rickard Rakell,PIT,8476483,4,0.0016739006387069821,0.0013486093375831842,0,-0.0183,0.0217
Rickard Rakell,PIT,8476483,5,0.001674122759141028,0.0013486093375831842,0,-0.0183,0.0217
Rickard Rakell,PIT,8476483,6,0.0016742724692448974,0.0013486093375831842,0,-0.0183,0.0217
Rickard Rakell,PIT,8476483,7,0.0016743676969781518,0.0013486093375831842,0,-0.0183,0.0217
Rickard Rakell,PIT,8476483,8,0.0016743632731959224,0.0013486093375831842,0,-0.0183,0.0217
Warren Foegele,LAK,8477998,0,-0.009607238695025444,-0.007476055063307285,0,-0.0296,0.0104
Warren Foegele,LAK,8477998,1,-0.009606688283383846,-0.007476055063307285,0,-0.0296,0.0104
Warren Foegele,LAK,8477998,2,-0.009606163017451763,-0.007476055063307285,0,-0.0296,0.0104
Warren Foegele,LAK,8477998,3,-0.009606244042515755,-0.007476055063307285,0,-0.0296,0.0104
Warren Foegele,LAK,8477998,4,-0.009606830775737762,-0.007476055063307285,0,-0.0296,0.0104
Warren Foegele,LAK,8477998,5,-0.009606625884771347,-0.007476055063307285,0,-0.0296,0.0104
Warren Foegele,LAK,8477998,6,-0.009606489911675453,-0.007476055063307285,0,-0.0296,0.0104
Warren Foegele,LAK,8477998,7,-0.00960640236735344,-0.007476055063307285,0,-0.0296,0.0104
Warren Foegele,LAK,8477998,8,-0.009606411680579185,-0.007476055063307285,0,-0.0296,0.0104
Nicolas Deslauriers,PHI,8475235,0,-0.0008084136643446982,-0.0008523481083102524,0,-0.0208,0.0192
Nicolas Deslauriers,PHI,8475235,1,-0.0008078337414190173,-0.0008523481083102524,0,-0.0208,0.0192
Nicolas Deslauriers,PHI,8475235,2,-0.0008072780328802764,-0.0008523481083102524,0,-0.0208,0.0192
Nicolas Deslauriers,PHI,8475235,3,-0.0008073372300714254,-0.0008523481083102524,0,-0.0208,0.0192
Nicolas Deslauriers,PHI,8475235,4,-0.0008079035324044526,-0.0008523481083102524,0,-0.0208,0.0192
Nicolas Deslauriers,PHI,8475235,5,-0.0008076837402768433,-0.0008523481083102524,0,-0.0208,0.0192
Nicolas Deslauriers,PHI,8475235,6,-0.0008075375808402896,-0.0008523481083102524,0,-0.0208,0.0192
Nicolas Deslauriers,PHI,8475235,7,-0.0008074422948993742,-0.0008523481083102524,0,-0.0208,0.0192
Nicolas Deslauriers,PHI,8475235,8,-0.0008074486977420747,-0.0008523481083102524,0,-0.0208,0.0192
Alexandre Texier,MTL,8480074,0,-0.002875393955036998,-0.0022480159532278776,0,-0.0229,0.0171
Alexandre Texier,MTL,8480074,1,-0.002874820027500391,-0.0022480159532278776,0,-0.0229,0.0171
Alexandre Texier,MTL,8480074,2,-0.002874272409826517,-0.0022480159532278776,0,-0.0229,0.0171
Alexandre Texier,MTL,8480074,3,-0.002874337136745453,-0.0022480159532278776,0,-0.0229,0.0171
Alexandre Texier,MTL,8480074,4,-0.002874908037483692,-0.0022480159532278776,0,-0.0229,0.0171
Alexandre Texier,MTL,8480074,5,-0.0028746919706463814,-0.0022480159532278776,0,-0.0229,0.0171
Alexandre Texier,MTL,8480074,6,-0.002874548314139247,-0.0022480159532278776,0,-0.0229,0.0171
Alexandre Texier,MTL,8480074,7,-0.0028744549490511417,-0.0022480159532278776,0,-0.0229,0.0171
Alexandre Texier,MTL,8480074,8,-0.0028744610026478767,-0.0022480159532278776,0,-0.0229,0.0171
Brenden Dillon,NJD,8475455,0,-0.0003303135745227337,-0.000374369032215327,0,-0.0203,0.0197
Brenden Dillon,NJD,8475455,1,-0.0003297322546131909,-0.000374369032215327,0,-0.0203,0.0197
Brenden Dillon,NJD,8475455,2,-0.00032917517819441855,-0.000374369032215327,0,-0.0203,0.0197
Brenden Dillon,NJD,8475455,3,-0.00032923350227065384,-0.000374369032215327,0,-0.0203,0.0197
Brenden Dillon,NJD,8475455,4,-0.0003297989896964282,-0.000374369032215327,0,-0.0203,0.0197
Brenden Dillon,NJD,8475455,5,-0.0003295783535577357,-0.000374369032215327,0,-0.0203,0.0197
Brenden Dillon,NJD,8475455,6,-0.00032943181577138603,-0.000374369032215327,0,-0.0203,0.0197
Brenden Dillon,NJD,8475455,7,-0.00032933626789599657,-0.000374369032215327,0,-0.0203,0.0197
Brenden Dillon,NJD,8475455,8,-0.00032934235059656203,-0.000374369032215327,0,-0.0203,0.0197
Luke Glendening,NJD,8476822,0,-0.0014183131279423833,-0.0005740387714467943,0,-0.0214,0.0186
Luke Glendening,NJD,8476822,1,-0.001431980635970831,-0.0005740387714467943,1,-0.0214,0.0186
Luke Glendening,NJD,8476822,2,-0.001431424985639751,-0.0005740387714467943,0,-0.0214,0.0186
Luke Glendening,NJD,8476822,3,-0.0014314847066998482,-0.0005740387714467943,0,-0.0214,0.0186
Luke Glendening,NJD,8476822,4,-0.0014320508344098926,-0.0005740387714467943,0,-0.0214,0.0186
Luke Glendening,NJD,8476822,5,-0.0014318315079435706,-0.0005740387714467943,0,-0.0214,0.0186
Luke Glendening,NJD,8476822,6,-0.0014316850574687123,-0.0005740387714467943,0,-0.0214,0.0186
Luke Glendening,NJD,8476822,7,-0.0014315901789814234,-0.0005740387714467943,0,-0.0214,0.0186
Luke Glendening,NJD,8476822,8,-0.0014315959997475147,-0.0005740387714467943,0,-0.0214,0.0186
Liam Ohgren,VAN,8483499,0,-0.0018649661215022206,-0.001312403823249042,0,-0.0219,0.0181
Liam Ohgren,VAN,8483499,1,-0.0018643898656591773,-0.001312403823249042,0,-0.0219,0.0181
Liam Ohgren,VAN,8483499,2,-0.0018638370092958212,-0.001312403823249042,0,-0.0219,0.0181
Liam Ohgren,VAN,8483499,3,-0.001863899058662355,-0.001312403823249042,0,-0.0219,0.0181
Liam Ohgren,VAN,8483499,4,-0.001864467398263514,-0.001312403823249042,0,-0.0219,0.0181
Liam Ohgren,VAN,8483499,5,-0.0018642491195350885,-0.001312403823249042,0,-0.0219,0.0181
Liam Ohgren,VAN,8483499,6,-0.001864104182459414,-0.001312403823249042,0,-0.0219,0.0181
Liam Ohgren,VAN,8483499,7,-0.0018640095368027687,-0.001312403823249042,0,-0.0219,0.0181
Liam Ohgren,VAN,8483499,8,-0.0018640158232301474,-0.001312403823249042,0,-0.0219,0.0181
Kevin Stenlund,UTA,8478831,0,-0.0019436466973274946,-0.0025362272281199694,0,-0.0219,0.0181
Kevin Stenlund,UTA,8478831,1,-0.0019430748652666807,-0.0025362272281199694,0,-0.0219,0.0181
Kevin Stenlund,UTA,8478831,2,-0.001942525152117014,-0.0025362272281199694,0,-0.0219,0.0181
Kevin Stenlund,UTA,8478831,3,-0.0019425909267738461,-0.0025362272281199694,0,-0.0219,0.0181
Kevin Stenlund,UTA,8478831,4,-0.0019431611290201545,-0.0025362272281199694,0,-0.0219,0.0181
Kevin Stenlund,UTA,8478831,5,-0.0019429456442594528,-0.0025362272281199694,0,-0.0219,0.0181
Kevin Stenlund,UTA,8478831,6,-0.0019428019877523184,-0.0025362272281199694,0,-0.0219,0.0181
Kevin Stenlund,UTA,8478831,7,-0.0019427076913416386,-0.0025362272281199694,0,-0.0219,0.0181
Kevin Stenlund,UTA,8478831,8,-0.0019427156075835228,-0.0025362272281199694,0,-0.0219,0.0181
Nikolaj Ehlers,CAR,8477940,0,0.006750763859599829,0.003911712672561407,0,-0.0132,0.0268
Nikolaj Ehlers,CAR,8477940,1,0.006698784418404102,0.003911712672561407,1,-0.0133,0.0267
Nikolaj Ehlers,CAR,8477940,2,0.006654338911175728,0.003911712672561407,0,-0.0133,0.0267
Nikolaj Ehlers,CAR,8477940,3,0.006609273608773947,0.003911712672561407,2,-0.0075,0.0207
Nikolaj Ehlers,CAR,8477940,4,0.00658310204744339,0.003911712672561407,0,-0.0134,0.0266
Nikolaj Ehlers,CAR,8477940,5,0.00655771279707551,0.003911712672561407,0,-0.0134,0.0266
Nikolaj Ehlers,CAR,8477940,6,0.006532249040901661,0.003911712672561407,2,-0.0076,0.0206
Nikolaj Ehlers,CAR,8477940,7,0.006526172626763582,0.003911712672561407,0,-0.0135,0.0265
Nikolaj Ehlers,CAR,8477940,8,0.0065199946984648705,0.003911712672561407,1,-0.0135,0.0265
Gabriel Vilardi,WPG,8480014,0,0.015599694103002548,0.009970270097255707,0,-0.0044,0.0356
Gabriel Vilardi,WPG,8480014,1,0.015600317157804966,0.009970270097255707,0,-0.0044,0.0356
Gabriel Vilardi,WPG,8480014,2,0.015600906684994698,0.009970270097255707,0,-0.0044,0.0356
Gabriel Vilardi,WPG,8480014,3,0.015600881539285183,0.009970270097255707,0,-0.0044,0.0356
Gabriel Vilardi,WPG,8480014,4,0.015600337646901608,0.009970270097255707,0,-0.0044,0.0356
Gabriel Vilardi,WPG,8480014,5,0.015600577928125858,0.009970270097255707,0,-0.0044,0.0356
Gabriel Vilardi,WPG,8480014,6,0.015600735321640968,0.009970270097255707,0,-0.0044,0.0356
Gabriel Vilardi,WPG,8480014,7,0.015600843355059624,0.009970270097255707,0,-0.0044,0.0356
Gabriel Vilardi,WPG,8480014,8,0.015600835904479027,0.009970270097255707,0,-0.0044,0.0356
Brady Tkachuk,OTT,8480801,0,-0.01594524271786213,-0.010119427926838398,2,-0.03,-0.0018
Brady Tkachuk,OTT,8480801,1,-0.01594468392431736,-0.010119427926838398,0,-0.0359,0.0041
Brady Tkachuk,OTT,8480801,2,-0.01594414748251438,-0.010119427926838398,0,-0.0359,0.0041
Brady Tkachuk,OTT,8480801,3,-0.0159442201256752,-0.010119427926838398,0,-0.0359,0.0041
Brady Tkachuk,OTT,8480801,4,-0.01594480313360691,-0.010119427926838398,0,-0.0359,0.0041
Brady Tkachuk,OTT,8480801,5,-0.0159445907920599,-0.010119427926838398,0,-0.0359,0.0041
Brady Tkachuk,OTT,8480801,6,-0.015944451093673706,-0.010119427926838398,0,-0.0359,0.0041
Brady Tkachuk,OTT,8480801,7,-0.015944359824061394,-0.010119427926838398,0,-0.0359,0.0041
Brady Tkachuk,OTT,8480801,8,-0.01594436541199684,-0.010119427926838398,0,-0.0359,0.0041
Nick Cousins,OTT,8476393,0,-0.00018875479872804135,-0.00023293693084269762,0,-0.0202,0.0198
Nick Cousins,OTT,8476393,1,-0.00018817199452314526,-0.00023293693084269762,0,-0.0202,0.0198
Nick Cousins,OTT,8476393,2,-0.00018761359388008714,-0.00023293693084269762,0,-0.0202,0.0198
Nick Cousins,OTT,8476393,3,-0.00018767084111459553,-0.00023293693084269762,0,-0.0202,0.0198
Nick Cousins,OTT,8476393,4,-0.00018823529535438865,-0.00023293693084269762,0,-0.0202,0.0198
Nick Cousins,OTT,8476393,5,-0.00018801403348334134,-0.00023293693084269762,0,-0.0202,0.0198
Nick Cousins,OTT,8476393,6,-0.0001878669863799587,-0.00023293693084269762,0,-0.0202,0.0198
Nick Cousins,OTT,8476393,7,-0.00018777100194711238,-0.00023293693084269762,0,-0.0202,0.0198
Nick Cousins,OTT,8476393,8,-0.00018777715740725398,-0.00023293693084269762,0,-0.0202,0.0198
Johnathan Kovacevic,NJD,8480192,0,-0.0007255669916048646,-0.0007694844389334321,0,-0.0207,0.0193
Johnathan Kovacevic,NJD,8480192,1,-0.0007249870686791837,-0.0007694844389334321,0,-0.0207,0.0193
Johnathan Kovacevic,NJD,8480192,2,-0.0007244317675940692,-0.0007694844389334321,0,-0.0207,0.0193
Johnathan Kovacevic,NJD,8480192,3,-0.0007244908483698964,-0.0007694844389334321,0,-0.0207,0.0193
Johnathan Kovacevic,NJD,8480192,4,-0.0007250576745718718,-0.0007694844389334321,0,-0.0207,0.0193
Johnathan Kovacevic,NJD,8480192,5,-0.000724837533198297,-0.0007694844389334321,0,-0.0207,0.0193
Johnathan Kovacevic,NJD,8480192,6,-0.0007246917812153697,-0.0007694844389334321,0,-0.0207,0.0193
Johnathan Kovacevic,NJD,8480192,7,-0.0007245962042361498,-0.0007694844389334321,0,-0.0207,0.0193
Johnathan Kovacevic,NJD,8480192,8,-0.0007246027234941721,-0.0007694844389334321,0,-0.0207,0.0193
Nick Bjugstad,NJD,8475760,0,0.0038090129382908344,0.002624407410621643,0,-0.0162,0.0238
Nick Bjugstad,NJD,8475760,1,0.0038096101488918066,0.002624407410621643,0,-0.0162,0.0238
Nick Bjugstad,NJD,8475760,2,0.003810181748121977,0.002624407410621643,0,-0.0162,0.0238
Nick Bjugstad,NJD,8475760,3,0.0038101349491626024,0.002624407410621643,0,-0.0162,0.0238
Nick Bjugstad,NJD,8475760,4,0.0038095801137387753,0.002624407410621643,0,-0.0162,0.0238
Nick Bjugstad,NJD,8475760,5,0.003809808287769556,0.002624407410621643,0,-0.0162,0.0238
Nick Bjugstad,NJD,8475760,6,0.003809960326179862,0.002624407410621643,0,-0.0162,0.0238
Nick Bjugstad,NJD,8475760,7,0.0038100588135421276,0.002624407410621643,0,-0.0162,0.0238
Nick Bjugstad,NJD,8475760,8,0.0038100541569292545,0.002624407410621643,0,-0.0162,0.0238
Scott Mayfield,NYI,8476429,0,-0.0010525702964514494,-0.0008449798915535212,0,-0.0211,0.0189
Scott Mayfield,NYI,8476429,1,-0.0010519915958866477,-0.0008449798915535212,0,-0.0211,0.0189
Scott Mayfield,NYI,8476429,2,-0.0010514366440474987,-0.0008449798915535212,0,-0.0211,0.0189
Scott Mayfield,NYI,8476429,3,-0.0010514968307688832,-0.0008449798915535212,0,-0.0211,0.0189
Scott Mayfield,NYI,8476429,4,-0.0010520641226321459,-0.0008449798915535212,0,-0.0211,0.0189
Scott Mayfield,NYI,8476429,5,-0.0010518446797505021,-0.0008449798915535212,0,-0.0211,0.0189
Scott Mayfield,NYI,8476429,6,-0.0010516991605982184,-0.0008449798915535212,0,-0.0211,0.0189
Scott Mayfield,NYI,8476429,7,-0.001051603932864964,-0.0008449798915535212,0,-0.0211,0.0189
Scott Mayfield,NYI,8476429,8,-0.0010516104521229863,-0.0008449798915535212,0,-0.0211,0.0189
Colin Blackwell,DAL,8476278,0,-0.003761258674785495,-0.0027404476422816515,0,-0.0238,0.0162
Colin Blackwell,DAL,8476278,1,-0.003774369601160288,-0.0027404476422816515,1,-0.0238,0.0162
Colin Blackwell,DAL,8476278,2,-0.00377989886328578,-0.0027404476422816515,1,-0.0238,0.0162
Colin Blackwell,DAL,8476278,3,-0.0037799670826643705,-0.0027404476422816515,0,-0.0238,0.0162
Colin Blackwell,DAL,8476278,4,-0.0037805396132171154,-0.0027404476422816515,0,-0.0238,0.0162
Colin Blackwell,DAL,8476278,5,-0.003780324710533023,-0.0027404476422816515,0,-0.0238,0.0162
Colin Blackwell,DAL,8476278,6,-0.0037801824510097504,-0.0027404476422816515,0,-0.0238,0.0162
Colin Blackwell,DAL,8476278,7,-0.003780089318752289,-0.0027404476422816515,0,-0.0238,0.0162
Colin Blackwell,DAL,8476278,8,-0.0037800960708409548,-0.0027404476422816515,0,-0.0238,0.0162
William Karlsson,VGK,8476448,0,0.005059702321887016,0.004670970141887665,0,-0.0149,0.0251
William Karlsson,VGK,8476448,1,0.005055687855929136,0.004670970141887665,0,-0.0149,0.0251
William Karlsson,VGK,8476448,2,0.005051645450294018,0.004670970141887665,0,-0.0149,0.0251
William Karlsson,VGK,8476448,3,0.005046985112130642,0.004670970141887665,0,-0.015,0.025
William Karlsson,VGK,8476448,4,0.005041812546551228,0.004670970141887665,1,-0.015,0.025
William Karlsson,VGK,8476448,5,0.005042045842856169,0.004670970141887665,0,-0.015,0.025
William Karlsson,VGK,8476448,6,0.005042199976742268,0.004670970141887665,0,-0.015,0.025
William Karlsson,VGK,8476448,7,0.0050422996282577515,0.004670970141887665,0,-0.015,0.025
William Karlsson,VGK,8476448,8,0.005042295902967453,0.004670970141887665,0,-0.015,0.025
Adam Larsson,SEA,8476457,0,-0.00042071827920153737,-0.0004647636378649622,0,-0.0204,0.0196
Adam Larsson,SEA,8476457,1,-0.0004201371921226382,-0.0004647636378649622,0,-0.0204,0.0196
Adam Larsson,SEA,8476457,2,-0.0004195801157038659,-0.0004647636378649622,0,-0.0204,0.0196
Adam Larsson,SEA,8476457,3,-0.00041963873081840575,-0.0004647636378649622,0,-0.0204,0.0196
Adam Larsson,SEA,8476457,4,-0.00042020395630970597,-0.0004647636378649622,0,-0.0204,0.0196
Adam Larsson,SEA,8476457,5,-0.0004199836403131485,-0.0004647636378649622,0,-0.0204,0.0196
Adam Larsson,SEA,8476457,6,-0.00041983704431913793,-0.0004647636378649622,0,-0.0204,0.0196
Adam Larsson,SEA,8476457,7,-0.0004197414964437485,-0.0004647636378649622,0,-0.0204,0.0196
Adam Larsson,SEA,8476457,8,-0.00041974763735197484,-0.0004647636378649622,0,-0.0204,0.0196
Jamie Oleksiak,SEA,8476467,0,-0.001237029442563653,-0.0008306375821121037,0,-0.0212,0.0188
Jamie Oleksiak,SEA,8476467,1,-0.0012364510912448168,-0.0008306375821121037,0,-0.0212,0.0188
Jamie Oleksiak,SEA,8476467,2,-0.0012358970707282424,-0.0008306375821121037,0,-0.0212,0.0188
Jamie Oleksiak,SEA,8476467,3,-0.001235957839526236,-0.0008306375821121037,0,-0.0212,0.0188
Jamie Oleksiak,SEA,8476467,4,-0.0012365253642201424,-0.0008306375821121037,0,-0.0212,0.0188
Jamie Oleksiak,SEA,8476467,5,-0.0012363065034151077,-0.0008306375821121037,0,-0.0212,0.0188
Jamie Oleksiak,SEA,8476467,6,-0.0012361606350168586,-0.0008306375821121037,0,-0.0212,0.0188
Jamie Oleksiak,SEA,8476467,7,-0.001236066105775535,-0.0008306375821121037,0,-0.0212,0.0188
Jamie Oleksiak,SEA,8476467,8,-0.00123607215937227,-0.0008306375821121037,0,-0.0212,0.0188
Tristan Luneau,ANA,8483482,0,-0.00030959912692196667,-0.0003292677574791014,0,-0.0203,0.0197
Tristan Luneau,ANA,8483482,1,-0.000309016730170697,-0.0003292677574791014,0,-0.0203,0.0197
Tristan Luneau,ANA,8483482,2,-0.0003084585187025368,-0.0003292677574791014,0,-0.0203,0.0197
Tristan Luneau,ANA,8483482,3,-0.0003085161151830107,-0.0003292677574791014,0,-0.0203,0.0197
Tristan Luneau,ANA,8483482,4,-0.0003090808168053627,-0.0003292677574791014,0,-0.0203,0.0197
Tristan Luneau,ANA,8483482,5,-0.00030885968590155244,-0.0003292677574791014,0,-0.0203,0.0197
Tristan Luneau,ANA,8483482,6,-0.0003087128861807287,-0.0003292677574791014,0,-0.0203,0.0197
Tristan Luneau,ANA,8483482,7,-0.00030861684354022145,-0.0003292677574791014,0,-0.0203,0.0197
Tristan Luneau,ANA,8483482,8,-0.00030862315907143056,-0.0003292677574791014,0,-0.0203,0.0197
Cam Fowler,STL,8475764,0,0.0039407312870025635,0.0025458703748881817,0,-0.0161,0.0239
Cam Fowler,STL,8475764,1,0.0039413305930793285,0.0025458703748881817,0,-0.0161,0.0239
Cam Fowler,STL,8475764,2,0.0039419010281562805,0.0025458703748881817,0,-0.0161,0.0239
Cam Fowler,STL,8475764,3,0.003941856324672699,0.0025458703748881817,0,-0.0161,0.0239
Cam Fowler,STL,8475764,4,0.003941299859434366,0.0025458703748881817,0,-0.0161,0.0239
Cam Fowler,STL,8475764,5,0.003941528964787722,0.0025458703748881817,0,-0.0161,0.0239
Cam Fowler,STL,8475764,6,0.003941680304706097,0.0025458703748881817,0,-0.0161,0.0239
Cam Fowler,STL,8475764,7,0.003941780421882868,0.0025458703748881817,0,-0.0161,0.0239
Cam Fowler,STL,8475764,8,0.003941772971302271,0.0025458703748881817,0,-0.0161,0.0239
Mike Matheson,MTL,8476875,0,-0.009214572608470917,-0.006897598505020142,0,-0.0292,0.0108
Mike Matheson,MTL,8476875,1,-0.00922816339880228,-0.006897598505020142,1,-0.0292,0.0108
Mike Matheson,MTL,8476875,2,-0.009232306852936745,-0.006897598505020142,1,-0.0292,0.0108
Mike Matheson,MTL,8476875,3,-0.00923238880932331,-0.006897598505020142,0,-0.0292,0.0108
Mike Matheson,MTL,8476875,4,-0.009232977405190468,-0.006897598505020142,0,-0.0292,0.0108
Mike Matheson,MTL,8476875,5,-0.009232765063643456,-0.006897598505020142,0,-0.0292,0.0108
Mike Matheson,MTL,8476875,6,-0.00923263467848301,-0.006897598505020142,0,-0.0292,0.0108
Mike Matheson,MTL,8476875,7,-0.009232540614902973,-0.006897598505020142,0,-0.0292,0.0108
Mike Matheson,MTL,8476875,8,-0.009232553653419018,-0.006897598505020142,0,-0.0292,0.0108
Justin Danforth,BUF,8479941,0,-0.0012848841724917293,-0.0013285399181768298,0,-0.0213,0.0187
Justin Danforth,BUF,8479941,1,-0.0012843080330640078,-0.0013285399181768298,0,-0.0213,0.0187
Justin Danforth,BUF,8479941,2,-0.0012837548274546862,-0.0013285399181768298,0,-0.0213,0.0187
Justin Danforth,BUF,8479941,3,-0.0012838169932365417,-0.0013285399181768298,0,-0.0213,0.0187
Justin Danforth,BUF,8479941,4,-0.0012843851000070572,-0.0013285399181768298,0,-0.0213,0.0187
Justin Danforth,BUF,8479941,5,-0.0012841667048633099,-0.0013285399181768298,0,-0.0213,0.0187
Justin Danforth,BUF,8479941,6,-0.001284022000618279,-0.0013285399181768298,0,-0.0213,0.0187
Justin Danforth,BUF,8479941,7,-0.0012839272385463119,-0.0013285399181768298,0,-0.0213,0.0187
Justin Danforth,BUF,8479941,8,-0.001283933874219656,-0.0013285399181768298,0,-0.0213,0.0187
Miles Wood,CBJ,8477425,0,0.0014282710617408156,0.0012323645642027259,0,-0.0186,0.0214
Miles Wood,CBJ,8477425,1,0.001428860705345869,0.0012323645642027259,0,-0.0186,0.0214
Miles Wood,CBJ,8477425,2,0.0014294252032414079,0.0012323645642027259,0,-0.0186,0.0214
Miles Wood,CBJ,8477425,3,0.001429372699931264,0.0012323645642027259,0,-0.0186,0.0214
Miles Wood,CBJ,8477425,4,0.0014288126258179545,0.0012323645642027259,0,-0.0186,0.0214
Miles Wood,CBJ,8477425,5,0.0014290370745584369,0.0012323645642027259,0,-0.0186,0.0214
Miles Wood,CBJ,8477425,6,0.0014291866682469845,0.0012323645642027259,0,-0.0186,0.0214
Miles Wood,CBJ,8477425,7,0.0014292835257947445,0.0012323645642027259,0,-0.0186,0.0214
Miles Wood,CBJ,8477425,8,0.0014292782871052623,0.0012323645642027259,0,-0.0186,0.0214
Connor Zary,CGY,8482074,0,-0.00322684645652771,-0.0014631212688982487,0,-0.0232,0.0168
Connor Zary,CGY,8482074,1,-0.0032262736931443214,-0.0014631212688982487,0,-0.0232,0.0168
Connor Zary,CGY,8482074,2,-0.0032257239799946547,-0.0014631212688982487,0,-0.0232,0.0168
Connor Zary,CGY,8482074,3,-0.003225788939744234,-0.0014631212688982487,0,-0.0232,0.0168
Connor Zary,CGY,8482074,4,-0.0032263589091598988,-0.0014631212688982487,0,-0.0232,0.0168
Connor Zary,CGY,8482074,5,-0.003226142143830657,-0.0014631212688982487,0,-0.0232,0.0168
Connor Zary,CGY,8482074,6,-0.00322599895298481,-0.0014631212688982487,0,-0.0232,0.0168
Connor Zary,CGY,8482074,7,-0.0032259051222354174,-0.0014631212688982487,0,-0.0232,0.0168
Connor Zary,CGY,8482074,8,-0.0032259116414934397,-0.0014631212688982487,0,-0.0232,0.0168
Oliver Bjorkstrand,TBL,8477416,0,-0.0028040960896760225,-0.0014715902507305145,0,-0.0228,0.0172
Oliver Bjorkstrand,TBL,8477416,1,-0.002803519368171692,-0.0014715902507305145,0,-0.0228,0.0172
Oliver Bjorkstrand,TBL,8477416,2,-0.0028029668610543013,-0.0014715902507305145,0,-0.0228,0.0172
Oliver Bjorkstrand,TBL,8477416,3,-0.002803028794005513,-0.0014715902507305145,0,-0.0228,0.0172
Oliver Bjorkstrand,TBL,8477416,4,-0.002803596667945385,-0.0014715902507305145,0,-0.0228,0.0172
Oliver Bjorkstrand,TBL,8477416,5,-0.002803378738462925,-0.0014715902507305145,0,-0.0228,0.0172
Oliver Bjorkstrand,TBL,8477416,6,-0.0028032336849719286,-0.0014715902507305145,0,-0.0228,0.0172
Oliver Bjorkstrand,TBL,8477416,7,-0.0028031393885612488,-0.0014715902507305145,0,-0.0228,0.0172
Oliver Bjorkstrand,TBL,8477416,8,-0.002803145907819271,-0.0014715902507305145,0,-0.0228,0.0172
Will Borgen,NYR,8478840,0,0.0015665581449866295,0.0016640624962747097,0,-0.0184,0.0216
Will Borgen,NYR,8478840,1,0.001567151746712625,0.0016640624962747097,0,-0.0184,0.0216
Will Borgen,NYR,8478840,2,0.0015677192714065313,0.0016640624962747097,0,-0.0184,0.0216
Will Borgen,NYR,8478840,3,0.0015676702605560422,0.0016640624962747097,0,-0.0184,0.0216
Will Borgen,NYR,8478840,4,0.001567111467011273,0.0016640624962747097,0,-0.0184,0.0216
Will Borgen,NYR,8478840,5,0.0015673385933041573,0.0016640624962747097,0,-0.0184,0.0216
Will Borgen,NYR,8478840,6,0.0015674886526539922,0.0016640624962747097,0,-0.0184,0.0216
Will Borgen,NYR,8478840,7,0.0015675867907702923,0.0016640624962747097,0,-0.0184,0.0216
Will Borgen,NYR,8478840,8,0.0015675814356654882,0.0016640624962747097,0,-0.0184,0.0216
Yanni Gourde,TBL,8476826,0,-0.003462094347923994,-0.0026537629310041666,0,-0.0235,0.0165
Yanni Gourde,TBL,8476826,1,-0.0034615264739841223,-0.0026537629310041666,0,-0.0235,0.0165
Yanni Gourde,TBL,8476826,2,-0.0034609788563102484,-0.0026537629310041666,0,-0.0235,0.0165
Yanni Gourde,TBL,8476826,3,-0.0034610480070114136,-0.0026537629310041666,0,-0.0235,0.0165
Yanni Gourde,TBL,8476826,4,-0.00346161937341094,-0.0026537629310041666,0,-0.0235,0.0165
Yanni Gourde,TBL,8476826,5,-0.0034614058677107096,-0.0026537629310041666,0,-0.0235,0.0165
Yanni Gourde,TBL,8476826,6,-0.0034612626768648624,-0.0026537629310041666,0,-0.0235,0.0165
Yanni Gourde,TBL,8476826,7,-0.0034611697774380445,-0.0026537629310041666,0,-0.0235,0.0165
Yanni Gourde,TBL,8476826,8,-0.0034611776936799288,-0.0026537629310041666,0,-0.0235,0.0165
Brandon Saad,VGK,8476438,0,-0.0026987832970917225,-0.002234433079138398,0,-0.0227,0.0173
Brandon Saad,VGK,8476438,1,-0.0026982121635228395,-0.002234433079138398,0,-0.0227,0.0173
Brandon Saad,VGK,8476438,2,-0.0026976633816957474,-0.002234433079138398,0,-0.0227,0.0173
Brandon Saad,VGK,8476438,3,-0.0026977297384291887,-0.002234433079138398,0,-0.0227,0.0173
Brandon Saad,VGK,8476438,4,-0.0026983008719980717,-0.002234433079138398,0,-0.0227,0.0173
Brandon Saad,VGK,8476438,5,-0.0026980845723301172,-0.002234433079138398,0,-0.0227,0.0173
Brandon Saad,VGK,8476438,6,-0.00269794138148427,-0.002234433079138398,0,-0.0227,0.0173
Brandon Saad,VGK,8476438,7,-0.002697848016396165,-0.002234433079138398,0,-0.0227,0.0173
Brandon Saad,VGK,8476438,8,-0.002697855234146118,-0.002234433079138398,0,-0.0227,0.0173
Alexey Toropchenko,STL,8480281,0,-0.0022701320704072714,-0.001857037772424519,0,-0.0223,0.0177
Alexey Toropchenko,STL,8480281,1,-0.0022695567458868027,-0.001857037772424519,0,-0.0223,0.0177
Alexey Toropchenko,STL,8480281,2,-0.0022690067999064922,-0.001857037772424519,0,-0.0223,0.0177
Alexey Toropchenko,STL,8480281,3,-0.002269068965688348,-0.001857037772424519,0,-0.0223,0.0177
Alexey Toropchenko,STL,8480281,4,-0.002269639167934656,-0.001857037772424519,0,-0.0223,0.0177
Alexey Toropchenko,STL,8480281,5,-0.0022694214712828398,-0.001857037772424519,0,-0.0223,0.0177
Alexey Toropchenko,STL,8480281,6,-0.0022692771162837744,-0.001857037772424519,0,-0.0223,0.0177
Alexey Toropchenko,STL,8480281,7,-0.0022691828198730946,-0.001857037772424519,0,-0.0223,0.0177
Alexey Toropchenko,STL,8480281,8,-0.0022691895719617605,-0.001857037772424519,0,-0.0223,0.0177
Jackson LaCombe,ANA,8481605,0,-0.008879898115992546,-0.004899534396827221,0,-0.0289,0.0111
Jackson LaCombe,ANA,8481605,1,-0.008888578973710537,-0.004899534396827221,0,-0.0289,0.0111
Jackson LaCombe,ANA,8481605,2,-0.00889727845788002,-0.004899534396827221,0,-0.0289,0.0111
Jackson LaCombe,ANA,8481605,3,-0.00890659261494875,-0.004899534396827221,2,-0.023,0.0052
Jackson LaCombe,ANA,8481605,4,-0.00890717376023531,-0.004899534396827221,0,-0.0289,0.0111
Jackson LaCombe,ANA,8481605,5,-0.008906959556043148,-0.004899534396827221,0,-0.0289,0.0111
Jackson LaCombe,ANA,8481605,6,-0.00890682265162468,-0.004899534396827221,0,-0.0289,0.0111
Jackson LaCombe,ANA,8481605,7,-0.008906732313334942,-0.004899534396827221,0,-0.0289,0.0111
Jackson LaCombe,ANA,8481605,8,-0.008906736969947815,-0.004899534396827221,0,-0.0289,0.0111
Ryan Graves,PIT,8477435,0,-0.00015179443289525807,-0.00017962721176445484,0,-0.0202,0.0198
Ryan Graves,PIT,8477435,1,-0.00015121187607292086,-0.00017962721176445484,0,-0.0202,0.0198
Ryan Graves,PIT,8477435,2,-0.0001506535627413541,-0.00017962721176445484,0,-0.0202,0.0198
Ryan Graves,PIT,8477435,3,-0.00015071107191033661,-0.00017962721176445484,0,-0.0202,0.0198
Ryan Graves,PIT,8477435,4,-0.00015127554070204496,-0.00017962721176445484,0,-0.0202,0.0198
Ryan Graves,PIT,8477435,5,-0.00015105448255781084,-0.00017962721176445484,0,-0.0202,0.0198
Ryan Graves,PIT,8477435,6,-0.0001509073917986825,-0.00017962721176445484,0,-0.0202,0.0198
Ryan Graves,PIT,8477435,7,-0.00015081156743690372,-0.00017962721176445484,0,-0.0202,0.0198
Ryan Graves,PIT,8477435,8,-0.00015081762103363872,-0.00017962721176445484,0,-0.0202,0.0198
Tyson Barrie,,8475197,0,-0.00011815110337920487,-0.0001623415300855413,0,-0.0201,0.0199
Tyson Barrie,,8475197,1,-0.00011756824096664786,-0.0001623415300855413,0,-0.0201,0.0199
Tyson Barrie,,8475197,2,-0.0001170097166323103,-0.0001623415300855413,0,-0.0201,0.0199
Tyson Barrie,,8475197,3,-0.0001170668620034121,-0.0001623415300855413,0,-0.0201,0.0199
Tyson Barrie,,8475197,4,-0.00011763132351916283,-0.0001623415300855413,0,-0.0201,0.0199
Tyson Barrie,,8475197,5,-0.00011740997433662415,-0.0001623415300855413,0,-0.0201,0.0199
Tyson Barrie,,8475197,6,-0.00011726289812941104,-0.0001623415300855413,0,-0.0201,0.0199
Tyson Barrie,,8475197,7,-0.00011716694280039519,-0.0001623415300855413,0,-0.0201,0.0199
Tyson Barrie,,8475197,8,-0.0001171730036730878,-0.0001623415300855413,0,-0.0201,0.0199
Luke Hughes,NJD,8482684,0,-0.000995335285551846,-0.0006285656709223986,0,-0.021,0.019
Luke Hughes,NJD,8482684,1,-0.0009947551880031824,-0.0006285656709223986,0,-0.021,0.019
Luke Hughes,NJD,8482684,2,-0.0009941990720108151,-0.0006285656709223986,0,-0.021,0.019
Luke Hughes,NJD,8482684,3,-0.0009942578617483377,-0.0006285656709223986,0,-0.021,0.019
Luke Hughes,NJD,8482684,4,-0.0009948244551196694,-0.0006285656709223986,0,-0.021,0.019
Luke Hughes,NJD,8482684,5,-0.000994604080915451,-0.0006285656709223986,0,-0.021,0.019
Luke Hughes,NJD,8482684,6,-0.0009944579796865582,-0.0006285656709223986,0,-0.021,0.019
Luke Hughes,NJD,8482684,7,-0.0009943627519533038,-0.0006285656709223986,0,-0.021,0.019
Luke Hughes,NJD,8482684,8,-0.000994368689134717,-0.0006285656709223986,0,-0.021,0.019
Alex Pietrangelo,VGK,8474565,0,0.0003696796193253249,0.00032545477733947337,0,-0.0196,0.0204
Alex Pietrangelo,VGK,8474565,1,0.0003702630056068301,0.00032545477733947337,0,-0.0196,0.0204
Alex Pietrangelo,VGK,8474565,2,0.0003708218573592603,0.00032545477733947337,0,-0.0196,0.0204
Alex Pietrangelo,VGK,8474565,3,0.00037076493026688695,0.00032545477733947337,0,-0.0196,0.0204
Alex Pietrangelo,VGK,8474565,4,0.00037020083982497454,0.00032545477733947337,0,-0.0196,0.0204
Alex Pietrangelo,VGK,8474565,5,0.00037042226176708937,0.00032545477733947337,0,-0.0196,0.0204
Alex Pietrangelo,VGK,8474565,6,0.0003705695562530309,0.00032545477733947337,0,-0.0196,0.0204
Alex Pietrangelo,VGK,8474565,7,0.0003706655406858772,0.00032545477733947337,0,-0.0196,0.0204
Alex Pietrangelo,VGK,8474565,8,0.0003706595744006336,0.00032545477733947337,0,-0.0196,0.0204
Kirby Dach,MTL,8481523,0,-0.0026258050929754972,-0.0026294903364032507,0,-0.0226,0.0174
Kirby Dach,MTL,8481523,1,-0.002625234890729189,-0.0026294903364032507,0,-0.0226,0.0174
Kirby Dach,MTL,8481523,2,-0.002624689834192395,-0.0026294903364032507,0,-0.0226,0.0174
Kirby Dach,MTL,8481523,3,-0.002624757355079055,-0.0026294903364032507,0,-0.0226,0.0174
Kirby Dach,MTL,8481523,4,-0.0026253298856317997,-0.0026294903364032507,0,-0.0226,0.0174
Kirby Dach,MTL,8481523,5,-0.002625115914270282,-0.0026294903364032507,0,-0.0226,0.0174
Kirby Dach,MTL,8481523,6,-0.002624973189085722,-0.0026294903364032507,0,-0.0226,0.0174
Kirby Dach,MTL,8481523,7,-0.0026248798239976168,-0.0026294903364032507,0,-0.0226,0.0174
Kirby Dach,MTL,8481523,8,-0.0026248872745782137,-0.0026294903364032507,0,-0.0226,0.0174
Dmitry Orlov,SJS,8475200,0,-0.0033848686143755913,-0.0029038400389254093,0,-0.0234,0.0166
Dmitry Orlov,SJS,8475200,1,-0.003384300274774432,-0.0029038400389254093,0,-0.0234,0.0166
Dmitry Orlov,SJS,8475200,2,-0.003383754752576351,-0.0029038400389254093,0,-0.0234,0.0166
Dmitry Orlov,SJS,8475200,3,-0.003383822273463011,-0.0029038400389254093,0,-0.0234,0.0166
Dmitry Orlov,SJS,8475200,4,-0.003384395968168974,-0.0029038400389254093,0,-0.0234,0.0166
Dmitry Orlov,SJS,8475200,5,-0.0033841810654848814,-0.0029038400389254093,0,-0.0234,0.0166
Dmitry Orlov,SJS,8475200,6,-0.003384039271622896,-0.0029038400389254093,0,-0.0234,0.0166
Dmitry Orlov,SJS,8475200,7,-0.0033839463721960783,-0.0029038400389254093,0,-0.0234,0.0166
Dmitry Orlov,SJS,8475200,8,-0.003383953357115388,-0.0029038400389254093,0,-0.0234,0.0166
Oliver Wahlstrom,,8480789,0,-0.0012744433479383588,-0.001318134251050651,0,-0.0213,0.0187
Oliver Wahlstrom,,8480789,1,-0.0012738663936033845,-0.001318134251050651,0,-0.0213,0.0187
Oliver Wahlstrom,,8480789,2,-0.0012733129551634192,-0.001318134251050651,0,-0.0213,0.0187
Oliver Wahlstrom,,8480789,3,-0.0012733745388686657,-0.001318134251050651,0,-0.0213,0.0187
Oliver Wahlstrom,,8480789,4,-0.0012739424128085375,-0.001318134251050651,0,-0.0213,0.0187
Oliver Wahlstrom,,8480789,5,-0.0012737242504954338,-0.001318134251050651,0,-0.0213,0.0187
Oliver Wahlstrom,,8480789,6,-0.001273578847758472,-0.001318134251050651,0,-0.0213,0.0187
Oliver Wahlstrom,,8480789,7,-0.0012734843185171485,-0.001318134251050651,0,-0.0213,0.0187
Oliver Wahlstrom,,8480789,8,-0.0012734908377751708,-0.001318134251050651,0,-0.0213,0.0187
Nick Paul,TBL,8477426,0,-0.0007579448283649981,0.0005830571171827614,0,-0.0208,0.0192
Nick Paul,TBL,8477426,1,-0.0007730423239991069,0.0005830571171827614,1,-0.0208,0.0192
Nick Paul,TBL,8477426,2,-0.0007724820170551538,0.0005830571171827614,0,-0.0208,0.0192
Nick Paul,TBL,8477426,3,-0.0007725378382019699,0.0005830571171827614,0,-0.0208,0.0192
Nick Paul,TBL,8477426,4,-0.0007731008226983249,0.0005830571171827614,0,-0.0208,0.0192
Nick Paul,TBL,8477426,5,-0.00077287876047194,0.0005830571171827614,0,-0.0208,0.0192
Nick Paul,TBL,8477426,6,-0.0007727309712208807,0.0005830571171827614,0,-0.0208,0.0192
Nick Paul,TBL,8477426,7,-0.000772634579334408,0.0005830571171827614,0,-0.0208,0.0192
Nick Paul,TBL,8477426,8,-0.0007726405165158212,0.0005830571171827614,0,-0.0208,0.0192
Joel Edmundson,LAK,8476441,0,-0.0016737543046474457,-0.0010561080416664481,0,-0.0217,0.0183
Joel Edmundson,LAK,8476441,1,-0.0016810857923701406,-0.0010561080416664481,1,-0.0217,0.0183
Joel Edmundson,LAK,8476441,2,-0.0016805322375148535,-0.0010561080416664481,0,-0.0217,0.0183
Joel Edmundson,LAK,8476441,3,-0.0016805941704660654,-0.0010561080416664481,0,-0.0217,0.0183
Joel Edmundson,LAK,8476441,4,-0.0016811616951599717,-0.0010561080416664481,0,-0.0217,0.0183
Joel Edmundson,LAK,8476441,5,-0.0016809434164315462,-0.0010561080416664481,0,-0.0217,0.0183
Joel Edmundson,LAK,8476441,6,-0.0016807980136945844,-0.0010561080416664481,0,-0.0217,0.0183
Joel Edmundson,LAK,8476441,7,-0.001680703484453261,-0.0010561080416664481,0,-0.0217,0.0183
Joel Edmundson,LAK,8476441,8,-0.0016807097708806396,-0.0010561080416664481,0,-0.0217,0.0183
Ryan Donato,CHI,8477987,0,-0.006778627634048462,-0.0038634503725916147,0,-0.0268,0.0132
Ryan Donato,CHI,8477987,1,-0.006778066046535969,-0.0038634503725916147,0,-0.0268,0.0132
Ryan Donato,CHI,8477987,2,-0.006777528673410416,-0.0038634503725916147,0,-0.0268,0.0132
Ryan Donato,CHI,8477987,3,-0.006777600850909948,-0.0038634503725916147,0,-0.0268,0.0132
Ryan Donato,CHI,8477987,4,-0.006778181064873934,-0.0038634503725916147,0,-0.0268,0.0132
Ryan Donato,CHI,8477987,5,-0.006777969188988209,-0.0038634503725916147,0,-0.0268,0.0132
Ryan Donato,CHI,8477987,6,-0.0067778294906020164,-0.0038634503725916147,0,-0.0268,0.0132
Ryan Donato,CHI,8477987,7,-0.0067777386866509914,-0.0038634503725916147,0,-0.0268,0.0132
Ryan Donato,CHI,8477987,8,-0.006777745205909014,-0.0038634503725916147,0,-0.0268,0.0132
Tye Kartye,NYR,8481789,0,0.005301591008901596,0.003590366570279002,0,-0.0147,0.0253
Tye Kartye,NYR,8481789,1,0.005302194971591234,0.003590366570279002,0,-0.0147,0.0253
Tye Kartye,NYR,8481789,2,0.005302770063281059,0.003590366570279002,0,-0.0147,0.0253
Tye Kartye,NYR,8481789,3,0.005302730016410351,0.003590366570279002,0,-0.0147,0.0253
Tye Kartye,NYR,8481789,4,0.005302175413817167,0.003590366570279002,0,-0.0147,0.0253
Tye Kartye,NYR,8481789,5,0.005302407778799534,0.003590366570279002,0,-0.0147,0.0253
Tye Kartye,NYR,8481789,6,0.005302560981363058,0.003590366570279002,0,-0.0147,0.0253
Tye Kartye,NYR,8481789,7,0.0053026615642011166,0.003590366570279002,0,-0.0147,0.0253
Tye Kartye,NYR,8481789,8,0.0053026569075882435,0.003590366570279002,0,-0.0147,0.0253
Oliver Ekman-Larsson,TOR,8475171,0,-0.0022414680570364,5.03551127621904e-05,0,-0.0222,0.0178
Oliver Ekman-Larsson,TOR,8475171,1,-0.0022408808581531048,5.03551127621904e-05,0,-0.0222,0.0178
Oliver Ekman-Larsson,TOR,8475171,2,-0.0022403199691325426,5.03551127621904e-05,0,-0.0222,0.0178
Oliver Ekman-Larsson,TOR,8475171,3,-0.0022403739858418703,5.03551127621904e-05,0,-0.0222,0.0178
Oliver Ekman-Larsson,TOR,8475171,4,-0.0022409367375075817,5.03551127621904e-05,0,-0.0222,0.0178
Oliver Ekman-Larsson,TOR,8475171,5,-0.0022407134529203176,5.03551127621904e-05,0,-0.0222,0.0178
Oliver Ekman-Larsson,TOR,8475171,6,-0.0022405649069696665,5.03551127621904e-05,0,-0.0222,0.0178
Oliver Ekman-Larsson,TOR,8475171,7,-0.0022404685150831938,5.03551127621904e-05,0,-0.0222,0.0178
Oliver Ekman-Larsson,TOR,8475171,8,-0.0022404741030186415,5.03551127621904e-05,0,-0.0222,0.0178
Ryan Lindgren,SEA,8479324,0,-0.0007418247987516224,-0.0006703264079988003,0,-0.0207,0.0193
Ryan Lindgren,SEA,8479324,1,-0.000741245225071907,-0.0006703264079988003,0,-0.0207,0.0193
Ryan Lindgren,SEA,8479324,2,-0.0007406896911561489,-0.0006703264079988003,0,-0.0207,0.0193
Ryan Lindgren,SEA,8479324,3,-0.000740749528631568,-0.0006703264079988003,0,-0.0207,0.0193
Ryan Lindgren,SEA,8479324,4,-0.0007413158309645951,-0.0006703264079988003,0,-0.0207,0.0193
Ryan Lindgren,SEA,8479324,5,-0.0007410961552523077,-0.0006703264079988003,0,-0.0207,0.0193
Ryan Lindgren,SEA,8479324,6,-0.0007409502286463976,-0.0006703264079988003,0,-0.0207,0.0193
Ryan Lindgren,SEA,8479324,7,-0.0007408548262901604,-0.0006703264079988003,0,-0.0207,0.0193
Ryan Lindgren,SEA,8479324,8,-0.0007408613455481827,-0.0006703264079988003,0,-0.0207,0.0193
Taylor Raddysh,NYR,8479390,0,-0.002583430614322424,-0.0023480579257011414,0,-0.0226,0.0174
Taylor Raddysh,NYR,8479390,1,-0.0025828604120761156,-0.0023480579257011414,0,-0.0226,0.0174
Taylor Raddysh,NYR,8479390,2,-0.0025823120959103107,-0.0023480579257011414,0,-0.0226,0.0174
Taylor Raddysh,NYR,8479390,3,-0.0025823789183050394,-0.0023480579257011414,0,-0.0226,0.0174
Taylor Raddysh,NYR,8479390,4,-0.0025829500518739223,-0.0023480579257011414,0,-0.0226,0.0174
Taylor Raddysh,NYR,8479390,5,-0.0025827353820204735,-0.0023480579257011414,0,-0.0226,0.0174
Taylor Raddysh,NYR,8479390,6,-0.0025825912598520517,-0.0023480579257011414,0,-0.0226,0.0174
Taylor Raddysh,NYR,8479390,7,-0.002582499524578452,-0.0023480579257011414,0,-0.0226,0.0174
Taylor Raddysh,NYR,8479390,8,-0.002582504414021969,-0.0023480579257011414,0,-0.0226,0.0174
Dylan Strome,WSH,8478440,0,0.017446959391236305,0.011287926696240902,0,-0.0026,0.0374
Dylan Strome,WSH,8478440,1,0.01744758151471615,0.011287926696240902,0,-0.0026,0.0374
Dylan Strome,WSH,8478440,2,0.0174481812864542,0.011287926696240902,0,-0.0026,0.0374
Dylan Strome,WSH,8478440,3,0.01744815520942211,0.011287926696240902,0,-0.0026,0.0374
Dylan Strome,WSH,8478440,4,0.017447615042328835,0.011287926696240902,0,-0.0026,0.0374
Dylan Strome,WSH,8478440,5,0.017447859048843384,0.011287926696240902,0,-0.0026,0.0374
Dylan Strome,WSH,8478440,6,0.017448021098971367,0.011287926696240902,0,-0.0026,0.0374
Dylan Strome,WSH,8478440,7,0.017448125407099724,0.011287926696240902,0,-0.0026,0.0374
Dylan Strome,WSH,8478440,8,0.017448121681809425,0.011287926696240902,0,-0.0026,0.0374
Zack MacEwen,NJD,8479772,0,-3.586911770980805e-05,-8.00915586296469e-05,0,-0.02,0.02
Zack MacEwen,NJD,8479772,1,-3.528579691192135e-05,-8.00915586296469e-05,0,-0.02,0.02
Zack MacEwen,NJD,8479772,2,-3.472697426332161e-05,-8.00915586296469e-05,0,-0.02,0.02
Zack MacEwen,NJD,8479772,3,-3.4783857699949294e-05,-8.00915586296469e-05,0,-0.02,0.02
Zack MacEwen,NJD,8479772,4,-3.534804272931069e-05,-8.00915586296469e-05,0,-0.02,0.02
Zack MacEwen,NJD,8479772,5,-3.512658076942898e-05,-8.00915586296469e-05,0,-0.02,0.02
Zack MacEwen,NJD,8479772,6,-3.4979311749339104e-05,-8.00915586296469e-05,0,-0.02,0.02
Zack MacEwen,NJD,8479772,7,-3.488330912659876e-05,-8.00915586296469e-05,0,-0.02,0.02
Zack MacEwen,NJD,8479772,8,-3.4889344533439726e-05,-8.00915586296469e-05,0,-0.02,0.02
David Kampf,VAN,8480144,0,-0.0007802406325936317,-0.0007811716641299427,0,-0.0208,0.0192
David Kampf,VAN,8480144,1,-0.0007796612335368991,-0.0007811716641299427,0,-0.0208,0.0192
David Kampf,VAN,8480144,2,-0.0007791059906594455,-0.0007811716641299427,0,-0.0208,0.0192
David Kampf,VAN,8480144,3,-0.0007791658281348646,-0.0007811716641299427,0,-0.0208,0.0192
David Kampf,VAN,8480144,4,-0.0007797324215061963,-0.0007811716641299427,0,-0.0208,0.0192
David Kampf,VAN,8480144,5,-0.0007795129204168916,-0.0007811716641299427,0,-0.0208,0.0192
David Kampf,VAN,8480144,6,-0.0007793668773956597,-0.0007811716641299427,0,-0.0208,0.0192
David Kampf,VAN,8480144,7,-0.0007792717660777271,-0.0007811716641299427,0,-0.0208,0.0192
David Kampf,VAN,8480144,8,-0.0007792779360897839,-0.0007811716641299427,0,-0.0208,0.0192
Jordan Martinook,CAR,8476921,0,0.00045612003304995596,-0.00025754672242328525,0,-0.0195,0.0205
Jordan Martinook,CAR,8476921,1,0.000441238924395293,-0.00025754672242328525,0,-0.0196,0.0204
Jordan Martinook,CAR,8476921,2,0.000426333281211555,-0.00025754672242328525,0,-0.0196,0.0204
Jordan Martinook,CAR,8476921,3,0.00041081185918301344,-0.00025754672242328525,1,-0.0196,0.0204
Jordan Martinook,CAR,8476921,4,0.000401195022277534,-0.00025754672242328525,0,-0.0196,0.0204
Jordan Martinook,CAR,8476921,5,0.000392363901482895,-0.00025754672242328525,0,-0.0196,0.0204
Jordan Martinook,CAR,8476921,6,0.0003834583330899477,-0.00025754672242328525,0,-0.0196,0.0204
Jordan Martinook,CAR,8476921,7,0.00037450174568220973,-0.00025754672242328525,1,-0.0196,0.0204
Jordan Martinook,CAR,8476921,8,0.0003703160327859223,-0.00025754672242328525,1,-0.0196,0.0204
Kyle MacLean,NYI,8481237,0,-9.249767754226923e-05,-0.00013669270265381783,0,-0.0201,0.0199
Kyle MacLean,NYI,8481237,1,-9.191481512971222e-05,-0.00013669270265381783,0,-0.0201,0.0199
Kyle MacLean,NYI,8481237,2,-9.13561598281376e-05,-0.00013669270265381783,0,-0.0201,0.0199
Kyle MacLean,NYI,8481237,3,-9.1413407062646e-05,-0.00013669270265381783,0,-0.0201,0.0199
Kyle MacLean,NYI,8481237,4,-9.197766485158354e-05,-0.00013669270265381783,0,-0.0201,0.0199
Kyle MacLean,NYI,8481237,5,-9.175641753245145e-05,-0.00013669270265381783,0,-0.0201,0.0199
Kyle MacLean,NYI,8481237,6,-9.160925401374698e-05,-0.00013669270265381783,0,-0.0201,0.0199
Kyle MacLean,NYI,8481237,7,-9.151332778856158e-05,-0.00013669270265381783,0,-0.0201,0.0199
Kyle MacLean,NYI,8481237,8,-9.151940321316943e-05,-0.00013669270265381783,0,-0.0201,0.0199
Radko Gudas,ANA,8475462,0,0.0010332708479836583,0.0011794052552431822,0,-0.019,0.021
Radko Gudas,ANA,8475462,1,0.0010338611900806427,0.0011794052552431822,0,-0.019,0.021
Radko Gudas,ANA,8475462,2,0.001034425338730216,0.0011794052552431822,0,-0.019,0.021
Radko Gudas,ANA,8475462,3,0.001034373533912003,0.0011794052552431822,0,-0.019,0.021
Radko Gudas,ANA,8475462,4,0.0010338129941374063,0.0011794052552431822,0,-0.019,0.021
Radko Gudas,ANA,8475462,5,0.001034037908539176,0.0011794052552431822,0,-0.019,0.021
Radko Gudas,ANA,8475462,6,0.0010341869201511145,0.0011794052552431822,0,-0.019,0.021
Radko Gudas,ANA,8475462,7,0.001034284709021449,0.0011794052552431822,0,-0.019,0.021
Radko Gudas,ANA,8475462,8,0.0010342785390093923,0.0011794052552431822,0,-0.019,0.021
Wyatt Kaiser,CHI,8482176,0,-0.0016088115517050028,-0.0012443035375326872,0,-0.0216,0.0184
Wyatt Kaiser,CHI,8482176,1,-0.0016082344809547067,-0.0012443035375326872,0,-0.0216,0.0184
Wyatt Kaiser,CHI,8482176,2,-0.0016076823230832815,-0.0012443035375326872,0,-0.0216,0.0184
Wyatt Kaiser,CHI,8482176,3,-0.0016077440232038498,-0.0012443035375326872,0,-0.0216,0.0184
Wyatt Kaiser,CHI,8482176,4,-0.0016083127120509744,-0.0012443035375326872,0,-0.0216,0.0184
Wyatt Kaiser,CHI,8482176,5,-0.001608094316907227,-0.0012443035375326872,0,-0.0216,0.0184
Wyatt Kaiser,CHI,8482176,6,-0.0016079494962468743,-0.0012443035375326872,0,-0.0216,0.0184
Wyatt Kaiser,CHI,8482176,7,-0.001607854850590229,-0.0012443035375326872,0,-0.0216,0.0184
Wyatt Kaiser,CHI,8482176,8,-0.0016078612534329295,-0.0012443035375326872,0,-0.0216,0.0184
Noah Hanifin,VGK,8478396,0,0.000672613678034395,0.001627066871151328,0,-0.0193,0.0207
Noah Hanifin,VGK,8478396,1,0.0006569498218595982,0.001627066871151328,1,-0.0193,0.0207
Noah Hanifin,VGK,8478396,2,0.0006493816035799682,0.001627066871151328,0,-0.0194,0.0206
Noah Hanifin,VGK,8478396,3,0.0006411969661712646,0.001627066871151328,1,-0.0194,0.0206
Noah Hanifin,VGK,8478396,4,0.00063547701574862,0.001627066871151328,0,-0.0194,0.0206
Noah Hanifin,VGK,8478396,5,0.0006305418210104108,0.001627066871151328,0,-0.0194,0.0206
Noah Hanifin,VGK,8478396,6,0.0006255317130126059,0.001627066871151328,0,-0.0194,0.0206
Noah Hanifin,VGK,8478396,7,0.0006204692181199789,0.001627066871151328,0,-0.0194,0.0206
Noah Hanifin,VGK,8478396,8,0.0006153038120828569,0.001627066871151328,1,-0.0194,0.0206
Brandon Carlo,TOR,8478443,0,-0.0018307960126549006,-0.0013071326538920403,0,-0.0218,0.0182
Brandon Carlo,TOR,8478443,1,-0.0018302206881344318,-0.0013071326538920403,0,-0.0218,0.0182
Brandon Carlo,TOR,8478443,2,-0.0018296691123396158,-0.0013071326538920403,0,-0.0218,0.0182
Brandon Carlo,TOR,8478443,3,-0.0018297316273674369,-0.0013071326538920403,0,-0.0218,0.0182
Brandon Carlo,TOR,8478443,4,-0.0018303011311218143,-0.0013071326538920403,0,-0.0218,0.0182
Brandon Carlo,TOR,8478443,5,-0.0018300829688087106,-0.0013071326538920403,0,-0.0218,0.0182
Brandon Carlo,TOR,8478443,6,-0.0018299388466402888,-0.0013071326538920403,0,-0.0218,0.0182
Brandon Carlo,TOR,8478443,7,-0.0018298443173989654,-0.0013071326538920403,0,-0.0218,0.0182
Brandon Carlo,TOR,8478443,8,-0.0018298509530723095,-0.0013071326538920403,0,-0.0218,0.0182
Philip Tomasino,PHI,8481577,0,-0.001585286925546825,-0.0014567171456292272,0,-0.0216,0.0184
Philip Tomasino,PHI,8481577,1,-0.0015847107861191034,-0.0014567171456292272,0,-0.0216,0.0184
Philip Tomasino,PHI,8481577,2,-0.001584158162586391,-0.0014567171456292272,0,-0.0216,0.0184
Philip Tomasino,PHI,8481577,3,-0.0015842205611988902,-0.0014567171456292272,0,-0.0216,0.0184
Philip Tomasino,PHI,8481577,4,-0.0015847890172153711,-0.0014567171456292272,0,-0.0216,0.0184
Philip Tomasino,PHI,8481577,5,-0.0015845710877329111,-0.0014567171456292272,0,-0.0216,0.0184
Philip Tomasino,PHI,8481577,6,-0.0015844260342419147,-0.0014567171456292272,0,-0.0216,0.0184
Philip Tomasino,PHI,8481577,7,-0.001584331621415913,-0.0014567171456292272,0,-0.0216,0.0184
Philip Tomasino,PHI,8481577,8,-0.0015843381406739354,-0.0014567171456292272,0,-0.0216,0.0184
Juuso Parssinen,NYR,8481704,0,-0.0005746289389207959,-0.0006186017417348921,0,-0.0206,0.0194
Juuso Parssinen,NYR,8481704,1,-0.0005740483175031841,-0.0006186017417348921,0,-0.0206,0.0194
Juuso Parssinen,NYR,8481704,2,-0.0005734922597184777,-0.0006186017417348921,0,-0.0206,0.0194
Juuso Parssinen,NYR,8481704,3,-0.000573551282286644,-0.0006186017417348921,0,-0.0206,0.0194
Juuso Parssinen,NYR,8481704,4,-0.0005741171189583838,-0.0006186017417348921,0,-0.0206,0.0194
Juuso Parssinen,NYR,8481704,5,-0.0005738972686231136,-0.0006186017417348921,0,-0.0206,0.0194
Juuso Parssinen,NYR,8481704,6,-0.0005737508763559163,-0.0006186017417348921,0,-0.0206,0.0194
Juuso Parssinen,NYR,8481704,7,-0.0005736555904150009,-0.0006186017417348921,0,-0.0206,0.0194
Juuso Parssinen,NYR,8481704,8,-0.0005736618186347187,-0.0006186017417348921,0,-0.0206,0.0194
Artturi Lehkonen,COL,8477476,0,-0.006716663483530283,-0.005850283429026604,0,-0.0267,0.0133
Artturi Lehkonen,COL,8477476,1,-0.006755415350198746,-0.005850283429026604,0,-0.0268,0.0132
Artturi Lehkonen,COL,8477476,2,-0.0067941914312541485,-0.005850283429026604,0,-0.0268,0.0132
Artturi Lehkonen,COL,8477476,3,-0.006833577994257212,-0.005850283429026604,2,-0.0209,0.0073
Artturi Lehkonen,COL,8477476,4,-0.006840481422841549,-0.005850283429026604,0,-0.0268,0.0132
Artturi Lehkonen,COL,8477476,5,-0.0068465955555438995,-0.005850283429026604,1,-0.0268,0.0132
Artturi Lehkonen,COL,8477476,6,-0.0068464577198028564,-0.005850283429026604,0,-0.0268,0.0132
Artturi Lehkonen,COL,8477476,7,-0.006846365984529257,-0.005850283429026604,0,-0.0268,0.0132
Artturi Lehkonen,COL,8477476,8,-0.006846373900771141,-0.005850283429026604,0,-0.0268,0.0132
T.J. Tynan,COL,8476391,0,-0.0008844875846989453,-0.0009284004336223006,0,-0.0209,0.0191
T.J. Tynan,COL,8476391,1,-0.0008839082438498735,-0.0009284004336223006,0,-0.0209,0.0191
T.J. Tynan,COL,8476391,2,-0.0008833525353111327,-0.0009284004336223006,0,-0.0209,0.0191
T.J. Tynan,COL,8476391,3,-0.0008834120235405862,-0.0009284004336223006,0,-0.0209,0.0191
T.J. Tynan,COL,8476391,4,-0.0008839786751195788,-0.0009284004336223006,0,-0.0209,0.0191
T.J. Tynan,COL,8476391,5,-0.0008837586501613259,-0.0009284004336223006,0,-0.0209,0.0191
T.J. Tynan,COL,8476391,6,-0.0008836130728013813,-0.0009284004336223006,0,-0.0209,0.0191
T.J. Tynan,COL,8476391,7,-0.0008835172629915178,-0.0009284004336223006,0,-0.0209,0.0191
T.J. Tynan,COL,8476391,8,-0.0008835241314955056,-0.0009284004336223006,0,-0.0209,0.0191
Jake DeBrusk,VAN,8478498,0,0.03655390441417694,0.02440669573843479,0,0.0166,0.0566
Jake DeBrusk,VAN,8478498,1,0.03655453398823738,0.02440669573843479,0,0.0166,0.0566
Jake DeBrusk,VAN,8478498,2,0.036555152386426926,0.02440669573843479,0,0.0166,0.0566
Jake DeBrusk,VAN,8478498,3,0.03655514493584633,0.02440669573843479,0,0.0166,0.0566
Jake DeBrusk,VAN,8478498,4,0.03655461221933365,0.02440669573843479,0,0.0166,0.0566
Jake DeBrusk,VAN,8478498,5,0.03655487298965454,0.02440669573843479,0,0.0166,0.0566
Jake DeBrusk,VAN,8478498,6,0.036555033177137375,0.02440669573843479,0,0.0166,0.0566
Jake DeBrusk,VAN,8478498,7,0.03655514493584633,0.02440669573843479,0,0.0166,0.0566
Jake DeBrusk,VAN,8478498,8,0.03655514493584633,0.02440669573843479,0,0.0166,0.0566
Zach Bogosian,MIN,8474567,0,-0.0007519969367422163,-0.0007959145586937666,0,-0.0208,0.0192
Zach Bogosian,MIN,8474567,1,-0.00075141730485484,-0.0007959145586937666,0,-0.0208,0.0192
Zach Bogosian,MIN,8474567,2,-0.0007508615381084383,-0.0007959145586937666,0,-0.0208,0.0192
Zach Bogosian,MIN,8474567,3,-0.0007509211427532136,-0.0007959145586937666,0,-0.0208,0.0192
Zach Bogosian,MIN,8474567,4,-0.0007514875032939017,-0.0007959145586937666,0,-0.0208,0.0192
Zach Bogosian,MIN,8474567,5,-0.0007512677693739533,-0.0007959145586937666,0,-0.0208,0.0192
Zach Bogosian,MIN,8474567,6,-0.0007511218427680433,-0.0007959145586937666,0,-0.0208,0.0192
Zach Bogosian,MIN,8474567,7,-0.0007510263239964843,-0.0007959145586937666,0,-0.0208,0.0192
Zach Bogosian,MIN,8474567,8,-0.0007510327268391848,-0.0007959145586937666,0,-0.0208,0.0192
Jared Spurgeon,MIN,8474716,0,-0.0021273137535899878,-0.0011262486223131418,1,-0.0221,0.0179
Jared Spurgeon,MIN,8474716,1,-0.002146177226677537,-0.0011262486223131418,0,-0.0221,0.0179
Jared Spurgeon,MIN,8474716,2,-0.0021650625858455896,-0.0011262486223131418,0,-0.0222,0.0178
Jared Spurgeon,MIN,8474716,3,-0.0021845654118806124,-0.0011262486223131418,1,-0.0222,0.0178
Jared Spurgeon,MIN,8474716,4,-0.0021935156546533108,-0.0011262486223131418,1,-0.0222,0.0178
Jared Spurgeon,MIN,8474716,5,-0.0021932977251708508,-0.0011262486223131418,0,-0.0222,0.0178
Jared Spurgeon,MIN,8474716,6,-0.002193151507526636,-0.0011262486223131418,0,-0.0222,0.0178
Jared Spurgeon,MIN,8474716,7,-0.0021930574439466,-0.0011262486223131418,0,-0.0222,0.0178
Jared Spurgeon,MIN,8474716,8,-0.0021930625662207603,-0.0011262486223131418,0,-0.0222,0.0178
Cody Ceci,LAK,8476879,0,-0.0015426345635205507,-0.001507883658632636,0,-0.0215,0.0185
Cody Ceci,LAK,8476879,1,-0.0015420590061694384,-0.001507883658632636,0,-0.0215,0.0185
Cody Ceci,LAK,8476879,2,-0.0015415077796205878,-0.001507883658632636,0,-0.0215,0.0185
Cody Ceci,LAK,8476879,3,-0.0015415702946484089,-0.001507883658632636,0,-0.0215,0.0185
Cody Ceci,LAK,8476879,4,-0.0015421396819874644,-0.001507883658632636,0,-0.0215,0.0185
Cody Ceci,LAK,8476879,5,-0.0015419217525050044,-0.001507883658632636,0,-0.0215,0.0185
Cody Ceci,LAK,8476879,6,-0.0015417776303365827,-0.001507883658632636,0,-0.0215,0.0185
Cody Ceci,LAK,8476879,7,-0.0015416829846799374,-0.001507883658632636,0,-0.0215,0.0185
Cody Ceci,LAK,8476879,8,-0.0015416897367686033,-0.001507883658632636,0,-0.0215,0.0185
Brandon Tanev,UTA,8479293,0,-0.0010984649416059256,-0.001142179244197905,0,-0.0211,0.0189
Brandon Tanev,UTA,8479293,1,-0.0010978876380249858,-0.001142179244197905,0,-0.0211,0.0189
Brandon Tanev,UTA,8479293,2,-0.0010973340831696987,-0.001142179244197905,0,-0.0211,0.0189
Brandon Tanev,UTA,8479293,3,-0.0010973955504596233,-0.001142179244197905,0,-0.0211,0.0189
Brandon Tanev,UTA,8479293,4,-0.0010979630751535296,-0.001142179244197905,0,-0.0211,0.0189
Brandon Tanev,UTA,8479293,5,-0.001097744912840426,-0.001142179244197905,0,-0.0211,0.0189
Brandon Tanev,UTA,8479293,6,-0.0010975992772728205,-0.001142179244197905,0,-0.0211,0.0189
Brandon Tanev,UTA,8479293,7,-0.0010975046316161752,-0.001142179244197905,0,-0.0211,0.0189
Brandon Tanev,UTA,8479293,8,-0.001097510801628232,-0.001142179244197905,0,-0.0211,0.0189
Cole Schwindt,FLA,8481655,0,-0.0013135517947375774,-0.0008263106574304402,0,-0.0213,0.0187
Cole Schwindt,FLA,8481655,1,-0.001312972977757454,-0.0008263106574304402,0,-0.0213,0.0187
Cole Schwindt,FLA,8481655,2,-0.001312417327426374,-0.0008263106574304402,0,-0.0213,0.0187
Cole Schwindt,FLA,8481655,3,-0.0013124772813171148,-0.0008263106574304402,0,-0.0213,0.0187
Cole Schwindt,FLA,8481655,4,-0.0013130438746884465,-0.0008263106574304402,0,-0.0213,0.0187
Cole Schwindt,FLA,8481655,5,-0.0013128247810527682,-0.0008263106574304402,0,-0.0213,0.0187
Cole Schwindt,FLA,8481655,6,-0.0013126778649166226,-0.0008263106574304402,0,-0.0213,0.0187
Cole Schwindt,FLA,8481655,7,-0.0013125838013365865,-0.0008263106574304402,0,-0.0213,0.0187
Cole Schwindt,FLA,8481655,8,-0.0013125889236107469,-0.0008263106574304402,0,-0.0213,0.0187
Nicolas Roy,TOR,8478462,0,0.0016068046679720283,0.00037743718712590635,0,-0.0184,0.0216
Nicolas Roy,TOR,8478462,1,0.001607392798177898,0.00037743718712590635,0,-0.0184,0.0216
Nicolas Roy,TOR,8478462,2,0.0016079555498436093,0.00037743718712590635,0,-0.0184,0.0216
Nicolas Roy,TOR,8478462,3,0.0016079024644568563,0.00037743718712590635,0,-0.0184,0.0216
Nicolas Roy,TOR,8478462,4,0.0016073411097750068,0.00037743718712590635,0,-0.0184,0.0216
Nicolas Roy,TOR,8478462,5,0.0016075647436082363,0.00037743718712590635,0,-0.0184,0.0216
Nicolas Roy,TOR,8478462,6,0.001607713638804853,0.00037743718712590635,0,-0.0184,0.0216
Nicolas Roy,TOR,8478462,7,0.0016078108455985785,0.00037743718712590635,0,-0.0184,0.0216
Nicolas Roy,TOR,8478462,8,0.0016078047920018435,0.00037743718712590635,0,-0.0184,0.0216
Macklin Celebrini,SJS,8484801,0,-0.007810673210769892,-0.005976096261292696,0,-0.0278,0.0122
Macklin Celebrini,SJS,8484801,1,-0.007810106035321951,-0.005976096261292696,0,-0.0278,0.0122
Macklin Celebrini,SJS,8484801,2,-0.007809559814631939,-0.005976096261292696,0,-0.0278,0.0122
Macklin Celebrini,SJS,8484801,3,-0.00780963059514761,-0.005976096261292696,0,-0.0278,0.0122
Macklin Celebrini,SJS,8484801,4,-0.007810202427208424,-0.005976096261292696,0,-0.0278,0.0122
Macklin Celebrini,SJS,8484801,5,-0.007809990551322699,-0.005976096261292696,0,-0.0278,0.0122
Macklin Celebrini,SJS,8484801,6,-0.007809846196323633,-0.005976096261292696,0,-0.0278,0.0122
Macklin Celebrini,SJS,8484801,7,-0.00780975678935647,-0.005976096261292696,0,-0.0278,0.0122
Macklin Celebrini,SJS,8484801,8,-0.007809759117662907,-0.005976096261292696,0,-0.0278,0.0122
Timothy Liljegren,SJS,8480043,0,0.0004709803906735033,0.0005949177430011332,0,-0.0195,0.0205
Timothy Liljegren,SJS,8480043,1,0.00047156779328361154,0.0005949177430011332,0,-0.0195,0.0205
Timothy Liljegren,SJS,8480043,2,0.0004721305158454925,0.0005949177430011332,0,-0.0195,0.0205
Timothy Liljegren,SJS,8480043,3,0.0004720765573438257,0.0005949177430011332,0,-0.0195,0.0205
Timothy Liljegren,SJS,8480043,4,0.0004715151444543153,0.0005949177430011332,0,-0.0195,0.0205
Timothy Liljegren,SJS,8480043,5,0.0004717384872492403,0.0005949177430011332,0,-0.0195,0.0205
Timothy Liljegren,SJS,8480043,6,0.00047188723692670465,0.0005949177430011332,0,-0.0195,0.0205
Timothy Liljegren,SJS,8480043,7,0.00047198394895531237,0.0005949177430011332,0,-0.0195,0.0205
Timothy Liljegren,SJS,8480043,8,0.00047197844833135605,0.0005949177430011332,0,-0.0195,0.0205
Jason Dickinson,CHI,8477450,0,8.280629845103249e-05,0.0006489469087682664,0,-0.0199,0.0201
Jason Dickinson,CHI,8477450,1,8.33925005281344e-05,0.0006489469087682664,0,-0.0199,0.0201
Jason Dickinson,CHI,8477450,2,8.395366603508592e-05,0.0006489469087682664,0,-0.0199,0.0201
Jason Dickinson,CHI,8477450,3,8.389890717808157e-05,0.0006489469087682664,0,-0.0199,0.0201
Jason Dickinson,CHI,8477450,4,8.333636651514098e-05,0.0006489469087682664,0,-0.0199,0.0201
Jason Dickinson,CHI,8477450,5,8.355919999303296e-05,0.0006489469087682664,0,-0.0199,0.0201
Jason Dickinson,CHI,8477450,6,8.370734576601535e-05,0.0006489469087682664,0,-0.0199,0.0201
Jason Dickinson,CHI,8477450,7,8.38039704831317e-05,0.0006489469087682664,0,-0.0199,0.0201
Jason Dickinson,CHI,8477450,8,8.379809150937945e-05,0.0006489469087682664,0,-0.0199,0.0201
Connor Clifton,PIT,8477365,0,-0.0018316431669518352,-0.001421853550709784,0,-0.0218,0.0182
Connor Clifton,PIT,8477365,1,-0.0018310679588466883,-0.001421853550709784,0,-0.0218,0.0182
Connor Clifton,PIT,8477365,2,-0.0018305162666365504,-0.001421853550709784,0,-0.0218,0.0182
Connor Clifton,PIT,8477365,3,-0.0018305793637409806,-0.001421853550709784,0,-0.0218,0.0182
Connor Clifton,PIT,8477365,4,-0.0018311480525881052,-0.001421853550709784,0,-0.0218,0.0182
Connor Clifton,PIT,8477365,5,-0.0018309311708435416,-0.001421853550709784,0,-0.0218,0.0182
Connor Clifton,PIT,8477365,6,-0.0018307857681065798,-0.001421853550709784,0,-0.0218,0.0182
Connor Clifton,PIT,8477365,7,-0.0018306924030184746,-0.001421853550709784,0,-0.0218,0.0182
Connor Clifton,PIT,8477365,8,-0.0018306979909539223,-0.001421853550709784,0,-0.0218,0.0182
Will Smith,SJS,8484227,0,0.011182786896824837,0.007332577835768461,0,-0.0088,0.0312
Will Smith,SJS,8484227,1,0.011183401569724083,0.007332577835768461,0,-0.0088,0.0312
Will Smith,SJS,8484227,2,0.01118399202823639,0.007332577835768461,0,-0.0088,0.0312
Will Smith,SJS,8484227,3,0.011183959431946278,0.007332577835768461,0,-0.0088,0.0312
Will Smith,SJS,8484227,4,0.011183415539562702,0.007332577835768461,0,-0.0088,0.0312
Will Smith,SJS,8484227,5,0.011183652095496655,0.007332577835768461,0,-0.0088,0.0312
Will Smith,SJS,8484227,6,0.011183813214302063,0.007332577835768461,0,-0.0088,0.0312
Will Smith,SJS,8484227,7,0.011183912865817547,0.007332577835768461,0,-0.0088,0.0312
Will Smith,SJS,8484227,8,0.011183911934494972,0.007332577835768461,0,-0.0088,0.0312
Niko Mikkola,FLA,8478859,0,-0.0010685190791264176,-0.0009036394185386598,0,-0.0211,0.0189
Niko Mikkola,FLA,8478859,1,-0.0010679397964850068,-0.0009036394185386598,0,-0.0211,0.0189
Niko Mikkola,FLA,8478859,2,-0.0010673844953998923,-0.0009036394185386598,0,-0.0211,0.0189
Niko Mikkola,FLA,8478859,3,-0.0010674447985365987,-0.0009036394185386598,0,-0.0211,0.0189
Niko Mikkola,FLA,8478859,4,-0.0010680112754926085,-0.0009036394185386598,0,-0.0211,0.0189
Niko Mikkola,FLA,8478859,5,-0.0010677920654416084,-0.0009036394185386598,0,-0.0211,0.0189
Niko Mikkola,FLA,8478859,6,-0.0010676461970433593,-0.0009036394185386598,0,-0.0211,0.0189
Niko Mikkola,FLA,8478859,7,-0.001067550852894783,-0.0009036394185386598,0,-0.0211,0.0189
Niko Mikkola,FLA,8478859,8,-0.0010675574885681272,-0.0009036394185386598,0,-0.0211,0.0189
William Carrier,CAR,8477478,0,-0.0003628522390499711,-0.00040692684706300497,0,-0.0204,0.0196
William Carrier,CAR,8477478,1,-0.0003622708027251065,-0.00040692684706300497,0,-0.0204,0.0196
William Carrier,CAR,8477478,2,-0.0003617134061641991,-0.00040692684706300497,0,-0.0204,0.0196
William Carrier,CAR,8477478,3,-0.00036177170113660395,-0.00040692684706300497,0,-0.0204,0.0196
William Carrier,CAR,8477478,4,-0.00036233686842024326,-0.00040692684706300497,0,-0.0204,0.0196
William Carrier,CAR,8477478,5,-0.0003621162031777203,-0.00040692684706300497,0,-0.0204,0.0196
William Carrier,CAR,8477478,6,-0.0003619695780798793,-0.00040692684706300497,0,-0.0204,0.0196
William Carrier,CAR,8477478,7,-0.00036187382647767663,-0.00040692684706300497,0,-0.0204,0.0196
William Carrier,CAR,8477478,8,-0.00036188008380122483,-0.00040692684706300497,0,-0.0204,0.0196
Dylan Samberg,WPG,8480049,0,-0.002373968018218875,-0.0017865035915747285,0,-0.0224,0.0176
Dylan Samberg,WPG,8480049,1,-0.002373394090682268,-0.0017865035915747285,0,-0.0224,0.0176
Dylan Samberg,WPG,8480049,2,-0.0023728441447019577,-0.0017865035915747285,0,-0.0224,0.0176
Dylan Samberg,WPG,8480049,3,-0.002372907707467675,-0.0017865035915747285,0,-0.0224,0.0176
Dylan Samberg,WPG,8480049,4,-0.0023734774440526962,-0.0017865035915747285,0,-0.0224,0.0176
Dylan Samberg,WPG,8480049,5,-0.002373260911554098,-0.0017865035915747285,0,-0.0224,0.0176
Dylan Samberg,WPG,8480049,6,-0.0023731167893856764,-0.0017865035915747285,0,-0.0224,0.0176
Dylan Samberg,WPG,8480049,7,-0.0023730227258056402,-0.0017865035915747285,0,-0.0224,0.0176
Dylan Samberg,WPG,8480049,8,-0.002373029012233019,-0.0017865035915747285,0,-0.0224,0.0176
Zac Jones,BUF,8481708,0,-0.0014935845974832773,-0.0015371369663625956,0,-0.0215,0.0185
Zac Jones,BUF,8481708,1,-0.001493009738624096,-0.0015371369663625956,0,-0.0215,0.0185
Zac Jones,BUF,8481708,2,-0.0014924573479220271,-0.0015371369663625956,0,-0.0215,0.0185
Zac Jones,BUF,8481708,3,-0.001492520677857101,-0.0015371369663625956,0,-0.0215,0.0185
Zac Jones,BUF,8481708,4,-0.0014930892502889037,-0.0015371369663625956,0,-0.0215,0.0185
Zac Jones,BUF,8481708,5,-0.0014928719028830528,-0.0015371369663625956,0,-0.0215,0.0185
Zac Jones,BUF,8481708,6,-0.0014927268493920565,-0.0015371369663625956,0,-0.0215,0.0185
Zac Jones,BUF,8481708,7,-0.0014926329022273421,-0.0015371369663625956,0,-0.0215,0.0185
Zac Jones,BUF,8481708,8,-0.0014926391886547208,-0.0015371369663625956,0,-0.0215,0.0185
Justin Brazeau,PIT,8479638,0,-0.0004829076351597905,0.00015445023018401116,0,-0.0205,0.0195
Justin Brazeau,PIT,8479638,1,-0.0004823231720365584,0.00015445023018401116,0,-0.0205,0.0195
Justin Brazeau,PIT,8479638,2,-0.000481762777781114,0.00015445023018401116,0,-0.0205,0.0195
Justin Brazeau,PIT,8479638,3,-0.0004818190063815564,0.00015445023018401116,0,-0.0205,0.0195
Justin Brazeau,PIT,8479638,4,-0.00048238213639706373,0.00015445023018401116,0,-0.0205,0.0195
Justin Brazeau,PIT,8479638,5,-0.0004821601905860007,0.00015445023018401116,0,-0.0205,0.0195
Justin Brazeau,PIT,8479638,6,-0.0004820124013349414,0.00015445023018401116,0,-0.0205,0.0195
Justin Brazeau,PIT,8479638,7,-0.0004819161258637905,0.00015445023018401116,0,-0.0205,0.0195
Justin Brazeau,PIT,8479638,8,-0.0004819220630452037,0.00015445023018401116,0,-0.0205,0.0195
Pierre Engvall,NYI,8478115,0,-0.00019810169760603458,-0.00024228033726103604,0,-0.0202,0.0198
Pierre Engvall,NYI,8478115,1,-0.00019751899526454508,-0.00024228033726103604,0,-0.0202,0.0198
Pierre Engvall,NYI,8478115,2,-0.00019696052186191082,-0.00024228033726103604,0,-0.0202,0.0198
Pierre Engvall,NYI,8478115,3,-0.00019701788551174104,-0.00024228033726103604,0,-0.0202,0.0198
Pierre Engvall,NYI,8478115,4,-0.00019758228154387325,-0.00024228033726103604,0,-0.0202,0.0198
Pierre Engvall,NYI,8478115,5,-0.00019736116519197822,-0.00024228033726103604,0,-0.0202,0.0198
Pierre Engvall,NYI,8478115,6,-0.00019721398712135851,-0.00024228033726103604,0,-0.0202,0.0198
Pierre Engvall,NYI,8478115,7,-0.00019711813365574926,-0.00024228033726103604,0,-0.0202,0.0198
Pierre Engvall,NYI,8478115,8,-0.00019712417270056903,-0.00024228033726103604,0,-0.0202,0.0198
Jakub Vrana,,8477944,0,0.006296282168477774,0.006249271333217621,0,-0.0137,0.0263
Jakub Vrana,,8477944,1,0.006296895910054445,0.006249271333217621,0,-0.0137,0.0263
Jakub Vrana,,8477944,2,0.006297485437244177,0.006249271333217621,0,-0.0137,0.0263
Jakub Vrana,,8477944,3,0.006297452375292778,0.006249271333217621,0,-0.0137,0.0263
Jakub Vrana,,8477944,4,0.006296908017247915,0.006249271333217621,0,-0.0137,0.0263
Jakub Vrana,,8477944,5,0.006297145504504442,0.006249271333217621,0,-0.0137,0.0263
Jakub Vrana,,8477944,6,0.006297303829342127,0.006249271333217621,0,-0.0137,0.0263
Jakub Vrana,,8477944,7,0.006297407206147909,0.006249271333217621,0,-0.0137,0.0263
Jakub Vrana,,8477944,8,0.0062974016182124615,0.006249271333217621,0,-0.0137,0.0263
Dennis Cholowski,NJD,8479395,0,-0.000900403072591871,-0.0008746803505346179,0,-0.0209,0.0191
Dennis Cholowski,NJD,8479395,1,-0.0008998243138194084,-0.0008746803505346179,0,-0.0209,0.0191
Dennis Cholowski,NJD,8479395,2,-0.0008992690709419549,-0.0008746803505346179,0,-0.0209,0.0191
Dennis Cholowski,NJD,8479395,3,-0.0008993291994556785,-0.0008746803505346179,0,-0.0209,0.0191
Dennis Cholowski,NJD,8479395,4,-0.0008998959674499929,-0.0008746803505346179,0,-0.0209,0.0191
Dennis Cholowski,NJD,8479395,5,-0.00089967658277601,-0.0008746803505346179,0,-0.0209,0.0191
Dennis Cholowski,NJD,8479395,6,-0.0008995308307930827,-0.0008746803505346179,0,-0.0209,0.0191
Dennis Cholowski,NJD,8479395,7,-0.0008994356612674892,-0.0008746803505346179,0,-0.0209,0.0191
Dennis Cholowski,NJD,8479395,8,-0.0008994420641101897,-0.0008746803505346179,0,-0.0209,0.0191
Grant Hutton,,8480306,0,-0.00030386290745809674,-0.0003479951701592654,0,-0.0203,0.0197
Grant Hutton,,8480306,1,-0.000303280889056623,-0.0003479951701592654,0,-0.0203,0.0197
Grant Hutton,,8480306,2,-0.0003027227648999542,-0.0003479951701592654,0,-0.0203,0.0197
Grant Hutton,,8480306,3,-0.00030278059421107173,-0.0003479951701592654,0,-0.0203,0.0197
Grant Hutton,,8480306,4,-0.0003033453249372542,-0.0003479951701592654,0,-0.0203,0.0197
Grant Hutton,,8480306,5,-0.0003031244850717485,-0.0003479951701592654,0,-0.0203,0.0197
Grant Hutton,,8480306,6,-0.0003029774525202811,-0.0003479951701592654,0,-0.0203,0.0197
Grant Hutton,,8480306,7,-0.00030288175912573934,-0.0003479951701592654,0,-0.0203,0.0197
Grant Hutton,,8480306,8,-0.00030288781272247434,-0.0003479951701592654,0,-0.0203,0.0197
Gustav Forsling,FLA,8478055,0,-0.004579595290124416,-0.0032787108793854713,0,-0.0246,0.0154
Gustav Forsling,FLA,8478055,1,-0.004579030908644199,-0.0032787108793854713,0,-0.0246,0.0154
Gustav Forsling,FLA,8478055,2,-0.004578490275889635,-0.0032787108793854713,0,-0.0246,0.0154
Gustav Forsling,FLA,8478055,3,-0.004578559659421444,-0.0032787108793854713,0,-0.0246,0.0154
Gustav Forsling,FLA,8478055,4,-0.004579136148095131,-0.0032787108793854713,0,-0.0246,0.0154
Gustav Forsling,FLA,8478055,5,-0.004578923806548119,-0.0032787108793854713,0,-0.0246,0.0154
Gustav Forsling,FLA,8478055,6,-0.004578783176839352,-0.0032787108793854713,0,-0.0246,0.0154
Gustav Forsling,FLA,8478055,7,-0.004578689578920603,-0.0032787108793854713,0,-0.0246,0.0154
Gustav Forsling,FLA,8478055,8,-0.004578698892146349,-0.0032787108793854713,0,-0.0246,0.0154
Noah Cates,PHI,8480220,0,-0.004938372876495123,-0.004277636297047138,0,-0.0249,0.0151
Noah Cates,PHI,8480220,1,-0.0049378108233213425,-0.004277636297047138,0,-0.0249,0.0151
Noah Cates,PHI,8480220,2,-0.004937271121889353,-0.004277636297047138,0,-0.0249,0.0151
Noah Cates,PHI,8480220,3,-0.004937342368066311,-0.004277636297047138,0,-0.0249,0.0151
Noah Cates,PHI,8480220,4,-0.004937919322401285,-0.004277636297047138,0,-0.0249,0.0151
Noah Cates,PHI,8480220,5,-0.0049377079121768475,-0.004277636297047138,0,-0.0249,0.0151
Noah Cates,PHI,8480220,6,-0.004937568213790655,-0.004277636297047138,0,-0.0249,0.0151
Noah Cates,PHI,8480220,7,-0.0049374764785170555,-0.004277636297047138,0,-0.0249,0.0151
Noah Cates,PHI,8480220,8,-0.004937483463436365,-0.004277636297047138,0,-0.0249,0.0151
Jakub Lauko,,8480880,0,-5.23883500136435e-05,-9.662206139182672e-05,0,-0.0201,0.0199
Jakub Lauko,,8480880,1,-5.180493462830782e-05,-9.662206139182672e-05,0,-0.0201,0.0199
Jakub Lauko,,8480880,2,-5.124596646055579e-05,-9.662206139182672e-05,0,-0.0201,0.0199
Jakub Lauko,,8480880,3,-5.1302777137607336e-05,-9.662206139182672e-05,0,-0.0201,0.0199
Jakub Lauko,,8480880,4,-5.186683847568929e-05,-9.662206139182672e-05,0,-0.0201,0.0199
Jakub Lauko,,8480880,5,-5.16453328600619e-05,-9.662206139182672e-05,0,-0.0201,0.0199
Jakub Lauko,,8480880,6,-5.1498020184226334e-05,-9.662206139182672e-05,0,-0.0201,0.0199
Jakub Lauko,,8480880,7,-5.140200300957076e-05,-9.662206139182672e-05,0,-0.0201,0.0199
Jakub Lauko,,8480880,8,-5.1408016588538885e-05,-9.662206139182672e-05,0,-0.0201,0.0199
Tyler Myers,DAL,8474574,0,-0.0023600063286721706,-0.0019110455177724361,0,-0.0224,0.0176
Tyler Myers,DAL,8474574,1,-0.002359433565288782,-0.0019110455177724361,0,-0.0224,0.0176
Tyler Myers,DAL,8474574,2,-0.0023588859476149082,-0.0019110455177724361,0,-0.0224,0.0176
Tyler Myers,DAL,8474574,3,-0.0023589509073644876,-0.0019110455177724361,0,-0.0224,0.0176
Tyler Myers,DAL,8474574,4,-0.002359522972255945,-0.0019110455177724361,0,-0.0224,0.0176
Tyler Myers,DAL,8474574,5,-0.00235930597409606,-0.0019110455177724361,0,-0.0224,0.0176
Tyler Myers,DAL,8474574,6,-0.0023591634817421436,-0.0019110455177724361,0,-0.0224,0.0176
Tyler Myers,DAL,8474574,7,-0.0023590687196701765,-0.0019110455177724361,0,-0.0224,0.0176
Tyler Myers,DAL,8474574,8,-0.002359076403081417,-0.0019110455177724361,0,-0.0224,0.0176
Arber Xhekaj,MTL,8482964,0,-0.0002985031169373542,-0.00034260243410244584,0,-0.0203,0.0197
Arber Xhekaj,MTL,8482964,1,-0.00029792130226269364,-0.00034260243410244584,0,-0.0203,0.0197
Arber Xhekaj,MTL,8482964,2,-0.0002973636728711426,-0.00034260243410244584,0,-0.0203,0.0197
Arber Xhekaj,MTL,8482964,3,-0.00029742170590907335,-0.00034260243410244584,0,-0.0203,0.0197
Arber Xhekaj,MTL,8482964,4,-0.00029798675677739084,-0.00034260243410244584,0,-0.0203,0.0197
Arber Xhekaj,MTL,8482964,5,-0.0002977660042233765,-0.00034260243410244584,0,-0.0203,0.0197
Arber Xhekaj,MTL,8482964,6,-0.0002976192336063832,-0.00034260243410244584,0,-0.0203,0.0197
Arber Xhekaj,MTL,8482964,7,-0.000297523511108011,-0.00034260243410244584,0,-0.0203,0.0197
Arber Xhekaj,MTL,8482964,8,-0.0002975297102238983,-0.00034260243410244584,0,-0.0203,0.0197
Ilya Lyubushkin,DAL,8480950,0,-0.0009615230374038219,-0.0008215990965254605,0,-0.021,0.019
Ilya Lyubushkin,DAL,8480950,1,-0.0009609435801394284,-0.0008215990965254605,0,-0.021,0.019
Ilya Lyubushkin,DAL,8480950,2,-0.0009603880462236702,-0.0008215990965254605,0,-0.021,0.019
Ilya Lyubushkin,DAL,8480950,3,-0.0009604473598301411,-0.0008215990965254605,0,-0.021,0.019
Ilya Lyubushkin,DAL,8480950,4,-0.0009610138367861509,-0.0008215990965254605,0,-0.021,0.019
Ilya Lyubushkin,DAL,8480950,5,-0.0009607943939045072,-0.0008215990965254605,0,-0.021,0.019
Ilya Lyubushkin,DAL,8480950,6,-0.0009606481762602925,-0.0008215990965254605,0,-0.021,0.019
Ilya Lyubushkin,DAL,8480950,7,-0.0009605529485270381,-0.0008215990965254605,0,-0.021,0.019
Ilya Lyubushkin,DAL,8480950,8,-0.0009605591185390949,-0.0008215990965254605,0,-0.021,0.019
Jonah Gadjovich,FLA,8479981,0,-0.00036583669134415686,-0.0004099379584658891,0,-0.0204,0.0196
Jonah Gadjovich,FLA,8479981,1,-0.0003652548184618354,-0.0004099379584658891,0,-0.0204,0.0196
Jonah Gadjovich,FLA,8479981,2,-0.0003646971599664539,-0.0004099379584658891,0,-0.0204,0.0196
Jonah Gadjovich,FLA,8479981,3,-0.00036475525121204555,-0.0004099379584658891,0,-0.0204,0.0196
Jonah Gadjovich,FLA,8479981,4,-0.00036532021476887167,-0.0004099379584658891,0,-0.0204,0.0196
Jonah Gadjovich,FLA,8479981,5,-0.00036509946221485734,-0.0004099379584658891,0,-0.0204,0.0196
Jonah Gadjovich,FLA,8479981,6,-0.0003649527207016945,-0.0004099379584658891,0,-0.0204,0.0196
Jonah Gadjovich,FLA,8479981,7,-0.00036485696909949183,-0.0004099379584658891,0,-0.0204,0.0196
Jonah Gadjovich,FLA,8479981,8,-0.0003648631682153791,-0.0004099379584658891,0,-0.0204,0.0196
Kevin Rooney,UTA,8479291,0,-0.0006258203065954149,-0.0006697772769257426,0,-0.0206,0.0194
Kevin Rooney,UTA,8479291,1,-0.0006252400926314294,-0.0006697772769257426,0,-0.0206,0.0194
Kevin Rooney,UTA,8479291,2,-0.0006246840348467231,-0.0006697772769257426,0,-0.0206,0.0194
Kevin Rooney,UTA,8479291,3,-0.0006247432320378721,-0.0006697772769257426,0,-0.0206,0.0194
Kevin Rooney,UTA,8479291,4,-0.0006253094179555774,-0.0006697772769257426,0,-0.0206,0.0194
Kevin Rooney,UTA,8479291,5,-0.0006250894512049854,-0.0006697772769257426,0,-0.0206,0.0194
Kevin Rooney,UTA,8479291,6,-0.000624943058937788,-0.0006697772769257426,0,-0.0206,0.0194
Kevin Rooney,UTA,8479291,7,-0.0006248479476198554,-0.0006697772769257426,0,-0.0206,0.0194
Kevin Rooney,UTA,8479291,8,-0.0006248538848012686,-0.0006697772769257426,0,-0.0206,0.0194
Fraser Minten,BOS,8483489,0,-0.0021607293747365475,-0.0008906645816750824,0,-0.0222,0.0178
Fraser Minten,BOS,8483489,1,-0.0021747155115008354,-0.0008906645816750824,1,-0.0222,0.0178
Fraser Minten,BOS,8483489,2,-0.0021741618402302265,-0.0008906645816750824,0,-0.0222,0.0178
Fraser Minten,BOS,8483489,3,-0.002174221444875002,-0.0008906645816750824,0,-0.0222,0.0178
Fraser Minten,BOS,8483489,4,-0.0021747886203229427,-0.0008906645816750824,0,-0.0222,0.0178
Fraser Minten,BOS,8483489,5,-0.002174569293856621,-0.0008906645816750824,0,-0.0222,0.0178
Fraser Minten,BOS,8483489,6,-0.0021744240075349808,-0.0008906645816750824,0,-0.0222,0.0178
Fraser Minten,BOS,8483489,7,-0.002174328314140439,-0.0008906645816750824,0,-0.0222,0.0178
Fraser Minten,BOS,8483489,8,-0.002174335764721036,-0.0008906645816750824,0,-0.0222,0.0178
Steven Lorentz,TOR,8478904,0,0.0035697761923074722,0.0036999143194407225,0,-0.0164,0.0236
Steven Lorentz,TOR,8478904,1,0.003570378292351961,0.0036999143194407225,0,-0.0164,0.0236
Steven Lorentz,TOR,8478904,2,0.00357095361687243,0.0036999143194407225,0,-0.0164,0.0236
Steven Lorentz,TOR,8478904,3,0.003570910543203354,0.0036999143194407225,0,-0.0164,0.0236
Steven Lorentz,TOR,8478904,4,0.0035703578032553196,0.0036999143194407225,0,-0.0164,0.0236
Steven Lorentz,TOR,8478904,5,0.003570588305592537,0.0036999143194407225,0,-0.0164,0.0236
Steven Lorentz,TOR,8478904,6,0.003570741740986705,0.0036999143194407225,0,-0.0164,0.0236
Steven Lorentz,TOR,8478904,7,0.0035708416253328323,0.0036999143194407225,0,-0.0164,0.0236
Steven Lorentz,TOR,8478904,8,0.0035708367358893156,0.0036999143194407225,0,-0.0164,0.0236
TJ Brodie,,8474673,0,-0.00019434939895290881,-0.0002385183033766225,0,-0.0202,0.0198
TJ Brodie,,8474673,1,-0.00019376671116333455,-0.0002385183033766225,0,-0.0202,0.0198
TJ Brodie,,8474673,2,-0.00019320842693559825,-0.0002385183033766225,0,-0.0202,0.0198
TJ Brodie,,8474673,3,-0.00019326581968925893,-0.0002385183033766225,0,-0.0202,0.0198
TJ Brodie,,8474673,4,-0.0001938303466886282,-0.0002385183033766225,0,-0.0202,0.0198
TJ Brodie,,8474673,5,-0.0001936092012329027,-0.0002385183033766225,0,-0.0202,0.0198
TJ Brodie,,8474673,6,-0.0001934621686814353,-0.0002385183033766225,0,-0.0202,0.0198
TJ Brodie,,8474673,7,-0.00019336627156008035,-0.0002385183033766225,0,-0.0202,0.0198
TJ Brodie,,8474673,8,-0.0001933723979163915,-0.0002385183033766225,0,-0.0202,0.0198
Noel Acciari,PIT,8478569,0,0.0015401615528389812,1.719455212878529e-05,0,-0.0185,0.0215
Noel Acciari,PIT,8478569,1,0.0015407458413392305,1.719455212878529e-05,0,-0.0185,0.0215
Noel Acciari,PIT,8478569,2,0.001541306497529149,1.719455212878529e-05,0,-0.0185,0.0215
Noel Acciari,PIT,8478569,3,0.0015412503853440285,1.719455212878529e-05,0,-0.0185,0.0215
Noel Acciari,PIT,8478569,4,0.0015406872844323516,1.719455212878529e-05,0,-0.0185,0.0215
Noel Acciari,PIT,8478569,5,0.0015409092884510756,1.719455212878529e-05,0,-0.0185,0.0215
Noel Acciari,PIT,8478569,6,0.0015410571359097958,1.719455212878529e-05,0,-0.0185,0.0215
Noel Acciari,PIT,8478569,7,0.0015411532949656248,1.719455212878529e-05,0,-0.0185,0.0215
Noel Acciari,PIT,8478569,8,0.0015411474741995335,1.719455212878529e-05,0,-0.0185,0.0215
Isac Lundeström,CBJ,8480806,0,-0.003264139872044325,-0.0030188909731805325,0,-0.0233,0.0167
Isac Lundeström,CBJ,8480806,1,-0.0032635722309350967,-0.0030188909731805325,0,-0.0233,0.0167
Isac Lundeström,CBJ,8480806,2,-0.003263027174398303,-0.0030188909731805325,0,-0.0233,0.0167
Isac Lundeström,CBJ,8480806,3,-0.003263095859438181,-0.0030188909731805325,0,-0.0233,0.0167
Isac Lundeström,CBJ,8480806,4,-0.0032636686228215694,-0.0030188909731805325,0,-0.0233,0.0167
Isac Lundeström,CBJ,8480806,5,-0.0032634553499519825,-0.0030188909731805325,0,-0.0233,0.0167
Isac Lundeström,CBJ,8480806,6,-0.00326331309042871,-0.0030188909731805325,0,-0.0233,0.0167
Isac Lundeström,CBJ,8480806,7,-0.0032632199581712484,-0.0030188909731805325,0,-0.0233,0.0167
Isac Lundeström,CBJ,8480806,8,-0.003263227641582489,-0.0030188909731805325,0,-0.0233,0.0167
Alec Martinez,,8474166,0,-0.0002921284467447549,-0.0003362205461598933,0,-0.0203,0.0197
Alec Martinez,,8474166,1,-0.0002915468066930771,-0.0003362205461598933,0,-0.0203,0.0197
Alec Martinez,,8474166,2,-0.000290989235509187,-0.0003362205461598933,0,-0.0203,0.0197
Alec Martinez,,8474166,3,-0.0002910473558586091,-0.0003362205461598933,0,-0.0203,0.0197
Alec Martinez,,8474166,4,-0.0002916123776230961,-0.0003362205461598933,0,-0.0203,0.0197
Alec Martinez,,8474166,5,-0.0002913916832767427,-0.0003362205461598933,0,-0.0203,0.0197
Alec Martinez,,8474166,6,-0.00029124488355591893,-0.0003362205461598933,0,-0.0203,0.0197
Alec Martinez,,8474166,7,-0.0002911491901613772,-0.0003362205461598933,0,-0.0203,0.0197
Alec Martinez,,8474166,8,-0.000291155360173434,-0.0003362205461598933,0,-0.0203,0.0197
Marcus Foligno,MIN,8475220,0,0.004436935763806105,0.0027013528160750866,0,-0.0156,0.0244
Marcus Foligno,MIN,8475220,1,0.004437534138560295,0.0027013528160750866,0,-0.0156,0.0244
Marcus Foligno,MIN,8475220,2,0.00443810410797596,0.0027013528160750866,0,-0.0156,0.0244
Marcus Foligno,MIN,8475220,3,0.004438057541847229,0.0027013528160750866,0,-0.0156,0.0244
Marcus Foligno,MIN,8475220,4,0.004437502473592758,0.0027013528160750866,0,-0.0156,0.0244
Marcus Foligno,MIN,8475220,5,0.00443772878497839,0.0027013528160750866,0,-0.0156,0.0244
Marcus Foligno,MIN,8475220,6,0.004437881987541914,0.0027013528160750866,0,-0.0156,0.0244
Marcus Foligno,MIN,8475220,7,0.004437979776412249,0.0027013528160750866,0,-0.0156,0.0244
Marcus Foligno,MIN,8475220,8,0.0044379751197993755,0.0027013528160750866,0,-0.0156,0.0244
Christian Fischer,,8478432,0,-8.4016501205042e-05,-0.0001282189623452723,0,-0.0201,0.0199
Christian Fischer,,8478432,1,-8.343349327333272e-05,-0.0001282189623452723,0,-0.0201,0.0199
Christian Fischer,,8478432,2,-8.287480886792764e-05,-0.0001282189623452723,0,-0.0201,0.0199
Christian Fischer,,8478432,3,-8.293189603136852e-05,-0.0001282189623452723,0,-0.0201,0.0199
Christian Fischer,,8478432,4,-8.349618292413652e-05,-0.0001282189623452723,0,-0.0201,0.0199
Christian Fischer,,8478432,5,-8.327490650117397e-05,-0.0001282189623452723,0,-0.0201,0.0199
Christian Fischer,,8478432,6,-8.312767022289336e-05,-0.0001282189623452723,0,-0.0201,0.0199
Christian Fischer,,8478432,7,-8.303174399770796e-05,-0.0001282189623452723,0,-0.0201,0.0199
Christian Fischer,,8478432,8,-8.303773211082444e-05,-0.0001282189623452723,0,-0.0201,0.0199
Jonny Brodzinski,NYR,8477380,0,-0.0013898586621508002,-0.0011511249467730522,0,-0.0214,0.0186
Jonny Brodzinski,NYR,8477380,1,-0.001389281009323895,-0.0011511249467730522,0,-0.0214,0.0186
Jonny Brodzinski,NYR,8477380,2,-0.0013887262903153896,-0.0011511249467730522,0,-0.0214,0.0186
Jonny Brodzinski,NYR,8477380,3,-0.001388787874020636,-0.0011511249467730522,0,-0.0214,0.0186
Jonny Brodzinski,NYR,8477380,4,-0.0013893545838072896,-0.0011511249467730522,0,-0.0214,0.0186
Jonny Brodzinski,NYR,8477380,5,-0.0013891361886635423,-0.0011511249467730522,0,-0.0214,0.0186
Jonny Brodzinski,NYR,8477380,6,-0.001388989738188684,-0.0011511249467730522,0,-0.0214,0.0186
Jonny Brodzinski,NYR,8477380,7,-0.0013888959074392915,-0.0011511249467730522,0,-0.0214,0.0186
Jonny Brodzinski,NYR,8477380,8,-0.0013889012625440955,-0.0011511249467730522,0,-0.0214,0.0186
Jonas Brodin,MIN,8476463,0,-0.0010644342983141541,-0.0008838301873765886,0,-0.0211,0.0189
Jonas Brodin,MIN,8476463,1,-0.001063855248503387,-0.0008838301873765886,0,-0.0211,0.0189
Jonas Brodin,MIN,8476463,2,-0.001063300296664238,-0.0008838301873765886,0,-0.0211,0.0189
Jonas Brodin,MIN,8476463,3,-0.0010633603669703007,-0.0008838301873765886,0,-0.0211,0.0189
Jonas Brodin,MIN,8476463,4,-0.0010639269603416324,-0.0008838301873765886,0,-0.0211,0.0189
Jonas Brodin,MIN,8476463,5,-0.0010637077502906322,-0.0008838301873765886,0,-0.0211,0.0189
Jonas Brodin,MIN,8476463,6,-0.0010635615326464176,-0.0008838301873765886,0,-0.0211,0.0189
Jonas Brodin,MIN,8476463,7,-0.0010634667705744505,-0.0008838301873765886,0,-0.0211,0.0189
Jonas Brodin,MIN,8476463,8,-0.0010634728241711855,-0.0008838301873765886,0,-0.0211,0.0189
Brian Dumoulin,LAK,8475208,0,0.0010467760730534792,0.0012028636410832405,0,-0.019,0.021
Brian Dumoulin,LAK,8475208,1,0.0010473673464730382,0.0012028636410832405,0,-0.019,0.021
Brian Dumoulin,LAK,8475208,2,0.0010479323100298643,0.0012028636410832405,0,-0.019,0.021
Brian Dumoulin,LAK,8475208,3,0.0010478812037035823,0.0012028636410832405,0,-0.019,0.021
Brian Dumoulin,LAK,8475208,4,0.001047321013174951,0.0012028636410832405,0,-0.019,0.021
Brian Dumoulin,LAK,8475208,5,0.0010475462768226862,0.0012028636410832405,0,-0.019,0.021
Brian Dumoulin,LAK,8475208,6,0.001047695754095912,0.0012028636410832405,0,-0.019,0.021
Brian Dumoulin,LAK,8475208,7,0.0010477934265509248,0.0012028636410832405,0,-0.019,0.021
Brian Dumoulin,LAK,8475208,8,0.0010477876057848334,0.0012028636410832405,0,-0.019,0.021
Mario Ferraro,SJS,8479983,0,-0.0011894921772181988,-0.0008298305911011994,0,-0.0212,0.0188
Mario Ferraro,SJS,8479983,1,-0.0011889138258993626,-0.0008298305911011994,0,-0.0212,0.0188
Mario Ferraro,SJS,8479983,2,-0.001188359223306179,-0.0008298305911011994,0,-0.0212,0.0188
Mario Ferraro,SJS,8479983,3,-0.0011884195264428854,-0.0008298305911011994,0,-0.0212,0.0188
Mario Ferraro,SJS,8479983,4,-0.0011889867018908262,-0.0008298305911011994,0,-0.0212,0.0188
Mario Ferraro,SJS,8479983,5,-0.0011887677246704698,-0.0008298305911011994,0,-0.0212,0.0188
Mario Ferraro,SJS,8479983,6,-0.0011886215070262551,-0.0008298305911011994,0,-0.0212,0.0188
Mario Ferraro,SJS,8479983,7,-0.0011885272106155753,-0.0008298305911011994,0,-0.0212,0.0188
Mario Ferraro,SJS,8479983,8,-0.001188532798551023,-0.0008298305911011994,0,-0.0212,0.0188
Erik Brannstrom,,8480073,0,-0.00023807206889614463,-0.0002822025853674859,0,-0.0202,0.0198
Erik Brannstrom,,8480073,1,-0.00023748980311211199,-0.0002822025853674859,0,-0.0202,0.0198
Erik Brannstrom,,8480073,2,-0.00023693201364949346,-0.0002822025853674859,0,-0.0202,0.0198
Erik Brannstrom,,8480073,3,-0.00023698961012996733,-0.0002822025853674859,0,-0.0202,0.0198
Erik Brannstrom,,8480073,4,-0.00023755451547913253,-0.0002822025853674859,0,-0.0202,0.0198
Erik Brannstrom,,8480073,5,-0.0002373335009906441,-0.0002822025853674859,0,-0.0202,0.0198
Erik Brannstrom,,8480073,6,-0.00023718664306215942,-0.0002822025853674859,0,-0.0202,0.0198
Erik Brannstrom,,8480073,7,-0.00023709081870038062,-0.0002822025853674859,0,-0.0202,0.0198
Erik Brannstrom,,8480073,8,-0.00023709697416052222,-0.0002822025853674859,0,-0.0202,0.0198
Martin Pospisil,CGY,8481028,0,-0.0019158185459673405,-0.0019456687150523067,0,-0.0219,0.0181
Martin Pospisil,CGY,8481028,1,-0.0019152462482452393,-0.0019456687150523067,0,-0.0219,0.0181
Martin Pospisil,CGY,8481028,2,-0.001914697466418147,-0.0019456687150523067,0,-0.0219,0.0181
Martin Pospisil,CGY,8481028,3,-0.001914762076921761,-0.0019456687150523067,0,-0.0219,0.0181
Martin Pospisil,CGY,8481028,4,-0.001915333210490644,-0.0019456687150523067,0,-0.0219,0.0181
Martin Pospisil,CGY,8481028,5,-0.0019151167944073677,-0.0019456687150523067,0,-0.0219,0.0181
Martin Pospisil,CGY,8481028,6,-0.001914973370730877,-0.0019456687150523067,0,-0.0219,0.0181
Martin Pospisil,CGY,8481028,7,-0.001914879772812128,-0.0019456687150523067,0,-0.0219,0.0181
Martin Pospisil,CGY,8481028,8,-0.0019148862920701504,-0.0019456687150523067,0,-0.0219,0.0181
Erik Cernak,TBL,8478416,0,-0.0007255974342115223,-0.0004834333376493305,0,-0.0207,0.0193
Erik Cernak,TBL,8478416,1,-0.0007250166381709278,-0.0004834333376493305,0,-0.0207,0.0193
Erik Cernak,TBL,8478416,2,-0.0007244602311402559,-0.0004834333376493305,0,-0.0207,0.0193
Erik Cernak,TBL,8478416,3,-0.0007245189626701176,-0.0004834333376493305,0,-0.0207,0.0193
Erik Cernak,TBL,8478416,4,-0.0007250849157571793,-0.0004834333376493305,0,-0.0207,0.0193
Erik Cernak,TBL,8478416,5,-0.0007248644833453,-0.0004834333376493305,0,-0.0207,0.0193
Erik Cernak,TBL,8478416,6,-0.0007247183239087462,-0.0004834333376493305,0,-0.0207,0.0193
Erik Cernak,TBL,8478416,7,-0.0007246227469295263,-0.0004834333376493305,0,-0.0207,0.0193
Erik Cernak,TBL,8478416,8,-0.0007246290915645659,-0.0004834333376493305,0,-0.0207,0.0193
Nikita Grebenkin,PHI,8483733,0,-0.0011125452583655715,-0.0010414995485916734,0,-0.0211,0.0189
Nikita Grebenkin,PHI,8483733,1,-0.0011119663249701262,-0.0010414995485916734,0,-0.0211,0.0189
Nikita Grebenkin,PHI,8483733,2,-0.0011114112567156553,-0.0010414995485916734,0,-0.0211,0.0189
Nikita Grebenkin,PHI,8483733,3,-0.0011114714434370399,-0.0010414995485916734,0,-0.0211,0.0189
Nikita Grebenkin,PHI,8483733,4,-0.0011120380368083715,-0.0010414995485916734,0,-0.0211,0.0189
Nikita Grebenkin,PHI,8483733,5,-0.0011118187103420496,-0.0010414995485916734,0,-0.0211,0.0189
Nikita Grebenkin,PHI,8483733,6,-0.0011116729583591223,-0.0010414995485916734,0,-0.0211,0.0189
Nikita Grebenkin,PHI,8483733,7,-0.001111577614210546,-0.0010414995485916734,0,-0.0211,0.0189
Nikita Grebenkin,PHI,8483733,8,-0.0011115845991298556,-0.0010414995485916734,0,-0.0211,0.0189
Blake Lizotte,PIT,8481481,0,-0.003177839796990156,-0.002256929175928235,0,-0.0232,0.0168
Blake Lizotte,PIT,8481481,1,-0.003177266800776124,-0.002256929175928235,0,-0.0232,0.0168
Blake Lizotte,PIT,8481481,2,-0.003176717320457101,-0.002256929175928235,0,-0.0232,0.0168
Blake Lizotte,PIT,8481481,3,-0.0031767822802066803,-0.002256929175928235,0,-0.0232,0.0168
Blake Lizotte,PIT,8481481,4,-0.0031773531809449196,-0.002256929175928235,0,-0.0232,0.0168
Blake Lizotte,PIT,8481481,5,-0.0031771359499543905,-0.002256929175928235,0,-0.0232,0.0168
Blake Lizotte,PIT,8481481,6,-0.003176992991939187,-0.002256929175928235,0,-0.0232,0.0168
Blake Lizotte,PIT,8481481,7,-0.0031768979970365763,-0.002256929175928235,0,-0.0232,0.0168
Blake Lizotte,PIT,8481481,8,-0.0031769066117703915,-0.002256929175928235,0,-0.0232,0.0168
Connor Murphy,EDM,8476473,0,-0.0005333345616236329,-0.0004873187863267958,0,-0.0205,0.0195
Connor Murphy,EDM,8476473,1,-0.0005327532417140901,-0.0004873187863267958,0,-0.0205,0.0195
Connor Murphy,EDM,8476473,2,-0.0005321961361914873,-0.0004873187863267958,0,-0.0205,0.0195
Connor Murphy,EDM,8476473,3,-0.0005322544602677226,-0.0004873187863267958,0,-0.0205,0.0195
Connor Murphy,EDM,8476473,4,-0.0005328197148628533,-0.0004873187863267958,0,-0.0205,0.0195
Connor Murphy,EDM,8476473,5,-0.0005325993988662958,-0.0004873187863267958,0,-0.0205,0.0195
Connor Murphy,EDM,8476473,6,-0.0005324523663148284,-0.0004873187863267958,0,-0.0205,0.0195
Connor Murphy,EDM,8476473,7,-0.000532357138581574,-0.0004873187863267958,0,-0.0205,0.0195
Connor Murphy,EDM,8476473,8,-0.0005323630175553262,-0.0004873187863267958,0,-0.0205,0.0195
Rasmus Kupari,WPG,8480845,0,-0.0006984444335103035,-0.000742306699976325,0,-0.0207,0.0193
Rasmus Kupari,WPG,8480845,1,-0.0006978652090765536,-0.000742306699976325,0,-0.0207,0.0193
Rasmus Kupari,WPG,8480845,2,-0.0006973104318603873,-0.000742306699976325,0,-0.0207,0.0193
Rasmus Kupari,WPG,8480845,3,-0.0006973701529204845,-0.000742306699976325,0,-0.0207,0.0193
Rasmus Kupari,WPG,8480845,4,-0.0006979370955377817,-0.000742306699976325,0,-0.0207,0.0193
Rasmus Kupari,WPG,8480845,5,-0.000697717594448477,-0.000742306699976325,0,-0.0207,0.0193
Rasmus Kupari,WPG,8480845,6,-0.0006975717260502279,-0.000742306699976325,0,-0.0207,0.0193
Rasmus Kupari,WPG,8480845,7,-0.0006974767311476171,-0.000742306699976325,0,-0.0207,0.0193
Rasmus Kupari,WPG,8480845,8,-0.0006974827847443521,-0.000742306699976325,0,-0.0207,0.0193
Luke Schenn,WPG,8474568,0,-0.0009003123268485069,-0.0008724769577383995,0,-0.0209,0.0191
Luke Schenn,WPG,8474568,1,-0.0008997342083603144,-0.0008724769577383995,0,-0.0209,0.0191
Luke Schenn,WPG,8474568,2,-0.0008991793729364872,-0.0008724769577383995,0,-0.0209,0.0191
Luke Schenn,WPG,8474568,3,-0.0008992401999421418,-0.0008724769577383995,0,-0.0209,0.0191
Luke Schenn,WPG,8474568,4,-0.0008998071425594389,-0.0008724769577383995,0,-0.0209,0.0191
Luke Schenn,WPG,8474568,5,-0.0008995881071314216,-0.0008724769577383995,0,-0.0209,0.0191
Luke Schenn,WPG,8474568,6,-0.0008994424133561552,-0.0008724769577383995,0,-0.0209,0.0191
Luke Schenn,WPG,8474568,7,-0.0008993475348688662,-0.0008724769577383995,0,-0.0209,0.0191
Luke Schenn,WPG,8474568,8,-0.0008993538212962449,-0.0008724769577383995,0,-0.0209,0.0191
Valeri Nichushkin,COL,8477501,0,-0.006661602761596441,-0.0025384097825735807,0,-0.0267,0.0133
Valeri Nichushkin,COL,8477501,1,-0.006669173948466778,-0.0025384097825735807,1,-0.0267,0.0133
Valeri Nichushkin,COL,8477501,2,-0.006668630987405777,-0.0025384097825735807,0,-0.0267,0.0133
Valeri Nichushkin,COL,8477501,3,-0.006668696179986,-0.0025384097825735807,0,-0.0267,0.0133
Valeri Nichushkin,COL,8477501,4,-0.006669271737337112,-0.0025384097825735807,0,-0.0267,0.0133
Valeri Nichushkin,COL,8477501,5,-0.006669055670499802,-0.0025384097825735807,0,-0.0267,0.0133
Valeri Nichushkin,COL,8477501,6,-0.006668914575129747,-0.0025384097825735807,0,-0.0267,0.0133
Valeri Nichushkin,COL,8477501,7,-0.006668820045888424,-0.0025384097825735807,0,-0.0267,0.0133
Valeri Nichushkin,COL,8477501,8,-0.006668828893452883,-0.0025384097825735807,0,-0.0267,0.0133
Vladislav Namestnikov,WPG,8476480,0,-0.003927307203412056,-0.002869313582777977,0,-0.0239,0.0161
Vladislav Namestnikov,WPG,8476480,1,-0.003926733508706093,-0.002869313582777977,0,-0.0239,0.0161
Vladislav Namestnikov,WPG,8476480,2,-0.003926186356693506,-0.002869313582777977,0,-0.0239,0.0161
Vladislav Namestnikov,WPG,8476480,3,-0.003926250152289867,-0.002869313582777977,0,-0.0239,0.0161
Vladislav Namestnikov,WPG,8476480,4,-0.003926821984350681,-0.002869313582777977,0,-0.0239,0.0161
Vladislav Namestnikov,WPG,8476480,5,-0.003926604986190796,-0.002869313582777977,0,-0.0239,0.0161
Vladislav Namestnikov,WPG,8476480,6,-0.003926462959498167,-0.002869313582777977,0,-0.0239,0.0161
Vladislav Namestnikov,WPG,8476480,7,-0.003926367498934269,-0.002869313582777977,0,-0.0239,0.0161
Vladislav Namestnikov,WPG,8476480,8,-0.003926375415176153,-0.002869313582777977,0,-0.0239,0.0161
Peyton Krebs,BUF,8481522,0,0.002182144671678543,0.0022918679751455784,0,-0.0178,0.0222
Peyton Krebs,BUF,8481522,1,0.0021827397868037224,0.0022918679751455784,0,-0.0178,0.0222
Peyton Krebs,BUF,8481522,2,0.002183308359235525,0.0022918679751455784,0,-0.0178,0.0222
Peyton Krebs,BUF,8481522,3,0.002183259464800358,0.0022918679751455784,0,-0.0178,0.0222
Peyton Krebs,BUF,8481522,4,0.002182701602578163,0.0022918679751455784,0,-0.0178,0.0222
Peyton Krebs,BUF,8481522,5,0.002182929078117013,0.0022918679751455784,0,-0.0178,0.0222
Peyton Krebs,BUF,8481522,6,0.002183079021051526,0.0022918679751455784,0,-0.0178,0.0222
Peyton Krebs,BUF,8481522,7,0.002183177974075079,0.0022918679751455784,0,-0.0178,0.0222
Peyton Krebs,BUF,8481522,8,0.0021831716876477003,0.0022918679751455784,0,-0.0178,0.0222
Bowen Byram,BUF,8481524,0,-0.008913043886423111,-0.00589637691155076,0,-0.0289,0.0111
Bowen Byram,BUF,8481524,1,-0.008962620981037617,-0.00589637691155076,3,-0.0205,0.0025
Bowen Byram,BUF,8481524,2,-0.008985266089439392,-0.00589637691155076,1,-0.029,0.011
Bowen Byram,BUF,8481524,3,-0.009001790545880795,-0.00589637691155076,1,-0.029,0.011
Bowen Byram,BUF,8481524,4,-0.00900237075984478,-0.00589637691155076,0,-0.029,0.011
Bowen Byram,BUF,8481524,5,-0.00900216493755579,-0.00589637691155076,0,-0.029,0.011
Bowen Byram,BUF,8481524,6,-0.009002026170492172,-0.00589637691155076,0,-0.029,0.011
Bowen Byram,BUF,8481524,7,-0.009001938626170158,-0.00589637691155076,0,-0.029,0.011
Bowen Byram,BUF,8481524,8,-0.009001944214105606,-0.00589637691155076,0,-0.029,0.011
Esa Lindell,DAL,8476902,0,0.00406522024422884,0.0024236200843006372,0,-0.0159,0.0241
Esa Lindell,DAL,8476902,1,0.0040429518558084965,0.0024236200843006372,2,-0.0101,0.0181
Esa Lindell,DAL,8476902,2,0.00404352368786931,0.0024236200843006372,0,-0.016,0.024
Esa Lindell,DAL,8476902,3,0.004043476190418005,0.0024236200843006372,0,-0.016,0.024
Esa Lindell,DAL,8476902,4,0.0040429215878248215,0.0024236200843006372,0,-0.016,0.024
Esa Lindell,DAL,8476902,5,0.004043148830533028,0.0024236200843006372,0,-0.016,0.024
Esa Lindell,DAL,8476902,6,0.004043302033096552,0.0024236200843006372,0,-0.016,0.024
Esa Lindell,DAL,8476902,7,0.0040433998219668865,0.0024236200843006372,0,-0.016,0.024
Esa Lindell,DAL,8476902,8,0.004043395631015301,0.0024236200843006372,0,-0.016,0.024
David Savard,,8475233,0,-0.0003096868167631328,-0.00035375863080844283,0,-0.0203,0.0197
David Savard,,8475233,1,-0.00030910532223060727,-0.00035375863080844283,0,-0.0203,0.0197
David Savard,,8475233,2,-0.0003085480129811913,-0.00035375863080844283,0,-0.0203,0.0197
David Savard,,8475233,3,-0.0003086062497459352,-0.00035375863080844283,0,-0.0203,0.0197
David Savard,,8475233,4,-0.0003091714752372354,-0.00035375863080844283,0,-0.0203,0.0197
David Savard,,8475233,5,-0.00030895083909854293,-0.00035375863080844283,0,-0.0203,0.0197
David Savard,,8475233,6,-0.0003088042722083628,-0.00035375863080844283,0,-0.0203,0.0197
David Savard,,8475233,7,-0.00030870852060616016,-0.00035375863080844283,0,-0.0203,0.0197
David Savard,,8475233,8,-0.0003087148070335388,-0.00035375863080844283,0,-0.0203,0.0197
Sam Carrick,NYR,8475842,0,-0.001165658817626536,-0.0010925580281764269,0,-0.0212,0.0188
Sam Carrick,NYR,8475842,1,-0.0011650803498923779,-0.0010925580281764269,0,-0.0212,0.0188
Sam Carrick,NYR,8475842,2,-0.0011645257472991943,-0.0010925580281764269,0,-0.0212,0.0188
Sam Carrick,NYR,8475842,3,-0.0011645861668512225,-0.0010925580281764269,0,-0.0212,0.0188
Sam Carrick,NYR,8475842,4,-0.0011651533422991633,-0.0010925580281764269,0,-0.0212,0.0188
Sam Carrick,NYR,8475842,5,-0.0011649341322481632,-0.0010925580281764269,0,-0.0212,0.0188
Sam Carrick,NYR,8475842,6,-0.001164788263849914,-0.0010925580281764269,0,-0.0212,0.0188
Sam Carrick,NYR,8475842,7,-0.0011646937346085906,-0.0010925580281764269,0,-0.0212,0.0188
Sam Carrick,NYR,8475842,8,-0.001164699555374682,-0.0010925580281764269,0,-0.0212,0.0188
Carson Soucy,NYI,8477369,0,-0.0006648168200626969,-0.000537240004632622,0,-0.0207,0.0193
Carson Soucy,NYI,8477369,1,-0.0006642361986450851,-0.000537240004632622,0,-0.0207,0.0193
Carson Soucy,NYI,8477369,2,-0.0006636800244450569,-0.000537240004632622,0,-0.0207,0.0193
Carson Soucy,NYI,8477369,3,-0.0006637387559749186,-0.000537240004632622,0,-0.0207,0.0193
Carson Soucy,NYI,8477369,4,-0.0006643045926466584,-0.000537240004632622,0,-0.0207,0.0193
Carson Soucy,NYI,8477369,5,-0.0006640845094807446,-0.000537240004632622,0,-0.0207,0.0193
Carson Soucy,NYI,8477369,6,-0.0006639380590058863,-0.000537240004632622,0,-0.0207,0.0193
Carson Soucy,NYI,8477369,7,-0.0006638428312726319,-0.000537240004632622,0,-0.0207,0.0193
Carson Soucy,NYI,8477369,8,-0.0006638487684540451,-0.000537240004632622,0,-0.0207,0.0193
Matt Roy,WSH,8478911,0,-0.0014301358023658395,-0.001105000264942646,0,-0.0214,0.0186
Matt Roy,WSH,8478911,1,-0.0014295584987848997,-0.001105000264942646,0,-0.0214,0.0186
Matt Roy,WSH,8478911,2,-0.0014290045946836472,-0.001105000264942646,0,-0.0214,0.0186
Matt Roy,WSH,8478911,3,-0.0014290661783888936,-0.001105000264942646,0,-0.0214,0.0186
Matt Roy,WSH,8478911,4,-0.0014296337030828,-0.001105000264942646,0,-0.0214,0.0186
Matt Roy,WSH,8478911,5,-0.001429414958693087,-0.001105000264942646,0,-0.0214,0.0186
Matt Roy,WSH,8478911,6,-0.0014292701380327344,-0.001105000264942646,0,-0.0214,0.0186
Matt Roy,WSH,8478911,7,-0.00142917491029948,-0.001105000264942646,0,-0.0214,0.0186
Matt Roy,WSH,8478911,8,-0.001429181545972824,-0.001105000264942646,0,-0.0214,0.0186
Fedor Svechkov,NSH,8482768,0,-0.0014152588555589318,-0.001352568157017231,0,-0.0214,0.0186
Fedor Svechkov,NSH,8482768,1,-0.0014146852772682905,-0.001352568157017231,0,-0.0214,0.0186
Fedor Svechkov,NSH,8482768,2,-0.0014141349820420146,-0.001352568157017231,0,-0.0214,0.0186
Fedor Svechkov,NSH,8482768,3,-0.0014141991268843412,-0.001352568157017231,0,-0.0214,0.0186
Fedor Svechkov,NSH,8482768,4,-0.001414768979884684,-0.001352568157017231,0,-0.0214,0.0186
Fedor Svechkov,NSH,8482768,5,-0.0014145522145554423,-0.001352568157017231,0,-0.0214,0.0186
Fedor Svechkov,NSH,8482768,6,-0.0014144082088023424,-0.001352568157017231,0,-0.0214,0.0186
Fedor Svechkov,NSH,8482768,7,-0.0014143141452223063,-0.001352568157017231,0,-0.0214,0.0186
Fedor Svechkov,NSH,8482768,8,-0.0014143207808956504,-0.001352568157017231,0,-0.0214,0.0186
Jordan Staal,CAR,8473533,0,0.006098512094467878,0.0029833244625478983,1,-0.0139,0.0261
Jordan Staal,CAR,8473533,1,0.00619893753901124,0.0029833244625478983,2,-0.0079,0.0203
Jordan Staal,CAR,8473533,2,0.006330669857561588,0.0029833244625478983,0,-0.0137,0.0263
Jordan Staal,CAR,8473533,3,0.006461782846599817,0.0029833244625478983,1,-0.0135,0.0265
Jordan Staal,CAR,8473533,4,0.0065069543197751045,0.0029833244625478983,0,-0.0135,0.0265
Jordan Staal,CAR,8473533,5,0.0065529062412679195,0.0029833244625478983,0,-0.0134,0.0266
Jordan Staal,CAR,8473533,6,0.006598785053938627,0.0029833244625478983,1,-0.0134,0.0266
Jordan Staal,CAR,8473533,7,0.006646297872066498,0.0029833244625478983,3,-0.0049,0.0181
Jordan Staal,CAR,8473533,8,0.0067335511557757854,0.0029833244625478983,1,-0.0133,0.0267
Philip Broberg,STL,8481598,0,0.0011871097376570106,5.599641735898331e-05,0,-0.0188,0.0212
Philip Broberg,STL,8481598,1,0.0011876928620040417,5.599641735898331e-05,0,-0.0188,0.0212
Philip Broberg,STL,8481598,2,0.0011882510734722018,5.599641735898331e-05,0,-0.0188,0.0212
Philip Broberg,STL,8481598,3,0.0011881940299645066,5.599641735898331e-05,0,-0.0188,0.0212
Philip Broberg,STL,8481598,4,0.0011876292992383242,5.599641735898331e-05,0,-0.0188,0.0212
Philip Broberg,STL,8481598,5,0.0011878508375957608,5.599641735898331e-05,0,-0.0188,0.0212
Philip Broberg,STL,8481598,6,0.0011879976373165846,5.599641735898331e-05,0,-0.0188,0.0212
Philip Broberg,STL,8481598,7,0.0011880939127877355,5.599641735898331e-05,0,-0.0188,0.0212
Philip Broberg,STL,8481598,8,0.0011880877427756786,5.599641735898331e-05,0,-0.0188,0.0212
Brett Pesce,NJD,8477488,0,0.003562493249773979,0.003516679396852851,0,-0.0164,0.0236
Brett Pesce,NJD,8477488,1,0.003563094884157181,0.003516679396852851,0,-0.0164,0.0236
Brett Pesce,NJD,8477488,2,0.0035636702086776495,0.003516679396852851,0,-0.0164,0.0236
Brett Pesce,NJD,8477488,3,0.003563627367839217,0.003516679396852851,0,-0.0164,0.0236
Brett Pesce,NJD,8477488,4,0.0035630748607218266,0.003516679396852851,0,-0.0164,0.0236
Brett Pesce,NJD,8477488,5,0.003563304664567113,0.003516679396852851,0,-0.0164,0.0236
Brett Pesce,NJD,8477488,6,0.003563458798453212,0.003516679396852851,0,-0.0164,0.0236
Brett Pesce,NJD,8477488,7,0.003563558915629983,0.003516679396852851,0,-0.0164,0.0236
Brett Pesce,NJD,8477488,8,0.0035635530948638916,0.003516679396852851,0,-0.0164,0.0236
Jon Merrill,,8475750,0,-5.331847205525264e-05,-9.753602353157476e-05,0,-0.0201,0.0199
Jon Merrill,,8475750,1,-5.2735224016942084e-05,-9.753602353157476e-05,0,-0.0201,0.0199
Jon Merrill,,8475750,2,-5.217642319621518e-05,-9.753602353157476e-05,0,-0.0201,0.0199
Jon Merrill,,8475750,3,-5.2233386668376625e-05,-9.753602353157476e-05,0,-0.0201,0.0199
Jon Merrill,,8475750,4,-5.279757169773802e-05,-9.753602353157476e-05,0,-0.0201,0.0199
Jon Merrill,,8475750,5,-5.257613884168677e-05,-9.753602353157476e-05,0,-0.0201,0.0199
Jon Merrill,,8475750,6,-5.242890620138496e-05,-9.753602353157476e-05,0,-0.0201,0.0199
Jon Merrill,,8475750,7,-5.233292540651746e-05,-9.753602353157476e-05,0,-0.0201,0.0199
Jon Merrill,,8475750,8,-5.2338960813358426e-05,-9.753602353157476e-05,0,-0.0201,0.0199
Jordan Oesterle,NSH,8477851,0,-0.00019886522204615176,-0.00024299639335367829,0,-0.0202,0.0198
Jordan Oesterle,NSH,8477851,1,-0.00019828304357361048,-0.00024299639335367829,0,-0.0202,0.0198
Jordan Oesterle,NSH,8477851,2,-0.00019772513769567013,-0.00024299639335367829,0,-0.0202,0.0198
Jordan Oesterle,NSH,8477851,3,-0.00019778282148763537,-0.00024299639335367829,0,-0.0202,0.0198
Jordan Oesterle,NSH,8477851,4,-0.00019834762497339398,-0.00024299639335367829,0,-0.0202,0.0198
Jordan Oesterle,NSH,8477851,5,-0.00019812671234831214,-0.00024299639335367829,0,-0.0202,0.0198
Jordan Oesterle,NSH,8477851,6,-0.00019797979621216655,-0.00024299639335367829,0,-0.0202,0.0198
Jordan Oesterle,NSH,8477851,7,-0.00019788403005804867,-0.00024299639335367829,0,-0.0202,0.0198
Jordan Oesterle,NSH,8477851,8,-0.0001978900982066989,-0.00024299639335367829,0,-0.0202,0.0198
Dante Fabbro,CBJ,8479371,0,-0.0004726603510789573,-0.00042044080328196287,0,-0.0205,0.0195
Dante Fabbro,CBJ,8479371,1,-0.00047207908937707543,-0.00042044080328196287,0,-0.0205,0.0195
Dante Fabbro,CBJ,8479371,2,-0.0004715216055046767,-0.00042044080328196287,0,-0.0205,0.0195
Dante Fabbro,CBJ,8479371,3,-0.0004715800459962338,-0.00042044080328196287,0,-0.0205,0.0195
Dante Fabbro,CBJ,8479371,4,-0.0004721450386568904,-0.00042044080328196287,0,-0.0205,0.0195
Dante Fabbro,CBJ,8479371,5,-0.000471924664452672,-0.00042044080328196287,0,-0.0205,0.0195
Dante Fabbro,CBJ,8479371,6,-0.00047177792293950915,-0.00042044080328196287,0,-0.0205,0.0195
Dante Fabbro,CBJ,8479371,7,-0.0004716822295449674,-0.00042044080328196287,0,-0.0205,0.0195
Dante Fabbro,CBJ,8479371,8,-0.000471688574180007,-0.00042044080328196287,0,-0.0205,0.0195
Patrik Laine,MTL,8479339,0,0.0035781890619546175,0.003807096043601632,0,-0.0164,0.0236
Patrik Laine,MTL,8479339,1,0.0035787855740636587,0.003807096043601632,0,-0.0164,0.0236
Patrik Laine,MTL,8479339,2,0.0035793569404631853,0.003807096043601632,0,-0.0164,0.0236
Patrik Laine,MTL,8479339,3,0.0035793092101812363,0.003807096043601632,0,-0.0164,0.0236
Patrik Laine,MTL,8479339,4,0.0035787546075880527,0.003807096043601632,0,-0.0164,0.0236
Patrik Laine,MTL,8479339,5,0.0035789816174656153,0.003807096043601632,0,-0.0164,0.0236
Patrik Laine,MTL,8479339,6,0.003579133888706565,0.003807096043601632,0,-0.0164,0.0236
Patrik Laine,MTL,8479339,7,0.003579232608899474,0.003807096043601632,0,-0.0164,0.0236
Patrik Laine,MTL,8479339,8,0.00357922725379467,0.003807096043601632,0,-0.0164,0.0236
James van Riemsdyk,DET,8474037,0,0.0006293670739978552,6.808106991229579e-05,0,-0.0194,0.0206
James van Riemsdyk,DET,8474037,1,0.0006299515371210873,6.808106991229579e-05,0,-0.0194,0.0206
James van Riemsdyk,DET,8474037,2,0.0006305111455731094,6.808106991229579e-05,0,-0.0194,0.0206
James van Riemsdyk,DET,8474037,3,0.0006304550915956497,6.808106991229579e-05,0,-0.0194,0.0206
James van Riemsdyk,DET,8474037,4,0.0006298914668150246,6.808106991229579e-05,0,-0.0194,0.0206
James van Riemsdyk,DET,8474037,5,0.0006301134708337486,6.808106991229579e-05,0,-0.0194,0.0206
James van Riemsdyk,DET,8474037,6,0.000630261143669486,6.808106991229579e-05,0,-0.0194,0.0206
James van Riemsdyk,DET,8474037,7,0.0006303572445176542,6.808106991229579e-05,0,-0.0194,0.0206
James van Riemsdyk,DET,8474037,8,0.0006303514237515628,6.808106991229579e-05,0,-0.0194,0.0206
Ilya Mikheyev,CHI,8481624,0,0.0021001759450882673,0.0032020381186157465,0,-0.0179,0.0221
Ilya Mikheyev,CHI,8481624,1,0.002100773388519883,0.0032020381186157465,0,-0.0179,0.0221
Ilya Mikheyev,CHI,8481624,2,0.002101345919072628,0.0032020381186157465,0,-0.0179,0.0221
Ilya Mikheyev,CHI,8481624,3,0.0021012993529438972,0.0032020381186157465,0,-0.0179,0.0221
Ilya Mikheyev,CHI,8481624,4,0.002100745216012001,0.0032020381186157465,0,-0.0179,0.0221
Ilya Mikheyev,CHI,8481624,5,0.002100972691550851,0.0032020381186157465,0,-0.0179,0.0221
Ilya Mikheyev,CHI,8481624,6,0.002101125894114375,0.0032020381186157465,0,-0.0179,0.0221
Ilya Mikheyev,CHI,8481624,7,0.002101224847137928,0.0032020381186157465,0,-0.0179,0.0221
Ilya Mikheyev,CHI,8481624,8,0.0021012190263718367,0.0032020381186157465,0,-0.0179,0.0221
Jakob Pelletier,TBL,8481592,0,-0.0020984227303415537,-0.0018941392190754414,0,-0.0221,0.0179
Jakob Pelletier,TBL,8481592,1,-0.002097847405821085,-0.0018941392190754414,0,-0.0221,0.0179
Jakob Pelletier,TBL,8481592,2,-0.0020972955971956253,-0.0018941392190754414,0,-0.0221,0.0179
Jakob Pelletier,TBL,8481592,3,-0.002097358461469412,-0.0018941392190754414,0,-0.0221,0.0179
Jakob Pelletier,TBL,8481592,4,-0.0020979270339012146,-0.0018941392190754414,0,-0.0221,0.0179
Jakob Pelletier,TBL,8481592,5,-0.0020977098029106855,-0.0018941392190754414,0,-0.0221,0.0179
Jakob Pelletier,TBL,8481592,6,-0.002097564749419689,-0.0018941392190754414,0,-0.0221,0.0179
Jakob Pelletier,TBL,8481592,7,-0.0020974709186702967,-0.0018941392190754414,0,-0.0221,0.0179
Jakob Pelletier,TBL,8481592,8,-0.0020974772050976753,-0.0018941392190754414,0,-0.0221,0.0179
Jan Rutta,,8480172,0,0.002158812712877989,0.002113595837727189,0,-0.0178,0.0222
Jan Rutta,,8480172,1,0.002159408526495099,0.002113595837727189,0,-0.0178,0.0222
Jan Rutta,,8480172,2,0.0021599773317575455,0.002113595837727189,0,-0.0178,0.0222
Jan Rutta,,8480172,3,0.002159929135814309,0.002113595837727189,0,-0.0178,0.0222
Jan Rutta,,8480172,4,0.0021593724377453327,0.002113595837727189,0,-0.0178,0.0222
Jan Rutta,,8480172,5,0.0021595992147922516,0.002113595837727189,0,-0.0178,0.0222
Jan Rutta,,8480172,6,0.0021597500890493393,0.002113595837727189,0,-0.0178,0.0222
Jan Rutta,,8480172,7,0.0021598488092422485,0.002113595837727189,0,-0.0178,0.0222
Jan Rutta,,8480172,8,0.002159843221306801,0.002113595837727189,0,-0.0178,0.0222
Oskar Sundqvist,STL,8476897,0,-0.006585873197764158,-0.005504718516021967,0,-0.0266,0.0134
Oskar Sundqvist,STL,8476897,1,-0.006585318129509687,-0.005504718516021967,0,-0.0266,0.0134
Oskar Sundqvist,STL,8476897,2,-0.0065847886726260185,-0.005504718516021967,0,-0.0266,0.0134
Oskar Sundqvist,STL,8476897,3,-0.0065848627127707005,-0.005504718516021967,0,-0.0266,0.0134
Oskar Sundqvist,STL,8476897,4,-0.006585449445992708,-0.005504718516021967,0,-0.0266,0.0134
Oskar Sundqvist,STL,8476897,5,-0.006585237104445696,-0.005504718516021967,0,-0.0266,0.0134
Oskar Sundqvist,STL,8476897,6,-0.006585105787962675,-0.005504718516021967,0,-0.0266,0.0134
Oskar Sundqvist,STL,8476897,7,-0.006585010327398777,-0.005504718516021967,0,-0.0266,0.0134
Oskar Sundqvist,STL,8476897,8,-0.006585023365914822,-0.005504718516021967,0,-0.0266,0.0134
Jalen Chatfield,CAR,8478970,0,-0.0032139040995389223,-0.0025274541694670916,0,-0.0232,0.0168
Jalen Chatfield,CAR,8478970,1,-0.0032133327331393957,-0.0025274541694670916,0,-0.0232,0.0168
Jalen Chatfield,CAR,8478970,2,-0.0032127834856510162,-0.0025274541694670916,0,-0.0232,0.0168
Jalen Chatfield,CAR,8478970,3,-0.003212850308045745,-0.0025274541694670916,0,-0.0232,0.0168
Jalen Chatfield,CAR,8478970,4,-0.003213420044630766,-0.0025274541694670916,0,-0.0232,0.0168
Jalen Chatfield,CAR,8478970,5,-0.0032132051419466734,-0.0025274541694670916,0,-0.0232,0.0168
Jalen Chatfield,CAR,8478970,6,-0.0032130610197782516,-0.0025274541694670916,0,-0.0232,0.0168
Jalen Chatfield,CAR,8478970,7,-0.0032129683531820774,-0.0025274541694670916,0,-0.0232,0.0168
Jalen Chatfield,CAR,8478970,8,-0.003212973941117525,-0.0025274541694670916,0,-0.0232,0.0168
Samuel Girard,PIT,8479398,0,-0.000977015937678516,-0.0008935854420997202,0,-0.021,0.019
Samuel Girard,PIT,8479398,1,-0.0009764379938133061,-0.0008935854420997202,0,-0.021,0.019
Samuel Girard,PIT,8479398,2,-0.0009758835076354444,-0.0008935854420997202,0,-0.021,0.019
Samuel Girard,PIT,8479398,3,-0.0009759446838870645,-0.0008935854420997202,0,-0.021,0.019
Samuel Girard,PIT,8479398,4,-0.0009765111608430743,-0.0008935854420997202,0,-0.021,0.019
Samuel Girard,PIT,8479398,5,-0.0009762929985299706,-0.0008935854420997202,0,-0.021,0.019
Samuel Girard,PIT,8479398,6,-0.000976146780885756,-0.0008935854420997202,0,-0.021,0.019
Samuel Girard,PIT,8479398,7,-0.000976052600890398,-0.0008935854420997202,0,-0.021,0.019
Samuel Girard,PIT,8479398,8,-0.0009760581888258457,-0.0008935854420997202,0,-0.021,0.019
Tyson Jost,NSH,8479370,0,0.001884167199023068,8.523505243829277e-07,0,-0.0181,0.0219
Tyson Jost,NSH,8479370,1,0.0018847509054467082,8.523505243829277e-07,0,-0.0181,0.0219
Tyson Jost,NSH,8479370,2,0.001885310630314052,8.523505243829277e-07,0,-0.0181,0.0219
Tyson Jost,NSH,8479370,3,0.0018852540524676442,8.523505243829277e-07,0,-0.0181,0.0219
Tyson Jost,NSH,8479370,4,0.00188469048589468,8.523505243829277e-07,0,-0.0181,0.0219
Tyson Jost,NSH,8479370,5,0.0018849121406674385,8.523505243829277e-07,0,-0.0181,0.0219
Tyson Jost,NSH,8479370,6,0.0018850595224648714,8.523505243829277e-07,0,-0.0181,0.0219
Tyson Jost,NSH,8479370,7,0.0018851561471819878,8.523505243829277e-07,0,-0.0181,0.0219
Tyson Jost,NSH,8479370,8,0.0018851493950933218,8.523505243829277e-07,0,-0.0181,0.0219
Robby Fabbri,MIN,8477952,0,-0.0010143209947273135,-0.000945530366152525,0,-0.021,0.019
Robby Fabbri,MIN,8477952,1,-0.0010137425269931555,-0.000945530366152525,0,-0.021,0.019
Robby Fabbri,MIN,8477952,2,-0.0010131867602467537,-0.000945530366152525,0,-0.021,0.019
Robby Fabbri,MIN,8477952,3,-0.0010132472962141037,-0.000945530366152525,0,-0.021,0.019
Robby Fabbri,MIN,8477952,4,-0.0010138140060007572,-0.000945530366152525,0,-0.021,0.019
Robby Fabbri,MIN,8477952,5,-0.001013594912365079,-0.000945530366152525,0,-0.021,0.019
Robby Fabbri,MIN,8477952,6,-0.0010134485783055425,-0.000945530366152525,0,-0.021,0.019
Robby Fabbri,MIN,8477952,7,-0.0010133536998182535,-0.000945530366152525,0,-0.021,0.019
Robby Fabbri,MIN,8477952,8,-0.0010133595205843449,-0.000945530366152525,0,-0.021,0.019
John Beecher,CGY,8481556,0,-0.001408644369803369,-0.0012216941686347127,0,-0.0214,0.0186
John Beecher,CGY,8481556,1,-0.0014080664841458201,-0.0012216941686347127,0,-0.0214,0.0186
John Beecher,CGY,8481556,2,-0.0014075119979679585,-0.0012216941686347127,0,-0.0214,0.0186
John Beecher,CGY,8481556,3,-0.0014075729995965958,-0.0012216941686347127,0,-0.0214,0.0186
John Beecher,CGY,8481556,4,-0.0014081401750445366,-0.0012216941686347127,0,-0.0214,0.0186
John Beecher,CGY,8481556,5,-0.0014079214306548238,-0.0012216941686347127,0,-0.0214,0.0186
John Beecher,CGY,8481556,6,-0.0014077756786718965,-0.0012216941686347127,0,-0.0214,0.0186
John Beecher,CGY,8481556,7,-0.0014076808001846075,-0.0012216941686347127,0,-0.0214,0.0186
John Beecher,CGY,8481556,8,-0.0014076869701966643,-0.0012216941686347127,0,-0.0214,0.0186
Cam Atkinson,,8474715,0,-0.00024550638045184314,-0.0002896354126278311,0,-0.0202,0.0198
Cam Atkinson,,8474715,1,-0.0002449242165312171,-0.0002896354126278311,0,-0.0202,0.0198
Cam Atkinson,,8474715,2,-0.0002443663543090224,-0.0002896354126278311,0,-0.0202,0.0198
Cam Atkinson,,8474715,3,-0.00024442403810098767,-0.0002896354126278311,0,-0.0202,0.0198
Cam Atkinson,,8474715,4,-0.0002449888561386615,-0.0002896354126278311,0,-0.0202,0.0198
Cam Atkinson,,8474715,5,-0.00024476804537698627,-0.0002896354126278311,0,-0.0202,0.0198
Cam Atkinson,,8474715,6,-0.00024462101282551885,-0.0002896354126278311,0,-0.0202,0.0198
Cam Atkinson,,8474715,7,-0.00024452543584629893,-0.0002896354126278311,0,-0.0202,0.0198
Cam Atkinson,,8474715,8,-0.0002445312566123903,-0.0002896354126278311,0,-0.0202,0.0198
Casey Cizikas,NYI,8475231,0,-0.0003927509533241391,0.00036527172778733075,0,-0.0204,0.0196
Casey Cizikas,NYI,8475231,1,-0.00039216509321704507,0.00036527172778733075,0,-0.0204,0.0196
Casey Cizikas,NYI,8475231,2,-0.0003916040586773306,0.00036527172778733075,0,-0.0204,0.0196
Casey Cizikas,NYI,8475231,3,-0.0003916590358130634,0.00036527172778733075,0,-0.0204,0.0196
Casey Cizikas,NYI,8475231,4,-0.0003922217001672834,0.00036527172778733075,0,-0.0204,0.0196
Casey Cizikas,NYI,8475231,5,-0.00039199908496811986,0.00036527172778733075,0,-0.0204,0.0196
Casey Cizikas,NYI,8475231,6,-0.00039185083005577326,0.00036527172778733075,0,-0.0204,0.0196
Casey Cizikas,NYI,8475231,7,-0.000391754467273131,0.00036527172778733075,0,-0.0204,0.0196
Casey Cizikas,NYI,8475231,8,-0.00039176022983156145,0.00036527172778733075,0,-0.0204,0.0196
Ryan McDonagh,TBL,8474151,0,0.000854979210998863,0.0012152944691479206,0,-0.0191,0.0209
Ryan McDonagh,TBL,8474151,1,0.0008555690292268991,0.0012152944691479206,0,-0.0191,0.0209
Ryan McDonagh,TBL,8474151,2,0.0008561332360841334,0.0012152944691479206,0,-0.0191,0.0209
Ryan McDonagh,TBL,8474151,3,0.000856081023812294,0.0012152944691479206,0,-0.0191,0.0209
Ryan McDonagh,TBL,8474151,4,0.0008555207750760019,0.0012152944691479206,0,-0.0191,0.0209
Ryan McDonagh,TBL,8474151,5,0.0008557450491935015,0.0012152944691479206,0,-0.0191,0.0209
Ryan McDonagh,TBL,8474151,6,0.0008558945846743882,0.0012152944691479206,0,-0.0191,0.0209
Ryan McDonagh,TBL,8474151,7,0.0008559917332604527,0.0012152944691479206,0,-0.0191,0.0209
Ryan McDonagh,TBL,8474151,8,0.0008559862617403269,0.0012152944691479206,0,-0.0191,0.0209
Zemgus Girgensons,TBL,8476878,0,-0.0012922254391014576,-0.001030619372613728,0,-0.0213,0.0187
Zemgus Girgensons,TBL,8476878,1,-0.0012916470877826214,-0.001030619372613728,0,-0.0213,0.0187
Zemgus Girgensons,TBL,8476878,2,-0.0012910936493426561,-0.001030619372613728,0,-0.0213,0.0187
Zemgus Girgensons,TBL,8476878,3,-0.0012911546509712934,-0.001030619372613728,0,-0.0213,0.0187
Zemgus Girgensons,TBL,8476878,4,-0.0012917222920805216,-0.001030619372613728,0,-0.0213,0.0187
Zemgus Girgensons,TBL,8476878,5,-0.0012915036641061306,-0.001030619372613728,0,-0.0213,0.0187
Zemgus Girgensons,TBL,8476878,6,-0.001291358144953847,-0.001030619372613728,0,-0.0213,0.0187
Zemgus Girgensons,TBL,8476878,7,-0.0012912633828818798,-0.001030619372613728,0,-0.0213,0.0187
Zemgus Girgensons,TBL,8476878,8,-0.001291270018555224,-0.001030619372613728,0,-0.0213,0.0187
Ryan Lomberg,CGY,8479066,0,-0.00023117868113331497,-0.0002753139997366816,0,-0.0202,0.0198
Ryan Lomberg,CGY,8479066,1,-0.00023059641534928232,-0.0002753139997366816,0,-0.0202,0.0198
Ryan Lomberg,CGY,8479066,2,-0.0002300384803675115,-0.0002753139997366816,0,-0.0202,0.0198
Ryan Lomberg,CGY,8479066,3,-0.00023009610595181584,-0.0002753139997366816,0,-0.0202,0.0198
Ryan Lomberg,CGY,8479066,4,-0.0002306609821971506,-0.0002753139997366816,0,-0.0202,0.0198
Ryan Lomberg,CGY,8479066,5,-0.00023043988039717078,-0.0002753139997366816,0,-0.0202,0.0198
Ryan Lomberg,CGY,8479066,6,-0.0002302931679878384,-0.0002753139997366816,0,-0.0202,0.0198
Ryan Lomberg,CGY,8479066,7,-0.0002301971981069073,-0.0002753139997366816,0,-0.0202,0.0198
Ryan Lomberg,CGY,8479066,8,-0.00023020346998237073,-0.0002753139997366816,0,-0.0202,0.0198
Walker Duehr,WPG,8482652,0,-0.00018450958305038512,-0.0002286675589857623,0,-0.0202,0.0198
Walker Duehr,WPG,8482652,1,-0.00018392709898762405,-0.0002286675589857623,0,-0.0202,0.0198
Walker Duehr,WPG,8482652,2,-0.00018336885841563344,-0.0002286675589857623,0,-0.0202,0.0198
Walker Duehr,WPG,8482652,3,-0.00018342636758461595,-0.0002286675589857623,0,-0.0202,0.0198
Walker Duehr,WPG,8482652,4,-0.00018399095279164612,-0.0002286675589857623,0,-0.0202,0.0198
Walker Duehr,WPG,8482652,5,-0.00018376990919932723,-0.0002286675589857623,0,-0.0202,0.0198
Walker Duehr,WPG,8482652,6,-0.00018362284754402936,-0.0002286675589857623,0,-0.0202,0.0198
Walker Duehr,WPG,8482652,7,-0.00018352705228608102,-0.0002286675589857623,0,-0.0202,0.0198
Walker Duehr,WPG,8482652,8,-0.00018353312043473125,-0.0002286675589857623,0,-0.0202,0.0198
Nico Sturm,MIN,8481477,0,-0.0022566651459783316,-0.0017032766481861472,0,-0.0223,0.0177
Nico Sturm,MIN,8481477,1,-0.0022560919169336557,-0.0017032766481861472,0,-0.0223,0.0177
Nico Sturm,MIN,8481477,2,-0.00225554290227592,-0.0017032766481861472,0,-0.0223,0.0177
Nico Sturm,MIN,8481477,3,-0.002255607396364212,-0.0017032766481861472,0,-0.0223,0.0177
Nico Sturm,MIN,8481477,4,-0.0022561782971024513,-0.0017032766481861472,0,-0.0223,0.0177
Nico Sturm,MIN,8481477,5,-0.0022559617646038532,-0.0017032766481861472,0,-0.0223,0.0177
Nico Sturm,MIN,8481477,6,-0.0022558176424354315,-0.0017032766481861472,0,-0.0223,0.0177
Nico Sturm,MIN,8481477,7,-0.0022557235788553953,-0.0017032766481861472,0,-0.0223,0.0177
Nico Sturm,MIN,8481477,8,-0.002255731262266636,-0.0017032766481861472,0,-0.0223,0.0177
Jeff Petry,FLA,8473507,0,-0.0009781202534213662,-0.0007423396455124021,0,-0.021,0.019
Jeff Petry,FLA,8473507,1,-0.0009775402722880244,-0.0007423396455124021,0,-0.021,0.019
Jeff Petry,FLA,8473507,2,-0.0009769841562956572,-0.0007423396455124021,0,-0.021,0.019
Jeff Petry,FLA,8473507,3,-0.0009770437609404325,-0.0007423396455124021,0,-0.021,0.019
Jeff Petry,FLA,8473507,4,-0.000977609772235155,-0.0007423396455124021,0,-0.021,0.019
Jeff Petry,FLA,8473507,5,-0.0009773900965228677,-0.0007423396455124021,0,-0.021,0.019
Jeff Petry,FLA,8473507,6,-0.000977243878878653,-0.0007423396455124021,0,-0.021,0.019
Jeff Petry,FLA,8473507,7,-0.0009771486511453986,-0.0007423396455124021,0,-0.021,0.019
Jeff Petry,FLA,8473507,8,-0.0009771549375727773,-0.0007423396455124021,0,-0.021,0.019
Anthony Duclair,NYI,8477407,0,0.00941229984164238,0.005513421259820461,0,-0.0106,0.0294
Anthony Duclair,NYI,8477407,1,0.009412909857928753,0.005513421259820461,0,-0.0106,0.0294
Anthony Duclair,NYI,8477407,2,0.009413491003215313,0.005513421259820461,0,-0.0106,0.0294
Anthony Duclair,NYI,8477407,3,0.009413451887667179,0.005513421259820461,0,-0.0106,0.0294
Anthony Duclair,NYI,8477407,4,0.009412906132638454,0.005513421259820461,0,-0.0106,0.0294
Anthony Duclair,NYI,8477407,5,0.009413136169314384,0.005513421259820461,0,-0.0106,0.0294
Anthony Duclair,NYI,8477407,6,0.009413294494152069,0.005513421259820461,0,-0.0106,0.0294
Anthony Duclair,NYI,8477407,7,0.009413392283022404,0.005513421259820461,0,-0.0106,0.0294
Anthony Duclair,NYI,8477407,8,0.009413388557732105,0.005513421259820461,0,-0.0106,0.0294
Nic Dowd,WSH,8475343,0,0.0030486080795526505,0.0008990519563667476,0,-0.017,0.023
Nic Dowd,WSH,8475343,1,0.003039388684555888,0.0008990519563667476,0,-0.017,0.023
Nic Dowd,WSH,8475343,2,0.0030301439110189676,0.0008990519563667476,1,-0.017,0.023
Nic Dowd,WSH,8475343,3,0.003030091756954789,0.0008990519563667476,0,-0.017,0.023
Nic Dowd,WSH,8475343,4,0.0030295313335955143,0.0008990519563667476,0,-0.017,0.023
Nic Dowd,WSH,8475343,5,0.003029756247997284,0.0008990519563667476,0,-0.017,0.023
Nic Dowd,WSH,8475343,6,0.0030299052596092224,0.0008990519563667476,0,-0.017,0.023
Nic Dowd,WSH,8475343,7,0.0030300025828182697,0.0008990519563667476,0,-0.017,0.023
Nic Dowd,WSH,8475343,8,0.003029996994882822,0.0008990519563667476,0,-0.017,0.023
Dmitry Kulikov,FLA,8475179,0,-0.0008831362938508391,-0.0009269095025956631,0,-0.0209,0.0191
Dmitry Kulikov,FLA,8475179,1,-0.0008825584081932902,-0.0009269095025956631,0,-0.0209,0.0191
Dmitry Kulikov,FLA,8475179,2,-0.000882004271261394,-0.0009269095025956631,0,-0.0209,0.0191
Dmitry Kulikov,FLA,8475179,3,-0.0008820650982670486,-0.0009269095025956631,0,-0.0209,0.0191
Dmitry Kulikov,FLA,8475179,4,-0.0008826323901303113,-0.0009269095025956631,0,-0.0209,0.0191
Dmitry Kulikov,FLA,8475179,5,-0.0008824135293252766,-0.0009269095025956631,0,-0.0209,0.0191
Dmitry Kulikov,FLA,8475179,6,-0.0008822678937576711,-0.0009269095025956631,0,-0.0209,0.0191
Dmitry Kulikov,FLA,8475179,7,-0.0008821732481010258,-0.0009269095025956631,0,-0.0209,0.0191
Dmitry Kulikov,FLA,8475179,8,-0.0008821792434900999,-0.0009269095025956631,0,-0.0209,0.0191
Jere Innala,,8484976,0,-0.0004516367334872484,-0.0004956889315508306,0,-0.0205,0.0195
Jere Innala,,8484976,1,-0.00045105547178536654,-0.0004956889315508306,0,-0.0205,0.0195
Jere Innala,,8484976,2,-0.0004504983371589333,-0.0004956889315508306,0,-0.0205,0.0195
Jere Innala,,8484976,3,-0.0004505568358581513,-0.0004956889315508306,0,-0.0205,0.0195
Jere Innala,,8484976,4,-0.00045112211955711246,-0.0004956889315508306,0,-0.0205,0.0195
Jere Innala,,8484976,5,-0.00045090174535289407,-0.0004956889315508306,0,-0.0205,0.0195
Jere Innala,,8484976,6,-0.0004507548874244094,-0.0004956889315508306,0,-0.0205,0.0195
Jere Innala,,8484976,7,-0.00045065965969115496,-0.0004956889315508306,0,-0.0205,0.0195
Jere Innala,,8484976,8,-0.0004506654804572463,-0.0004956889315508306,0,-0.0205,0.0195
Parker Wotherspoon,PIT,8478450,0,-0.000682020909152925,-0.0005029741441830993,0,-0.0207,0.0193
Parker Wotherspoon,PIT,8478450,1,-0.0006814400549046695,-0.0005029741441830993,0,-0.0207,0.0193
Parker Wotherspoon,PIT,8478450,2,-0.0006808832404203713,-0.0005029741441830993,0,-0.0207,0.0193
Parker Wotherspoon,PIT,8478450,3,-0.0006809417973272502,-0.0005029741441830993,0,-0.0207,0.0193
Parker Wotherspoon,PIT,8478450,4,-0.0006815076339989901,-0.0005029741441830993,0,-0.0207,0.0193
Parker Wotherspoon,PIT,8478450,5,-0.0006812869687564671,-0.0005029741441830993,0,-0.0207,0.0193
Parker Wotherspoon,PIT,8478450,6,-0.0006811408675275743,-0.0005029741441830993,0,-0.0207,0.0193
Parker Wotherspoon,PIT,8478450,7,-0.0006810449995100498,-0.0005029741441830993,0,-0.0207,0.0193
Parker Wotherspoon,PIT,8478450,8,-0.0006810514023527503,-0.0005029741441830993,0,-0.0207,0.0193
Max Sasson,VAN,8484136,0,-0.0019338482525199652,-0.0014387944247573614,0,-0.0219,0.0181
Max Sasson,VAN,8484136,1,-0.0019332722295075655,-0.0014387944247573614,0,-0.0219,0.0181
Max Sasson,VAN,8484136,2,-0.0019327185582369566,-0.0014387944247573614,0,-0.0219,0.0181
Max Sasson,VAN,8484136,3,-0.001932780840434134,-0.0014387944247573614,0,-0.0219,0.0181
Max Sasson,VAN,8484136,4,-0.0019333484815433621,-0.0014387944247573614,0,-0.0219,0.0181
Max Sasson,VAN,8484136,5,-0.001933130668476224,-0.0014387944247573614,0,-0.0219,0.0181
Max Sasson,VAN,8484136,6,-0.0019329858478158712,-0.0014387944247573614,0,-0.0219,0.0181
Max Sasson,VAN,8484136,7,-0.0019328910857439041,-0.0014387944247573614,0,-0.0219,0.0181
Max Sasson,VAN,8484136,8,-0.0019328983034938574,-0.0014387944247573614,0,-0.0219,0.0181
Dominic Toninato,CHI,8476952,0,-2.4615794245619327e-05,-6.885559560032561e-05,0,-0.02,0.02
Dominic Toninato,CHI,8476952,1,-2.4032313376665115e-05,-6.885559560032561e-05,0,-0.02,0.02
Dominic Toninato,CHI,8476952,2,-2.3473265173379332e-05,-6.885559560032561e-05,0,-0.02,0.02
Dominic Toninato,CHI,8476952,3,-2.3530024918727577e-05,-6.885559560032561e-05,0,-0.02,0.02
Dominic Toninato,CHI,8476952,4,-2.4094057152979076e-05,-6.885559560032561e-05,0,-0.02,0.02
Dominic Toninato,CHI,8476952,5,-2.3872536985436454e-05,-6.885559560032561e-05,0,-0.02,0.02
Dominic Toninato,CHI,8476952,6,-2.3725166101939976e-05,-6.885559560032561e-05,0,-0.02,0.02
Dominic Toninato,CHI,8476952,7,-2.3629148927284405e-05,-6.885559560032561e-05,0,-0.02,0.02
Dominic Toninato,CHI,8476952,8,-2.363516978221014e-05,-6.885559560032561e-05,0,-0.02,0.02
Mattias Samuelsson,BUF,8480807,0,-0.001223467057570815,-0.0011108648031949997,0,-0.0212,0.0188
Mattias Samuelsson,BUF,8480807,1,-0.0012228897539898753,-0.0011108648031949997,0,-0.0212,0.0188
Mattias Samuelsson,BUF,8480807,2,-0.0012223366647958755,-0.0011108648031949997,0,-0.0212,0.0188
Mattias Samuelsson,BUF,8480807,3,-0.001222398248501122,-0.0011108648031949997,0,-0.0212,0.0188
Mattias Samuelsson,BUF,8480807,4,-0.0012229663552716374,-0.0011108648031949997,0,-0.0212,0.0188
Mattias Samuelsson,BUF,8480807,5,-0.0012227477272972465,-0.0011108648031949997,0,-0.0212,0.0188
Mattias Samuelsson,BUF,8480807,6,-0.00122260267380625,-0.0011108648031949997,0,-0.0212,0.0188
Mattias Samuelsson,BUF,8480807,7,-0.0012225077953189611,-0.0011108648031949997,0,-0.0212,0.0188
Mattias Samuelsson,BUF,8480807,8,-0.0012225143145769835,-0.0011108648031949997,0,-0.0212,0.0188
Mathieu Olivier,CBJ,8479671,0,0.0004536899214144796,0.0001129525262513198,0,-0.0195,0.0205
Mathieu Olivier,CBJ,8479671,1,0.00045427330769598484,0.0001129525262513198,0,-0.0195,0.0205
Mathieu Olivier,CBJ,8479671,2,0.0004548321885522455,0.0001129525262513198,0,-0.0195,0.0205
Mathieu Olivier,CBJ,8479671,3,0.00045477543608285487,0.0001129525262513198,0,-0.0195,0.0205
Mathieu Olivier,CBJ,8479671,4,0.00045421114191412926,0.0001129525262513198,0,-0.0195,0.0205
Mathieu Olivier,CBJ,8479671,5,0.0004544328257907182,0.0001129525262513198,0,-0.0195,0.0205
Mathieu Olivier,CBJ,8479671,6,0.000454579945653677,0.0001129525262513198,0,-0.0195,0.0205
Mathieu Olivier,CBJ,8479671,7,0.0004546761338133365,0.0001129525262513198,0,-0.0195,0.0205
Mathieu Olivier,CBJ,8479671,8,0.00045466990559361875,0.0001129525262513198,0,-0.0195,0.0205
Rory Kerins,CGY,8482209,0,-0.0007212956552393734,-0.0007402364863082767,0,-0.0207,0.0193
Rory Kerins,CGY,8482209,1,-0.0007207163143903017,-0.0007402364863082767,0,-0.0207,0.0193
Rory Kerins,CGY,8482209,2,-0.0007201608968898654,-0.0007402364863082767,0,-0.0207,0.0193
Rory Kerins,CGY,8482209,3,-0.0007202208507806063,-0.0007402364863082767,0,-0.0207,0.0193
Rory Kerins,CGY,8482209,4,-0.0007207872113212943,-0.0007402364863082767,0,-0.0207,0.0193
Rory Kerins,CGY,8482209,5,-0.0007205678266473114,-0.0007402364863082767,0,-0.0207,0.0193
Rory Kerins,CGY,8482209,6,-0.0007204216672107577,-0.0007402364863082767,0,-0.0207,0.0193
Rory Kerins,CGY,8482209,7,-0.000720326672308147,-0.0007402364863082767,0,-0.0207,0.0193
Rory Kerins,CGY,8482209,8,-0.0007203329005278647,-0.0007402364863082767,0,-0.0207,0.0193
Nick Blankenburg,NSH,8483565,0,-0.0028294576331973076,-0.001579579897224903,0,-0.0228,0.0172
Nick Blankenburg,NSH,8483565,1,-0.0028288811445236206,-0.001579579897224903,0,-0.0228,0.0172
Nick Blankenburg,NSH,8483565,2,-0.002828329335898161,-0.001579579897224903,0,-0.0228,0.0172
Nick Blankenburg,NSH,8483565,3,-0.0028283908031880856,-0.001579579897224903,0,-0.0228,0.0172
Nick Blankenburg,NSH,8483565,4,-0.002828960306942463,-0.001579579897224903,0,-0.0228,0.0172
Nick Blankenburg,NSH,8483565,5,-0.002828740980476141,-0.001579579897224903,0,-0.0228,0.0172
Nick Blankenburg,NSH,8483565,6,-0.0028285973239690065,-0.001579579897224903,0,-0.0228,0.0172
Nick Blankenburg,NSH,8483565,7,-0.0028285018634051085,-0.001579579897224903,0,-0.0228,0.0172
Nick Blankenburg,NSH,8483565,8,-0.0028285093139857054,-0.001579579897224903,0,-0.0228,0.0172
Tanner Jeannot,BOS,8479661,0,-0.0019401158206164837,-0.0013802677858620882,0,-0.0219,0.0181
Tanner Jeannot,BOS,8479661,1,-0.0019458453170955181,-0.0013802677858620882,1,-0.0219,0.0181
Tanner Jeannot,BOS,8479661,2,-0.0019452923443168402,-0.0013802677858620882,0,-0.0219,0.0181
Tanner Jeannot,BOS,8479661,3,-0.0019453550921753049,-0.0013802677858620882,0,-0.0219,0.0181
Tanner Jeannot,BOS,8479661,4,-0.0019459231989458203,-0.0013802677858620882,0,-0.0219,0.0181
Tanner Jeannot,BOS,8479661,5,-0.0019457053858786821,-0.0013802677858620882,0,-0.0219,0.0181
Tanner Jeannot,BOS,8479661,6,-0.0019455612637102604,-0.0013802677858620882,0,-0.0219,0.0181
Tanner Jeannot,BOS,8479661,7,-0.0019454655703157187,-0.0013802677858620882,0,-0.0219,0.0181
Tanner Jeannot,BOS,8479661,8,-0.0019454734865576029,-0.0013802677858620882,0,-0.0219,0.0181
Denton Mateychuk,CBJ,8483485,0,0.00025781115982681513,-0.00021200193441472948,0,-0.0197,0.0203
Denton Mateychuk,CBJ,8483485,1,0.0002583931782282889,-0.00021200193441472948,0,-0.0197,0.0203
Denton Mateychuk,CBJ,8483485,2,0.00025895072030834854,-0.00021200193441472948,0,-0.0197,0.0203
Denton Mateychuk,CBJ,8483485,3,0.0002588929492048919,-0.00021200193441472948,0,-0.0197,0.0203
Denton Mateychuk,CBJ,8483485,4,0.0002583278401289135,-0.00021200193441472948,0,-0.0197,0.0203
Denton Mateychuk,CBJ,8483485,5,0.0002585487673059106,-0.00021200193441472948,0,-0.0197,0.0203
Denton Mateychuk,CBJ,8483485,6,0.0002586955379229039,-0.00021200193441472948,0,-0.0197,0.0203
Denton Mateychuk,CBJ,8483485,7,0.0002587912604212761,-0.00021200193441472948,0,-0.0197,0.0203
Denton Mateychuk,CBJ,8483485,8,0.0002587851486168802,-0.00021200193441472948,0,-0.0197,0.0203
Trevor van Riemsdyk,WSH,8477845,0,-0.0014991112984716892,-0.001168308313935995,0,-0.0215,0.0185
Trevor van Riemsdyk,WSH,8477845,1,-0.0014985335292294621,-0.001168308313935995,0,-0.0215,0.0185
Trevor van Riemsdyk,WSH,8477845,2,-0.001497980090789497,-0.001168308313935995,0,-0.0215,0.0185
Trevor van Riemsdyk,WSH,8477845,3,-0.0014980409760028124,-0.001168308313935995,0,-0.0215,0.0185
Trevor van Riemsdyk,WSH,8477845,4,-0.0014986086171120405,-0.001168308313935995,0,-0.0215,0.0185
Trevor van Riemsdyk,WSH,8477845,5,-0.0014983901055529714,-0.001168308313935995,0,-0.0215,0.0185
Trevor van Riemsdyk,WSH,8477845,6,-0.0014982445864006877,-0.001168308313935995,0,-0.0215,0.0185
Trevor van Riemsdyk,WSH,8477845,7,-0.001498150173574686,-0.001168308313935995,0,-0.0215,0.0185
Trevor van Riemsdyk,WSH,8477845,8,-0.0014981558779254556,-0.001168308313935995,0,-0.0215,0.0185
Derek Forbort,VAN,8475762,0,-0.0001673335355008021,-0.00021151211694814265,0,-0.0202,0.0198
Derek Forbort,VAN,8475762,1,-0.00016675051301717758,-0.00021151211694814265,0,-0.0202,0.0198
Derek Forbort,VAN,8475762,2,-0.00016619233065284789,-0.00021151211694814265,0,-0.0202,0.0198
Derek Forbort,VAN,8475762,3,-0.00016624946147203445,-0.00021151211694814265,0,-0.0202,0.0198
Derek Forbort,VAN,8475762,4,-0.00016681409033481032,-0.00021151211694814265,0,-0.0202,0.0198
Derek Forbort,VAN,8475762,5,-0.0001665927266003564,-0.00021151211694814265,0,-0.0202,0.0198
Derek Forbort,VAN,8475762,6,-0.00016644579591229558,-0.00021151211694814265,0,-0.0202,0.0198
Derek Forbort,VAN,8475762,7,-0.0001663497241679579,-0.00021151211694814265,0,-0.0202,0.0198
Derek Forbort,VAN,8475762,8,-0.00016635601059533656,-0.00021151211694814265,0,-0.0202,0.0198
David Jiricek,MIN,8483460,0,0.0018540379824116826,0.0015448208432644606,0,-0.0181,0.0219
David Jiricek,MIN,8483460,1,0.0018546287901699543,0.0015448208432644606,0,-0.0181,0.0219
David Jiricek,MIN,8483460,2,0.0018551935208961368,0.0015448208432644606,0,-0.0181,0.0219
David Jiricek,MIN,8483460,3,0.001855142181739211,0.0015448208432644606,0,-0.0181,0.0219
David Jiricek,MIN,8483460,4,0.0018545816419646144,0.0015448208432644606,0,-0.0181,0.0219
David Jiricek,MIN,8483460,5,0.0018548073712736368,0.0015448208432644606,0,-0.0181,0.0219
David Jiricek,MIN,8483460,6,0.0018549560336396098,0.0015448208432644606,0,-0.0181,0.0219
David Jiricek,MIN,8483460,7,0.00185505417175591,0.0015448208432644606,0,-0.0181,0.0219
David Jiricek,MIN,8483460,8,0.0018550478853285313,0.0015448208432644606,0,-0.0181,0.0219
Luca Del Bel Belluz,CBJ,8483432,0,-0.0016976973274722695,-0.0014747645473107696,0,-0.0217,0.0183
Luca Del Bel Belluz,CBJ,8483432,1,-0.001697121188044548,-0.0014747645473107696,0,-0.0217,0.0183
Luca Del Bel Belluz,CBJ,8483432,2,-0.001696568913757801,-0.0014747645473107696,0,-0.0217,0.0183
Luca Del Bel Belluz,CBJ,8483432,3,-0.0016966314287856221,-0.0014747645473107696,0,-0.0217,0.0183
Luca Del Bel Belluz,CBJ,8483432,4,-0.0016972003504633904,-0.0014747645473107696,0,-0.0217,0.0183
Luca Del Bel Belluz,CBJ,8483432,5,-0.001696981955319643,-0.0014747645473107696,0,-0.0217,0.0183
Luca Del Bel Belluz,CBJ,8483432,6,-0.0016968377167358994,-0.0014747645473107696,0,-0.0217,0.0183
Luca Del Bel Belluz,CBJ,8483432,7,-0.0016967426054179668,-0.0014747645473107696,0,-0.0217,0.0183
Luca Del Bel Belluz,CBJ,8483432,8,-0.0016967495903372765,-0.0014747645473107696,0,-0.0217,0.0183
Noah Philp,CAR,8481491,0,-0.0006957158329896629,-0.0006043228204362094,0,-0.0207,0.0193
Noah Philp,CAR,8481491,1,-0.0006951348623260856,-0.0006043228204362094,0,-0.0207,0.0193
Noah Philp,CAR,8481491,2,-0.0006945781642571092,-0.0006043228204362094,0,-0.0207,0.0193
Noah Philp,CAR,8481491,3,-0.0006946368375793099,-0.0006043228204362094,0,-0.0207,0.0193
Noah Philp,CAR,8481491,4,-0.0006952024414204061,-0.0006043228204362094,0,-0.0207,0.0193
Noah Philp,CAR,8481491,5,-0.0006949820090085268,-0.0006043228204362094,0,-0.0207,0.0193
Noah Philp,CAR,8481491,6,-0.0006948356167413294,-0.0006043228204362094,0,-0.0207,0.0193
Noah Philp,CAR,8481491,7,-0.0006947400397621095,-0.0006043228204362094,0,-0.0207,0.0193
Noah Philp,CAR,8481491,8,-0.00069474644260481,-0.0006043228204362094,0,-0.0207,0.0193
Garnet Hathaway,PHI,8477903,0,-0.0011231523239985108,-0.0008201444870792329,0,-0.0211,0.0189
Garnet Hathaway,PHI,8477903,1,-0.0011344329686835408,-0.0008201444870792329,0,-0.0211,0.0189
Garnet Hathaway,PHI,8477903,2,-0.0011457380605861545,-0.0008201444870792329,1,-0.0211,0.0189
Garnet Hathaway,PHI,8477903,3,-0.0011457974324002862,-0.0008201444870792329,0,-0.0211,0.0189
Garnet Hathaway,PHI,8477903,4,-0.0011463641421869397,-0.0008201444870792329,0,-0.0211,0.0189
Garnet Hathaway,PHI,8477903,5,-0.0011461441172286868,-0.0008201444870792329,0,-0.0211,0.0189
Garnet Hathaway,PHI,8477903,6,-0.0011459985980764031,-0.0008201444870792329,0,-0.0211,0.0189
Garnet Hathaway,PHI,8477903,7,-0.0011459027882665396,-0.0008201444870792329,0,-0.0211,0.0189
Garnet Hathaway,PHI,8477903,8,-0.0011459096567705274,-0.0008201444870792329,0,-0.0211,0.0189
Jonas Rondbjerg,VGK,8480007,0,-0.00037525768857449293,-0.0003861525619868189,0,-0.0204,0.0196
Jonas Rondbjerg,VGK,8480007,1,-0.0003746753209270537,-0.0003861525619868189,0,-0.0204,0.0196
Jonas Rondbjerg,VGK,8480007,2,-0.000374117458704859,-0.0003861525619868189,0,-0.0204,0.0196
Jonas Rondbjerg,VGK,8480007,3,-0.0003741751133929938,-0.0003861525619868189,0,-0.0204,0.0196
Jonas Rondbjerg,VGK,8480007,4,-0.0003747398732230067,-0.0003861525619868189,0,-0.0204,0.0196
Jonas Rondbjerg,VGK,8480007,5,-0.0003745189751498401,-0.0003861525619868189,0,-0.0204,0.0196
Jonas Rondbjerg,VGK,8480007,6,-0.0003743720008060336,-0.0003861525619868189,0,-0.0204,0.0196
Jonas Rondbjerg,VGK,8480007,7,-0.00037427633651532233,-0.0003861525619868189,0,-0.0204,0.0196
Jonas Rondbjerg,VGK,8480007,8,-0.0003742823319043964,-0.0003861525619868189,0,-0.0204,0.0196
Drew Doughty,LAK,8474563,0,-0.003584902733564377,-0.002287954790517688,0,-0.0236,0.0164
Drew Doughty,LAK,8474563,1,-0.0035843313671648502,-0.002287954790517688,0,-0.0236,0.0164
Drew Doughty,LAK,8474563,2,-0.003583780722692609,-0.002287954790517688,0,-0.0236,0.0164
Drew Doughty,LAK,8474563,3,-0.0035838468465954065,-0.002287954790517688,0,-0.0236,0.0164
Drew Doughty,LAK,8474563,4,-0.0035844165831804276,-0.002287954790517688,0,-0.0236,0.0164
Drew Doughty,LAK,8474563,5,-0.0035842005163431168,-0.002287954790517688,0,-0.0236,0.0164
Drew Doughty,LAK,8474563,6,-0.003584056394174695,-0.002287954790517688,0,-0.0236,0.0164
Drew Doughty,LAK,8474563,7,-0.0035839632619172335,-0.002287954790517688,0,-0.0236,0.0164
Drew Doughty,LAK,8474563,8,-0.0035839693155139685,-0.002287954790517688,0,-0.0236,0.0164
Jacob Moverare,LAK,8479421,0,-0.0003325213328935206,-0.00037662649992853403,0,-0.0203,0.0197
Jacob Moverare,LAK,8479421,1,-0.00033193937269970775,-0.00037662649992853403,0,-0.0203,0.0197
Jacob Moverare,LAK,8479421,2,-0.00033138180151581764,-0.00037662649992853403,0,-0.0203,0.0197
Jacob Moverare,LAK,8479421,3,-0.000331439747242257,-0.00037662649992853403,0,-0.0203,0.0197
Jacob Moverare,LAK,8479421,4,-0.0003320047107990831,-0.00037662649992853403,0,-0.0203,0.0197
Jacob Moverare,LAK,8479421,5,-0.00033178392914123833,-0.00037662649992853403,0,-0.0203,0.0197
Jacob Moverare,LAK,8479421,6,-0.00033163712942041457,-0.00037662649992853403,0,-0.0203,0.0197
Jacob Moverare,LAK,8479421,7,-0.0003315414360258728,-0.00037662649992853403,0,-0.0203,0.0197
Jacob Moverare,LAK,8479421,8,-0.00033154754783026874,-0.00037662649992853403,0,-0.0203,0.0197
Tony DeAngelo,NYI,8477950,0,-0.0007433049031533301,-0.0015975130954757333,0,-0.0207,0.0193
Tony DeAngelo,NYI,8477950,1,-0.000742730509955436,-0.0015975130954757333,0,-0.0207,0.0193
Tony DeAngelo,NYI,8477950,2,-0.00074217893416062,-0.0015975130954757333,0,-0.0207,0.0193
Tony DeAngelo,NYI,8477950,3,-0.0007422424969263375,-0.0015975130954757333,0,-0.0207,0.0193
Tony DeAngelo,NYI,8477950,4,-0.0007428114768117666,-0.0015975130954757333,0,-0.0207,0.0193
Tony DeAngelo,NYI,8477950,5,-0.0007425943622365594,-0.0015975130954757333,0,-0.0207,0.0193
Tony DeAngelo,NYI,8477950,6,-0.0007424499490298331,-0.0015975130954757333,0,-0.0207,0.0193
Tony DeAngelo,NYI,8477950,7,-0.0007423556526191533,-0.0015975130954757333,0,-0.0207,0.0193
Tony DeAngelo,NYI,8477950,8,-0.0007423621136695147,-0.0015975130954757333,0,-0.0207,0.0193
Colton Dach,CHI,8482703,0,-0.002496207132935524,-0.001908404054120183,0,-0.0225,0.0175
Colton Dach,CHI,8482703,1,-0.002495633205398917,-0.001908404054120183,0,-0.0225,0.0175
Colton Dach,CHI,8482703,2,-0.002495083026587963,-0.001908404054120183,0,-0.0225,0.0175
Colton Dach,CHI,8482703,3,-0.0024951475206762552,-0.001908404054120183,0,-0.0225,0.0175
Colton Dach,CHI,8482703,4,-0.0024957172572612762,-0.001908404054120183,0,-0.0225,0.0175
Colton Dach,CHI,8482703,5,-0.002495500026270747,-0.001908404054120183,0,-0.0225,0.0175
Colton Dach,CHI,8482703,6,-0.0024953563697636127,-0.001908404054120183,0,-0.0225,0.0175
Colton Dach,CHI,8482703,7,-0.0024952618405222893,-0.001908404054120183,0,-0.0225,0.0175
Colton Dach,CHI,8482703,8,-0.002495269291102886,-0.001908404054120183,0,-0.0225,0.0175
Eric Robinson,CAR,8480762,0,-0.0003978933091275394,-0.0007660656119696796,0,-0.0204,0.0196
Eric Robinson,CAR,8480762,1,-0.0004318763967603445,-0.0007660656119696796,0,-0.0204,0.0196
Eric Robinson,CAR,8480762,2,-0.0004658833204302937,-0.0007660656119696796,0,-0.0205,0.0195
Eric Robinson,CAR,8480762,3,-0.0005005052662454545,-0.0007660656119696796,2,-0.0146,0.0136
Eric Robinson,CAR,8480762,4,-0.0005060682888142765,-0.0007660656119696796,0,-0.0205,0.0195
Eric Robinson,CAR,8480762,5,-0.0005108449258841574,-0.0007660656119696796,1,-0.0205,0.0195
Eric Robinson,CAR,8480762,6,-0.0005106994067318738,-0.0007660656119696796,0,-0.0205,0.0195
Eric Robinson,CAR,8480762,7,-0.0005106042954139411,-0.0007660656119696796,0,-0.0205,0.0195
Eric Robinson,CAR,8480762,8,-0.0005106108146719635,-0.0007660656119696796,0,-0.0205,0.0195
Oskar Bäck,DAL,8480840,0,-0.0019588791765272617,-0.0012855308596044779,0,-0.022,0.018
Oskar Bäck,DAL,8480840,1,-0.0019583022221922874,-0.0012855308596044779,0,-0.022,0.018
Oskar Bäck,DAL,8480840,2,-0.0019577499479055405,-0.0012855308596044779,0,-0.022,0.018
Oskar Bäck,DAL,8480840,3,-0.001957812113687396,-0.0012855308596044779,0,-0.022,0.018
Oskar Bäck,DAL,8480840,4,-0.0019583795219659805,-0.0012855308596044779,0,-0.022,0.018
Oskar Bäck,DAL,8480840,5,-0.001958162058144808,-0.0012855308596044779,0,-0.022,0.018
Oskar Bäck,DAL,8480840,6,-0.0019580163061618805,-0.0012855308596044779,0,-0.022,0.018
Oskar Bäck,DAL,8480840,7,-0.0019579222425818443,-0.0012855308596044779,0,-0.022,0.018
Oskar Bäck,DAL,8480840,8,-0.0019579280633479357,-0.0012855308596044779,0,-0.022,0.018
Marcus Pettersson,VAN,8477969,0,-0.00045268074609339237,-0.0003830618807114661,0,-0.0205,0.0195
Marcus Pettersson,VAN,8477969,1,-0.0004520991933532059,-0.0003830618807114661,0,-0.0205,0.0195
Marcus Pettersson,VAN,8477969,2,-0.0004515417676884681,-0.0003830618807114661,0,-0.0205,0.0195
Marcus Pettersson,VAN,8477969,3,-0.0004516000917647034,-0.0003830618807114661,0,-0.0205,0.0195
Marcus Pettersson,VAN,8477969,4,-0.00045216496801003814,-0.0003830618807114661,0,-0.0205,0.0195
Marcus Pettersson,VAN,8477969,5,-0.00045194453559815884,-0.0003830618807114661,0,-0.0205,0.0195
Marcus Pettersson,VAN,8477969,6,-0.00045179761946201324,-0.0003830618807114661,0,-0.0205,0.0195
Marcus Pettersson,VAN,8477969,7,-0.00045170221710577607,-0.0003830618807114661,0,-0.0205,0.0195
Marcus Pettersson,VAN,8477969,8,-0.00045170821249485016,-0.0003830618807114661,0,-0.0205,0.0195
Josh Doan,BUF,8482659,0,0.008366959169507027,0.007501818239688873,0,-0.0116,0.0284
Josh Doan,BUF,8482659,1,0.008283752016723156,0.007501818239688873,3,-0.0032,0.0198
Josh Doan,BUF,8482659,2,0.008220960386097431,0.007501818239688873,3,-0.0033,0.0197
Josh Doan,BUF,8482659,3,0.008196662180125713,0.007501818239688873,1,-0.0118,0.0282
Josh Doan,BUF,8482659,4,0.008183248341083527,0.007501818239688873,1,-0.0118,0.0282
Josh Doan,BUF,8482659,5,0.008183485828340054,0.007501818239688873,0,-0.0118,0.0282
Josh Doan,BUF,8482659,6,0.008183643221855164,0.007501818239688873,0,-0.0118,0.0282
Josh Doan,BUF,8482659,7,0.00818374939262867,0.007501818239688873,0,-0.0118,0.0282
Josh Doan,BUF,8482659,8,0.008183741010725498,0.007501818239688873,0,-0.0118,0.0282
Dakota Joshua,TOR,8478057,0,-0.0029866178520023823,-0.0007971044979058206,0,-0.023,0.017
Dakota Joshua,TOR,8478057,1,-0.0029860399663448334,-0.0007971044979058206,0,-0.023,0.017
Dakota Joshua,TOR,8478057,2,-0.0029854848980903625,-0.0007971044979058206,0,-0.023,0.017
Dakota Joshua,TOR,8478057,3,-0.0029855461325496435,-0.0007971044979058206,0,-0.023,0.017
Dakota Joshua,TOR,8478057,4,-0.002986112143844366,-0.0007971044979058206,0,-0.023,0.017
Dakota Joshua,TOR,8478057,5,-0.0029858946800231934,-0.0007971044979058206,0,-0.023,0.017
Dakota Joshua,TOR,8478057,6,-0.0029857477638870478,-0.0007971044979058206,0,-0.023,0.017
Dakota Joshua,TOR,8478057,7,-0.0029856539331376553,-0.0007971044979058206,0,-0.023,0.017
Dakota Joshua,TOR,8478057,8,-0.002985658822581172,-0.0007971044979058206,0,-0.023,0.017
Logan Stanley,WPG,8479378,0,0.0026660929434001446,0.0012892867671325803,0,-0.0173,0.0227
Logan Stanley,WPG,8479378,1,0.0026666841004043818,0.0012892867671325803,0,-0.0173,0.0227
Logan Stanley,WPG,8479378,2,0.0026672494132071733,0.0012892867671325803,0,-0.0173,0.0227
Logan Stanley,WPG,8479378,3,0.002667199121788144,0.0012892867671325803,0,-0.0173,0.0227
Logan Stanley,WPG,8479378,4,0.0026666386984288692,0.0012892867671325803,0,-0.0173,0.0227
Logan Stanley,WPG,8479378,5,0.00266686431132257,0.0012892867671325803,0,-0.0173,0.0227
Logan Stanley,WPG,8479378,6,0.0026670137885957956,0.0012892867671325803,0,-0.0173,0.0227
Logan Stanley,WPG,8479378,7,0.0026671115774661303,0.0012892867671325803,0,-0.0173,0.0227
Logan Stanley,WPG,8479378,8,0.0026671059895306826,0.0012892867671325803,0,-0.0173,0.0227
Scott Perunovich,UTA,8481059,0,-0.0003502664912957698,-0.0003943636256735772,0,-0.0204,0.0196
Scott Perunovich,UTA,8481059,1,-0.00034968467662110925,-0.0003943636256735772,0,-0.0203,0.0197
Scott Perunovich,UTA,8481059,2,-0.00034912716364488006,-0.0003943636256735772,0,-0.0203,0.0197
Scott Perunovich,UTA,8481059,3,-0.00034918513847514987,-0.0003943636256735772,0,-0.0203,0.0197
Scott Perunovich,UTA,8481059,4,-0.00034975018934346735,-0.0003943636256735772,0,-0.0203,0.0197
Scott Perunovich,UTA,8481059,5,-0.00034952943678945303,-0.0003943636256735772,0,-0.0203,0.0197
Scott Perunovich,UTA,8481059,6,-0.00034938263706862926,-0.0003943636256735772,0,-0.0203,0.0197
Scott Perunovich,UTA,8481059,7,-0.00034928706008940935,-0.0003943636256735772,0,-0.0203,0.0197
Scott Perunovich,UTA,8481059,8,-0.00034929311368614435,-0.0003943636256735772,0,-0.0203,0.0197
Joakim Kemell,NSH,8483465,0,-0.002304705325514078,-0.0016602803952991962,0,-0.0223,0.0177
Joakim Kemell,NSH,8483465,1,-0.0023041313979774714,-0.0016602803952991962,0,-0.0223,0.0177
Joakim Kemell,NSH,8483465,2,-0.0023035805206745863,-0.0016602803952991962,0,-0.0223,0.0177
Joakim Kemell,NSH,8483465,3,-0.0023036429192870855,-0.0016602803952991962,0,-0.0223,0.0177
Joakim Kemell,NSH,8483465,4,-0.002304213121533394,-0.0016602803952991962,0,-0.0223,0.0177
Joakim Kemell,NSH,8483465,5,-0.0023039954248815775,-0.0016602803952991962,0,-0.0223,0.0177
Joakim Kemell,NSH,8483465,6,-0.0023038513027131557,-0.0016602803952991962,0,-0.0223,0.0177
Joakim Kemell,NSH,8483465,7,-0.0023037567734718323,-0.0016602803952991962,0,-0.0223,0.0177
Joakim Kemell,NSH,8483465,8,-0.002303764224052429,-0.0016602803952991962,0,-0.0223,0.0177
Boone Jenner,CBJ,8476432,0,-0.004137359093874693,-0.003348154481500387,0,-0.0241,0.0159
Boone Jenner,CBJ,8476432,1,-0.004136793781071901,-0.003348154481500387,0,-0.0241,0.0159
Boone Jenner,CBJ,8476432,2,-0.004136250354349613,-0.003348154481500387,0,-0.0241,0.0159
Boone Jenner,CBJ,8476432,3,-0.004136320203542709,-0.003348154481500387,0,-0.0241,0.0159
Boone Jenner,CBJ,8476432,4,-0.004136895295232534,-0.003348154481500387,0,-0.0241,0.0159
Boone Jenner,CBJ,8476432,5,-0.0041366820223629475,-0.003348154481500387,0,-0.0241,0.0159
Boone Jenner,CBJ,8476432,6,-0.004136540461331606,-0.003348154481500387,0,-0.0241,0.0159
Boone Jenner,CBJ,8476432,7,-0.004136448260396719,-0.003348154481500387,0,-0.0241,0.0159
Boone Jenner,CBJ,8476432,8,-0.004136455710977316,-0.003348154481500387,0,-0.0241,0.0159
Ty Emberson,EDM,8480834,0,-0.0001967293064808473,-0.0002213901752838865,0,-0.0202,0.0198
Ty Emberson,EDM,8480834,1,-0.00019614642951637506,-0.0002213901752838865,0,-0.0202,0.0198
Ty Emberson,EDM,8480834,2,-0.00019558801432140172,-0.0002213901752838865,0,-0.0202,0.0198
Ty Emberson,EDM,8480834,3,-0.0001956452615559101,-0.0002213901752838865,0,-0.0202,0.0198
Ty Emberson,EDM,8480834,4,-0.00019620971579570323,-0.0002213901752838865,0,-0.0202,0.0198
Ty Emberson,EDM,8480834,5,-0.00019598848302848637,-0.0002213901752838865,0,-0.0202,0.0198
Ty Emberson,EDM,8480834,6,-0.00019584134861361235,-0.0002213901752838865,0,-0.0202,0.0198
Ty Emberson,EDM,8480834,7,-0.00019574548059608787,-0.0002213901752838865,0,-0.0202,0.0198
Ty Emberson,EDM,8480834,8,-0.00019575151964090765,-0.0002213901752838865,0,-0.0202,0.0198
Shakir Mukhamadullin,SJS,8482166,0,-0.00022651907056570053,-0.0002498171816114336,0,-0.0202,0.0198
Shakir Mukhamadullin,SJS,8482166,1,-0.00022593671747017652,-0.0002498171816114336,0,-0.0202,0.0198
Shakir Mukhamadullin,SJS,8482166,2,-0.00022537860786542296,-0.0002498171816114336,0,-0.0202,0.0198
Shakir Mukhamadullin,SJS,8482166,3,-0.00022543620434589684,-0.0002498171816114336,0,-0.0202,0.0198
Shakir Mukhamadullin,SJS,8482166,4,-0.00022600084776058793,-0.0002498171816114336,0,-0.0202,0.0198
Shakir Mukhamadullin,SJS,8482166,5,-0.00022577986237592995,-0.0002498171816114336,0,-0.0202,0.0198
Shakir Mukhamadullin,SJS,8482166,6,-0.000225632858928293,-0.0002498171816114336,0,-0.0202,0.0198
Shakir Mukhamadullin,SJS,8482166,7,-0.0002255370927741751,-0.0002498171816114336,0,-0.0202,0.0198
Shakir Mukhamadullin,SJS,8482166,8,-0.00022554313181899488,-0.0002498171816114336,0,-0.0202,0.0198
Raphael Lavoie,VGK,8481534,0,-0.0008613551035523415,-0.0008459101663902402,0,-0.0209,0.0191
Raphael Lavoie,VGK,8481534,1,-0.0008607750642113388,-0.0008459101663902402,0,-0.0209,0.0191
Raphael Lavoie,VGK,8481534,2,-0.0008602194138802588,-0.0008459101663902402,0,-0.0209,0.0191
Raphael Lavoie,VGK,8481534,3,-0.0008602784364484251,-0.0008459101663902402,0,-0.0209,0.0191
Raphael Lavoie,VGK,8481534,4,-0.0008608449716120958,-0.0008459101663902402,0,-0.0209,0.0191
Raphael Lavoie,VGK,8481534,5,-0.0008606247720308602,-0.0008459101663902402,0,-0.0209,0.0191
Raphael Lavoie,VGK,8481534,6,-0.0008604790782555938,-0.0008459101663902402,0,-0.0209,0.0191
Raphael Lavoie,VGK,8481534,7,-0.0008603832684457302,-0.0008459101663902402,0,-0.0209,0.0191
Raphael Lavoie,VGK,8481534,8,-0.000860390136949718,-0.0008459101663902402,0,-0.0209,0.0191
Jordan Greenway,BUF,8478413,0,-0.00017700085300020874,-0.00022117992921266705,0,-0.0202,0.0198
Jordan Greenway,BUF,8478413,1,-0.00017641804879531264,-0.00022117992921266705,0,-0.0202,0.0198
Jordan Greenway,BUF,8478413,2,-0.00017585966270416975,-0.00022117992921266705,0,-0.0202,0.0198
Jordan Greenway,BUF,8478413,3,-0.00017591696814633906,-0.00022117992921266705,0,-0.0202,0.0198
Jordan Greenway,BUF,8478413,4,-0.00017648142238613218,-0.00022117992921266705,0,-0.0202,0.0198
Jordan Greenway,BUF,8478413,5,-0.00017626021872274578,-0.00022117992921266705,0,-0.0202,0.0198
Jordan Greenway,BUF,8478413,6,-0.00017611312796361744,-0.00022117992921266705,0,-0.0202,0.0198
Jordan Greenway,BUF,8478413,7,-0.00017601725994609296,-0.00022117992921266705,0,-0.0202,0.0198
Jordan Greenway,BUF,8478413,8,-0.00017602331354282796,-0.00022117992921266705,0,-0.0202,0.0198
David Gustafsson,WPG,8481019,0,-0.00033889213227666914,-0.0003830163332168013,0,-0.0203,0.0197
David Gustafsson,WPG,8481019,1,-0.00033831014297902584,-0.0003830163332168013,0,-0.0203,0.0197
David Gustafsson,WPG,8481019,2,-0.00033775210613384843,-0.0003830163332168013,0,-0.0203,0.0197
David Gustafsson,WPG,8481019,3,-0.00033781008096411824,-0.0003830163332168013,0,-0.0203,0.0197
David Gustafsson,WPG,8481019,4,-0.00033837484079413116,-0.0003830163332168013,0,-0.0203,0.0197
David Gustafsson,WPG,8481019,5,-0.00033815400092862546,-0.0003830163332168013,0,-0.0203,0.0197
David Gustafsson,WPG,8481019,6,-0.00033800711389631033,-0.0003830163332168013,0,-0.0203,0.0197
David Gustafsson,WPG,8481019,7,-0.0003379113331902772,-0.0003830163332168013,0,-0.0203,0.0197
David Gustafsson,WPG,8481019,8,-0.0003379174740985036,-0.0003830163332168013,0,-0.0203,0.0197
Calvin de Haan,,8475177,0,-4.074469325132668e-05,-8.496551163261756e-05,0,-0.02,0.02
Calvin de Haan,,8475177,1,-4.016144521301612e-05,-8.496551163261756e-05,0,-0.02,0.02
Calvin de Haan,,8475177,2,-3.9602600736543536e-05,-8.496551163261756e-05,0,-0.02,0.02
Calvin de Haan,,8475177,3,-3.965952055295929e-05,-8.496551163261756e-05,0,-0.02,0.02
Calvin de Haan,,8475177,4,-4.022369103040546e-05,-8.496551163261756e-05,0,-0.02,0.02
Calvin de Haan,,8475177,5,-4.0002229070523754e-05,-8.496551163261756e-05,0,-0.02,0.02
Calvin de Haan,,8475177,6,-3.9855010982137173e-05,-8.496551163261756e-05,0,-0.02,0.02
Calvin de Haan,,8475177,7,-3.975897197960876e-05,-8.496551163261756e-05,0,-0.02,0.02
Calvin de Haan,,8475177,8,-3.9765043766237795e-05,-8.496551163261756e-05,0,-0.02,0.02
Mikey Anderson,LAK,8479998,0,-0.0005609653308056295,-0.0005663845222443342,0,-0.0206,0.0194
Mikey Anderson,LAK,8479998,1,-0.0005603846511803567,-0.0005663845222443342,0,-0.0206,0.0194
Mikey Anderson,LAK,8479998,2,-0.0005598291172645986,-0.0005663845222443342,0,-0.0206,0.0194
Mikey Anderson,LAK,8479998,3,-0.0005598881398327649,-0.0005663845222443342,0,-0.0206,0.0194
Mikey Anderson,LAK,8479998,4,-0.0005604543839581311,-0.0005663845222443342,0,-0.0206,0.0194
Mikey Anderson,LAK,8479998,5,-0.0005602342425845563,-0.0005663845222443342,0,-0.0206,0.0194
Mikey Anderson,LAK,8479998,6,-0.0005600883159786463,-0.0005663845222443342,0,-0.0206,0.0194
Mikey Anderson,LAK,8479998,7,-0.0005599927389994264,-0.0005663845222443342,0,-0.0206,0.0194
Mikey Anderson,LAK,8479998,8,-0.0005599992582574487,-0.0005663845222443342,0,-0.0206,0.0194
Artyom Levshunov,CHI,8484783,0,-0.004127501510083675,-0.0029385420493781567,0,-0.0241,0.0159
Artyom Levshunov,CHI,8484783,1,-0.0041269343346357346,-0.0029385420493781567,0,-0.0241,0.0159
Artyom Levshunov,CHI,8484783,2,-0.004126390907913446,-0.0029385420493781567,0,-0.0241,0.0159
Artyom Levshunov,CHI,8484783,3,-0.004126460757106543,-0.0029385420493781567,0,-0.0241,0.0159
Artyom Levshunov,CHI,8484783,4,-0.004127034917473793,-0.0029385420493781567,0,-0.0241,0.0159
Artyom Levshunov,CHI,8484783,5,-0.004126822575926781,-0.0029385420493781567,0,-0.0241,0.0159
Artyom Levshunov,CHI,8484783,6,-0.004126680549234152,-0.0029385420493781567,0,-0.0241,0.0159
Artyom Levshunov,CHI,8484783,7,-0.004126587882637978,-0.0029385420493781567,0,-0.0241,0.0159
Artyom Levshunov,CHI,8484783,8,-0.004126593936234713,-0.0029385420493781567,0,-0.0241,0.0159
Calle Jarnkrok,TOR,8475714,0,0.0011017355136573315,0.00146212347317487,0,-0.0189,0.0211
Calle Jarnkrok,TOR,8475714,1,0.001102326437830925,0.00146212347317487,0,-0.0189,0.0211
Calle Jarnkrok,TOR,8475714,2,0.0011028925655409694,0.00146212347317487,0,-0.0189,0.0211
Calle Jarnkrok,TOR,8475714,3,0.0011028414592146873,0.00146212347317487,0,-0.0189,0.0211
Calle Jarnkrok,TOR,8475714,4,0.0011022822000086308,0.00146212347317487,0,-0.0189,0.0211
Calle Jarnkrok,TOR,8475714,5,0.001102507347241044,0.00146212347317487,0,-0.0189,0.0211
Calle Jarnkrok,TOR,8475714,6,0.0011026572901755571,0.00146212347317487,0,-0.0189,0.0211
Calle Jarnkrok,TOR,8475714,7,0.001102754846215248,0.00146212347317487,0,-0.0189,0.0211
Calle Jarnkrok,TOR,8475714,8,0.001102749491110444,0.00146212347317487,0,-0.0189,0.0211
Justin Holl,DET,8475718,0,-0.0001381092588417232,-0.00018227465625386685,0,-0.0201,0.0199
Justin Holl,DET,8475718,1,-0.00013752667291555554,-0.00018227465625386685,0,-0.0201,0.0199
Justin Holl,DET,8475718,2,-0.00013696838868781924,-0.00018227465625386685,0,-0.0201,0.0199
Justin Holl,DET,8475718,3,-0.00013702581054531038,-0.00018227465625386685,0,-0.0201,0.0199
Justin Holl,DET,8475718,4,-0.0001375903229927644,-0.00018227465625386685,0,-0.0201,0.0199
Justin Holl,DET,8475718,5,-0.00013736929395236075,-0.00018227465625386685,0,-0.0201,0.0199
Justin Holl,DET,8475718,6,-0.00013722211588174105,-0.00018227465625386685,0,-0.0201,0.0199
Justin Holl,DET,8475718,7,-0.00013712640793528408,-0.00018227465625386685,0,-0.0201,0.0199
Justin Holl,DET,8475718,8,-0.00013713233056478202,-0.00018227465625386685,0,-0.0201,0.0199
Ty Dellandrea,SJS,8480848,0,-0.0034670918248593807,-0.002644806168973446,0,-0.0235,0.0165
Ty Dellandrea,SJS,8480848,1,-0.003466523252427578,-0.002644806168973446,0,-0.0235,0.0165
Ty Dellandrea,SJS,8480848,2,-0.0034659765660762787,-0.002644806168973446,0,-0.0235,0.0165
Ty Dellandrea,SJS,8480848,3,-0.0034660433884710073,-0.002644806168973446,0,-0.0235,0.0165
Ty Dellandrea,SJS,8480848,4,-0.003466617316007614,-0.002644806168973446,0,-0.0235,0.0165
Ty Dellandrea,SJS,8480848,5,-0.0034664017148315907,-0.002644806168973446,0,-0.0235,0.0165
Ty Dellandrea,SJS,8480848,6,-0.003466259455308318,-0.002644806168973446,0,-0.0235,0.0165
Ty Dellandrea,SJS,8480848,7,-0.003466165391728282,-0.002644806168973446,0,-0.0235,0.0165
Ty Dellandrea,SJS,8480848,8,-0.00346617354080081,-0.002644806168973446,0,-0.0235,0.0165
Sean Kuraly,BOS,8476374,0,0.001337746623903513,-0.00010170647146878764,0,-0.0187,0.0213
Sean Kuraly,BOS,8476374,1,0.0014250042149797082,-0.00010170647146878764,1,-0.0186,0.0214
Sean Kuraly,BOS,8476374,2,0.0014255635906010866,-0.00010170647146878764,0,-0.0186,0.0214
Sean Kuraly,BOS,8476374,3,0.0014255066635087132,-0.00010170647146878764,0,-0.0186,0.0214
Sean Kuraly,BOS,8476374,4,0.0014249428641051054,-0.00010170647146878764,0,-0.0186,0.0214
Sean Kuraly,BOS,8476374,5,0.0014251642860472202,-0.00010170647146878764,0,-0.0186,0.0214
Sean Kuraly,BOS,8476374,6,0.001425311784259975,-0.00010170647146878764,0,-0.0186,0.0214
Sean Kuraly,BOS,8476374,7,0.0014254075940698385,-0.00010170647146878764,0,-0.0186,0.0214
Sean Kuraly,BOS,8476374,8,0.001425401889719069,-0.00010170647146878764,0,-0.0186,0.0214
Connor Dewar,PIT,8480980,0,-0.0034112068824470043,-0.002234412357211113,0,-0.0234,0.0166
Connor Dewar,PIT,8480980,1,-0.003410634584724903,-0.002234412357211113,0,-0.0234,0.0166
Connor Dewar,PIT,8480980,2,-0.0034100860357284546,-0.002234412357211113,0,-0.0234,0.0166
Connor Dewar,PIT,8480980,3,-0.0034101528581231833,-0.002234412357211113,0,-0.0234,0.0166
Connor Dewar,PIT,8480980,4,-0.003410723526030779,-0.002234412357211113,0,-0.0234,0.0166
Connor Dewar,PIT,8480980,5,-0.003410508157685399,-0.002234412357211113,0,-0.0234,0.0166
Connor Dewar,PIT,8480980,6,-0.003410364268347621,-0.002234412357211113,0,-0.0234,0.0166
Connor Dewar,PIT,8480980,7,-0.0034102716017514467,-0.002234412357211113,0,-0.0234,0.0166
Connor Dewar,PIT,8480980,8,-0.003410277422517538,-0.002234412357211113,0,-0.0234,0.0166
Scott Morrow,NYR,8482666,0,-0.0010799516458064318,-0.0007666299934498966,0,-0.0211,0.0189
Scott Morrow,NYR,8482666,1,-0.0010793721303343773,-0.0007666299934498966,0,-0.0211,0.0189
Scott Morrow,NYR,8482666,2,-0.0010788170620799065,-0.0007666299934498966,0,-0.0211,0.0189
Scott Morrow,NYR,8482666,3,-0.0010788767831400037,-0.0007666299934498966,0,-0.0211,0.0189
Scott Morrow,NYR,8482666,4,-0.0010794438421726227,-0.0007666299934498966,0,-0.0211,0.0189
Scott Morrow,NYR,8482666,5,-0.0010792238172143698,-0.0007666299934498966,0,-0.0211,0.0189
Scott Morrow,NYR,8482666,6,-0.001079078414477408,-0.0007666299934498966,0,-0.0211,0.0189
Scott Morrow,NYR,8482666,7,-0.001078982837498188,-0.0007666299934498966,0,-0.0211,0.0189
Scott Morrow,NYR,8482666,8,-0.0010789894731715322,-0.0007666299934498966,0,-0.0211,0.0189
Olli Määttä,UTA,8476874,0,-0.0003796173259615898,-0.0002481839619576931,0,-0.0204,0.0196
Olli Määttä,UTA,8476874,1,-0.00037903495831415057,-0.0002481839619576931,0,-0.0204,0.0196
Olli Määttä,UTA,8476874,2,-0.00037847706698812544,-0.0002481839619576931,0,-0.0204,0.0196
Olli Määttä,UTA,8476874,3,-0.00037853457615710795,-0.0002481839619576931,0,-0.0204,0.0196
Olli Määttä,UTA,8476874,4,-0.0003790993941947818,-0.0002481839619576931,0,-0.0204,0.0196
Olli Määttä,UTA,8476874,5,-0.0003788782632909715,-0.0002481839619576931,0,-0.0204,0.0196
Olli Määttä,UTA,8476874,6,-0.00037873146357014775,-0.0002481839619576931,0,-0.0204,0.0196
Olli Määttä,UTA,8476874,7,-0.00037863553734496236,-0.0002481839619576931,0,-0.0204,0.0196
Olli Määttä,UTA,8476874,8,-0.00037864179466851056,-0.0002481839619576931,0,-0.0204,0.0196
Jake McCabe,TOR,8476931,0,-0.0010986396810039878,-0.0006821089191362262,0,-0.0211,0.0189
Jake McCabe,TOR,8476931,1,-0.0010980594670400023,-0.0006821089191362262,0,-0.0211,0.0189
Jake McCabe,TOR,8476931,2,-0.0010975037002936006,-0.0006821089191362262,0,-0.0211,0.0189
Jake McCabe,TOR,8476931,3,-0.0010975628392770886,-0.0006821089191362262,0,-0.0211,0.0189
Jake McCabe,TOR,8476931,4,-0.0010981291998177767,-0.0006821089191362262,0,-0.0211,0.0189
Jake McCabe,TOR,8476931,5,-0.0010979091748595238,-0.0006821089191362262,0,-0.0211,0.0189
Jake McCabe,TOR,8476931,6,-0.0010977628407999873,-0.0006821089191362262,0,-0.0211,0.0189
Jake McCabe,TOR,8476931,7,-0.0010976678458973765,-0.0006821089191362262,0,-0.0211,0.0189
Jake McCabe,TOR,8476931,8,-0.0010976737830787897,-0.0006821089191362262,0,-0.0211,0.0189
Jani Nyman,SEA,8483497,0,-0.0012385534355416894,-0.0011701693292707205,0,-0.0212,0.0188
Jani Nyman,SEA,8483497,1,-0.0012379750842228532,-0.0011701693292707205,0,-0.0212,0.0188
Jani Nyman,SEA,8483497,2,-0.001237420248799026,-0.0011701693292707205,0,-0.0212,0.0188
Jani Nyman,SEA,8483497,3,-0.0012374806683510542,-0.0011701693292707205,0,-0.0212,0.0188
Jani Nyman,SEA,8483497,4,-0.001238047843798995,-0.0011701693292707205,0,-0.0212,0.0188
Jani Nyman,SEA,8483497,5,-0.001237828517332673,-0.0011701693292707205,0,-0.0212,0.0188
Jani Nyman,SEA,8483497,6,-0.0012376827653497458,-0.0011701693292707205,0,-0.0212,0.0188
Jani Nyman,SEA,8483497,7,-0.0012375878868624568,-0.0011701693292707205,0,-0.0212,0.0188
Jani Nyman,SEA,8483497,8,-0.0012375942897051573,-0.0011701693292707205,0,-0.0212,0.0188
Lucas Carlsson,SJS,8479523,0,-0.0003195208846591413,-0.00036361857200972736,0,-0.0203,0.0197
Lucas Carlsson,SJS,8479523,1,-0.000318939215503633,-0.00036361857200972736,0,-0.0203,0.0197
Lucas Carlsson,SJS,8479523,2,-0.0003183816443197429,-0.00036361857200972736,0,-0.0203,0.0197
Lucas Carlsson,SJS,8479523,3,-0.00031843967735767365,-0.00036361857200972736,0,-0.0203,0.0197
Lucas Carlsson,SJS,8479523,4,-0.0003190046700183302,-0.00036361857200972736,0,-0.0203,0.0197
Lucas Carlsson,SJS,8479523,5,-0.00031878394656814635,-0.00036361857200972736,0,-0.0203,0.0197
Lucas Carlsson,SJS,8479523,6,-0.00031863717595115304,-0.00036361857200972736,0,-0.0203,0.0197
Lucas Carlsson,SJS,8479523,7,-0.00031854151166044176,-0.00036361857200972736,0,-0.0203,0.0197
Lucas Carlsson,SJS,8479523,8,-0.0003185475943610072,-0.00036361857200972736,0,-0.0203,0.0197
Tyson Kozak,BUF,8482896,0,0.002276211977005005,0.0022309133782982826,0,-0.0177,0.0223
Tyson Kozak,BUF,8482896,1,0.002276808023452759,0.0022309133782982826,0,-0.0177,0.0223
Tyson Kozak,BUF,8482896,2,0.002277378225699067,0.0022309133782982826,0,-0.0177,0.0223
Tyson Kozak,BUF,8482896,3,0.002277330495417118,0.0022309133782982826,0,-0.0177,0.0223
Tyson Kozak,BUF,8482896,4,0.0022767740301787853,0.0022309133782982826,0,-0.0177,0.0223
Tyson Kozak,BUF,8482896,5,0.0022770012728869915,0.0022309133782982826,0,-0.0177,0.0223
Tyson Kozak,BUF,8482896,6,0.002277153078466654,0.0022309133782982826,0,-0.0177,0.0223
Tyson Kozak,BUF,8482896,7,0.0022772515658289194,0.0022309133782982826,0,-0.0177,0.0223
Tyson Kozak,BUF,8482896,8,0.002277246443554759,0.0022309133782982826,0,-0.0177,0.0223
Beck Malenstyn,BUF,8479359,0,-0.0009090190869756043,-0.0006900083390064538,1,-0.0209,0.0191
Beck Malenstyn,BUF,8479359,1,-0.0009084389894269407,-0.0006900083390064538,0,-0.0209,0.0191
Beck Malenstyn,BUF,8479359,2,-0.000907883164472878,-0.0006900083390064538,0,-0.0209,0.0191
Beck Malenstyn,BUF,8479359,3,-0.0009079424198716879,-0.0006900083390064538,0,-0.0209,0.0191
Beck Malenstyn,BUF,8479359,4,-0.0009085086057893932,-0.0006900083390064538,0,-0.0209,0.0191
Beck Malenstyn,BUF,8479359,5,-0.0009082886972464621,-0.0006900083390064538,0,-0.0209,0.0191
Beck Malenstyn,BUF,8479359,6,-0.0009081425960175693,-0.0006900083390064538,0,-0.0209,0.0191
Beck Malenstyn,BUF,8479359,7,-0.0009080470772460103,-0.0006900083390064538,0,-0.0209,0.0191
Beck Malenstyn,BUF,8479359,8,-0.0009080537129193544,-0.0006900083390064538,0,-0.0209,0.0191
Joshua Mahura,SEA,8479372,0,-0.0001253804366569966,-0.0001695737155387178,0,-0.0201,0.0199
Joshua Mahura,SEA,8479372,1,-0.00012479750148486346,-0.0001695737155387178,0,-0.0201,0.0199
Joshua Mahura,SEA,8479372,2,-0.00012423895532265306,-0.0001695737155387178,0,-0.0201,0.0199
Joshua Mahura,SEA,8479372,3,-0.00012429611524567008,-0.0001695737155387178,0,-0.0201,0.0199
Joshua Mahura,SEA,8479372,4,-0.00012486049672588706,-0.0001695737155387178,0,-0.0201,0.0199
Joshua Mahura,SEA,8479372,5,-0.00012463919119909406,-0.0001695737155387178,0,-0.0201,0.0199
Joshua Mahura,SEA,8479372,6,-0.00012449205678422004,-0.0001695737155387178,0,-0.0201,0.0199
Joshua Mahura,SEA,8479372,7,-0.0001243961014552042,-0.0001695737155387178,0,-0.0201,0.0199
Joshua Mahura,SEA,8479372,8,-0.00012440216960385442,-0.0001695737155387178,0,-0.0201,0.0199
Linus Karlsson,VAN,8481024,0,-0.001648093806579709,-0.0007757036946713924,0,-0.0216,0.0184
Linus Karlsson,VAN,8481024,1,-0.00164751464035362,-0.0007757036946713924,0,-0.0216,0.0184
Linus Karlsson,VAN,8481024,2,-0.001646959106437862,-0.0007757036946713924,0,-0.0216,0.0184
Linus Karlsson,VAN,8481024,3,-0.001647019642405212,-0.0007757036946713924,0,-0.0216,0.0184
Linus Karlsson,VAN,8481024,4,-0.0016475857701152563,-0.0007757036946713924,0,-0.0216,0.0184
Linus Karlsson,VAN,8481024,5,-0.0016473665600642562,-0.0007757036946713924,0,-0.0216,0.0184
Linus Karlsson,VAN,8481024,6,-0.0016472204588353634,-0.0007757036946713924,0,-0.0216,0.0184
Linus Karlsson,VAN,8481024,7,-0.0016471253475174308,-0.0007757036946713924,0,-0.0216,0.0184
Linus Karlsson,VAN,8481024,8,-0.0016471320996060967,-0.0007757036946713924,0,-0.0216,0.0184
Mathew Dumba,PIT,8476856,0,0.00202923477627337,0.0016605595592409372,0,-0.018,0.022
Mathew Dumba,PIT,8476856,1,0.0020298254676163197,0.0016605595592409372,0,-0.018,0.022
Mathew Dumba,PIT,8476856,2,0.002030391013249755,0.0016605595592409372,0,-0.018,0.022
Mathew Dumba,PIT,8476856,3,0.00203033909201622,0.0016605595592409372,0,-0.018,0.022
Mathew Dumba,PIT,8476856,4,0.002029779367148876,0.0016605595592409372,0,-0.018,0.022
Mathew Dumba,PIT,8476856,5,0.0020300045143812895,0.0016605595592409372,0,-0.018,0.022
Mathew Dumba,PIT,8476856,6,0.0020301539916545153,0.0016605595592409372,0,-0.018,0.022
Mathew Dumba,PIT,8476856,7,0.0020302513148635626,0.0016605595592409372,0,-0.018,0.022
Mathew Dumba,PIT,8476856,8,0.002030246192589402,0.0016605595592409372,0,-0.018,0.022
Erik Gudbranson,CBJ,8475790,0,-0.0008471442852169275,-0.0006001386209391057,0,-0.0208,0.0192
Erik Gudbranson,CBJ,8475790,1,-0.0008465650025755167,-0.0006001386209391057,0,-0.0208,0.0192
Erik Gudbranson,CBJ,8475790,2,-0.0008460090612061322,-0.0006001386209391057,0,-0.0208,0.0192
Erik Gudbranson,CBJ,8475790,3,-0.000846069073304534,-0.0006001386209391057,0,-0.0208,0.0192
Erik Gudbranson,CBJ,8475790,4,-0.0008466351428069174,-0.0006001386209391057,0,-0.0208,0.0192
Erik Gudbranson,CBJ,8475790,5,-0.0008464158163405955,-0.0006001386209391057,0,-0.0208,0.0192
Erik Gudbranson,CBJ,8475790,6,-0.0008462694240733981,-0.0006001386209391057,0,-0.0208,0.0192
Erik Gudbranson,CBJ,8475790,7,-0.0008461746037937701,-0.0006001386209391057,0,-0.0208,0.0192
Erik Gudbranson,CBJ,8475790,8,-0.0008461805409751832,-0.0006001386209391057,0,-0.0208,0.0192
Alexander Romanov,NYI,8481014,0,-7.93147919466719e-05,-0.00012351568148005754,0,-0.0201,0.0199
Alexander Romanov,NYI,8481014,1,-7.873176946304739e-05,-0.00012351568148005754,0,-0.0201,0.0199
Alexander Romanov,NYI,8481014,2,-7.8173128713388e-05,-0.00012351568148005754,0,-0.0201,0.0199
Alexander Romanov,NYI,8481014,3,-7.823023042874411e-05,-0.00012351568148005754,0,-0.0201,0.0199
Alexander Romanov,NYI,8481014,4,-7.879454642534256e-05,-0.00012351568148005754,0,-0.0201,0.0199
Alexander Romanov,NYI,8481014,5,-7.85732117947191e-05,-0.00012351568148005754,0,-0.0201,0.0199
Alexander Romanov,NYI,8481014,6,-7.84260337240994e-05,-0.00012351568148005754,0,-0.0201,0.0199
Alexander Romanov,NYI,8481014,7,-7.833009294699878e-05,-0.00012351568148005754,0,-0.0201,0.0199
Alexander Romanov,NYI,8481014,8,-7.833615381969139e-05,-0.00012351568148005754,0,-0.0201,0.0199
Zach Whitecloud,CGY,8480727,0,-0.0007685000309720635,-0.0005999647546559572,0,-0.0208,0.0192
Zach Whitecloud,CGY,8480727,1,-0.0007679194677621126,-0.0005999647546559572,0,-0.0208,0.0192
Zach Whitecloud,CGY,8480727,2,-0.0007673630607314408,-0.0005999647546559572,0,-0.0208,0.0192
Zach Whitecloud,CGY,8480727,3,-0.0007674219086766243,-0.0005999647546559572,0,-0.0208,0.0192
Zach Whitecloud,CGY,8480727,4,-0.000767987803556025,-0.0005999647546559572,0,-0.0208,0.0192
Zach Whitecloud,CGY,8480727,5,-0.0007677676621824503,-0.0005999647546559572,0,-0.0208,0.0192
Zach Whitecloud,CGY,8480727,6,-0.0007676213281229138,-0.0005999647546559572,0,-0.0208,0.0192
Zach Whitecloud,CGY,8480727,7,-0.0007675259257666767,-0.0005999647546559572,0,-0.0208,0.0192
Zach Whitecloud,CGY,8480727,8,-0.0007675320375710726,-0.0005999647546559572,0,-0.0208,0.0192
Rutger McGroarty,PIT,8483487,0,0.0018216159660369158,0.0017765943193808198,0,-0.0182,0.0218
Rutger McGroarty,PIT,8483487,1,0.0018222087528556585,0.0017765943193808198,0,-0.0182,0.0218
Rutger McGroarty,PIT,8483487,2,0.0018227758118882775,0.0017765943193808198,0,-0.0182,0.0218
Rutger McGroarty,PIT,8483487,3,0.0018227258697152138,0.0017765943193808198,0,-0.0182,0.0218
Rutger McGroarty,PIT,8483487,4,0.00182216742541641,0.0017765943193808198,0,-0.0182,0.0218
Rutger McGroarty,PIT,8483487,5,0.0018223936203867197,0.0017765943193808198,0,-0.0182,0.0218
Rutger McGroarty,PIT,8483487,6,0.0018225436797365546,0.0017765943193808198,0,-0.0182,0.0218
Rutger McGroarty,PIT,8483487,7,0.0018226420506834984,0.0017765943193808198,0,-0.0182,0.0218
Rutger McGroarty,PIT,8483487,8,0.0018226363463327289,0.0017765943193808198,0,-0.0182,0.0218
Brett Kulak,COL,8476967,0,-0.000780093832872808,-0.0006657674675807357,0,-0.0208,0.0192
Brett Kulak,COL,8476967,1,-0.000779513968154788,-0.0006657674675807357,0,-0.0208,0.0192
Brett Kulak,COL,8476967,2,-0.0007789576193317771,-0.0006657674675807357,0,-0.0208,0.0192
Brett Kulak,COL,8476967,3,-0.0007790171075612307,-0.0006657674675807357,0,-0.0208,0.0192
Brett Kulak,COL,8476967,4,-0.0007795830024406314,-0.0006657674675807357,0,-0.0208,0.0192
Brett Kulak,COL,8476967,5,-0.0007793633849360049,-0.0006657674675807357,0,-0.0208,0.0192
Brett Kulak,COL,8476967,6,-0.0007792168180458248,-0.0006657674675807357,0,-0.0208,0.0192
Brett Kulak,COL,8476967,7,-0.0007791218813508749,-0.0006657674675807357,0,-0.0208,0.0192
Brett Kulak,COL,8476967,8,-0.0007791277603246272,-0.0006657674675807357,0,-0.0208,0.0192
Sam Rinzel,CHI,8483506,0,-0.003585931146517396,-0.002559792948886752,0,-0.0236,0.0164
Sam Rinzel,CHI,8483506,1,-0.003585362108424306,-0.002559792948886752,0,-0.0236,0.0164
Sam Rinzel,CHI,8483506,2,-0.0035848140250891447,-0.002559792948886752,0,-0.0236,0.0164
Sam Rinzel,CHI,8483506,3,-0.0035848815459758043,-0.002559792948886752,0,-0.0236,0.0164
Sam Rinzel,CHI,8483506,4,-0.0035854526795446873,-0.002559792948886752,0,-0.0236,0.0164
Sam Rinzel,CHI,8483506,5,-0.003585238941013813,-0.002559792948886752,0,-0.0236,0.0164
Sam Rinzel,CHI,8483506,6,-0.0035850948188453913,-0.002559792948886752,0,-0.0236,0.0164
Sam Rinzel,CHI,8483506,7,-0.0035850023850798607,-0.002559792948886752,0,-0.0236,0.0164
Sam Rinzel,CHI,8483506,8,-0.003585008904337883,-0.002559792948886752,0,-0.0236,0.0164
Jimmy Snuggerud,STL,8483516,0,-0.010978728532791138,-0.005269674118608236,0,-0.031,0.009
Jimmy Snuggerud,STL,8483516,1,-0.010978165082633495,-0.005269674118608236,0,-0.031,0.009
Jimmy Snuggerud,STL,8483516,2,-0.010977623984217644,-0.005269674118608236,0,-0.031,0.009
Jimmy Snuggerud,STL,8483516,3,-0.01097769383341074,-0.005269674118608236,0,-0.031,0.009
Jimmy Snuggerud,STL,8483516,4,-0.010978271253407001,-0.005269674118608236,0,-0.031,0.009
Jimmy Snuggerud,STL,8483516,5,-0.01097805891185999,-0.005269674118608236,0,-0.031,0.009
Jimmy Snuggerud,STL,8483516,6,-0.010977918282151222,-0.005269674118608236,0,-0.031,0.009
Jimmy Snuggerud,STL,8483516,7,-0.01097782701253891,-0.005269674118608236,0,-0.031,0.009
Jimmy Snuggerud,STL,8483516,8,-0.010977834463119507,-0.005269674118608236,0,-0.031,0.009
Dalibor Dvorsky,STL,8484164,0,0.0022743043955415487,0.0012885980540886521,0,-0.0177,0.0223
Dalibor Dvorsky,STL,8484164,1,0.002274895552545786,0.0012885980540886521,0,-0.0177,0.0223
Dalibor Dvorsky,STL,8484164,2,0.002275461098179221,0.0012885980540886521,0,-0.0177,0.0223
Dalibor Dvorsky,STL,8484164,3,0.0022754089441150427,0.0012885980540886521,0,-0.0177,0.0223
Dalibor Dvorsky,STL,8484164,4,0.0022748499177396297,0.0012885980540886521,0,-0.0177,0.0223
Dalibor Dvorsky,STL,8484164,5,0.002275074366480112,0.0012885980540886521,0,-0.0177,0.0223
Dalibor Dvorsky,STL,8484164,6,0.002275224309414625,0.0012885980540886521,0,-0.0177,0.0223
Dalibor Dvorsky,STL,8484164,7,0.002275321865454316,0.0012885980540886521,0,-0.0177,0.0223
Dalibor Dvorsky,STL,8484164,8,0.002275316510349512,0.0012885980540886521,0,-0.0177,0.0223
Drew Helleson,ANA,8481563,0,-0.00012991935363970697,-0.00014699186431244016,0,-0.0201,0.0199
Drew Helleson,ANA,8481563,1,-0.00012933643301948905,-0.00014699186431244016,0,-0.0201,0.0199
Drew Helleson,ANA,8481563,2,-0.0001287779596168548,-0.00014699186431244016,0,-0.0201,0.0199
Drew Helleson,ANA,8481563,3,-0.0001288351195398718,-0.00014699186431244016,0,-0.0201,0.0199
Drew Helleson,ANA,8481563,4,-0.00012939954467583448,-0.00014699186431244016,0,-0.0201,0.0199
Drew Helleson,ANA,8481563,5,-0.00012917826825287193,-0.00014699186431244016,0,-0.0201,0.0199
Drew Helleson,ANA,8481563,6,-0.00012903114838991314,-0.00014699186431244016,0,-0.0201,0.0199
Drew Helleson,ANA,8481563,7,-0.00012893523671664298,-0.00014699186431244016,0,-0.0201,0.0199
Drew Helleson,ANA,8481563,8,-0.00012894126120954752,-0.00014699186431244016,0,-0.0201,0.0199
Matthew Wood,NSH,8484241,0,0.00046110860421322286,0.0008630561060272157,0,-0.0195,0.0205
Matthew Wood,NSH,8484241,1,0.000461694726254791,0.0008630561060272157,0,-0.0195,0.0205
Matthew Wood,NSH,8484241,2,0.00046225611004047096,0.0008630561060272157,0,-0.0195,0.0205
Matthew Wood,NSH,8484241,3,0.00046220142394304276,0.0008630561060272157,0,-0.0195,0.0205
Matthew Wood,NSH,8484241,4,0.00046163893421180546,0.0008630561060272157,0,-0.0195,0.0205
Matthew Wood,NSH,8484241,5,0.00046186186955310404,0.0008630561060272157,0,-0.0195,0.0205
Matthew Wood,NSH,8484241,6,0.0004620100080501288,0.0008630561060272157,0,-0.0195,0.0205
Matthew Wood,NSH,8484241,7,0.0004621066036634147,0.0008630561060272157,0,-0.0195,0.0205
Matthew Wood,NSH,8484241,8,0.00046210092841647565,0.0008630561060272157,0,-0.0195,0.0205
Brendan Smith,CBJ,8474090,0,0.0022890239488333464,0.0022437465377151966,0,-0.0177,0.0223
Brendan Smith,CBJ,8474090,1,0.002289619529619813,0.0022437465377151966,0,-0.0177,0.0223
Brendan Smith,CBJ,8474090,2,0.0022901897318661213,0.0022437465377151966,0,-0.0177,0.0223
Brendan Smith,CBJ,8474090,3,0.0022901417687535286,0.0022437465377151966,0,-0.0177,0.0223
Brendan Smith,CBJ,8474090,4,0.002289585769176483,0.0022437465377151966,0,-0.0177,0.0223
Brendan Smith,CBJ,8474090,5,0.002289812546223402,0.0022437465377151966,0,-0.0177,0.0223
Brendan Smith,CBJ,8474090,6,0.002289964584633708,0.0022437465377151966,0,-0.0177,0.0223
Brendan Smith,CBJ,8474090,7,0.0022900623735040426,0.0022437465377151966,0,-0.0177,0.0223
Brendan Smith,CBJ,8474090,8,0.002290057949721813,0.0022437465377151966,0,-0.0177,0.0223
Kailer Yamamoto,UTA,8479977,0,-0.0002449597814120352,-0.00028903677593916655,0,-0.0202,0.0198
Kailer Yamamoto,UTA,8479977,1,-0.0002443784032948315,-0.00028903677593916655,0,-0.0202,0.0198
Kailer Yamamoto,UTA,8479977,2,-0.0002438208321109414,-0.00028903677593916655,0,-0.0202,0.0198
Kailer Yamamoto,UTA,8479977,3,-0.0002438791561871767,-0.00028903677593916655,0,-0.0202,0.0198
Kailer Yamamoto,UTA,8479977,4,-0.00024444429436698556,-0.00028903677593916655,0,-0.0202,0.0198
Kailer Yamamoto,UTA,8479977,5,-0.00024422374553978443,-0.00028903677593916655,0,-0.0202,0.0198
Kailer Yamamoto,UTA,8479977,6,-0.00024407694581896067,-0.00028903677593916655,0,-0.0202,0.0198
Kailer Yamamoto,UTA,8479977,7,-0.00024398141249548644,-0.00028903677593916655,0,-0.0202,0.0198
Kailer Yamamoto,UTA,8479977,8,-0.00024398742243647575,-0.00028903677593916655,0,-0.0202,0.0198
Vasily Ponomarev,PIT,8482102,0,-0.00010499202471692115,-0.00014916369400452822,0,-0.0201,0.0199
Vasily Ponomarev,PIT,8482102,1,-0.0001044092932716012,-0.00014916369400452822,0,-0.0201,0.0199
Vasily Ponomarev,PIT,8482102,2,-0.00010385098721599206,-0.00014916369400452822,0,-0.0201,0.0199
Vasily Ponomarev,PIT,8482102,3,-0.00010390836541773751,-0.00014916369400452822,0,-0.0201,0.0199
Vasily Ponomarev,PIT,8482102,4,-0.00010447287058923393,-0.00014916369400452822,0,-0.0201,0.0199
Vasily Ponomarev,PIT,8482102,5,-0.00010425169602967799,-0.00014916369400452822,0,-0.0201,0.0199
Vasily Ponomarev,PIT,8482102,6,-0.00010410464892629534,-0.00014916369400452822,0,-0.0201,0.0199
Vasily Ponomarev,PIT,8482102,7,-0.0001040087518049404,-0.00014916369400452822,0,-0.0201,0.0199
Vasily Ponomarev,PIT,8482102,8,-0.00010401489998912439,-0.00014916369400452822,0,-0.0201,0.0199
Fabian Lysell,BOS,8482763,0,0.002223374554887414,0.002178127644583583,0,-0.0178,0.0222
Fabian Lysell,BOS,8482763,1,0.0022239715326577425,0.002178127644583583,0,-0.0178,0.0222
Fabian Lysell,BOS,8482763,2,0.002224540337920189,0.002178127644583583,0,-0.0178,0.0222
Fabian Lysell,BOS,8482763,3,0.0022244921419769526,0.002178127644583583,0,-0.0178,0.0222
Fabian Lysell,BOS,8482763,4,0.002223935443907976,0.002178127644583583,0,-0.0178,0.0222
Fabian Lysell,BOS,8482763,5,0.0022241626866161823,0.002178127644583583,0,-0.0178,0.0222
Fabian Lysell,BOS,8482763,6,0.0022243140265345573,0.002178127644583583,0,-0.0178,0.0222
Fabian Lysell,BOS,8482763,7,0.0022244120482355356,0.002178127644583583,0,-0.0178,0.0222
Fabian Lysell,BOS,8482763,8,0.0022244080901145935,0.002178127644583583,0,-0.0178,0.0222
Jordan Harris,BOS,8480887,0,-0.00029544602148234844,-0.0003188092669006437,0,-0.0203,0.0197
Jordan Harris,BOS,8480887,1,-0.00029486388666555285,-0.0003188092669006437,0,-0.0203,0.0197
Jordan Harris,BOS,8480887,2,-0.00029430584982037544,-0.0003188092669006437,0,-0.0203,0.0197
Jordan Harris,BOS,8480887,3,-0.0002943635918200016,-0.0003188092669006437,0,-0.0203,0.0197
Jordan Harris,BOS,8480887,4,-0.00029492832254618406,-0.0003188092669006437,0,-0.0203,0.0197
Jordan Harris,BOS,8480887,5,-0.00029470736626535654,-0.0003188092669006437,0,-0.0203,0.0197
Jordan Harris,BOS,8480887,6,-0.0002945603337138891,-0.0003188092669006437,0,-0.0203,0.0197
Jordan Harris,BOS,8480887,7,-0.00029446472763083875,-0.0003188092669006437,0,-0.0203,0.0197
Jordan Harris,BOS,8480887,8,-0.000294470606604591,-0.0003188092669006437,0,-0.0203,0.0197
Gabriel Landeskog,COL,8476455,0,-0.012342231348156929,-0.007619600743055344,0,-0.0323,0.0077
Gabriel Landeskog,COL,8476455,1,-0.01236498448997736,-0.007619600743055344,2,-0.0265,0.0017
Gabriel Landeskog,COL,8476455,2,-0.012371229007840157,-0.007619600743055344,0,-0.0324,0.0076
Gabriel Landeskog,COL,8476455,3,-0.012378078885376453,-0.007619600743055344,5,-0.0213,-0.0035
Gabriel Landeskog,COL,8476455,4,-0.012331520207226276,-0.007619600743055344,0,-0.0323,0.0077
Gabriel Landeskog,COL,8476455,5,-0.01228415872901678,-0.007619600743055344,3,-0.0238,-0.0008
Gabriel Landeskog,COL,8476455,6,-0.012188460677862167,-0.007619600743055344,1,-0.0322,0.0078
Gabriel Landeskog,COL,8476455,7,-0.012188367545604706,-0.007619600743055344,0,-0.0322,0.0078
Gabriel Landeskog,COL,8476455,8,-0.012188378721475601,-0.007619600743055344,0,-0.0322,0.0078
John Klingberg,SJS,8475906,0,0.01110062375664711,0.007021596189588308,0,-0.0089,0.0311
John Klingberg,SJS,8475906,1,0.01110124122351408,0.007021596189588308,0,-0.0089,0.0311
John Klingberg,SJS,8475906,2,0.011101828888058662,0.007021596189588308,0,-0.0089,0.0311
John Klingberg,SJS,8475906,3,0.011101797223091125,0.007021596189588308,0,-0.0089,0.0311
John Klingberg,SJS,8475906,4,0.0111012514680624,0.007021596189588308,0,-0.0089,0.0311
John Klingberg,SJS,8475906,5,0.011101491749286652,0.007021596189588308,0,-0.0089,0.0311
John Klingberg,SJS,8475906,6,0.011101648211479187,0.007021596189588308,0,-0.0089,0.0311
John Klingberg,SJS,8475906,7,0.011101752519607544,0.007021596189588308,0,-0.0089,0.0311
John Klingberg,SJS,8475906,8,0.011101744137704372,0.007021596189588308,0,-0.0089,0.0311
Ivan Demidov,MTL,8484984,0,0.005029094405472279,0.0016956364270299673,1,-0.015,0.025
Ivan Demidov,MTL,8484984,1,0.005070969462394714,0.0016956364270299673,0,-0.0149,0.0251
Ivan Demidov,MTL,8484984,2,0.005112820770591497,0.0016956364270299673,0,-0.0149,0.0251
Ivan Demidov,MTL,8484984,3,0.005154054146260023,0.0016956364270299673,5,-0.0037,0.0141
Ivan Demidov,MTL,8484984,4,0.005242875777184963,0.0016956364270299673,1,-0.0148,0.0252
Ivan Demidov,MTL,8484984,5,0.005243100691586733,0.0016956364270299673,0,-0.0148,0.0252
Ivan Demidov,MTL,8484984,6,0.0052432529628276825,0.0016956364270299673,0,-0.0148,0.0252
Ivan Demidov,MTL,8484984,7,0.005243349354714155,0.0016956364270299673,0,-0.0148,0.0252
Ivan Demidov,MTL,8484984,8,0.005243346095085144,0.0016956364270299673,0,-0.0148,0.0252
Evander Kane,VAN,8475169,0,0.004326298832893372,0.0034395395778119564,0,-0.0157,0.0243
Evander Kane,VAN,8475169,1,0.0043268995359539986,0.0034395395778119564,0,-0.0157,0.0243
Evander Kane,VAN,8475169,2,0.004327468574047089,0.0034395395778119564,0,-0.0157,0.0243
Evander Kane,VAN,8475169,3,0.004327424801886082,0.0034395395778119564,0,-0.0157,0.0243
Evander Kane,VAN,8475169,4,0.0043268692679703236,0.0034395395778119564,0,-0.0157,0.0243
Evander Kane,VAN,8475169,5,0.004327097907662392,0.0034395395778119564,0,-0.0157,0.0243
Evander Kane,VAN,8475169,6,0.004327250178903341,0.0034395395778119564,0,-0.0157,0.0243
Evander Kane,VAN,8475169,7,0.004327347967773676,0.0034395395778119564,0,-0.0157,0.0243
Evander Kane,VAN,8475169,8,0.004327345639467239,0.0034395395778119564,0,-0.0157,0.0243
Ryan Leonard,WSH,8484186,0,-0.0090999286621809,-0.005668666213750839,0,-0.0291,0.0109
Ryan Leonard,WSH,8484186,1,-0.009099369868636131,-0.005668666213750839,0,-0.0291,0.0109
Ryan Leonard,WSH,8484186,2,-0.009098831564188004,-0.005668666213750839,0,-0.0291,0.0109
Ryan Leonard,WSH,8484186,3,-0.009098906069993973,-0.005668666213750839,0,-0.0291,0.0109
Ryan Leonard,WSH,8484186,4,-0.009099483489990234,-0.005668666213750839,0,-0.0291,0.0109
Ryan Leonard,WSH,8484186,5,-0.00909927487373352,-0.005668666213750839,0,-0.0291,0.0109
Ryan Leonard,WSH,8484186,6,-0.009099135175347328,-0.005668666213750839,0,-0.0291,0.0109
Ryan Leonard,WSH,8484186,7,-0.009099045768380165,-0.005668666213750839,0,-0.0291,0.0109
Ryan Leonard,WSH,8484186,8,-0.009099049493670464,-0.005668666213750839,0,-0.0291,0.0109
Alexander Petrovic,DAL,8475755,0,-0.00015350243484135717,-0.000197675108211115,0,-0.0202,0.0198
Alexander Petrovic,DAL,8475755,1,-0.000152919688844122,-0.000197675108211115,0,-0.0202,0.0198
Alexander Petrovic,DAL,8475755,2,-0.00015236143372021616,-0.000197675108211115,0,-0.0202,0.0198
Alexander Petrovic,DAL,8475755,3,-0.0001524186518508941,-0.000197675108211115,0,-0.0202,0.0198
Alexander Petrovic,DAL,8475755,4,-0.00015298329526558518,-0.000197675108211115,0,-0.0202,0.0198
Alexander Petrovic,DAL,8475755,5,-0.0001527620042907074,-0.000197675108211115,0,-0.0202,0.0198
Alexander Petrovic,DAL,8475755,6,-0.00015261505905073136,-0.000197675108211115,0,-0.0202,0.0198
Alexander Petrovic,DAL,8475755,7,-0.00015251907461788505,-0.000197675108211115,0,-0.0202,0.0198
Alexander Petrovic,DAL,8475755,8,-0.00015252523007802665,-0.000197675108211115,0,-0.0202,0.0198
Justin Carbonneau,STL,8485382,0,0.0022565952967852354,0.0020291500259190798,0,-0.0177,0.0223
Justin Carbonneau,STL,8485382,1,0.002257188083603978,0.0020291500259190798,0,-0.0177,0.0223
Justin Carbonneau,STL,8485382,2,0.0022577554918825626,0.0020291500259190798,0,-0.0177,0.0223
Justin Carbonneau,STL,8485382,3,0.0022577049676328897,0.0020291500259190798,0,-0.0177,0.0223
Justin Carbonneau,STL,8485382,4,0.0022571473382413387,0.0020291500259190798,0,-0.0177,0.0223
Justin Carbonneau,STL,8485382,5,0.0022573727183043957,0.0020291500259190798,0,-0.0177,0.0223
Justin Carbonneau,STL,8485382,6,0.0022575235925614834,0.0020291500259190798,0,-0.0177,0.0223
Justin Carbonneau,STL,8485382,7,0.0022576211486011744,0.0020291500259190798,0,-0.0177,0.0223
Justin Carbonneau,STL,8485382,8,0.0022576164919883013,0.0020291500259190798,0,-0.0177,0.0223
Theo Lindstein,STL,8484188,0,-0.0006115362630225718,-0.0004947723937220871,0,-0.0206,0.0194
Theo Lindstein,STL,8484188,1,-0.0006109547684900463,-0.0004947723937220871,0,-0.0206,0.0194
Theo Lindstein,STL,8484188,2,-0.0006103977211751044,-0.0004947723937220871,0,-0.0206,0.0194
Theo Lindstein,STL,8484188,3,-0.000610455812420696,-0.0004947723937220871,0,-0.0206,0.0194
Theo Lindstein,STL,8484188,4,-0.0006110214744694531,-0.0004947723937220871,0,-0.0206,0.0194
Theo Lindstein,STL,8484188,5,-0.0006108004599809647,-0.0004947723937220871,0,-0.0206,0.0194
Theo Lindstein,STL,8484188,6,-0.0006106543005444109,-0.0004947723937220871,0,-0.0206,0.0194
Theo Lindstein,STL,8484188,7,-0.0006105583161115646,-0.0004947723937220871,0,-0.0206,0.0194
Theo Lindstein,STL,8484188,8,-0.000610564777161926,-0.0004947723937220871,0,-0.0206,0.0194
Adam Klapka,CGY,8483609,0,-0.0019990757573395967,-0.0014329211553558707,0,-0.022,0.018
Adam Klapka,CGY,8483609,1,-0.0019985001999884844,-0.0014329211553558707,0,-0.022,0.018
Adam Klapka,CGY,8483609,2,-0.00199794746004045,-0.0014329211553558707,0,-0.022,0.018
Adam Klapka,CGY,8483609,3,-0.001998010091483593,-0.0014329211553558707,0,-0.022,0.018
Adam Klapka,CGY,8483609,4,-0.0019985786639153957,-0.0014329211553558707,0,-0.022,0.018
Adam Klapka,CGY,8483609,5,-0.001998361200094223,-0.0014329211553558707,0,-0.022,0.018
Adam Klapka,CGY,8483609,6,-0.0019982156809419394,-0.0014329211553558707,0,-0.022,0.018
Adam Klapka,CGY,8483609,7,-0.001998121617361903,-0.0014329211553558707,0,-0.022,0.018
Adam Klapka,CGY,8483609,8,-0.0019981274381279945,-0.0014329211553558707,0,-0.022,0.018
Atro Leppanen,EDM,8485509,0,-0.00010511696746107191,-0.00013700270210392773,0,-0.0201,0.0199
Atro Leppanen,EDM,8485509,1,-0.00010453369759488851,-0.00013700270210392773,0,-0.0201,0.0199
Atro Leppanen,EDM,8485509,2,-0.0001039748385665007,-0.00013700270210392773,0,-0.0201,0.0199
Atro Leppanen,EDM,8485509,3,-0.00010403178021078929,-0.00013700270210392773,0,-0.0201,0.0199
Atro Leppanen,EDM,8485509,4,-0.00010459593613632023,-0.00013700270210392773,0,-0.0201,0.0199
Atro Leppanen,EDM,8485509,5,-0.00010437449964229017,-0.00013700270210392773,0,-0.0201,0.0199
Atro Leppanen,EDM,8485509,6,-0.00010422724881209433,-0.00013700270210392773,0,-0.0201,0.0199
Atro Leppanen,EDM,8485509,7,-0.00010413120617158711,-0.00013700270210392773,0,-0.0201,0.0199
Atro Leppanen,EDM,8485509,8,-0.00010413728159619495,-0.00013700270210392773,0,-0.0201,0.0199
Roby Jarventie,EDM,8482162,0,-0.0004176213114988059,-0.00042363451211713254,0,-0.0204,0.0196
Roby Jarventie,EDM,8482162,1,-0.00041703920578584075,-0.00042363451211713254,0,-0.0204,0.0196
Roby Jarventie,EDM,8482162,2,-0.000416481401771307,-0.00042363451211713254,0,-0.0204,0.0196
Roby Jarventie,EDM,8482162,3,-0.0004165392310824245,-0.00042363451211713254,0,-0.0204,0.0196
Roby Jarventie,EDM,8482162,4,-0.00041710404912009835,-0.00042363451211713254,0,-0.0204,0.0196
Roby Jarventie,EDM,8482162,5,-0.00041688320925459266,-0.00042363451211713254,0,-0.0204,0.0196
Roby Jarventie,EDM,8482162,6,-0.0004167363222222775,-0.00042363451211713254,0,-0.0204,0.0196
Roby Jarventie,EDM,8482162,7,-0.0004166405997239053,-0.00042363451211713254,0,-0.0204,0.0196
Roby Jarventie,EDM,8482162,8,-0.0004166466824244708,-0.00042363451211713254,0,-0.0204,0.0196
Max Jones,EDM,8479368,0,-0.000775944790802896,-0.0007522987434640527,0,-0.0208,0.0192
Max Jones,EDM,8479368,1,-0.0007753637037239969,-0.0007522987434640527,0,-0.0208,0.0192
Max Jones,EDM,8479368,2,-0.0007748071220703423,-0.0007522987434640527,0,-0.0208,0.0192
Max Jones,EDM,8479368,3,-0.0007748657953925431,-0.0007522987434640527,0,-0.0208,0.0192
Max Jones,EDM,8479368,4,-0.0007754314574413002,-0.0007522987434640527,0,-0.0208,0.0192
Max Jones,EDM,8479368,5,-0.0007752111996524036,-0.0007522987434640527,0,-0.0208,0.0192
Max Jones,EDM,8479368,6,-0.0007750647491775453,-0.0007522987434640527,0,-0.0208,0.0192
Max Jones,EDM,8479368,7,-0.0007749691139906645,-0.0007522987434640527,0,-0.0208,0.0192
Max Jones,EDM,8479368,8,-0.000774975458625704,-0.0007522987434640527,0,-0.0208,0.0192
Wilmer Skoog,FLA,8484380,0,-0.00013396545546129346,-0.0001634611253393814,0,-0.0201,0.0199
Wilmer Skoog,FLA,8484380,1,-0.00013338234566617757,-0.0001634611253393814,0,-0.0201,0.0199
Wilmer Skoog,FLA,8484380,2,-0.00013282359577715397,-0.0001634611253393814,0,-0.0201,0.0199
Wilmer Skoog,FLA,8484380,3,-0.0001328806101810187,-0.0001634611253393814,0,-0.0201,0.0199
Wilmer Skoog,FLA,8484380,4,-0.0001334448897978291,-0.0001634611253393814,0,-0.0201,0.0199
Wilmer Skoog,FLA,8484380,5,-0.0001332234824076295,-0.0001634611253393814,0,-0.0201,0.0199
Wilmer Skoog,FLA,8484380,6,-0.0001330762606812641,-0.0001634611253393814,0,-0.0201,0.0199
Wilmer Skoog,FLA,8484380,7,-0.00013298030535224825,-0.0001634611253393814,0,-0.0201,0.0199
Wilmer Skoog,FLA,8484380,8,-0.00013298631529323757,-0.0001634611253393814,0,-0.0201,0.0199
Anton Lundmark,,8485495,0,-0.0004559923545457423,-0.0004588227020576596,0,-0.0205,0.0195
Anton Lundmark,,8485495,1,-0.000455410685390234,-0.0004588227020576596,0,-0.0205,0.0195
Anton Lundmark,,8485495,2,-0.0004548529686871916,-0.0004588227020576596,0,-0.0205,0.0195
Anton Lundmark,,8485495,3,-0.0004549109435174614,-0.0004588227020576596,0,-0.0205,0.0195
Anton Lundmark,,8485495,4,-0.0004554759943857789,-0.0004588227020576596,0,-0.0205,0.0195
Anton Lundmark,,8485495,5,-0.00045525527093559504,-0.0004588227020576596,0,-0.0205,0.0195
Anton Lundmark,,8485495,6,-0.00045510835479944944,-0.0004588227020576596,0,-0.0205,0.0195
Anton Lundmark,,8485495,7,-0.00045501283602789044,-0.0004588227020576596,0,-0.0205,0.0195
Anton Lundmark,,8485495,8,-0.00045501883141696453,-0.0004588227020576596,0,-0.0205,0.0195
Gracyn Sawchyn,FLA,8484224,0,-0.00010537462367210537,-0.00013723608572036028,0,-0.0201,0.0199
Gracyn Sawchyn,FLA,8484224,1,-0.00010479151387698948,-0.00013723608572036028,0,-0.0201,0.0199
Gracyn Sawchyn,FLA,8484224,2,-0.00010423261119285598,-0.00013723608572036028,0,-0.0201,0.0199
Gracyn Sawchyn,FLA,8484224,3,-0.00010428964014863595,-0.00013723608572036028,0,-0.0201,0.0199
Gracyn Sawchyn,FLA,8484224,4,-0.00010485373786650598,-0.00013723608572036028,0,-0.0201,0.0199
Gracyn Sawchyn,FLA,8484224,5,-0.00010463243233971298,-0.00013723608572036028,0,-0.0201,0.0199
Gracyn Sawchyn,FLA,8484224,6,-0.0001044850650941953,-0.00013723608572036028,0,-0.0201,0.0199
Gracyn Sawchyn,FLA,8484224,7,-0.00010438915342092514,-0.00013723608572036028,0,-0.0201,0.0199
Gracyn Sawchyn,FLA,8484224,8,-0.00010439514153404161,-0.00013723608572036028,0,-0.0201,0.0199
Eamon Powell,,8482096,0,-0.00020072056213393807,-0.00022468960378319025,0,-0.0202,0.0198
Eamon Powell,,8482096,1,-0.00020013768516946584,-0.00022468960378319025,0,-0.0202,0.0198
Eamon Powell,,8482096,2,-0.00019957928452640772,-0.00022468960378319025,0,-0.0202,0.0198
Eamon Powell,,8482096,3,-0.00019963632803410292,-0.00022468960378319025,0,-0.0202,0.0198
Eamon Powell,,8482096,4,-0.0002002009132411331,-0.00022468960378319025,0,-0.0202,0.0198
Eamon Powell,,8482096,5,-0.0001999794621951878,-0.00022468960378319025,0,-0.0202,0.0198
Eamon Powell,,8482096,6,-0.00019983245874755085,-0.00022468960378319025,0,-0.0202,0.0198
Eamon Powell,,8482096,7,-0.00019973643065895885,-0.00022468960378319025,0,-0.0202,0.0198
Eamon Powell,,8482096,8,-0.0001997426152229309,-0.00022468960378319025,0,-0.0202,0.0198
Andrew Gibson,NSH,8484174,0,-0.00017564835434313864,-0.00020169599156361073,0,-0.0202,0.0198
Andrew Gibson,NSH,8484174,1,-0.00017506528820376843,-0.00020169599156361073,0,-0.0202,0.0198
Andrew Gibson,NSH,8484174,2,-0.00017450665473006666,-0.00020169599156361073,0,-0.0202,0.0198
Andrew Gibson,NSH,8484174,3,-0.00017456375644542277,-0.00020169599156361073,0,-0.0202,0.0198
Andrew Gibson,NSH,8484174,4,-0.00017512807971797884,-0.00020169599156361073,0,-0.0202,0.0198
Andrew Gibson,NSH,8484174,5,-0.00017490674508735538,-0.00020169599156361073,0,-0.0202,0.0198
Andrew Gibson,NSH,8484174,6,-0.00017475956701673567,-0.00020169599156361073,0,-0.0202,0.0198
Andrew Gibson,NSH,8484174,7,-0.00017466361168771982,-0.00020169599156361073,0,-0.0202,0.0198
Andrew Gibson,NSH,8484174,8,-0.00017466966528445482,-0.00020169599156361073,0,-0.0202,0.0198
Hunter Haight,MIN,8483452,0,0.0020626522600650787,0.0019558421336114407,0,-0.0179,0.0221
Hunter Haight,MIN,8483452,1,0.002063244814053178,0.0019558421336114407,0,-0.0179,0.0221
Hunter Haight,MIN,8483452,2,0.0020638108253479004,0.0019558421336114407,0,-0.0179,0.0221
Hunter Haight,MIN,8483452,3,0.002063760533928871,0.0019558421336114407,0,-0.0179,0.0221
Hunter Haight,MIN,8483452,4,0.002063201740384102,0.0019558421336114407,0,-0.0179,0.0221
Hunter Haight,MIN,8483452,5,0.002063427586108446,0.0019558421336114407,0,-0.0179,0.0221
Hunter Haight,MIN,8483452,6,0.0020635772962123156,0.0019558421336114407,0,-0.0179,0.0221
Hunter Haight,MIN,8483452,7,0.0020636755507439375,0.0019558421336114407,0,-0.0179,0.0221
Hunter Haight,MIN,8483452,8,0.0020636694971472025,0.0019558421336114407,0,-0.0179,0.0221
Jaret Anderson-Dolan,WPG,8479994,0,-7.823940541129559e-05,-0.00011234613339183852,0,-0.0201,0.0199
Jaret Anderson-Dolan,WPG,8479994,1,-7.765617920085788e-05,-0.00011234613339183852,0,-0.0201,0.0199
Jaret Anderson-Dolan,WPG,8479994,2,-7.709720375714824e-05,-0.00011234613339183852,0,-0.0201,0.0199
Jaret Anderson-Dolan,WPG,8479994,3,-7.715418905718252e-05,-0.00011234613339183852,0,-0.0201,0.0199
Jaret Anderson-Dolan,WPG,8479994,4,-7.771825767122209e-05,-0.00011234613339183852,0,-0.0201,0.0199
Jaret Anderson-Dolan,WPG,8479994,5,-7.749687938485295e-05,-0.00011234613339183852,0,-0.0201,0.0199
Jaret Anderson-Dolan,WPG,8479994,6,-7.734955579508096e-05,-0.00011234613339183852,0,-0.0201,0.0199
Jaret Anderson-Dolan,WPG,8479994,7,-7.72535422584042e-05,-0.00011234613339183852,0,-0.0201,0.0199
Jaret Anderson-Dolan,WPG,8479994,8,-7.725961768301204e-05,-0.00011234613339183852,0,-0.0201,0.0199
Noah Laba,NYR,8483690,0,0.005991885904222727,0.0038486726116389036,0,-0.014,0.026
Noah Laba,NYR,8483690,1,0.005992489866912365,0.0038486726116389036,0,-0.014,0.026
Noah Laba,NYR,8483690,2,0.005993065889924765,0.0038486726116389036,0,-0.014,0.026
Noah Laba,NYR,8483690,3,0.005993023049086332,0.0038486726116389036,0,-0.014,0.026
Noah Laba,NYR,8483690,4,0.005992472171783447,0.0038486726116389036,0,-0.014,0.026
Noah Laba,NYR,8483690,5,0.005992702208459377,0.0038486726116389036,0,-0.014,0.026
Noah Laba,NYR,8483690,6,0.0059928568080067635,0.0038486726116389036,0,-0.014,0.026
Noah Laba,NYR,8483690,7,0.005992956925183535,0.0038486726116389036,0,-0.014,0.026
Noah Laba,NYR,8483690,8,0.0059929522685706615,0.0038486726116389036,0,-0.014,0.026
Conor Sheary,NYR,8477839,0,0.002776902401819825,0.0008760477066971362,0,-0.0172,0.0228
Conor Sheary,NYR,8477839,1,0.0027774942573159933,0.0008760477066971362,0,-0.0172,0.0228
Conor Sheary,NYR,8477839,2,0.002778057474642992,0.0008760477066971362,0,-0.0172,0.0228
Conor Sheary,NYR,8477839,3,0.002778006484732032,0.0008760477066971362,0,-0.0172,0.0228
Conor Sheary,NYR,8477839,4,0.0027774455957114697,0.0008760477066971362,0,-0.0172,0.0228
Conor Sheary,NYR,8477839,5,0.0027776709757745266,0.0008760477066971362,0,-0.0172,0.0228
Conor Sheary,NYR,8477839,6,0.0027778195217251778,0.0008760477066971362,0,-0.0172,0.0228
Conor Sheary,NYR,8477839,7,0.0027779173105955124,0.0008760477066971362,0,-0.0172,0.0228
Conor Sheary,NYR,8477839,8,0.002777912188321352,0.0008760477066971362,0,-0.0172,0.0228
Matt Rempe,NYR,8482460,0,-0.0008793557644821703,-0.0007950731669552624,0,-0.0209,0.0191
Matt Rempe,NYR,8482460,1,-0.0008787752012722194,-0.0007950731669552624,0,-0.0209,0.0191
Matt Rempe,NYR,8482460,2,-0.0008782185614109039,-0.0007950731669552624,0,-0.0209,0.0191
Matt Rempe,NYR,8482460,3,-0.0008782772347331047,-0.0007950731669552624,0,-0.0209,0.0191
Matt Rempe,NYR,8482460,4,-0.0008788431296125054,-0.0007950731669552624,0,-0.0209,0.0191
Matt Rempe,NYR,8482460,5,-0.0008786226972006261,-0.0007950731669552624,0,-0.0209,0.0191
Matt Rempe,NYR,8482460,6,-0.0008784765377640724,-0.0007950731669552624,0,-0.0209,0.0191
Matt Rempe,NYR,8482460,7,-0.0008783808443695307,-0.0007950731669552624,0,-0.0209,0.0191
Matt Rempe,NYR,8482460,8,-0.0008783872472122312,-0.0007950731669552624,0,-0.0209,0.0191
Kashawn Aitcheson,NYI,8485352,0,-0.00017361641221214086,-0.00019981844525318593,0,-0.0202,0.0198
Kashawn Aitcheson,NYI,8485352,1,-0.00017303359345532954,-0.00019981844525318593,0,-0.0202,0.0198
Kashawn Aitcheson,NYI,8485352,2,-0.0001724751782603562,-0.00019981844525318593,0,-0.0202,0.0198
Kashawn Aitcheson,NYI,8485352,3,-0.00017253242549486458,-0.00019981844525318593,0,-0.0202,0.0198
Kashawn Aitcheson,NYI,8485352,4,-0.00017309686518274248,-0.00019981844525318593,0,-0.0202,0.0198
Kashawn Aitcheson,NYI,8485352,5,-0.00017287566151935607,-0.00019981844525318593,0,-0.0202,0.0198
Kashawn Aitcheson,NYI,8485352,6,-0.00017272854165639728,-0.00019981844525318593,0,-0.0202,0.0198
Kashawn Aitcheson,NYI,8485352,7,-0.00017263264453504235,-0.00019981844525318593,0,-0.0202,0.0198
Kashawn Aitcheson,NYI,8485352,8,-0.00017263871268369257,-0.00019981844525318593,0,-0.0202,0.0198
Alex Jefferies,NYI,8482154,0,-0.00038798950845375657,-0.0003964369825553149,0,-0.0204,0.0196
Alex Jefferies,NYI,8482154,1,-0.00038740766467526555,-0.0003964369825553149,0,-0.0204,0.0196
Alex Jefferies,NYI,8482154,2,-0.00038684994797222316,-0.0003964369825553149,0,-0.0204,0.0196
Alex Jefferies,NYI,8482154,3,-0.00038690795190632343,-0.0003964369825553149,0,-0.0204,0.0196
Alex Jefferies,NYI,8482154,4,-0.00038747285725548863,-0.0003964369825553149,0,-0.0204,0.0196
Alex Jefferies,NYI,8482154,5,-0.0003872521920129657,-0.0003964369825553149,0,-0.0204,0.0196
Alex Jefferies,NYI,8482154,6,-0.00038710530498065054,-0.0003964369825553149,0,-0.0204,0.0196
Alex Jefferies,NYI,8482154,7,-0.0003870096988976002,-0.0003964369825553149,0,-0.0204,0.0196
Alex Jefferies,NYI,8482154,8,-0.0003870157524943352,-0.0003964369825553149,0,-0.0204,0.0196
Cole McWard,NYI,8484287,0,-6.780599505873397e-05,-0.0001027743419399485,0,-0.0201,0.0199
Cole McWard,NYI,8484287,1,-6.722271064063534e-05,-0.0001027743419399485,0,-0.0201,0.0199
Cole McWard,NYI,8484287,2,-6.666380795650184e-05,-0.0001027743419399485,0,-0.0201,0.0199
Cole McWard,NYI,8484287,3,-6.672071322100237e-05,-0.0001027743419399485,0,-0.0201,0.0199
Cole McWard,NYI,8484287,4,-6.728485459461808e-05,-0.0001027743419399485,0,-0.0201,0.0199
Cole McWard,NYI,8484287,5,-6.706337444484234e-05,-0.0001027743419399485,0,-0.0201,0.0199
Cole McWard,NYI,8484287,6,-6.691611633868888e-05,-0.0001027743419399485,0,-0.0201,0.0199
Cole McWard,NYI,8484287,7,-6.682011007796973e-05,-0.0001027743419399485,0,-0.0201,0.0199
Cole McWard,NYI,8484287,8,-6.682613457087427e-05,-0.0001027743419399485,0,-0.0201,0.0199
Adam Jiricek,STL,8484790,0,-0.00013538241910282522,-0.00016475707525387406,0,-0.0201,0.0199
Adam Jiricek,STL,8484790,1,-0.00013479941117111593,-0.00016475707525387406,0,-0.0201,0.0199
Adam Jiricek,STL,8484790,2,-0.00013424066128209233,-0.00016475707525387406,0,-0.0201,0.0199
Adam Jiricek,STL,8484790,3,-0.00013429782120510936,-0.00016475707525387406,0,-0.0201,0.0199
Adam Jiricek,STL,8484790,4,-0.00013486204261425883,-0.00016475707525387406,0,-0.0201,0.0199
Adam Jiricek,STL,8484790,5,-0.00013464076619129628,-0.00016475707525387406,0,-0.0201,0.0199
Adam Jiricek,STL,8484790,6,-0.00013449347170535475,-0.00016475707525387406,0,-0.0201,0.0199
Adam Jiricek,STL,8484790,7,-0.00013439760368783027,-0.00016475707525387406,0,-0.0201,0.0199
Adam Jiricek,STL,8484790,8,-0.00013440355542115867,-0.00016475707525387406,0,-0.0201,0.0199
William Villeneuve,TOR,8482174,0,0.002614140510559082,0.002357081277295947,0,-0.0174,0.0226
William Villeneuve,TOR,8482174,1,0.0026147349271923304,0.002357081277295947,0,-0.0174,0.0226
William Villeneuve,TOR,8482174,2,0.002615303033962846,0.002357081277295947,0,-0.0174,0.0226
William Villeneuve,TOR,8482174,3,0.002615254372358322,0.002357081277295947,0,-0.0174,0.0226
William Villeneuve,TOR,8482174,4,0.0026146969757974148,0.002357081277295947,0,-0.0174,0.0226
William Villeneuve,TOR,8482174,5,0.0026149239856749773,0.002357081277295947,0,-0.0174,0.0226
William Villeneuve,TOR,8482174,6,0.0026150743942707777,0.002357081277295947,0,-0.0174,0.0226
William Villeneuve,TOR,8482174,7,0.0026151735801249743,0.002357081277295947,0,-0.0174,0.0226
William Villeneuve,TOR,8482174,8,0.0026151672936975956,0.002357081277295947,0,-0.0174,0.0226
Luke Haymes,TOR,8485467,0,-0.00030675576999783516,-0.0003219350764993578,0,-0.0203,0.0197
Luke Haymes,TOR,8485467,1,-0.0003061734023503959,-0.0003219350764993578,0,-0.0203,0.0197
Luke Haymes,TOR,8485467,2,-0.0003056154237128794,-0.0003219350764993578,0,-0.0203,0.0197
Luke Haymes,TOR,8485467,3,-0.00030567310750484467,-0.0003219350764993578,0,-0.0203,0.0197
Luke Haymes,TOR,8485467,4,-0.0003062377800233662,-0.0003219350764993578,0,-0.0203,0.0197
Luke Haymes,TOR,8485467,5,-0.00030601685284636915,-0.0003219350764993578,0,-0.0203,0.0197
Luke Haymes,TOR,8485467,6,-0.00030586987850256264,-0.0003219350764993578,0,-0.0203,0.0197
Luke Haymes,TOR,8485467,7,-0.00030577412690036,-0.0003219350764993578,0,-0.0203,0.0197
Luke Haymes,TOR,8485467,8,-0.00030578020960092545,-0.0003219350764993578,0,-0.0203,0.0197
Matthew Barbolini,,8484888,0,0.002617209916934371,0.0023598980624228716,0,-0.0174,0.0226
Matthew Barbolini,,8484888,1,0.0026178041007369757,0.0023598980624228716,0,-0.0174,0.0226
Matthew Barbolini,,8484888,2,0.0026183724403381348,0.0023598980624228716,0,-0.0174,0.0226
Matthew Barbolini,,8484888,3,0.0026183242443948984,0.0023598980624228716,0,-0.0174,0.0226
Matthew Barbolini,,8484888,4,0.00261776614934206,0.0023598980624228716,0,-0.0174,0.0226
Matthew Barbolini,,8484888,5,0.00261799362488091,0.0023598980624228716,0,-0.0174,0.0226
Matthew Barbolini,,8484888,6,0.0026181438006460667,0.0023598980624228716,0,-0.0174,0.0226
Matthew Barbolini,,8484888,7,0.002618242986500263,0.0023598980624228716,0,-0.0174,0.0226
Matthew Barbolini,,8484888,8,0.002618236467242241,0.0023598980624228716,0,-0.0174,0.0226
Danila Klimovich,VAN,8482918,0,-0.0013497943291440606,-0.0012786216102540493,0,-0.0213,0.0187
Danila Klimovich,VAN,8482918,1,-0.001349216210655868,-0.0012786216102540493,0,-0.0213,0.0187
Danila Klimovich,VAN,8482918,2,-0.0013486613752320409,-0.0012786216102540493,0,-0.0213,0.0187
Danila Klimovich,VAN,8482918,3,-0.001348722493276,-0.0012786216102540493,0,-0.0213,0.0187
Danila Klimovich,VAN,8482918,4,-0.0013492889702320099,-0.0012786216102540493,0,-0.0213,0.0187
Danila Klimovich,VAN,8482918,5,-0.001349070225842297,-0.0012786216102540493,0,-0.0213,0.0187
Danila Klimovich,VAN,8482918,6,-0.001348924357444048,-0.0012786216102540493,0,-0.0213,0.0187
Danila Klimovich,VAN,8482918,7,-0.0013488295953720808,-0.0012786216102540493,0,-0.0213,0.0187
Danila Klimovich,VAN,8482918,8,-0.001348835532553494,-0.0012786216102540493,0,-0.0213,0.0187
Chase Stillman,VAN,8482714,0,0.0024076648987829685,0.0021677513141185045,0,-0.0176,0.0224
Chase Stillman,VAN,8482714,1,0.0024082574527710676,0.0021677513141185045,0,-0.0176,0.0224
Chase Stillman,VAN,8482714,2,0.0024088250938802958,0.0021677513141185045,0,-0.0176,0.0224
Chase Stillman,VAN,8482714,3,0.002408774336799979,0.0021677513141185045,0,-0.0176,0.0224
Chase Stillman,VAN,8482714,4,0.002408216707408428,0.0021677513141185045,0,-0.0176,0.0224
Chase Stillman,VAN,8482714,5,0.002408442087471485,0.0021677513141185045,0,-0.0176,0.0224
Chase Stillman,VAN,8482714,6,0.002408592961728573,0.0021677513141185045,0,-0.0176,0.0224
Chase Stillman,VAN,8482714,7,0.0024086907505989075,0.0021677513141185045,0,-0.0176,0.0224
Chase Stillman,VAN,8482714,8,0.0024086851626634598,0.0021677513141185045,0,-0.0176,0.0224
Braeden Cootes,VAN,8485385,0,-0.00010992996976710856,-0.00014141775318421423,0,-0.0201,0.0199
Braeden Cootes,VAN,8485385,1,-0.0001093466707970947,-0.00014141775318421423,0,-0.0201,0.0199
Braeden Cootes,VAN,8485385,2,-0.00010878789908019826,-0.00014141775318421423,0,-0.0201,0.0199
Braeden Cootes,VAN,8485385,3,-0.00010884472430916503,-0.00014141775318421423,0,-0.0201,0.0199
Braeden Cootes,VAN,8485385,4,-0.00010940896754618734,-0.00014141775318421423,0,-0.0201,0.0199
Braeden Cootes,VAN,8485385,5,-0.00010918747284449637,-0.00014141775318421423,0,-0.0201,0.0199
Braeden Cootes,VAN,8485385,6,-0.00010904023656621575,-0.00014141775318421423,0,-0.0201,0.0199
Braeden Cootes,VAN,8485385,7,-0.00010894423758145422,-0.00014141775318421423,0,-0.0201,0.0199
Braeden Cootes,VAN,8485385,8,-0.00010895026935031638,-0.00014141775318421423,0,-0.0201,0.0199
Jakub Brabenec,VGK,8482724,0,-0.000516517844516784,-0.0005040722899138927,0,-0.0205,0.0195
Jakub Brabenec,VGK,8482724,1,-0.0005159361171536148,-0.0005040722899138927,0,-0.0205,0.0195
Jakub Brabenec,VGK,8482724,2,-0.0005153788952156901,-0.0005040722899138927,0,-0.0205,0.0195
Jakub Brabenec,VGK,8482724,3,-0.0005154369282536209,-0.0005040722899138927,0,-0.0205,0.0195
Jakub Brabenec,VGK,8482724,4,-0.0005160022410564125,-0.0005040722899138927,0,-0.0205,0.0195
Jakub Brabenec,VGK,8482724,5,-0.0005157815758138895,-0.0005040722899138927,0,-0.0205,0.0195
Jakub Brabenec,VGK,8482724,6,-0.0005156348343007267,-0.0005040722899138927,0,-0.0205,0.0195
Jakub Brabenec,VGK,8482724,7,-0.0005155392573215067,-0.0005040722899138927,0,-0.0205,0.0195
Jakub Brabenec,VGK,8482724,8,-0.0005155453691259027,-0.0005040722899138927,0,-0.0205,0.0195
Matyas Sapovaliv,VGK,8483511,0,-0.00043138215551152825,-0.0004362303589005023,0,-0.0204,0.0196
Matyas Sapovaliv,VGK,8483511,1,-0.0004308006609790027,-0.0004362303589005023,0,-0.0204,0.0196
Matyas Sapovaliv,VGK,8483511,2,-0.0004302431480027735,-0.0004362303589005023,0,-0.0204,0.0196
Matyas Sapovaliv,VGK,8483511,3,-0.00043030138476751745,-0.0004362303589005023,0,-0.0204,0.0196
Matyas Sapovaliv,VGK,8483511,4,-0.0004308665229473263,-0.0004362303589005023,0,-0.0204,0.0196
Matyas Sapovaliv,VGK,8483511,5,-0.00043064579949714243,-0.0004362303589005023,0,-0.0204,0.0196
Matyas Sapovaliv,VGK,8483511,6,-0.00043049920350313187,-0.0004362303589005023,0,-0.0204,0.0196
Matyas Sapovaliv,VGK,8483511,7,-0.0004304035392124206,-0.0004362303589005023,0,-0.0204,0.0196
Matyas Sapovaliv,VGK,8483511,8,-0.0004304095928091556,-0.0004362303589005023,0,-0.0204,0.0196
Lukas Cormier,VGK,8482141,0,0.00257641333155334,0.0022350680083036423,0,-0.0174,0.0226
Lukas Cormier,VGK,8482141,1,0.0025770056527107954,0.0022350680083036423,0,-0.0174,0.0226
Lukas Cormier,VGK,8482141,2,0.0025775746908038855,0.0022350680083036423,0,-0.0174,0.0226
Lukas Cormier,VGK,8482141,3,0.0025775241665542126,0.0022350680083036423,0,-0.0174,0.0226
Lukas Cormier,VGK,8482141,4,0.0025769672356545925,0.0022350680083036423,0,-0.0174,0.0226
Lukas Cormier,VGK,8482141,5,0.0025771926157176495,0.0022350680083036423,0,-0.0174,0.0226
Lukas Cormier,VGK,8482141,6,0.0025773439556360245,0.0022350680083036423,0,-0.0174,0.0226
Lukas Cormier,VGK,8482141,7,0.0025774419773370028,0.0022350680083036423,0,-0.0174,0.0226
Lukas Cormier,VGK,8482141,8,0.0025774361565709114,0.0022350680083036423,0,-0.0174,0.0226
Daniil But,UTA,8484388,0,0.00024486042093485594,0.0009563915664330125,0,-0.0198,0.0202
Daniil But,UTA,8484388,1,0.0002454475616104901,0.0009563915664330125,0,-0.0198,0.0202
Daniil But,UTA,8484388,2,0.00024600973119959235,0.0009563915664330125,0,-0.0198,0.0202
Daniil But,UTA,8484388,3,0.0002459557435940951,0.0009563915664330125,0,-0.0198,0.0202
Daniil But,UTA,8484388,4,0.00024539389414712787,0.0009563915664330125,0,-0.0198,0.0202
Daniil But,UTA,8484388,5,0.000245617120526731,0.0009563915664330125,0,-0.0198,0.0202
Daniil But,UTA,8484388,6,0.000245765782892704,0.0009563915664330125,0,-0.0198,0.0202
Daniil But,UTA,8484388,7,0.00024586249492131174,0.0009563915664330125,0,-0.0198,0.0202
Daniil But,UTA,8484388,8,0.00024585676146671176,0.0009563915664330125,0,-0.0198,0.0202
Miko Matikka,UTA,8483671,0,-0.00030825776048004627,-0.00032333433046005666,0,-0.0203,0.0197
Miko Matikka,UTA,8483671,1,-0.0003076751600019634,-0.00032333433046005666,0,-0.0203,0.0197
Miko Matikka,UTA,8483671,2,-0.00030711680301465094,-0.00032333433046005666,0,-0.0203,0.0197
Miko Matikka,UTA,8483671,3,-0.00030717416666448116,-0.00032333433046005666,0,-0.0203,0.0197
Miko Matikka,UTA,8483671,4,-0.0003077387809753418,-0.00032333433046005666,0,-0.0203,0.0197
Miko Matikka,UTA,8483671,5,-0.00030751744634471834,-0.00032333433046005666,0,-0.0203,0.0197
Miko Matikka,UTA,8483671,6,-0.00030737058841623366,-0.00032333433046005666,0,-0.0203,0.0197
Miko Matikka,UTA,8483671,7,-0.0003072745748795569,-0.00032333433046005666,0,-0.0203,0.0197
Miko Matikka,UTA,8483671,8,-0.00030728071578778327,-0.00032333433046005666,0,-0.0203,0.0197
Sammy Walker,,8480267,0,0.002585530048236251,0.002330844523385167,0,-0.0174,0.0226
Sammy Walker,,8480267,1,0.0025861242320388556,0.002330844523385167,0,-0.0174,0.0226
Sammy Walker,,8480267,2,0.0025866925716400146,0.002330844523385167,0,-0.0174,0.0226
Sammy Walker,,8480267,3,0.0025866436772048473,0.002330844523385167,0,-0.0174,0.0226
Sammy Walker,,8480267,4,0.00258608628064394,0.002330844523385167,0,-0.0174,0.0226
Sammy Walker,,8480267,5,0.002586312824860215,0.002330844523385167,0,-0.0174,0.0226
Sammy Walker,,8480267,6,0.0025864639319479465,0.002330844523385167,0,-0.0174,0.0226
Sammy Walker,,8480267,7,0.0025865621864795685,0.002330844523385167,0,-0.0174,0.0226
Sammy Walker,,8480267,8,0.0025865568313747644,0.002330844523385167,0,-0.0174,0.0226
Zakhar Bardakov,COL,8482947,0,-0.0003074694541282952,-0.00032259515137411654,0,-0.0203,0.0197
Zakhar Bardakov,COL,8482947,1,-0.00030688714468851686,-0.00032259515137411654,0,-0.0203,0.0197
Zakhar Bardakov,COL,8482947,2,-0.0003063290205318481,-0.00032259515137411654,0,-0.0203,0.0197
Zakhar Bardakov,COL,8482947,3,-0.00030638667521998286,-0.00032259515137411654,0,-0.0203,0.0197
Zakhar Bardakov,COL,8482947,4,-0.00030695131863467395,-0.00032259515137411654,0,-0.0203,0.0197
Zakhar Bardakov,COL,8482947,5,-0.00030673027504235506,-0.00032259515137411654,0,-0.0203,0.0197
Zakhar Bardakov,COL,8482947,6,-0.00030658330069854856,-0.00032259515137411654,0,-0.0203,0.0197
Zakhar Bardakov,COL,8482947,7,-0.00030648751999251544,-0.00032259515137411654,0,-0.0203,0.0197
Zakhar Bardakov,COL,8482947,8,-0.00030649354448542,-0.00032259515137411654,0,-0.0203,0.0197
Lucas Condotta,MTL,8483549,0,-4.956563498126343e-05,-8.299644832732156e-05,0,-0.02,0.02
Lucas Condotta,MTL,8483549,1,-4.898227780358866e-05,-8.299644832732156e-05,0,-0.02,0.02
Lucas Condotta,MTL,8483549,2,-4.842328780796379e-05,-8.299644832732156e-05,0,-0.02,0.02
Lucas Condotta,MTL,8483549,3,-4.848014941671863e-05,-8.299644832732156e-05,0,-0.02,0.02
Lucas Condotta,MTL,8483549,4,-4.9044188926927745e-05,-8.299644832732156e-05,0,-0.02,0.02
Lucas Condotta,MTL,8483549,5,-4.882271969108842e-05,-8.299644832732156e-05,0,-0.02,0.02
Lucas Condotta,MTL,8483549,6,-4.867537063546479e-05,-8.299644832732156e-05,0,-0.02,0.02
Lucas Condotta,MTL,8483549,7,-4.85793971165549e-05,-8.299644832732156e-05,0,-0.02,0.02
Lucas Condotta,MTL,8483549,8,-4.858538159169257e-05,-8.299644832732156e-05,0,-0.02,0.02
Harrison Brunicke,PIT,8484839,0,-0.0003610115381889045,-0.00035443034721538424,0,-0.0204,0.0196
Harrison Brunicke,PIT,8484839,1,-0.00036042946157976985,-0.00035443034721538424,0,-0.0204,0.0196
Harrison Brunicke,PIT,8484839,2,-0.00035987162846140563,-0.00035443034721538424,0,-0.0204,0.0196
Harrison Brunicke,PIT,8484839,3,-0.0003599294286686927,-0.00035443034721538424,0,-0.0204,0.0196
Harrison Brunicke,PIT,8484839,4,-0.000360494275810197,-0.00035443034721538424,0,-0.0204,0.0196
Harrison Brunicke,PIT,8484839,5,-0.0003602734359446913,-0.00035443034721538424,0,-0.0204,0.0196
Harrison Brunicke,PIT,8484839,6,-0.00036012654891237617,-0.00035443034721538424,0,-0.0204,0.0196
Harrison Brunicke,PIT,8484839,7,-0.0003600307973101735,-0.00035443034721538424,0,-0.0204,0.0196
Harrison Brunicke,PIT,8484839,8,-0.0003600369382183999,-0.00035443034721538424,0,-0.0204,0.0196
Rafael Harvey-Pinard,PIT,8481093,0,-0.0003515580901876092,-0.000350186659488827,0,-0.0204,0.0196
Rafael Harvey-Pinard,PIT,8481093,1,-0.0003509759553708136,-0.000350186659488827,0,-0.0204,0.0196
Rafael Harvey-Pinard,PIT,8481093,2,-0.00035041809314861894,-0.000350186659488827,0,-0.0204,0.0196
Rafael Harvey-Pinard,PIT,8481093,3,-0.0003504757769405842,-0.000350186659488827,0,-0.0204,0.0196
Rafael Harvey-Pinard,PIT,8481093,4,-0.00035104062408208847,-0.000350186659488827,0,-0.0204,0.0196
Rafael Harvey-Pinard,PIT,8481093,5,-0.0003508196969050914,-0.000350186659488827,0,-0.0204,0.0196
Rafael Harvey-Pinard,PIT,8481093,6,-0.00035067280987277627,-0.000350186659488827,0,-0.0204,0.0196
Rafael Harvey-Pinard,PIT,8481093,7,-0.00035057711647823453,-0.000350186659488827,0,-0.0204,0.0196
Rafael Harvey-Pinard,PIT,8481093,8,-0.00035058308276347816,-0.000350186659488827,0,-0.0204,0.0196
Ben Kindel,PIT,8485414,0,0.0009932047687470913,0.0015189225086942315,0,-0.019,0.021
Ben Kindel,PIT,8485414,1,0.0009654188179410994,0.0015189225086942315,3,-0.0105,0.0125
Ben Kindel,PIT,8485414,2,0.0009564795182086527,0.0015189225086942315,1,-0.019,0.021
Ben Kindel,PIT,8485414,3,0.0009564257925376296,0.0015189225086942315,0,-0.019,0.021
Ben Kindel,PIT,8485414,4,0.0009558646706864238,0.0015189225086942315,0,-0.019,0.021
Ben Kindel,PIT,8485414,5,0.0009560881881043315,0.0015189225086942315,0,-0.019,0.021
Ben Kindel,PIT,8485414,6,0.0009562372579239309,0.0015189225086942315,0,-0.019,0.021
Ben Kindel,PIT,8485414,7,0.0009563338826410472,0.0015189225086942315,0,-0.019,0.021
Ben Kindel,PIT,8485414,8,0.0009563287021592259,0.0015189225086942315,0,-0.019,0.021
Boris Katchouk,PHI,8479383,0,-0.0005836640484631062,-0.0005443450063467026,0,-0.0206,0.0194
Boris Katchouk,PHI,8479383,1,-0.0005830828449688852,-0.0005443450063467026,0,-0.0206,0.0194
Boris Katchouk,PHI,8479383,2,-0.0005825257976539433,-0.0005443450063467026,0,-0.0206,0.0194
Boris Katchouk,PHI,8479383,3,-0.0005825841217301786,-0.0005443450063467026,0,-0.0206,0.0194
Boris Katchouk,PHI,8479383,4,-0.0005831494927406311,-0.0005443450063467026,0,-0.0206,0.0194
Boris Katchouk,PHI,8479383,5,-0.0005829291185364127,-0.0005443450063467026,0,-0.0206,0.0194
Boris Katchouk,PHI,8479383,6,-0.0005827824352309108,-0.0005443450063467026,0,-0.0206,0.0194
Boris Katchouk,PHI,8479383,7,-0.0005826869164593518,-0.0005443450063467026,0,-0.0206,0.0194
Boris Katchouk,PHI,8479383,8,-0.0005826929118484259,-0.0005443450063467026,0,-0.0206,0.0194
Justin Robidas,CAR,8482785,0,-9.413223597221076e-05,-0.00012242567026987672,0,-0.0201,0.0199
Justin Robidas,CAR,8482785,1,-9.354905341751873e-05,-0.00012242567026987672,0,-0.0201,0.0199
Justin Robidas,CAR,8482785,2,-9.299025259679183e-05,-0.00012242567026987672,0,-0.0201,0.0199
Justin Robidas,CAR,8482785,3,-9.304726700065657e-05,-0.00012242567026987672,0,-0.0201,0.0199
Justin Robidas,CAR,8482785,4,-9.361143747810274e-05,-0.00012242567026987672,0,-0.0201,0.0199
Justin Robidas,CAR,8482785,5,-9.339007374364883e-05,-0.00012242567026987672,0,-0.0201,0.0199
Justin Robidas,CAR,8482785,6,-9.32427792577073e-05,-0.00012242567026987672,0,-0.0201,0.0199
Justin Robidas,CAR,8482785,7,-9.314686758443713e-05,-0.00012242567026987672,0,-0.0201,0.0199
Justin Robidas,CAR,8482785,8,-9.31528556975536e-05,-0.00012242567026987672,0,-0.0201,0.0199
Everett Baldwin,TBL,8485625,0,-0.00042648863745853305,-0.0004164818092249334,0,-0.0204,0.0196
Everett Baldwin,TBL,8485625,1,-0.00042590679368004203,-0.0004164818092249334,0,-0.0204,0.0196
Everett Baldwin,TBL,8485625,2,-0.000425349164288491,-0.0004164818092249334,0,-0.0204,0.0196
Everett Baldwin,TBL,8485625,3,-0.00042540711001493037,-0.0004164818092249334,0,-0.0204,0.0196
Everett Baldwin,TBL,8485625,4,-0.00042597216088324785,-0.0004164818092249334,0,-0.0204,0.0196
Everett Baldwin,TBL,8485625,5,-0.00042575132101774216,-0.0004164818092249334,0,-0.0204,0.0196
Everett Baldwin,TBL,8485625,6,-0.0004256045795045793,-0.0004164818092249334,0,-0.0204,0.0196
Everett Baldwin,TBL,8485625,7,-0.0004255089443176985,-0.0004164818092249334,0,-0.0204,0.0196
Everett Baldwin,TBL,8485625,8,-0.0004255149106029421,-0.0004164818092249334,0,-0.0204,0.0196
Wojciech Stachowiak,TBL,8485539,0,-0.00016058240726124495,-0.00018121847824659199,0,-0.0202,0.0198
Wojciech Stachowiak,TBL,8485539,1,-0.00015999944298528135,-0.00018121847824659199,0,-0.0202,0.0198
Wojciech Stachowiak,TBL,8485539,2,-0.00015944094047881663,-0.00018121847824659199,0,-0.0202,0.0198
Wojciech Stachowiak,TBL,8485539,3,-0.0001594980712980032,-0.00018121847824659199,0,-0.0202,0.0198
Wojciech Stachowiak,TBL,8485539,4,-0.00016006249643396586,-0.00018121847824659199,0,-0.0202,0.0198
Wojciech Stachowiak,TBL,8485539,5,-0.00015984114725142717,-0.00018121847824659199,0,-0.0202,0.0198
Wojciech Stachowiak,TBL,8485539,6,-0.0001596940419403836,-0.00018121847824659199,0,-0.0202,0.0198
Wojciech Stachowiak,TBL,8485539,7,-0.00015959807205945253,-0.00018121847824659199,0,-0.0202,0.0198
Wojciech Stachowiak,TBL,8485539,8,-0.0001596042129676789,-0.00018121847824659199,0,-0.0202,0.0198
Tij Iginla,UTA,8484795,0,-0.00043162578367628157,-0.0004210385959595442,0,-0.0204,0.0196
Tij Iginla,UTA,8484795,1,-0.00043104367796331644,-0.0004210385959595442,0,-0.0204,0.0196
Tij Iginla,UTA,8484795,2,-0.0004304859321564436,-0.0004210385959595442,0,-0.0204,0.0196
Tij Iginla,UTA,8484795,3,-0.0004305437032599002,-0.0004210385959595442,0,-0.0204,0.0196
Tij Iginla,UTA,8484795,4,-0.0004311086086090654,-0.0004210385959595442,0,-0.0204,0.0196
Tij Iginla,UTA,8484795,5,-0.00043088768143206835,-0.0004210385959595442,0,-0.0204,0.0196
Tij Iginla,UTA,8484795,6,-0.0004307408817112446,-0.0004210385959595442,0,-0.0204,0.0196
Tij Iginla,UTA,8484795,7,-0.000430645071901381,-0.0004210385959595442,0,-0.0204,0.0196
Tij Iginla,UTA,8484795,8,-0.00043065124191343784,-0.0004210385959595442,0,-0.0204,0.0196
Artem Duda,UTA,8483436,0,-0.00017918732191901654,-0.00019768584752455354,0,-0.0202,0.0198
Artem Duda,UTA,8483436,1,-0.0001786043430911377,-0.00019768584752455354,0,-0.0202,0.0198
Artem Duda,UTA,8483436,2,-0.0001780457387212664,-0.00019768584752455354,0,-0.0202,0.0198
Artem Duda,UTA,8483436,3,-0.00017810289864428341,-0.00019768584752455354,0,-0.0202,0.0198
Artem Duda,UTA,8483436,4,-0.00017866720736492425,-0.00019768584752455354,0,-0.0202,0.0198
Artem Duda,UTA,8483436,5,-0.0001784458727343008,-0.00019768584752455354,0,-0.0202,0.0198
Artem Duda,UTA,8483436,6,-0.000178298752871342,-0.00019768584752455354,0,-0.0202,0.0198
Artem Duda,UTA,8483436,7,-0.00017820278299041092,-0.00019768584752455354,0,-0.0202,0.0198
Artem Duda,UTA,8483436,8,-0.00017820886569097638,-0.00019768584752455354,0,-0.0202,0.0198
Tyson Hinds,ANA,8482731,0,-6.0454171034507453e-05,-9.263167157769203e-05,0,-0.0201,0.0199
Tyson Hinds,ANA,8482731,1,-5.9870770201087e-05,-9.263167157769203e-05,0,-0.0201,0.0199
Tyson Hinds,ANA,8482731,2,-5.931183113716543e-05,-9.263167157769203e-05,0,-0.0201,0.0199
Tyson Hinds,ANA,8482731,3,-5.9368663642089814e-05,-9.263167157769203e-05,0,-0.0201,0.0199
Tyson Hinds,ANA,8482731,4,-5.9932732256129384e-05,-9.263167157769203e-05,0,-0.0201,0.0199
Tyson Hinds,ANA,8482731,5,-5.971126302029006e-05,-9.263167157769203e-05,0,-0.0201,0.0199
Tyson Hinds,ANA,8482731,6,-5.956393579253927e-05,-9.263167157769203e-05,0,-0.0201,0.0199
Tyson Hinds,ANA,8482731,7,-5.946794044575654e-05,-9.263167157769203e-05,0,-0.0201,0.0199
Tyson Hinds,ANA,8482731,8,-5.947395402472466e-05,-9.263167157769203e-05,0,-0.0201,0.0199
Vladislav Gavrikov,NYR,8478882,0,0.00777876190841198,0.005236318334937096,0,-0.0122,0.0278
Vladislav Gavrikov,NYR,8478882,1,0.0077793654054403305,0.005236318334937096,0,-0.0122,0.0278
Vladislav Gavrikov,NYR,8478882,2,0.007779947482049465,0.005236318334937096,0,-0.0122,0.0278
Vladislav Gavrikov,NYR,8478882,3,0.007779906503856182,0.005236318334937096,0,-0.0122,0.0278
Vladislav Gavrikov,NYR,8478882,4,0.007779357954859734,0.005236318334937096,0,-0.0122,0.0278
Vladislav Gavrikov,NYR,8478882,5,0.007779589854180813,0.005236318334937096,0,-0.0122,0.0278
Vladislav Gavrikov,NYR,8478882,6,0.007779746316373348,0.005236318334937096,0,-0.0122,0.0278
Vladislav Gavrikov,NYR,8478882,7,0.0077798450365662575,0.005236318334937096,0,-0.0122,0.0278
Vladislav Gavrikov,NYR,8478882,8,0.007779843173921108,0.005236318334937096,0,-0.0122,0.0278
Jonathan Aspirot,BOS,8481219,0,-0.0007934843306429684,-0.0005471951444633305,0,-0.0208,0.0192
Jonathan Aspirot,BOS,8481219,1,-0.0007962216041050851,-0.0005471951444633305,0,-0.0208,0.0192
Jonathan Aspirot,BOS,8481219,2,-0.0007989829173311591,-0.0005471951444633305,1,-0.0208,0.0192
Jonathan Aspirot,BOS,8481219,3,-0.0007990418816916645,-0.0005471951444633305,0,-0.0208,0.0192
Jonathan Aspirot,BOS,8481219,4,-0.000799607892986387,-0.0005471951444633305,0,-0.0208,0.0192
Jonathan Aspirot,BOS,8481219,5,-0.0007993878680281341,-0.0005471951444633305,0,-0.0208,0.0192
Jonathan Aspirot,BOS,8481219,6,-0.0007992414175532758,-0.0005471951444633305,0,-0.0208,0.0192
Jonathan Aspirot,BOS,8481219,7,-0.0007991460734046996,-0.0005471951444633305,0,-0.0208,0.0192
Jonathan Aspirot,BOS,8481219,8,-0.0007991524762474,-0.0005471951444633305,0,-0.0208,0.0192
Victor Soderstrom,BOS,8481599,0,-0.0003493701515253633,-0.00034518318716436625,0,-0.0203,0.0197
Victor Soderstrom,BOS,8481599,1,-0.0003487879876047373,-0.00034518318716436625,0,-0.0203,0.0197
Victor Soderstrom,BOS,8481599,2,-0.00034823009627871215,-0.00034518318716436625,0,-0.0203,0.0197
Victor Soderstrom,BOS,8481599,3,-0.00034828780917450786,-0.00034518318716436625,0,-0.0203,0.0197
Victor Soderstrom,BOS,8481599,4,-0.0003488526854198426,-0.00034518318716436625,0,-0.0203,0.0197
Victor Soderstrom,BOS,8481599,5,-0.00034863161272369325,-0.00034518318716436625,0,-0.0203,0.0197
Victor Soderstrom,BOS,8481599,6,-0.00034848484210669994,-0.00034518318716436625,0,-0.0203,0.0197
Victor Soderstrom,BOS,8481599,7,-0.00034838897408917546,-0.00034518318716436625,0,-0.0203,0.0197
Victor Soderstrom,BOS,8481599,8,-0.0003483952023088932,-0.00034518318716436625,0,-0.0203,0.0197
Jake Christiansen,CBJ,8481161,0,-0.0005667458171956241,-0.0005405944539234042,0,-0.0206,0.0194
Jake Christiansen,CBJ,8481161,1,-0.0005661641480401158,-0.0005405944539234042,0,-0.0206,0.0194
Jake Christiansen,CBJ,8481161,2,-0.0005656066932715476,-0.0005405944539234042,0,-0.0206,0.0194
Jake Christiansen,CBJ,8481161,3,-0.0005656647845171392,-0.0005405944539234042,0,-0.0206,0.0194
Jake Christiansen,CBJ,8481161,4,-0.000566229980904609,-0.0005405944539234042,0,-0.0206,0.0194
Jake Christiansen,CBJ,8481161,5,-0.0005660091992467642,-0.0005405944539234042,0,-0.0206,0.0194
Jake Christiansen,CBJ,8481161,6,-0.0005658626323565841,-0.0005405944539234042,0,-0.0206,0.0194
Jake Christiansen,CBJ,8481161,7,-0.0005657668225467205,-0.0005405944539234042,0,-0.0206,0.0194
Jake Christiansen,CBJ,8481161,8,-0.0005657730507664382,-0.0005405944539234042,0,-0.0206,0.0194
Jack Peart,MIN,8482686,0,-0.00018385821022093296,-0.00020181156287435442,0,-0.0202,0.0198
Jack Peart,MIN,8482686,1,-0.0001832754205679521,-0.00020181156287435442,0,-0.0202,0.0198
Jack Peart,MIN,8482686,2,-0.00018271696171723306,-0.00020181156287435442,0,-0.0202,0.0198
Jack Peart,MIN,8482686,3,-0.000182774179847911,-0.00020181156287435442,0,-0.0202,0.0198
Jack Peart,MIN,8482686,4,-0.00018333863408770412,-0.00020181156287435442,0,-0.0202,0.0198
Jack Peart,MIN,8482686,5,-0.0001831173722166568,-0.00020181156287435442,0,-0.0202,0.0198
Jack Peart,MIN,8482686,6,-0.00018297028145752847,-0.00020181156287435442,0,-0.0202,0.0198
Jack Peart,MIN,8482686,7,-0.0001828743697842583,-0.00020181156287435442,0,-0.0202,0.0198
Jack Peart,MIN,8482686,8,-0.00018288040882907808,-0.00020181156287435442,0,-0.0202,0.0198
Quinn Hutson,EDM,8485511,0,-0.00027624997892417014,-0.00028354517417028546,0,-0.0203,0.0197
Quinn Hutson,EDM,8485511,1,-0.0002756677567958832,-0.00028354517417028546,0,-0.0203,0.0197
Quinn Hutson,EDM,8485511,2,-0.0002751098363660276,-0.00028354517417028546,0,-0.0203,0.0197
Quinn Hutson,EDM,8485511,3,-0.0002751676074694842,-0.00028354517417028546,0,-0.0203,0.0197
Quinn Hutson,EDM,8485511,4,-0.0002757322508841753,-0.00028354517417028546,0,-0.0203,0.0197
Quinn Hutson,EDM,8485511,5,-0.00027551144012250006,-0.00028354517417028546,0,-0.0203,0.0197
Quinn Hutson,EDM,8485511,6,-0.0002753644366748631,-0.00028354517417028546,0,-0.0203,0.0197
Quinn Hutson,EDM,8485511,7,-0.00027526874328032136,-0.00028354517417028546,0,-0.0203,0.0197
Quinn Hutson,EDM,8485511,8,-0.0002752747677732259,-0.00028354517417028546,0,-0.0203,0.0197
Isaac Howard,EDM,8483455,0,0.001816623262129724,0.0016797014977782965,0,-0.0182,0.0218
Isaac Howard,EDM,8483455,1,0.0018172140698879957,0.0016797014977782965,0,-0.0182,0.0218
Isaac Howard,EDM,8483455,2,0.0018177798483520746,0.0016797014977782965,0,-0.0182,0.0218
Isaac Howard,EDM,8483455,3,0.0018177287420257926,0.0016797014977782965,0,-0.0182,0.0218
Isaac Howard,EDM,8483455,4,0.0018171693664044142,0.0016797014977782965,0,-0.0182,0.0218
Isaac Howard,EDM,8483455,5,0.0018173945136368275,0.0016797014977782965,0,-0.0182,0.0218
Isaac Howard,EDM,8483455,6,0.0018175443401560187,0.0016797014977782965,0,-0.0182,0.0218
Isaac Howard,EDM,8483455,7,0.0018176420126110315,0.0016797014977782965,0,-0.0182,0.0218
Isaac Howard,EDM,8483455,8,0.0018176360754296184,0.0016797014977782965,0,-0.0182,0.0218
Ethan Bear,NYI,8478451,0,-0.00011306728993076831,-0.00013918087643105537,0,-0.0201,0.0199
Ethan Bear,NYI,8478451,1,-0.00011248413647990674,-0.00013918087643105537,0,-0.0201,0.0199
Ethan Bear,NYI,8478451,2,-0.00011192539386684075,-0.00013918087643105537,0,-0.0201,0.0199
Ethan Bear,NYI,8478451,3,-0.00011198237916687503,-0.00013918087643105537,0,-0.0201,0.0199
Ethan Bear,NYI,8478451,4,-0.00011254663695581257,-0.00013918087643105537,0,-0.0201,0.0199
Ethan Bear,NYI,8478451,5,-0.00011232518590986729,-0.00013918087643105537,0,-0.0201,0.0199
Ethan Bear,NYI,8478451,6,-0.00011217802239116281,-0.00013918087643105537,0,-0.0201,0.0199
Ethan Bear,NYI,8478451,7,-0.00011208199430257082,-0.00013918087643105537,0,-0.0201,0.0199
Ethan Bear,NYI,8478451,8,-0.00011208808427909389,-0.00013918087643105537,0,-0.0201,0.0199
Calum Ritchie,NYI,8484221,0,0.012993259355425835,0.007490942254662514,0,-0.007,0.033
Calum Ritchie,NYI,8484221,1,0.012993870303034782,0.007490942254662514,0,-0.007,0.033
Calum Ritchie,NYI,8484221,2,0.012994461692869663,0.007490942254662514,0,-0.007,0.033
Calum Ritchie,NYI,8484221,3,0.012994424439966679,0.007490942254662514,0,-0.007,0.033
Calum Ritchie,NYI,8484221,4,0.012993884272873402,0.007490942254662514,0,-0.007,0.033
Calum Ritchie,NYI,8484221,5,0.012994117103517056,0.007490942254662514,0,-0.007,0.033
Calum Ritchie,NYI,8484221,6,0.012994278222322464,0.007490942254662514,0,-0.007,0.033
Calum Ritchie,NYI,8484221,7,0.012994377873837948,0.007490942254662514,0,-0.007,0.033
Calum Ritchie,NYI,8484221,8,0.012994378805160522,0.007490942254662514,0,-0.007,0.033
Arthur Kaliyev,OTT,8481560,0,-0.00034734143991954625,-0.00034647068241611123,0,-0.0203,0.0197
Arthur Kaliyev,OTT,8481560,1,-0.00034675904316827655,-0.00034647068241611123,0,-0.0203,0.0197
Arthur Kaliyev,OTT,8481560,2,-0.00034620080259628594,-0.00034647068241611123,0,-0.0203,0.0197
Arthur Kaliyev,OTT,8481560,3,-0.00034625842818059027,-0.00034647068241611123,0,-0.0203,0.0197
Arthur Kaliyev,OTT,8481560,4,-0.0003468228969722986,-0.00034647068241611123,0,-0.0203,0.0197
Arthur Kaliyev,OTT,8481560,5,-0.000346601998899132,-0.00034647068241611123,0,-0.0203,0.0197
Arthur Kaliyev,OTT,8481560,6,-0.0003464548208285123,-0.00034647068241611123,0,-0.0203,0.0197
Arthur Kaliyev,OTT,8481560,7,-0.00034635912743397057,-0.00034647068241611123,0,-0.0203,0.0197
Arthur Kaliyev,OTT,8481560,8,-0.0003463650937192142,-0.00034647068241611123,0,-0.0203,0.0197
David Goyette,SEA,8483449,0,-0.0001618370006326586,-0.00018233212176710367,0,-0.0202,0.0198
David Goyette,SEA,8483449,1,-0.00016125400725286454,-0.00018233212176710367,0,-0.0202,0.0198
David Goyette,SEA,8483449,2,-0.00016069543198682368,-0.00018233212176710367,0,-0.0202,0.0198
David Goyette,SEA,8483449,3,-0.0001607525337021798,-0.00018233212176710367,0,-0.0202,0.0198
David Goyette,SEA,8483449,4,-0.00016131687152665108,-0.00018233212176710367,0,-0.0202,0.0198
David Goyette,SEA,8483449,5,-0.0001610955223441124,-0.00018233212176710367,0,-0.0202,0.0198
David Goyette,SEA,8483449,6,-0.00016094838792923838,-0.00018233212176710367,0,-0.0202,0.0198
David Goyette,SEA,8483449,7,-0.00016085243260022253,-0.00018233212176710367,0,-0.0202,0.0198
David Goyette,SEA,8483449,8,-0.0001608584716450423,-0.00018233212176710367,0,-0.0202,0.0198
Brayden Pachal,CGY,8481167,0,-0.00014142274449113756,-0.00016426794172730297,0,-0.0201,0.0199
Brayden Pachal,CGY,8481167,1,-0.00014083970745559782,-0.00016426794172730297,0,-0.0201,0.0199
Brayden Pachal,CGY,8481167,2,-0.00014028107398189604,-0.00016426794172730297,0,-0.0201,0.0199
Brayden Pachal,CGY,8481167,3,-0.0001403381465934217,-0.00016426794172730297,0,-0.0201,0.0199
Brayden Pachal,CGY,8481167,4,-0.000140902484417893,-0.00016426794172730297,0,-0.0201,0.0199
Brayden Pachal,CGY,8481167,5,-0.00014068114978726953,-0.00016426794172730297,0,-0.0201,0.0199
Brayden Pachal,CGY,8481167,6,-0.00014053394261281937,-0.00016426794172730297,0,-0.0201,0.0199
Brayden Pachal,CGY,8481167,7,-0.0001404380309395492,-0.00016426794172730297,0,-0.0201,0.0199
Brayden Pachal,CGY,8481167,8,-0.00014044405543245375,-0.00016426794172730297,0,-0.0201,0.0199
Jeff Malott,LAK,8482408,0,-0.00018520199228078127,-0.00020300452888477594,0,-0.0202,0.0198
Jeff Malott,LAK,8482408,1,-0.00018461908621247858,-0.00020300452888477594,0,-0.0202,0.0198
Jeff Malott,LAK,8482408,2,-0.00018406056915409863,-0.00020300452888477594,0,-0.0202,0.0198
Jeff Malott,LAK,8482408,3,-0.0001841177581809461,-0.00020300452888477594,0,-0.0202,0.0198
Jeff Malott,LAK,8482408,4,-0.0001846821396611631,-0.00020300452888477594,0,-0.0202,0.0198
Jeff Malott,LAK,8482408,5,-0.00018446087779011577,-0.00020300452888477594,0,-0.0202,0.0198
Jeff Malott,LAK,8482408,6,-0.00018431369971949607,-0.00020300452888477594,0,-0.0202,0.0198
Jeff Malott,LAK,8482408,7,-0.0001842178317019716,-0.00020300452888477594,0,-0.0202,0.0198
Jeff Malott,LAK,8482408,8,-0.0001842238416429609,-0.00020300452888477594,0,-0.0202,0.0198
Martin Chromiak,LAK,8482160,0,-0.0001352228136966005,-0.00015878533304203302,0,-0.0201,0.0199
Martin Chromiak,LAK,8482160,1,-0.000134639602038078,-0.00015878533304203302,0,-0.0201,0.0199
Martin Chromiak,LAK,8482160,2,-0.00013408102677203715,-0.00015878533304203302,0,-0.0201,0.0199
Martin Chromiak,LAK,8482160,3,-0.0001341378956567496,-0.00015878533304203302,0,-0.0201,0.0199
Martin Chromiak,LAK,8482160,4,-0.00013470232079271227,-0.00015878533304203302,0,-0.0201,0.0199
Martin Chromiak,LAK,8482160,5,-0.00013448081153910607,-0.00015878533304203302,0,-0.0201,0.0199
Martin Chromiak,LAK,8482160,6,-0.00013433373533189297,-0.00015878533304203302,0,-0.0201,0.0199
Martin Chromiak,LAK,8482160,7,-0.00013423760537989438,-0.00015878533304203302,0,-0.0201,0.0199
Martin Chromiak,LAK,8482160,8,-0.00013424383359961212,-0.00015878533304203302,0,-0.0201,0.0199
Aidan McDonough,,8481683,0,-0.0007113610045053065,-0.0006685341359116137,0,-0.0207,0.0193
Aidan McDonough,,8481683,1,-0.0007107799756340683,-0.0006685341359116137,0,-0.0207,0.0193
Aidan McDonough,,8481683,2,-0.0007102234521880746,-0.0006685341359116137,0,-0.0207,0.0193
Aidan McDonough,,8481683,3,-0.0007102819508872926,-0.0006685341359116137,0,-0.0207,0.0193
Aidan McDonough,,8481683,4,-0.0007108477293513715,-0.0006685341359116137,0,-0.0207,0.0193
Aidan McDonough,,8481683,5,-0.000710627413354814,-0.0006685341359116137,0,-0.0207,0.0193
Aidan McDonough,,8481683,6,-0.0007104808464646339,-0.0006685341359116137,0,-0.0207,0.0193
Aidan McDonough,,8481683,7,-0.0007103856187313795,-0.0006685341359116137,0,-0.0207,0.0193
Aidan McDonough,,8481683,8,-0.0007103913812898099,-0.0006685341359116137,0,-0.0207,0.0193
Caleb Jones,PIT,8478452,0,-0.00030224284273572266,-0.00030655929003842175,0,-0.0203,0.0197
Caleb Jones,PIT,8478452,1,-0.0003016602713614702,-0.00030655929003842175,0,-0.0203,0.0197
Caleb Jones,PIT,8478452,2,-0.0003011021763086319,-0.00030655929003842175,0,-0.0203,0.0197
Caleb Jones,PIT,8478452,3,-0.0003011598309967667,-0.00030655929003842175,0,-0.0203,0.0197
Caleb Jones,PIT,8478452,4,-0.0003017242415808141,-0.00030655929003842175,0,-0.0203,0.0197
Caleb Jones,PIT,8478452,5,-0.00030150340171530843,-0.00030655929003842175,0,-0.0203,0.0197
Caleb Jones,PIT,8478452,6,-0.0003013562236446887,-0.00030655929003842175,0,-0.0203,0.0197
Caleb Jones,PIT,8478452,7,-0.00030126055935397744,-0.00030655929003842175,0,-0.0203,0.0197
Caleb Jones,PIT,8478452,8,-0.00030126646743156016,-0.00030655929003842175,0,-0.0203,0.0197
Tyson Jugnauth,SEA,8483684,0,-0.00011218336294405162,-0.00013839382154401392,0,-0.0201,0.0199
Tyson Jugnauth,SEA,8483684,1,-0.00011160028225276619,-0.00013839382154401392,0,-0.0201,0.0199
Tyson Jugnauth,SEA,8483684,2,-0.00011104162695119157,-0.00013839382154401392,0,-0.0201,0.0199
Tyson Jugnauth,SEA,8483684,3,-0.00011109869956271723,-0.00013839382154401392,0,-0.0201,0.0199
Tyson Jugnauth,SEA,8483684,4,-0.00011166300100740045,-0.00013839382154401392,0,-0.0201,0.0199
Tyson Jugnauth,SEA,8483684,5,-0.00011144165182486176,-0.00013839382154401392,0,-0.0201,0.0199
Tyson Jugnauth,SEA,8483684,6,-0.00011129443009849638,-0.00013839382154401392,0,-0.0201,0.0199
Tyson Jugnauth,SEA,8483684,7,-0.00011119847476948053,-0.00013839382154401392,0,-0.0201,0.0199
Tyson Jugnauth,SEA,8483684,8,-0.00011120455019408837,-0.00013839382154401392,0,-0.0201,0.0199
Logan Morrison,SEA,8483012,0,-0.00028768894844688475,-0.0002936716773547232,0,-0.0203,0.0197
Logan Morrison,SEA,8483012,1,-0.00028710660990327597,-0.0002936716773547232,0,-0.0203,0.0197
Logan Morrison,SEA,8483012,2,-0.000286548602161929,-0.0002936716773547232,0,-0.0203,0.0197
Logan Morrison,SEA,8483012,3,-0.00028660628595389426,-0.0002936716773547232,0,-0.0203,0.0197
Logan Morrison,SEA,8483012,4,-0.0002871710166800767,-0.0002936716773547232,0,-0.0203,0.0197
Logan Morrison,SEA,8483012,5,-0.0002869499730877578,-0.0002936716773547232,0,-0.0203,0.0197
Logan Morrison,SEA,8483012,6,-0.0002868030860554427,-0.0002936716773547232,0,-0.0203,0.0197
Logan Morrison,SEA,8483012,7,-0.00028670724714174867,-0.0002936716773547232,0,-0.0203,0.0197
Logan Morrison,SEA,8483012,8,-0.00028671344625763595,-0.0002936716773547232,0,-0.0203,0.0197
Jagger Firkus,SEA,8483442,0,0.0024985813070088625,0.002171525964513421,0,-0.0175,0.0225
Jagger Firkus,SEA,8483442,1,0.002499175723642111,0.002171525964513421,0,-0.0175,0.0225
Jagger Firkus,SEA,8483442,2,0.0024997422005981207,0.002171525964513421,0,-0.0175,0.0225
Jagger Firkus,SEA,8483442,3,0.002499693538993597,0.002171525964513421,0,-0.0175,0.0225
Jagger Firkus,SEA,8483442,4,0.0024991342797875404,0.002171525964513421,0,-0.0175,0.0225
Jagger Firkus,SEA,8483442,5,0.0024993615224957466,0.002171525964513421,0,-0.0175,0.0225
Jagger Firkus,SEA,8483442,6,0.0024995114654302597,0.002171525964513421,0,-0.0175,0.0225
Jagger Firkus,SEA,8483442,7,0.0024996099527925253,0.002171525964513421,0,-0.0175,0.0225
Jagger Firkus,SEA,8483442,8,0.002499604132026434,0.002171525964513421,0,-0.0175,0.0225
Noah Ostlund,BUF,8483500,0,-0.00038057880010455847,0.0004431120178196579,0,-0.0204,0.0196
Noah Ostlund,BUF,8483500,1,-0.0003799949772655964,0.0004431120178196579,0,-0.0204,0.0196
Noah Ostlund,BUF,8483500,2,-0.00037943568895570934,0.0004431120178196579,0,-0.0204,0.0196
Noah Ostlund,BUF,8483500,3,-0.0003794922085944563,0.0004431120178196579,0,-0.0204,0.0196
Noah Ostlund,BUF,8483500,4,-0.0003800560662057251,0.0004431120178196579,0,-0.0204,0.0196
Noah Ostlund,BUF,8483500,5,-0.0003798343241214752,0.0004431120178196579,0,-0.0204,0.0196
Noah Ostlund,BUF,8483500,6,-0.00037968691322021186,0.0004431120178196579,0,-0.0204,0.0196
Noah Ostlund,BUF,8483500,7,-0.00037959078326821327,0.0004431120178196579,0,-0.0204,0.0196
Noah Ostlund,BUF,8483500,8,-0.0003795968077611178,0.0004431120178196579,0,-0.0204,0.0196
Zach Metsa,BUF,8484305,0,0.0041151707991957664,0.001505943015217781,0,-0.0159,0.0241
Zach Metsa,BUF,8484305,1,0.0042068674229085445,0.001505943015217781,0,-0.0158,0.0242
Zach Metsa,BUF,8484305,2,0.004298537038266659,0.001505943015217781,0,-0.0157,0.0243
Zach Metsa,BUF,8484305,3,0.00438958965241909,0.001505943015217781,0,-0.0156,0.0244
Zach Metsa,BUF,8484305,4,0.004480135627090931,0.001505943015217781,1,-0.0155,0.0245
Zach Metsa,BUF,8484305,5,0.0044803619384765625,0.001505943015217781,0,-0.0155,0.0245
Zach Metsa,BUF,8484305,6,0.004480512347072363,0.001505943015217781,0,-0.0155,0.0245
Zach Metsa,BUF,8484305,7,0.00448060967028141,0.001505943015217781,0,-0.0155,0.0245
Zach Metsa,BUF,8484305,8,0.004480606410652399,0.001505943015217781,0,-0.0155,0.0245
Chris Terry,,8474052,0,-8.511498162988573e-05,-0.00011445317068137228,0,-0.0201,0.0199
Chris Terry,,8474052,1,-8.453165355604142e-05,-0.00011445317068137228,0,-0.0201,0.0199
Chris Terry,,8474052,2,-8.397273631999269e-05,-0.00011445317068137228,0,-0.0201,0.0199
Chris Terry,,8474052,3,-8.40296343085356e-05,-0.00011445317068137228,0,-0.0201,0.0199
Chris Terry,,8474052,4,-8.459370292257518e-05,-0.00011445317068137228,0,-0.0201,0.0199
Chris Terry,,8474052,5,-8.437228098046035e-05,-0.00011445317068137228,0,-0.0201,0.0199
Chris Terry,,8474052,6,-8.42249282868579e-05,-0.00011445317068137228,0,-0.0201,0.0199
Chris Terry,,8474052,7,-8.412897295784205e-05,-0.00011445317068137228,0,-0.0201,0.0199
Chris Terry,,8474052,8,-8.413500472670421e-05,-0.00011445317068137228,0,-0.0201,0.0199
Matthew Highmore,NYI,8478146,0,-0.0002972260699607432,-0.0003021178999915719,0,-0.0203,0.0197
Matthew Highmore,NYI,8478146,1,-0.00029664376052096486,-0.0003021178999915719,0,-0.0203,0.0197
Matthew Highmore,NYI,8478146,2,-0.0002960856072604656,-0.0003021178999915719,0,-0.0203,0.0197
Matthew Highmore,NYI,8478146,3,-0.0002961431455332786,-0.0003021178999915719,0,-0.0203,0.0197
Matthew Highmore,NYI,8478146,4,-0.0002967077889479697,-0.0003021178999915719,0,-0.0203,0.0197
Matthew Highmore,NYI,8478146,5,-0.0002964868035633117,-0.0003021178999915719,0,-0.0203,0.0197
Matthew Highmore,NYI,8478146,6,-0.0002963397710118443,-0.0003021178999915719,0,-0.0203,0.0197
Matthew Highmore,NYI,8478146,7,-0.0002962440194096416,-0.0003021178999915719,0,-0.0203,0.0197
Matthew Highmore,NYI,8478146,8,-0.0002962500730063766,-0.0003021178999915719,0,-0.0203,0.0197
Dakota Mermis,TOR,8477541,0,-0.0008989582420326769,-0.0008115599048323929,0,-0.0209,0.0191
Dakota Mermis,TOR,8477541,1,-0.0008983787265606225,-0.0008115599048323929,0,-0.0209,0.0191
Dakota Mermis,TOR,8477541,2,-0.0008978229598142207,-0.0008115599048323929,0,-0.0209,0.0191
Dakota Mermis,TOR,8477541,3,-0.0008978827390819788,-0.0008115599048323929,0,-0.0209,0.0191
Dakota Mermis,TOR,8477541,4,-0.000898448983207345,-0.0008115599048323929,0,-0.0209,0.0191
Dakota Mermis,TOR,8477541,5,-0.0008982294239103794,-0.0008115599048323929,0,-0.0209,0.0191
Dakota Mermis,TOR,8477541,6,-0.0008980834390968084,-0.0008115599048323929,0,-0.0209,0.0191
Dakota Mermis,TOR,8477541,7,-0.0008979880367405713,-0.0008115599048323929,0,-0.0209,0.0191
Dakota Mermis,TOR,8477541,8,-0.0008979943813756108,-0.0008115599048323929,0,-0.0209,0.0191
Easton Cowan,TOR,8484158,0,0.006532050669193268,0.0025801528245210648,0,-0.0135,0.0265
Easton Cowan,TOR,8484158,1,0.00653264531865716,0.0025801528245210648,0,-0.0135,0.0265
Easton Cowan,TOR,8484158,2,0.006533218547701836,0.0025801528245210648,0,-0.0135,0.0265
Easton Cowan,TOR,8484158,3,0.00653317105025053,0.0025801528245210648,0,-0.0135,0.0265
Easton Cowan,TOR,8484158,4,0.006532615981996059,0.0025801528245210648,0,-0.0135,0.0265
Easton Cowan,TOR,8484158,5,0.006532841827720404,0.0025801528245210648,0,-0.0135,0.0265
Easton Cowan,TOR,8484158,6,0.00653299642726779,0.0025801528245210648,0,-0.0135,0.0265
Easton Cowan,TOR,8484158,7,0.006533092353492975,0.0025801528245210648,0,-0.0135,0.0265
Easton Cowan,TOR,8484158,8,0.006533090025186539,0.0025801528245210648,0,-0.0135,0.0265
Zeev Buium,VAN,8484798,0,-0.001003190642222762,-0.0006782443961128592,0,-0.021,0.019
Zeev Buium,VAN,8484798,1,-0.0010026107775047421,-0.0006782443961128592,0,-0.021,0.019
Zeev Buium,VAN,8484798,2,-0.001002055243588984,-0.0006782443961128592,0,-0.021,0.019
Zeev Buium,VAN,8484798,3,-0.001002114498987794,-0.0006782443961128592,0,-0.021,0.019
Zeev Buium,VAN,8484798,4,-0.0010026810923591256,-0.0006782443961128592,0,-0.021,0.019
Zeev Buium,VAN,8484798,5,-0.0010024610674008727,-0.0006782443961128592,0,-0.021,0.019
Zeev Buium,VAN,8484798,6,-0.0010023153154179454,-0.0006782443961128592,0,-0.021,0.019
Zeev Buium,VAN,8484798,7,-0.0010022198548540473,-0.0006782443961128592,0,-0.021,0.019
Zeev Buium,VAN,8484798,8,-0.0010022263741120696,-0.0006782443961128592,0,-0.021,0.019
Gabriel Szturc,TBL,8484507,0,-0.000207466451684013,-0.00022270443150773644,0,-0.0202,0.0198
Gabriel Szturc,TBL,8484507,1,-0.00020688366203103215,-0.00022270443150773644,0,-0.0202,0.0198
Gabriel Szturc,TBL,8484507,2,-0.0002063252031803131,-0.00022270443150773644,0,-0.0202,0.0198
Gabriel Szturc,TBL,8484507,3,-0.00020638242131099105,-0.00022270443150773644,0,-0.0202,0.0198
Gabriel Szturc,TBL,8484507,4,-0.00020694683189503849,-0.00022270443150773644,0,-0.0202,0.0198
Gabriel Szturc,TBL,8484507,5,-0.00020672561367973685,-0.00022270443150773644,0,-0.0202,0.0198
Gabriel Szturc,TBL,8484507,6,-0.0002065784647129476,-0.00022270443150773644,0,-0.0202,0.0198
Gabriel Szturc,TBL,8484507,7,-0.00020648261124733835,-0.00022270443150773644,0,-0.0202,0.0198
Gabriel Szturc,TBL,8484507,8,-0.00020648862118832767,-0.00022270443150773644,0,-0.0202,0.0198
Maxim Groshev,TBL,8482168,0,-0.00020873267203569412,-0.0002238241140730679,0,-0.0202,0.0198
Maxim Groshev,TBL,8482168,1,-0.00020814991148654372,-0.0002238241140730679,0,-0.0202,0.0198
Maxim Groshev,TBL,8482168,2,-0.00020759145263582468,-0.0002238241140730679,0,-0.0202,0.0198
Maxim Groshev,TBL,8482168,3,-0.00020764869987033308,-0.0002238241140730679,0,-0.0202,0.0198
Maxim Groshev,TBL,8482168,4,-0.0002082131104543805,-0.0002238241140730679,0,-0.0202,0.0198
Maxim Groshev,TBL,8482168,5,-0.00020799192134290934,-0.0002238241140730679,0,-0.0202,0.0198
Maxim Groshev,TBL,8482168,6,-0.0002078447723761201,-0.0002238241140730679,0,-0.0202,0.0198
Maxim Groshev,TBL,8482168,7,-0.00020774886070284992,-0.0002238241140730679,0,-0.0202,0.0198
Maxim Groshev,TBL,8482168,8,-0.00020775498705916107,-0.0002238241140730679,0,-0.0202,0.0198
Alexander Nikishin,CAR,8482100,0,0.00361446850001812,0.0020483299158513546,0,-0.0164,0.0236
Alexander Nikishin,CAR,8482100,1,0.0036076069809496403,0.0020483299158513546,0,-0.0164,0.0236
Alexander Nikishin,CAR,8482100,2,0.003600721014663577,0.0020483299158513546,0,-0.0164,0.0236
Alexander Nikishin,CAR,8482100,3,0.0035932157188653946,0.0020483299158513546,0,-0.0164,0.0236
Alexander Nikishin,CAR,8482100,4,0.0035852035507559776,0.0020483299158513546,0,-0.0164,0.0236
Alexander Nikishin,CAR,8482100,5,0.0035779739264398813,0.0020483299158513546,0,-0.0164,0.0236
Alexander Nikishin,CAR,8482100,6,0.0035706700291484594,0.0020483299158513546,0,-0.0164,0.0236
Alexander Nikishin,CAR,8482100,7,0.003563311882317066,0.0020483299158513546,1,-0.0164,0.0236
Alexander Nikishin,CAR,8482100,8,0.0035633074585348368,0.0020483299158513546,0,-0.0164,0.0236
Skyler Brind'Amour,CAR,8480291,0,-0.0008910209871828556,-0.0008274769061245024,0,-0.0209,0.0191
Skyler Brind'Amour,CAR,8480291,1,-0.0008904410642571747,-0.0008274769061245024,0,-0.0209,0.0191
Skyler Brind'Amour,CAR,8480291,2,-0.0008898853557184339,-0.0008274769061245024,0,-0.0209,0.0191
Skyler Brind'Amour,CAR,8480291,3,-0.000889944436494261,-0.0008274769061245024,0,-0.0209,0.0191
Skyler Brind'Amour,CAR,8480291,4,-0.0008905109134502709,-0.0008274769061245024,0,-0.0209,0.0191
Skyler Brind'Amour,CAR,8480291,5,-0.0008902909466996789,-0.0008274769061245024,0,-0.0209,0.0191
Skyler Brind'Amour,CAR,8480291,6,-0.000890144903678447,-0.0008274769061245024,0,-0.0209,0.0191
Skyler Brind'Amour,CAR,8480291,7,-0.0008900495595298707,-0.0008274769061245024,0,-0.0209,0.0191
Skyler Brind'Amour,CAR,8480291,8,-0.0008900559041649103,-0.0008274769061245024,0,-0.0209,0.0191
Givani Smith,CAR,8479379,0,-0.00025194467161782086,-0.00026205441099591553,0,-0.0203,0.0197
Givani Smith,CAR,8479379,1,-0.0002513621002435684,-0.00026205441099591553,0,-0.0203,0.0197
Givani Smith,CAR,8479379,2,-0.0002508038014639169,-0.00026205441099591553,0,-0.0203,0.0197
Givani Smith,CAR,8479379,3,-0.0002508612524252385,-0.00026205441099591553,0,-0.0203,0.0197
Givani Smith,CAR,8479379,4,-0.0002514258085284382,-0.00026205441099591553,0,-0.0203,0.0197
Givani Smith,CAR,8479379,5,-0.00025120461941696703,-0.00026205441099591553,0,-0.0203,0.0197
Givani Smith,CAR,8479379,6,-0.00025105770328082144,-0.00026205441099591553,0,-0.0203,0.0197
Givani Smith,CAR,8479379,7,-0.00025096177705563605,-0.00026205441099591553,0,-0.0203,0.0197
Givani Smith,CAR,8479379,8,-0.0002509678597562015,-0.00026205441099591553,0,-0.0203,0.0197
Dylan Duke,TBL,8482663,0,-0.0003674780309665948,-0.00036106526385992765,0,-0.0204,0.0196
Dylan Duke,TBL,8482663,1,-0.00036689586704596877,-0.00036106526385992765,0,-0.0204,0.0196
Dylan Duke,TBL,8482663,2,-0.0003663380048237741,-0.00036106526385992765,0,-0.0204,0.0196
Dylan Duke,TBL,8482663,3,-0.00036639574682340026,-0.00036106526385992765,0,-0.0204,0.0196
Dylan Duke,TBL,8482663,4,-0.0003669605648610741,-0.00036106526385992765,0,-0.0204,0.0196
Dylan Duke,TBL,8482663,5,-0.00036673960858024657,-0.00036106526385992765,0,-0.0204,0.0196
Dylan Duke,TBL,8482663,6,-0.00036659277975559235,-0.00036106526385992765,0,-0.0204,0.0196
Dylan Duke,TBL,8482663,7,-0.0003664969699457288,-0.00036106526385992765,0,-0.0204,0.0196
Dylan Duke,TBL,8482663,8,-0.00036650316906161606,-0.00036106526385992765,0,-0.0204,0.0196
Noel Gunler,CAR,8482080,0,-0.00018770595488604158,-0.0002052180643659085,0,-0.0202,0.0198
Noel Gunler,CAR,8482080,1,-0.00018712291785050184,-0.0002052180643659085,0,-0.0202,0.0198
Noel Gunler,CAR,8482080,2,-0.00018656460451893508,-0.0002052180643659085,0,-0.0202,0.0198
Noel Gunler,CAR,8482080,3,-0.00018662164802663028,-0.0002052180643659085,0,-0.0202,0.0198
Noel Gunler,CAR,8482080,4,-0.0001871862477855757,-0.0002052180643659085,0,-0.0202,0.0198
Noel Gunler,CAR,8482080,5,-0.00018696481129154563,-0.0002052180643659085,0,-0.0202,0.0198
Noel Gunler,CAR,8482080,6,-0.0001868178806034848,-0.0002052180643659085,0,-0.0202,0.0198
Noel Gunler,CAR,8482080,7,-0.00018672176520340145,-0.0002052180643659085,0,-0.0202,0.0198
Noel Gunler,CAR,8482080,8,-0.0001867280516307801,-0.0002052180643659085,0,-0.0202,0.0198
Joel Nystrom,CAR,8482911,0,-0.0004208989266771823,-0.0003810014750342816,0,-0.0204,0.0196
Joel Nystrom,CAR,8482911,1,-0.00042031670454889536,-0.0003810014750342816,0,-0.0204,0.0196
Joel Nystrom,CAR,8482911,2,-0.0004197588423267007,-0.0003810014750342816,0,-0.0204,0.0196
Joel Nystrom,CAR,8482911,3,-0.0004198165552224964,-0.0003810014750342816,0,-0.0204,0.0196
Joel Nystrom,CAR,8482911,4,-0.00042038143146783113,-0.0003810014750342816,0,-0.0204,0.0196
Joel Nystrom,CAR,8482911,5,-0.00042016044608317316,-0.0003810014750342816,0,-0.0204,0.0196
Joel Nystrom,CAR,8482911,6,-0.00042001361725851893,-0.0003810014750342816,0,-0.0204,0.0196
Joel Nystrom,CAR,8482911,7,-0.0004199178656563163,-0.0003810014750342816,0,-0.0204,0.0196
Joel Nystrom,CAR,8482911,8,-0.0004199238901492208,-0.0003810014750342816,0,-0.0204,0.0196
John Leonard,DET,8481077,0,0.0023762532509863377,0.0020632855594158173,0,-0.0176,0.0224
John Leonard,DET,8481077,1,0.0023768460378050804,0.0020632855594158173,0,-0.0176,0.0224
John Leonard,DET,8481077,2,0.0023774136789143085,0.0020632855594158173,0,-0.0176,0.0224
John Leonard,DET,8481077,3,0.002377362921833992,0.0020632855594158173,0,-0.0176,0.0224
John Leonard,DET,8481077,4,0.0023768050596117973,0.0020632855594158173,0,-0.0176,0.0224
John Leonard,DET,8481077,5,0.0023770311381667852,0.0020632855594158173,0,-0.0176,0.0224
John Leonard,DET,8481077,6,0.0023771815467625856,0.0020632855594158173,0,-0.0176,0.0224
John Leonard,DET,8481077,7,0.0023772793356329203,0.0020632855594158173,0,-0.0176,0.0224
John Leonard,DET,8481077,8,0.0023772739805281162,0.0020632855594158173,0,-0.0176,0.0224
Emmitt Finnie,DET,8484471,0,-0.0017668992513790727,-0.00124084809795022,0,-0.0218,0.0182
Emmitt Finnie,DET,8484471,1,-0.0017663229955360293,-0.00124084809795022,0,-0.0218,0.0182
Emmitt Finnie,DET,8484471,2,-0.0017657699063420296,-0.00124084809795022,0,-0.0218,0.0182
Emmitt Finnie,DET,8484471,3,-0.0017658320721238852,-0.00124084809795022,0,-0.0218,0.0182
Emmitt Finnie,DET,8484471,4,-0.0017664000624790788,-0.00124084809795022,0,-0.0218,0.0182
Emmitt Finnie,DET,8484471,5,-0.0017661817837506533,-0.00124084809795022,0,-0.0218,0.0182
Emmitt Finnie,DET,8484471,6,-0.0017660369630903006,-0.00124084809795022,0,-0.0218,0.0182
Emmitt Finnie,DET,8484471,7,-0.001765942550264299,-0.00124084809795022,0,-0.0218,0.0182
Emmitt Finnie,DET,8484471,8,-0.001765948603861034,-0.00124084809795022,0,-0.0218,0.0182
Juho Lammikko,,8477996,0,-0.0007192997727543116,-0.0006755745853297412,0,-0.0207,0.0193
Juho Lammikko,,8477996,1,-0.0007187186856754124,-0.0006755745853297412,0,-0.0207,0.0193
Juho Lammikko,,8477996,2,-0.0007181615801528096,-0.0006755745853297412,0,-0.0207,0.0193
Juho Lammikko,,8477996,3,-0.0007182200788520277,-0.0006755745853297412,0,-0.0207,0.0193
Juho Lammikko,,8477996,4,-0.0007187852752394974,-0.0006755745853297412,0,-0.0207,0.0193
Juho Lammikko,,8477996,5,-0.0007185651338659227,-0.0006755745853297412,0,-0.0207,0.0193
Juho Lammikko,,8477996,6,-0.0007184183341450989,-0.0006755745853297412,0,-0.0207,0.0193
Juho Lammikko,,8477996,7,-0.0007183229317888618,-0.0006755745853297412,0,-0.0207,0.0193
Juho Lammikko,,8477996,8,-0.0007183289853855968,-0.0006755745853297412,0,-0.0207,0.0193
Arseny Gritsyuk,NJD,8481721,0,-0.0010650483891367912,-0.0005593165406025946,0,-0.0211,0.0189
Arseny Gritsyuk,NJD,8481721,1,-0.0010644670110195875,-0.0005593165406025946,0,-0.0211,0.0189
Arseny Gritsyuk,NJD,8481721,2,-0.0010639099637046456,-0.0005593165406025946,0,-0.0211,0.0189
Arseny Gritsyuk,NJD,8481721,3,-0.001063968287780881,-0.0005593165406025946,0,-0.0211,0.0189
Arseny Gritsyuk,NJD,8481721,4,-0.0010645338334143162,-0.0005593165406025946,0,-0.0211,0.0189
Arseny Gritsyuk,NJD,8481721,5,-0.0010643128771334887,-0.0005593165406025946,0,-0.0211,0.0189
Arseny Gritsyuk,NJD,8481721,6,-0.0010641667759045959,-0.0005593165406025946,0,-0.0211,0.0189
Arseny Gritsyuk,NJD,8481721,7,-0.0010640707332640886,-0.0005593165406025946,0,-0.0211,0.0189
Arseny Gritsyuk,NJD,8481721,8,-0.001064077252522111,-0.0005593165406025946,0,-0.0211,0.0189
Braeden Bowman,VGK,8483890,0,0.0015698381466791034,0.0012031130027025938,0,-0.0184,0.0216
Braeden Bowman,VGK,8483890,1,0.0015704288380220532,0.0012031130027025938,0,-0.0184,0.0216
Braeden Bowman,VGK,8483890,2,0.0015709931030869484,0.0012031130027025938,0,-0.0184,0.0216
Braeden Bowman,VGK,8483890,3,0.0015709414146840572,0.0012031130027025938,0,-0.0184,0.0216
Braeden Bowman,VGK,8483890,4,0.0015703809913247824,0.0012031130027025938,0,-0.0184,0.0216
Braeden Bowman,VGK,8483890,5,0.001570605905726552,0.0012031130027025938,0,-0.0184,0.0216
Braeden Bowman,VGK,8483890,6,0.0015707554994150996,0.0012031130027025938,0,-0.0184,0.0216
Braeden Bowman,VGK,8483890,7,0.0015708527062088251,0.0012031130027025938,0,-0.0184,0.0216
Braeden Bowman,VGK,8483890,8,0.0015708470018580556,0.0012031130027025938,0,-0.0184,0.0216
Colby Barlow,WPG,8484143,0,-8.840588270686567e-05,-0.00011736105807358399,0,-0.0201,0.0199
Colby Barlow,WPG,8484143,1,-8.782258373685181e-05,-0.00011736105807358399,0,-0.0201,0.0199
Colby Barlow,WPG,8484143,2,-8.726379746804014e-05,-0.00011736105807358399,0,-0.0201,0.0199
Colby Barlow,WPG,8484143,3,-8.73206663527526e-05,-0.00011736105807358399,0,-0.0201,0.0199
Colby Barlow,WPG,8484143,4,-8.78849095897749e-05,-0.00011736105807358399,0,-0.0201,0.0199
Colby Barlow,WPG,8484143,5,-8.76634003361687e-05,-0.00011736105807358399,0,-0.0201,0.0199
Colby Barlow,WPG,8484143,6,-8.751619316171855e-05,-0.00011736105807358399,0,-0.0201,0.0199
Colby Barlow,WPG,8484143,7,-8.742017962504178e-05,-0.00011736105807358399,0,-0.0201,0.0199
Colby Barlow,WPG,8484143,8,-8.74262404977344e-05,-0.00011736105807358399,0,-0.0201,0.0199
Ville Heinola,WPG,8481572,0,-0.0004600733518600464,-0.0003733763296622783,0,-0.0205,0.0195
Ville Heinola,WPG,8481572,1,-0.0004594912170432508,-0.0003733763296622783,0,-0.0205,0.0195
Ville Heinola,WPG,8481572,2,-0.0004589338495861739,-0.0003733763296622783,0,-0.0205,0.0195
Ville Heinola,WPG,8481572,3,-0.0004589913587551564,-0.0003733763296622783,0,-0.0205,0.0195
Ville Heinola,WPG,8481572,4,-0.00045955675886943936,-0.0003733763296622783,0,-0.0205,0.0195
Ville Heinola,WPG,8481572,5,-0.00045933574438095093,-0.0003733763296622783,0,-0.0205,0.0195
Ville Heinola,WPG,8481572,6,-0.0004591890028677881,-0.0003733763296622783,0,-0.0205,0.0195
Ville Heinola,WPG,8481572,7,-0.00045909342588856816,-0.0003733763296622783,0,-0.0205,0.0195
Ville Heinola,WPG,8481572,8,-0.0004590993048623204,-0.0003733763296622783,0,-0.0205,0.0195
Jett Luchanko,PHI,8484779,0,-5.238461744738743e-05,-8.549191989004612e-05,0,-0.0201,0.0199
Jett Luchanko,PHI,8484779,1,-5.1801187510136515e-05,-8.549191989004612e-05,0,-0.0201,0.0199
Jett Luchanko,PHI,8484779,2,-5.1242233894299716e-05,-8.549191989004612e-05,0,-0.0201,0.0199
Jett Luchanko,PHI,8484779,3,-5.1299037295393646e-05,-8.549191989004612e-05,0,-0.0201,0.0199
Jett Luchanko,PHI,8484779,4,-5.18630986334756e-05,-8.549191989004612e-05,0,-0.0201,0.0199
Jett Luchanko,PHI,8484779,5,-5.164159301784821e-05,-8.549191989004612e-05,0,-0.0201,0.0199
Jett Luchanko,PHI,8484779,6,-5.149427306605503e-05,-8.549191989004612e-05,0,-0.0201,0.0199
Jett Luchanko,PHI,8484779,7,-5.139826316735707e-05,-8.549191989004612e-05,0,-0.0201,0.0199
Jett Luchanko,PHI,8484779,8,-5.140428402228281e-05,-8.549191989004612e-05,0,-0.0201,0.0199
Dalton Bancroft,BOS,8485496,0,0.0026315604336559772,0.002289178781211376,0,-0.0174,0.0226
Dalton Bancroft,BOS,8485496,1,0.0026321541517972946,0.002289178781211376,0,-0.0174,0.0226
Dalton Bancroft,BOS,8485496,2,0.00263272225856781,0.002289178781211376,0,-0.0174,0.0226
Dalton Bancroft,BOS,8485496,3,0.0026326728984713554,0.002289178781211376,0,-0.0174,0.0226
Dalton Bancroft,BOS,8485496,4,0.0026321150362491608,0.002289178781211376,0,-0.0174,0.0226
Dalton Bancroft,BOS,8485496,5,0.0026323418132960796,0.002289178781211376,0,-0.0174,0.0226
Dalton Bancroft,BOS,8485496,6,0.0026324924547225237,0.002289178781211376,0,-0.0174,0.0226
Dalton Bancroft,BOS,8485496,7,0.0026325902435928583,0.002289178781211376,0,-0.0174,0.0226
Dalton Bancroft,BOS,8485496,8,0.002632585121318698,0.002289178781211376,0,-0.0174,0.0226
Oliver Moore,CHI,8484197,0,-0.0009153152350336313,-0.0006560770561918616,0,-0.0209,0.0191
Oliver Moore,CHI,8484197,1,-0.0009147350792773068,-0.0006560770561918616,0,-0.0209,0.0191
Oliver Moore,CHI,8484197,2,-0.0009141791961155832,-0.0006560770561918616,0,-0.0209,0.0191
Oliver Moore,CHI,8484197,3,-0.0009142383933067322,-0.0006560770561918616,0,-0.0209,0.0191
Oliver Moore,CHI,8484197,4,-0.0009148046374320984,-0.0006560770561918616,0,-0.0209,0.0191
Oliver Moore,CHI,8484197,5,-0.0009145846124738455,-0.0006560770561918616,0,-0.0209,0.0191
Oliver Moore,CHI,8484197,6,-0.0009144385112449527,-0.0006560770561918616,0,-0.0209,0.0191
Oliver Moore,CHI,8484197,7,-0.0009143430506810546,-0.0006560770561918616,0,-0.0209,0.0191
Oliver Moore,CHI,8484197,8,-0.0009143494535237551,-0.0006560770561918616,0,-0.0209,0.0191
Martin Misiak,CHI,8484195,0,-0.0002447710430715233,-0.0002556979306973517,0,-0.0202,0.0198
Martin Misiak,CHI,8484195,1,-0.00024418887915089726,-0.0002556979306973517,0,-0.0202,0.0198
Martin Misiak,CHI,8484195,2,-0.00024363046395592391,-0.0002556979306973517,0,-0.0202,0.0198
Martin Misiak,CHI,8484195,3,-0.00024368820595555007,-0.0002556979306973517,0,-0.0202,0.0198
Martin Misiak,CHI,8484195,4,-0.0002442527620587498,-0.0002556979306973517,0,-0.0202,0.0198
Martin Misiak,CHI,8484195,5,-0.0002440317184664309,-0.0002556979306973517,0,-0.0202,0.0198
Martin Misiak,CHI,8484195,6,-0.0002438848023302853,-0.0002556979306973517,0,-0.0202,0.0198
Martin Misiak,CHI,8484195,7,-0.00024378883244935423,-0.0002556979306973517,0,-0.0202,0.0198
Martin Misiak,CHI,8484195,8,-0.0002437950170133263,-0.0002556979306973517,0,-0.0202,0.0198
Zayne Parekh,CGY,8484768,0,0.005071267019957304,0.0032589100301265717,0,-0.0149,0.0251
Zayne Parekh,CGY,8484768,1,0.005071868188679218,0.0032589100301265717,0,-0.0149,0.0251
Zayne Parekh,CGY,8484768,2,0.00507243862375617,0.0032589100301265717,0,-0.0149,0.0251
Zayne Parekh,CGY,8484768,3,0.005072396714240313,0.0032589100301265717,0,-0.0149,0.0251
Zayne Parekh,CGY,8484768,4,0.005071839317679405,0.0032589100301265717,0,-0.0149,0.0251
Zayne Parekh,CGY,8484768,5,0.005072072148323059,0.0032589100301265717,0,-0.0149,0.0251
Zayne Parekh,CGY,8484768,6,0.00507222069427371,0.0032589100301265717,0,-0.0149,0.0251
Zayne Parekh,CGY,8484768,7,0.005072323605418205,0.0032589100301265717,0,-0.0149,0.0251
Zayne Parekh,CGY,8484768,8,0.005072316154837608,0.0032589100301265717,0,-0.0149,0.0251
Matvei Gridin,CGY,8484860,0,-0.0033458564430475235,-0.0018471104558557272,0,-0.0233,0.0167
Matvei Gridin,CGY,8484860,1,-0.003345282981172204,-0.0018471104558557272,0,-0.0233,0.0167
Matvei Gridin,CGY,8484860,2,-0.0033447332680225372,-0.0018471104558557272,0,-0.0233,0.0167
Matvei Gridin,CGY,8484860,3,-0.0033447977621108294,-0.0018471104558557272,0,-0.0233,0.0167
Matvei Gridin,CGY,8484860,4,-0.003345368430018425,-0.0018471104558557272,0,-0.0233,0.0167
Matvei Gridin,CGY,8484860,5,-0.0033451514318585396,-0.0018471104558557272,0,-0.0233,0.0167
Matvei Gridin,CGY,8484860,6,-0.0033450087066739798,-0.0018471104558557272,0,-0.0233,0.0167
Matvei Gridin,CGY,8484860,7,-0.0033449132461100817,-0.0018471104558557272,0,-0.0233,0.0167
Matvei Gridin,CGY,8484860,8,-0.003344921628013253,-0.0018471104558557272,0,-0.0233,0.0167
Luca Pinelli,CBJ,8484214,0,-0.00013250818301457912,-0.00015638732293155044,0,-0.0201,0.0199
Luca Pinelli,CBJ,8484214,1,-0.00013192504411563277,-0.00015638732293155044,0,-0.0201,0.0199
Luca Pinelli,CBJ,8484214,2,-0.00013136622146703303,-0.00015638732293155044,0,-0.0201,0.0199
Luca Pinelli,CBJ,8484214,3,-0.0001314232067670673,-0.00015638732293155044,0,-0.0201,0.0199
Luca Pinelli,CBJ,8484214,4,-0.00013198739907238632,-0.00015638732293155044,0,-0.0201,0.0199
Luca Pinelli,CBJ,8484214,5,-0.00013176600623410195,-0.00015638732293155044,0,-0.0201,0.0199
Luca Pinelli,CBJ,8484214,6,-0.0001316187554039061,-0.00015638732293155044,0,-0.0201,0.0199
Luca Pinelli,CBJ,8484214,7,-0.00013152278552297503,-0.00015638732293155044,0,-0.0201,0.0199
Luca Pinelli,CBJ,8484214,8,-0.0001315288245677948,-0.00015638732293155044,0,-0.0201,0.0199
Axel Sandin-Pellikka,DET,8484223,0,-0.005758590530604124,-0.004081320017576218,0,-0.0258,0.0142
Axel Sandin-Pellikka,DET,8484223,1,-0.005758024286478758,-0.004081320017576218,0,-0.0258,0.0142
Axel Sandin-Pellikka,DET,8484223,2,-0.005757479928433895,-0.004081320017576218,0,-0.0258,0.0142
Axel Sandin-Pellikka,DET,8484223,3,-0.005757548846304417,-0.004081320017576218,0,-0.0258,0.0142
Axel Sandin-Pellikka,DET,8484223,4,-0.0057581220753490925,-0.004081320017576218,0,-0.0258,0.0142
Axel Sandin-Pellikka,DET,8484223,5,-0.005757910665124655,-0.004081320017576218,0,-0.0258,0.0142
Axel Sandin-Pellikka,DET,8484223,6,-0.005757766775786877,-0.004081320017576218,0,-0.0258,0.0142
Axel Sandin-Pellikka,DET,8484223,7,-0.005757675506174564,-0.004081320017576218,0,-0.0258,0.0142
Axel Sandin-Pellikka,DET,8484223,8,-0.005757681094110012,-0.004081320017576218,0,-0.0258,0.0142
Ondrej Becher,DET,8484836,0,-0.000159442366566509,-0.00018022223957814276,0,-0.0202,0.0198
Ondrej Becher,DET,8484836,1,-0.00015885916945990175,-0.00018022223957814276,0,-0.0202,0.0198
Ondrej Becher,DET,8484836,2,-0.0001583003904670477,-0.00018022223957814276,0,-0.0202,0.0198
Ondrej Becher,DET,8484836,3,-0.00015835737576708198,-0.00018022223957814276,0,-0.0202,0.0198
Ondrej Becher,DET,8484836,4,-0.00015892161172814667,-0.00018022223957814276,0,-0.0202,0.0198
Ondrej Becher,DET,8484836,5,-0.00015870014613028616,-0.00018022223957814276,0,-0.0202,0.0198
Ondrej Becher,DET,8484836,6,-0.00015855298261158168,-0.00018022223957814276,0,-0.0202,0.0198
Ondrej Becher,DET,8484836,7,-0.00015845692541915923,-0.00018022223957814276,0,-0.0202,0.0198
Ondrej Becher,DET,8484836,8,-0.00015846305177547038,-0.00018022223957814276,0,-0.0202,0.0198
Ian Mitchell,DET,8480070,0,-4.8064808652270585e-05,-8.167553460225463e-05,0,-0.02,0.02
Ian Mitchell,DET,8480070,1,-4.7481436922680587e-05,-8.167553460225463e-05,0,-0.02,0.02
Ian Mitchell,DET,8480070,2,-4.692217044066638e-05,-8.167553460225463e-05,0,-0.02,0.02
Ian Mitchell,DET,8480070,3,-4.697906842920929e-05,-8.167553460225463e-05,0,-0.02,0.02
Ian Mitchell,DET,8480070,4,-4.754287510877475e-05,-8.167553460225463e-05,0,-0.02,0.02
Ian Mitchell,DET,8480070,5,-4.732147863251157e-05,-8.167553460225463e-05,0,-0.02,0.02
Ian Mitchell,DET,8480070,6,-4.7173954953905195e-05,-8.167553460225463e-05,0,-0.02,0.02
Ian Mitchell,DET,8480070,7,-4.707805419457145e-05,-8.167553460225463e-05,0,-0.02,0.02
Ian Mitchell,DET,8480070,8,-4.708393680630252e-05,-8.167553460225463e-05,0,-0.02,0.02
Sammy Blais,MTL,8478104,0,-0.0004677914548665285,-0.00045303310616873205,0,-0.0205,0.0195
Sammy Blais,MTL,8478104,1,-0.00046720943646505475,-0.00045303310616873205,0,-0.0205,0.0195
Sammy Blais,MTL,8478104,2,-0.0004666518361773342,-0.00045303310616873205,0,-0.0205,0.0195
Sammy Blais,MTL,8478104,3,-0.00046670998563058674,-0.00045303310616873205,0,-0.0205,0.0195
Sammy Blais,MTL,8478104,4,-0.0004672748618759215,-0.00045303310616873205,0,-0.0205,0.0195
Sammy Blais,MTL,8478104,5,-0.0004670540220104158,-0.00045303310616873205,0,-0.0205,0.0195
Sammy Blais,MTL,8478104,6,-0.0004669074551202357,-0.00045303310616873205,0,-0.0205,0.0195
Sammy Blais,MTL,8478104,7,-0.0004668115288950503,-0.00045303310616873205,0,-0.0205,0.0195
Sammy Blais,MTL,8478104,8,-0.00046681775711476803,-0.00045303310616873205,0,-0.0205,0.0195
Sean Farrell,MTL,8482081,0,-0.000338052079314366,-0.0003382472204975784,0,-0.0203,0.0197
Sean Farrell,MTL,8482081,1,-0.0003374697989784181,-0.0003382472204975784,0,-0.0203,0.0197
Sean Farrell,MTL,8482081,2,-0.00033691152930259705,-0.0003382472204975784,0,-0.0203,0.0197
Sean Farrell,MTL,8482081,3,-0.00033696924219839275,-0.0003382472204975784,0,-0.0203,0.0197
Sean Farrell,MTL,8482081,4,-0.0003375338274054229,-0.0003382472204975784,0,-0.0203,0.0197
Sean Farrell,MTL,8482081,5,-0.00033731278381310403,-0.0003382472204975784,0,-0.0203,0.0197
Sean Farrell,MTL,8482081,6,-0.00033716580946929753,-0.0003382472204975784,0,-0.0203,0.0197
Sean Farrell,MTL,8482081,7,-0.0003370700287632644,-0.0003382472204975784,0,-0.0203,0.0197
Sean Farrell,MTL,8482081,8,-0.0003370760241523385,-0.0003382472204975784,0,-0.0203,0.0197
Riley Kidney,MTL,8482828,0,0.00248692836612463,0.002161195036023855,0,-0.0175,0.0225
Riley Kidney,MTL,8482828,1,0.00248752161860466,0.002161195036023855,0,-0.0175,0.0225
Riley Kidney,MTL,8482828,2,0.0024880897253751755,0.002161195036023855,0,-0.0175,0.0225
Riley Kidney,MTL,8482828,3,0.002488040365278721,0.002161195036023855,0,-0.0175,0.0225
Riley Kidney,MTL,8482828,4,0.002487482037395239,0.002161195036023855,0,-0.0175,0.0225
Riley Kidney,MTL,8482828,5,0.0024877088144421577,0.002161195036023855,0,-0.0175,0.0225
Riley Kidney,MTL,8482828,6,0.002487859223037958,0.002161195036023855,0,-0.0175,0.0225
Riley Kidney,MTL,8482828,7,0.00248795747756958,0.002161195036023855,0,-0.0175,0.0225
Riley Kidney,MTL,8482828,8,0.0024879518896341324,0.002161195036023855,0,-0.0175,0.0225
Tyler Thorpe,MTL,8484533,0,-8.693806012161076e-05,-0.00011606305633904412,0,-0.0201,0.0199
Tyler Thorpe,MTL,8484533,1,-8.635477570351213e-05,-0.00011606305633904412,0,-0.0201,0.0199
Tyler Thorpe,MTL,8484533,2,-8.579598943470046e-05,-0.00011606305633904412,0,-0.0201,0.0199
Tyler Thorpe,MTL,8484533,3,-8.585284376749769e-05,-0.00011606305633904412,0,-0.0201,0.0199
Tyler Thorpe,MTL,8484533,4,-8.641707245260477e-05,-0.00011606305633904412,0,-0.0201,0.0199
Tyler Thorpe,MTL,8484533,5,-8.61955777509138e-05,-0.00011606305633904412,0,-0.0201,0.0199
Tyler Thorpe,MTL,8484533,6,-8.604838512837887e-05,-0.00011606305633904412,0,-0.0201,0.0199
Tyler Thorpe,MTL,8484533,7,-8.595231338404119e-05,-0.00011606305633904412,0,-0.0201,0.0199
Tyler Thorpe,MTL,8484533,8,-8.595841791247949e-05,-0.00011606305633904412,0,-0.0201,0.0199
Cole O'Hara,NSH,8483696,0,-0.0004180032410658896,-0.00040897331200540066,0,-0.0204,0.0196
Cole O'Hara,NSH,8483696,1,-0.00041742133907973766,-0.00040897331200540066,0,-0.0204,0.0196
Cole O'Hara,NSH,8483696,2,-0.0004168637387920171,-0.00040897331200540066,0,-0.0204,0.0196
Cole O'Hara,NSH,8483696,3,-0.00041692162631079555,-0.00040897331200540066,0,-0.0204,0.0196
Cole O'Hara,NSH,8483696,4,-0.00041748673538677394,-0.00040897331200540066,0,-0.0204,0.0196
Cole O'Hara,NSH,8483696,5,-0.0004172658664174378,-0.00040897331200540066,0,-0.0204,0.0196
Cole O'Hara,NSH,8483696,6,-0.0004171191540081054,-0.00040897331200540066,0,-0.0204,0.0196
Cole O'Hara,NSH,8483696,7,-0.00041702334419824183,-0.00040897331200540066,0,-0.0204,0.0196
Cole O'Hara,NSH,8483696,8,-0.0004170296306256205,-0.00040897331200540066,0,-0.0204,0.0196
Ryan Ufko,NSH,8482715,0,-0.0012730236630886793,-0.0007704307790845633,0,-0.0213,0.0187
Ryan Ufko,NSH,8482715,1,-0.0012724441476166248,-0.0007704307790845633,0,-0.0213,0.0187
Ryan Ufko,NSH,8482715,2,-0.0012718881480395794,-0.0007704307790845633,0,-0.0213,0.0187
Ryan Ufko,NSH,8482715,3,-0.0012719477526843548,-0.0007704307790845633,0,-0.0213,0.0187
Ryan Ufko,NSH,8482715,4,-0.0012725136475637555,-0.0007704307790845633,0,-0.0213,0.0187
Ryan Ufko,NSH,8482715,5,-0.00127229408826679,-0.0007704307790845633,0,-0.0213,0.0187
Ryan Ufko,NSH,8482715,6,-0.0012721477542072535,-0.0007704307790845633,0,-0.0213,0.0187
Ryan Ufko,NSH,8482715,7,-0.0012720527593046427,-0.0007704307790845633,0,-0.0213,0.0187
Ryan Ufko,NSH,8482715,8,-0.0012720588129013777,-0.0007704307790845633,0,-0.0213,0.0187
Spencer Stastney,EDM,8481056,0,-0.00079576694406569,-0.0005994793027639389,0,-0.0208,0.0192
Spencer Stastney,EDM,8481056,1,-0.0007951867301017046,-0.0005994793027639389,0,-0.0208,0.0192
Spencer Stastney,EDM,8481056,2,-0.0007946306141093373,-0.0005994793027639389,0,-0.0208,0.0192
Spencer Stastney,EDM,8481056,3,-0.0007946895784698427,-0.0005994793027639389,0,-0.0208,0.0192
Spencer Stastney,EDM,8481056,4,-0.000795255764387548,-0.0005994793027639389,0,-0.0208,0.0192
Spencer Stastney,EDM,8481056,5,-0.0007950356230139732,-0.0005994793027639389,0,-0.0208,0.0192
Spencer Stastney,EDM,8481056,6,-0.0007948894635774195,-0.0005994793027639389,0,-0.0208,0.0192
Spencer Stastney,EDM,8481056,7,-0.0007947939448058605,-0.0005994793027639389,0,-0.0208,0.0192
Spencer Stastney,EDM,8481056,8,-0.000794800347648561,-0.0005994793027639389,0,-0.0208,0.0192
Graeme Clarke,WSH,8481578,0,-0.0001973110338440165,-0.0002137210831278935,0,-0.0202,0.0198
Graeme Clarke,WSH,8481578,1,-0.0001967282296391204,-0.0002137210831278935,0,-0.0202,0.0198
Graeme Clarke,WSH,8481578,2,-0.00019616956706158817,-0.0002137210831278935,0,-0.0202,0.0198
Graeme Clarke,WSH,8481578,3,-0.00019622687250375748,-0.0002137210831278935,0,-0.0202,0.0198
Graeme Clarke,WSH,8481578,4,-0.00019679113756865263,-0.0002137210831278935,0,-0.0202,0.0198
Graeme Clarke,WSH,8481578,5,-0.0001965699775610119,-0.0002137210831278935,0,-0.0202,0.0198
Graeme Clarke,WSH,8481578,6,-0.00019642272673081607,-0.0002137210831278935,0,-0.0202,0.0198
Graeme Clarke,WSH,8481578,7,-0.00019632690236903727,-0.0002137210831278935,0,-0.0202,0.0198
Graeme Clarke,WSH,8481578,8,-0.00019633289775811136,-0.0002137210831278935,0,-0.0202,0.0198
Aydar Suniev,CGY,8484234,0,-0.0007158452062867582,-0.00043376893154345453,0,-0.0207,0.0193
Aydar Suniev,CGY,8484234,1,-0.0007152636535465717,-0.00043376893154345453,0,-0.0207,0.0193
Aydar Suniev,CGY,8484234,2,-0.000714706489816308,-0.00043376893154345453,0,-0.0207,0.0193
Aydar Suniev,CGY,8484234,3,-0.0007147644646465778,-0.00043376893154345453,0,-0.0207,0.0193
Aydar Suniev,CGY,8484234,4,-0.0007153299520723522,-0.00043376893154345453,0,-0.0207,0.0193
Aydar Suniev,CGY,8484234,5,-0.0007151091704145074,-0.00043376893154345453,0,-0.0207,0.0193
Aydar Suniev,CGY,8484234,6,-0.0007149624871090055,-0.00043376893154345453,0,-0.0207,0.0193
Aydar Suniev,CGY,8484234,7,-0.0007148670265451074,-0.00043376893154345453,0,-0.0207,0.0193
Aydar Suniev,CGY,8484234,8,-0.0007148730219341815,-0.00043376893154345453,0,-0.0207,0.0193
Josiah Slavin,CAR,8481004,0,-0.0003240032237954438,-0.000314677192363888,0,-0.0203,0.0197
Josiah Slavin,CAR,8481004,1,-0.00032342085614800453,-0.000314677192363888,0,-0.0203,0.0197
Josiah Slavin,CAR,8481004,2,-0.0003228628193028271,-0.000314677192363888,0,-0.0203,0.0197
Josiah Slavin,CAR,8481004,3,-0.000322920415783301,-0.000314677192363888,0,-0.0203,0.0197
Josiah Slavin,CAR,8481004,4,-0.000323485117405653,-0.000314677192363888,0,-0.0203,0.0197
Josiah Slavin,CAR,8481004,5,-0.0003232641611248255,-0.000314677192363888,0,-0.0203,0.0197
Josiah Slavin,CAR,8481004,6,-0.0003231170994695276,-0.000314677192363888,0,-0.0203,0.0197
Josiah Slavin,CAR,8481004,7,-0.00032302140607498586,-0.000314677192363888,0,-0.0203,0.0197
Josiah Slavin,CAR,8481004,8,-0.0003230274305678904,-0.000314677192363888,0,-0.0203,0.0197
Alexis Gendron,PHI,8483697,0,-0.0001221425482071936,-0.00014217836724128574,0,-0.0201,0.0199
Alexis Gendron,PHI,8483697,1,-0.00012155943841207772,-0.00014217836724128574,0,-0.0201,0.0199
Alexis Gendron,PHI,8483697,2,-0.00012100063759135082,-0.00014217836724128574,0,-0.0201,0.0199
Alexis Gendron,PHI,8483697,3,-0.0001210576665471308,-0.00014217836724128574,0,-0.0201,0.0199
Alexis Gendron,PHI,8483697,4,-0.00012162188068032265,-0.00014217836724128574,0,-0.0201,0.0199
Alexis Gendron,PHI,8483697,5,-0.00012140045873820782,-0.00014217836724128574,0,-0.0201,0.0199
Alexis Gendron,PHI,8483697,6,-0.00012125328066758811,-0.00014217836724128574,0,-0.0201,0.0199
Alexis Gendron,PHI,8483697,7,-0.0001211572380270809,-0.00014217836724128574,0,-0.0201,0.0199
Alexis Gendron,PHI,8483697,8,-0.0001211633425555192,-0.00014217836724128574,0,-0.0201,0.0199
Denver Barkey,PHI,8484142,0,-0.0024793085176497698,-0.0013396020513027906,0,-0.0225,0.0175
Denver Barkey,PHI,8484142,1,-0.0024869292974472046,-0.0013396020513027906,0,-0.0225,0.0175
Denver Barkey,PHI,8484142,2,-0.002494577318429947,-0.0013396020513027906,1,-0.0225,0.0175
Denver Barkey,PHI,8484142,3,-0.002494638320058584,-0.0013396020513027906,0,-0.0225,0.0175
Denver Barkey,PHI,8484142,4,-0.0024952073581516743,-0.0013396020513027906,0,-0.0225,0.0175
Denver Barkey,PHI,8484142,5,-0.0024949884973466396,-0.0013396020513027906,0,-0.0225,0.0175
Denver Barkey,PHI,8484142,6,-0.0024948441423475742,-0.0013396020513027906,0,-0.0225,0.0175
Denver Barkey,PHI,8484142,7,-0.002494749380275607,-0.0013396020513027906,0,-0.0225,0.0175
Denver Barkey,PHI,8484142,8,-0.0024947558995336294,-0.0013396020513027906,0,-0.0225,0.0175
Ryan Shea,PIT,8478854,0,-0.0008650891249999404,-0.0005780777428299189,0,-0.0209,0.0191
Ryan Shea,PIT,8478854,1,-0.0008645086199976504,-0.0005780777428299189,0,-0.0209,0.0191
Ryan Shea,PIT,8478854,2,-0.0008639518055133522,-0.0005780777428299189,0,-0.0209,0.0191
Ryan Shea,PIT,8478854,3,-0.0008640107116661966,-0.0005780777428299189,0,-0.0209,0.0191
Ryan Shea,PIT,8478854,4,-0.0008645764319226146,-0.0005780777428299189,0,-0.0209,0.0191
Ryan Shea,PIT,8478854,5,-0.0008643560577183962,-0.0005780777428299189,0,-0.0209,0.0191
Ryan Shea,PIT,8478854,6,-0.0008642097236588597,-0.0005780777428299189,0,-0.0209,0.0191
Ryan Shea,PIT,8478854,7,-0.0008641143213026226,-0.0005780777428299189,0,-0.0209,0.0191
Ryan Shea,PIT,8478854,8,-0.0008641203748993576,-0.0005780777428299189,0,-0.0209,0.0191
Egor Afanasyev,SJS,8481585,0,0.002306538401171565,0.0019332662923261523,0,-0.0177,0.0223
Egor Afanasyev,SJS,8481585,1,0.002307130489498377,0.0019332662923261523,0,-0.0177,0.0223
Egor Afanasyev,SJS,8481585,2,0.0023076976649463177,0.0019332662923261523,0,-0.0177,0.0223
Egor Afanasyev,SJS,8481585,3,0.00230764620937407,0.0019332662923261523,0,-0.0177,0.0223
Egor Afanasyev,SJS,8481585,4,0.0023070890456438065,0.0019332662923261523,0,-0.0177,0.0223
Egor Afanasyev,SJS,8481585,5,0.002307313960045576,0.0019332662923261523,0,-0.0177,0.0223
Egor Afanasyev,SJS,8481585,6,0.0023074643686413765,0.0019332662923261523,0,-0.0177,0.0223
Egor Afanasyev,SJS,8481585,7,0.002307562157511711,0.0019332662923261523,0,-0.0177,0.0223
Egor Afanasyev,SJS,8481585,8,0.0023075563367456198,0.0019332662923261523,0,-0.0177,0.0223
Ethan Cardwell,SJS,8482206,0,-0.0016556275077164173,-0.0014526088489219546,0,-0.0217,0.0183
Ethan Cardwell,SJS,8482206,1,-0.0016550503205507994,-0.0014526088489219546,0,-0.0217,0.0183
Ethan Cardwell,SJS,8482206,2,-0.001654496998526156,-0.0014526088489219546,0,-0.0217,0.0183
Ethan Cardwell,SJS,8482206,3,-0.0016545585822314024,-0.0014526088489219546,0,-0.0217,0.0183
Ethan Cardwell,SJS,8482206,4,-0.001655126572586596,-0.0014526088489219546,0,-0.0217,0.0183
Ethan Cardwell,SJS,8482206,5,-0.0016549081774428487,-0.0014526088489219546,0,-0.0217,0.0183
Ethan Cardwell,SJS,8482206,6,-0.001654762658290565,-0.0014526088489219546,0,-0.0217,0.0183
Ethan Cardwell,SJS,8482206,7,-0.0016546683618798852,-0.0014526088489219546,0,-0.0217,0.0183
Ethan Cardwell,SJS,8482206,8,-0.001654674531891942,-0.0014526088489219546,0,-0.0217,0.0183
Andrew Cristall,WSH,8484159,0,0.002692474750801921,0.002263045171275735,0,-0.0173,0.0227
Andrew Cristall,WSH,8484159,1,0.002693069400265813,0.002263045171275735,0,-0.0173,0.0227
Andrew Cristall,WSH,8484159,2,0.0026936379726976156,0.002263045171275735,0,-0.0173,0.0227
Andrew Cristall,WSH,8484159,3,0.002693588612601161,0.002263045171275735,0,-0.0173,0.0227
Andrew Cristall,WSH,8484159,4,0.0026930314488708973,0.002263045171275735,0,-0.0173,0.0227
Andrew Cristall,WSH,8484159,5,0.0026932579930871725,0.002263045171275735,0,-0.0173,0.0227
Andrew Cristall,WSH,8484159,6,0.002693409565836191,0.002263045171275735,0,-0.0173,0.0227
Andrew Cristall,WSH,8484159,7,0.002693507354706526,0.002263045171275735,0,-0.0173,0.0227
Andrew Cristall,WSH,8484159,8,0.00269350316375494,0.002263045171275735,0,-0.0173,0.0227
Jonathan Toews,WPG,8473604,0,0.004356208257377148,0.002464096527546644,0,-0.0156,0.0244
Jonathan Toews,WPG,8473604,1,0.004356803372502327,0.002464096527546644,0,-0.0156,0.0244
Jonathan Toews,WPG,8473604,2,0.004357375204563141,0.002464096527546644,0,-0.0156,0.0244
Jonathan Toews,WPG,8473604,3,0.004357327241450548,0.002464096527546644,0,-0.0156,0.0244
Jonathan Toews,WPG,8473604,4,0.004356770776212215,0.002464096527546644,0,-0.0156,0.0244
Jonathan Toews,WPG,8473604,5,0.0043569994159042835,0.002464096527546644,0,-0.0156,0.0244
Jonathan Toews,WPG,8473604,6,0.004357150290161371,0.002464096527546644,0,-0.0156,0.0244
Jonathan Toews,WPG,8473604,7,0.0043572490103542805,0.002464096527546644,0,-0.0156,0.0244
Jonathan Toews,WPG,8473604,8,0.004357244353741407,0.002464096527546644,0,-0.0156,0.0244
Carl Grundstrom,PHI,8479336,0,-0.0013476383173838258,-0.0009355059009976685,0,-0.0213,0.0187
Carl Grundstrom,PHI,8479336,1,-0.0013470595004037023,-0.0009355059009976685,0,-0.0213,0.0187
Carl Grundstrom,PHI,8479336,2,-0.0013465048978105187,-0.0009355059009976685,0,-0.0213,0.0187
Carl Grundstrom,PHI,8479336,3,-0.0013465650845319033,-0.0009355059009976685,0,-0.0213,0.0187
Carl Grundstrom,PHI,8479336,4,-0.0013471320271492004,-0.0009355059009976685,0,-0.0213,0.0187
Carl Grundstrom,PHI,8479336,5,-0.0013469129335135221,-0.0009355059009976685,0,-0.0213,0.0187
Carl Grundstrom,PHI,8479336,6,-0.0013467671815305948,-0.0009355059009976685,0,-0.0213,0.0187
Carl Grundstrom,PHI,8479336,7,-0.0013466720702126622,-0.0009355059009976685,0,-0.0213,0.0187
Carl Grundstrom,PHI,8479336,8,-0.0013466785894706845,-0.0009355059009976685,0,-0.0213,0.0187
Ryan Winterton,SEA,8482751,0,0.0013472165446728468,0.0014400177169591188,0,-0.0187,0.0213
Ryan Winterton,SEA,8482751,1,0.0013478059554472566,0.0014400177169591188,0,-0.0187,0.0213
Ryan Winterton,SEA,8482751,2,0.0013483705697581172,0.0014400177169591188,0,-0.0187,0.0213
Ryan Winterton,SEA,8482751,3,0.0013483179500326514,0.0014400177169591188,0,-0.0187,0.0213
Ryan Winterton,SEA,8482751,4,0.0013477579923346639,0.0014400177169591188,0,-0.0187,0.0213
Ryan Winterton,SEA,8482751,5,0.0013479819754138589,0.0014400177169591188,0,-0.0187,0.0213
Ryan Winterton,SEA,8482751,6,0.0013481316855177283,0.0014400177169591188,0,-0.0187,0.0213
Ryan Winterton,SEA,8482751,7,0.0013482285430654883,0.0014400177169591188,0,-0.0187,0.0213
Ryan Winterton,SEA,8482751,8,0.0013482231879606843,0.0014400177169591188,0,-0.0187,0.0213
Avery Hayes,PIT,8482993,0,0.0016455450095236301,0.0016018475871533155,0,-0.0184,0.0216
Avery Hayes,PIT,8482993,1,0.001646135002374649,0.0016018475871533155,0,-0.0184,0.0216
Avery Hayes,PIT,8482993,2,0.0016466996166855097,0.0016018475871533155,0,-0.0184,0.0216
Avery Hayes,PIT,8482993,3,0.0016466479282826185,0.0016018475871533155,0,-0.0184,0.0216
Avery Hayes,PIT,8482993,4,0.0016460870392620564,0.0016018475871533155,0,-0.0184,0.0216
Avery Hayes,PIT,8482993,5,0.0016463124193251133,0.0016018475871533155,0,-0.0184,0.0216
Avery Hayes,PIT,8482993,6,0.0016464614309370518,0.0016018475871533155,0,-0.0184,0.0216
Avery Hayes,PIT,8482993,7,0.0016465591033920646,0.0016018475871533155,0,-0.0184,0.0216
Avery Hayes,PIT,8482993,8,0.001646553399041295,0.0016018475871533155,0,-0.0184,0.0216
Filip Hallander,PIT,8480842,0,-9.408580808667466e-06,-4.583951158565469e-05,0,-0.02,0.02
Filip Hallander,PIT,8480842,1,-8.825012628221884e-06,-4.583951158565469e-05,0,-0.02,0.02
Filip Hallander,PIT,8480842,2,-8.265913493232802e-06,-4.583951158565469e-05,0,-0.02,0.02
Filip Hallander,PIT,8480842,3,-8.322625944856554e-06,-4.583951158565469e-05,0,-0.02,0.02
Filip Hallander,PIT,8480842,4,-8.886610885383561e-06,-4.583951158565469e-05,0,-0.02,0.02
Filip Hallander,PIT,8480842,5,-8.665025234222412e-06,-4.583951158565469e-05,0,-0.02,0.02
Filip Hallander,PIT,8480842,6,-8.517679816577584e-06,-4.583951158565469e-05,0,-0.02,0.02
Filip Hallander,PIT,8480842,7,-8.421618986176327e-06,-4.583951158565469e-05,0,-0.02,0.02
Filip Hallander,PIT,8480842,8,-8.427639841102064e-06,-4.583951158565469e-05,0,-0.02,0.02
Max Shabanov,NYI,8485702,0,0.0006228560814633965,0.0010735309915617108,0,-0.0194,0.0206
Max Shabanov,NYI,8485702,1,0.0006234436295926571,0.0010735309915617108,0,-0.0194,0.0206
Max Shabanov,NYI,8485702,2,0.000624006032012403,0.0010735309915617108,0,-0.0194,0.0206
Max Shabanov,NYI,8485702,3,0.0006239520735107362,0.0010735309915617108,0,-0.0194,0.0206
Max Shabanov,NYI,8485702,4,0.0006233903695829213,0.0010735309915617108,0,-0.0194,0.0206
Max Shabanov,NYI,8485702,5,0.0006236137705855072,0.0010735309915617108,0,-0.0194,0.0206
Max Shabanov,NYI,8485702,6,0.0006237624329514802,0.0010735309915617108,0,-0.0194,0.0206
Max Shabanov,NYI,8485702,7,0.0006238591740839183,0.0010735309915617108,0,-0.0194,0.0206
Max Shabanov,NYI,8485702,8,0.0006238534115254879,0.0010735309915617108,0,-0.0194,0.0206
Jacob Bryson,BUF,8480196,0,-0.00010389721137471497,-0.00012658251216635108,0,-0.0201,0.0199
Jacob Bryson,BUF,8480196,1,-0.00010331407247576863,-0.00012658251216635108,0,-0.0201,0.0199
Jacob Bryson,BUF,8480196,2,-0.00010275532986270264,-0.00012658251216635108,0,-0.0201,0.0199
Jacob Bryson,BUF,8480196,3,-0.00010281238792231306,-0.00012658251216635108,0,-0.0201,0.0199
Jacob Bryson,BUF,8480196,4,-0.00010337661660742015,-0.00012658251216635108,0,-0.0201,0.0199
Jacob Bryson,BUF,8480196,5,-0.00010315522376913577,-0.00012658251216635108,0,-0.0201,0.0199
Jacob Bryson,BUF,8480196,6,-0.00010300803114660084,-0.00012658251216635108,0,-0.0201,0.0199
Jacob Bryson,BUF,8480196,7,-0.0001029120321618393,-0.00012658251216635108,0,-0.0201,0.0199
Jacob Bryson,BUF,8480196,8,-0.00010291812213836238,-0.00012658251216635108,0,-0.0201,0.0199
David Tomasek,,8485493,0,-0.0023366082459688187,-0.001934174681082368,0,-0.0223,0.0177
David Tomasek,,8485493,1,-0.0023360331542789936,-0.001934174681082368,0,-0.0223,0.0177
David Tomasek,,8485493,2,-0.002335482742637396,-0.001934174681082368,0,-0.0223,0.0177
David Tomasek,,8485493,3,-0.0023355460725724697,-0.001934174681082368,0,-0.0223,0.0177
David Tomasek,,8485493,4,-0.0023361151106655598,-0.001934174681082368,0,-0.0223,0.0177
David Tomasek,,8485493,5,-0.0023358978796750307,-0.001934174681082368,0,-0.0223,0.0177
David Tomasek,,8485493,6,-0.0023357542231678963,-0.001934174681082368,0,-0.0223,0.0177
David Tomasek,,8485493,7,-0.0023356592282652855,-0.001934174681082368,0,-0.0223,0.0177
David Tomasek,,8485493,8,-0.0023356664460152388,-0.001934174681082368,0,-0.0223,0.0177
Tristen Nielsen,COL,8483039,0,0.0021366216242313385,0.0017880540108308196,0,-0.0179,0.0221
Tristen Nielsen,COL,8483039,1,0.002137213246896863,0.0017880540108308196,0,-0.0179,0.0221
Tristen Nielsen,COL,8483039,2,0.002137779491022229,0.0017880540108308196,0,-0.0179,0.0221
Tristen Nielsen,COL,8483039,3,0.0021377291996032,0.0017880540108308196,0,-0.0179,0.0221
Tristen Nielsen,COL,8483039,4,0.002137168776243925,0.0017880540108308196,0,-0.0179,0.0221
Tristen Nielsen,COL,8483039,5,0.0021373957861214876,0.0017880540108308196,0,-0.0179,0.0221
Tristen Nielsen,COL,8483039,6,0.0021375452633947134,0.0017880540108308196,0,-0.0179,0.0221
Tristen Nielsen,COL,8483039,7,0.0021376432850956917,0.0017880540108308196,0,-0.0179,0.0221
Tristen Nielsen,COL,8483039,8,0.0021376374643296003,0.0017880540108308196,0,-0.0179,0.0221
Lenni Hameenaho,NJD,8484177,0,0.001905077020637691,0.0017747529782354832,0,-0.0181,0.0219
Lenni Hameenaho,NJD,8484177,1,0.0019056694582104683,0.0017747529782354832,0,-0.0181,0.0219
Lenni Hameenaho,NJD,8484177,2,0.0019062351202592254,0.0017747529782354832,0,-0.0181,0.0219
Lenni Hameenaho,NJD,8484177,3,0.001906184945255518,0.0017747529782354832,0,-0.0181,0.0219
Lenni Hameenaho,NJD,8484177,4,0.0019056253368034959,0.0017747529782354832,0,-0.0181,0.0219
Lenni Hameenaho,NJD,8484177,5,0.001905851298943162,0.0017747529782354832,0,-0.0181,0.0219
Lenni Hameenaho,NJD,8484177,6,0.0019060010090470314,0.0017747529782354832,0,-0.0181,0.0219
Lenni Hameenaho,NJD,8484177,7,0.0019060985650867224,0.0017747529782354832,0,-0.0181,0.0219
Lenni Hameenaho,NJD,8484177,8,0.001906093442812562,0.0017747529782354832,0,-0.0181,0.0219
Michael Eyssimont,BOS,8479591,0,0.00028158421628177166,0.00034015969140455127,0,-0.0197,0.0203
Michael Eyssimont,BOS,8479591,1,0.00028216969803906977,0.00034015969140455127,0,-0.0197,0.0203
Michael Eyssimont,BOS,8479591,2,0.0002827304124366492,0.00034015969140455127,0,-0.0197,0.0203
Michael Eyssimont,BOS,8479591,3,0.00028267514426261187,0.00034015969140455127,0,-0.0197,0.0203
Michael Eyssimont,BOS,8479591,4,0.0002821122179739177,0.00034015969140455127,0,-0.0197,0.0203
Michael Eyssimont,BOS,8479591,5,0.00028233477496542037,0.00034015969140455127,0,-0.0197,0.0203
Michael Eyssimont,BOS,8479591,6,0.00028248270973563194,0.00034015969140455127,0,-0.0197,0.0203
Michael Eyssimont,BOS,8479591,7,0.00028257915982976556,0.00034015969140455127,0,-0.0197,0.0203
Michael Eyssimont,BOS,8479591,8,0.00028257325175218284,0.00034015969140455127,0,-0.0197,0.0203
Otto Stenberg,STL,8484230,0,0.001982687506824732,0.001882915385067463,0,-0.018,0.022
Otto Stenberg,STL,8484230,1,0.0019832795951515436,0.001882915385067463,0,-0.018,0.022
Otto Stenberg,STL,8484230,2,0.0019838460721075535,0.001882915385067463,0,-0.018,0.022
Otto Stenberg,STL,8484230,3,0.001983795315027237,0.001882915385067463,0,-0.018,0.022
Otto Stenberg,STL,8484230,4,0.0019832365214824677,0.001882915385067463,0,-0.018,0.022
Otto Stenberg,STL,8484230,5,0.0019834621343761683,0.001882915385067463,0,-0.018,0.022
Otto Stenberg,STL,8484230,6,0.001983612310141325,0.001882915385067463,0,-0.018,0.022
Otto Stenberg,STL,8484230,7,0.001983709866181016,0.001882915385067463,0,-0.018,0.022
Otto Stenberg,STL,8484230,8,0.0019837049767374992,0.001882915385067463,0,-0.018,0.022
Nick Leddy,SJS,8475181,0,-0.00029487311257980764,-0.00028259254759177566,0,-0.0203,0.0197
Nick Leddy,SJS,8475181,1,-0.0002942908904515207,-0.00028259254759177566,0,-0.0203,0.0197
Nick Leddy,SJS,8475181,2,-0.0002937327662948519,-0.00028259254759177566,0,-0.0203,0.0197
Nick Leddy,SJS,8475181,3,-0.0002937904209829867,-0.00028259254759177566,0,-0.0203,0.0197
Nick Leddy,SJS,8475181,4,-0.0002943550352938473,-0.00028259254759177566,0,-0.0203,0.0197
Nick Leddy,SJS,8475181,5,-0.0002941341372206807,-0.00028259254759177566,0,-0.0203,0.0197
Nick Leddy,SJS,8475181,6,-0.0002939871046692133,-0.00028259254759177566,0,-0.0203,0.0197
Nick Leddy,SJS,8475181,7,-0.00029389129485934973,-0.00028259254759177566,0,-0.0203,0.0197
Nick Leddy,SJS,8475181,8,-0.00029389740666374564,-0.00028259254759177566,0,-0.0203,0.0197
Jack Finley,STL,8482090,0,-0.00037821847945451736,-0.000298848346574232,0,-0.0204,0.0196
Jack Finley,STL,8482090,1,-0.0003776364028453827,-0.000298848346574232,0,-0.0204,0.0196
Jack Finley,STL,8482090,2,-0.00037707839510403574,-0.000298848346574232,0,-0.0204,0.0196
Jack Finley,STL,8482090,3,-0.00037713631172664464,-0.000298848346574232,0,-0.0204,0.0196
Jack Finley,STL,8482090,4,-0.0003777009842451662,-0.000298848346574232,0,-0.0204,0.0196
Jack Finley,STL,8482090,5,-0.0003774802607949823,-0.000298848346574232,0,-0.0204,0.0196
Jack Finley,STL,8482090,6,-0.00037733319913968444,-0.000298848346574232,0,-0.0204,0.0196
Jack Finley,STL,8482090,7,-0.00037723753484897316,-0.000298848346574232,0,-0.0204,0.0196
Jack Finley,STL,8482090,8,-0.00037724353023804724,-0.000298848346574232,0,-0.0204,0.0196
Travis Hamonic,DET,8474612,0,-0.00012766927829943597,-0.0001420444605173543,0,-0.0201,0.0199
Travis Hamonic,DET,8474612,1,-0.00012708608119282871,-0.0001420444605173543,0,-0.0201,0.0199
Travis Hamonic,DET,8474612,2,-0.0001265273313038051,-0.0001420444605173543,0,-0.0201,0.0199
Travis Hamonic,DET,8474612,3,-0.0001265843166038394,-0.0001420444605173543,0,-0.0201,0.0199
Travis Hamonic,DET,8474612,4,-0.0001271485089091584,-0.0001420444605173543,0,-0.0201,0.0199
Travis Hamonic,DET,8474612,5,-0.0001269271451747045,-0.0001420444605173543,0,-0.0201,0.0199
Travis Hamonic,DET,8474612,6,-0.00012677989434450865,-0.0001420444605173543,0,-0.0201,0.0199
Travis Hamonic,DET,8474612,7,-0.0001266839390154928,-0.0001420444605173543,0,-0.0201,0.0199
Travis Hamonic,DET,8474612,8,-0.00012668996350839734,-0.0001420444605173543,0,-0.0201,0.0199
Haydn Fleury,WPG,8477938,0,-0.00022159668151289225,-0.00021965522319078445,0,-0.0202,0.0198
Haydn Fleury,WPG,8477938,1,-0.00022101409558672458,-0.00021965522319078445,0,-0.0202,0.0198
Haydn Fleury,WPG,8477938,2,-0.000220455665839836,-0.00021965522319078445,0,-0.0202,0.0198
Haydn Fleury,WPG,8477938,3,-0.0002205131750088185,-0.00021965522319078445,0,-0.0202,0.0198
Haydn Fleury,WPG,8477938,4,-0.0002210775564890355,-0.00021965522319078445,0,-0.0202,0.0198
Haydn Fleury,WPG,8477938,5,-0.00022085654200054705,-0.00021965522319078445,0,-0.0202,0.0198
Haydn Fleury,WPG,8477938,6,-0.0002207093930337578,-0.00021965522319078445,0,-0.0202,0.0198
Haydn Fleury,WPG,8477938,7,-0.00022061353956814855,-0.00021965522319078445,0,-0.0202,0.0198
Haydn Fleury,WPG,8477938,8,-0.00022061960771679878,-0.00021965522319078445,0,-0.0202,0.0198
Beckett Sennecke,ANA,8484762,0,-0.007890081033110619,-0.004147703293710947,0,-0.0279,0.0121
Beckett Sennecke,ANA,8484762,1,-0.007810418028384447,-0.004147703293710947,0,-0.0278,0.0122
Beckett Sennecke,ANA,8484762,2,-0.007730770856142044,-0.004147703293710947,0,-0.0277,0.0123
Beckett Sennecke,ANA,8484762,3,-0.007651742547750473,-0.004147703293710947,1,-0.0277,0.0123
Beckett Sennecke,ANA,8484762,4,-0.007564988918602467,-0.004147703293710947,1,-0.0276,0.0124
Beckett Sennecke,ANA,8484762,5,-0.007564775180071592,-0.004147703293710947,0,-0.0276,0.0124
Beckett Sennecke,ANA,8484762,6,-0.007564633619040251,-0.004147703293710947,0,-0.0276,0.0124
Beckett Sennecke,ANA,8484762,7,-0.007564540486782789,-0.004147703293710947,0,-0.0276,0.0124
Beckett Sennecke,ANA,8484762,8,-0.007564547471702099,-0.004147703293710947,0,-0.0276,0.0124
Danila Yurov,MIN,8483525,0,0.0021677694749087095,0.0008160331635735929,0,-0.0178,0.0222
Danila Yurov,MIN,8483525,1,0.0021346237044781446,0.0008160331635735929,0,-0.0179,0.0221
Danila Yurov,MIN,8483525,2,0.0021014537196606398,0.0008160331635735929,0,-0.0179,0.0221
Danila Yurov,MIN,8483525,3,0.002067665569484234,0.0008160331635735929,2,-0.012,0.0162
Danila Yurov,MIN,8483525,4,0.0020562326535582542,0.0008160331635735929,1,-0.0179,0.0221
Danila Yurov,MIN,8483525,5,0.002056456869468093,0.0008160331635735929,0,-0.0179,0.0221
Danila Yurov,MIN,8483525,6,0.0020566070452332497,0.0008160331635735929,0,-0.0179,0.0221
Danila Yurov,MIN,8483525,7,0.002056703669950366,0.0008160331635735929,0,-0.0179,0.0221
Danila Yurov,MIN,8483525,8,0.0020566987805068493,0.0008160331635735929,0,-0.0179,0.0221
Matthew Schaefer,NYI,8485366,0,0.010223740711808205,0.0060796840116381645,0,-0.0098,0.0302
Matthew Schaefer,NYI,8485366,1,0.010224342346191406,0.0060796840116381645,0,-0.0098,0.0302
Matthew Schaefer,NYI,8485366,2,0.010224925354123116,0.0060796840116381645,0,-0.0098,0.0302
Matthew Schaefer,NYI,8485366,3,0.010224885307252407,0.0060796840116381645,0,-0.0098,0.0302
Matthew Schaefer,NYI,8485366,4,0.010224337689578533,0.0060796840116381645,0,-0.0098,0.0302
Matthew Schaefer,NYI,8485366,5,0.010224567726254463,0.0060796840116381645,0,-0.0098,0.0302
Matthew Schaefer,NYI,8485366,6,0.010224724188446999,0.0060796840116381645,0,-0.0098,0.0302
Matthew Schaefer,NYI,8485366,7,0.010224824771285057,0.0060796840116381645,0,-0.0098,0.0302
Matthew Schaefer,NYI,8485366,8,0.010224821045994759,0.0060796840116381645,0,-0.0098,0.0302
Nikita Nesterenko,ANA,8481754,0,-0.0006622595246881247,-0.0004991314490325749,0,-0.0207,0.0193
Nikita Nesterenko,ANA,8481754,1,-0.0006616779137402773,-0.0004991314490325749,0,-0.0207,0.0193
Nikita Nesterenko,ANA,8481754,2,-0.000661120458971709,-0.0004991314490325749,0,-0.0207,0.0193
Nikita Nesterenko,ANA,8481754,3,-0.0006611783755943179,-0.0004991314490325749,0,-0.0207,0.0193
Nikita Nesterenko,ANA,8481754,4,-0.0006617436301894486,-0.0004991314490325749,0,-0.0207,0.0193
Nikita Nesterenko,ANA,8481754,5,-0.0006615229067392647,-0.0004991314490325749,0,-0.0207,0.0193
Nikita Nesterenko,ANA,8481754,6,-0.0006613761652261019,-0.0004991314490325749,0,-0.0207,0.0193
Nikita Nesterenko,ANA,8481754,7,-0.000661280588246882,-0.0004991314490325749,0,-0.0207,0.0193
Nikita Nesterenko,ANA,8481754,8,-0.000661286583635956,-0.0004991314490325749,0,-0.0207,0.0193
Justin Kirkland,CGY,8477993,0,-5.119119305163622e-05,-7.395142165478319e-05,0,-0.0201,0.0199
Justin Kirkland,CGY,8477993,1,-5.0607741286512464e-05,-7.395142165478319e-05,0,-0.0201,0.0199
Justin Kirkland,CGY,8477993,2,-5.004874401492998e-05,-7.395142165478319e-05,0,-0.0201,0.0199
Justin Kirkland,CGY,8477993,3,-5.0105540140066296e-05,-7.395142165478319e-05,0,-0.0201,0.0199
Justin Kirkland,CGY,8477993,4,-5.0669608754105866e-05,-7.395142165478319e-05,0,-0.0201,0.0199
Justin Kirkland,CGY,8477993,5,-5.04480667586904e-05,-7.395142165478319e-05,0,-0.0201,0.0199
Justin Kirkland,CGY,8477993,6,-5.030073953093961e-05,-7.395142165478319e-05,0,-0.0201,0.0199
Justin Kirkland,CGY,8477993,7,-5.020471508032642e-05,-7.395142165478319e-05,0,-0.0201,0.0199
Justin Kirkland,CGY,8477993,8,-5.021075048716739e-05,-7.395142165478319e-05,0,-0.0201,0.0199
Nick Perbix,NSH,8480246,0,-0.00039172417018562555,-0.00027932782541029155,0,-0.0204,0.0196
Nick Perbix,NSH,8480246,1,-0.00039114238461479545,-0.00027932782541029155,0,-0.0204,0.0196
Nick Perbix,NSH,8480246,2,-0.00039058434776961803,-0.00027932782541029155,0,-0.0204,0.0196
Nick Perbix,NSH,8480246,3,-0.00039064238080754876,-0.00027932782541029155,0,-0.0204,0.0196
Nick Perbix,NSH,8480246,4,-0.00039120716974139214,-0.00027932782541029155,0,-0.0204,0.0196
Nick Perbix,NSH,8480246,5,-0.0003909863589797169,-0.00027932782541029155,0,-0.0204,0.0196
Nick Perbix,NSH,8480246,6,-0.0003908395010512322,-0.00027932782541029155,0,-0.0204,0.0196
Nick Perbix,NSH,8480246,7,-0.00039074369124136865,-0.00027932782541029155,0,-0.0204,0.0196
Nick Perbix,NSH,8480246,8,-0.0003907499194610864,-0.00027932782541029155,0,-0.0204,0.0196
Philippe Myers,TOR,8479026,0,-0.0012023353483527899,-0.0007791836396791041,0,-0.0212,0.0188
Philippe Myers,TOR,8479026,1,-0.0012017558328807354,-0.0007791836396791041,0,-0.0212,0.0188
Philippe Myers,TOR,8479026,2,-0.001201199134811759,-0.0007791836396791041,0,-0.0212,0.0188
Philippe Myers,TOR,8479026,3,-0.0012012587394565344,-0.0007791836396791041,0,-0.0212,0.0188
Philippe Myers,TOR,8479026,4,-0.0012018249835819006,-0.0007791836396791041,0,-0.0212,0.0188
Philippe Myers,TOR,8479026,5,-0.001201604725793004,-0.0007791836396791041,0,-0.0212,0.0188
Philippe Myers,TOR,8479026,6,-0.0012014588573947549,-0.0007791836396791041,0,-0.0212,0.0188
Philippe Myers,TOR,8479026,7,-0.0012013631640002131,-0.0007791836396791041,0,-0.0212,0.0188
Philippe Myers,TOR,8479026,8,-0.0012013697996735573,-0.0007791836396791041,0,-0.0212,0.0188
Charle-Edouard D'Astous,TBL,8480426,0,-0.002650309819728136,-0.001628959085792303,0,-0.0227,0.0173
Charle-Edouard D'Astous,TBL,8480426,1,-0.002649735426530242,-0.001628959085792303,0,-0.0226,0.0174
Charle-Edouard D'Astous,TBL,8480426,2,-0.002649183850735426,-0.001628959085792303,0,-0.0226,0.0174
Charle-Edouard D'Astous,TBL,8480426,3,-0.0026492467150092125,-0.001628959085792303,0,-0.0226,0.0174
Charle-Edouard D'Astous,TBL,8480426,4,-0.0026498157531023026,-0.001628959085792303,0,-0.0226,0.0174
Charle-Edouard D'Astous,TBL,8480426,5,-0.00264959828928113,-0.001628959085792303,0,-0.0226,0.0174
Charle-Edouard D'Astous,TBL,8480426,6,-0.0026494539342820644,-0.001628959085792303,0,-0.0226,0.0174
Charle-Edouard D'Astous,TBL,8480426,7,-0.0026493598707020283,-0.001628959085792303,0,-0.0226,0.0174
Charle-Edouard D'Astous,TBL,8480426,8,-0.0026493666227906942,-0.001628959085792303,0,-0.0226,0.0174
Dominic James,TBL,8483752,0,-0.0012487070634961128,-0.0007142619579099119,0,-0.0212,0.0188
Dominic James,TBL,8483752,1,-0.0012573018902912736,-0.0007142619579099119,1,-0.0213,0.0187
Dominic James,TBL,8483752,2,-0.0012567457742989063,-0.0007142619579099119,0,-0.0213,0.0187
Dominic James,TBL,8483752,3,-0.0012568052625283599,-0.0007142619579099119,0,-0.0213,0.0187
Dominic James,TBL,8483752,4,-0.0012573712738230824,-0.0007142619579099119,0,-0.0213,0.0187
Dominic James,TBL,8483752,5,-0.001257151598110795,-0.0007142619579099119,0,-0.0213,0.0187
Dominic James,TBL,8483752,6,-0.001257004914805293,-0.0007142619579099119,0,-0.0213,0.0187
Dominic James,TBL,8483752,7,-0.0012569102691486478,-0.0007142619579099119,0,-0.0213,0.0187
Dominic James,TBL,8483752,8,-0.0012569157406687737,-0.0007142619579099119,0,-0.0213,0.0187
Parker Ford,WPG,8484135,0,-0.00018622131028678268,-0.000173247855855152,0,-0.0202,0.0198
Parker Ford,WPG,8484135,1,-0.00018563824414741248,-0.000173247855855152,0,-0.0202,0.0198
Parker Ford,WPG,8484135,2,-0.00018507958156988025,-0.000173247855855152,0,-0.0202,0.0198
Parker Ford,WPG,8484135,3,-0.0001851366541814059,-0.000173247855855152,0,-0.0202,0.0198
Parker Ford,WPG,8484135,4,-0.00018570100655779243,-0.000173247855855152,0,-0.0202,0.0198
Parker Ford,WPG,8484135,5,-0.00018547961371950805,-0.000173247855855152,0,-0.0202,0.0198
Parker Ford,WPG,8484135,6,-0.00018533247930463403,-0.000173247855855152,0,-0.0202,0.0198
Parker Ford,WPG,8484135,7,-0.00018523649487178773,-0.000173247855855152,0,-0.0202,0.0198
Parker Ford,WPG,8484135,8,-0.0001852425339166075,-0.000173247855855152,0,-0.0202,0.0198
Justin Hryckowian,DAL,8484829,0,0.0008424979168921709,0.0010957339545711875,0,-0.0192,0.0208
Justin Hryckowian,DAL,8484829,1,0.0008430855232290924,0.0010957339545711875,0,-0.0192,0.0208
Justin Hryckowian,DAL,8484829,2,0.0008436482748948038,0.0010957339545711875,0,-0.0192,0.0208
Justin Hryckowian,DAL,8484829,3,0.0008435947820544243,0.0010957339545711875,0,-0.0192,0.0208
Justin Hryckowian,DAL,8484829,4,0.0008430331945419312,0.0010957339545711875,0,-0.0192,0.0208
Justin Hryckowian,DAL,8484829,5,0.0008432567701674998,0.0010957339545711875,0,-0.0192,0.0208
Justin Hryckowian,DAL,8484829,6,0.0008434054325334728,0.0010957339545711875,0,-0.0192,0.0208
Justin Hryckowian,DAL,8484829,7,0.0008435024064965546,0.0010957339545711875,0,-0.0192,0.0208
Justin Hryckowian,DAL,8484829,8,0.0008434965857304633,0.0010957339545711875,0,-0.0192,0.0208
Tom Willander,VAN,8484240,0,-0.0009464670438319445,-0.0006702514365315437,0,-0.0209,0.0191
Tom Willander,VAN,8484240,1,-0.0009458872373215854,-0.0006702514365315437,0,-0.0209,0.0191
Tom Willander,VAN,8484240,2,-0.0009453308884985745,-0.0006702514365315437,0,-0.0209,0.0191
Tom Willander,VAN,8484240,3,-0.0009453902021050453,-0.0006702514365315437,0,-0.0209,0.0191
Tom Willander,VAN,8484240,4,-0.0009459565626457334,-0.0006702514365315437,0,-0.0209,0.0191
Tom Willander,VAN,8484240,5,-0.0009457363048568368,-0.0006702514365315437,0,-0.0209,0.0191
Tom Willander,VAN,8484240,6,-0.0009455904364585876,-0.0006702514365315437,0,-0.0209,0.0191
Tom Willander,VAN,8484240,7,-0.0009454947430640459,-0.0006702514365315437,0,-0.0209,0.0191
Tom Willander,VAN,8484240,8,-0.00094550137873739,-0.0006702514365315437,0,-0.0209,0.0191
Ryan Greene,CHI,8483450,0,0.0028883437626063824,0.0011854934273287654,0,-0.0171,0.0229
Ryan Greene,CHI,8483450,1,0.0028889335226267576,0.0011854934273287654,0,-0.0171,0.0229
Ryan Greene,CHI,8483450,2,0.0028894993010908365,0.0011854934273287654,0,-0.0171,0.0229
Ryan Greene,CHI,8483450,3,0.0028894473798573017,0.0011854934273287654,0,-0.0171,0.0229
Ryan Greene,CHI,8483450,4,0.002888888120651245,0.0011854934273287654,0,-0.0171,0.0229
Ryan Greene,CHI,8483450,5,0.0028891125693917274,0.0011854934273287654,0,-0.0171,0.0229
Ryan Greene,CHI,8483450,6,0.002889262977987528,0.0011854934273287654,0,-0.0171,0.0229
Ryan Greene,CHI,8483450,7,0.0028893589042127132,0.0011854934273287654,0,-0.0171,0.0229
Ryan Greene,CHI,8483450,8,0.002889355644583702,0.0011854934273287654,0,-0.0171,0.0229
Cam York,PHI,8481546,0,-0.006923280190676451,-0.003508343594148755,0,-0.0269,0.0131
Cam York,PHI,8481546,1,-0.0069288634695112705,-0.003508343594148755,1,-0.0269,0.0131
Cam York,PHI,8481546,2,-0.006931679788976908,-0.003508343594148755,1,-0.0269,0.0131
Cam York,PHI,8481546,3,-0.006931751035153866,-0.003508343594148755,0,-0.0269,0.0131
Cam York,PHI,8481546,4,-0.006932324264198542,-0.003508343594148755,0,-0.0269,0.0131
Cam York,PHI,8481546,5,-0.006932112853974104,-0.003508343594148755,0,-0.0269,0.0131
Cam York,PHI,8481546,6,-0.006931970361620188,-0.003508343594148755,0,-0.0269,0.0131
Cam York,PHI,8481546,7,-0.0069318776950240135,-0.003508343594148755,0,-0.0269,0.0131
Cam York,PHI,8481546,8,-0.006931885611265898,-0.003508343594148755,0,-0.0269,0.0131
Jacob Trouba,ANA,8476885,0,-0.004445555154234171,-0.00253524212166667,0,-0.0244,0.0156
Jacob Trouba,ANA,8476885,1,-0.004444985184818506,-0.00253524212166667,0,-0.0244,0.0156
Jacob Trouba,ANA,8476885,2,-0.004444439429789782,-0.00253524212166667,0,-0.0244,0.0156
Jacob Trouba,ANA,8476885,3,-0.004444504622370005,-0.00253524212166667,0,-0.0244,0.0156
Jacob Trouba,ANA,8476885,4,-0.004445078782737255,-0.00253524212166667,0,-0.0244,0.0156
Jacob Trouba,ANA,8476885,5,-0.004444862250238657,-0.00253524212166667,0,-0.0244,0.0156
Jacob Trouba,ANA,8476885,6,-0.0044447206892073154,-0.00253524212166667,0,-0.0244,0.0156
Jacob Trouba,ANA,8476885,7,-0.004444626625627279,-0.00253524212166667,0,-0.0244,0.0156
Jacob Trouba,ANA,8476885,8,-0.004444633610546589,-0.00253524212166667,0,-0.0244,0.0156
Alexandre Carrier,MTL,8478851,0,-0.0006202205549925566,-0.0003579642507247627,0,-0.0206,0.0194
Alexandre Carrier,MTL,8478851,1,-0.0006278726505115628,-0.0003579642507247627,0,-0.0206,0.0194
Alexandre Carrier,MTL,8478851,2,-0.0006355489022098482,-0.0003579642507247627,1,-0.0206,0.0194
Alexandre Carrier,MTL,8478851,3,-0.0006356069352477789,-0.0003579642507247627,0,-0.0206,0.0194
Alexandre Carrier,MTL,8478851,4,-0.0006361717823892832,-0.0003579642507247627,0,-0.0206,0.0194
Alexandre Carrier,MTL,8478851,5,-0.0006359511171467602,-0.0003579642507247627,0,-0.0206,0.0194
Alexandre Carrier,MTL,8478851,6,-0.0006358042010106146,-0.0003579642507247627,0,-0.0206,0.0194
Alexandre Carrier,MTL,8478851,7,-0.0006357085658237338,-0.0003579642507247627,0,-0.0206,0.0194
Alexandre Carrier,MTL,8478851,8,-0.0006357146776281297,-0.0003579642507247627,0,-0.0206,0.0194
Emil Lilleberg,TBL,8482929,0,-0.00031305282027460635,-0.0002533722436055541,0,-0.0203,0.0197
Emil Lilleberg,TBL,8482929,1,-0.0003124702489003539,-0.0002533722436055541,0,-0.0203,0.0197
Emil Lilleberg,TBL,8482929,2,-0.0003119120665360242,-0.0002533722436055541,0,-0.0203,0.0197
Emil Lilleberg,TBL,8482929,3,-0.00031196954660117626,-0.0002533722436055541,0,-0.0203,0.0197
Emil Lilleberg,TBL,8482929,4,-0.00031253413180820644,-0.0002533722436055541,0,-0.0203,0.0197
Emil Lilleberg,TBL,8482929,5,-0.00031231308821588755,-0.0002533722436055541,0,-0.0203,0.0197
Emil Lilleberg,TBL,8482929,6,-0.00031216602656058967,-0.0002533722436055541,0,-0.0203,0.0197
Emil Lilleberg,TBL,8482929,7,-0.0003120702167507261,-0.0002533722436055541,0,-0.0203,0.0197
Emil Lilleberg,TBL,8482929,8,-0.00031207629945129156,-0.0002533722436055541,0,-0.0203,0.0197
Kyle Capobianco,DAL,8478476,0,-0.0002895810466725379,-0.00022782624000683427,0,-0.0203,0.0197
Kyle Capobianco,DAL,8478476,1,-0.0002889984752982855,-0.00022782624000683427,0,-0.0203,0.0197
Kyle Capobianco,DAL,8478476,2,-0.00028844046755693853,-0.00022782624000683427,0,-0.0203,0.0197
Kyle Capobianco,DAL,8478476,3,-0.0002884979476220906,-0.00022782624000683427,0,-0.0203,0.0197
Kyle Capobianco,DAL,8478476,4,-0.0002890627074521035,-0.00022782624000683427,0,-0.0203,0.0197
Kyle Capobianco,DAL,8478476,5,-0.00028884163475595415,-0.00022782624000683427,0,-0.0203,0.0197
Kyle Capobianco,DAL,8478476,6,-0.0002886946313083172,-0.00022782624000683427,0,-0.0203,0.0197
Kyle Capobianco,DAL,8478476,7,-0.00028859887970611453,-0.00022782624000683427,0,-0.0203,0.0197
Kyle Capobianco,DAL,8478476,8,-0.00028860493330284953,-0.00022782624000683427,0,-0.0203,0.0197
Berkly Catton,SEA,8484800,0,-0.0005667778314091265,-0.0003624006640166044,0,-0.0206,0.0194
Berkly Catton,SEA,8484800,1,-0.0005661962786689401,-0.0003624006640166044,0,-0.0206,0.0194
Berkly Catton,SEA,8484800,2,-0.0005656383582390845,-0.0003624006640166044,0,-0.0206,0.0194
Berkly Catton,SEA,8484800,3,-0.0005656962748616934,-0.0003624006640166044,0,-0.0206,0.0194
Berkly Catton,SEA,8484800,4,-0.0005662612384185195,-0.0003624006640166044,0,-0.0206,0.0194
Berkly Catton,SEA,8484800,5,-0.0005660404567606747,-0.0003624006640166044,0,-0.0206,0.0194
Berkly Catton,SEA,8484800,6,-0.000565893657039851,-0.0003624006640166044,0,-0.0206,0.0194
Berkly Catton,SEA,8484800,7,-0.0005657978472299874,-0.0003624006640166044,0,-0.0206,0.0194
Berkly Catton,SEA,8484800,8,-0.000565804133657366,-0.0003624006640166044,0,-0.0206,0.0194
Riley Tufte,BOS,8479362,0,-0.00039291163557209074,-0.0003014611138496548,0,-0.0204,0.0196
Riley Tufte,BOS,8479362,1,-0.0003923290641978383,-0.0003014611138496548,0,-0.0204,0.0196
Riley Tufte,BOS,8479362,2,-0.000391770969145,-0.0003014611138496548,0,-0.0204,0.0196
Riley Tufte,BOS,8479362,3,-0.00039182844921015203,-0.0003014611138496548,0,-0.0204,0.0196
Riley Tufte,BOS,8479362,4,-0.0003923931217286736,-0.0003014611138496548,0,-0.0204,0.0196
Riley Tufte,BOS,8479362,5,-0.00039217201992869377,-0.0003014611138496548,0,-0.0204,0.0196
Riley Tufte,BOS,8479362,6,-0.00039202504558488727,-0.0003014611138496548,0,-0.0204,0.0196
Riley Tufte,BOS,8479362,7,-0.0003919292357750237,-0.0003014611138496548,0,-0.0204,0.0196
Riley Tufte,BOS,8479362,8,-0.0003919352311640978,-0.0003014611138496548,0,-0.0204,0.0196
Elias Salomonsson,WPG,8483510,0,-0.0009295410127379,-0.0006535734282806516,0,-0.0209,0.0191
Elias Salomonsson,WPG,8483510,1,-0.000928961206227541,-0.0006535734282806516,0,-0.0209,0.0191
Elias Salomonsson,WPG,8483510,2,-0.0009284050320275128,-0.0006535734282806516,0,-0.0209,0.0191
Elias Salomonsson,WPG,8483510,3,-0.00092846475308761,-0.0006535734282806516,0,-0.0209,0.0191
Elias Salomonsson,WPG,8483510,4,-0.000929030473344028,-0.0006535734282806516,0,-0.0209,0.0191
Elias Salomonsson,WPG,8483510,5,-0.0009288110886700451,-0.0006535734282806516,0,-0.0209,0.0191
Elias Salomonsson,WPG,8483510,6,-0.0009286644053645432,-0.0006535734282806516,0,-0.0209,0.0191
Elias Salomonsson,WPG,8483510,7,-0.0009285695850849152,-0.0006535734282806516,0,-0.0209,0.0191
Elias Salomonsson,WPG,8483510,8,-0.0009285755222663283,-0.0006535734282806516,0,-0.0209,0.0191
Alex Steeves,BOS,8482634,0,0.0017316736048087478,0.0012189415283501148,0,-0.0183,0.0217
Alex Steeves,BOS,8482634,1,0.0017264721682295203,0.0012189415283501148,0,-0.0183,0.0217
Alex Steeves,BOS,8482634,2,0.001721245120279491,0.0012189415283501148,1,-0.0183,0.0217
Alex Steeves,BOS,8482634,3,0.0017211930826306343,0.0012189415283501148,0,-0.0183,0.0217
Alex Steeves,BOS,8482634,4,0.001720632310025394,0.0012189415283501148,0,-0.0183,0.0217
Alex Steeves,BOS,8482634,5,0.00172085699159652,0.0012189415283501148,0,-0.0183,0.0217
Alex Steeves,BOS,8482634,6,0.0017210058867931366,0.0012189415283501148,0,-0.0183,0.0217
Alex Steeves,BOS,8482634,7,0.0017211034428328276,0.0012189415283501148,0,-0.0183,0.0217
Alex Steeves,BOS,8482634,8,0.0017210976220667362,0.0012189415283501148,0,-0.0183,0.0217
Ville Koivunen,PIT,8482758,0,0.002527447883039713,0.001767244772054255,0,-0.0175,0.0225
Ville Koivunen,PIT,8482758,1,0.0025280409026890993,0.001767244772054255,0,-0.0175,0.0225
Ville Koivunen,PIT,8482758,2,0.0025286085437983274,0.001767244772054255,0,-0.0175,0.0225
Ville Koivunen,PIT,8482758,3,0.002528558252379298,0.001767244772054255,0,-0.0175,0.0225
Ville Koivunen,PIT,8482758,4,0.0025279992260038853,0.001767244772054255,0,-0.0175,0.0225
Ville Koivunen,PIT,8482758,5,0.002528226003050804,0.001767244772054255,0,-0.0175,0.0225
Ville Koivunen,PIT,8482758,6,0.002528376178815961,0.001767244772054255,0,-0.0175,0.0225
Ville Koivunen,PIT,8482758,7,0.002528474433347583,0.001767244772054255,0,-0.0175,0.0225
Ville Koivunen,PIT,8482758,8,0.002528468845412135,0.001767244772054255,0,-0.0175,0.0225
Louis Crevier,CHI,8481806,0,0.003512679599225521,0.002209592377766967,0,-0.0165,0.0235
Louis Crevier,CHI,8481806,1,0.0035132761113345623,0.002209592377766967,0,-0.0165,0.0235
Louis Crevier,CHI,8481806,2,0.0035138456150889397,0.002209592377766967,0,-0.0165,0.0235
Louis Crevier,CHI,8481806,3,0.003513797651976347,0.002209592377766967,0,-0.0165,0.0235
Louis Crevier,CHI,8481806,4,0.0035132411867380142,0.002209592377766967,0,-0.0165,0.0235
Louis Crevier,CHI,8481806,5,0.003513468662276864,0.002209592377766967,0,-0.0165,0.0235
Louis Crevier,CHI,8481806,6,0.0035136197693645954,0.002209592377766967,0,-0.0165,0.0235
Louis Crevier,CHI,8481806,7,0.0035137191880494356,0.002209592377766967,0,-0.0165,0.0235
Louis Crevier,CHI,8481806,8,0.0035137133672833443,0.002209592377766967,0,-0.0165,0.0235
Declan Carlile,TBL,8483398,0,-0.0008224775665439665,-0.000491343264002353,0,-0.0208,0.0192
Declan Carlile,TBL,8483398,1,-0.000821896770503372,-0.000491343264002353,0,-0.0208,0.0192
Declan Carlile,TBL,8483398,2,-0.0008213403634727001,-0.000491343264002353,0,-0.0208,0.0192
Declan Carlile,TBL,8483398,3,-0.0008213986875489354,-0.000491343264002353,0,-0.0208,0.0192
Declan Carlile,TBL,8483398,4,-0.000821964698843658,-0.000491343264002353,0,-0.0208,0.0192
Declan Carlile,TBL,8483398,5,-0.000821744033601135,-0.000491343264002353,0,-0.0208,0.0192
Declan Carlile,TBL,8483398,6,-0.000821598106995225,-0.000491343264002353,0,-0.0208,0.0192
Declan Carlile,TBL,8483398,7,-0.0008215020643547177,-0.000491343264002353,0,-0.0208,0.0192
Declan Carlile,TBL,8483398,8,-0.0008215088746510446,-0.000491343264002353,0,-0.0208,0.0192
Aleksanteri Kaskimaki,STL,8483463,0,-0.0005106157041154802,-0.00035340985050424933,0,-0.0205,0.0195
Aleksanteri Kaskimaki,STL,8483463,1,-0.0005100335110910237,-0.00035340985050424933,0,-0.0205,0.0195
Aleksanteri Kaskimaki,STL,8483463,2,-0.0005094757652841508,-0.00035340985050424933,0,-0.0205,0.0195
Aleksanteri Kaskimaki,STL,8483463,3,-0.0005095333908684552,-0.00035340985050424933,0,-0.0205,0.0195
Aleksanteri Kaskimaki,STL,8483463,4,-0.0005100982962176204,-0.00035340985050424933,0,-0.0205,0.0195
Aleksanteri Kaskimaki,STL,8483463,5,-0.0005098773399367929,-0.00035340985050424933,0,-0.0205,0.0195
Aleksanteri Kaskimaki,STL,8483463,6,-0.0005097305402159691,-0.00035340985050424933,0,-0.0205,0.0195
Aleksanteri Kaskimaki,STL,8483463,7,-0.0005096347304061055,-0.00035340985050424933,0,-0.0205,0.0195
Aleksanteri Kaskimaki,STL,8483463,8,-0.0005096409586258233,-0.00035340985050424933,0,-0.0205,0.0195
Matthew Robertson,NYR,8481525,0,-4.499106580624357e-05,-5.679523746948689e-05,0,-0.02,0.02
Matthew Robertson,NYR,8481525,1,-4.4407599489204586e-05,-5.679523746948689e-05,0,-0.02,0.02
Matthew Robertson,NYR,8481525,2,-4.3848624045494944e-05,-5.679523746948689e-05,0,-0.02,0.02
Matthew Robertson,NYR,8481525,3,-4.39053910668008e-05,-5.679523746948689e-05,0,-0.02,0.02
Matthew Robertson,NYR,8481525,4,-4.446946695679799e-05,-5.679523746948689e-05,0,-0.02,0.02
Matthew Robertson,NYR,8481525,5,-4.424791768542491e-05,-5.679523746948689e-05,0,-0.02,0.02
Matthew Robertson,NYR,8481525,6,-4.4100641389377415e-05,-5.679523746948689e-05,0,-0.02,0.02
Matthew Robertson,NYR,8481525,7,-4.400456600706093e-05,-5.679523746948689e-05,0,-0.02,0.02
Matthew Robertson,NYR,8481525,8,-4.4010652345605195e-05,-5.679523746948689e-05,0,-0.02,0.02
Tyler Kleven,OTT,8482095,0,-0.0018855129601433873,-0.0010608655866235495,0,-0.0219,0.0181
Tyler Kleven,OTT,8482095,1,-0.001884934026747942,-0.0010608655866235495,0,-0.0219,0.0181
Tyler Kleven,OTT,8482095,2,-0.001884380355477333,-0.0010608655866235495,0,-0.0219,0.0181
Tyler Kleven,OTT,8482095,3,-0.0018844406586140394,-0.0010608655866235495,0,-0.0219,0.0181
Tyler Kleven,OTT,8482095,4,-0.0018850087653845549,-0.0010608655866235495,0,-0.0219,0.0181
Tyler Kleven,OTT,8482095,5,-0.0018847892060875893,-0.0010608655866235495,0,-0.0219,0.0181
Tyler Kleven,OTT,8482095,6,-0.0018846439197659492,-0.0010608655866235495,0,-0.0219,0.0181
Tyler Kleven,OTT,8482095,7,-0.0018845486920326948,-0.0010608655866235495,0,-0.0219,0.0181
Tyler Kleven,OTT,8482095,8,-0.001884555327706039,-0.0010608655866235495,0,-0.0219,0.0181
Gabe Perreault,NYR,8484210,0,0.0020449000876396894,0.001443741493858397,0,-0.018,0.022
Gabe Perreault,NYR,8484210,1,0.0020454907789826393,0.001443741493858397,0,-0.018,0.022
Gabe Perreault,NYR,8484210,2,0.0020460563246160746,0.001443741493858397,0,-0.018,0.022
Gabe Perreault,NYR,8484210,3,0.002046004170551896,0.001443741493858397,0,-0.018,0.022
Gabe Perreault,NYR,8484210,4,0.002045445144176483,0.001443741493858397,0,-0.018,0.022
Gabe Perreault,NYR,8484210,5,0.002045669360086322,0.001443741493858397,0,-0.018,0.022
Gabe Perreault,NYR,8484210,6,0.0020458195358514786,0.001443741493858397,0,-0.018,0.022
Gabe Perreault,NYR,8484210,7,0.0020459170918911695,0.001443741493858397,0,-0.018,0.022
Gabe Perreault,NYR,8484210,8,0.0020459110382944345,0.001443741493858397,0,-0.018,0.022
Rodrigo Abols,PHI,8479022,0,-0.0006126945372670889,-0.0003860127762891352,0,-0.0206,0.0194
Rodrigo Abols,PHI,8479022,1,-0.0006121133919805288,-0.0003860127762891352,0,-0.0206,0.0194
Rodrigo Abols,PHI,8479022,2,-0.000611556286457926,-0.0003860127762891352,0,-0.0206,0.0194
Rodrigo Abols,PHI,8479022,3,-0.0006116147851571441,-0.0003860127762891352,0,-0.0206,0.0194
Rodrigo Abols,PHI,8479022,4,-0.0006121800979599357,-0.0003860127762891352,0,-0.0206,0.0194
Rodrigo Abols,PHI,8479022,5,-0.0006119596655480564,-0.0003860127762891352,0,-0.0206,0.0194
Rodrigo Abols,PHI,8479022,6,-0.0006118131568655372,-0.0003860127762891352,0,-0.0206,0.0194
Rodrigo Abols,PHI,8479022,7,-0.0006117175798863173,-0.0003860127762891352,0,-0.0206,0.0194
Rodrigo Abols,PHI,8479022,8,-0.0006117235170677304,-0.0003860127762891352,0,-0.0206,0.0194
Jack St. Ivany,PIT,8481030,0,-0.0014218693831935525,-0.0008796872571110725,0,-0.0214,0.0186
Jack St. Ivany,PIT,8481030,1,-0.0014212902169674635,-0.0008796872571110725,0,-0.0214,0.0186
Jack St. Ivany,PIT,8481030,2,-0.0014207354979589581,-0.0008796872571110725,0,-0.0214,0.0186
Jack St. Ivany,PIT,8481030,3,-0.0014207958010956645,-0.0008796872571110725,0,-0.0214,0.0186
Jack St. Ivany,PIT,8481030,4,-0.001421362510882318,-0.0008796872571110725,0,-0.0214,0.0186
Jack St. Ivany,PIT,8481030,5,-0.0014211434172466397,-0.0008796872571110725,0,-0.0214,0.0186
Jack St. Ivany,PIT,8481030,6,-0.0014209974324330688,-0.0008796872571110725,0,-0.0214,0.0186
Jack St. Ivany,PIT,8481030,7,-0.0014209027867764235,-0.0008796872571110725,0,-0.0214,0.0186
Jack St. Ivany,PIT,8481030,8,-0.001420908491127193,-0.0008796872571110725,0,-0.0214,0.0186
Igor Chernyshov,SJS,8484994,0,0.011941954493522644,0.005983281414955854,0,-0.0081,0.0319
Igor Chernyshov,SJS,8484994,1,0.011942573823034763,0.005983281414955854,0,-0.0081,0.0319
Igor Chernyshov,SJS,8484994,2,0.011943154968321323,0.005983281414955854,0,-0.0081,0.0319
Igor Chernyshov,SJS,8484994,3,0.011943122372031212,0.005983281414955854,0,-0.0081,0.0319
Igor Chernyshov,SJS,8484994,4,0.011942578479647636,0.005983281414955854,0,-0.0081,0.0319
Igor Chernyshov,SJS,8484994,5,0.01194281131029129,0.005983281414955854,0,-0.0081,0.0319
Igor Chernyshov,SJS,8484994,6,0.011942969635128975,0.005983281414955854,0,-0.0081,0.0319
Igor Chernyshov,SJS,8484994,7,0.011943072080612183,0.005983281414955854,0,-0.0081,0.0319
Igor Chernyshov,SJS,8484994,8,0.01194306742399931,0.005983281414955854,0,-0.0081,0.0319
Liam O'Brien,UTA,8477070,0,-0.00035527843283489347,-0.00023639680875930935,0,-0.0204,0.0196
Liam O'Brien,UTA,8477070,1,-0.00035469583235681057,-0.00023639680875930935,0,-0.0204,0.0196
Liam O'Brien,UTA,8477070,2,-0.0003541377082001418,-0.00023639680875930935,0,-0.0204,0.0196
Liam O'Brien,UTA,8477070,3,-0.0003541951300576329,-0.00023639680875930935,0,-0.0204,0.0196
Liam O'Brien,UTA,8477070,4,-0.00035475980257615447,-0.00023639680875930935,0,-0.0204,0.0196
Liam O'Brien,UTA,8477070,5,-0.0003545386134646833,-0.00023639680875930935,0,-0.0204,0.0196
Liam O'Brien,UTA,8477070,6,-0.0003543916973285377,-0.00023639680875930935,0,-0.0204,0.0196
Liam O'Brien,UTA,8477070,7,-0.00035429580020718277,-0.00023639680875930935,0,-0.0204,0.0196
Liam O'Brien,UTA,8477070,8,-0.00035430194111540914,-0.00023639680875930935,0,-0.0204,0.0196
Ben Meyers,SEA,8483570,0,-0.00063106301240623,-0.00035635210224427283,0,-0.0206,0.0194
Ben Meyers,SEA,8483570,1,-0.0006304815760813653,-0.00035635210224427283,0,-0.0206,0.0194
Ben Meyers,SEA,8483570,2,-0.0006299244123511016,-0.00035635210224427283,0,-0.0206,0.0194
Ben Meyers,SEA,8483570,3,-0.0006299827364273369,-0.00035635210224427283,0,-0.0206,0.0194
Ben Meyers,SEA,8483570,4,-0.0006305479328148067,-0.00035635210224427283,0,-0.0206,0.0194
Ben Meyers,SEA,8483570,5,-0.0006303275004029274,-0.00035635210224427283,0,-0.0206,0.0194
Ben Meyers,SEA,8483570,6,-0.0006301807006821036,-0.00035635210224427283,0,-0.0206,0.0194
Ben Meyers,SEA,8483570,7,-0.0006300852401182055,-0.00035635210224427283,0,-0.0206,0.0194
Ben Meyers,SEA,8483570,8,-0.0006300912937149405,-0.00035635210224427283,0,-0.0206,0.0194
Donovan Sebrango,FLA,8482131,0,-0.0006504198536276817,-0.0003465535119175911,0,-0.0207,0.0193
Donovan Sebrango,FLA,8482131,1,-0.0006498385919257998,-0.0003465535119175911,0,-0.0206,0.0194
Donovan Sebrango,FLA,8482131,2,-0.0006492804968729615,-0.0003465535119175911,0,-0.0206,0.0194
Donovan Sebrango,FLA,8482131,3,-0.0006493389373645186,-0.0003465535119175911,0,-0.0206,0.0194
Donovan Sebrango,FLA,8482131,4,-0.0006499036680907011,-0.0003465535119175911,0,-0.0206,0.0194
Donovan Sebrango,FLA,8482131,5,-0.0006496831192635,-0.0003465535119175911,0,-0.0206,0.0194
Donovan Sebrango,FLA,8482131,6,-0.0006495362613350153,-0.0003465535119175911,0,-0.0206,0.0194
Donovan Sebrango,FLA,8482131,7,-0.0006494405679404736,-0.0003465535119175911,0,-0.0206,0.0194
Donovan Sebrango,FLA,8482131,8,-0.0006494467379525304,-0.0003465535119175911,0,-0.0206,0.0194
Nick Jensen,OTT,8475324,0,-0.00023525074357166886,-0.00015788442397024482,0,-0.0202,0.0198
Nick Jensen,OTT,8475324,1,-0.00023466783750336617,-0.00015788442397024482,0,-0.0202,0.0198
Nick Jensen,OTT,8475324,2,-0.00023410923313349485,-0.00015788442397024482,0,-0.0202,0.0198
Nick Jensen,OTT,8475324,3,-0.00023416656767949462,-0.00015788442397024482,0,-0.0202,0.0198
Nick Jensen,OTT,8475324,4,-0.00023473080364055932,-0.00015788442397024482,0,-0.0202,0.0198
Nick Jensen,OTT,8475324,5,-0.00023450958542525768,-0.00015788442397024482,0,-0.0202,0.0198
Nick Jensen,OTT,8475324,6,-0.00023436243645846844,-0.00015788442397024482,0,-0.0202,0.0198
Nick Jensen,OTT,8475324,7,-0.00023426649568136781,-0.00015788442397024482,0,-0.0202,0.0198
Nick Jensen,OTT,8475324,8,-0.00023427256383001804,-0.00015788442397024482,0,-0.0202,0.0198
Taylor Ward,LAK,8483406,0,-0.001438140869140625,-0.0008040702086873353,0,-0.0214,0.0186
Taylor Ward,LAK,8483406,1,-0.0014375620521605015,-0.0008040702086873353,0,-0.0214,0.0186
Taylor Ward,LAK,8483406,2,-0.0014370065182447433,-0.0008040702086873353,0,-0.0214,0.0186
Taylor Ward,LAK,8483406,3,-0.0014370669377967715,-0.0008040702086873353,0,-0.0214,0.0186
Taylor Ward,LAK,8483406,4,-0.0014376338804140687,-0.0008040702086873353,0,-0.0214,0.0186
Taylor Ward,LAK,8483406,5,-0.0014374140882864594,-0.0008040702086873353,0,-0.0214,0.0186
Taylor Ward,LAK,8483406,6,-0.001437268452718854,-0.0008040702086873353,0,-0.0214,0.0186
Taylor Ward,LAK,8483406,7,-0.0014371733414009213,-0.0008040702086873353,0,-0.0214,0.0186
Taylor Ward,LAK,8483406,8,-0.0014371795114129782,-0.0008040702086873353,0,-0.0214,0.0186
Tim Washe,ANA,8485512,0,-0.0007260645506903529,-0.0004023670335300267,0,-0.0207,0.0193
Tim Washe,ANA,8485512,1,-0.000725483288988471,-0.0004023670335300267,0,-0.0207,0.0193
Tim Washe,ANA,8485512,2,-0.0007249260670505464,-0.0004023670335300267,0,-0.0207,0.0193
Tim Washe,ANA,8485512,3,-0.0007249844493344426,-0.0004023670335300267,0,-0.0207,0.0193
Tim Washe,ANA,8485512,4,-0.0007255497039295733,-0.0004023670335300267,0,-0.0207,0.0193
Tim Washe,ANA,8485512,5,-0.000725329271517694,-0.0004023670335300267,0,-0.0207,0.0193
Tim Washe,ANA,8485512,6,-0.0007251827046275139,-0.0004023670335300267,0,-0.0207,0.0193
Tim Washe,ANA,8485512,7,-0.0007250870694406331,-0.0004023670335300267,0,-0.0207,0.0193
Tim Washe,ANA,8485512,8,-0.0007250934140756726,-0.0004023670335300267,0,-0.0207,0.0193
Landon Slaggert,CHI,8482172,0,-0.0006785467267036438,-0.0003825155727099627,0,-0.0207,0.0193
Landon Slaggert,CHI,8482172,1,-0.0006779652321711183,-0.0003825155727099627,0,-0.0207,0.0193
Landon Slaggert,CHI,8482172,2,-0.0006774084758944809,-0.0003825155727099627,0,-0.0207,0.0193
Landon Slaggert,CHI,8482172,3,-0.0006774666835553944,-0.0003825155727099627,0,-0.0207,0.0193
Landon Slaggert,CHI,8482172,4,-0.0006780323456041515,-0.0003825155727099627,0,-0.0207,0.0193
Landon Slaggert,CHI,8482172,5,-0.0006778115057386458,-0.0003825155727099627,0,-0.0207,0.0193
Landon Slaggert,CHI,8482172,6,-0.0006776652880944312,-0.0003825155727099627,0,-0.0207,0.0193
Landon Slaggert,CHI,8482172,7,-0.0006775694782845676,-0.0003825155727099627,0,-0.0207,0.0193
Landon Slaggert,CHI,8482172,8,-0.0006775758811272681,-0.0003825155727099627,0,-0.0207,0.0193
Bo Groulx,TOR,8480870,0,0.003877343377098441,0.001950616599060595,0,-0.0161,0.0239
Bo Groulx,TOR,8480870,1,0.0038779382593929768,0.001950616599060595,0,-0.0161,0.0239
Bo Groulx,TOR,8480870,2,0.0038785056676715612,0.001950616599060595,0,-0.0161,0.0239
Bo Groulx,TOR,8480870,3,0.0038784570060670376,0.001950616599060595,0,-0.0161,0.0239
Bo Groulx,TOR,8480870,4,0.0038778996095061302,0.001950616599060595,0,-0.0161,0.0239
Bo Groulx,TOR,8480870,5,0.0038781261537224054,0.001950616599060595,0,-0.0161,0.0239
Bo Groulx,TOR,8480870,6,0.0038782767951488495,0.001950616599060595,0,-0.0161,0.0239
Bo Groulx,TOR,8480870,7,0.003878375282511115,0.001950616599060595,0,-0.0161,0.0239
Bo Groulx,TOR,8480870,8,0.0038783701602369547,0.001950616599060595,0,-0.0161,0.0239
Alex Bump,PHI,8483731,0,-0.001506147556938231,-0.0007610180182382464,0,-0.0215,0.0185
Alex Bump,PHI,8483731,1,-0.0015108956722542644,-0.0007610180182382464,0,-0.0215,0.0185
Alex Bump,PHI,8483731,2,-0.0015156681183725595,-0.0007610180182382464,1,-0.0215,0.0185
Alex Bump,PHI,8483731,3,-0.0015157281886786222,-0.0007610180182382464,0,-0.0215,0.0185
Alex Bump,PHI,8483731,4,-0.0015162948984652758,-0.0007610180182382464,0,-0.0215,0.0185
Alex Bump,PHI,8483731,5,-0.001516075455583632,-0.0007610180182382464,0,-0.0215,0.0185
Alex Bump,PHI,8483731,6,-0.0015159298200160265,-0.0007610180182382464,0,-0.0215,0.0185
Alex Bump,PHI,8483731,7,-0.0015158347086980939,-0.0007610180182382464,0,-0.0215,0.0185
Alex Bump,PHI,8483731,8,-0.0015158411115407944,-0.0007610180182382464,0,-0.0215,0.0185
Elias Pettersson,VAN,8483678,0,-0.0005363358068279922,-0.0002888911694753915,0,-0.0205,0.0195
Elias Pettersson,VAN,8483678,1,-0.0005357537884265184,-0.0002888911694753915,0,-0.0205,0.0195
Elias Pettersson,VAN,8483678,2,-0.0005351959844119847,-0.0002888911694753915,0,-0.0205,0.0195
Elias Pettersson,VAN,8483678,3,-0.0005352537264116108,-0.0002888911694753915,0,-0.0205,0.0195
Elias Pettersson,VAN,8483678,4,-0.0005358185735531151,-0.0002888911694753915,0,-0.0205,0.0195
Elias Pettersson,VAN,8483678,5,-0.0005355978501029313,-0.0002888911694753915,0,-0.0205,0.0195
Elias Pettersson,VAN,8483678,6,-0.0005354509339667857,-0.0002888911694753915,0,-0.0205,0.0195
Elias Pettersson,VAN,8483678,7,-0.0005353552405722439,-0.0002888911694753915,0,-0.0205,0.0195
Elias Pettersson,VAN,8483678,8,-0.000535361235961318,-0.0002888911694753915,0,-0.0205,0.0195
Cole Hutson,WSH,8484873,0,-0.002356108510866761,-0.0011350029380992055,0,-0.0224,0.0176
Cole Hutson,WSH,8484873,1,-0.002355530159547925,-0.0011350029380992055,0,-0.0224,0.0176
Cole Hutson,WSH,8484873,2,-0.002354976022616029,-0.0011350029380992055,0,-0.0224,0.0176
Cole Hutson,WSH,8484873,3,-0.0023550372570753098,-0.0011350029380992055,0,-0.0224,0.0176
Cole Hutson,WSH,8484873,4,-0.0023556044325232506,-0.0011350029380992055,0,-0.0224,0.0176
Cole Hutson,WSH,8484873,5,-0.0023553853388875723,-0.0011350029380992055,0,-0.0224,0.0176
Cole Hutson,WSH,8484873,6,-0.0023552405182272196,-0.0011350029380992055,0,-0.0224,0.0176
Cole Hutson,WSH,8484873,7,-0.002355145290493965,-0.0011350029380992055,0,-0.0224,0.0176
Cole Hutson,WSH,8484873,8,-0.002355152042582631,-0.0011350029380992055,0,-0.0224,0.0176
Anton Frondell,CHI,8485391,0,-0.003995799925178289,-0.0019226938020437956,0,-0.024,0.016
Anton Frondell,CHI,8485391,1,-0.0039952280931174755,-0.0019226938020437956,0,-0.024,0.016
Anton Frondell,CHI,8485391,2,-0.003994678147137165,-0.0019226938020437956,0,-0.024,0.016
Anton Frondell,CHI,8485391,3,-0.003994743339717388,-0.0019226938020437956,0,-0.024,0.016
Anton Frondell,CHI,8485391,4,-0.0039953142404556274,-0.0019226938020437956,0,-0.024,0.016
Anton Frondell,CHI,8485391,5,-0.003995097242295742,-0.0019226938020437956,0,-0.024,0.016
Anton Frondell,CHI,8485391,6,-0.0039949542842805386,-0.0019226938020437956,0,-0.024,0.016
Anton Frondell,CHI,8485391,7,-0.003994861152023077,-0.0019226938020437956,0,-0.024,0.016
Anton Frondell,CHI,8485391,8,-0.003994866274297237,-0.0019226938020437956,0,-0.024,0.016
Mike Benning,FLA,8482107,0,-0.00028970331186428666,-0.00016288048936985433,0,-0.0203,0.0197
Mike Benning,FLA,8482107,1,-0.0002891204785555601,-0.00016288048936985433,0,-0.0203,0.0197
Mike Benning,FLA,8482107,2,-0.00028856180142611265,-0.00016288048936985433,0,-0.0203,0.0197
Mike Benning,FLA,8482107,3,-0.0002886189613491297,-0.00016288048936985433,0,-0.0203,0.0197
Mike Benning,FLA,8482107,4,-0.0002891833719331771,-0.00016288048936985433,0,-0.0203,0.0197
Mike Benning,FLA,8482107,5,-0.0002889620081987232,-0.00016288048936985433,0,-0.0203,0.0197
Mike Benning,FLA,8482107,6,-0.00028881491743959486,-0.00016288048936985433,0,-0.0203,0.0197
Mike Benning,FLA,8482107,7,-0.00028871887479908764,-0.00016288048936985433,0,-0.0203,0.0197
Mike Benning,FLA,8482107,8,-0.00028872507391497493,-0.00016288048936985433,0,-0.0203,0.0197
Porter Martone,PHI,8485406,0,-0.0027731824666261673,-0.0012985500507056713,1,-0.0228,0.0172
Porter Martone,PHI,8485406,1,-0.0028325754683464766,-0.0012985500507056713,4,-0.0128,0.0072
Porter Martone,PHI,8485406,2,-0.002869008807465434,-0.0012985500507056713,2,-0.017,0.0112
Porter Martone,PHI,8485406,3,-0.002885348629206419,-0.0012985500507056713,1,-0.0229,0.0171
Porter Martone,PHI,8485406,4,-0.002885917667299509,-0.0012985500507056713,0,-0.0229,0.0171
Porter Martone,PHI,8485406,5,-0.002885699737817049,-0.0012985500507056713,0,-0.0229,0.0171
Porter Martone,PHI,8485406,6,-0.0028855556156486273,-0.0012985500507056713,0,-0.0229,0.0171
Porter Martone,PHI,8485406,7,-0.0028854613192379475,-0.0012985500507056713,0,-0.0229,0.0171
Porter Martone,PHI,8485406,8,-0.0028854680713266134,-0.0012985500507056713,0,-0.0229,0.0171
Tyson Gross,CGY,8486056,0,0.0037698775995522738,0.0017566168680787086,0,-0.0162,0.0238
Tyson Gross,CGY,8486056,1,0.0037704703863710165,0.0017566168680787086,0,-0.0162,0.0238
Tyson Gross,CGY,8486056,2,0.0037710387259721756,0.0017566168680787086,0,-0.0162,0.0238
Tyson Gross,CGY,8486056,3,0.0037709884345531464,0.0017566168680787086,0,-0.0162,0.0238
Tyson Gross,CGY,8486056,4,0.003770431037992239,0.0017566168680787086,0,-0.0162,0.0238
Tyson Gross,CGY,8486056,5,0.0037706566508859396,0.0017566168680787086,0,-0.0162,0.0238
Tyson Gross,CGY,8486056,6,0.0037708079908043146,0.0017566168680787086,0,-0.0162,0.0238
Tyson Gross,CGY,8486056,7,0.003770905314013362,0.0017566168680787086,0,-0.0162,0.0238
Tyson Gross,CGY,8486056,8,0.003770900657400489,0.0017566168680787086,0,-0.0162,0.0238
Ilya Protas,WSH,8484999,0,0.003599773859605193,0.0016794061521068215,0,-0.0164,0.0236
Ilya Protas,WSH,8484999,1,0.003600366646423936,0.0016794061521068215,0,-0.0164,0.0236
Ilya Protas,WSH,8484999,2,0.0036009338218718767,0.0016794061521068215,0,-0.0164,0.0236
Ilya Protas,WSH,8484999,3,0.0036008842289447784,0.0016794061521068215,0,-0.0164,0.0236
Ilya Protas,WSH,8484999,4,0.0036003259010612965,0.0016794061521068215,0,-0.0164,0.0236
Ilya Protas,WSH,8484999,5,0.003600552212446928,0.0016794061521068215,0,-0.0164,0.0236
Ilya Protas,WSH,8484999,6,0.0036007026210427284,0.0016794061521068215,0,-0.0164,0.0236
Ilya Protas,WSH,8484999,7,0.003600800409913063,0.0016794061521068215,0,-0.0164,0.0236
Ilya Protas,WSH,8484999,8,0.0036007948219776154,0.0016794061521068215,0,-0.0164,0.0236
Lassi Thomson,OTT,8481575,0,-0.0002142445300705731,-0.00012132210395066068,0,-0.0202,0.0198
Lassi Thomson,OTT,8481575,1,-0.00021366139117162675,-0.00012132210395066068,0,-0.0202,0.0198
Lassi Thomson,OTT,8481575,2,-0.00021310264128260314,-0.00012132210395066068,0,-0.0202,0.0198
Lassi Thomson,OTT,8481575,3,-0.00021315965568646789,-0.00012132210395066068,0,-0.0202,0.0198
Lassi Thomson,OTT,8481575,4,-0.00021372389164753258,-0.00012132210395066068,0,-0.0202,0.0198
Lassi Thomson,OTT,8481575,5,-0.00021350255701690912,-0.00012132210395066068,0,-0.0202,0.0198
Lassi Thomson,OTT,8481575,6,-0.00021335529163479805,-0.00012132210395066068,0,-0.0202,0.0198
Lassi Thomson,OTT,8481575,7,-0.00021325937996152788,-0.00012132210395066068,0,-0.0202,0.0198
Lassi Thomson,OTT,8481575,8,-0.00021326536079868674,-0.00012132210395066068,0,-0.0202,0.0198
Michael Misa,SJS,8485402,0,0.00434681074693799,0.0019838225562125444,0,-0.0157,0.0243
Michael Misa,SJS,8485402,1,0.0043474058620631695,0.0019838225562125444,0,-0.0157,0.0243
Michael Misa,SJS,8485402,2,0.004347975365817547,0.0019838225562125444,0,-0.0157,0.0243
Michael Misa,SJS,8485402,3,0.0043479278683662415,0.0019838225562125444,0,-0.0157,0.0243
Michael Misa,SJS,8485402,4,0.004347371403127909,0.0019838225562125444,0,-0.0157,0.0243
Michael Misa,SJS,8485402,5,0.0043475995771586895,0.0019838225562125444,0,-0.0157,0.0243
Michael Misa,SJS,8485402,6,0.004347749520093203,0.0019838225562125444,0,-0.0157,0.0243
Michael Misa,SJS,8485402,7,0.004347848705947399,0.0019838225562125444,0,-0.0157,0.0243
Michael Misa,SJS,8485402,8,0.004347842652350664,0.0019838225562125444,0,-0.0157,0.0243
Connor Ingram,EDM,8478971,0,-0.0007164925336837769,-0.00035069743171334267,0,-0.0207,0.0193
Connor Ingram,EDM,8478971,1,-0.0007299229619093239,-0.00035069743171334267,1,-0.0207,0.0193
Connor Ingram,EDM,8478971,2,-0.0007293660892173648,-0.00035069743171334267,0,-0.0207,0.0193
Connor Ingram,EDM,8478971,3,-0.0007294244132936001,-0.00035069743171334267,0,-0.0207,0.0193
Connor Ingram,EDM,8478971,4,-0.0007299899589270353,-0.00035069743171334267,0,-0.0207,0.0193
Connor Ingram,EDM,8478971,5,-0.0007297692936845124,-0.00035069743171334267,0,-0.0207,0.0193
Connor Ingram,EDM,8478971,6,-0.0007296229596249759,-0.00035069743171334267,0,-0.0207,0.0193
Connor Ingram,EDM,8478971,7,-0.000729527382645756,-0.00035069743171334267,0,-0.0207,0.0193
Connor Ingram,EDM,8478971,8,-0.0007295332034118474,-0.00035069743171334267,0,-0.0207,0.0193
James Hagens,BOS,8485395,0,-0.0005202956963330507,-0.00026021181838586926,0,-0.0205,0.0195
James Hagens,BOS,8485395,1,-0.0005301135824993253,-0.00026021181838586926,1,-0.0205,0.0195
James Hagens,BOS,8485395,2,-0.0005295559531077743,-0.00026021181838586926,0,-0.0205,0.0195
James Hagens,BOS,8485395,3,-0.0005296136951074004,-0.00026021181838586926,0,-0.0205,0.0195
James Hagens,BOS,8485395,4,-0.0005301786586642265,-0.00026021181838586926,0,-0.0205,0.0195
James Hagens,BOS,8485395,5,-0.0005299578187987208,-0.00026021181838586926,0,-0.0205,0.0195
James Hagens,BOS,8485395,6,-0.0005298108444549143,-0.00026021181838586926,0,-0.0205,0.0195
James Hagens,BOS,8485395,7,-0.0005297150346450508,-0.00026021181838586926,0,-0.0205,0.0195
James Hagens,BOS,8485395,8,-0.0005297212046571076,-0.00026021181838586926,0,-0.0205,0.0195
Ian Moore,ANA,8482178,0,-0.00012148133828304708,-7.630597247043625e-05,0,-0.0201,0.0199
Ian Moore,ANA,8482178,1,-0.00012395481462590396,-7.630597247043625e-05,0,-0.0201,0.0199
Ian Moore,ANA,8482178,2,-0.00012645276729017496,-7.630597247043625e-05,0,-0.0201,0.0199
Ian Moore,ANA,8482178,3,-0.00012956652790308,-7.630597247043625e-05,0,-0.0201,0.0199
Ian Moore,ANA,8482178,4,-0.00013318751007318497,-7.630597247043625e-05,1,-0.0201,0.0199
Ian Moore,ANA,8482178,5,-0.00013296595716383308,-7.630597247043625e-05,0,-0.0201,0.0199
Ian Moore,ANA,8482178,6,-0.00013281860447023064,-7.630597247043625e-05,0,-0.0201,0.0199
Ian Moore,ANA,8482178,7,-0.00013272257638163865,-7.630597247043625e-05,0,-0.0201,0.0199
Ian Moore,ANA,8482178,8,-0.0001327286008745432,-7.630597247043625e-05,0,-0.0201,0.0199
