player_name,team,goalie_id,week,phi,mu_phi,shots_that_week,phi_lo,phi_hi
Ukko-Pekka Luukkonen,BUF,8480045,0,-0.005731445271521807,-0.006661065388470888,0,-0.0257,0.0143
Ukko-Pekka Luukkonen,BUF,8480045,1,-0.005322328303009272,-0.006661065388470888,0,-0.0253,0.0147
Ukko-Pekka Luukkonen,BUF,8480045,2,-0.004910461138933897,-0.006661065388470888,9,-0.0116,0.0018
Ukko-Pekka Luukkonen,BUF,8480045,3,-0.004534238483756781,-0.006661065388470888,0,-0.0245,0.0155
Ukko-Pekka Luukkonen,BUF,8480045,4,-0.004158543422818184,-0.006661065388470888,0,-0.0242,0.0158
Ukko-Pekka Luukkonen,BUF,8480045,5,-0.003778540063649416,-0.006661065388470888,27,-0.0076,0.0
Ukko-Pekka Luukkonen,BUF,8480045,6,-0.0031418725848197937,-0.006661065388470888,45,-0.0061,-0.0001
Ukko-Pekka Luukkonen,BUF,8480045,7,-0.0024837376549839973,-0.006661065388470888,20,-0.007,0.002
Ukko-Pekka Luukkonen,BUF,8480045,8,-0.0018047605408355594,-0.006661065388470888,39,-0.005,0.0014
Ukko-Pekka Luukkonen,BUF,8480045,9,-0.0010418862802907825,-0.006661065388470888,73,-0.0033,0.0013
Ukko-Pekka Luukkonen,BUF,8480045,10,-0.00045539624989032745,-0.006661065388470888,26,-0.0044,0.0034
Ukko-Pekka Luukkonen,BUF,8480045,11,0.00027432231581769884,-0.006661065388470888,59,-0.0023,0.0029
Ukko-Pekka Luukkonen,BUF,8480045,12,0.0010254676453769207,-0.006661065388470888,24,-0.0031,0.0051
Ukko-Pekka Luukkonen,BUF,8480045,13,0.0019224793650209904,-0.006661065388470888,36,-0.0014,0.0052
Ukko-Pekka Luukkonen,BUF,8480045,14,0.00270506227388978,-0.006661065388470888,28,-0.0011,0.0065
Ukko-Pekka Luukkonen,BUF,8480045,15,0.0034522605128586292,-0.006661065388470888,75,0.0012,0.0058
Ukko-Pekka Luukkonen,BUF,8480045,16,0.004070611670613289,-0.006661065388470888,79,0.0018,0.0064
Ukko-Pekka Luukkonen,BUF,8480045,17,0.0047349524684250355,-0.006661065388470888,69,0.0023,0.0071
Ukko-Pekka Luukkonen,BUF,8480045,18,0.0054166847839951515,-0.006661065388470888,75,0.0031,0.0077
Ukko-Pekka Luukkonen,BUF,8480045,19,0.005940214730799198,-0.006661065388470888,6,-0.0023,0.0141
Ukko-Pekka Luukkonen,BUF,8480045,20,0.006618566811084747,-0.006661065388470888,0,-0.0134,0.0266
Ukko-Pekka Luukkonen,BUF,8480045,21,0.007292750291526318,-0.006661065388470888,75,0.005,0.0096
Ukko-Pekka Luukkonen,BUF,8480045,22,0.007713251747190952,-0.006661065388470888,32,0.0042,0.0112
Ukko-Pekka Luukkonen,BUF,8480045,23,0.008114962838590145,-0.006661065388470888,68,0.0057,0.0105
Ukko-Pekka Luukkonen,BUF,8480045,24,0.008148709312081337,-0.006661065388470888,82,0.0059,0.0103
Ukko-Pekka Luukkonen,BUF,8480045,25,0.008308264426887035,-0.006661065388470888,54,0.0056,0.011
Ukko-Pekka Luukkonen,BUF,8480045,26,0.008432270959019661,-0.006661065388470888,54,0.0057,0.0111
Ukko-Pekka Luukkonen,BUF,8480045,27,0.00845061894506216,-0.006661065388470888,37,0.0052,0.0118
Ukko-Pekka Luukkonen,BUF,8480045,28,0.008478392846882343,-0.006661065388470888,25,0.0045,0.0125
Ukko-Pekka Luukkonen,BUF,8480045,29,0.008650511503219604,-0.006661065388470888,0,-0.0113,0.0287
Ukko-Pekka Luukkonen,BUF,8480045,30,0.00882353913038969,-0.006661065388470888,0,-0.0112,0.0288
Ukko-Pekka Luukkonen,BUF,8480045,31,0.008999053388834,-0.006661065388470888,83,0.0068,0.0112
Ukko-Pekka Luukkonen,BUF,8480045,32,0.00909355841577053,-0.006661065388470888,46,0.0062,0.012
Ukko-Pekka Luukkonen,BUF,8480045,33,0.009095349349081516,-0.006661065388470888,0,-0.0109,0.0291
Ukko-Pekka Luukkonen,BUF,8480045,34,0.009099826216697693,-0.006661065388470888,0,-0.0109,0.0291
Ukko-Pekka Luukkonen,BUF,8480045,35,0.009100062772631645,-0.006661065388470888,0,-0.0109,0.0291
Joel Blomqvist,PIT,8482446,0,-0.021305693313479424,-0.021334446966648102,0,-0.0413,-0.0013
Joel Blomqvist,PIT,8482446,1,-0.02129802480340004,-0.021334446966648102,10,-0.0276,-0.015
Joel Blomqvist,PIT,8482446,2,-0.02132597379386425,-0.021334446966648102,0,-0.0413,-0.0013
Joel Blomqvist,PIT,8482446,3,-0.02135653607547283,-0.021334446966648102,0,-0.0414,-0.0014
Joel Blomqvist,PIT,8482446,4,-0.02138923853635788,-0.021334446966648102,0,-0.0414,-0.0014
Joel Blomqvist,PIT,8482446,5,-0.021416272968053818,-0.021334446966648102,0,-0.0414,-0.0014
Joel Blomqvist,PIT,8482446,6,-0.021449940279126167,-0.021334446966648102,0,-0.0414,-0.0014
Joel Blomqvist,PIT,8482446,7,-0.021487070247530937,-0.021334446966648102,0,-0.0415,-0.0015
Joel Blomqvist,PIT,8482446,8,-0.02152637392282486,-0.021334446966648102,0,-0.0415,-0.0015
Joel Blomqvist,PIT,8482446,9,-0.02156132087111473,-0.021334446966648102,0,-0.0416,-0.0016
Joel Blomqvist,PIT,8482446,10,-0.02159331552684307,-0.021334446966648102,0,-0.0416,-0.0016
Joel Blomqvist,PIT,8482446,11,-0.021632270887494087,-0.021334446966648102,0,-0.0416,-0.0016
Joel Blomqvist,PIT,8482446,12,-0.021657686680555344,-0.021334446966648102,0,-0.0417,-0.0017
Joel Blomqvist,PIT,8482446,13,-0.02167746238410473,-0.021334446966648102,0,-0.0417,-0.0017
Joel Blomqvist,PIT,8482446,14,-0.021685225889086723,-0.021334446966648102,0,-0.0417,-0.0017
Joel Blomqvist,PIT,8482446,15,-0.021697040647268295,-0.021334446966648102,0,-0.0417,-0.0017
Joel Blomqvist,PIT,8482446,16,-0.021715469658374786,-0.021334446966648102,0,-0.0417,-0.0017
Joel Blomqvist,PIT,8482446,17,-0.02174435928463936,-0.021334446966648102,0,-0.0417,-0.0017
Joel Blomqvist,PIT,8482446,18,-0.02176096849143505,-0.021334446966648102,0,-0.0418,-0.0018
Joel Blomqvist,PIT,8482446,19,-0.0217734482139349,-0.021334446966648102,0,-0.0418,-0.0018
Joel Blomqvist,PIT,8482446,20,-0.021791327744722366,-0.021334446966648102,0,-0.0418,-0.0018
Joel Blomqvist,PIT,8482446,21,-0.02181096188724041,-0.021334446966648102,0,-0.0418,-0.0018
Joel Blomqvist,PIT,8482446,22,-0.02181873843073845,-0.021334446966648102,0,-0.0418,-0.0018
Joel Blomqvist,PIT,8482446,23,-0.021821491420269012,-0.021334446966648102,0,-0.0418,-0.0018
Joel Blomqvist,PIT,8482446,24,-0.021808942779898643,-0.021334446966648102,0,-0.0418,-0.0018
Joel Blomqvist,PIT,8482446,25,-0.02179640159010887,-0.021334446966648102,0,-0.0418,-0.0018
Joel Blomqvist,PIT,8482446,26,-0.0218038409948349,-0.021334446966648102,0,-0.0418,-0.0018
Joel Blomqvist,PIT,8482446,27,-0.02181018516421318,-0.021334446966648102,0,-0.0418,-0.0018
Joel Blomqvist,PIT,8482446,28,-0.02181364968419075,-0.021334446966648102,0,-0.0418,-0.0018
Joel Blomqvist,PIT,8482446,29,-0.021820370107889175,-0.021334446966648102,0,-0.0418,-0.0018
Joel Blomqvist,PIT,8482446,30,-0.0218222476541996,-0.021334446966648102,0,-0.0418,-0.0018
Joel Blomqvist,PIT,8482446,31,-0.021822692826390266,-0.021334446966648102,0,-0.0418,-0.0018
Joel Blomqvist,PIT,8482446,32,-0.021821342408657074,-0.021334446966648102,0,-0.0418,-0.0018
Joel Blomqvist,PIT,8482446,33,-0.021816618740558624,-0.021334446966648102,0,-0.0418,-0.0018
Joel Blomqvist,PIT,8482446,34,-0.021816503256559372,-0.021334446966648102,0,-0.0418,-0.0018
Joel Blomqvist,PIT,8482446,35,-0.02181241847574711,-0.021334446966648102,0,-0.0418,-0.0018
Filip Larsson,,8479548,0,0.002596030244603753,0.0025102088693529367,0,-0.0174,0.0226
Filip Larsson,,8479548,1,0.0026322498451918364,0.0025102088693529367,7,-0.005,0.0102
Filip Larsson,,8479548,2,0.0026018915232270956,0.0025102088693529367,0,-0.0174,0.0226
Filip Larsson,,8479548,3,0.0025722915306687355,0.0025102088693529367,0,-0.0174,0.0226
Filip Larsson,,8479548,4,0.0025398351717740297,0.0025102088693529367,0,-0.0175,0.0225
Filip Larsson,,8479548,5,0.002513522282242775,0.0025102088693529367,0,-0.0175,0.0225
Filip Larsson,,8479548,6,0.002479635179042816,0.0025102088693529367,0,-0.0175,0.0225
Filip Larsson,,8479548,7,0.0024417154490947723,0.0025102088693529367,0,-0.0176,0.0224
Filip Larsson,,8479548,8,0.0024036692921072245,0.0025102088693529367,0,-0.0176,0.0224
Filip Larsson,,8479548,9,0.002368172397837043,0.0025102088693529367,0,-0.0176,0.0224
Filip Larsson,,8479548,10,0.0023367791436612606,0.0025102088693529367,0,-0.0177,0.0223
Filip Larsson,,8479548,11,0.0022977914195507765,0.0025102088693529367,0,-0.0177,0.0223
Filip Larsson,,8479548,12,0.0022719602566212416,0.0025102088693529367,0,-0.0177,0.0223
Filip Larsson,,8479548,13,0.002253339160233736,0.0025102088693529367,0,-0.0177,0.0223
Filip Larsson,,8479548,14,0.002244251547381282,0.0025102088693529367,0,-0.0178,0.0222
Filip Larsson,,8479548,15,0.0022341671865433455,0.0025102088693529367,0,-0.0178,0.0222
Filip Larsson,,8479548,16,0.002214343985542655,0.0025102088693529367,0,-0.0178,0.0222
Filip Larsson,,8479548,17,0.0021866727620363235,0.0025102088693529367,0,-0.0178,0.0222
Filip Larsson,,8479548,18,0.0021693711169064045,0.0025102088693529367,0,-0.0178,0.0222
Filip Larsson,,8479548,19,0.0021570962853729725,0.0025102088693529367,0,-0.0178,0.0222
Filip Larsson,,8479548,20,0.002139793010428548,0.0025102088693529367,0,-0.0179,0.0221
Filip Larsson,,8479548,21,0.0021197053138166666,0.0025102088693529367,0,-0.0179,0.0221
Filip Larsson,,8479548,22,0.0021118889562785625,0.0025102088693529367,0,-0.0179,0.0221
Filip Larsson,,8479548,23,0.002110158558934927,0.0025102088693529367,0,-0.0179,0.0221
Filip Larsson,,8479548,24,0.002121338155120611,0.0025102088693529367,0,-0.0179,0.0221
Filip Larsson,,8479548,25,0.0021356078796088696,0.0025102088693529367,0,-0.0179,0.0221
Filip Larsson,,8479548,26,0.0021257647313177586,0.0025102088693529367,0,-0.0179,0.0221
Filip Larsson,,8479548,27,0.002122604288160801,0.0025102088693529367,0,-0.0179,0.0221
Filip Larsson,,8479548,28,0.0021160109899938107,0.0025102088693529367,0,-0.0179,0.0221
Filip Larsson,,8479548,29,0.0021118558943271637,0.0025102088693529367,0,-0.0179,0.0221
Filip Larsson,,8479548,30,0.0021086856722831726,0.0025102088693529367,0,-0.0179,0.0221
Filip Larsson,,8479548,31,0.0021083035971969366,0.0025102088693529367,0,-0.0179,0.0221
Filip Larsson,,8479548,32,0.0021106977947056293,0.0025102088693529367,0,-0.0179,0.0221
Filip Larsson,,8479548,33,0.002113296650350094,0.0025102088693529367,0,-0.0179,0.0221
Filip Larsson,,8479548,34,0.0021168759558349848,0.0025102088693529367,0,-0.0179,0.0221
Filip Larsson,,8479548,35,0.002117846393957734,0.0025102088693529367,0,-0.0179,0.0221
Casey DeSmith,DAL,8479193,0,0.04162101820111275,0.040162138640880585,0,0.0216,0.0616
Casey DeSmith,DAL,8479193,1,0.04227149859070778,0.040162138640880585,26,0.0384,0.0462
Casey DeSmith,DAL,8479193,2,0.04292813315987587,0.040162138640880585,30,0.0392,0.0466
Casey DeSmith,DAL,8479193,3,0.04367689788341522,0.040162138640880585,0,0.0237,0.0637
Casey DeSmith,DAL,8479193,4,0.044415127485990524,0.040162138640880585,34,0.041,0.0478
Casey DeSmith,DAL,8479193,5,0.045271169394254684,0.040162138640880585,30,0.0416,0.049
Casey DeSmith,DAL,8479193,6,0.04605020955204964,0.040162138640880585,39,0.0429,0.0493
Casey DeSmith,DAL,8479193,7,0.04687831178307533,0.040162138640880585,65,0.0444,0.0494
Casey DeSmith,DAL,8479193,8,0.04756798967719078,0.040162138640880585,33,0.0441,0.0511
Casey DeSmith,DAL,8479193,9,0.04805469140410423,0.040162138640880585,36,0.0448,0.0514
Casey DeSmith,DAL,8479193,10,0.048332616686820984,0.040162138640880585,61,0.0457,0.0509
Casey DeSmith,DAL,8479193,11,0.048534661531448364,0.040162138640880585,36,0.0452,0.0518
Casey DeSmith,DAL,8479193,12,0.04875404015183449,0.040162138640880585,35,0.0454,0.0522
Casey DeSmith,DAL,8479193,13,0.04908490553498268,0.040162138640880585,68,0.0467,0.0515
Casey DeSmith,DAL,8479193,14,0.04937467351555824,0.040162138640880585,25,0.0454,0.0534
Casey DeSmith,DAL,8479193,15,0.04971124976873398,0.040162138640880585,41,0.0466,0.0528
Casey DeSmith,DAL,8479193,16,0.05017596483230591,0.040162138640880585,83,0.048,0.0524
Casey DeSmith,DAL,8479193,17,0.0503067821264267,0.040162138640880585,41,0.0472,0.0534
Casey DeSmith,DAL,8479193,18,0.05026516318321228,0.040162138640880585,30,0.0466,0.054
Casey DeSmith,DAL,8479193,19,0.050213973969221115,0.040162138640880585,21,0.0458,0.0546
Casey DeSmith,DAL,8479193,20,0.05019531771540642,0.040162138640880585,0,0.0302,0.0702
Casey DeSmith,DAL,8479193,21,0.05019312724471092,0.040162138640880585,27,0.0464,0.054
Casey DeSmith,DAL,8479193,22,0.05009074509143829,0.040162138640880585,0,0.0301,0.0701
Casey DeSmith,DAL,8479193,23,0.05000805854797363,0.040162138640880585,61,0.0474,0.0526
Casey DeSmith,DAL,8479193,24,0.050023216754198074,0.040162138640880585,55,0.0473,0.0527
Casey DeSmith,DAL,8479193,25,0.049894947558641434,0.040162138640880585,34,0.0465,0.0533
Casey DeSmith,DAL,8479193,26,0.04965713992714882,0.040162138640880585,0,0.0297,0.0697
Casey DeSmith,DAL,8479193,27,0.0494312047958374,0.040162138640880585,36,0.0461,0.0527
Casey DeSmith,DAL,8479193,28,0.0494212843477726,0.040162138640880585,0,0.0294,0.0694
Casey DeSmith,DAL,8479193,29,0.04942213371396065,0.040162138640880585,0,0.0294,0.0694
Casey DeSmith,DAL,8479193,30,0.04941357672214508,0.040162138640880585,0,0.0294,0.0694
Casey DeSmith,DAL,8479193,31,0.04941650107502937,0.040162138640880585,0,0.0294,0.0694
Casey DeSmith,DAL,8479193,32,0.04941769316792488,0.040162138640880585,0,0.0294,0.0694
Casey DeSmith,DAL,8479193,33,0.04942041635513306,0.040162138640880585,0,0.0294,0.0694
Casey DeSmith,DAL,8479193,34,0.04942489415407181,0.040162138640880585,0,0.0294,0.0694
Casey DeSmith,DAL,8479193,35,0.049424465745687485,0.040162138640880585,0,0.0294,0.0694
Jordan Binnington,STL,8476412,0,-0.029393717646598816,-0.02621573954820633,24,-0.0335,-0.0253
Jordan Binnington,STL,8476412,1,-0.03082742914557457,-0.02621573954820633,13,-0.0363,-0.0253
Jordan Binnington,STL,8476412,2,-0.03234066814184189,-0.02621573954820633,48,-0.0352,-0.0294
Jordan Binnington,STL,8476412,3,-0.034009627997875214,-0.02621573954820633,30,-0.0377,-0.0303
Jordan Binnington,STL,8476412,4,-0.03545311838388443,-0.02621573954820633,69,-0.0379,-0.0331
Jordan Binnington,STL,8476412,5,-0.03703842684626579,-0.02621573954820633,83,-0.0392,-0.0348
Jordan Binnington,STL,8476412,6,-0.03850564733147621,-0.02621573954820633,55,-0.0412,-0.0358
Jordan Binnington,STL,8476412,7,-0.03983062505722046,-0.02621573954820633,57,-0.0424,-0.0372
Jordan Binnington,STL,8476412,8,-0.04114397615194321,-0.02621573954820633,80,-0.0433,-0.0389
Jordan Binnington,STL,8476412,9,-0.042249567806720734,-0.02621573954820633,68,-0.0446,-0.0398
Jordan Binnington,STL,8476412,10,-0.0434490405023098,-0.02621573954820633,72,-0.0458,-0.041
Jordan Binnington,STL,8476412,11,-0.04468374326825142,-0.02621573954820633,67,-0.0471,-0.0423
Jordan Binnington,STL,8476412,12,-0.045547038316726685,-0.02621573954820633,31,-0.0491,-0.0419
Jordan Binnington,STL,8476412,13,-0.04604306071996689,-0.02621573954820633,34,-0.0494,-0.0426
Jordan Binnington,STL,8476412,14,-0.04663999751210213,-0.02621573954820633,24,-0.0507,-0.0425
Jordan Binnington,STL,8476412,15,-0.047207754105329514,-0.02621573954820633,81,-0.0494,-0.045
Jordan Binnington,STL,8476412,16,-0.047731511294841766,-0.02621573954820633,66,-0.0502,-0.0452
Jordan Binnington,STL,8476412,17,-0.04798930510878563,-0.02621573954820633,31,-0.0516,-0.0444
Jordan Binnington,STL,8476412,18,-0.04809023067355156,-0.02621573954820633,22,-0.0524,-0.0438
Jordan Binnington,STL,8476412,19,-0.048216067254543304,-0.02621573954820633,64,-0.0507,-0.0457
Jordan Binnington,STL,8476412,20,-0.04821815714240074,-0.02621573954820633,26,-0.0521,-0.0443
Jordan Binnington,STL,8476412,21,-0.04807504266500473,-0.02621573954820633,41,-0.0512,-0.045
Jordan Binnington,STL,8476412,22,-0.048044417053461075,-0.02621573954820633,58,-0.0506,-0.0454
Jordan Binnington,STL,8476412,23,-0.048118531703948975,-0.02621573954820633,13,-0.0536,-0.0426
Jordan Binnington,STL,8476412,24,-0.04827854409813881,-0.02621573954820633,22,-0.0526,-0.044
Jordan Binnington,STL,8476412,25,-0.048461902886629105,-0.02621573954820633,34,-0.0519,-0.0451
Jordan Binnington,STL,8476412,26,-0.04883056879043579,-0.02621573954820633,37,-0.0521,-0.0455
Jordan Binnington,STL,8476412,27,-0.04911475628614426,-0.02621573954820633,31,-0.0527,-0.0455
Jordan Binnington,STL,8476412,28,-0.049119651317596436,-0.02621573954820633,0,-0.0691,-0.0291
Jordan Binnington,STL,8476412,29,-0.04912484809756279,-0.02621573954820633,0,-0.0691,-0.0291
Jordan Binnington,STL,8476412,30,-0.04912671074271202,-0.02621573954820633,0,-0.0691,-0.0291
Jordan Binnington,STL,8476412,31,-0.04912848398089409,-0.02621573954820633,0,-0.0691,-0.0291
Jordan Binnington,STL,8476412,32,-0.04912528023123741,-0.02621573954820633,0,-0.0691,-0.0291
Jordan Binnington,STL,8476412,33,-0.04912323132157326,-0.02621573954820633,0,-0.0691,-0.0291
Jordan Binnington,STL,8476412,34,-0.04911942407488823,-0.02621573954820633,0,-0.0691,-0.0291
Jordan Binnington,STL,8476412,35,-0.049118515104055405,-0.02621573954820633,0,-0.0691,-0.0291
Colten Ellis,BUF,8481551,0,0.00518040731549263,0.004920976236462593,16,0.0002,0.0102
Colten Ellis,BUF,8481551,1,0.005207579582929611,0.004920976236462593,0,-0.0148,0.0252
Colten Ellis,BUF,8481551,2,0.005235014017671347,0.004920976236462593,7,-0.0024,0.0128
Colten Ellis,BUF,8481551,3,0.005212813150137663,0.004920976236462593,0,-0.0148,0.0252
Colten Ellis,BUF,8481551,4,0.0051872991025447845,0.004920976236462593,0,-0.0148,0.0252
Colten Ellis,BUF,8481551,5,0.005169466603547335,0.004920976236462593,40,0.002,0.0084
Colten Ellis,BUF,8481551,6,0.005105163902044296,0.004920976236462593,0,-0.0149,0.0251
Colten Ellis,BUF,8481551,7,0.00503920391201973,0.004920976236462593,0,-0.015,0.025
Colten Ellis,BUF,8481551,8,0.00497098546475172,0.004920976236462593,72,0.0026,0.0074
Colten Ellis,BUF,8481551,9,0.0051231058314442635,0.004920976236462593,79,0.0028,0.0074
Colten Ellis,BUF,8481551,10,0.005538225639611483,0.004920976236462593,29,0.0018,0.0092
Colten Ellis,BUF,8481551,11,0.005984270945191383,0.004920976236462593,34,0.0026,0.0094
Colten Ellis,BUF,8481551,12,0.006420368794351816,0.004920976236462593,9,-0.0003,0.0131
Colten Ellis,BUF,8481551,13,0.0068200575187802315,0.004920976236462593,0,-0.0132,0.0268
Colten Ellis,BUF,8481551,14,0.007229013368487358,0.004920976236462593,0,-0.0128,0.0272
Colten Ellis,BUF,8481551,15,0.0076377675868570805,0.004920976236462593,0,-0.0124,0.0276
Colten Ellis,BUF,8481551,16,0.008035802282392979,0.004920976236462593,34,0.0046,0.0114
Colten Ellis,BUF,8481551,17,0.008409167639911175,0.004920976236462593,76,0.0061,0.0107
Colten Ellis,BUF,8481551,18,0.008622517809271812,0.004920976236462593,0,-0.0114,0.0286
Colten Ellis,BUF,8481551,19,0.00884224008768797,0.004920976236462593,24,0.0047,0.0129
Colten Ellis,BUF,8481551,20,0.0090795224532485,0.004920976236462593,39,0.0059,0.0123
Colten Ellis,BUF,8481551,21,0.009242049418389797,0.004920976236462593,0,-0.0108,0.0292
Colten Ellis,BUF,8481551,22,0.009417159482836723,0.004920976236462593,0,-0.0106,0.0294
Colten Ellis,BUF,8481551,23,0.00959779229015112,0.004920976236462593,0,-0.0104,0.0296
Colten Ellis,BUF,8481551,24,0.009791545569896698,0.004920976236462593,0,-0.0102,0.0298
Colten Ellis,BUF,8481551,25,0.009989148005843163,0.004920976236462593,33,0.0065,0.0135
Colten Ellis,BUF,8481551,26,0.010192631743848324,0.004920976236462593,40,0.007,0.0134
Colten Ellis,BUF,8481551,27,0.01021562609821558,0.004920976236462593,36,0.0069,0.0135
Colten Ellis,BUF,8481551,28,0.010209038853645325,0.004920976236462593,0,-0.0098,0.0302
Colten Ellis,BUF,8481551,29,0.010204856283962727,0.004920976236462593,0,-0.0098,0.0302
Colten Ellis,BUF,8481551,30,0.010201910510659218,0.004920976236462593,0,-0.0098,0.0302
Colten Ellis,BUF,8481551,31,0.010200727730989456,0.004920976236462593,0,-0.0098,0.0302
Colten Ellis,BUF,8481551,32,0.010204438120126724,0.004920976236462593,0,-0.0098,0.0302
Colten Ellis,BUF,8481551,33,0.010205736383795738,0.004920976236462593,0,-0.0098,0.0302
Colten Ellis,BUF,8481551,34,0.010210046544671059,0.004920976236462593,0,-0.0098,0.0302
Colten Ellis,BUF,8481551,35,0.010210786014795303,0.004920976236462593,0,-0.0098,0.0302
8476433,,8476433,0,0.00032373535213992,0.0003863274760078639,0,-0.0197,0.0203
8476433,,8476433,1,0.0002941836428362876,0.0003863274760078639,0,-0.0197,0.0203
8476433,,8476433,2,0.00026363247889094055,0.0003863274760078639,0,-0.0197,0.0203
8476433,,8476433,3,0.00023415272880811244,0.0003863274760078639,0,-0.0198,0.0202
8476433,,8476433,4,0.00020137311366852373,0.0003863274760078639,0,-0.0198,0.0202
8476433,,8476433,5,0.00017523361020721495,0.0003863274760078639,0,-0.0198,0.0202
8476433,,8476433,6,0.00014113163342699409,0.0003863274760078639,0,-0.0199,0.0201
8476433,,8476433,7,0.00010324284085072577,0.0003863274760078639,0,-0.0199,0.0201
8476433,,8476433,8,6.500448216684163e-05,0.0003863274760078639,0,-0.0199,0.0201
8476433,,8476433,9,2.961818245239556e-05,0.0003863274760078639,0,-0.02,0.02
8476433,,8476433,10,-1.9794388208538294e-06,0.0003863274760078639,0,-0.02,0.02
8476433,,8476433,11,-4.086532862856984e-05,0.0003863274760078639,0,-0.02,0.02
8476433,,8476433,12,-6.691232556477189e-05,0.0003863274760078639,0,-0.0201,0.0199
8476433,,8476433,13,-8.544334559701383e-05,0.0003863274760078639,0,-0.0201,0.0199
8476433,,8476433,14,-9.467170457355678e-05,0.0003863274760078639,0,-0.0201,0.0199
8476433,,8476433,15,-0.00010475065209902823,0.0003863274760078639,0,-0.0201,0.0199
8476433,,8476433,16,-0.00012467105989344418,0.0003863274760078639,0,-0.0201,0.0199
8476433,,8476433,17,-0.00015229062410071492,0.0003863274760078639,0,-0.0202,0.0198
8476433,,8476433,18,-0.00016974780010059476,0.0003863274760078639,0,-0.0202,0.0198
8476433,,8476433,19,-0.00018197728786617517,0.0003863274760078639,0,-0.0202,0.0198
8476433,,8476433,20,-0.0001993350451812148,0.0003863274760078639,0,-0.0202,0.0198
8476433,,8476433,21,-0.00021943837055005133,0.0003863274760078639,0,-0.0202,0.0198
8476433,,8476433,22,-0.00022734128287993371,0.0003863274760078639,0,-0.0202,0.0198
8476433,,8476433,23,-0.00022906422964297235,0.0003863274760078639,0,-0.0202,0.0198
8476433,,8476433,24,-0.00021782249677926302,0.0003863274760078639,0,-0.0202,0.0198
8476433,,8476433,25,-0.00020375006715767086,0.0003863274760078639,0,-0.0202,0.0198
8476433,,8476433,26,-0.00021351093892008066,0.0003863274760078639,0,-0.0202,0.0198
8476433,,8476433,27,-0.00021664690575562418,0.0003863274760078639,0,-0.0202,0.0198
8476433,,8476433,28,-0.00022345708566717803,0.0003863274760078639,0,-0.0202,0.0198
8476433,,8476433,29,-0.00022728447220288217,0.0003863274760078639,0,-0.0202,0.0198
8476433,,8476433,30,-0.00023087344015948474,0.0003863274760078639,0,-0.0202,0.0198
8476433,,8476433,31,-0.00023090478498488665,0.0003863274760078639,0,-0.0202,0.0198
8476433,,8476433,32,-0.00022878081654198468,0.0003863274760078639,0,-0.0202,0.0198
8476433,,8476433,33,-0.00022599933436140418,0.0003863274760078639,0,-0.0202,0.0198
8476433,,8476433,34,-0.00022258065291680396,0.0003863274760078639,0,-0.0202,0.0198
8476433,,8476433,35,-0.00022161175729706883,0.0003863274760078639,0,-0.0202,0.0198
Jesper Wallstedt,MIN,8482661,0,0.02504933997988701,0.02289007045328617,28,0.0212,0.0288
Jesper Wallstedt,MIN,8482661,1,0.02596304379403591,0.02289007045328617,19,0.0214,0.0306
Jesper Wallstedt,MIN,8482661,2,0.026786791160702705,0.02289007045328617,28,0.023,0.0306
Jesper Wallstedt,MIN,8482661,3,0.02768002264201641,0.02289007045328617,0,0.0077,0.0477
Jesper Wallstedt,MIN,8482661,4,0.028577500954270363,0.02289007045328617,65,0.0261,0.0311
Jesper Wallstedt,MIN,8482661,5,0.029347531497478485,0.02289007045328617,25,0.0253,0.0333
Jesper Wallstedt,MIN,8482661,6,0.030351653695106506,0.02289007045328617,0,0.0104,0.0504
Jesper Wallstedt,MIN,8482661,7,0.03133857622742653,0.02289007045328617,75,0.029,0.0336
Jesper Wallstedt,MIN,8482661,8,0.03218608349561691,0.02289007045328617,30,0.0285,0.0359
Jesper Wallstedt,MIN,8482661,9,0.03287143632769585,0.02289007045328617,100,0.0309,0.0349
Jesper Wallstedt,MIN,8482661,10,0.033252790570259094,0.02289007045328617,53,0.0306,0.036
Jesper Wallstedt,MIN,8482661,11,0.03352614492177963,0.02289007045328617,73,0.0312,0.0358
Jesper Wallstedt,MIN,8482661,12,0.03381945937871933,0.02289007045328617,42,0.0307,0.0369
Jesper Wallstedt,MIN,8482661,13,0.03379550948739052,0.02289007045328617,77,0.0315,0.0361
Jesper Wallstedt,MIN,8482661,14,0.03378060832619667,0.02289007045328617,35,0.0304,0.0372
Jesper Wallstedt,MIN,8482661,15,0.033856481313705444,0.02289007045328617,88,0.0318,0.036
Jesper Wallstedt,MIN,8482661,16,0.033921338617801666,0.02289007045328617,42,0.0308,0.037
Jesper Wallstedt,MIN,8482661,17,0.03389538824558258,0.02289007045328617,58,0.0313,0.0365
Jesper Wallstedt,MIN,8482661,18,0.03447122871875763,0.02289007045328617,47,0.0316,0.0374
Jesper Wallstedt,MIN,8482661,19,0.03520797938108444,0.02289007045328617,89,0.0331,0.0373
Jesper Wallstedt,MIN,8482661,20,0.0359131321310997,0.02289007045328617,0,0.0159,0.0559
Jesper Wallstedt,MIN,8482661,21,0.03660978749394417,0.02289007045328617,41,0.0335,0.0397
Jesper Wallstedt,MIN,8482661,22,0.03732657805085182,0.02289007045328617,61,0.0347,0.0399
Jesper Wallstedt,MIN,8482661,23,0.03818510100245476,0.02289007045328617,31,0.0346,0.0418
Jesper Wallstedt,MIN,8482661,24,0.03909536451101303,0.02289007045328617,27,0.0353,0.0429
Jesper Wallstedt,MIN,8482661,25,0.03993011265993118,0.02289007045328617,41,0.0368,0.043
Jesper Wallstedt,MIN,8482661,26,0.040647704154253006,0.02289007045328617,61,0.038,0.0432
Jesper Wallstedt,MIN,8482661,27,0.041431769728660583,0.02289007045328617,63,0.0389,0.0439
Jesper Wallstedt,MIN,8482661,28,0.04179617017507553,0.02289007045328617,131,0.0401,0.0435
Jesper Wallstedt,MIN,8482661,29,0.04185191169381142,0.02289007045328617,111,0.04,0.0438
Jesper Wallstedt,MIN,8482661,30,0.042058318853378296,0.02289007045328617,40,0.0389,0.0453
Jesper Wallstedt,MIN,8482661,31,0.0421292744576931,0.02289007045328617,101,0.0401,0.0441
Jesper Wallstedt,MIN,8482661,32,0.04213077947497368,0.02289007045328617,0,0.0221,0.0621
Jesper Wallstedt,MIN,8482661,33,0.042133502662181854,0.02289007045328617,0,0.0221,0.0621
Jesper Wallstedt,MIN,8482661,34,0.04213663935661316,0.02289007045328617,0,0.0221,0.0621
Jesper Wallstedt,MIN,8482661,35,0.042137883603572845,0.02289007045328617,0,0.0221,0.0621
Kaapo Kahkonen,MTL,8478039,0,-0.002999970456585288,-0.0032061466481536627,0,-0.023,0.017
Kaapo Kahkonen,MTL,8478039,1,-0.0029099080711603165,-0.0032061466481536627,38,-0.0061,0.0003
Kaapo Kahkonen,MTL,8478039,2,-0.002940440084785223,-0.0032061466481536627,0,-0.0229,0.0171
Kaapo Kahkonen,MTL,8478039,3,-0.0029702342581003904,-0.0032061466481536627,0,-0.023,0.017
Kaapo Kahkonen,MTL,8478039,4,-0.003002797020599246,-0.0032061466481536627,0,-0.023,0.017
Kaapo Kahkonen,MTL,8478039,5,-0.0030292754527181387,-0.0032061466481536627,0,-0.023,0.017
Kaapo Kahkonen,MTL,8478039,6,-0.0030631981790065765,-0.0032061466481536627,0,-0.0231,0.0169
Kaapo Kahkonen,MTL,8478039,7,-0.0031014420092105865,-0.0032061466481536627,0,-0.0231,0.0169
Kaapo Kahkonen,MTL,8478039,8,-0.0031394732650369406,-0.0032061466481536627,0,-0.0231,0.0169
Kaapo Kahkonen,MTL,8478039,9,-0.0031750767957419157,-0.0032061466481536627,0,-0.0232,0.0168
Kaapo Kahkonen,MTL,8478039,10,-0.0032067818101495504,-0.0032061466481536627,0,-0.0232,0.0168
Kaapo Kahkonen,MTL,8478039,11,-0.0032455322798341513,-0.0032061466481536627,0,-0.0232,0.0168
Kaapo Kahkonen,MTL,8478039,12,-0.003271833760663867,-0.0032061466481536627,0,-0.0233,0.0167
Kaapo Kahkonen,MTL,8478039,13,-0.0032903130631893873,-0.0032061466481536627,0,-0.0233,0.0167
Kaapo Kahkonen,MTL,8478039,14,-0.003299673553556204,-0.0032061466481536627,0,-0.0233,0.0167
Kaapo Kahkonen,MTL,8478039,15,-0.0033097118139266968,-0.0032061466481536627,0,-0.0233,0.0167
Kaapo Kahkonen,MTL,8478039,16,-0.0033297359477728605,-0.0032061466481536627,0,-0.0233,0.0167
Kaapo Kahkonen,MTL,8478039,17,-0.003357435343787074,-0.0032061466481536627,0,-0.0234,0.0166
Kaapo Kahkonen,MTL,8478039,18,-0.003374844789505005,-0.0032061466481536627,0,-0.0234,0.0166
Kaapo Kahkonen,MTL,8478039,19,-0.0033872434869408607,-0.0032061466481536627,0,-0.0234,0.0166
Kaapo Kahkonen,MTL,8478039,20,-0.0034044564235955477,-0.0032061466481536627,0,-0.0234,0.0166
Kaapo Kahkonen,MTL,8478039,21,-0.003424805123358965,-0.0032061466481536627,0,-0.0234,0.0166
Kaapo Kahkonen,MTL,8478039,22,-0.0034325842279940844,-0.0032061466481536627,0,-0.0234,0.0166
Kaapo Kahkonen,MTL,8478039,23,-0.003434461075812578,-0.0032061466481536627,0,-0.0234,0.0166
Kaapo Kahkonen,MTL,8478039,24,-0.003423087764531374,-0.0032061466481536627,0,-0.0234,0.0166
Kaapo Kahkonen,MTL,8478039,25,-0.0034092688001692295,-0.0032061466481536627,0,-0.0234,0.0166
Kaapo Kahkonen,MTL,8478039,26,-0.0034188246354460716,-0.0032061466481536627,0,-0.0234,0.0166
Kaapo Kahkonen,MTL,8478039,27,-0.003422090783715248,-0.0032061466481536627,0,-0.0234,0.0166
Kaapo Kahkonen,MTL,8478039,28,-0.0034289732575416565,-0.0032061466481536627,0,-0.0234,0.0166
Kaapo Kahkonen,MTL,8478039,29,-0.0034327004104852676,-0.0032061466481536627,0,-0.0234,0.0166
Kaapo Kahkonen,MTL,8478039,30,-0.0034363591112196445,-0.0032061466481536627,0,-0.0234,0.0166
Kaapo Kahkonen,MTL,8478039,31,-0.003436470404267311,-0.0032061466481536627,0,-0.0234,0.0166
Kaapo Kahkonen,MTL,8478039,32,-0.003434219863265753,-0.0032061466481536627,0,-0.0234,0.0166
Kaapo Kahkonen,MTL,8478039,33,-0.00343154976144433,-0.0032061466481536627,0,-0.0234,0.0166
Kaapo Kahkonen,MTL,8478039,34,-0.0034281457774341106,-0.0032061466481536627,0,-0.0234,0.0166
Kaapo Kahkonen,MTL,8478039,35,-0.003427199786528945,-0.0032061466481536627,0,-0.0234,0.0166
Spencer Knight,CHI,8481519,0,0.024910328909754753,0.02395576797425747,0,0.0049,0.0449
Spencer Knight,CHI,8481519,1,0.02534007653594017,0.02395576797425747,30,0.0216,0.029
Spencer Knight,CHI,8481519,2,0.025769077241420746,0.02395576797425747,54,0.0231,0.0285
Spencer Knight,CHI,8481519,3,0.02620002068579197,0.02395576797425747,63,0.0237,0.0287
Spencer Knight,CHI,8481519,4,0.026485610753297806,0.02395576797425747,114,0.0246,0.0284
Spencer Knight,CHI,8481519,5,0.02633589319884777,0.02395576797425747,48,0.0234,0.0292
Spencer Knight,CHI,8481519,6,0.02609005570411682,0.02395576797425747,105,0.0241,0.0281
Spencer Knight,CHI,8481519,7,0.026152634993195534,0.02395576797425747,98,0.0242,0.0282
Spencer Knight,CHI,8481519,8,0.02571902610361576,0.02395576797425747,94,0.0236,0.0278
Spencer Knight,CHI,8481519,9,0.025303805246949196,0.02395576797425747,66,0.0228,0.0278
Spencer Knight,CHI,8481519,10,0.024859720841050148,0.02395576797425747,65,0.0224,0.0274
Spencer Knight,CHI,8481519,11,0.02461632899940014,0.02395576797425747,113,0.0227,0.0265
Spencer Knight,CHI,8481519,12,0.02454143948853016,0.02395576797425747,69,0.0221,0.0269
Spencer Knight,CHI,8481519,13,0.024266216903924942,0.02395576797425747,79,0.022,0.0266
Spencer Knight,CHI,8481519,14,0.024034349247813225,0.02395576797425747,39,0.0208,0.0272
Spencer Knight,CHI,8481519,15,0.02408774383366108,0.02395576797425747,102,0.0221,0.0261
Spencer Knight,CHI,8481519,16,0.023868190124630928,0.02395576797425747,33,0.0204,0.0274
Spencer Knight,CHI,8481519,17,0.02372756600379944,0.02395576797425747,74,0.0214,0.026
Spencer Knight,CHI,8481519,18,0.023382071405649185,0.02395576797425747,109,0.0215,0.0253
Spencer Knight,CHI,8481519,19,0.023068973794579506,0.02395576797425747,71,0.0207,0.0255
Spencer Knight,CHI,8481519,20,0.022731777280569077,0.02395576797425747,65,0.0202,0.0252
Spencer Knight,CHI,8481519,21,0.022502223029732704,0.02395576797425747,73,0.0202,0.0248
Spencer Knight,CHI,8481519,22,0.02229129709303379,0.02395576797425747,91,0.0202,0.0244
Spencer Knight,CHI,8481519,23,0.021848948672413826,0.02395576797425747,107,0.0199,0.0237
Spencer Knight,CHI,8481519,24,0.02138630673289299,0.02395576797425747,117,0.0196,0.0232
Spencer Knight,CHI,8481519,25,0.020775027573108673,0.02395576797425747,70,0.0184,0.0232
Spencer Knight,CHI,8481519,26,0.020003532990813255,0.02395576797425747,68,0.0176,0.0224
Spencer Knight,CHI,8481519,27,0.019791999831795692,0.02395576797425747,61,0.0172,0.0224
Spencer Knight,CHI,8481519,28,0.01978381723165512,0.02395576797425747,0,-0.0002,0.0398
Spencer Knight,CHI,8481519,29,0.019780969247221947,0.02395576797425747,0,-0.0002,0.0398
Spencer Knight,CHI,8481519,30,0.019776761531829834,0.02395576797425747,0,-0.0002,0.0398
Spencer Knight,CHI,8481519,31,0.019777167588472366,0.02395576797425747,0,-0.0002,0.0398
Spencer Knight,CHI,8481519,32,0.019778525456786156,0.02395576797425747,0,-0.0002,0.0398
Spencer Knight,CHI,8481519,33,0.01978292129933834,0.02395576797425747,0,-0.0002,0.0398
Spencer Knight,CHI,8481519,34,0.019783878698945045,0.02395576797425747,0,-0.0002,0.0398
Spencer Knight,CHI,8481519,35,0.019787129014730453,0.02395576797425747,0,-0.0002,0.0398
Matt Murray,NSH,8483575,0,0.0007284387247636914,0.00052722601685673,14,-0.0046,0.006
Matt Murray,NSH,8483575,1,0.0007110153092071414,0.00052722601685673,2,-0.0134,0.0148
Matt Murray,NSH,8483575,2,0.000680449535138905,0.00052722601685673,0,-0.0193,0.0207
Matt Murray,NSH,8483575,3,0.000651010253932327,0.00052722601685673,0,-0.0193,0.0207
Matt Murray,NSH,8483575,4,0.0006181611679494381,0.00052722601685673,0,-0.0194,0.0206
Matt Murray,NSH,8483575,5,0.0005920802941545844,0.00052722601685673,0,-0.0194,0.0206
Matt Murray,NSH,8483575,6,0.0005579505814239383,0.00052722601685673,0,-0.0194,0.0206
Matt Murray,NSH,8483575,7,0.000520089000929147,0.00052722601685673,0,-0.0195,0.0205
Matt Murray,NSH,8483575,8,0.0004818254674319178,0.00052722601685673,0,-0.0195,0.0205
Matt Murray,NSH,8483575,9,0.0004464533121790737,0.00052722601685673,0,-0.0196,0.0204
Matt Murray,NSH,8483575,10,0.0004148513835389167,0.00052722601685673,0,-0.0196,0.0204
Matt Murray,NSH,8483575,11,0.0003759821120183915,0.00052722601685673,0,-0.0196,0.0204
Matt Murray,NSH,8483575,12,0.00034989413688890636,0.00052722601685673,0,-0.0197,0.0203
Matt Murray,NSH,8483575,13,0.0003314268251415342,0.00052722601685673,0,-0.0197,0.0203
Matt Murray,NSH,8483575,14,0.0003221285587642342,0.00052722601685673,0,-0.0197,0.0203
Matt Murray,NSH,8483575,15,0.0003121132613159716,0.00052722601685673,0,-0.0197,0.0203
Matt Murray,NSH,8483575,16,0.0002921674167737365,0.00052722601685673,0,-0.0197,0.0203
Matt Murray,NSH,8483575,17,0.00026453292230144143,0.00052722601685673,0,-0.0197,0.0203
Matt Murray,NSH,8483575,18,0.0002471025800332427,0.00052722601685673,0,-0.0198,0.0202
Matt Murray,NSH,8483575,19,0.00023484753910452127,0.00052722601685673,0,-0.0198,0.0202
Matt Murray,NSH,8483575,20,0.00021751917665824294,0.00052722601685673,0,-0.0198,0.0202
Matt Murray,NSH,8483575,21,0.0001974086044356227,0.00052722601685673,0,-0.0198,0.0202
Matt Murray,NSH,8483575,22,0.00018947216449305415,0.00052722601685673,0,-0.0198,0.0202
Matt Murray,NSH,8483575,23,0.00018781778635457158,0.00052722601685673,0,-0.0198,0.0202
Matt Murray,NSH,8483575,24,0.0001989814336411655,0.00052722601685673,0,-0.0198,0.0202
Matt Murray,NSH,8483575,25,0.00021311710588634014,0.00052722601685673,0,-0.0198,0.0202
Matt Murray,NSH,8483575,26,0.00020332523854449391,0.00052722601685673,0,-0.0198,0.0202
Matt Murray,NSH,8483575,27,0.00020019744988530874,0.00052722601685673,0,-0.0198,0.0202
Matt Murray,NSH,8483575,28,0.00019338761921972036,0.00052722601685673,0,-0.0198,0.0202
Matt Murray,NSH,8483575,29,0.00018953689141198993,0.00052722601685673,0,-0.0198,0.0202
Matt Murray,NSH,8483575,30,0.00018602405907586217,0.00052722601685673,0,-0.0198,0.0202
Matt Murray,NSH,8483575,31,0.00018585141515359282,0.00052722601685673,0,-0.0198,0.0202
Matt Murray,NSH,8483575,32,0.000188169302418828,0.00052722601685673,0,-0.0198,0.0202
Matt Murray,NSH,8483575,33,0.00019074662122875452,0.00052722601685673,0,-0.0198,0.0202
Matt Murray,NSH,8483575,34,0.00019435916328802705,0.00052722601685673,0,-0.0198,0.0202
Matt Murray,NSH,8483575,35,0.00019518681801855564,0.00052722601685673,0,-0.0198,0.0202
8481749,,8481749,0,-0.0014829328283667564,-0.0014202710008248687,0,-0.0215,0.0185
8481749,,8481749,1,-0.0015126713551580906,-0.0014202710008248687,0,-0.0215,0.0185
8481749,,8481749,2,-0.001543127465993166,-0.0014202710008248687,0,-0.0215,0.0185
8481749,,8481749,3,-0.001572740962728858,-0.0014202710008248687,0,-0.0216,0.0184
8481749,,8481749,4,-0.0016055003507062793,-0.0014202710008248687,0,-0.0216,0.0184
8481749,,8481749,5,-0.0016319138230755925,-0.0014202710008248687,0,-0.0216,0.0184
8481749,,8481749,6,-0.0016658034874126315,-0.0014202710008248687,0,-0.0217,0.0183
8481749,,8481749,7,-0.0017039941158145666,-0.0014202710008248687,0,-0.0217,0.0183
8481749,,8481749,8,-0.0017420765943825245,-0.0014202710008248687,0,-0.0217,0.0183
8481749,,8481749,9,-0.0017776689492166042,-0.0014202710008248687,0,-0.0218,0.0182
8481749,,8481749,10,-0.0018092901445925236,-0.0014202710008248687,0,-0.0218,0.0182
8481749,,8481749,11,-0.0018481662264093757,-0.0014202710008248687,0,-0.0218,0.0182
8481749,,8481749,12,-0.0018743324326351285,-0.0014202710008248687,0,-0.0219,0.0181
8481749,,8481749,13,-0.0018928443314507604,-0.0014202710008248687,0,-0.0219,0.0181
8481749,,8481749,14,-0.001902237650938332,-0.0014202710008248687,0,-0.0219,0.0181
8481749,,8481749,15,-0.0019121835939586163,-0.0014202710008248687,0,-0.0219,0.0181
8481749,,8481749,16,-0.0019322829321026802,-0.0014202710008248687,0,-0.0219,0.0181
8481749,,8481749,17,-0.001959890825673938,-0.0014202710008248687,0,-0.022,0.018
8481749,,8481749,18,-0.0019774180836975574,-0.0014202710008248687,0,-0.022,0.018
8481749,,8481749,19,-0.0019896109588444233,-0.0014202710008248687,0,-0.022,0.018
8481749,,8481749,20,-0.0020071002654731274,-0.0014202710008248687,0,-0.022,0.018
8481749,,8481749,21,-0.0020270757377147675,-0.0014202710008248687,0,-0.022,0.018
8481749,,8481749,22,-0.002035278594121337,-0.0014202710008248687,0,-0.022,0.018
8481749,,8481749,23,-0.0020367205142974854,-0.0014202710008248687,0,-0.022,0.018
8481749,,8481749,24,-0.0020257297437638044,-0.0014202710008248687,0,-0.022,0.018
8481749,,8481749,25,-0.0020115498919039965,-0.0014202710008248687,0,-0.022,0.018
8481749,,8481749,26,-0.002021405380219221,-0.0014202710008248687,0,-0.022,0.018
8481749,,8481749,27,-0.0020245318301022053,-0.0014202710008248687,0,-0.022,0.018
8481749,,8481749,28,-0.002031358890235424,-0.0014202710008248687,0,-0.022,0.018
8481749,,8481749,29,-0.002035166835412383,-0.0014202710008248687,0,-0.022,0.018
8481749,,8481749,30,-0.0020388441625982523,-0.0014202710008248687,0,-0.022,0.018
8481749,,8481749,31,-0.0020388069096952677,-0.0014202710008248687,0,-0.022,0.018
8481749,,8481749,32,-0.0020367747638374567,-0.0014202710008248687,0,-0.022,0.018
8481749,,8481749,33,-0.0020339046604931355,-0.0014202710008248687,0,-0.022,0.018
8481749,,8481749,34,-0.0020305837970227003,-0.0014202710008248687,0,-0.022,0.018
8481749,,8481749,35,-0.0020296373404562473,-0.0014202710008248687,0,-0.022,0.018
Cooper Black,FLA,8484900,0,-0.012082292698323727,-0.011500666849315166,16,-0.0171,-0.0071
Cooper Black,FLA,8484900,1,-0.012356176972389221,-0.011500666849315166,0,-0.0324,0.0076
Cooper Black,FLA,8484900,2,-0.012628328986465931,-0.011500666849315166,9,-0.0193,-0.0059
Cooper Black,FLA,8484900,3,-0.012659057974815369,-0.011500666849315166,0,-0.0327,0.0073
Cooper Black,FLA,8484900,4,-0.01269167847931385,-0.011500666849315166,0,-0.0327,0.0073
Cooper Black,FLA,8484900,5,-0.012718209065496922,-0.011500666849315166,0,-0.0327,0.0073
Cooper Black,FLA,8484900,6,-0.012752952985465527,-0.011500666849315166,0,-0.0328,0.0072
Cooper Black,FLA,8484900,7,-0.012790480628609657,-0.011500666849315166,0,-0.0328,0.0072
Cooper Black,FLA,8484900,8,-0.01282950583845377,-0.011500666849315166,0,-0.0328,0.0072
Cooper Black,FLA,8484900,9,-0.012864839285612106,-0.011500666849315166,0,-0.0329,0.0071
Cooper Black,FLA,8484900,10,-0.012897377833724022,-0.011500666849315166,0,-0.0329,0.0071
Cooper Black,FLA,8484900,11,-0.012935278005897999,-0.011500666849315166,0,-0.0329,0.0071
Cooper Black,FLA,8484900,12,-0.01296315435320139,-0.011500666849315166,0,-0.033,0.007
Cooper Black,FLA,8484900,13,-0.012980266474187374,-0.011500666849315166,0,-0.033,0.007
Cooper Black,FLA,8484900,14,-0.012991142459213734,-0.011500666849315166,0,-0.033,0.007
Cooper Black,FLA,8484900,15,-0.01300019584596157,-0.011500666849315166,0,-0.033,0.007
Cooper Black,FLA,8484900,16,-0.013021469116210938,-0.011500666849315166,0,-0.033,0.007
Cooper Black,FLA,8484900,17,-0.013048503547906876,-0.011500666849315166,0,-0.033,0.007
Cooper Black,FLA,8484900,18,-0.013066265732049942,-0.011500666849315166,0,-0.0331,0.0069
Cooper Black,FLA,8484900,19,-0.013078968971967697,-0.011500666849315166,0,-0.0331,0.0069
Cooper Black,FLA,8484900,20,-0.013096225447952747,-0.011500666849315166,0,-0.0331,0.0069
Cooper Black,FLA,8484900,21,-0.013116484507918358,-0.011500666849315166,0,-0.0331,0.0069
Cooper Black,FLA,8484900,22,-0.013124878518283367,-0.011500666849315166,0,-0.0331,0.0069
Cooper Black,FLA,8484900,23,-0.013126231729984283,-0.011500666849315166,0,-0.0331,0.0069
Cooper Black,FLA,8484900,24,-0.013115456327795982,-0.011500666849315166,0,-0.0331,0.0069
Cooper Black,FLA,8484900,25,-0.013101327233016491,-0.011500666849315166,0,-0.0331,0.0069
Cooper Black,FLA,8484900,26,-0.013110941275954247,-0.011500666849315166,0,-0.0331,0.0069
Cooper Black,FLA,8484900,27,-0.013115094974637032,-0.011500666849315166,0,-0.0331,0.0069
Cooper Black,FLA,8484900,28,-0.013120888732373714,-0.011500666849315166,0,-0.0331,0.0069
Cooper Black,FLA,8484900,29,-0.013125571422278881,-0.011500666849315166,0,-0.0331,0.0069
Cooper Black,FLA,8484900,30,-0.013128669932484627,-0.011500666849315166,0,-0.0331,0.0069
Cooper Black,FLA,8484900,31,-0.013129071332514286,-0.011500666849315166,0,-0.0331,0.0069
Cooper Black,FLA,8484900,32,-0.013126827776432037,-0.011500666849315166,0,-0.0331,0.0069
Cooper Black,FLA,8484900,33,-0.013124221004545689,-0.011500666849315166,0,-0.0331,0.0069
Cooper Black,FLA,8484900,34,-0.013120683841407299,-0.011500666849315166,0,-0.0331,0.0069
Cooper Black,FLA,8484900,35,-0.013120287097990513,-0.011500666849315166,0,-0.0331,0.0069
Ivan Fedotov,CBJ,8478905,0,-0.028120098635554314,-0.028204791247844696,19,-0.0327,-0.0235
Ivan Fedotov,CBJ,8478905,1,-0.02809760347008705,-0.028204791247844696,27,-0.0319,-0.0243
Ivan Fedotov,CBJ,8478905,2,-0.028128398582339287,-0.028204791247844696,0,-0.0481,-0.0081
Ivan Fedotov,CBJ,8478905,3,-0.028158944100141525,-0.028204791247844696,0,-0.0482,-0.0082
Ivan Fedotov,CBJ,8478905,4,-0.02818928472697735,-0.028204791247844696,0,-0.0482,-0.0082
Ivan Fedotov,CBJ,8478905,5,-0.02821982651948929,-0.028204791247844696,0,-0.0482,-0.0082
Ivan Fedotov,CBJ,8478905,6,-0.028248952701687813,-0.028204791247844696,0,-0.0482,-0.0082
Ivan Fedotov,CBJ,8478905,7,-0.02829059213399887,-0.028204791247844696,0,-0.0483,-0.0083
Ivan Fedotov,CBJ,8478905,8,-0.028327031061053276,-0.028204791247844696,0,-0.0483,-0.0083
Ivan Fedotov,CBJ,8478905,9,-0.028363138437271118,-0.028204791247844696,0,-0.0484,-0.0084
Ivan Fedotov,CBJ,8478905,10,-0.028395285829901695,-0.028204791247844696,0,-0.0484,-0.0084
Ivan Fedotov,CBJ,8478905,11,-0.028432385995984077,-0.028204791247844696,0,-0.0484,-0.0084
Ivan Fedotov,CBJ,8478905,12,-0.028461141511797905,-0.028204791247844696,0,-0.0485,-0.0085
Ivan Fedotov,CBJ,8478905,13,-0.028477050364017487,-0.028204791247844696,0,-0.0485,-0.0085
Ivan Fedotov,CBJ,8478905,14,-0.028488490730524063,-0.028204791247844696,0,-0.0485,-0.0085
Ivan Fedotov,CBJ,8478905,15,-0.02849661000072956,-0.028204791247844696,0,-0.0485,-0.0085
Ivan Fedotov,CBJ,8478905,16,-0.028518211096525192,-0.028204791247844696,0,-0.0485,-0.0085
Ivan Fedotov,CBJ,8478905,17,-0.02854524552822113,-0.028204791247844696,0,-0.0485,-0.0085
Ivan Fedotov,CBJ,8478905,18,-0.02856234833598137,-0.028204791247844696,0,-0.0486,-0.0086
Ivan Fedotov,CBJ,8478905,19,-0.028575656935572624,-0.028204791247844696,0,-0.0486,-0.0086
Ivan Fedotov,CBJ,8478905,20,-0.028592022135853767,-0.028204791247844696,0,-0.0486,-0.0086
Ivan Fedotov,CBJ,8478905,21,-0.028612151741981506,-0.028204791247844696,0,-0.0486,-0.0086
Ivan Fedotov,CBJ,8478905,22,-0.028620757162570953,-0.028204791247844696,0,-0.0486,-0.0086
Ivan Fedotov,CBJ,8478905,23,-0.028622161597013474,-0.028204791247844696,0,-0.0486,-0.0086
Ivan Fedotov,CBJ,8478905,24,-0.028611283749341965,-0.028204791247844696,0,-0.0486,-0.0086
Ivan Fedotov,CBJ,8478905,25,-0.028596388176083565,-0.028204791247844696,0,-0.0486,-0.0086
Ivan Fedotov,CBJ,8478905,26,-0.028607847169041634,-0.028204791247844696,0,-0.0486,-0.0086
Ivan Fedotov,CBJ,8478905,27,-0.028607817366719246,-0.028204791247844696,0,-0.0486,-0.0086
Ivan Fedotov,CBJ,8478905,28,-0.028618652373552322,-0.028204791247844696,0,-0.0486,-0.0086
Ivan Fedotov,CBJ,8478905,29,-0.02861900068819523,-0.028204791247844696,0,-0.0486,-0.0086
Ivan Fedotov,CBJ,8478905,30,-0.028625400736927986,-0.028204791247844696,0,-0.0486,-0.0086
Ivan Fedotov,CBJ,8478905,31,-0.02862282656133175,-0.028204791247844696,0,-0.0486,-0.0086
Ivan Fedotov,CBJ,8478905,32,-0.028623487800359726,-0.028204791247844696,0,-0.0486,-0.0086
Ivan Fedotov,CBJ,8478905,33,-0.028617756441235542,-0.028204791247844696,0,-0.0486,-0.0086
Ivan Fedotov,CBJ,8478905,34,-0.02861730381846428,-0.028204791247844696,0,-0.0486,-0.0086
Ivan Fedotov,CBJ,8478905,35,-0.02861422300338745,-0.028204791247844696,0,-0.0486,-0.0086
Hunter Shepard,OTT,8482411,0,-0.016988102346658707,-0.016892539337277412,0,-0.037,0.003
Hunter Shepard,OTT,8482411,1,-0.017032992094755173,-0.016892539337277412,5,-0.0259,-0.0081
Hunter Shepard,OTT,8482411,2,-0.01710592955350876,-0.016892539337277412,0,-0.0371,0.0029
Hunter Shepard,OTT,8482411,3,-0.017175544053316116,-0.016892539337277412,0,-0.0372,0.0028
Hunter Shepard,OTT,8482411,4,-0.017253659665584564,-0.016892539337277412,0,-0.0373,0.0027
Hunter Shepard,OTT,8482411,5,-0.01731906458735466,-0.016892539337277412,0,-0.0373,0.0027
Hunter Shepard,OTT,8482411,6,-0.017397120594978333,-0.016892539337277412,0,-0.0374,0.0026
Hunter Shepard,OTT,8482411,7,-0.017475280910730362,-0.016892539337277412,0,-0.0375,0.0025
Hunter Shepard,OTT,8482411,8,-0.01755778305232525,-0.016892539337277412,0,-0.0376,0.0024
Hunter Shepard,OTT,8482411,9,-0.017633408308029175,-0.016892539337277412,0,-0.0376,0.0024
Hunter Shepard,OTT,8482411,10,-0.017707914113998413,-0.016892539337277412,0,-0.0377,0.0023
Hunter Shepard,OTT,8482411,11,-0.01778903789818287,-0.016892539337277412,0,-0.0378,0.0022
Hunter Shepard,OTT,8482411,12,-0.017856614664196968,-0.016892539337277412,0,-0.0379,0.0021
Hunter Shepard,OTT,8482411,13,-0.017917364835739136,-0.016892539337277412,0,-0.0379,0.0021
Hunter Shepard,OTT,8482411,14,-0.017968779429793358,-0.016892539337277412,0,-0.038,0.002
Hunter Shepard,OTT,8482411,15,-0.01801970787346363,-0.016892539337277412,0,-0.038,0.002
Hunter Shepard,OTT,8482411,16,-0.018084466457366943,-0.016892539337277412,13,-0.0236,-0.0126
Hunter Shepard,OTT,8482411,17,-0.01810816116631031,-0.016892539337277412,0,-0.0381,0.0019
Hunter Shepard,OTT,8482411,18,-0.018130142241716385,-0.016892539337277412,0,-0.0381,0.0019
Hunter Shepard,OTT,8482411,19,-0.018139267340302467,-0.016892539337277412,0,-0.0381,0.0019
Hunter Shepard,OTT,8482411,20,-0.018158813938498497,-0.016892539337277412,0,-0.0382,0.0018
Hunter Shepard,OTT,8482411,21,-0.018177924677729607,-0.016892539337277412,0,-0.0382,0.0018
Hunter Shepard,OTT,8482411,22,-0.01818617433309555,-0.016892539337277412,0,-0.0382,0.0018
Hunter Shepard,OTT,8482411,23,-0.018189221620559692,-0.016892539337277412,0,-0.0382,0.0018
Hunter Shepard,OTT,8482411,24,-0.01817578449845314,-0.016892539337277412,0,-0.0382,0.0018
Hunter Shepard,OTT,8482411,25,-0.018165023997426033,-0.016892539337277412,0,-0.0382,0.0018
Hunter Shepard,OTT,8482411,26,-0.018171386793255806,-0.016892539337277412,0,-0.0382,0.0018
Hunter Shepard,OTT,8482411,27,-0.01817798614501953,-0.016892539337277412,0,-0.0382,0.0018
Hunter Shepard,OTT,8482411,28,-0.0181816965341568,-0.016892539337277412,0,-0.0382,0.0018
Hunter Shepard,OTT,8482411,29,-0.018188651651144028,-0.016892539337277412,0,-0.0382,0.0018
Hunter Shepard,OTT,8482411,30,-0.018189411610364914,-0.016892539337277412,0,-0.0382,0.0018
Hunter Shepard,OTT,8482411,31,-0.018192585557699203,-0.016892539337277412,0,-0.0382,0.0018
Hunter Shepard,OTT,8482411,32,-0.018187081441283226,-0.016892539337277412,0,-0.0382,0.0018
Hunter Shepard,OTT,8482411,33,-0.01818791776895523,-0.016892539337277412,0,-0.0382,0.0018
Hunter Shepard,OTT,8482411,34,-0.01818077638745308,-0.016892539337277412,0,-0.0382,0.0018
Hunter Shepard,OTT,8482411,35,-0.018183229491114616,-0.016892539337277412,0,-0.0382,0.0018
Clay Stevenson,WSH,8483532,0,0.001987854251638055,0.001563066034577787,0,-0.018,0.022
Clay Stevenson,WSH,8483532,1,0.0021748507861047983,0.001563066034577787,0,-0.0178,0.0222
Clay Stevenson,WSH,8483532,2,0.0023608379997313023,0.001563066034577787,0,-0.0176,0.0224
Clay Stevenson,WSH,8483532,3,0.002547948155552149,0.001563066034577787,0,-0.0175,0.0225
Clay Stevenson,WSH,8483532,4,0.002731849905103445,0.001563066034577787,0,-0.0173,0.0227
Clay Stevenson,WSH,8483532,5,0.0029224399477243423,0.001563066034577787,0,-0.0171,0.0229
Clay Stevenson,WSH,8483532,6,0.00310438871383667,0.001563066034577787,0,-0.0169,0.0231
Clay Stevenson,WSH,8483532,7,0.003283980768173933,0.001563066034577787,0,-0.0167,0.0233
Clay Stevenson,WSH,8483532,8,0.003461211919784546,0.001563066034577787,0,-0.0165,0.0235
Clay Stevenson,WSH,8483532,9,0.003643651260063052,0.001563066034577787,0,-0.0164,0.0236
Clay Stevenson,WSH,8483532,10,0.0038274747785180807,0.001563066034577787,0,-0.0162,0.0238
Clay Stevenson,WSH,8483532,11,0.0040061320178210735,0.001563066034577787,0,-0.016,0.024
Clay Stevenson,WSH,8483532,12,0.004195941612124443,0.001563066034577787,0,-0.0158,0.0242
Clay Stevenson,WSH,8483532,13,0.004394614603370428,0.001563066034577787,0,-0.0156,0.0244
Clay Stevenson,WSH,8483532,14,0.004601525608450174,0.001563066034577787,0,-0.0154,0.0246
Clay Stevenson,WSH,8483532,15,0.004808237310498953,0.001563066034577787,0,-0.0152,0.0248
Clay Stevenson,WSH,8483532,16,0.005004941485822201,0.001563066034577787,0,-0.015,0.025
Clay Stevenson,WSH,8483532,17,0.0051936497911810875,0.001563066034577787,0,-0.0148,0.0252
Clay Stevenson,WSH,8483532,18,0.005393341649323702,0.001563066034577787,0,-0.0146,0.0254
Clay Stevenson,WSH,8483532,19,0.0055969334207475185,0.001563066034577787,40,0.0024,0.0088
Clay Stevenson,WSH,8483532,20,0.005870521999895573,0.001563066034577787,63,0.0034,0.0084
Clay Stevenson,WSH,8483532,21,0.005987325683236122,0.001563066034577787,0,-0.014,0.026
Clay Stevenson,WSH,8483532,22,0.006118117831647396,0.001563066034577787,0,-0.0139,0.0261
Clay Stevenson,WSH,8483532,23,0.006253635510802269,0.001563066034577787,0,-0.0137,0.0263
Clay Stevenson,WSH,8483532,24,0.00640315655618906,0.001563066034577787,0,-0.0136,0.0264
Clay Stevenson,WSH,8483532,25,0.006554804742336273,0.001563066034577787,0,-0.0134,0.0266
Clay Stevenson,WSH,8483532,26,0.006683117710053921,0.001563066034577787,0,-0.0133,0.0267
Clay Stevenson,WSH,8483532,27,0.0068177576176822186,0.001563066034577787,30,0.0031,0.0105
Clay Stevenson,WSH,8483532,28,0.006811002269387245,0.001563066034577787,0,-0.0132,0.0268
Clay Stevenson,WSH,8483532,29,0.006807105150073767,0.001563066034577787,0,-0.0132,0.0268
Clay Stevenson,WSH,8483532,30,0.006803440861403942,0.001563066034577787,0,-0.0132,0.0268
Clay Stevenson,WSH,8483532,31,0.006803676951676607,0.001563066034577787,0,-0.0132,0.0268
Clay Stevenson,WSH,8483532,32,0.006805413868278265,0.001563066034577787,0,-0.0132,0.0268
Clay Stevenson,WSH,8483532,33,0.006808803416788578,0.001563066034577787,0,-0.0132,0.0268
Clay Stevenson,WSH,8483532,34,0.006811394821852446,0.001563066034577787,0,-0.0132,0.0268
Clay Stevenson,WSH,8483532,35,0.006813012529164553,0.001563066034577787,0,-0.0132,0.0268
Carson Bjarnason,PHI,8484147,0,0.006622088607400656,0.006268955767154694,20,0.0021,0.0111
Carson Bjarnason,PHI,8484147,1,0.006592131685465574,0.006268955767154694,0,-0.0134,0.0266
Carson Bjarnason,PHI,8484147,2,0.006562481168657541,0.006268955767154694,0,-0.0134,0.0266
Carson Bjarnason,PHI,8484147,3,0.006532022729516029,0.006268955767154694,0,-0.0135,0.0265
Carson Bjarnason,PHI,8484147,4,0.006500758230686188,0.006268955767154694,0,-0.0135,0.0265
Carson Bjarnason,PHI,8484147,5,0.0064734346233308315,0.006268955767154694,0,-0.0135,0.0265
Carson Bjarnason,PHI,8484147,6,0.006440651137381792,0.006268955767154694,0,-0.0136,0.0264
Carson Bjarnason,PHI,8484147,7,0.0064018419943749905,0.006268955767154694,0,-0.0136,0.0264
Carson Bjarnason,PHI,8484147,8,0.006364874541759491,0.006268955767154694,0,-0.0136,0.0264
Carson Bjarnason,PHI,8484147,9,0.006328232120722532,0.006268955767154694,0,-0.0137,0.0263
Carson Bjarnason,PHI,8484147,10,0.006298184394836426,0.006268955767154694,0,-0.0137,0.0263
Carson Bjarnason,PHI,8484147,11,0.006258151959627867,0.006268955767154694,0,-0.0137,0.0263
Carson Bjarnason,PHI,8484147,12,0.006233242340385914,0.006268955767154694,0,-0.0138,0.0262
Carson Bjarnason,PHI,8484147,13,0.006214094813913107,0.006268955767154694,0,-0.0138,0.0262
Carson Bjarnason,PHI,8484147,14,0.006205316632986069,0.006268955767154694,0,-0.0138,0.0262
Carson Bjarnason,PHI,8484147,15,0.00619537103921175,0.006268955767154694,0,-0.0138,0.0262
Carson Bjarnason,PHI,8484147,16,0.006175286136567593,0.006268955767154694,0,-0.0138,0.0262
Carson Bjarnason,PHI,8484147,17,0.006148042622953653,0.006268955767154694,0,-0.0139,0.0261
Carson Bjarnason,PHI,8484147,18,0.006130432244390249,0.006268955767154694,0,-0.0139,0.0261
Carson Bjarnason,PHI,8484147,19,0.006118412129580975,0.006268955767154694,0,-0.0139,0.0261
Carson Bjarnason,PHI,8484147,20,0.006101067177951336,0.006268955767154694,0,-0.0139,0.0261
Carson Bjarnason,PHI,8484147,21,0.006081206724047661,0.006268955767154694,0,-0.0139,0.0261
Carson Bjarnason,PHI,8484147,22,0.006073071621358395,0.006268955767154694,0,-0.0139,0.0261
Carson Bjarnason,PHI,8484147,23,0.006071627140045166,0.006268955767154694,0,-0.0139,0.0261
Carson Bjarnason,PHI,8484147,24,0.006082921754568815,0.006268955767154694,0,-0.0139,0.0261
Carson Bjarnason,PHI,8484147,25,0.006096885539591312,0.006268955767154694,0,-0.0139,0.0261
Carson Bjarnason,PHI,8484147,26,0.006087508983910084,0.006268955767154694,0,-0.0139,0.0261
Carson Bjarnason,PHI,8484147,27,0.0060838270001113415,0.006268955767154694,0,-0.0139,0.0261
Carson Bjarnason,PHI,8484147,28,0.006077777594327927,0.006268955767154694,0,-0.0139,0.0261
Carson Bjarnason,PHI,8484147,29,0.0060732425190508366,0.006268955767154694,0,-0.0139,0.0261
Carson Bjarnason,PHI,8484147,30,0.0060705277137458324,0.006268955767154694,0,-0.0139,0.0261
Carson Bjarnason,PHI,8484147,31,0.006069487426429987,0.006268955767154694,0,-0.0139,0.0261
Carson Bjarnason,PHI,8484147,32,0.006072792690247297,0.006268955767154694,0,-0.0139,0.0261
Carson Bjarnason,PHI,8484147,33,0.006074350792914629,0.006268955767154694,0,-0.0139,0.0261
Carson Bjarnason,PHI,8484147,34,0.006079045124351978,0.006268955767154694,0,-0.0139,0.0261
Carson Bjarnason,PHI,8484147,35,0.0060792844742536545,0.006268955767154694,0,-0.0139,0.0261
Brandon Bussi,CAR,8483548,0,0.02771807089447975,0.02566342242062092,23,0.0235,0.0319
Brandon Bussi,CAR,8483548,1,0.028609612956643105,0.02566342242062092,0,0.0086,0.0486
Brandon Bussi,CAR,8483548,2,0.02949558012187481,0.02566342242062092,0,0.0095,0.0495
Brandon Bussi,CAR,8483548,3,0.030388791114091873,0.02566342242062092,0,0.0104,0.0504
Brandon Bussi,CAR,8483548,4,0.03127279877662659,0.02566342242062092,57,0.0287,0.0339
Brandon Bussi,CAR,8483548,5,0.03213079646229744,0.02566342242062092,32,0.0286,0.0356
Brandon Bussi,CAR,8483548,6,0.03280072286725044,0.02566342242062092,33,0.0293,0.0363
Brandon Bussi,CAR,8483548,7,0.0333598367869854,0.02566342242062092,17,0.0285,0.0383
Brandon Bussi,CAR,8483548,8,0.03411749377846718,0.02566342242062092,0,0.0141,0.0541
Brandon Bussi,CAR,8483548,9,0.03488779813051224,0.02566342242062092,36,0.0316,0.0382
Brandon Bussi,CAR,8483548,10,0.03561955690383911,0.02566342242062092,46,0.0327,0.0385
Brandon Bussi,CAR,8483548,11,0.03617112338542938,0.02566342242062092,33,0.0327,0.0397
Brandon Bussi,CAR,8483548,12,0.03672383353114128,0.02566342242062092,85,0.0345,0.0389
Brandon Bussi,CAR,8483548,13,0.036838263273239136,0.02566342242062092,44,0.0338,0.0398
Brandon Bussi,CAR,8483548,14,0.0367138609290123,0.02566342242062092,25,0.0327,0.0407
Brandon Bussi,CAR,8483548,15,0.03654610738158226,0.02566342242062092,77,0.0342,0.0388
Brandon Bussi,CAR,8483548,16,0.036577846854925156,0.02566342242062092,56,0.0339,0.0393
Brandon Bussi,CAR,8483548,17,0.03656638786196709,0.02566342242062092,53,0.0339,0.0393
Brandon Bussi,CAR,8483548,18,0.03647485002875328,0.02566342242062092,62,0.034,0.039
Brandon Bussi,CAR,8483548,19,0.036213744431734085,0.02566342242062092,56,0.0335,0.0389
Brandon Bussi,CAR,8483548,20,0.03616371378302574,0.02566342242062092,57,0.0336,0.0388
Brandon Bussi,CAR,8483548,21,0.03581519424915314,0.02566342242062092,32,0.0323,0.0393
Brandon Bussi,CAR,8483548,22,0.03555187210440636,0.02566342242062092,21,0.0312,0.04
Brandon Bussi,CAR,8483548,23,0.03535052388906479,0.02566342242062092,62,0.0329,0.0379
Brandon Bussi,CAR,8483548,24,0.035390738397836685,0.02566342242062092,25,0.0314,0.0394
Brandon Bussi,CAR,8483548,25,0.03546663373708725,0.02566342242062092,49,0.0326,0.0384
Brandon Bussi,CAR,8483548,26,0.035559359937906265,0.02566342242062092,28,0.0318,0.0394
Brandon Bussi,CAR,8483548,27,0.035992372781038284,0.02566342242062092,57,0.0334,0.0386
Brandon Bussi,CAR,8483548,28,0.036056604236364365,0.02566342242062092,0,0.0161,0.0561
Brandon Bussi,CAR,8483548,29,0.03611885383725166,0.02566342242062092,0,0.0161,0.0561
Brandon Bussi,CAR,8483548,30,0.03618577495217323,0.02566342242062092,0,0.0162,0.0562
Brandon Bussi,CAR,8483548,31,0.03625277802348137,0.02566342242062092,0,0.0163,0.0563
Brandon Bussi,CAR,8483548,32,0.03632643073797226,0.02566342242062092,0,0.0163,0.0563
Brandon Bussi,CAR,8483548,33,0.036394909024238586,0.02566342242062092,0,0.0164,0.0564
Brandon Bussi,CAR,8483548,34,0.03647078573703766,0.02566342242062092,24,0.0324,0.0406
Brandon Bussi,CAR,8483548,35,0.03646066039800644,0.02566342242062092,64,0.034,0.039
8475839,,8475839,0,8.637286373414099e-05,0.00014895574713591486,0,-0.0199,0.0201
8475839,,8475839,1,5.678676825482398e-05,0.00014895574713591486,0,-0.0199,0.0201
8475839,,8475839,2,2.628615766298026e-05,0.00014895574713591486,0,-0.02,0.02
8475839,,8475839,3,-3.2242824090644717e-06,0.00014895574713591486,0,-0.02,0.02
8475839,,8475839,4,-3.599666524678469e-05,0.00014895574713591486,0,-0.02,0.02
8475839,,8475839,5,-6.21224899077788e-05,0.00014895574713591486,0,-0.0201,0.0199
8475839,,8475839,6,-9.623172809369862e-05,0.00014895574713591486,0,-0.0201,0.0199
8475839,,8475839,7,-0.00013412658881861717,0.00014895574713591486,0,-0.0201,0.0199
8475839,,8475839,8,-0.00017234095139428973,0.00014895574713591486,0,-0.0202,0.0198
8475839,,8475839,9,-0.00020774517906829715,0.00014895574713591486,0,-0.0202,0.0198
8475839,,8475839,10,-0.00023933459306135774,0.00014895574713591486,0,-0.0202,0.0198
8475839,,8475839,11,-0.00027821760158985853,0.00014895574713591486,0,-0.0203,0.0197
8475839,,8475839,12,-0.00030426570447161794,0.00014895574713591486,0,-0.0203,0.0197
8475839,,8475839,13,-0.0003227887209504843,0.00014895574713591486,0,-0.0203,0.0197
8475839,,8475839,14,-0.00033203267958015203,0.00014895574713591486,0,-0.0203,0.0197
8475839,,8475839,15,-0.00034209457226097584,0.00014895574713591486,0,-0.0203,0.0197
8475839,,8475839,16,-0.0003620071802288294,0.00014895574713591486,0,-0.0204,0.0196
8475839,,8475839,17,-0.000389651715522632,0.00014895574713591486,0,-0.0204,0.0196
8475839,,8475839,18,-0.00040707760490477085,0.00014895574713591486,0,-0.0204,0.0196
8475839,,8475839,19,-0.00041932956082746387,0.00014895574713591486,0,-0.0204,0.0196
8475839,,8475839,20,-0.00043668237049132586,0.00014895574713591486,0,-0.0204,0.0196
8475839,,8475839,21,-0.00045676768058910966,0.00014895574713591486,0,-0.0205,0.0195
8475839,,8475839,22,-0.0004646932939067483,0.00014895574713591486,0,-0.0205,0.0195
8475839,,8475839,23,-0.00046638917410746217,0.00014895574713591486,0,-0.0205,0.0195
8475839,,8475839,24,-0.0004551780875772238,0.00014895574713591486,0,-0.0205,0.0195
8475839,,8475839,25,-0.00044107873691245914,0.00014895574713591486,0,-0.0204,0.0196
8475839,,8475839,26,-0.00045085203601047397,0.00014895574713591486,0,-0.0205,0.0195
8475839,,8475839,27,-0.0004539822111837566,0.00014895574713591486,0,-0.0205,0.0195
8475839,,8475839,28,-0.0004607891896739602,0.00014895574713591486,0,-0.0205,0.0195
8475839,,8475839,29,-0.0004646357847377658,0.00014895574713591486,0,-0.0205,0.0195
8475839,,8475839,30,-0.0004681837453972548,0.00014895574713591486,0,-0.0205,0.0195
8475839,,8475839,31,-0.0004682802245952189,0.00014895574713591486,0,-0.0205,0.0195
8475839,,8475839,32,-0.00046607747208327055,0.00014895574713591486,0,-0.0205,0.0195
8475839,,8475839,33,-0.0004633626085706055,0.00014895574713591486,0,-0.0205,0.0195
8475839,,8475839,34,-0.0004598966334015131,0.00014895574713591486,0,-0.0205,0.0195
8475839,,8475839,35,-0.00045895259245298803,0.00014895574713591486,0,-0.0205,0.0195
Dylan Garand,NYR,8482193,0,0.0016644420102238655,0.001625877688638866,16,-0.0033,0.0067
Dylan Garand,NYR,8482193,1,0.0017001755768433213,0.001625877688638866,11,-0.0043,0.0077
Dylan Garand,NYR,8482193,2,0.001970545155927539,0.001625877688638866,13,-0.0035,0.0075
Dylan Garand,NYR,8482193,3,0.0022505803499370813,0.001625877688638866,0,-0.0177,0.0223
Dylan Garand,NYR,8482193,4,0.0025273747742176056,0.001625877688638866,0,-0.0175,0.0225
Dylan Garand,NYR,8482193,5,0.0028107515536248684,0.001625877688638866,0,-0.0172,0.0228
Dylan Garand,NYR,8482193,6,0.0030860556289553642,0.001625877688638866,0,-0.0169,0.0231
Dylan Garand,NYR,8482193,7,0.0033577028661966324,0.001625877688638866,0,-0.0166,0.0234
Dylan Garand,NYR,8482193,8,0.0036289964336901903,0.001625877688638866,0,-0.0164,0.0236
Dylan Garand,NYR,8482193,9,0.0039030497428029776,0.001625877688638866,0,-0.0161,0.0239
Dylan Garand,NYR,8482193,10,0.004180998541414738,0.001625877688638866,0,-0.0158,0.0242
Dylan Garand,NYR,8482193,11,0.004451730754226446,0.001625877688638866,0,-0.0155,0.0245
Dylan Garand,NYR,8482193,12,0.0047349100932478905,0.001625877688638866,0,-0.0153,0.0247
Dylan Garand,NYR,8482193,13,0.005026285536587238,0.001625877688638866,0,-0.015,0.025
Dylan Garand,NYR,8482193,14,0.005326109007000923,0.001625877688638866,0,-0.0147,0.0253
Dylan Garand,NYR,8482193,15,0.005625979043543339,0.001625877688638866,0,-0.0144,0.0256
Dylan Garand,NYR,8482193,16,0.0059151314198970795,0.001625877688638866,0,-0.0141,0.0259
Dylan Garand,NYR,8482193,17,0.006197253707796335,0.001625877688638866,0,-0.0138,0.0262
Dylan Garand,NYR,8482193,18,0.006489433813840151,0.001625877688638866,0,-0.0135,0.0265
Dylan Garand,NYR,8482193,19,0.006786245387047529,0.001625877688638866,0,-0.0132,0.0268
Dylan Garand,NYR,8482193,20,0.007078947499394417,0.001625877688638866,0,-0.0129,0.0271
Dylan Garand,NYR,8482193,21,0.00736780371516943,0.001625877688638866,0,-0.0126,0.0274
Dylan Garand,NYR,8482193,22,0.007669726386666298,0.001625877688638866,0,-0.0123,0.0277
Dylan Garand,NYR,8482193,23,0.007977675646543503,0.001625877688638866,42,0.0049,0.0111
Dylan Garand,NYR,8482193,24,0.008184419013559818,0.001625877688638866,32,0.0047,0.0117
Dylan Garand,NYR,8482193,25,0.008313179947435856,0.001625877688638866,0,-0.0117,0.0283
Dylan Garand,NYR,8482193,26,0.008416102267801762,0.001625877688638866,0,-0.0116,0.0284
Dylan Garand,NYR,8482193,27,0.008528046309947968,0.001625877688638866,41,0.0054,0.0116
Dylan Garand,NYR,8482193,28,0.008519687689840794,0.001625877688638866,0,-0.0115,0.0285
Dylan Garand,NYR,8482193,29,0.008517595008015633,0.001625877688638866,0,-0.0115,0.0285
Dylan Garand,NYR,8482193,30,0.008512298576533794,0.001625877688638866,0,-0.0115,0.0285
Dylan Garand,NYR,8482193,31,0.008513794280588627,0.001625877688638866,0,-0.0115,0.0285
Dylan Garand,NYR,8482193,32,0.008514568209648132,0.001625877688638866,0,-0.0115,0.0285
Dylan Garand,NYR,8482193,33,0.00851862970739603,0.001625877688638866,0,-0.0115,0.0285
Dylan Garand,NYR,8482193,34,0.008520843461155891,0.001625877688638866,0,-0.0115,0.0285
Dylan Garand,NYR,8482193,35,0.008522671647369862,0.001625877688638866,0,-0.0115,0.0285
Michael DiPietro,BOS,8480022,0,-0.009207933209836483,-0.008537949062883854,24,-0.0133,-0.0051
Michael DiPietro,BOS,8480022,1,-0.0091445567086339,-0.008537949062883854,25,-0.0131,-0.0051
Michael DiPietro,BOS,8480022,2,-0.009160688146948814,-0.008537949062883854,0,-0.0292,0.0108
Michael DiPietro,BOS,8480022,3,-0.009174699895083904,-0.008537949062883854,0,-0.0292,0.0108
Michael DiPietro,BOS,8480022,4,-0.009193358942866325,-0.008537949062883854,0,-0.0292,0.0108
Michael DiPietro,BOS,8480022,5,-0.00920509360730648,-0.008537949062883854,0,-0.0292,0.0108
Michael DiPietro,BOS,8480022,6,-0.009223203174769878,-0.008537949062883854,0,-0.0292,0.0108
Michael DiPietro,BOS,8480022,7,-0.009248037822544575,-0.008537949062883854,0,-0.0292,0.0108
Michael DiPietro,BOS,8480022,8,-0.00926984939724207,-0.008537949062883854,0,-0.0293,0.0107
Michael DiPietro,BOS,8480022,9,-0.00929191242903471,-0.008537949062883854,0,-0.0293,0.0107
Michael DiPietro,BOS,8480022,10,-0.009307495318353176,-0.008537949062883854,0,-0.0293,0.0107
Michael DiPietro,BOS,8480022,11,-0.009332634508609772,-0.008537949062883854,0,-0.0293,0.0107
Michael DiPietro,BOS,8480022,12,-0.009343226440250874,-0.008537949062883854,0,-0.0293,0.0107
Michael DiPietro,BOS,8480022,13,-0.009347249753773212,-0.008537949062883854,0,-0.0293,0.0107
Michael DiPietro,BOS,8480022,14,-0.00934194028377533,-0.008537949062883854,0,-0.0293,0.0107
Michael DiPietro,BOS,8480022,15,-0.009336656890809536,-0.008537949062883854,0,-0.0293,0.0107
Michael DiPietro,BOS,8480022,16,-0.009342087432742119,-0.008537949062883854,0,-0.0293,0.0107
Michael DiPietro,BOS,8480022,17,-0.009355210699141026,-0.008537949062883854,0,-0.0294,0.0106
Michael DiPietro,BOS,8480022,18,-0.00935730803757906,-0.008537949062883854,0,-0.0294,0.0106
Michael DiPietro,BOS,8480022,19,-0.009354852139949799,-0.008537949062883854,0,-0.0294,0.0106
Michael DiPietro,BOS,8480022,20,-0.00935770757496357,-0.008537949062883854,0,-0.0294,0.0106
Michael DiPietro,BOS,8480022,21,-0.009362644515931606,-0.008537949062883854,2,-0.0235,0.0047
Michael DiPietro,BOS,8480022,22,-0.009370816871523857,-0.008537949062883854,0,-0.0294,0.0106
Michael DiPietro,BOS,8480022,23,-0.009372534230351448,-0.008537949062883854,0,-0.0294,0.0106
Michael DiPietro,BOS,8480022,24,-0.00936120469123125,-0.008537949062883854,0,-0.0294,0.0106
Michael DiPietro,BOS,8480022,25,-0.009347783401608467,-0.008537949062883854,0,-0.0293,0.0107
Michael DiPietro,BOS,8480022,26,-0.009356854483485222,-0.008537949062883854,0,-0.0294,0.0106
Michael DiPietro,BOS,8480022,27,-0.009360636584460735,-0.008537949062883854,0,-0.0294,0.0106
Michael DiPietro,BOS,8480022,28,-0.00936715118587017,-0.008537949062883854,0,-0.0294,0.0106
Michael DiPietro,BOS,8480022,29,-0.009371303021907806,-0.008537949062883854,0,-0.0294,0.0106
Michael DiPietro,BOS,8480022,30,-0.009374461136758327,-0.008537949062883854,0,-0.0294,0.0106
Michael DiPietro,BOS,8480022,31,-0.00937492586672306,-0.008537949062883854,0,-0.0294,0.0106
Michael DiPietro,BOS,8480022,32,-0.009372668340802193,-0.008537949062883854,0,-0.0294,0.0106
Michael DiPietro,BOS,8480022,33,-0.00937013328075409,-0.008537949062883854,0,-0.0294,0.0106
Michael DiPietro,BOS,8480022,34,-0.00936608575284481,-0.008537949062883854,0,-0.0294,0.0106
Michael DiPietro,BOS,8480022,35,-0.009366188198328018,-0.008537949062883854,0,-0.0294,0.0106
Scott Wedgewood,COL,8475809,0,0.023422619327902794,0.0211359690874815,0,0.0034,0.0434
Scott Wedgewood,COL,8475809,1,0.024437785148620605,0.0211359690874815,13,0.0189,0.0299
Scott Wedgewood,COL,8475809,2,0.025480670854449272,0.0211359690874815,63,0.023,0.028
Scott Wedgewood,COL,8475809,3,0.026468118652701378,0.0211359690874815,93,0.0244,0.0286
Scott Wedgewood,COL,8475809,4,0.027342094108462334,0.0211359690874815,84,0.0251,0.0295
Scott Wedgewood,COL,8475809,5,0.02811354212462902,0.0211359690874815,74,0.0258,0.0304
Scott Wedgewood,COL,8475809,6,0.029358435422182083,0.0211359690874815,67,0.027,0.0318
Scott Wedgewood,COL,8475809,7,0.03076357953250408,0.0211359690874815,60,0.0282,0.0334
Scott Wedgewood,COL,8475809,8,0.03203696012496948,0.0211359690874815,71,0.0296,0.0344
Scott Wedgewood,COL,8475809,9,0.03309408947825432,0.0211359690874815,50,0.0303,0.0359
Scott Wedgewood,COL,8475809,10,0.0339762419462204,0.0211359690874815,52,0.0312,0.0368
Scott Wedgewood,COL,8475809,11,0.034702084958553314,0.0211359690874815,18,0.03,0.0394
Scott Wedgewood,COL,8475809,12,0.035453349351882935,0.0211359690874815,71,0.0331,0.0379
Scott Wedgewood,COL,8475809,13,0.03599020466208458,0.0211359690874815,29,0.0323,0.0397
Scott Wedgewood,COL,8475809,14,0.03644896298646927,0.0211359690874815,61,0.0338,0.039
Scott Wedgewood,COL,8475809,15,0.03704404830932617,0.0211359690874815,69,0.0346,0.0394
Scott Wedgewood,COL,8475809,16,0.037515681236982346,0.0211359690874815,75,0.0352,0.0398
Scott Wedgewood,COL,8475809,17,0.03787790983915329,0.0211359690874815,0,0.0179,0.0579
Scott Wedgewood,COL,8475809,18,0.03824598342180252,0.0211359690874815,62,0.0357,0.0407
Scott Wedgewood,COL,8475809,19,0.038454819470644,0.0211359690874815,39,0.0353,0.0417
Scott Wedgewood,COL,8475809,20,0.03892316296696663,0.0211359690874815,0,0.0189,0.0589
Scott Wedgewood,COL,8475809,21,0.03939073905348778,0.0211359690874815,30,0.0357,0.0431
Scott Wedgewood,COL,8475809,22,0.03977061063051224,0.0211359690874815,39,0.0366,0.043
Scott Wedgewood,COL,8475809,23,0.03995160013437271,0.0211359690874815,39,0.0368,0.0432
Scott Wedgewood,COL,8475809,24,0.04026215150952339,0.0211359690874815,31,0.0367,0.0439
Scott Wedgewood,COL,8475809,25,0.04057561978697777,0.0211359690874815,76,0.0383,0.0429
Scott Wedgewood,COL,8475809,26,0.04065005108714104,0.0211359690874815,20,0.0362,0.0452
Scott Wedgewood,COL,8475809,27,0.04070286452770233,0.0211359690874815,91,0.0386,0.0428
Scott Wedgewood,COL,8475809,28,0.04047330096364021,0.0211359690874815,88,0.0384,0.0426
Scott Wedgewood,COL,8475809,29,0.039978139102458954,0.0211359690874815,42,0.0369,0.0431
Scott Wedgewood,COL,8475809,30,0.039764225482940674,0.0211359690874815,44,0.0368,0.0428
Scott Wedgewood,COL,8475809,31,0.03963853418827057,0.0211359690874815,13,0.0341,0.0451
Scott Wedgewood,COL,8475809,32,0.03945184499025345,0.0211359690874815,86,0.0373,0.0417
Scott Wedgewood,COL,8475809,33,0.03944872319698334,0.0211359690874815,0,0.0194,0.0594
Scott Wedgewood,COL,8475809,34,0.03945823013782501,0.0211359690874815,0,0.0195,0.0595
Scott Wedgewood,COL,8475809,35,0.03945445269346237,0.0211359690874815,0,0.0195,0.0595
Sergei Bobrovsky,FLA,8475683,0,-0.005616983398795128,-0.0034404126927256584,0,-0.0256,0.0144
Sergei Bobrovsky,FLA,8475683,1,-0.006585470866411924,-0.0034404126927256584,0,-0.0266,0.0134
Sergei Bobrovsky,FLA,8475683,2,-0.007555631920695305,-0.0034404126927256584,29,-0.0113,-0.0039
Sergei Bobrovsky,FLA,8475683,3,-0.008685887791216373,-0.0034404126927256584,88,-0.0108,-0.0066
Sergei Bobrovsky,FLA,8475683,4,-0.009846712462604046,-0.0034404126927256584,69,-0.0122,-0.0074
Sergei Bobrovsky,FLA,8475683,5,-0.011251213029026985,-0.0034404126927256584,96,-0.0133,-0.0093
Sergei Bobrovsky,FLA,8475683,6,-0.012779543176293373,-0.0034404126927256584,27,-0.0166,-0.009
Sergei Bobrovsky,FLA,8475683,7,-0.014383719302713871,-0.0034404126927256584,61,-0.017,-0.0118
Sergei Bobrovsky,FLA,8475683,8,-0.015804162248969078,-0.0034404126927256584,67,-0.0182,-0.0134
Sergei Bobrovsky,FLA,8475683,9,-0.017256679013371468,-0.0034404126927256584,78,-0.0196,-0.015
Sergei Bobrovsky,FLA,8475683,10,-0.018408646807074547,-0.0034404126927256584,34,-0.0218,-0.015
Sergei Bobrovsky,FLA,8475683,11,-0.019369596615433693,-0.0034404126927256584,105,-0.0214,-0.0174
Sergei Bobrovsky,FLA,8475683,12,-0.02007555589079857,-0.0034404126927256584,58,-0.0227,-0.0175
Sergei Bobrovsky,FLA,8475683,13,-0.020844342187047005,-0.0034404126927256584,71,-0.0232,-0.0184
Sergei Bobrovsky,FLA,8475683,14,-0.02156396023929119,-0.0034404126927256584,60,-0.0242,-0.019
Sergei Bobrovsky,FLA,8475683,15,-0.022222865372896194,-0.0034404126927256584,43,-0.0252,-0.0192
Sergei Bobrovsky,FLA,8475683,16,-0.022834964096546173,-0.0034404126927256584,77,-0.0251,-0.0205
Sergei Bobrovsky,FLA,8475683,17,-0.023060206323862076,-0.0034404126927256584,77,-0.0254,-0.0208
Sergei Bobrovsky,FLA,8475683,18,-0.023102980107069016,-0.0034404126927256584,47,-0.026,-0.0202
Sergei Bobrovsky,FLA,8475683,19,-0.023225165903568268,-0.0034404126927256584,43,-0.0262,-0.0202
Sergei Bobrovsky,FLA,8475683,20,-0.02324938029050827,-0.0034404126927256584,58,-0.0258,-0.0206
Sergei Bobrovsky,FLA,8475683,21,-0.022891737520694733,-0.0034404126927256584,33,-0.0264,-0.0194
Sergei Bobrovsky,FLA,8475683,22,-0.0227259062230587,-0.0034404126927256584,38,-0.0259,-0.0195
Sergei Bobrovsky,FLA,8475683,23,-0.02275322936475277,-0.0034404126927256584,56,-0.0255,-0.0201
Sergei Bobrovsky,FLA,8475683,24,-0.02287186123430729,-0.0034404126927256584,69,-0.0253,-0.0205
Sergei Bobrovsky,FLA,8475683,25,-0.022955816239118576,-0.0034404126927256584,64,-0.0255,-0.0205
Sergei Bobrovsky,FLA,8475683,26,-0.022985992953181267,-0.0034404126927256584,41,-0.0261,-0.0199
Sergei Bobrovsky,FLA,8475683,27,-0.02298939786851406,-0.0034404126927256584,0,-0.043,-0.003
Sergei Bobrovsky,FLA,8475683,28,-0.0229953546077013,-0.0034404126927256584,0,-0.043,-0.003
Sergei Bobrovsky,FLA,8475683,29,-0.023000380024313927,-0.0034404126927256584,0,-0.043,-0.003
Sergei Bobrovsky,FLA,8475683,30,-0.023003246635198593,-0.0034404126927256584,0,-0.043,-0.003
Sergei Bobrovsky,FLA,8475683,31,-0.02300300821661949,-0.0034404126927256584,0,-0.043,-0.003
Sergei Bobrovsky,FLA,8475683,32,-0.023001646623015404,-0.0034404126927256584,0,-0.043,-0.003
Sergei Bobrovsky,FLA,8475683,33,-0.022998426109552383,-0.0034404126927256584,0,-0.043,-0.003
Sergei Bobrovsky,FLA,8475683,34,-0.022994617000222206,-0.0034404126927256584,0,-0.043,-0.003
Sergei Bobrovsky,FLA,8475683,35,-0.022994380444288254,-0.0034404126927256584,0,-0.043,-0.003
8476904,,8476904,0,-0.0011595237301662564,-0.0010969651630148292,0,-0.0212,0.0188
8476904,,8476904,1,-0.001189301605336368,-0.0010969651630148292,0,-0.0212,0.0188
8476904,,8476904,2,-0.0012196868192404509,-0.0010969651630148292,0,-0.0212,0.0188
8476904,,8476904,3,-0.0012493240647017956,-0.0010969651630148292,0,-0.0212,0.0188
8476904,,8476904,4,-0.0012821287382394075,-0.0010969651630148292,0,-0.0213,0.0187
8476904,,8476904,5,-0.0013083050725981593,-0.0010969651630148292,0,-0.0213,0.0187
8476904,,8476904,6,-0.0013425133656710386,-0.0010969651630148292,0,-0.0213,0.0187
8476904,,8476904,7,-0.001380300265736878,-0.0010969651630148292,0,-0.0214,0.0186
8476904,,8476904,8,-0.0014187546912580729,-0.0010969651630148292,0,-0.0214,0.0186
8476904,,8476904,9,-0.00145407032687217,-0.0010969651630148292,0,-0.0215,0.0185
8476904,,8476904,10,-0.001485729473643005,-0.0010969651630148292,0,-0.0215,0.0185
8476904,,8476904,11,-0.001524664810858667,-0.0010969651630148292,0,-0.0215,0.0185
8476904,,8476904,12,-0.0015507335774600506,-0.0010969651630148292,0,-0.0216,0.0184
8476904,,8476904,13,-0.0015693058958277106,-0.0010969651630148292,0,-0.0216,0.0184
8476904,,8476904,14,-0.0015785818686708808,-0.0010969651630148292,0,-0.0216,0.0184
8476904,,8476904,15,-0.0015886938199400902,-0.0010969651630148292,0,-0.0216,0.0184
8476904,,8476904,16,-0.001608572551049292,-0.0010969651630148292,0,-0.0216,0.0184
8476904,,8476904,17,-0.0016363582108169794,-0.0010969651630148292,0,-0.0216,0.0184
8476904,,8476904,18,-0.0016536867478862405,-0.0010969651630148292,0,-0.0217,0.0183
8476904,,8476904,19,-0.0016660792753100395,-0.0010969651630148292,0,-0.0217,0.0183
8476904,,8476904,20,-0.0016833601985126734,-0.0010969651630148292,0,-0.0217,0.0183
8476904,,8476904,21,-0.0017035685013979673,-0.0010969651630148292,0,-0.0217,0.0183
8476904,,8476904,22,-0.0017114072106778622,-0.0010969651630148292,0,-0.0217,0.0183
8476904,,8476904,23,-0.0017132292268797755,-0.0010969651630148292,0,-0.0217,0.0183
8476904,,8476904,24,-0.0017019486986100674,-0.0010969651630148292,0,-0.0217,0.0183
8476904,,8476904,25,-0.001687919837422669,-0.0010969651630148292,0,-0.0217,0.0183
8476904,,8476904,26,-0.0016977067571133375,-0.0010969651630148292,0,-0.0217,0.0183
8476904,,8476904,27,-0.0017008176073431969,-0.0010969651630148292,0,-0.0217,0.0183
8476904,,8476904,28,-0.0017076506046578288,-0.0010969651630148292,0,-0.0217,0.0183
8476904,,8476904,29,-0.0017115594819188118,-0.0010969651630148292,0,-0.0217,0.0183
8476904,,8476904,30,-0.0017150345956906676,-0.0010969651630148292,0,-0.0217,0.0183
8476904,,8476904,31,-0.0017152044456452131,-0.0010969651630148292,0,-0.0217,0.0183
8476904,,8476904,32,-0.0017129291081801057,-0.0010969651630148292,0,-0.0217,0.0183
8476904,,8476904,33,-0.0017103299032896757,-0.0010969651630148292,0,-0.0217,0.0183
8476904,,8476904,34,-0.0017067249864339828,-0.0010969651630148292,0,-0.0217,0.0183
8476904,,8476904,35,-0.001705987611785531,-0.0010969651630148292,0,-0.0217,0.0183
8485011,,8485011,0,0.00043653359171003103,0.0004990509478375316,0,-0.0196,0.0204
8485011,,8485011,1,0.00040686552529223263,0.0004990509478375316,0,-0.0196,0.0204
8485011,,8485011,2,0.000376414624042809,0.0004990509478375316,0,-0.0196,0.0204
8485011,,8485011,3,0.0003468884387984872,0.0004990509478375316,0,-0.0197,0.0203
8485011,,8485011,4,0.00031409389339387417,0.0004990509478375316,0,-0.0197,0.0203
8485011,,8485011,5,0.00028800489963032305,0.0004990509478375316,0,-0.0197,0.0203
8485011,,8485011,6,0.00025384622858837247,0.0004990509478375316,0,-0.0197,0.0203
8485011,,8485011,7,0.0002159923897124827,0.0004990509478375316,0,-0.0198,0.0202
8485011,,8485011,8,0.00017773147555999458,0.0004990509478375316,0,-0.0198,0.0202
8485011,,8485011,9,0.00014235670096240938,0.0004990509478375316,0,-0.0199,0.0201
8485011,,8485011,10,0.00011075232760049403,0.0004990509478375316,0,-0.0199,0.0201
8485011,,8485011,11,7.185977301560342e-05,0.0004990509478375316,0,-0.0199,0.0201
8485011,,8485011,12,4.5806082198396325e-05,0.0004990509478375316,0,-0.02,0.02
8485011,,8485011,13,2.7326139388605952e-05,0.0004990509478375316,0,-0.02,0.02
8485011,,8485011,14,1.798910670913756e-05,0.0004990509478375316,0,-0.02,0.02
8485011,,8485011,15,8.03463626652956e-06,0.0004990509478375316,0,-0.02,0.02
8485011,,8485011,16,-1.1991767678409815e-05,0.0004990509478375316,0,-0.02,0.02
8485011,,8485011,17,-3.954436397179961e-05,0.0004990509478375316,0,-0.02,0.02
8485011,,8485011,18,-5.7028839364647865e-05,0.0004990509478375316,0,-0.0201,0.0199
8485011,,8485011,19,-6.925931666046381e-05,0.0004990509478375316,0,-0.0201,0.0199
8485011,,8485011,20,-8.661538595333695e-05,0.0004990509478375316,0,-0.0201,0.0199
8485011,,8485011,21,-0.00010671699419617653,0.0004990509478375316,0,-0.0201,0.0199
8485011,,8485011,22,-0.00011462334077805281,0.0004990509478375316,0,-0.0201,0.0199
8485011,,8485011,23,-0.00011633656686171889,0.0004990509478375316,0,-0.0201,0.0199
8485011,,8485011,24,-0.00010514270979911089,0.0004990509478375316,0,-0.0201,0.0199
8485011,,8485011,25,-9.097665315493941e-05,0.0004990509478375316,0,-0.0201,0.0199
8485011,,8485011,26,-0.00010085850954055786,0.0004990509478375316,0,-0.0201,0.0199
8485011,,8485011,27,-0.0001038824557326734,0.0004990509478375316,0,-0.0201,0.0199
8485011,,8485011,28,-0.00011076114606112242,0.0004990509478375316,0,-0.0201,0.0199
8485011,,8485011,29,-0.00011457584332674742,0.0004990509478375316,0,-0.0201,0.0199
8485011,,8485011,30,-0.00011814682511612773,0.0004990509478375316,0,-0.0201,0.0199
8485011,,8485011,31,-0.00011820992222055793,0.0004990509478375316,0,-0.0201,0.0199
8485011,,8485011,32,-0.00011603900929912925,0.0004990509478375316,0,-0.0201,0.0199
8485011,,8485011,33,-0.000113331014290452,0.0004990509478375316,0,-0.0201,0.0199
8485011,,8485011,34,-0.00010980770457535982,0.0004990509478375316,0,-0.0201,0.0199
8485011,,8485011,35,-0.00010893301805481315,0.0004990509478375316,0,-0.0201,0.0199
8480885,,8480885,0,-0.02564454823732376,-0.025580788031220436,0,-0.0456,-0.0056
8480885,,8480885,1,-0.0256748478859663,-0.025580788031220436,0,-0.0457,-0.0057
8480885,,8480885,2,-0.02570502832531929,-0.025580788031220436,0,-0.0457,-0.0057
8480885,,8480885,3,-0.0257351603358984,-0.025580788031220436,0,-0.0457,-0.0057
8480885,,8480885,4,-0.02576758898794651,-0.025580788031220436,0,-0.0458,-0.0058
8480885,,8480885,5,-0.025796517729759216,-0.025580788031220436,0,-0.0458,-0.0058
8480885,,8480885,6,-0.025828208774328232,-0.025580788031220436,0,-0.0458,-0.0058
8480885,,8480885,7,-0.025869220495224,-0.025580788031220436,0,-0.0459,-0.0059
8480885,,8480885,8,-0.02590535394847393,-0.025580788031220436,0,-0.0459,-0.0059
8480885,,8480885,9,-0.02594265155494213,-0.025580788031220436,0,-0.0459,-0.0059
8480885,,8480885,10,-0.025974636897444725,-0.025580788031220436,0,-0.046,-0.006
8480885,,8480885,11,-0.026013070717453957,-0.025580788031220436,0,-0.046,-0.006
8480885,,8480885,12,-0.026040468364953995,-0.025580788031220436,0,-0.046,-0.006
8480885,,8480885,13,-0.026058021932840347,-0.025580788031220436,0,-0.0461,-0.0061
8480885,,8480885,14,-0.02606857940554619,-0.025580788031220436,0,-0.0461,-0.0061
8480885,,8480885,15,-0.026079153642058372,-0.025580788031220436,0,-0.0461,-0.0061
8480885,,8480885,16,-0.02609800547361374,-0.025580788031220436,0,-0.0461,-0.0061
8480885,,8480885,17,-0.026128144934773445,-0.025580788031220436,0,-0.0461,-0.0061
8480885,,8480885,18,-0.026142636314034462,-0.025580788031220436,0,-0.0461,-0.0061
8480885,,8480885,19,-0.02615935727953911,-0.025580788031220436,0,-0.0462,-0.0062
8480885,,8480885,20,-0.026172246783971786,-0.025580788031220436,0,-0.0462,-0.0062
8480885,,8480885,21,-0.026196599006652832,-0.025580788031220436,0,-0.0462,-0.0062
8480885,,8480885,22,-0.026202039793133736,-0.025580788031220436,0,-0.0462,-0.0062
8480885,,8480885,23,-0.026205968111753464,-0.025580788031220436,0,-0.0462,-0.0062
8480885,,8480885,24,-0.026192735880613327,-0.025580788031220436,0,-0.0462,-0.0062
8480885,,8480885,25,-0.02618066780269146,-0.025580788031220436,0,-0.0462,-0.0062
8480885,,8480885,26,-0.02618923783302307,-0.025580788031220436,0,-0.0462,-0.0062
8480885,,8480885,27,-0.026193683966994286,-0.025580788031220436,0,-0.0462,-0.0062
8480885,,8480885,28,-0.026199763640761375,-0.025580788031220436,0,-0.0462,-0.0062
8480885,,8480885,29,-0.026203889399766922,-0.025580788031220436,0,-0.0462,-0.0062
8480885,,8480885,30,-0.026208356022834778,-0.025580788031220436,0,-0.0462,-0.0062
8480885,,8480885,31,-0.0262068510055542,-0.025580788031220436,0,-0.0462,-0.0062
8480885,,8480885,32,-0.02620638720691204,-0.025580788031220436,0,-0.0462,-0.0062
8480885,,8480885,33,-0.02620236761868,-0.025580788031220436,0,-0.0462,-0.0062
8480885,,8480885,34,-0.02620025910437107,-0.025580788031220436,0,-0.0462,-0.0062
8480885,,8480885,35,-0.026198863983154297,-0.025580788031220436,0,-0.0462,-0.0062
Eric Comrie,WPG,8477480,0,0.016338739544153214,0.015801068395376205,0,-0.0037,0.0363
Eric Comrie,WPG,8477480,1,0.016577694565057755,0.015801068395376205,59,0.014,0.0192
Eric Comrie,WPG,8477480,2,0.016822539269924164,0.015801068395376205,0,-0.0032,0.0368
Eric Comrie,WPG,8477480,3,0.017070509493350983,0.015801068395376205,0,-0.0029,0.0371
Eric Comrie,WPG,8477480,4,0.017314380034804344,0.015801068395376205,39,0.0141,0.0205
Eric Comrie,WPG,8477480,5,0.01753239333629608,0.015801068395376205,31,0.0139,0.0211
Eric Comrie,WPG,8477480,6,0.017721019685268402,0.015801068395376205,41,0.0146,0.0208
Eric Comrie,WPG,8477480,7,0.01769147627055645,0.015801068395376205,37,0.0144,0.021
Eric Comrie,WPG,8477480,8,0.017652207985520363,0.015801068395376205,0,-0.0023,0.0377
Eric Comrie,WPG,8477480,9,0.017611727118492126,0.015801068395376205,92,0.0155,0.0197
Eric Comrie,WPG,8477480,10,0.017743192613124847,0.015801068395376205,70,0.0153,0.0201
Eric Comrie,WPG,8477480,11,0.017985571175813675,0.015801068395376205,126,0.0162,0.0198
Eric Comrie,WPG,8477480,12,0.01796356961131096,0.015801068395376205,52,0.0152,0.0208
Eric Comrie,WPG,8477480,13,0.018043527379631996,0.015801068395376205,0,-0.002,0.038
Eric Comrie,WPG,8477480,14,0.01813090220093727,0.015801068395376205,0,-0.0019,0.0381
Eric Comrie,WPG,8477480,15,0.018220245838165283,0.015801068395376205,39,0.015,0.0214
Eric Comrie,WPG,8477480,16,0.018588634207844734,0.015801068395376205,50,0.0158,0.0214
Eric Comrie,WPG,8477480,17,0.01874319277703762,0.015801068395376205,0,-0.0013,0.0387
Eric Comrie,WPG,8477480,18,0.018904929980635643,0.015801068395376205,35,0.0155,0.0223
Eric Comrie,WPG,8477480,19,0.018895737826824188,0.015801068395376205,28,0.0151,0.0227
Eric Comrie,WPG,8477480,20,0.018869910389184952,0.015801068395376205,0,-0.0011,0.0389
Eric Comrie,WPG,8477480,21,0.018845951184630394,0.015801068395376205,32,0.0153,0.0223
Eric Comrie,WPG,8477480,22,0.018835971131920815,0.015801068395376205,39,0.0156,0.022
Eric Comrie,WPG,8477480,23,0.01867411658167839,0.015801068395376205,33,0.0152,0.0222
Eric Comrie,WPG,8477480,24,0.018449602648615837,0.015801068395376205,0,-0.0016,0.0384
Eric Comrie,WPG,8477480,25,0.018232086673378944,0.015801068395376205,0,-0.0018,0.0382
Eric Comrie,WPG,8477480,26,0.017988715320825577,0.015801068395376205,7,0.0104,0.0256
Eric Comrie,WPG,8477480,27,0.01788637787103653,0.015801068395376205,86,0.0157,0.0201
Eric Comrie,WPG,8477480,28,0.017879659309983253,0.015801068395376205,0,-0.0021,0.0379
Eric Comrie,WPG,8477480,29,0.017876481637358665,0.015801068395376205,0,-0.0021,0.0379
Eric Comrie,WPG,8477480,30,0.017871441319584846,0.015801068395376205,0,-0.0021,0.0379
Eric Comrie,WPG,8477480,31,0.01787251979112625,0.015801068395376205,0,-0.0021,0.0379
Eric Comrie,WPG,8477480,32,0.017874887213110924,0.015801068395376205,0,-0.0021,0.0379
Eric Comrie,WPG,8477480,33,0.017876435071229935,0.015801068395376205,0,-0.0021,0.0379
Eric Comrie,WPG,8477480,34,0.017881250008940697,0.015801068395376205,0,-0.0021,0.0379
Eric Comrie,WPG,8477480,35,0.017881318926811218,0.015801068395376205,0,-0.0021,0.0379
8480420,,8480420,0,0.0006744163692928851,0.0007369695813395083,0,-0.0193,0.0207
8480420,,8480420,1,0.0006448363419622183,0.0007369695813395083,0,-0.0194,0.0206
8480420,,8480420,2,0.0006143301143310964,0.0007369695813395083,0,-0.0194,0.0206
8480420,,8480420,3,0.0005848111468367279,0.0007369695813395083,0,-0.0194,0.0206
8480420,,8480420,4,0.0005520915146917105,0.0007369695813395083,0,-0.0194,0.0206
8480420,,8480420,5,0.0005259305471554399,0.0007369695813395083,0,-0.0195,0.0205
8480420,,8480420,6,0.0004918565391562879,0.0007369695813395083,0,-0.0195,0.0205
8480420,,8480420,7,0.00045395083725452423,0.0007369695813395083,0,-0.0195,0.0205
8480420,,8480420,8,0.0004157582006882876,0.0007369695813395083,0,-0.0196,0.0204
8480420,,8480420,9,0.0003803570580203086,0.0007369695813395083,0,-0.0196,0.0204
8480420,,8480420,10,0.00034878894803114235,0.0007369695813395083,0,-0.0197,0.0203
8480420,,8480420,11,0.00030985884950496256,0.0007369695813395083,0,-0.0197,0.0203
8480420,,8480420,12,0.00028387727797962725,0.0007369695813395083,0,-0.0197,0.0203
8480420,,8480420,13,0.00026533284108154476,0.0007369695813395083,0,-0.0197,0.0203
8480420,,8480420,14,0.00025610390002839267,0.0007369695813395083,0,-0.0197,0.0203
8480420,,8480420,15,0.00024602666962891817,0.0007369695813395083,0,-0.0198,0.0202
8480420,,8480420,16,0.0002261389745399356,0.0007369695813395083,0,-0.0198,0.0202
8480420,,8480420,17,0.0001984995324164629,0.0007369695813395083,0,-0.0198,0.0202
8480420,,8480420,18,0.00018106400966644287,0.0007369695813395083,0,-0.0198,0.0202
8480420,,8480420,19,0.0001688507036305964,0.0007369695813395083,0,-0.0198,0.0202
8480420,,8480420,20,0.00015143275959417224,0.0007369695813395083,0,-0.0198,0.0202
8480420,,8480420,21,0.00013144698459655046,0.0007369695813395083,0,-0.0199,0.0201
8480420,,8480420,22,0.00012342038098722696,0.0007369695813395083,0,-0.0199,0.0201
8480420,,8480420,23,0.00012181169586256146,0.0007369695813395083,0,-0.0199,0.0201
8480420,,8480420,24,0.00013300502905622125,0.0007369695813395083,0,-0.0199,0.0201
8480420,,8480420,25,0.00014706543879583478,0.0007369695813395083,0,-0.0199,0.0201
8480420,,8480420,26,0.0001373550039716065,0.0007369695813395083,0,-0.0199,0.0201
8480420,,8480420,27,0.0001341774477623403,0.0007369695813395083,0,-0.0199,0.0201
8480420,,8480420,28,0.00012740661622956395,0.0007369695813395083,0,-0.0199,0.0201
8480420,,8480420,29,0.00012353691272437572,0.0007369695813395083,0,-0.0199,0.0201
8480420,,8480420,30,0.00012002058792859316,0.0007369695813395083,0,-0.0199,0.0201
8480420,,8480420,31,0.00011989660561084747,0.0007369695813395083,0,-0.0199,0.0201
8480420,,8480420,32,0.00012210558634251356,0.0007369695813395083,0,-0.0199,0.0201
8480420,,8480420,33,0.00012483034515753388,0.0007369695813395083,0,-0.0199,0.0201
8480420,,8480420,34,0.0001283019664697349,0.0007369695813395083,0,-0.0199,0.0201
8480420,,8480420,35,0.00012923969188705087,0.0007369695813395083,0,-0.0199,0.0201
Marcus Hogberg,NYI,8477405,0,-0.004369091242551804,-0.004043932072818279,0,-0.0244,0.0156
Marcus Hogberg,NYI,8477405,1,-0.004515361040830612,-0.004043932072818279,30,-0.0082,-0.0008
Marcus Hogberg,NYI,8477405,2,-0.004700659774243832,-0.004043932072818279,0,-0.0247,0.0153
Marcus Hogberg,NYI,8477405,3,-0.004885459318757057,-0.004043932072818279,0,-0.0249,0.0151
Marcus Hogberg,NYI,8477405,4,-0.005072609521448612,-0.004043932072818279,0,-0.0251,0.0149
Marcus Hogberg,NYI,8477405,5,-0.005254346877336502,-0.004043932072818279,0,-0.0253,0.0147
Marcus Hogberg,NYI,8477405,6,-0.005442755296826363,-0.004043932072818279,0,-0.0254,0.0146
Marcus Hogberg,NYI,8477405,7,-0.005635925568640232,-0.004043932072818279,0,-0.0256,0.0144
Marcus Hogberg,NYI,8477405,8,-0.005829135421663523,-0.004043932072818279,0,-0.0258,0.0142
Marcus Hogberg,NYI,8477405,9,-0.006019208114594221,-0.004043932072818279,0,-0.026,0.014
Marcus Hogberg,NYI,8477405,10,-0.0062060728669166565,-0.004043932072818279,0,-0.0262,0.0138
Marcus Hogberg,NYI,8477405,11,-0.00639965059235692,-0.004043932072818279,0,-0.0264,0.0136
Marcus Hogberg,NYI,8477405,12,-0.00658052833750844,-0.004043932072818279,0,-0.0266,0.0134
Marcus Hogberg,NYI,8477405,13,-0.006754383910447359,-0.004043932072818279,0,-0.0268,0.0132
Marcus Hogberg,NYI,8477405,14,-0.006918113213032484,-0.004043932072818279,0,-0.0269,0.0131
Marcus Hogberg,NYI,8477405,15,-0.007083448115736246,-0.004043932072818279,5,-0.016,0.0018
Marcus Hogberg,NYI,8477405,16,-0.007103000767529011,-0.004043932072818279,0,-0.0271,0.0129
Marcus Hogberg,NYI,8477405,17,-0.007131238002330065,-0.004043932072818279,0,-0.0271,0.0129
Marcus Hogberg,NYI,8477405,18,-0.00714811822399497,-0.004043932072818279,0,-0.0271,0.0129
Marcus Hogberg,NYI,8477405,19,-0.007160702254623175,-0.004043932072818279,0,-0.0272,0.0128
Marcus Hogberg,NYI,8477405,20,-0.007177975960075855,-0.004043932072818279,0,-0.0272,0.0128
Marcus Hogberg,NYI,8477405,21,-0.0071980515494942665,-0.004043932072818279,0,-0.0272,0.0128
Marcus Hogberg,NYI,8477405,22,-0.007206061389297247,-0.004043932072818279,0,-0.0272,0.0128
Marcus Hogberg,NYI,8477405,23,-0.007207793183624744,-0.004043932072818279,0,-0.0272,0.0128
Marcus Hogberg,NYI,8477405,24,-0.0071964869275689125,-0.004043932072818279,0,-0.0272,0.0128
Marcus Hogberg,NYI,8477405,25,-0.007182421162724495,-0.004043932072818279,0,-0.0272,0.0128
Marcus Hogberg,NYI,8477405,26,-0.007192444521933794,-0.004043932072818279,0,-0.0272,0.0128
Marcus Hogberg,NYI,8477405,27,-0.007195006590336561,-0.004043932072818279,0,-0.0272,0.0128
Marcus Hogberg,NYI,8477405,28,-0.007202694192528725,-0.004043932072818279,0,-0.0272,0.0128
Marcus Hogberg,NYI,8477405,29,-0.007205636706203222,-0.004043932072818279,0,-0.0272,0.0128
Marcus Hogberg,NYI,8477405,30,-0.007209811359643936,-0.004043932072818279,0,-0.0272,0.0128
Marcus Hogberg,NYI,8477405,31,-0.0072095803916454315,-0.004043932072818279,0,-0.0272,0.0128
Marcus Hogberg,NYI,8477405,32,-0.007207638118416071,-0.004043932072818279,0,-0.0272,0.0128
Marcus Hogberg,NYI,8477405,33,-0.007204754743725061,-0.004043932072818279,0,-0.0272,0.0128
Marcus Hogberg,NYI,8477405,34,-0.007201327010989189,-0.004043932072818279,0,-0.0272,0.0128
Marcus Hogberg,NYI,8477405,35,-0.007200464140623808,-0.004043932072818279,0,-0.0272,0.0128
Jacob Markstrom,NJD,8474593,0,-0.019471220672130585,-0.017808660864830017,0,-0.0395,0.0005
Jacob Markstrom,NJD,8474593,1,-0.020215077325701714,-0.017808660864830017,21,-0.0246,-0.0158
Jacob Markstrom,NJD,8474593,2,-0.020837606862187386,-0.017808660864830017,30,-0.0245,-0.0171
Jacob Markstrom,NJD,8474593,3,-0.021510599181056023,-0.017808660864830017,64,-0.024,-0.019
Jacob Markstrom,NJD,8474593,4,-0.021907249465584755,-0.017808660864830017,10,-0.0282,-0.0156
Jacob Markstrom,NJD,8474593,5,-0.022387845441699028,-0.017808660864830017,0,-0.0424,-0.0024
Jacob Markstrom,NJD,8474593,6,-0.02287016622722149,-0.017808660864830017,93,-0.025,-0.0208
Jacob Markstrom,NJD,8474593,7,-0.023402536287903786,-0.017808660864830017,26,-0.0273,-0.0195
Jacob Markstrom,NJD,8474593,8,-0.02382681705057621,-0.017808660864830017,48,-0.0267,-0.0209
Jacob Markstrom,NJD,8474593,9,-0.02423183061182499,-0.017808660864830017,31,-0.0278,-0.0206
Jacob Markstrom,NJD,8474593,10,-0.0245603509247303,-0.017808660864830017,98,-0.0266,-0.0226
Jacob Markstrom,NJD,8474593,11,-0.024847567081451416,-0.017808660864830017,64,-0.0273,-0.0223
Jacob Markstrom,NJD,8474593,12,-0.025101270526647568,-0.017808660864830017,77,-0.0274,-0.0228
Jacob Markstrom,NJD,8474593,13,-0.025486933067440987,-0.017808660864830017,33,-0.029,-0.022
Jacob Markstrom,NJD,8474593,14,-0.026091359555721283,-0.017808660864830017,46,-0.029,-0.0232
Jacob Markstrom,NJD,8474593,15,-0.02681804820895195,-0.017808660864830017,67,-0.0292,-0.0244
Jacob Markstrom,NJD,8474593,16,-0.02779056504368782,-0.017808660864830017,28,-0.0316,-0.024
Jacob Markstrom,NJD,8474593,17,-0.02805720642209053,-0.017808660864830017,110,-0.03,-0.0262
Jacob Markstrom,NJD,8474593,18,-0.028599804267287254,-0.017808660864830017,75,-0.0309,-0.0263
Jacob Markstrom,NJD,8474593,19,-0.02898034080862999,-0.017808660864830017,39,-0.0322,-0.0258
Jacob Markstrom,NJD,8474593,20,-0.029375353828072548,-0.017808660864830017,32,-0.0329,-0.0259
Jacob Markstrom,NJD,8474593,21,-0.02972978726029396,-0.017808660864830017,66,-0.0322,-0.0272
Jacob Markstrom,NJD,8474593,22,-0.030279012396931648,-0.017808660864830017,29,-0.034,-0.0266
Jacob Markstrom,NJD,8474593,23,-0.030573854222893715,-0.017808660864830017,56,-0.0333,-0.0279
Jacob Markstrom,NJD,8474593,24,-0.030601926147937775,-0.017808660864830017,74,-0.0329,-0.0283
Jacob Markstrom,NJD,8474593,25,-0.03064674884080887,-0.017808660864830017,68,-0.033,-0.0282
Jacob Markstrom,NJD,8474593,26,-0.030830083414912224,-0.017808660864830017,18,-0.0355,-0.0261
Jacob Markstrom,NJD,8474593,27,-0.03083655796945095,-0.017808660864830017,0,-0.0508,-0.0108
Jacob Markstrom,NJD,8474593,28,-0.030839165672659874,-0.017808660864830017,0,-0.0508,-0.0108
Jacob Markstrom,NJD,8474593,29,-0.0308463703840971,-0.017808660864830017,0,-0.0508,-0.0108
Jacob Markstrom,NJD,8474593,30,-0.030849236994981766,-0.017808660864830017,0,-0.0508,-0.0108
Jacob Markstrom,NJD,8474593,31,-0.030847828835248947,-0.017808660864830017,0,-0.0508,-0.0108
Jacob Markstrom,NJD,8474593,32,-0.030847474932670593,-0.017808660864830017,0,-0.0508,-0.0108
Jacob Markstrom,NJD,8474593,33,-0.0308435820043087,-0.017808660864830017,0,-0.0508,-0.0108
Jacob Markstrom,NJD,8474593,34,-0.030840780586004257,-0.017808660864830017,0,-0.0508,-0.0108
Jacob Markstrom,NJD,8474593,35,-0.03083937242627144,-0.017808660864830017,0,-0.0508,-0.0108
Jakub Skarek,SJS,8480819,0,-0.0015698299976065755,-0.0013075778260827065,0,-0.0216,0.0184
Jakub Skarek,SJS,8480819,1,-0.001688136369921267,-0.0013075778260827065,0,-0.0217,0.0183
Jakub Skarek,SJS,8480819,2,-0.0018073939718306065,-0.0013075778260827065,19,-0.0064,0.0028
Jakub Skarek,SJS,8480819,3,-0.0018370554316788912,-0.0013075778260827065,0,-0.0218,0.0182
Jakub Skarek,SJS,8480819,4,-0.0018697697669267654,-0.0013075778260827065,0,-0.0219,0.0181
Jakub Skarek,SJS,8480819,5,-0.0018962003523483872,-0.0013075778260827065,0,-0.0219,0.0181
Jakub Skarek,SJS,8480819,6,-0.0019301696447655559,-0.0013075778260827065,0,-0.0219,0.0181
Jakub Skarek,SJS,8480819,7,-0.001968261320143938,-0.0013075778260827065,0,-0.022,0.018
Jakub Skarek,SJS,8480819,8,-0.0020064956042915583,-0.0013075778260827065,0,-0.022,0.018
Jakub Skarek,SJS,8480819,9,-0.002042050939053297,-0.0013075778260827065,0,-0.022,0.018
Jakub Skarek,SJS,8480819,10,-0.002073550596833229,-0.0013075778260827065,0,-0.0221,0.0179
Jakub Skarek,SJS,8480819,11,-0.002112734131515026,-0.0013075778260827065,0,-0.0221,0.0179
Jakub Skarek,SJS,8480819,12,-0.002138557843863964,-0.0013075778260827065,0,-0.0221,0.0179
Jakub Skarek,SJS,8480819,13,-0.0021574285347014666,-0.0013075778260827065,0,-0.0222,0.0178
Jakub Skarek,SJS,8480819,14,-0.002166509395465255,-0.0013075778260827065,0,-0.0222,0.0178
Jakub Skarek,SJS,8480819,15,-0.0021767711732536554,-0.0013075778260827065,0,-0.0222,0.0178
Jakub Skarek,SJS,8480819,16,-0.002196651417762041,-0.0013075778260827065,0,-0.0222,0.0178
Jakub Skarek,SJS,8480819,17,-0.002224417170509696,-0.0013075778260827065,0,-0.0222,0.0178
Jakub Skarek,SJS,8480819,18,-0.0022417977452278137,-0.0013075778260827065,0,-0.0222,0.0178
Jakub Skarek,SJS,8480819,19,-0.0022542306687682867,-0.0013075778260827065,0,-0.0223,0.0177
Jakub Skarek,SJS,8480819,20,-0.0022714040242135525,-0.0013075778260827065,0,-0.0223,0.0177
Jakub Skarek,SJS,8480819,21,-0.0022918388713151217,-0.0013075778260827065,0,-0.0223,0.0177
Jakub Skarek,SJS,8480819,22,-0.0022994838654994965,-0.0013075778260827065,0,-0.0223,0.0177
Jakub Skarek,SJS,8480819,23,-0.002301509492099285,-0.0013075778260827065,0,-0.0223,0.0177
Jakub Skarek,SJS,8480819,24,-0.002290064701810479,-0.0013075778260827065,0,-0.0223,0.0177
Jakub Skarek,SJS,8480819,25,-0.0022761633154004812,-0.0013075778260827065,0,-0.0223,0.0177
Jakub Skarek,SJS,8480819,26,-0.0022859510499984026,-0.0013075778260827065,0,-0.0223,0.0177
Jakub Skarek,SJS,8480819,27,-0.0022890197578817606,-0.0013075778260827065,0,-0.0223,0.0177
Jakub Skarek,SJS,8480819,28,-0.002295935060828924,-0.0013075778260827065,0,-0.0223,0.0177
Jakub Skarek,SJS,8480819,29,-0.0022997469641268253,-0.0013075778260827065,0,-0.0223,0.0177
Jakub Skarek,SJS,8480819,30,-0.0023033125326037407,-0.0013075778260827065,0,-0.0223,0.0177
Jakub Skarek,SJS,8480819,31,-0.002303456189110875,-0.0013075778260827065,0,-0.0223,0.0177
Jakub Skarek,SJS,8480819,32,-0.002301248023286462,-0.0013075778260827065,0,-0.0223,0.0177
Jakub Skarek,SJS,8480819,33,-0.0022985157556831837,-0.0013075778260827065,0,-0.0223,0.0177
Jakub Skarek,SJS,8480819,34,-0.002295059384778142,-0.0013075778260827065,0,-0.0223,0.0177
Jakub Skarek,SJS,8480819,35,-0.0022942807991057634,-0.0013075778260827065,0,-0.0223,0.0177
Nico Daws,NJD,8482076,0,0.0008796215988695621,0.0013169839512556791,14,-0.0044,0.0062
Nico Daws,NJD,8482076,1,0.0009829610353335738,0.0013169839512556791,5,-0.0079,0.0099
Nico Daws,NJD,8482076,2,0.0010444908402860165,0.0013169839512556791,0,-0.019,0.021
Nico Daws,NJD,8482076,3,0.0011075123911723495,0.0013169839512556791,0,-0.0189,0.0211
Nico Daws,NJD,8482076,4,0.001166893052868545,0.0013169839512556791,0,-0.0188,0.0212
Nico Daws,NJD,8482076,5,0.0012333205668255687,0.0013169839512556791,36,-0.0021,0.0045
Nico Daws,NJD,8482076,6,0.001108326599933207,0.0013169839512556791,0,-0.0189,0.0211
Nico Daws,NJD,8482076,7,0.0009799107210710645,0.0013169839512556791,0,-0.019,0.021
Nico Daws,NJD,8482076,8,0.0008509306935593486,0.0013169839512556791,0,-0.0191,0.0209
Nico Daws,NJD,8482076,9,0.0007248679175972939,0.0013169839512556791,0,-0.0193,0.0207
Nico Daws,NJD,8482076,10,0.0006026539485901594,0.0013169839512556791,0,-0.0194,0.0206
Nico Daws,NJD,8482076,11,0.0004729937354568392,0.0013169839512556791,0,-0.0195,0.0205
Nico Daws,NJD,8482076,12,0.0003564026264939457,0.0013169839512556791,0,-0.0196,0.0204
Nico Daws,NJD,8482076,13,0.0002470868930686265,0.0013169839512556791,0,-0.0198,0.0202
Nico Daws,NJD,8482076,14,0.00014721674961037934,0.0013169839512556791,0,-0.0199,0.0201
Nico Daws,NJD,8482076,15,4.645209992304444e-05,0.0013169839512556791,0,-0.02,0.02
Nico Daws,NJD,8482076,16,-6.409743218682706e-05,0.0013169839512556791,0,-0.0201,0.0199
Nico Daws,NJD,8482076,17,-0.00018245333922095597,0.0013169839512556791,0,-0.0202,0.0198
Nico Daws,NJD,8482076,18,-0.0002905412984546274,0.0013169839512556791,0,-0.0203,0.0197
Nico Daws,NJD,8482076,19,-0.0003934657434001565,0.0013169839512556791,0,-0.0204,0.0196
Nico Daws,NJD,8482076,20,-0.0005015350761823356,0.0013169839512556791,0,-0.0205,0.0195
Nico Daws,NJD,8482076,21,-0.0006122500053606927,0.0013169839512556791,0,-0.0206,0.0194
Nico Daws,NJD,8482076,22,-0.0007108745630830526,0.0013169839512556791,0,-0.0207,0.0193
Nico Daws,NJD,8482076,23,-0.0008032798068597913,0.0013169839512556791,0,-0.0208,0.0192
Nico Daws,NJD,8482076,24,-0.0008826858247630298,0.0013169839512556791,0,-0.0209,0.0191
Nico Daws,NJD,8482076,25,-0.0009593175491318107,0.0013169839512556791,0,-0.021,0.019
Nico Daws,NJD,8482076,26,-0.001059729722328484,0.0013169839512556791,29,-0.0048,0.0026
Nico Daws,NJD,8482076,27,-0.0011821523075923324,0.0013169839512556791,41,-0.0043,0.0019
Nico Daws,NJD,8482076,28,-0.0011888345470651984,0.0013169839512556791,0,-0.0212,0.0188
Nico Daws,NJD,8482076,29,-0.0011928563471883535,0.0013169839512556791,0,-0.0212,0.0188
Nico Daws,NJD,8482076,30,-0.0011962263379245996,0.0013169839512556791,0,-0.0212,0.0188
Nico Daws,NJD,8482076,31,-0.0011964396107941866,0.0013169839512556791,0,-0.0212,0.0188
Nico Daws,NJD,8482076,32,-0.0011941730044782162,0.0013169839512556791,0,-0.0212,0.0188
Nico Daws,NJD,8482076,33,-0.001191506045870483,0.0013169839512556791,0,-0.0212,0.0188
Nico Daws,NJD,8482076,34,-0.0011879769153892994,0.0013169839512556791,0,-0.0212,0.0188
Nico Daws,NJD,8482076,35,-0.0011870809830725193,0.0013169839512556791,0,-0.0212,0.0188
Joseph Woll,TOR,8479361,0,-0.014546563848853111,-0.013142379000782967,0,-0.0345,0.0055
Joseph Woll,TOR,8479361,1,-0.01517389714717865,-0.013142379000782967,0,-0.0352,0.0048
Joseph Woll,TOR,8479361,2,-0.0157992634922266,-0.013142379000782967,0,-0.0358,0.0042
Joseph Woll,TOR,8479361,3,-0.016425590962171555,-0.013142379000782967,0,-0.0364,0.0036
Joseph Woll,TOR,8479361,4,-0.01705498993396759,-0.013142379000782967,0,-0.0371,0.0029
Joseph Woll,TOR,8479361,5,-0.017678219825029373,-0.013142379000782967,0,-0.0377,0.0023
Joseph Woll,TOR,8479361,6,-0.018307577818632126,-0.013142379000782967,0,-0.0383,0.0017
Joseph Woll,TOR,8479361,7,-0.01894223690032959,-0.013142379000782967,0,-0.0389,0.0011
Joseph Woll,TOR,8479361,8,-0.019577665254473686,-0.013142379000782967,38,-0.0228,-0.0164
Joseph Woll,TOR,8479361,9,-0.02010424993932247,-0.013142379000782967,99,-0.0221,-0.0181
Joseph Woll,TOR,8479361,10,-0.020400291308760643,-0.013142379000782967,90,-0.0225,-0.0183
Joseph Woll,TOR,8479361,11,-0.02089330554008484,-0.013142379000782967,70,-0.0233,-0.0185
Joseph Woll,TOR,8479361,12,-0.02161863073706627,-0.013142379000782967,0,-0.0416,-0.0016
Joseph Woll,TOR,8479361,13,-0.02233513630926609,-0.013142379000782967,68,-0.0247,-0.0199
Joseph Woll,TOR,8479361,14,-0.023157257586717606,-0.013142379000782967,80,-0.0254,-0.021
Joseph Woll,TOR,8479361,15,-0.023654574528336525,-0.013142379000782967,98,-0.0257,-0.0217
Joseph Woll,TOR,8479361,16,-0.02389073185622692,-0.013142379000782967,73,-0.0262,-0.0216
Joseph Woll,TOR,8479361,17,-0.024345185607671738,-0.013142379000782967,79,-0.0266,-0.022
Joseph Woll,TOR,8479361,18,-0.02478746697306633,-0.013142379000782967,128,-0.0266,-0.023
Joseph Woll,TOR,8479361,19,-0.025171030312776566,-0.013142379000782967,84,-0.0274,-0.023
Joseph Woll,TOR,8479361,20,-0.02540006674826145,-0.013142379000782967,42,-0.0285,-0.0223
Joseph Woll,TOR,8479361,21,-0.025668911635875702,-0.013142379000782967,79,-0.028,-0.0234
Joseph Woll,TOR,8479361,22,-0.025915171951055527,-0.013142379000782967,91,-0.028,-0.0238
Joseph Woll,TOR,8479361,23,-0.026293812319636345,-0.013142379000782967,130,-0.0281,-0.0245
Joseph Woll,TOR,8479361,24,-0.02684999816119671,-0.013142379000782967,92,-0.0289,-0.0247
Joseph Woll,TOR,8479361,25,-0.02756653167307377,-0.013142379000782967,46,-0.0305,-0.0247
Joseph Woll,TOR,8479361,26,-0.027910735458135605,-0.013142379000782967,59,-0.0305,-0.0253
Joseph Woll,TOR,8479361,27,-0.02791169285774231,-0.013142379000782967,0,-0.0479,-0.0079
Joseph Woll,TOR,8479361,28,-0.027919497340917587,-0.013142379000782967,0,-0.0479,-0.0079
Joseph Woll,TOR,8479361,29,-0.02792402170598507,-0.013142379000782967,0,-0.0479,-0.0079
Joseph Woll,TOR,8479361,30,-0.027926722541451454,-0.013142379000782967,0,-0.0479,-0.0079
Joseph Woll,TOR,8479361,31,-0.02792648784816265,-0.013142379000782967,0,-0.0479,-0.0079
Joseph Woll,TOR,8479361,32,-0.027925631031394005,-0.013142379000782967,0,-0.0479,-0.0079
Joseph Woll,TOR,8479361,33,-0.02792157232761383,-0.013142379000782967,0,-0.0479,-0.0079
Joseph Woll,TOR,8479361,34,-0.027918938547372818,-0.013142379000782967,0,-0.0479,-0.0079
Joseph Woll,TOR,8479361,35,-0.02791753038764,-0.013142379000782967,0,-0.0479,-0.0079
Mads Sogaard,OTT,8481544,0,-0.011696175672113895,-0.01130931917577982,10,-0.018,-0.0054
Mads Sogaard,OTT,8481544,1,-0.01190563291311264,-0.01130931917577982,0,-0.0319,0.0081
Mads Sogaard,OTT,8481544,2,-0.012114966288208961,-0.01130931917577982,9,-0.0188,-0.0054
Mads Sogaard,OTT,8481544,3,-0.012316376902163029,-0.01130931917577982,0,-0.0323,0.0077
Mads Sogaard,OTT,8481544,4,-0.012521747499704361,-0.01130931917577982,0,-0.0325,0.0075
Mads Sogaard,OTT,8481544,5,-0.012719354592263699,-0.01130931917577982,0,-0.0327,0.0073
Mads Sogaard,OTT,8481544,6,-0.01292635127902031,-0.01130931917577982,0,-0.0329,0.0071
Mads Sogaard,OTT,8481544,7,-0.0131352124735713,-0.01130931917577982,0,-0.0331,0.0069
Mads Sogaard,OTT,8481544,8,-0.01334633119404316,-0.01130931917577982,0,-0.0333,0.0067
Mads Sogaard,OTT,8481544,9,-0.0135532571002841,-0.01130931917577982,0,-0.0336,0.0064
Mads Sogaard,OTT,8481544,10,-0.013757304288446903,-0.01130931917577982,0,-0.0338,0.0062
Mads Sogaard,OTT,8481544,11,-0.01396780926734209,-0.01130931917577982,0,-0.034,0.006
Mads Sogaard,OTT,8481544,12,-0.014166195876896381,-0.01130931917577982,0,-0.0342,0.0058
Mads Sogaard,OTT,8481544,13,-0.014356336556375027,-0.01130931917577982,0,-0.0344,0.0056
Mads Sogaard,OTT,8481544,14,-0.014537897892296314,-0.01130931917577982,0,-0.0345,0.0055
Mads Sogaard,OTT,8481544,15,-0.014719986356794834,-0.01130931917577982,0,-0.0347,0.0053
Mads Sogaard,OTT,8481544,16,-0.014911795035004616,-0.01130931917577982,14,-0.0202,-0.0096
Mads Sogaard,OTT,8481544,17,-0.014901635237038136,-0.01130931917577982,0,-0.0349,0.0051
Mads Sogaard,OTT,8481544,18,-0.014881675131618977,-0.01130931917577982,24,-0.019,-0.0108
Mads Sogaard,OTT,8481544,19,-0.014894277788698673,-0.01130931917577982,0,-0.0349,0.0051
Mads Sogaard,OTT,8481544,20,-0.014911397360265255,-0.01130931917577982,0,-0.0349,0.0051
Mads Sogaard,OTT,8481544,21,-0.014931775629520416,-0.01130931917577982,0,-0.0349,0.0051
Mads Sogaard,OTT,8481544,22,-0.014939957298338413,-0.01130931917577982,0,-0.0349,0.0051
Mads Sogaard,OTT,8481544,23,-0.014940932393074036,-0.01130931917577982,0,-0.0349,0.0051
Mads Sogaard,OTT,8481544,24,-0.01493112277239561,-0.01130931917577982,0,-0.0349,0.0051
Mads Sogaard,OTT,8481544,25,-0.014915616251528263,-0.01130931917577982,0,-0.0349,0.0051
Mads Sogaard,OTT,8481544,26,-0.014927125535905361,-0.01130931917577982,0,-0.0349,0.0051
Mads Sogaard,OTT,8481544,27,-0.014928569085896015,-0.01130931917577982,0,-0.0349,0.0051
Mads Sogaard,OTT,8481544,28,-0.014936682768166065,-0.01130931917577982,0,-0.0349,0.0051
Mads Sogaard,OTT,8481544,29,-0.014940168708562851,-0.01130931917577982,0,-0.0349,0.0051
Mads Sogaard,OTT,8481544,30,-0.014943835325539112,-0.01130931917577982,0,-0.0349,0.0051
Mads Sogaard,OTT,8481544,31,-0.014943634159862995,-0.01130931917577982,0,-0.0349,0.0051
Mads Sogaard,OTT,8481544,32,-0.014942049980163574,-0.01130931917577982,0,-0.0349,0.0051
Mads Sogaard,OTT,8481544,33,-0.014938848093152046,-0.01130931917577982,0,-0.0349,0.0051
Mads Sogaard,OTT,8481544,34,-0.014935389161109924,-0.01130931917577982,0,-0.0349,0.0051
Mads Sogaard,OTT,8481544,35,-0.01493515633046627,-0.01130931917577982,0,-0.0349,0.0051
Matt Murray,SEA,8476899,0,0.002332937903702259,0.001455575111322105,0,-0.0177,0.0223
Matt Murray,SEA,8476899,1,0.0027214172296226025,0.001455575111322105,56,0.0,0.0054
Matt Murray,SEA,8476899,2,0.003088252153247595,0.001455575111322105,0,-0.0169,0.0231
Matt Murray,SEA,8476899,3,0.003456366714090109,0.001455575111322105,0,-0.0165,0.0235
Matt Murray,SEA,8476899,4,0.003821123857051134,0.001455575111322105,0,-0.0162,0.0238
Matt Murray,SEA,8476899,5,0.004192778840661049,0.001455575111322105,43,0.0012,0.0072
Matt Murray,SEA,8476899,6,0.004522804636508226,0.001455575111322105,0,-0.0155,0.0245
Matt Murray,SEA,8476899,7,0.004849301651120186,0.001455575111322105,38,0.0016,0.008
Matt Murray,SEA,8476899,8,0.005077627953141928,0.001455575111322105,54,0.0024,0.0078
Matt Murray,SEA,8476899,9,0.00504256458953023,0.001455575111322105,0,-0.015,0.025
Matt Murray,SEA,8476899,10,0.00501074455678463,0.001455575111322105,0,-0.015,0.025
Matt Murray,SEA,8476899,11,0.004971833899617195,0.001455575111322105,0,-0.015,0.025
Matt Murray,SEA,8476899,12,0.004946248140186071,0.001455575111322105,0,-0.0151,0.0249
Matt Murray,SEA,8476899,13,0.004927224479615688,0.001455575111322105,0,-0.0151,0.0249
Matt Murray,SEA,8476899,14,0.004918364342302084,0.001455575111322105,0,-0.0151,0.0249
Matt Murray,SEA,8476899,15,0.004908046685159206,0.001455575111322105,0,-0.0151,0.0249
Matt Murray,SEA,8476899,16,0.0048884740099310875,0.001455575111322105,0,-0.0151,0.0249
Matt Murray,SEA,8476899,17,0.004860446322709322,0.001455575111322105,0,-0.0151,0.0249
Matt Murray,SEA,8476899,18,0.0048435647040605545,0.001455575111322105,0,-0.0152,0.0248
Matt Murray,SEA,8476899,19,0.004830558318644762,0.001455575111322105,0,-0.0152,0.0248
Matt Murray,SEA,8476899,20,0.004814242012798786,0.001455575111322105,0,-0.0152,0.0248
Matt Murray,SEA,8476899,21,0.004793111234903336,0.001455575111322105,0,-0.0152,0.0248
Matt Murray,SEA,8476899,22,0.004786137491464615,0.001455575111322105,0,-0.0152,0.0248
Matt Murray,SEA,8476899,23,0.004783638287335634,0.001455575111322105,0,-0.0152,0.0248
Matt Murray,SEA,8476899,24,0.004795558750629425,0.001455575111322105,0,-0.0152,0.0248
Matt Murray,SEA,8476899,25,0.004809187259525061,0.001455575111322105,0,-0.0152,0.0248
Matt Murray,SEA,8476899,26,0.00479973154142499,0.001455575111322105,0,-0.0152,0.0248
Matt Murray,SEA,8476899,27,0.0047963932156562805,0.001455575111322105,0,-0.0152,0.0248
Matt Murray,SEA,8476899,28,0.004789602942764759,0.001455575111322105,0,-0.0152,0.0248
Matt Murray,SEA,8476899,29,0.004786089062690735,0.001455575111322105,0,-0.0152,0.0248
Matt Murray,SEA,8476899,30,0.004781886003911495,0.001455575111322105,0,-0.0152,0.0248
Matt Murray,SEA,8476899,31,0.004782671574503183,0.001455575111322105,0,-0.0152,0.0248
Matt Murray,SEA,8476899,32,0.00478403503075242,0.001455575111322105,0,-0.0152,0.0248
Matt Murray,SEA,8476899,33,0.004787427838891745,0.001455575111322105,0,-0.0152,0.0248
Matt Murray,SEA,8476899,34,0.004790271632373333,0.001455575111322105,0,-0.0152,0.0248
Matt Murray,SEA,8476899,35,0.004791764542460442,0.001455575111322105,0,-0.0152,0.0248
Mackenzie Blackwood,COL,8478406,0,0.020274989306926727,0.01892498880624771,0,0.0003,0.0403
Mackenzie Blackwood,COL,8478406,1,0.02087591029703617,0.01892498880624771,0,0.0009,0.0409
Mackenzie Blackwood,COL,8478406,2,0.021472522988915443,0.01892498880624771,0,0.0015,0.0415
Mackenzie Blackwood,COL,8478406,3,0.022071516141295433,0.01892498880624771,0,0.0021,0.0421
Mackenzie Blackwood,COL,8478406,4,0.02266703173518181,0.01892498880624771,0,0.0027,0.0427
Mackenzie Blackwood,COL,8478406,5,0.02327089011669159,0.01892498880624771,0,0.0033,0.0433
Mackenzie Blackwood,COL,8478406,6,0.023863032460212708,0.01892498880624771,23,0.0197,0.0281
Mackenzie Blackwood,COL,8478406,7,0.02458077482879162,0.01892498880624771,38,0.0214,0.0278
Mackenzie Blackwood,COL,8478406,8,0.025256257504224777,0.01892498880624771,26,0.0214,0.0292
Mackenzie Blackwood,COL,8478406,9,0.026000075042247772,0.01892498880624771,50,0.0232,0.0288
Mackenzie Blackwood,COL,8478406,10,0.026489712297916412,0.01892498880624771,54,0.0238,0.0292
Mackenzie Blackwood,COL,8478406,11,0.026721956208348274,0.01892498880624771,120,0.0249,0.0285
Mackenzie Blackwood,COL,8478406,12,0.026957524940371513,0.01892498880624771,29,0.0233,0.0307
Mackenzie Blackwood,COL,8478406,13,0.027233639732003212,0.01892498880624771,82,0.025,0.0294
Mackenzie Blackwood,COL,8478406,14,0.027291415259242058,0.01892498880624771,0,0.0073,0.0473
Mackenzie Blackwood,COL,8478406,15,0.027343695983290672,0.01892498880624771,49,0.0244,0.0302
Mackenzie Blackwood,COL,8478406,16,0.027268951758742332,0.01892498880624771,0,0.0073,0.0473
Mackenzie Blackwood,COL,8478406,17,0.027179747819900513,0.01892498880624771,32,0.0237,0.0307
Mackenzie Blackwood,COL,8478406,18,0.027344098314642906,0.01892498880624771,62,0.0248,0.0298
Mackenzie Blackwood,COL,8478406,19,0.027488602325320244,0.01892498880624771,61,0.0249,0.0301
Mackenzie Blackwood,COL,8478406,20,0.027540793642401695,0.01892498880624771,64,0.025,0.03
Mackenzie Blackwood,COL,8478406,21,0.027527226135134697,0.01892498880624771,49,0.0246,0.0304
Mackenzie Blackwood,COL,8478406,22,0.02728918008506298,0.01892498880624771,50,0.0245,0.0301
Mackenzie Blackwood,COL,8478406,23,0.027163783088326454,0.01892498880624771,72,0.0248,0.0296
Mackenzie Blackwood,COL,8478406,24,0.027056755498051643,0.01892498880624771,62,0.0246,0.0296
Mackenzie Blackwood,COL,8478406,25,0.027144161984324455,0.01892498880624771,63,0.0246,0.0296
Mackenzie Blackwood,COL,8478406,26,0.02744070068001747,0.01892498880624771,86,0.0252,0.0296
Mackenzie Blackwood,COL,8478406,27,0.0274716317653656,0.01892498880624771,33,0.024,0.031
Mackenzie Blackwood,COL,8478406,28,0.02740957774221897,0.01892498880624771,0,0.0074,0.0474
Mackenzie Blackwood,COL,8478406,29,0.027355646714568138,0.01892498880624771,0,0.0074,0.0474
Mackenzie Blackwood,COL,8478406,30,0.027297314256429672,0.01892498880624771,19,0.0227,0.0319
Mackenzie Blackwood,COL,8478406,31,0.027126504108309746,0.01892498880624771,39,0.0239,0.0303
Mackenzie Blackwood,COL,8478406,32,0.02710188552737236,0.01892498880624771,0,0.0071,0.0471
Mackenzie Blackwood,COL,8478406,33,0.02707740105688572,0.01892498880624771,34,0.0237,0.0305
Mackenzie Blackwood,COL,8478406,34,0.02708257921040058,0.01892498880624771,0,0.0071,0.0471
Mackenzie Blackwood,COL,8478406,35,0.027081811800599098,0.01892498880624771,0,0.0071,0.0471
Akira Schmid,VGK,8481033,0,0.023789385333657265,0.022840188816189766,0,0.0038,0.0438
Akira Schmid,VGK,8481033,1,0.024205874651670456,0.022840188816189766,45,0.0212,0.0272
Akira Schmid,VGK,8481033,2,0.02453663758933544,0.022840188816189766,38,0.0213,0.0277
Akira Schmid,VGK,8481033,3,0.024780090898275375,0.022840188816189766,27,0.021,0.0286
Akira Schmid,VGK,8481033,4,0.025000477209687233,0.022840188816189766,65,0.0225,0.0275
Akira Schmid,VGK,8481033,5,0.025296952575445175,0.022840188816189766,59,0.0227,0.0279
Akira Schmid,VGK,8481033,6,0.025617418810725212,0.022840188816189766,33,0.0221,0.0291
Akira Schmid,VGK,8481033,7,0.025935085490345955,0.022840188816189766,87,0.0238,0.028
Akira Schmid,VGK,8481033,8,0.026246482506394386,0.022840188816189766,57,0.0236,0.0288
Akira Schmid,VGK,8481033,9,0.026417626067996025,0.022840188816189766,117,0.0246,0.0282
Akira Schmid,VGK,8481033,10,0.026465097442269325,0.022840188816189766,66,0.024,0.029
Akira Schmid,VGK,8481033,11,0.026482559740543365,0.022840188816189766,32,0.023,0.03
Akira Schmid,VGK,8481033,12,0.026366060599684715,0.022840188816189766,27,0.0226,0.0302
Akira Schmid,VGK,8481033,13,0.026283834129571915,0.022840188816189766,39,0.0231,0.0295
Akira Schmid,VGK,8481033,14,0.026433026418089867,0.022840188816189766,0,0.0064,0.0464
Akira Schmid,VGK,8481033,15,0.026578960940241814,0.022840188816189766,82,0.0244,0.0288
Akira Schmid,VGK,8481033,16,0.02675996720790863,0.022840188816189766,56,0.0241,0.0295
Akira Schmid,VGK,8481033,17,0.026871908456087112,0.022840188816189766,70,0.0245,0.0293
Akira Schmid,VGK,8481033,18,0.026815081015229225,0.022840188816189766,37,0.0235,0.0301
Akira Schmid,VGK,8481033,19,0.026734165847301483,0.022840188816189766,68,0.0243,0.0291
Akira Schmid,VGK,8481033,20,0.026704471558332443,0.022840188816189766,31,0.0231,0.0303
Akira Schmid,VGK,8481033,21,0.026721205562353134,0.022840188816189766,32,0.0232,0.0302
Akira Schmid,VGK,8481033,22,0.026884088292717934,0.022840188816189766,0,0.0069,0.0469
Akira Schmid,VGK,8481033,23,0.027047699317336082,0.022840188816189766,40,0.0238,0.0302
Akira Schmid,VGK,8481033,24,0.02706151269376278,0.022840188816189766,0,0.0071,0.0471
Akira Schmid,VGK,8481033,25,0.027073601260781288,0.022840188816189766,0,0.0071,0.0471
Akira Schmid,VGK,8481033,26,0.027065368369221687,0.022840188816189766,0,0.0071,0.0471
Akira Schmid,VGK,8481033,27,0.02706057019531727,0.022840188816189766,0,0.0071,0.0471
Akira Schmid,VGK,8481033,28,0.02705596573650837,0.022840188816189766,0,0.0071,0.0471
Akira Schmid,VGK,8481033,29,0.027049440890550613,0.022840188816189766,0,0.007,0.047
Akira Schmid,VGK,8481033,30,0.027048593387007713,0.022840188816189766,0,0.007,0.047
Akira Schmid,VGK,8481033,31,0.027046995237469673,0.022840188816189766,0,0.007,0.047
Akira Schmid,VGK,8481033,32,0.027049031108617783,0.022840188816189766,0,0.007,0.047
Akira Schmid,VGK,8481033,33,0.027052422985434532,0.022840188816189766,0,0.0071,0.0471
Akira Schmid,VGK,8481033,34,0.02705640159547329,0.022840188816189766,0,0.0071,0.0471
Akira Schmid,VGK,8481033,35,0.027056138962507248,0.022840188816189766,0,0.0071,0.0471
8481520,,8481520,0,0.0016337210545316339,0.0016961940564215183,0,-0.0184,0.0216
8481520,,8481520,1,0.0016041741473600268,0.0016961940564215183,0,-0.0184,0.0216
8481520,,8481520,2,0.001573618734255433,0.0016961940564215183,0,-0.0184,0.0216
8481520,,8481520,3,0.0015442068688571453,0.0016961940564215183,0,-0.0185,0.0215
8481520,,8481520,4,0.0015114363050088286,0.0016961940564215183,0,-0.0185,0.0215
8481520,,8481520,5,0.001485428074374795,0.0016961940564215183,0,-0.0185,0.0215
8481520,,8481520,6,0.0014512285124510527,0.0016961940564215183,0,-0.0185,0.0215
8481520,,8481520,7,0.0014134899247437716,0.0016961940564215183,0,-0.0186,0.0214
8481520,,8481520,8,0.001375154359266162,0.0016961940564215183,0,-0.0186,0.0214
8481520,,8481520,9,0.0013399866875261068,0.0016961940564215183,0,-0.0187,0.0213
8481520,,8481520,10,0.0013082006480544806,0.0016961940564215183,0,-0.0187,0.0213
8481520,,8481520,11,0.0012695338809862733,0.0016961940564215183,0,-0.0187,0.0213
8481520,,8481520,12,0.001243374776095152,0.0016961940564215183,0,-0.0188,0.0212
8481520,,8481520,13,0.0012249714927747846,0.0016961940564215183,0,-0.0188,0.0212
8481520,,8481520,14,0.0012156835291534662,0.0016961940564215183,0,-0.0188,0.0212
8481520,,8481520,15,0.001205724896863103,0.0016961940564215183,0,-0.0188,0.0212
8481520,,8481520,16,0.0011857242789119482,0.0016961940564215183,0,-0.0188,0.0212
8481520,,8481520,17,0.0011582328006625175,0.0016961940564215183,0,-0.0188,0.0212
8481520,,8481520,18,0.0011406827252358198,0.0016961940564215183,0,-0.0189,0.0211
8481520,,8481520,19,0.0011286104563623667,0.0016961940564215183,0,-0.0189,0.0211
8481520,,8481520,20,0.0011111022904515266,0.0016961940564215183,0,-0.0189,0.0211
8481520,,8481520,21,0.0010912297293543816,0.0016961940564215183,0,-0.0189,0.0211
8481520,,8481520,22,0.001083063893020153,0.0016961940564215183,0,-0.0189,0.0211
8481520,,8481520,23,0.001081686932593584,0.0016961940564215183,0,-0.0189,0.0211
8481520,,8481520,24,0.0010926134418696165,0.0016961940564215183,0,-0.0189,0.0211
8481520,,8481520,25,0.0011069979518651962,0.0016961940564215183,0,-0.0189,0.0211
8481520,,8481520,26,0.0010969978757202625,0.0016961940564215183,0,-0.0189,0.0211
8481520,,8481520,27,0.0010940588545054197,0.0016961940564215183,0,-0.0189,0.0211
8481520,,8481520,28,0.0010871327249333262,0.0016961940564215183,0,-0.0189,0.0211
8481520,,8481520,29,0.0010834106942638755,0.0016961940564215183,0,-0.0189,0.0211
8481520,,8481520,30,0.00107972149271518,0.0016961940564215183,0,-0.0189,0.0211
8481520,,8481520,31,0.0010798166040331125,0.0016961940564215183,0,-0.0189,0.0211
8481520,,8481520,32,0.0010818088194355369,0.0016961940564215183,0,-0.0189,0.0211
8481520,,8481520,33,0.001084761111997068,0.0016961940564215183,0,-0.0189,0.0211
8481520,,8481520,34,0.0010880143381655216,0.0016961940564215183,0,-0.0189,0.0211
8481520,,8481520,35,0.0010891410056501627,0.0016961940564215183,0,-0.0189,0.0211
Georgi Romanov,STL,8484312,0,-0.011745243333280087,-0.011904465965926647,0,-0.0317,0.0083
Georgi Romanov,STL,8484312,1,-0.011676657944917679,-0.011904465965926647,10,-0.018,-0.0054
Georgi Romanov,STL,8484312,2,-0.011707447469234467,-0.011904465965926647,0,-0.0317,0.0083
Georgi Romanov,STL,8484312,3,-0.011736267246305943,-0.011904465965926647,0,-0.0317,0.0083
Georgi Romanov,STL,8484312,4,-0.011769822798669338,-0.011904465965926647,0,-0.0318,0.0082
Georgi Romanov,STL,8484312,5,-0.011796289123594761,-0.011904465965926647,0,-0.0318,0.0082
Georgi Romanov,STL,8484312,6,-0.011829216033220291,-0.011904465965926647,0,-0.0318,0.0082
Georgi Romanov,STL,8484312,7,-0.011868535540997982,-0.011904465965926647,0,-0.0319,0.0081
Georgi Romanov,STL,8484312,8,-0.011906428262591362,-0.011904465965926647,0,-0.0319,0.0081
Georgi Romanov,STL,8484312,9,-0.011941307224333286,-0.011904465965926647,0,-0.0319,0.0081
Georgi Romanov,STL,8484312,10,-0.01197415217757225,-0.011904465965926647,0,-0.032,0.008
Georgi Romanov,STL,8484312,11,-0.012011443264782429,-0.011904465965926647,0,-0.032,0.008
Georgi Romanov,STL,8484312,12,-0.012039386667311192,-0.011904465965926647,0,-0.032,0.008
Georgi Romanov,STL,8484312,13,-0.01205648947507143,-0.011904465965926647,0,-0.0321,0.0079
Georgi Romanov,STL,8484312,14,-0.012066778726875782,-0.011904465965926647,0,-0.0321,0.0079
Georgi Romanov,STL,8484312,15,-0.012076340615749359,-0.011904465965926647,0,-0.0321,0.0079
Georgi Romanov,STL,8484312,16,-0.01209670677781105,-0.011904465965926647,0,-0.0321,0.0079
Georgi Romanov,STL,8484312,17,-0.012123930267989635,-0.011904465965926647,0,-0.0321,0.0079
Georgi Romanov,STL,8484312,18,-0.01214180514216423,-0.011904465965926647,0,-0.0321,0.0079
Georgi Romanov,STL,8484312,19,-0.012153957970440388,-0.011904465965926647,0,-0.0322,0.0078
Georgi Romanov,STL,8484312,20,-0.012171595357358456,-0.011904465965926647,0,-0.0322,0.0078
Georgi Romanov,STL,8484312,21,-0.01219090074300766,-0.011904465965926647,0,-0.0322,0.0078
Georgi Romanov,STL,8484312,22,-0.012200108729302883,-0.011904465965926647,0,-0.0322,0.0078
Georgi Romanov,STL,8484312,23,-0.012200859375298023,-0.011904465965926647,0,-0.0322,0.0078
Georgi Romanov,STL,8484312,24,-0.012190159410238266,-0.011904465965926647,0,-0.0322,0.0078
Georgi Romanov,STL,8484312,25,-0.012175442650914192,-0.011904465965926647,0,-0.0322,0.0078
Georgi Romanov,STL,8484312,26,-0.012186740525066853,-0.011904465965926647,0,-0.0322,0.0078
Georgi Romanov,STL,8484312,27,-0.012187893502414227,-0.011904465965926647,0,-0.0322,0.0078
Georgi Romanov,STL,8484312,28,-0.012196560390293598,-0.011904465965926647,0,-0.0322,0.0078
Georgi Romanov,STL,8484312,29,-0.01219892781227827,-0.011904465965926647,0,-0.0322,0.0078
Georgi Romanov,STL,8484312,30,-0.012203573249280453,-0.011904465965926647,0,-0.0322,0.0078
Georgi Romanov,STL,8484312,31,-0.012203015387058258,-0.011904465965926647,0,-0.0322,0.0078
Georgi Romanov,STL,8484312,32,-0.012201331555843353,-0.011904465965926647,0,-0.0322,0.0078
Georgi Romanov,STL,8484312,33,-0.01219820138067007,-0.011904465965926647,0,-0.0322,0.0078
Georgi Romanov,STL,8484312,34,-0.012195155024528503,-0.011904465965926647,0,-0.0322,0.0078
Georgi Romanov,STL,8484312,35,-0.012193916365504265,-0.011904465965926647,0,-0.0322,0.0078
Dustin Wolf,CGY,8481692,0,0.009889031760394573,0.01113840937614441,0,-0.0101,0.0299
Dustin Wolf,CGY,8481692,1,0.00932986382395029,0.01113840937614441,18,0.0046,0.014
Dustin Wolf,CGY,8481692,2,0.00879585649818182,0.01113840937614441,95,0.0067,0.0109
Dustin Wolf,CGY,8481692,3,0.008075223304331303,0.01113840937614441,84,0.0059,0.0103
Dustin Wolf,CGY,8481692,4,0.007727638352662325,0.01113840937614441,65,0.0052,0.0102
Dustin Wolf,CGY,8481692,5,0.007654798682779074,0.01113840937614441,109,0.0058,0.0096
Dustin Wolf,CGY,8481692,6,0.0073745218105614185,0.01113840937614441,73,0.0051,0.0097
Dustin Wolf,CGY,8481692,7,0.007351327687501907,0.01113840937614441,70,0.005,0.0098
Dustin Wolf,CGY,8481692,8,0.0072698406875133514,0.01113840937614441,91,0.0052,0.0094
Dustin Wolf,CGY,8481692,9,0.007077147718518972,0.01113840937614441,61,0.0045,0.0097
Dustin Wolf,CGY,8481692,10,0.007060017436742783,0.01113840937614441,4,-0.0029,0.0171
Dustin Wolf,CGY,8481692,11,0.0073201279155910015,0.01113840937614441,81,0.0051,0.0095
Dustin Wolf,CGY,8481692,12,0.007274349220097065,0.01113840937614441,66,0.0048,0.0098
Dustin Wolf,CGY,8481692,13,0.007149832788854837,0.01113840937614441,65,0.0046,0.0096
Dustin Wolf,CGY,8481692,14,0.00718676345422864,0.01113840937614441,73,0.0049,0.0095
Dustin Wolf,CGY,8481692,15,0.006984089966863394,0.01113840937614441,110,0.0051,0.0089
Dustin Wolf,CGY,8481692,16,0.006819623522460461,0.01113840937614441,129,0.005,0.0086
Dustin Wolf,CGY,8481692,17,0.006964495871216059,0.01113840937614441,89,0.0049,0.0091
Dustin Wolf,CGY,8481692,18,0.007027298212051392,0.01113840937614441,81,0.0048,0.0092
Dustin Wolf,CGY,8481692,19,0.007363657932728529,0.01113840937614441,23,0.0032,0.0116
Dustin Wolf,CGY,8481692,20,0.007623203098773956,0.01113840937614441,33,0.0041,0.0111
Dustin Wolf,CGY,8481692,21,0.00799125898629427,0.01113840937614441,88,0.0059,0.0101
Dustin Wolf,CGY,8481692,22,0.008066664449870586,0.01113840937614441,57,0.0055,0.0107
Dustin Wolf,CGY,8481692,23,0.00802082009613514,0.01113840937614441,54,0.0053,0.0107
Dustin Wolf,CGY,8481692,24,0.008016635663807392,0.01113840937614441,73,0.0057,0.0103
Dustin Wolf,CGY,8481692,25,0.00795662496238947,0.01113840937614441,51,0.0052,0.0108
Dustin Wolf,CGY,8481692,26,0.008302093483507633,0.01113840937614441,85,0.0061,0.0105
Dustin Wolf,CGY,8481692,27,0.00836689118295908,0.01113840937614441,41,0.0053,0.0115
Dustin Wolf,CGY,8481692,28,0.008360916748642921,0.01113840937614441,0,-0.0116,0.0284
Dustin Wolf,CGY,8481692,29,0.008356476202607155,0.01113840937614441,0,-0.0116,0.0284
Dustin Wolf,CGY,8481692,30,0.008353524841368198,0.01113840937614441,0,-0.0116,0.0284
Dustin Wolf,CGY,8481692,31,0.00835275650024414,0.01113840937614441,0,-0.0116,0.0284
Dustin Wolf,CGY,8481692,32,0.008355710655450821,0.01113840937614441,0,-0.0116,0.0284
Dustin Wolf,CGY,8481692,33,0.008357507176697254,0.01113840937614441,0,-0.0116,0.0284
Dustin Wolf,CGY,8481692,34,0.008362235501408577,0.01113840937614441,0,-0.0116,0.0284
Dustin Wolf,CGY,8481692,35,0.008362053893506527,0.01113840937614441,0,-0.0116,0.0284
Philipp Grubauer,SEA,8475831,0,-0.018676882609725,-0.02201671712100506,0,-0.0387,0.0013
Philipp Grubauer,SEA,8475831,1,-0.017192380502820015,-0.02201671712100506,16,-0.0222,-0.0122
Philipp Grubauer,SEA,8475831,2,-0.01568688452243805,-0.02201671712100506,24,-0.0198,-0.0116
Philipp Grubauer,SEA,8475831,3,-0.014217325486242771,-0.02201671712100506,0,-0.0342,0.0058
Philipp Grubauer,SEA,8475831,4,-0.012755392119288445,-0.02201671712100506,38,-0.016,-0.0096
Philipp Grubauer,SEA,8475831,5,-0.011399589478969574,-0.02201671712100506,9,-0.0181,-0.0047
Philipp Grubauer,SEA,8475831,6,-0.010116894729435444,-0.02201671712100506,0,-0.0301,0.0099
Philipp Grubauer,SEA,8475831,7,-0.00884014181792736,-0.02201671712100506,27,-0.0126,-0.005
Philipp Grubauer,SEA,8475831,8,-0.0075426893308758736,-0.02201671712100506,53,-0.0102,-0.0048
Philipp Grubauer,SEA,8475831,9,-0.006312952376902103,-0.02201671712100506,43,-0.0093,-0.0033
Philipp Grubauer,SEA,8475831,10,-0.0052976286970078945,-0.02201671712100506,0,-0.0253,0.0147
Philipp Grubauer,SEA,8475831,11,-0.004290373530238867,-0.02201671712100506,15,-0.0095,0.0009
Philipp Grubauer,SEA,8475831,12,-0.0032174568623304367,-0.02201671712100506,69,-0.0056,-0.0008
Philipp Grubauer,SEA,8475831,13,-0.0021585607901215553,-0.02201671712100506,42,-0.0053,0.0009
Philipp Grubauer,SEA,8475831,14,-0.0010377360740676522,-0.02201671712100506,91,-0.0031,0.0011
Philipp Grubauer,SEA,8475831,15,-0.0002733769651968032,-0.02201671712100506,40,-0.0035,0.0029
Philipp Grubauer,SEA,8475831,16,0.00019772734958678484,-0.02201671712100506,91,-0.0019,0.0023
Philipp Grubauer,SEA,8475831,17,0.0004893644363619387,-0.02201671712100506,107,-0.0014,0.0024
Philipp Grubauer,SEA,8475831,18,0.0009021959267556667,-0.02201671712100506,73,-0.0014,0.0032
Philipp Grubauer,SEA,8475831,19,0.0009914487600326538,-0.02201671712100506,22,-0.0033,0.0053
Philipp Grubauer,SEA,8475831,20,0.0009463602909818292,-0.02201671712100506,43,-0.0021,0.0039
Philipp Grubauer,SEA,8475831,21,0.0010405860375612974,-0.02201671712100506,41,-0.0021,0.0041
Philipp Grubauer,SEA,8475831,22,0.0012782502453774214,-0.02201671712100506,64,-0.0012,0.0038
Philipp Grubauer,SEA,8475831,23,0.0015171567210927606,-0.02201671712100506,31,-0.0021,0.0051
Philipp Grubauer,SEA,8475831,24,0.001987388590350747,-0.02201671712100506,90,-0.0001,0.0041
Philipp Grubauer,SEA,8475831,25,0.0021609519608318806,-0.02201671712100506,70,-0.0002,0.0046
Philipp Grubauer,SEA,8475831,26,0.002299827989190817,-0.02201671712100506,26,-0.0016,0.0062
Philipp Grubauer,SEA,8475831,27,0.00229635089635849,-0.02201671712100506,0,-0.0177,0.0223
Philipp Grubauer,SEA,8475831,28,0.0022897811140865088,-0.02201671712100506,0,-0.0177,0.0223
Philipp Grubauer,SEA,8475831,29,0.002285861875861883,-0.02201671712100506,0,-0.0177,0.0223
Philipp Grubauer,SEA,8475831,30,0.002282070927321911,-0.02201671712100506,0,-0.0177,0.0223
Philipp Grubauer,SEA,8475831,31,0.002282432047650218,-0.02201671712100506,0,-0.0177,0.0223
Philipp Grubauer,SEA,8475831,32,0.0022841261234134436,-0.02201671712100506,0,-0.0177,0.0223
Philipp Grubauer,SEA,8475831,33,0.0022873682901263237,-0.02201671712100506,0,-0.0177,0.0223
Philipp Grubauer,SEA,8475831,34,0.002290357369929552,-0.02201671712100506,0,-0.0177,0.0223
Philipp Grubauer,SEA,8475831,35,0.002291577635332942,-0.02201671712100506,0,-0.0177,0.0223
8478848,,8478848,0,-0.0009028538479469717,-0.0008402523817494512,0,-0.0209,0.0191
8478848,,8478848,1,-0.0009324742713943124,-0.0008402523817494512,0,-0.0209,0.0191
8478848,,8478848,2,-0.0009629681007936597,-0.0008402523817494512,0,-0.021,0.019
8478848,,8478848,3,-0.000992499990388751,-0.0008402523817494512,0,-0.021,0.019
8478848,,8478848,4,-0.0010252840584143996,-0.0008402523817494512,0,-0.021,0.019
8478848,,8478848,5,-0.0010514773894101381,-0.0008402523817494512,0,-0.0211,0.0189
8478848,,8478848,6,-0.0010855357395485044,-0.0008402523817494512,0,-0.0211,0.0189
8478848,,8478848,7,-0.0011234877165406942,-0.0008402523817494512,0,-0.0211,0.0189
8478848,,8478848,8,-0.0011617154814302921,-0.0008402523817494512,0,-0.0212,0.0188
8478848,,8478848,9,-0.0011971353087574244,-0.0008402523817494512,0,-0.0212,0.0188
8478848,,8478848,10,-0.0012287264689803123,-0.0008402523817494512,0,-0.0212,0.0188
8478848,,8478848,11,-0.0012676527258008718,-0.0008402523817494512,0,-0.0213,0.0187
8478848,,8478848,12,-0.0012936765560880303,-0.0008402523817494512,0,-0.0213,0.0187
8478848,,8478848,13,-0.0013122677337378263,-0.0008402523817494512,0,-0.0213,0.0187
8478848,,8478848,14,-0.001321443123742938,-0.0008402523817494512,0,-0.0213,0.0187
8478848,,8478848,15,-0.001331612467765808,-0.0008402523817494512,0,-0.0213,0.0187
8478848,,8478848,16,-0.0013514499878510833,-0.0008402523817494512,0,-0.0214,0.0186
8478848,,8478848,17,-0.0013791956007480621,-0.0008402523817494512,0,-0.0214,0.0186
8478848,,8478848,18,-0.0013965372927486897,-0.0008402523817494512,0,-0.0214,0.0186
8478848,,8478848,19,-0.001408886513672769,-0.0008402523817494512,0,-0.0214,0.0186
8478848,,8478848,20,-0.0014261826872825623,-0.0008402523817494512,0,-0.0214,0.0186
8478848,,8478848,21,-0.0014463129919022322,-0.0008402523817494512,0,-0.0214,0.0186
8478848,,8478848,22,-0.001454252633266151,-0.0008402523817494512,0,-0.0215,0.0185
8478848,,8478848,23,-0.001455920166336,-0.0008402523817494512,0,-0.0215,0.0185
8478848,,8478848,24,-0.0014447533758357167,-0.0008402523817494512,0,-0.0214,0.0186
8478848,,8478848,25,-0.0014306348748505116,-0.0008402523817494512,0,-0.0214,0.0186
8478848,,8478848,26,-0.001440437976270914,-0.0008402523817494512,0,-0.0214,0.0186
8478848,,8478848,27,-0.0014435346238315105,-0.0008402523817494512,0,-0.0214,0.0186
8478848,,8478848,28,-0.0014504119753837585,-0.0008402523817494512,0,-0.0215,0.0185
8478848,,8478848,29,-0.0014541777782142162,-0.0008402523817494512,0,-0.0215,0.0185
8478848,,8478848,30,-0.0014578145928680897,-0.0008402523817494512,0,-0.0215,0.0185
8478848,,8478848,31,-0.0014578381087630987,-0.0008402523817494512,0,-0.0215,0.0185
8478848,,8478848,32,-0.0014556953683495522,-0.0008402523817494512,0,-0.0215,0.0185
8478848,,8478848,33,-0.001452967757359147,-0.0008402523817494512,0,-0.0215,0.0185
8478848,,8478848,34,-0.0014494662173092365,-0.0008402523817494512,0,-0.0214,0.0186
8478848,,8478848,35,-0.0014485970605164766,-0.0008402523817494512,0,-0.0214,0.0186
Jet Greaves,CBJ,8482982,0,0.047963183373212814,0.04620053619146347,0,0.028,0.068
Jet Greaves,CBJ,8482982,1,0.04874527454376221,0.04620053619146347,54,0.046,0.0514
Jet Greaves,CBJ,8482982,2,0.049347758293151855,0.04620053619146347,33,0.0458,0.0528
Jet Greaves,CBJ,8482982,3,0.050099242478609085,0.04620053619146347,32,0.0466,0.0536
Jet Greaves,CBJ,8482982,4,0.050781555473804474,0.04620053619146347,63,0.0483,0.0533
Jet Greaves,CBJ,8482982,5,0.051279157400131226,0.04620053619146347,29,0.0476,0.055
Jet Greaves,CBJ,8482982,6,0.05185024440288544,0.04620053619146347,90,0.0498,0.054
Jet Greaves,CBJ,8482982,7,0.052412670105695724,0.04620053619146347,29,0.0487,0.0561
Jet Greaves,CBJ,8482982,8,0.053203050047159195,0.04620053619146347,153,0.0516,0.0548
Jet Greaves,CBJ,8482982,9,0.05401749536395073,0.04620053619146347,124,0.0522,0.0558
Jet Greaves,CBJ,8482982,10,0.054836858063936234,0.04620053619146347,73,0.0525,0.0571
Jet Greaves,CBJ,8482982,11,0.05575309321284294,0.04620053619146347,38,0.0526,0.059
Jet Greaves,CBJ,8482982,12,0.05657632648944855,0.04620053619146347,103,0.0546,0.0586
Jet Greaves,CBJ,8482982,13,0.05735297128558159,0.04620053619146347,74,0.0551,0.0597
Jet Greaves,CBJ,8482982,14,0.05826229974627495,0.04620053619146347,63,0.0558,0.0608
Jet Greaves,CBJ,8482982,15,0.0591372549533844,0.04620053619146347,173,0.0576,0.0606
Jet Greaves,CBJ,8482982,16,0.05976968631148338,0.04620053619146347,94,0.0577,0.0619
Jet Greaves,CBJ,8482982,17,0.060540106147527695,0.04620053619146347,35,0.0571,0.0639
Jet Greaves,CBJ,8482982,18,0.06110358238220215,0.04620053619146347,85,0.0589,0.0633
Jet Greaves,CBJ,8482982,19,0.06160903722047806,0.04620053619146347,34,0.0582,0.065
Jet Greaves,CBJ,8482982,20,0.06211952492594719,0.04620053619146347,31,0.0585,0.0657
Jet Greaves,CBJ,8482982,21,0.06243477389216423,0.04620053619146347,42,0.0593,0.0655
Jet Greaves,CBJ,8482982,22,0.0629228800535202,0.04620053619146347,21,0.0585,0.0673
Jet Greaves,CBJ,8482982,23,0.0633779987692833,0.04620053619146347,91,0.0613,0.0655
Jet Greaves,CBJ,8482982,24,0.0636443942785263,0.04620053619146347,99,0.0616,0.0656
Jet Greaves,CBJ,8482982,25,0.0637177973985672,0.04620053619146347,86,0.0615,0.0659
Jet Greaves,CBJ,8482982,26,0.06366489827632904,0.04620053619146347,150,0.0621,0.0653
Jet Greaves,CBJ,8482982,27,0.0637059137225151,0.04620053619146347,23,0.0595,0.0679
Jet Greaves,CBJ,8482982,28,0.0637035220861435,0.04620053619146347,0,0.0437,0.0837
Jet Greaves,CBJ,8482982,29,0.06369497627019882,0.04620053619146347,0,0.0437,0.0837
Jet Greaves,CBJ,8482982,30,0.06369680911302567,0.04620053619146347,0,0.0437,0.0837
Jet Greaves,CBJ,8482982,31,0.063690684735775,0.04620053619146347,0,0.0437,0.0837
Jet Greaves,CBJ,8482982,32,0.06369824707508087,0.04620053619146347,0,0.0437,0.0837
Jet Greaves,CBJ,8482982,33,0.06369894742965698,0.04620053619146347,0,0.0437,0.0837
Jet Greaves,CBJ,8482982,34,0.0637010782957077,0.04620053619146347,0,0.0437,0.0837
Jet Greaves,CBJ,8482982,35,0.0637039989233017,0.04620053619146347,0,0.0437,0.0837
Devon Levi,BUF,8482221,0,-0.015092647634446621,-0.015181788243353367,0,-0.0351,0.0049
Devon Levi,BUF,8482221,1,-0.015055353753268719,-0.015181788243353367,11,-0.0211,-0.0091
Devon Levi,BUF,8482221,2,-0.015085202641785145,-0.015181788243353367,0,-0.0351,0.0049
Devon Levi,BUF,8482221,3,-0.015116158872842789,-0.015181788243353367,0,-0.0351,0.0049
Devon Levi,BUF,8482221,4,-0.01514715701341629,-0.015181788243353367,0,-0.0351,0.0049
Devon Levi,BUF,8482221,5,-0.01517508551478386,-0.015181788243353367,0,-0.0352,0.0048
Devon Levi,BUF,8482221,6,-0.015208551660180092,-0.015181788243353367,0,-0.0352,0.0048
Devon Levi,BUF,8482221,7,-0.015246735885739326,-0.015181788243353367,0,-0.0352,0.0048
Devon Levi,BUF,8482221,8,-0.015284914523363113,-0.015181788243353367,0,-0.0353,0.0047
Devon Levi,BUF,8482221,9,-0.015320581384003162,-0.015181788243353367,0,-0.0353,0.0047
Devon Levi,BUF,8482221,10,-0.015352199785411358,-0.015181788243353367,0,-0.0354,0.0046
Devon Levi,BUF,8482221,11,-0.015391450375318527,-0.015181788243353367,0,-0.0354,0.0046
Devon Levi,BUF,8482221,12,-0.01541699469089508,-0.015181788243353367,0,-0.0354,0.0046
Devon Levi,BUF,8482221,13,-0.015436558052897453,-0.015181788243353367,0,-0.0354,0.0046
Devon Levi,BUF,8482221,14,-0.015444445423781872,-0.015181788243353367,0,-0.0354,0.0046
Devon Levi,BUF,8482221,15,-0.015456129796802998,-0.015181788243353367,0,-0.0355,0.0045
Devon Levi,BUF,8482221,16,-0.015475262887775898,-0.015181788243353367,0,-0.0355,0.0045
Devon Levi,BUF,8482221,17,-0.01550276204943657,-0.015181788243353367,0,-0.0355,0.0045
Devon Levi,BUF,8482221,18,-0.015521329827606678,-0.015181788243353367,0,-0.0355,0.0045
Devon Levi,BUF,8482221,19,-0.015532499179244041,-0.015181788243353367,0,-0.0355,0.0045
Devon Levi,BUF,8482221,20,-0.015550659038126469,-0.015181788243353367,0,-0.0356,0.0044
Devon Levi,BUF,8482221,21,-0.015570319257676601,-0.015181788243353367,0,-0.0356,0.0044
Devon Levi,BUF,8482221,22,-0.015578791499137878,-0.015181788243353367,0,-0.0356,0.0044
Devon Levi,BUF,8482221,23,-0.015580312348902225,-0.015181788243353367,0,-0.0356,0.0044
Devon Levi,BUF,8482221,24,-0.015568706206977367,-0.015181788243353367,0,-0.0356,0.0044
Devon Levi,BUF,8482221,25,-0.015555680729448795,-0.015181788243353367,0,-0.0356,0.0044
Devon Levi,BUF,8482221,26,-0.015564141795039177,-0.015181788243353367,0,-0.0356,0.0044
Devon Levi,BUF,8482221,27,-0.015568742528557777,-0.015181788243353367,0,-0.0356,0.0044
Devon Levi,BUF,8482221,28,-0.01557423360645771,-0.015181788243353367,0,-0.0356,0.0044
Devon Levi,BUF,8482221,29,-0.015579206869006157,-0.015181788243353367,0,-0.0356,0.0044
Devon Levi,BUF,8482221,30,-0.015582015737891197,-0.015181788243353367,0,-0.0356,0.0044
Devon Levi,BUF,8482221,31,-0.015582805499434471,-0.015181788243353367,0,-0.0356,0.0044
Devon Levi,BUF,8482221,32,-0.015579869970679283,-0.015181788243353367,0,-0.0356,0.0044
Devon Levi,BUF,8482221,33,-0.015577748417854309,-0.015181788243353367,0,-0.0356,0.0044
Devon Levi,BUF,8482221,34,-0.01557428389787674,-0.015181788243353367,0,-0.0356,0.0044
Devon Levi,BUF,8482221,35,-0.015573130920529366,-0.015181788243353367,0,-0.0356,0.0044
Evan Gardner,CBJ,8484997,0,-0.002028538379818201,-0.002102454425767064,8,-0.0091,0.0051
Evan Gardner,CBJ,8484997,1,-0.0020583609584718943,-0.002102454425767064,0,-0.0221,0.0179
Evan Gardner,CBJ,8484997,2,-0.0020887800492346287,-0.002102454425767064,0,-0.0221,0.0179
Evan Gardner,CBJ,8484997,3,-0.002118324860930443,-0.002102454425767064,0,-0.0221,0.0179
Evan Gardner,CBJ,8484997,4,-0.00215132930316031,-0.002102454425767064,0,-0.0222,0.0178
Evan Gardner,CBJ,8484997,5,-0.0021774950437247753,-0.002102454425767064,0,-0.0222,0.0178
Evan Gardner,CBJ,8484997,6,-0.0022115660831332207,-0.002102454425767064,0,-0.0222,0.0178
Evan Gardner,CBJ,8484997,7,-0.0022497279569506645,-0.002102454425767064,0,-0.0222,0.0178
Evan Gardner,CBJ,8484997,8,-0.0022877606097608805,-0.002102454425767064,0,-0.0223,0.0177
Evan Gardner,CBJ,8484997,9,-0.0023235538974404335,-0.002102454425767064,0,-0.0223,0.0177
Evan Gardner,CBJ,8484997,10,-0.0023549043107777834,-0.002102454425767064,0,-0.0224,0.0176
Evan Gardner,CBJ,8484997,11,-0.0023940124083310366,-0.002102454425767064,0,-0.0224,0.0176
Evan Gardner,CBJ,8484997,12,-0.0024201476480811834,-0.002102454425767064,0,-0.0224,0.0176
Evan Gardner,CBJ,8484997,13,-0.0024386076256632805,-0.002102454425767064,0,-0.0224,0.0176
Evan Gardner,CBJ,8484997,14,-0.0024479692801833153,-0.002102454425767064,0,-0.0224,0.0176
Evan Gardner,CBJ,8484997,15,-0.002458113245666027,-0.002102454425767064,0,-0.0225,0.0175
Evan Gardner,CBJ,8484997,16,-0.0024780756793916225,-0.002102454425767064,0,-0.0225,0.0175
Evan Gardner,CBJ,8484997,17,-0.0025057136081159115,-0.002102454425767064,0,-0.0225,0.0175
Evan Gardner,CBJ,8484997,18,-0.0025231651961803436,-0.002102454425767064,0,-0.0225,0.0175
Evan Gardner,CBJ,8484997,19,-0.0025356279220432043,-0.002102454425767064,0,-0.0225,0.0175
Evan Gardner,CBJ,8484997,20,-0.0025527996476739645,-0.002102454425767064,0,-0.0226,0.0174
Evan Gardner,CBJ,8484997,21,-0.0025732123758643866,-0.002102454425767064,0,-0.0226,0.0174
Evan Gardner,CBJ,8484997,22,-0.0025807619094848633,-0.002102454425767064,0,-0.0226,0.0174
Evan Gardner,CBJ,8484997,23,-0.002582869492471218,-0.002102454425767064,0,-0.0226,0.0174
Evan Gardner,CBJ,8484997,24,-0.0025715178344398737,-0.002102454425767064,0,-0.0226,0.0174
Evan Gardner,CBJ,8484997,25,-0.002557448111474514,-0.002102454425767064,0,-0.0226,0.0174
Evan Gardner,CBJ,8484997,26,-0.0025672977790236473,-0.002102454425767064,0,-0.0226,0.0174
Evan Gardner,CBJ,8484997,27,-0.002570417709648609,-0.002102454425767064,0,-0.0226,0.0174
Evan Gardner,CBJ,8484997,28,-0.002577258972451091,-0.002102454425767064,0,-0.0226,0.0174
Evan Gardner,CBJ,8484997,29,-0.002581048756837845,-0.002102454425767064,0,-0.0226,0.0174
Evan Gardner,CBJ,8484997,30,-0.002584854606539011,-0.002102454425767064,0,-0.0226,0.0174
Evan Gardner,CBJ,8484997,31,-0.002584589645266533,-0.002102454425767064,0,-0.0226,0.0174
Evan Gardner,CBJ,8484997,32,-0.002582716289907694,-0.002102454425767064,0,-0.0226,0.0174
Evan Gardner,CBJ,8484997,33,-0.002579815685749054,-0.002102454425767064,0,-0.0226,0.0174
Evan Gardner,CBJ,8484997,34,-0.0025764955207705498,-0.002102454425767064,0,-0.0226,0.0174
Evan Gardner,CBJ,8484997,35,-0.002575570484623313,-0.002102454425767064,0,-0.0226,0.0174
Cayden Primeau,CAR,8480051,0,-0.04198340326547623,-0.04061465710401535,0,-0.062,-0.022
Cayden Primeau,CAR,8480051,1,-0.04259159415960312,-0.04061465710401535,41,-0.0457,-0.0395
Cayden Primeau,CAR,8480051,2,-0.04322604835033417,-0.04061465710401535,0,-0.0632,-0.0232
Cayden Primeau,CAR,8480051,3,-0.04385501146316528,-0.04061465710401535,0,-0.0639,-0.0239
Cayden Primeau,CAR,8480051,4,-0.04449433460831642,-0.04061465710401535,39,-0.0477,-0.0413
Cayden Primeau,CAR,8480051,5,-0.04495111480355263,-0.04061465710401535,25,-0.049,-0.041
Cayden Primeau,CAR,8480051,6,-0.04537291079759598,-0.04061465710401535,35,-0.0488,-0.042
Cayden Primeau,CAR,8480051,7,-0.045407120138406754,-0.04061465710401535,0,-0.0654,-0.0254
Cayden Primeau,CAR,8480051,8,-0.045449934899806976,-0.04061465710401535,0,-0.0654,-0.0254
Cayden Primeau,CAR,8480051,9,-0.04548218846321106,-0.04061465710401535,0,-0.0655,-0.0255
Cayden Primeau,CAR,8480051,10,-0.04551701620221138,-0.04061465710401535,0,-0.0655,-0.0255
Cayden Primeau,CAR,8480051,11,-0.04555276781320572,-0.04061465710401535,0,-0.0656,-0.0256
Cayden Primeau,CAR,8480051,12,-0.04558167606592178,-0.04061465710401535,0,-0.0656,-0.0256
Cayden Primeau,CAR,8480051,13,-0.04559940844774246,-0.04061465710401535,0,-0.0656,-0.0256
Cayden Primeau,CAR,8480051,14,-0.04560814052820206,-0.04061465710401535,0,-0.0656,-0.0256
Cayden Primeau,CAR,8480051,15,-0.045619744807481766,-0.04061465710401535,0,-0.0656,-0.0256
Cayden Primeau,CAR,8480051,16,-0.04563845694065094,-0.04061465710401535,0,-0.0656,-0.0256
Cayden Primeau,CAR,8480051,17,-0.04566796496510506,-0.04061465710401535,0,-0.0657,-0.0257
Cayden Primeau,CAR,8480051,18,-0.04568283632397652,-0.04061465710401535,0,-0.0657,-0.0257
Cayden Primeau,CAR,8480051,19,-0.04569893702864647,-0.04061465710401535,0,-0.0657,-0.0257
Cayden Primeau,CAR,8480051,20,-0.045712389051914215,-0.04061465710401535,0,-0.0657,-0.0257
Cayden Primeau,CAR,8480051,21,-0.04573630169034004,-0.04061465710401535,0,-0.0657,-0.0257
Cayden Primeau,CAR,8480051,22,-0.04574063792824745,-0.04061465710401535,0,-0.0657,-0.0257
Cayden Primeau,CAR,8480051,23,-0.04574716091156006,-0.04061465710401535,0,-0.0657,-0.0257
Cayden Primeau,CAR,8480051,24,-0.045729655772447586,-0.04061465710401535,0,-0.0657,-0.0257
Cayden Primeau,CAR,8480051,25,-0.04572203382849693,-0.04061465710401535,0,-0.0657,-0.0257
Cayden Primeau,CAR,8480051,26,-0.04572819173336029,-0.04061465710401535,0,-0.0657,-0.0257
Cayden Primeau,CAR,8480051,27,-0.04573341831564903,-0.04061465710401535,0,-0.0657,-0.0257
Cayden Primeau,CAR,8480051,28,-0.04573693498969078,-0.04061465710401535,0,-0.0657,-0.0257
Cayden Primeau,CAR,8480051,29,-0.045744866132736206,-0.04061465710401535,0,-0.0657,-0.0257
Cayden Primeau,CAR,8480051,30,-0.045746102929115295,-0.04061465710401535,0,-0.0657,-0.0257
Cayden Primeau,CAR,8480051,31,-0.04574758559465408,-0.04061465710401535,0,-0.0657,-0.0257
Cayden Primeau,CAR,8480051,32,-0.045742738991975784,-0.04061465710401535,0,-0.0657,-0.0257
Cayden Primeau,CAR,8480051,33,-0.04574473574757576,-0.04061465710401535,0,-0.0657,-0.0257
Cayden Primeau,CAR,8480051,34,-0.0457359179854393,-0.04061465710401535,0,-0.0657,-0.0257
Cayden Primeau,CAR,8480051,35,-0.04573903605341911,-0.04061465710401535,0,-0.0657,-0.0257
8480199,,8480199,0,0.0005746338283643126,0.0006372645730152726,0,-0.0194,0.0206
8480199,,8480199,1,0.0005451194010674953,0.0006372645730152726,0,-0.0195,0.0205
8480199,,8480199,2,0.0005145414615981281,0.0006372645730152726,0,-0.0195,0.0205
8480199,,8480199,3,0.000485082040540874,0.0006372645730152726,0,-0.0195,0.0205
8480199,,8480199,4,0.0004522755043581128,0.0006372645730152726,0,-0.0195,0.0205
8480199,,8480199,5,0.00042618493898771703,0.0006372645730152726,0,-0.0196,0.0204
8480199,,8480199,6,0.0003920402959920466,0.0006372645730152726,0,-0.0196,0.0204
8480199,,8480199,7,0.0003541898913681507,0.0006372645730152726,0,-0.0196,0.0204
8480199,,8480199,8,0.00031592181767337024,0.0006372645730152726,0,-0.0197,0.0203
8480199,,8480199,9,0.0002805607800837606,0.0006372645730152726,0,-0.0197,0.0203
8480199,,8480199,10,0.00024894907255657017,0.0006372645730152726,0,-0.0198,0.0202
8480199,,8480199,11,0.00021005942835472524,0.0006372645730152726,0,-0.0198,0.0202
8480199,,8480199,12,0.00018405585433356464,0.0006372645730152726,0,-0.0198,0.0202
8480199,,8480199,13,0.00016545815742574632,0.0006372645730152726,0,-0.0198,0.0202
8480199,,8480199,14,0.00015628620167262852,0.0006372645730152726,0,-0.0198,0.0202
8480199,,8480199,15,0.00014617707347497344,0.0006372645730152726,0,-0.0199,0.0201
8480199,,8480199,16,0.00012629455886781216,0.0006372645730152726,0,-0.0199,0.0201
8480199,,8480199,17,9.862903971225023e-05,0.0006372645730152726,0,-0.0199,0.0201
8480199,,8480199,18,8.122017607092857e-05,0.0006372645730152726,0,-0.0199,0.0201
8480199,,8480199,19,6.89446460455656e-05,0.0006372645730152726,0,-0.0199,0.0201
8480199,,8480199,20,5.1616691052913666e-05,0.0006372645730152726,0,-0.0199,0.0201
8480199,,8480199,21,3.152212593704462e-05,0.0006372645730152726,0,-0.02,0.02
8480199,,8480199,22,2.358603524044156e-05,0.0006372645730152726,0,-0.02,0.02
8480199,,8480199,23,2.1895335521548986e-05,0.0006372645730152726,0,-0.02,0.02
8480199,,8480199,24,3.3122021704912186e-05,0.0006372645730152726,0,-0.02,0.02
8480199,,8480199,25,4.7210894990712404e-05,0.0006372645730152726,0,-0.02,0.02
8480199,,8480199,26,3.742967965081334e-05,0.0006372645730152726,0,-0.02,0.02
8480199,,8480199,27,3.431265940889716e-05,0.0006372645730152726,0,-0.02,0.02
8480199,,8480199,28,2.747675171121955e-05,0.0006372645730152726,0,-0.02,0.02
8480199,,8480199,29,2.3689062800258398e-05,0.0006372645730152726,0,-0.02,0.02
8480199,,8480199,30,2.007686998695135e-05,0.0006372645730152726,0,-0.02,0.02
8480199,,8480199,31,2.0035426132380962e-05,0.0006372645730152726,0,-0.02,0.02
8480199,,8480199,32,2.216483699157834e-05,0.0006372645730152726,0,-0.02,0.02
8480199,,8480199,33,2.4988374207168818e-05,0.0006372645730152726,0,-0.02,0.02
8480199,,8480199,34,2.8328620828688145e-05,0.0006372645730152726,0,-0.02,0.02
8480199,,8480199,35,2.9365590307861567e-05,0.0006372645730152726,0,-0.02,0.02
Jakub Dobes,MTL,8482487,0,0.058374155312776566,0.05432897433638573,0,0.0384,0.0784
Jakub Dobes,MTL,8482487,1,0.060181744396686554,0.05432897433638573,14,0.0549,0.0655
Jakub Dobes,MTL,8482487,2,0.061914172023534775,0.05432897433638573,0,0.0419,0.0819
Jakub Dobes,MTL,8482487,3,0.0636686384677887,0.05432897433638573,32,0.0602,0.0672
Jakub Dobes,MTL,8482487,4,0.0652361512184143,0.05432897433638573,28,0.0614,0.069
Jakub Dobes,MTL,8482487,5,0.06672679632902145,0.05432897433638573,121,0.0649,0.0685
Jakub Dobes,MTL,8482487,6,0.06789194792509079,0.05432897433638573,21,0.0635,0.0723
Jakub Dobes,MTL,8482487,7,0.06909143179655075,0.05432897433638573,31,0.0655,0.0727
Jakub Dobes,MTL,8482487,8,0.07040636241436005,0.05432897433638573,17,0.0655,0.0753
Jakub Dobes,MTL,8482487,9,0.07200762629508972,0.05432897433638573,94,0.0699,0.0741
Jakub Dobes,MTL,8482487,10,0.073838010430336,0.05432897433638573,82,0.0716,0.076
Jakub Dobes,MTL,8482487,11,0.075919009745121,0.05432897433638573,103,0.0739,0.0779
Jakub Dobes,MTL,8482487,12,0.07781793922185898,0.05432897433638573,46,0.0749,0.0807
Jakub Dobes,MTL,8482487,13,0.07973640412092209,0.05432897433638573,73,0.0774,0.082
Jakub Dobes,MTL,8482487,14,0.08155554533004761,0.05432897433638573,0,0.0616,0.1016
Jakub Dobes,MTL,8482487,15,0.08337020874023438,0.05432897433638573,32,0.0799,0.0869
Jakub Dobes,MTL,8482487,16,0.08515745401382446,0.05432897433638573,0,0.0652,0.1052
Jakub Dobes,MTL,8482487,17,0.08693916350603104,0.05432897433638573,27,0.0831,0.0907
Jakub Dobes,MTL,8482487,18,0.08880074322223663,0.05432897433638573,26,0.0849,0.0927
Jakub Dobes,MTL,8482487,19,0.0906437337398529,0.05432897433638573,114,0.0887,0.0925
Jakub Dobes,MTL,8482487,20,0.0920923501253128,0.05432897433638573,46,0.0892,0.095
Jakub Dobes,MTL,8482487,21,0.09358742088079453,0.05432897433638573,31,0.09,0.0972
Jakub Dobes,MTL,8482487,22,0.0950588658452034,0.05432897433638573,37,0.0918,0.0984
Jakub Dobes,MTL,8482487,23,0.09658440947532654,0.05432897433638573,71,0.0942,0.099
Jakub Dobes,MTL,8482487,24,0.09798897057771683,0.05432897433638573,146,0.0963,0.0997
Jakub Dobes,MTL,8482487,25,0.09870164841413498,0.05432897433638573,72,0.0963,0.1011
Jakub Dobes,MTL,8482487,26,0.09911509603261948,0.05432897433638573,85,0.0969,0.1013
Jakub Dobes,MTL,8482487,27,0.09960273653268814,0.05432897433638573,51,0.0968,0.1024
Jakub Dobes,MTL,8482487,28,0.1002623662352562,0.05432897433638573,89,0.0982,0.1024
Jakub Dobes,MTL,8482487,29,0.10101355612277985,0.05432897433638573,113,0.0991,0.1029
Jakub Dobes,MTL,8482487,30,0.10137612372636795,0.05432897433638573,82,0.0992,0.1036
Jakub Dobes,MTL,8482487,31,0.10160619020462036,0.05432897433638573,109,0.0997,0.1035
Jakub Dobes,MTL,8482487,32,0.101823590695858,0.05432897433638573,147,0.1002,0.1034
Jakub Dobes,MTL,8482487,33,0.10182075947523117,0.05432897433638573,44,0.0988,0.1048
Jakub Dobes,MTL,8482487,34,0.1018260195851326,0.05432897433638573,0,0.0818,0.1218
Jakub Dobes,MTL,8482487,35,0.10182559490203857,0.05432897433638573,0,0.0818,0.1218
Cal Petersen,MIN,8477361,0,-0.004571837838739157,-0.0047141448594629765,0,-0.0246,0.0154
Cal Petersen,MIN,8477361,1,-0.004509776830673218,-0.0047141448594629765,46,-0.0074,-0.0016
Cal Petersen,MIN,8477361,2,-0.0045407856814563274,-0.0047141448594629765,0,-0.0245,0.0155
Cal Petersen,MIN,8477361,3,-0.004570149816572666,-0.0047141448594629765,0,-0.0246,0.0154
Cal Petersen,MIN,8477361,4,-0.004603078123182058,-0.0047141448594629765,0,-0.0246,0.0154
Cal Petersen,MIN,8477361,5,-0.00462971068918705,-0.0047141448594629765,0,-0.0246,0.0154
Cal Petersen,MIN,8477361,6,-0.004663220141083002,-0.0047141448594629765,0,-0.0247,0.0153
Cal Petersen,MIN,8477361,7,-0.004702161066234112,-0.0047141448594629765,0,-0.0247,0.0153
Cal Petersen,MIN,8477361,8,-0.004739588126540184,-0.0047141448594629765,0,-0.0247,0.0153
Cal Petersen,MIN,8477361,9,-0.0047756340354681015,-0.0047141448594629765,0,-0.0248,0.0152
Cal Petersen,MIN,8477361,10,-0.004807213321328163,-0.0047141448594629765,0,-0.0248,0.0152
Cal Petersen,MIN,8477361,11,-0.004846088122576475,-0.0047141448594629765,0,-0.0248,0.0152
Cal Petersen,MIN,8477361,12,-0.004872344899922609,-0.0047141448594629765,0,-0.0249,0.0151
Cal Petersen,MIN,8477361,13,-0.004890945740044117,-0.0047141448594629765,0,-0.0249,0.0151
Cal Petersen,MIN,8477361,14,-0.0049003842286765575,-0.0047141448594629765,0,-0.0249,0.0151
Cal Petersen,MIN,8477361,15,-0.004910310730338097,-0.0047141448594629765,0,-0.0249,0.0151
Cal Petersen,MIN,8477361,16,-0.0049303676933050156,-0.0047141448594629765,0,-0.0249,0.0151
Cal Petersen,MIN,8477361,17,-0.004958287347108126,-0.0047141448594629765,0,-0.025,0.015
Cal Petersen,MIN,8477361,18,-0.004975516814738512,-0.0047141448594629765,0,-0.025,0.015
Cal Petersen,MIN,8477361,19,-0.004988027736544609,-0.0047141448594629765,0,-0.025,0.015
Cal Petersen,MIN,8477361,20,-0.005005309358239174,-0.0047141448594629765,0,-0.025,0.015
Cal Petersen,MIN,8477361,21,-0.005025682970881462,-0.0047141448594629765,0,-0.025,0.015
Cal Petersen,MIN,8477361,22,-0.005033149849623442,-0.0047141448594629765,0,-0.025,0.015
Cal Petersen,MIN,8477361,23,-0.005035717971622944,-0.0047141448594629765,0,-0.025,0.015
Cal Petersen,MIN,8477361,24,-0.005023652222007513,-0.0047141448594629765,0,-0.025,0.015
Cal Petersen,MIN,8477361,25,-0.005010542925447226,-0.0047141448594629765,0,-0.025,0.015
Cal Petersen,MIN,8477361,26,-0.005019255448132753,-0.0047141448594629765,0,-0.025,0.015
Cal Petersen,MIN,8477361,27,-0.005023647099733353,-0.0047141448594629765,0,-0.025,0.015
Cal Petersen,MIN,8477361,28,-0.005029306747019291,-0.0047141448594629765,0,-0.025,0.015
Cal Petersen,MIN,8477361,29,-0.0050342390313744545,-0.0047141448594629765,0,-0.025,0.015
Cal Petersen,MIN,8477361,30,-0.005036838818341494,-0.0047141448594629765,0,-0.025,0.015
Cal Petersen,MIN,8477361,31,-0.005037922412157059,-0.0047141448594629765,0,-0.025,0.015
Cal Petersen,MIN,8477361,32,-0.0050346506759524345,-0.0047141448594629765,0,-0.025,0.015
Cal Petersen,MIN,8477361,33,-0.0050331163220107555,-0.0047141448594629765,0,-0.025,0.015
Cal Petersen,MIN,8477361,34,-0.0050286040641367435,-0.0047141448594629765,0,-0.025,0.015
Cal Petersen,MIN,8477361,35,-0.0050285388715565205,-0.0047141448594629765,0,-0.025,0.015
Calvin Pickard,EDM,8475717,0,-0.01832946017384529,-0.017469940707087517,0,-0.0383,0.0017
Calvin Pickard,EDM,8475717,1,-0.018710508942604065,-0.017469940707087517,36,-0.022,-0.0154
Calvin Pickard,EDM,8475717,2,-0.0192913506180048,-0.017469940707087517,52,-0.0221,-0.0165
Calvin Pickard,EDM,8475717,3,-0.019907141104340553,-0.017469940707087517,23,-0.0241,-0.0157
Calvin Pickard,EDM,8475717,4,-0.020582005381584167,-0.017469940707087517,31,-0.0242,-0.017
Calvin Pickard,EDM,8475717,5,-0.021275045350193977,-0.017469940707087517,69,-0.0237,-0.0189
Calvin Pickard,EDM,8475717,6,-0.021698376163840294,-0.017469940707087517,0,-0.0417,-0.0017
Calvin Pickard,EDM,8475717,7,-0.022125035524368286,-0.017469940707087517,48,-0.025,-0.0192
Calvin Pickard,EDM,8475717,8,-0.022349491715431213,-0.017469940707087517,35,-0.0257,-0.0189
Calvin Pickard,EDM,8475717,9,-0.022354071959853172,-0.017469940707087517,38,-0.0256,-0.0192
Calvin Pickard,EDM,8475717,10,-0.02248329482972622,-0.017469940707087517,23,-0.0267,-0.0183
Calvin Pickard,EDM,8475717,11,-0.022551676258444786,-0.017469940707087517,46,-0.0255,-0.0197
Calvin Pickard,EDM,8475717,12,-0.022628339007496834,-0.017469940707087517,25,-0.0266,-0.0186
Calvin Pickard,EDM,8475717,13,-0.022688841447234154,-0.017469940707087517,52,-0.0255,-0.0199
Calvin Pickard,EDM,8475717,14,-0.022828124463558197,-0.017469940707087517,0,-0.0428,-0.0028
Calvin Pickard,EDM,8475717,15,-0.022970382124185562,-0.017469940707087517,82,-0.0252,-0.0208
Calvin Pickard,EDM,8475717,16,-0.02312125451862812,-0.017469940707087517,28,-0.0269,-0.0193
Calvin Pickard,EDM,8475717,17,-0.023151947185397148,-0.017469940707087517,0,-0.0432,-0.0032
Calvin Pickard,EDM,8475717,18,-0.023165486752986908,-0.017469940707087517,0,-0.0432,-0.0032
Calvin Pickard,EDM,8475717,19,-0.023181939497590065,-0.017469940707087517,0,-0.0432,-0.0032
Calvin Pickard,EDM,8475717,20,-0.02319524623453617,-0.017469940707087517,0,-0.0432,-0.0032
Calvin Pickard,EDM,8475717,21,-0.02321869134902954,-0.017469940707087517,0,-0.0432,-0.0032
Calvin Pickard,EDM,8475717,22,-0.023224415257573128,-0.017469940707087517,0,-0.0432,-0.0032
Calvin Pickard,EDM,8475717,23,-0.023227635771036148,-0.017469940707087517,0,-0.0432,-0.0032
Calvin Pickard,EDM,8475717,24,-0.02321404404938221,-0.017469940707087517,0,-0.0432,-0.0032
Calvin Pickard,EDM,8475717,25,-0.02320331148803234,-0.017469940707087517,0,-0.0432,-0.0032
Calvin Pickard,EDM,8475717,26,-0.02321038581430912,-0.017469940707087517,0,-0.0432,-0.0032
Calvin Pickard,EDM,8475717,27,-0.02321469411253929,-0.017469940707087517,0,-0.0432,-0.0032
Calvin Pickard,EDM,8475717,28,-0.023221153765916824,-0.017469940707087517,0,-0.0432,-0.0032
Calvin Pickard,EDM,8475717,29,-0.023224668577313423,-0.017469940707087517,0,-0.0432,-0.0032
Calvin Pickard,EDM,8475717,30,-0.02322971262037754,-0.017469940707087517,0,-0.0432,-0.0032
Calvin Pickard,EDM,8475717,31,-0.023227127268910408,-0.017469940707087517,0,-0.0432,-0.0032
Calvin Pickard,EDM,8475717,32,-0.023228449746966362,-0.017469940707087517,0,-0.0432,-0.0032
Calvin Pickard,EDM,8475717,33,-0.023221706971526146,-0.017469940707087517,0,-0.0432,-0.0032
Calvin Pickard,EDM,8475717,34,-0.02322259172797203,-0.017469940707087517,0,-0.0432,-0.0032
Calvin Pickard,EDM,8475717,35,-0.023218169808387756,-0.017469940707087517,0,-0.0432,-0.0032
Devin Cooley,CGY,8482445,0,0.008852492086589336,0.008456552401185036,34,0.0055,0.0123
Devin Cooley,CGY,8482445,1,0.009133202955126762,0.008456552401185036,36,0.0058,0.0124
Devin Cooley,CGY,8482445,2,0.009571190923452377,0.008456552401185036,6,0.0014,0.0178
Devin Cooley,CGY,8482445,3,0.010064112022519112,0.008456552401185036,0,-0.0099,0.0301
Devin Cooley,CGY,8482445,4,0.010553005151450634,0.008456552401185036,38,0.0074,0.0138
Devin Cooley,CGY,8482445,5,0.010980375111103058,0.008456552401185036,0,-0.009,0.031
Devin Cooley,CGY,8482445,6,0.011396743357181549,0.008456552401185036,51,0.0086,0.0142
Devin Cooley,CGY,8482445,7,0.011663803830742836,0.008456552401185036,27,0.0079,0.0155
Devin Cooley,CGY,8482445,8,0.01187911257147789,0.008456552401185036,0,-0.0081,0.0319
Devin Cooley,CGY,8482445,9,0.012097056023776531,0.008456552401185036,67,0.0097,0.0145
Devin Cooley,CGY,8482445,10,0.012334289029240608,0.008456552401185036,114,0.0104,0.0142
Devin Cooley,CGY,8482445,11,0.012337594293057919,0.008456552401185036,21,0.0079,0.0167
Devin Cooley,CGY,8482445,12,0.012651097029447556,0.008456552401185036,36,0.0094,0.016
Devin Cooley,CGY,8482445,13,0.013068627566099167,0.008456552401185036,49,0.0102,0.016
Devin Cooley,CGY,8482445,14,0.013371430337429047,0.008456552401185036,0,-0.0066,0.0334
Devin Cooley,CGY,8482445,15,0.01367221586406231,0.008456552401185036,0,-0.0063,0.0337
Devin Cooley,CGY,8482445,16,0.013963321223855019,0.008456552401185036,30,0.0103,0.0177
Devin Cooley,CGY,8482445,17,0.0141896428540349,0.008456552401185036,29,0.0105,0.0179
Devin Cooley,CGY,8482445,18,0.014370321296155453,0.008456552401185036,79,0.0121,0.0167
Devin Cooley,CGY,8482445,19,0.014456838369369507,0.008456552401185036,28,0.0107,0.0183
Devin Cooley,CGY,8482445,20,0.014559771865606308,0.008456552401185036,33,0.0111,0.0181
Devin Cooley,CGY,8482445,21,0.014535622671246529,0.008456552401185036,0,-0.0055,0.0345
Devin Cooley,CGY,8482445,22,0.014525705017149448,0.008456552401185036,12,0.0087,0.0203
Devin Cooley,CGY,8482445,23,0.01463971845805645,0.008456552401185036,85,0.0124,0.0168
Devin Cooley,CGY,8482445,24,0.014630576595664024,0.008456552401185036,40,0.0114,0.0178
Devin Cooley,CGY,8482445,25,0.014470869675278664,0.008456552401185036,106,0.0126,0.0164
Devin Cooley,CGY,8482445,26,0.014259370975196362,0.008456552401185036,53,0.0116,0.017
Devin Cooley,CGY,8482445,27,0.014256007969379425,0.008456552401185036,0,-0.0057,0.0343
Devin Cooley,CGY,8482445,28,0.014249131083488464,0.008456552401185036,0,-0.0058,0.0342
Devin Cooley,CGY,8482445,29,0.014245365746319294,0.008456552401185036,0,-0.0058,0.0342
Devin Cooley,CGY,8482445,30,0.014241662807762623,0.008456552401185036,0,-0.0058,0.0342
Devin Cooley,CGY,8482445,31,0.01424206979572773,0.008456552401185036,0,-0.0058,0.0342
Devin Cooley,CGY,8482445,32,0.014243349432945251,0.008456552401185036,0,-0.0058,0.0342
Devin Cooley,CGY,8482445,33,0.014247327111661434,0.008456552401185036,0,-0.0058,0.0342
Devin Cooley,CGY,8482445,34,0.01424954179674387,0.008456552401185036,0,-0.0058,0.0342
Devin Cooley,CGY,8482445,35,0.0142512870952487,0.008456552401185036,0,-0.0057,0.0343
8482588,,8482588,0,-0.0011793795274570584,-0.0011167763732373714,0,-0.0212,0.0188
8482588,,8482588,1,-0.001209056586958468,-0.0011167763732373714,0,-0.0212,0.0188
8482588,,8482588,2,-0.001239576144143939,-0.0011167763732373714,0,-0.0212,0.0188
8482588,,8482588,3,-0.0012691279407590628,-0.0011167763732373714,0,-0.0213,0.0187
8482588,,8482588,4,-0.0013018576428294182,-0.0011167763732373714,0,-0.0213,0.0187
8482588,,8482588,5,-0.0013282941654324532,-0.0011167763732373714,0,-0.0213,0.0187
8482588,,8482588,6,-0.0013621133984997869,-0.0011167763732373714,0,-0.0214,0.0186
8482588,,8482588,7,-0.0014003071701154113,-0.0011167763732373714,0,-0.0214,0.0186
8482588,,8482588,8,-0.0014384143287315965,-0.0011167763732373714,0,-0.0214,0.0186
8482588,,8482588,9,-0.0014739693142473698,-0.0011167763732373714,0,-0.0215,0.0185
8482588,,8482588,10,-0.0015054907416924834,-0.0011167763732373714,0,-0.0215,0.0185
8482588,,8482588,11,-0.0015445189783349633,-0.0011167763732373714,0,-0.0215,0.0185
8482588,,8482588,12,-0.001570492167957127,-0.0011167763732373714,0,-0.0216,0.0184
8482588,,8482588,13,-0.0015891364309936762,-0.0011167763732373714,0,-0.0216,0.0184
8482588,,8482588,14,-0.001598358852788806,-0.0011167763732373714,0,-0.0216,0.0184
8482588,,8482588,15,-0.0016085323877632618,-0.0011167763732373714,0,-0.0216,0.0184
8482588,,8482588,16,-0.00162832613568753,-0.0011167763732373714,0,-0.0216,0.0184
8482588,,8482588,17,-0.00165618397295475,-0.0011167763732373714,0,-0.0217,0.0183
8482588,,8482588,18,-0.0016735008684918284,-0.0011167763732373714,0,-0.0217,0.0183
8482588,,8482588,19,-0.0016858610324561596,-0.0011167763732373714,0,-0.0217,0.0183
8482588,,8482588,20,-0.001703151618130505,-0.0011167763732373714,0,-0.0217,0.0183
8482588,,8482588,21,-0.0017233694670721889,-0.0011167763732373714,0,-0.0217,0.0183
8482588,,8482588,22,-0.0017311968840658665,-0.0011167763732373714,0,-0.0217,0.0183
8482588,,8482588,23,-0.0017330390401184559,-0.0011167763732373714,0,-0.0217,0.0183
8482588,,8482588,24,-0.001721716020256281,-0.0011167763732373714,0,-0.0217,0.0183
8482588,,8482588,25,-0.0017077282536774874,-0.0011167763732373714,0,-0.0217,0.0183
8482588,,8482588,26,-0.001717493636533618,-0.0011167763732373714,0,-0.0217,0.0183
8482588,,8482588,27,-0.0017206354532390833,-0.0011167763732373714,0,-0.0217,0.0183
8482588,,8482588,28,-0.001727426191791892,-0.0011167763732373714,0,-0.0217,0.0183
8482588,,8482588,29,-0.0017313136486336589,-0.0011167763732373714,0,-0.0217,0.0183
8482588,,8482588,30,-0.0017348721157759428,-0.0011167763732373714,0,-0.0217,0.0183
8482588,,8482588,31,-0.001734947320073843,-0.0011167763732373714,0,-0.0217,0.0183
8482588,,8482588,32,-0.0017328185494989157,-0.0011167763732373714,0,-0.0217,0.0183
8482588,,8482588,33,-0.0017299887258559465,-0.0011167763732373714,0,-0.0217,0.0183
8482588,,8482588,34,-0.0017266666982322931,-0.0011167763732373714,0,-0.0217,0.0183
8482588,,8482588,35,-0.0017256885766983032,-0.0011167763732373714,0,-0.0217,0.0183
Justus Annunen,NSH,8481020,0,0.0006369308102875948,-0.0006212444277480245,13,-0.0049,0.0061
Justus Annunen,NSH,8481020,1,0.00114821782335639,-0.0006212444277480245,55,-0.0016,0.0038
Justus Annunen,NSH,8481020,2,0.0017242778558284044,-0.0006212444277480245,0,-0.0183,0.0217
Justus Annunen,NSH,8481020,3,0.0023028019350022078,-0.0006212444277480245,0,-0.0177,0.0223
Justus Annunen,NSH,8481020,4,0.0028764333110302687,-0.0006212444277480245,36,-0.0004,0.0062
Justus Annunen,NSH,8481020,5,0.0037264428101480007,-0.0006212444277480245,30,0.0,0.0074
Justus Annunen,NSH,8481020,6,0.0045530954375863075,-0.0006212444277480245,0,-0.0154,0.0246
Justus Annunen,NSH,8481020,7,0.005376911256462336,-0.0006212444277480245,62,0.0029,0.0079
Justus Annunen,NSH,8481020,8,0.006247921381145716,-0.0006212444277480245,8,-0.0009,0.0133
Justus Annunen,NSH,8481020,9,0.007159985601902008,-0.0006212444277480245,0,-0.0128,0.0272
Justus Annunen,NSH,8481020,10,0.008076569065451622,-0.0006212444277480245,78,0.0058,0.0104
Justus Annunen,NSH,8481020,11,0.009334168396890163,-0.0006212444277480245,5,0.0004,0.0182
Justus Annunen,NSH,8481020,12,0.010590466670691967,-0.0006212444277480245,40,0.0074,0.0138
Justus Annunen,NSH,8481020,13,0.011791789904236794,-0.0006212444277480245,27,0.008,0.0156
Justus Annunen,NSH,8481020,14,0.012956646271049976,-0.0006212444277480245,0,-0.007,0.033
Justus Annunen,NSH,8481020,15,0.014118029735982418,-0.0006212444277480245,30,0.0104,0.0178
Justus Annunen,NSH,8481020,16,0.015174290165305138,-0.0006212444277480245,34,0.0118,0.0186
Justus Annunen,NSH,8481020,17,0.01607651449739933,-0.0006212444277480245,41,0.013,0.0192
Justus Annunen,NSH,8481020,18,0.017424320802092552,-0.0006212444277480245,17,0.0125,0.0223
Justus Annunen,NSH,8481020,19,0.018681351095438004,-0.0006212444277480245,49,0.0158,0.0216
Justus Annunen,NSH,8481020,20,0.019984759390354156,-0.0006212444277480245,51,0.0172,0.0228
Justus Annunen,NSH,8481020,21,0.021092230454087257,-0.0006212444277480245,21,0.0167,0.0255
Justus Annunen,NSH,8481020,22,0.02217729017138481,-0.0006212444277480245,29,0.0185,0.0259
Justus Annunen,NSH,8481020,23,0.023121433332562447,-0.0006212444277480245,84,0.0209,0.0253
Justus Annunen,NSH,8481020,24,0.023713693022727966,-0.0006212444277480245,78,0.0214,0.026
Justus Annunen,NSH,8481020,25,0.02434779703617096,-0.0006212444277480245,0,0.0043,0.0443
Justus Annunen,NSH,8481020,26,0.024955501779913902,-0.0006212444277480245,93,0.0229,0.0271
Justus Annunen,NSH,8481020,27,0.025076525285840034,-0.0006212444277480245,37,0.0218,0.0284
Justus Annunen,NSH,8481020,28,0.02506822533905506,-0.0006212444277480245,0,0.0051,0.0451
Justus Annunen,NSH,8481020,29,0.02506588026881218,-0.0006212444277480245,0,0.0051,0.0451
Justus Annunen,NSH,8481020,30,0.025061171501874924,-0.0006212444277480245,0,0.0051,0.0451
Justus Annunen,NSH,8481020,31,0.02506208047270775,-0.0006212444277480245,0,0.0051,0.0451
Justus Annunen,NSH,8481020,32,0.025062939152121544,-0.0006212444277480245,0,0.0051,0.0451
Justus Annunen,NSH,8481020,33,0.025066832080483437,-0.0006212444277480245,0,0.0051,0.0451
Justus Annunen,NSH,8481020,34,0.02506980113685131,-0.0006212444277480245,0,0.0051,0.0451
Justus Annunen,NSH,8481020,35,0.025070875883102417,-0.0006212444277480245,0,0.0051,0.0451
Trent Miner,COL,8481529,0,-0.003021150827407837,-0.0033468317706137896,24,-0.0071,0.0011
Trent Miner,COL,8481529,1,-0.0030061632860451937,-0.0033468317706137896,7,-0.0106,0.0046
Trent Miner,COL,8481529,2,-0.0030226039234548807,-0.0033468317706137896,43,-0.006,-0.0
Trent Miner,COL,8481529,3,-0.003038890426978469,-0.0033468317706137896,0,-0.023,0.017
Trent Miner,COL,8481529,4,-0.0030580253805965185,-0.0033468317706137896,0,-0.0231,0.0169
Trent Miner,COL,8481529,5,-0.0030714685562998056,-0.0033468317706137896,56,-0.0058,-0.0004
Trent Miner,COL,8481529,6,-0.0030207624658942223,-0.0033468317706137896,0,-0.023,0.017
Trent Miner,COL,8481529,7,-0.0029751905240118504,-0.0033468317706137896,0,-0.023,0.017
Trent Miner,COL,8481529,8,-0.0029288376681506634,-0.0033468317706137896,0,-0.0229,0.0171
Trent Miner,COL,8481529,9,-0.0028806040063500404,-0.0033468317706137896,0,-0.0229,0.0171
Trent Miner,COL,8481529,10,-0.0028277167584747076,-0.0033468317706137896,0,-0.0228,0.0172
Trent Miner,COL,8481529,11,-0.0027828605379909277,-0.0033468317706137896,0,-0.0228,0.0172
Trent Miner,COL,8481529,12,-0.0027244659140706062,-0.0033468317706137896,0,-0.0227,0.0173
Trent Miner,COL,8481529,13,-0.002659234683960676,-0.0033468317706137896,0,-0.0227,0.0173
Trent Miner,COL,8481529,14,-0.002584087895229459,-0.0033468317706137896,0,-0.0226,0.0174
Trent Miner,COL,8481529,15,-0.002510290127247572,-0.0033468317706137896,0,-0.0225,0.0175
Trent Miner,COL,8481529,16,-0.0024458845146000385,-0.0033468317706137896,50,-0.0052,0.0004
Trent Miner,COL,8481529,17,-0.0026694471016526222,-0.0033468317706137896,35,-0.0061,0.0007
Trent Miner,COL,8481529,18,-0.0026868837885558605,-0.0033468317706137896,0,-0.0227,0.0173
Trent Miner,COL,8481529,19,-0.002699090400710702,-0.0033468317706137896,0,-0.0227,0.0173
Trent Miner,COL,8481529,20,-0.002716614166274667,-0.0033468317706137896,0,-0.0227,0.0173
Trent Miner,COL,8481529,21,-0.0027365614660084248,-0.0033468317706137896,0,-0.0227,0.0173
Trent Miner,COL,8481529,22,-0.0027447144966572523,-0.0033468317706137896,0,-0.0227,0.0173
Trent Miner,COL,8481529,23,-0.0027462742291390896,-0.0033468317706137896,0,-0.0227,0.0173
Trent Miner,COL,8481529,24,-0.0027351914905011654,-0.0033468317706137896,0,-0.0227,0.0173
Trent Miner,COL,8481529,25,-0.002721076365560293,-0.0033468317706137896,0,-0.0227,0.0173
Trent Miner,COL,8481529,26,-0.00273092370480299,-0.0033468317706137896,0,-0.0227,0.0173
Trent Miner,COL,8481529,27,-0.0027339574880898,-0.0033468317706137896,0,-0.0227,0.0173
Trent Miner,COL,8481529,28,-0.0027408802416175604,-0.0033468317706137896,0,-0.0227,0.0173
Trent Miner,COL,8481529,29,-0.0027447734028100967,-0.0033468317706137896,0,-0.0227,0.0173
Trent Miner,COL,8481529,30,-0.0027482425794005394,-0.0033468317706137896,0,-0.0227,0.0173
Trent Miner,COL,8481529,31,-0.0027483319863677025,-0.0033468317706137896,0,-0.0227,0.0173
Trent Miner,COL,8481529,32,-0.002746331738308072,-0.0033468317706137896,0,-0.0227,0.0173
Trent Miner,COL,8481529,33,-0.002743388991802931,-0.0033468317706137896,0,-0.0227,0.0173
Trent Miner,COL,8481529,34,-0.002739984542131424,-0.0033468317706137896,0,-0.0227,0.0173
Trent Miner,COL,8481529,35,-0.002739247400313616,-0.0033468317706137896,0,-0.0227,0.0173
Rémi Poirier,DAL,8482465,0,0.0006635817117057741,0.0007917637121863663,14,-0.0046,0.006
Rémi Poirier,DAL,8482465,1,0.0004935023607686162,0.0007917637121863663,10,-0.0058,0.0068
Rémi Poirier,DAL,8482465,2,0.00046300451504066586,0.0007917637121863663,0,-0.0195,0.0205
Rémi Poirier,DAL,8482465,3,0.00043354189256206155,0.0007917637121863663,0,-0.0196,0.0204
Rémi Poirier,DAL,8482465,4,0.0004007005481980741,0.0007917637121863663,0,-0.0196,0.0204
Rémi Poirier,DAL,8482465,5,0.00037468495429493487,0.0007917637121863663,0,-0.0196,0.0204
Rémi Poirier,DAL,8482465,6,0.0003404684248380363,0.0007917637121863663,0,-0.0197,0.0203
Rémi Poirier,DAL,8482465,7,0.0003026978811249137,0.0007917637121863663,0,-0.0197,0.0203
Rémi Poirier,DAL,8482465,8,0.0002643626939971,0.0007917637121863663,0,-0.0197,0.0203
Rémi Poirier,DAL,8482465,9,0.00022907575475983322,0.0007917637121863663,0,-0.0198,0.0202
Rémi Poirier,DAL,8482465,10,0.00019743849406950176,0.0007917637121863663,0,-0.0198,0.0202
Rémi Poirier,DAL,8482465,11,0.00015854407683946192,0.0007917637121863663,0,-0.0198,0.0202
Rémi Poirier,DAL,8482465,12,0.00013255633530206978,0.0007917637121863663,0,-0.0199,0.0201
Rémi Poirier,DAL,8482465,13,0.00011399007053114474,0.0007917637121863663,0,-0.0199,0.0201
Rémi Poirier,DAL,8482465,14,0.00010477067553438246,0.0007917637121863663,0,-0.0199,0.0201
Rémi Poirier,DAL,8482465,15,9.47082880884409e-05,0.0007917637121863663,0,-0.0199,0.0201
Rémi Poirier,DAL,8482465,16,7.481459761038423e-05,0.0007917637121863663,0,-0.0199,0.0201
Rémi Poirier,DAL,8482465,17,4.715344402939081e-05,0.0007917637121863663,0,-0.02,0.02
Rémi Poirier,DAL,8482465,18,2.9727700166404247e-05,0.0007917637121863663,0,-0.02,0.02
Rémi Poirier,DAL,8482465,19,1.7518876120448112e-05,0.0007917637121863663,0,-0.02,0.02
Rémi Poirier,DAL,8482465,20,1.212465576827526e-07,0.0007917637121863663,0,-0.02,0.02
Rémi Poirier,DAL,8482465,21,-1.9927916582673788e-05,0.0007917637121863663,0,-0.02,0.02
Rémi Poirier,DAL,8482465,22,-2.786604454740882e-05,0.0007917637121863663,0,-0.02,0.02
Rémi Poirier,DAL,8482465,23,-2.955901436507702e-05,0.0007917637121863663,0,-0.02,0.02
Rémi Poirier,DAL,8482465,24,-1.8340011592954397e-05,0.0007917637121863663,0,-0.02,0.02
Rémi Poirier,DAL,8482465,25,-4.232977516949177e-06,0.0007917637121863663,0,-0.02,0.02
Rémi Poirier,DAL,8482465,26,-1.4011864550411701e-05,0.0007917637121863663,0,-0.02,0.02
Rémi Poirier,DAL,8482465,27,-1.715839607641101e-05,0.0007917637121863663,0,-0.02,0.02
Rémi Poirier,DAL,8482465,28,-2.3908622097223997e-05,0.0007917637121863663,0,-0.02,0.02
Rémi Poirier,DAL,8482465,29,-2.7825706638395786e-05,0.0007917637121863663,0,-0.02,0.02
Rémi Poirier,DAL,8482465,30,-3.1316070817410946e-05,0.0007917637121863663,0,-0.02,0.02
Rémi Poirier,DAL,8482465,31,-3.14351636916399e-05,0.0007917637121863663,0,-0.02,0.02
Rémi Poirier,DAL,8482465,32,-2.921052509918809e-05,0.0007917637121863663,0,-0.02,0.02
Rémi Poirier,DAL,8482465,33,-2.6559224352240562e-05,0.0007917637121863663,0,-0.02,0.02
Rémi Poirier,DAL,8482465,34,-2.298824256286025e-05,0.0007917637121863663,0,-0.02,0.02
Rémi Poirier,DAL,8482465,35,-2.2118561901152134e-05,0.0007917637121863663,0,-0.02,0.02
Dan Vladar,PHI,8478435,0,0.05675448104739189,0.05237391218543053,0,0.0368,0.0768
Dan Vladar,PHI,8478435,1,0.05870049446821213,0.05237391218543053,0,0.0387,0.0787
Dan Vladar,PHI,8478435,2,0.060647524893283844,0.05237391218543053,63,0.0581,0.0631
Dan Vladar,PHI,8478435,3,0.06262928247451782,0.05237391218543053,37,0.0593,0.0659
Dan Vladar,PHI,8478435,4,0.0645160898566246,0.05237391218543053,49,0.0616,0.0674
Dan Vladar,PHI,8478435,5,0.06623981148004532,0.05237391218543053,53,0.0635,0.0689
Dan Vladar,PHI,8478435,6,0.06800796836614609,0.05237391218543053,64,0.0655,0.0705
Dan Vladar,PHI,8478435,7,0.06988866627216339,0.05237391218543053,70,0.0675,0.0723
Dan Vladar,PHI,8478435,8,0.07157892733812332,0.05237391218543053,76,0.0693,0.0739
Dan Vladar,PHI,8478435,9,0.07344736903905869,0.05237391218543053,79,0.0711,0.0757
Dan Vladar,PHI,8478435,10,0.07507989555597305,0.05237391218543053,69,0.0727,0.0775
Dan Vladar,PHI,8478435,11,0.07680627703666687,0.05237391218543053,29,0.0731,0.0805
Dan Vladar,PHI,8478435,12,0.07852902263402939,0.05237391218543053,96,0.0765,0.0805
Dan Vladar,PHI,8478435,13,0.0801011174917221,0.05237391218543053,39,0.0769,0.0833
Dan Vladar,PHI,8478435,14,0.08149220794439316,0.05237391218543053,59,0.0789,0.0841
Dan Vladar,PHI,8478435,15,0.08299914747476578,0.05237391218543053,74,0.0807,0.0853
Dan Vladar,PHI,8478435,16,0.08445364981889725,0.05237391218543053,66,0.082,0.087
Dan Vladar,PHI,8478435,17,0.08563503623008728,0.05237391218543053,34,0.0822,0.089
Dan Vladar,PHI,8478435,18,0.08684840053319931,0.05237391218543053,0,0.0668,0.1068
Dan Vladar,PHI,8478435,19,0.08806797116994858,0.05237391218543053,77,0.0858,0.0904
Dan Vladar,PHI,8478435,20,0.0895906463265419,0.05237391218543053,67,0.0872,0.092
Dan Vladar,PHI,8478435,21,0.09095403552055359,0.05237391218543053,73,0.0887,0.0933
Dan Vladar,PHI,8478435,22,0.0922146588563919,0.05237391218543053,70,0.0898,0.0946
Dan Vladar,PHI,8478435,23,0.09325560927391052,0.05237391218543053,69,0.0909,0.0957
Dan Vladar,PHI,8478435,24,0.09394428133964539,0.05237391218543053,69,0.0915,0.0963
Dan Vladar,PHI,8478435,25,0.09481384605169296,0.05237391218543053,68,0.0924,0.0972
Dan Vladar,PHI,8478435,26,0.09568898379802704,0.05237391218543053,75,0.0934,0.098
Dan Vladar,PHI,8478435,27,0.09634480625391006,0.05237391218543053,64,0.0938,0.0988
Dan Vladar,PHI,8478435,28,0.09691859036684036,0.05237391218543053,115,0.095,0.0988
Dan Vladar,PHI,8478435,29,0.09719911962747574,0.05237391218543053,119,0.0954,0.099
Dan Vladar,PHI,8478435,30,0.09740237146615982,0.05237391218543053,131,0.0957,0.0991
Dan Vladar,PHI,8478435,31,0.09739847481250763,0.05237391218543053,0,0.0774,0.1174
Dan Vladar,PHI,8478435,32,0.09740470349788666,0.05237391218543053,0,0.0774,0.1174
Dan Vladar,PHI,8478435,33,0.09740272164344788,0.05237391218543053,0,0.0774,0.1174
Dan Vladar,PHI,8478435,34,0.0974108874797821,0.05237391218543053,0,0.0774,0.1174
Dan Vladar,PHI,8478435,35,0.09740911424160004,0.05237391218543053,0,0.0774,0.1174
Nathaniel Day,EDM,8484455,0,0.002205430530011654,0.0021785299759358168,11,-0.0038,0.0082
Nathaniel Day,EDM,8484455,1,0.0021757776848971844,0.0021785299759358168,0,-0.0178,0.0222
Nathaniel Day,EDM,8484455,2,0.002145458711311221,0.0021785299759358168,0,-0.0179,0.0221
Nathaniel Day,EDM,8484455,3,0.0021158428862690926,0.0021785299759358168,0,-0.0179,0.0221
Nathaniel Day,EDM,8484455,4,0.002083098515868187,0.0021785299759358168,0,-0.0179,0.0221
Nathaniel Day,EDM,8484455,5,0.0020573148503899574,0.0021785299759358168,0,-0.0179,0.0221
Nathaniel Day,EDM,8484455,6,0.002022868487983942,0.0021785299759358168,0,-0.018,0.022
Nathaniel Day,EDM,8484455,7,0.001985290553420782,0.0021785299759358168,0,-0.018,0.022
Nathaniel Day,EDM,8484455,8,0.0019470002735033631,0.0021785299759358168,0,-0.0181,0.0219
Nathaniel Day,EDM,8484455,9,0.0019116576295346022,0.0021785299759358168,0,-0.0181,0.0219
Nathaniel Day,EDM,8484455,10,0.0018801462138071656,0.0021785299759358168,0,-0.0181,0.0219
Nathaniel Day,EDM,8484455,11,0.0018412299687042832,0.0021785299759358168,0,-0.0182,0.0218
Nathaniel Day,EDM,8484455,12,0.00181532371789217,0.0021785299759358168,0,-0.0182,0.0218
Nathaniel Day,EDM,8484455,13,0.001796754077076912,0.0021785299759358168,0,-0.0182,0.0218
Nathaniel Day,EDM,8484455,14,0.0017875505145639181,0.0021785299759358168,0,-0.0182,0.0218
Nathaniel Day,EDM,8484455,15,0.0017775604501366615,0.0021785299759358168,0,-0.0182,0.0218
Nathaniel Day,EDM,8484455,16,0.0017576850950717926,0.0021785299759358168,0,-0.0182,0.0218
Nathaniel Day,EDM,8484455,17,0.0017300255130976439,0.0021785299759358168,0,-0.0183,0.0217
Nathaniel Day,EDM,8484455,18,0.0017126101301982999,0.0021785299759358168,0,-0.0183,0.0217
Nathaniel Day,EDM,8484455,19,0.0017004727851599455,0.0021785299759358168,0,-0.0183,0.0217
Nathaniel Day,EDM,8484455,20,0.0016830775421112776,0.0021785299759358168,0,-0.0183,0.0217
Nathaniel Day,EDM,8484455,21,0.0016630657482892275,0.0021785299759358168,0,-0.0183,0.0217
Nathaniel Day,EDM,8484455,22,0.0016551166772842407,0.0021785299759358168,0,-0.0183,0.0217
Nathaniel Day,EDM,8484455,23,0.001653442275710404,0.0021785299759358168,0,-0.0183,0.0217
Nathaniel Day,EDM,8484455,24,0.0016647414304316044,0.0021785299759358168,0,-0.0183,0.0217
Nathaniel Day,EDM,8484455,25,0.0016787335043773055,0.0021785299759358168,0,-0.0183,0.0217
Nathaniel Day,EDM,8484455,26,0.0016691156197339296,0.0021785299759358168,0,-0.0183,0.0217
Nathaniel Day,EDM,8484455,27,0.0016659086104482412,0.0021785299759358168,0,-0.0183,0.0217
Nathaniel Day,EDM,8484455,28,0.001659143716096878,0.0021785299759358168,0,-0.0183,0.0217
Nathaniel Day,EDM,8484455,29,0.0016553412424400449,0.0021785299759358168,0,-0.0183,0.0217
Nathaniel Day,EDM,8484455,30,0.001651707454584539,0.0021785299759358168,0,-0.0183,0.0217
Nathaniel Day,EDM,8484455,31,0.0016517213080078363,0.0021785299759358168,0,-0.0183,0.0217
Nathaniel Day,EDM,8484455,32,0.00165386195294559,0.0021785299759358168,0,-0.0183,0.0217
Nathaniel Day,EDM,8484455,33,0.0016565852565690875,0.0021785299759358168,0,-0.0183,0.0217
Nathaniel Day,EDM,8484455,34,0.001660121837630868,0.0021785299759358168,0,-0.0183,0.0217
Nathaniel Day,EDM,8484455,35,0.0016610710881650448,0.0021785299759358168,0,-0.0183,0.0217
8484939,,8484939,0,0.0002741956268437207,0.0003368050092831254,0,-0.0197,0.0203
8484939,,8484939,1,0.0002446366415824741,0.0003368050092831254,0,-0.0198,0.0202
8484939,,8484939,2,0.00021406737505458295,0.0003368050092831254,0,-0.0198,0.0202
8484939,,8484939,3,0.00018461172294337302,0.0003368050092831254,0,-0.0198,0.0202
8484939,,8484939,4,0.0001517726486781612,0.0003368050092831254,0,-0.0198,0.0202
8484939,,8484939,5,0.0001256760733667761,0.0003368050092831254,0,-0.0199,0.0201
8484939,,8484939,6,9.151783888228238e-05,0.0003368050092831254,0,-0.0199,0.0201
8484939,,8484939,7,5.365943070501089e-05,0.0003368050092831254,0,-0.0199,0.0201
8484939,,8484939,8,1.5383644495159388e-05,0.0003368050092831254,0,-0.02,0.02
8484939,,8484939,9,-1.9990024156868458e-05,0.0003368050092831254,0,-0.02,0.02
8484939,,8484939,10,-5.1614013500511646e-05,0.0003368050092831254,0,-0.0201,0.0199
8484939,,8484939,11,-9.048409992828965e-05,0.0003368050092831254,0,-0.0201,0.0199
8484939,,8484939,12,-0.0001165542344097048,0.0003368050092831254,0,-0.0201,0.0199
8484939,,8484939,13,-0.00013509768177755177,0.0003368050092831254,0,-0.0201,0.0199
8484939,,8484939,14,-0.0001443119253963232,0.0003368050092831254,0,-0.0201,0.0199
8484939,,8484939,15,-0.00015443150186911225,0.0003368050092831254,0,-0.0202,0.0198
8484939,,8484939,16,-0.00017430318985134363,0.0003368050092831254,0,-0.0202,0.0198
8484939,,8484939,17,-0.00020199682330712676,0.0003368050092831254,0,-0.0202,0.0198
8484939,,8484939,18,-0.00021938630379736423,0.0003368050092831254,0,-0.0202,0.0198
8484939,,8484939,19,-0.00023168919142335653,0.0003368050092831254,0,-0.0202,0.0198
8484939,,8484939,20,-0.0002490074548404664,0.0003368050092831254,0,-0.0202,0.0198
8484939,,8484939,21,-0.00026913383044302464,0.0003368050092831254,0,-0.0203,0.0197
8484939,,8484939,22,-0.0002770333085209131,0.0003368050092831254,0,-0.0203,0.0197
8484939,,8484939,23,-0.0002787629491649568,0.0003368050092831254,0,-0.0203,0.0197
8484939,,8484939,24,-0.00026752499979920685,0.0003368050092831254,0,-0.0203,0.0197
8484939,,8484939,25,-0.000253453355981037,0.0003368050092831254,0,-0.0203,0.0197
8484939,,8484939,26,-0.0002632278192322701,0.0003368050092831254,0,-0.0203,0.0197
8484939,,8484939,27,-0.0002663508930709213,0.0003368050092831254,0,-0.0203,0.0197
8484939,,8484939,28,-0.00027317137573845685,0.0003368050092831254,0,-0.0203,0.0197
8484939,,8484939,29,-0.000277006154647097,0.0003368050092831254,0,-0.0203,0.0197
8484939,,8484939,30,-0.00028057335293851793,0.0003368050092831254,0,-0.0203,0.0197
8484939,,8484939,31,-0.0002806533011607826,0.0003368050092831254,0,-0.0203,0.0197
8484939,,8484939,32,-0.0002784702810458839,0.0003368050092831254,0,-0.0203,0.0197
8484939,,8484939,33,-0.00027575247804634273,0.0003368050092831254,0,-0.0203,0.0197
8484939,,8484939,34,-0.00027226621750742197,0.0003368050092831254,0,-0.0203,0.0197
8484939,,8484939,35,-0.0002713655703701079,0.0003368050092831254,0,-0.0203,0.0197
Connor Ingram,EDM,8478971,0,-0.01573094353079796,-0.01539077889174223,0,-0.0357,0.0043
Connor Ingram,EDM,8478971,1,-0.015883086249232292,-0.01539077889174223,0,-0.0359,0.0041
Connor Ingram,EDM,8478971,2,-0.016037467867136,-0.01539077889174223,0,-0.036,0.004
Connor Ingram,EDM,8478971,3,-0.016188794746994972,-0.01539077889174223,0,-0.0362,0.0038
Connor Ingram,EDM,8478971,4,-0.016346454620361328,-0.01539077889174223,0,-0.0363,0.0037
Connor Ingram,EDM,8478971,5,-0.016494933515787125,-0.01539077889174223,0,-0.0365,0.0035
Connor Ingram,EDM,8478971,6,-0.016652051359415054,-0.01539077889174223,0,-0.0367,0.0033
Connor Ingram,EDM,8478971,7,-0.016813643276691437,-0.01539077889174223,0,-0.0368,0.0032
Connor Ingram,EDM,8478971,8,-0.016974562779068947,-0.01539077889174223,0,-0.037,0.003
Connor Ingram,EDM,8478971,9,-0.017133474349975586,-0.01539077889174223,0,-0.0371,0.0029
Connor Ingram,EDM,8478971,10,-0.01728842966258526,-0.01539077889174223,0,-0.0373,0.0027
Connor Ingram,EDM,8478971,11,-0.017449678853154182,-0.01539077889174223,0,-0.0374,0.0026
Connor Ingram,EDM,8478971,12,-0.01760057732462883,-0.01539077889174223,0,-0.0376,0.0024
Connor Ingram,EDM,8478971,13,-0.017739877104759216,-0.01539077889174223,31,-0.0213,-0.0141
Connor Ingram,EDM,8478971,14,-0.01797459088265896,-0.01539077889174223,56,-0.0207,-0.0153
Connor Ingram,EDM,8478971,15,-0.01817184127867222,-0.01539077889174223,34,-0.0216,-0.0148
Connor Ingram,EDM,8478971,16,-0.01808343455195427,-0.01539077889174223,77,-0.0204,-0.0158
Connor Ingram,EDM,8478971,17,-0.01801692135632038,-0.01539077889174223,97,-0.02,-0.016
Connor Ingram,EDM,8478971,18,-0.01849922351539135,-0.01539077889174223,21,-0.0229,-0.0141
Connor Ingram,EDM,8478971,19,-0.018791163340210915,-0.01539077889174223,36,-0.0221,-0.0155
Connor Ingram,EDM,8478971,20,-0.0188381839543581,-0.01539077889174223,33,-0.0223,-0.0153
Connor Ingram,EDM,8478971,21,-0.018940206617116928,-0.01539077889174223,75,-0.0212,-0.0166
Connor Ingram,EDM,8478971,22,-0.018946634605526924,-0.01539077889174223,80,-0.0211,-0.0167
Connor Ingram,EDM,8478971,23,-0.018957942724227905,-0.01539077889174223,115,-0.0209,-0.0171
Connor Ingram,EDM,8478971,24,-0.018864382058382034,-0.01539077889174223,67,-0.0213,-0.0165
Connor Ingram,EDM,8478971,25,-0.018693994730710983,-0.01539077889174223,74,-0.021,-0.0164
Connor Ingram,EDM,8478971,26,-0.01855648308992386,-0.01539077889174223,38,-0.0218,-0.0154
Connor Ingram,EDM,8478971,27,-0.01845143362879753,-0.01539077889174223,58,-0.0211,-0.0159
Connor Ingram,EDM,8478971,28,-0.018612399697303772,-0.01539077889174223,122,-0.0204,-0.0168
Connor Ingram,EDM,8478971,29,-0.018488632515072823,-0.01539077889174223,77,-0.0208,-0.0162
Connor Ingram,EDM,8478971,30,-0.018489325419068336,-0.01539077889174223,0,-0.0385,0.0015
Connor Ingram,EDM,8478971,31,-0.01849193684756756,-0.01539077889174223,0,-0.0385,0.0015
Connor Ingram,EDM,8478971,32,-0.018487557768821716,-0.01539077889174223,0,-0.0385,0.0015
Connor Ingram,EDM,8478971,33,-0.018485844135284424,-0.01539077889174223,0,-0.0385,0.0015
Connor Ingram,EDM,8478971,34,-0.01848287135362625,-0.01539077889174223,0,-0.0385,0.0015
Connor Ingram,EDM,8478971,35,-0.01848096214234829,-0.01539077889174223,0,-0.0385,0.0015
8481707,,8481707,0,0.004442351404577494,0.0045050266198813915,0,-0.0156,0.0244
8481707,,8481707,1,0.004413215443491936,0.0045050266198813915,0,-0.0156,0.0244
8481707,,8481707,2,0.004382433835417032,0.0045050266198813915,0,-0.0156,0.0244
8481707,,8481707,3,0.004353024996817112,0.0045050266198813915,0,-0.0156,0.0244
8481707,,8481707,4,0.004320589359849691,0.0045050266198813915,0,-0.0157,0.0243
8481707,,8481707,5,0.004294568672776222,0.0045050266198813915,0,-0.0157,0.0243
8481707,,8481707,6,0.004260197747498751,0.0045050266198813915,0,-0.0157,0.0243
8481707,,8481707,7,0.004222902934998274,0.0045050266198813915,0,-0.0158,0.0242
8481707,,8481707,8,0.004184391349554062,0.0045050266198813915,0,-0.0158,0.0242
8481707,,8481707,9,0.004149391315877438,0.0045050266198813915,0,-0.0159,0.0241
8481707,,8481707,10,0.004117593169212341,0.0045050266198813915,0,-0.0159,0.0241
8481707,,8481707,11,0.004078912083059549,0.0045050266198813915,0,-0.0159,0.0241
8481707,,8481707,12,0.00405309209600091,0.0045050266198813915,0,-0.0159,0.0241
8481707,,8481707,13,0.0040343343280255795,0.0045050266198813915,0,-0.016,0.024
8481707,,8481707,14,0.0040255701169371605,0.0045050266198813915,0,-0.016,0.024
8481707,,8481707,15,0.004015095066279173,0.0045050266198813915,0,-0.016,0.024
8481707,,8481707,16,0.00399578083306551,0.0045050266198813915,0,-0.016,0.024
8481707,,8481707,17,0.003967674914747477,0.0045050266198813915,0,-0.016,0.024
8481707,,8481707,18,0.003950754180550575,0.0045050266198813915,0,-0.016,0.024
8481707,,8481707,19,0.00393829308450222,0.0045050266198813915,0,-0.0161,0.0239
8481707,,8481707,20,0.003921179100871086,0.0045050266198813915,0,-0.0161,0.0239
8481707,,8481707,21,0.0039007558953016996,0.0045050266198813915,0,-0.0161,0.0239
8481707,,8481707,22,0.003893566085025668,0.0045050266198813915,0,-0.0161,0.0239
8481707,,8481707,23,0.003891183063387871,0.0045050266198813915,0,-0.0161,0.0239
8481707,,8481707,24,0.003902923781424761,0.0045050266198813915,0,-0.0161,0.0239
8481707,,8481707,25,0.003916789311915636,0.0045050266198813915,0,-0.0161,0.0239
8481707,,8481707,26,0.003907274454832077,0.0045050266198813915,0,-0.0161,0.0239
8481707,,8481707,27,0.0039039161056280136,0.0045050266198813915,0,-0.0161,0.0239
8481707,,8481707,28,0.0038975218776613474,0.0045050266198813915,0,-0.0161,0.0239
8481707,,8481707,29,0.0038931877352297306,0.0045050266198813915,0,-0.0161,0.0239
8481707,,8481707,30,0.003890130203217268,0.0045050266198813915,0,-0.0161,0.0239
8481707,,8481707,31,0.0038895446341484785,0.0045050266198813915,0,-0.0161,0.0239
8481707,,8481707,32,0.0038926354609429836,0.0045050266198813915,0,-0.0161,0.0239
8481707,,8481707,33,0.003894064575433731,0.0045050266198813915,0,-0.0161,0.0239
8481707,,8481707,34,0.003899050410836935,0.0045050266198813915,0,-0.0161,0.0239
8481707,,8481707,35,0.003898954251781106,0.0045050266198813915,0,-0.0161,0.0239
8480191,,8480191,0,0.003120813984423876,0.0031832668464630842,0,-0.0169,0.0231
8480191,,8480191,1,0.0030911793000996113,0.0031832668464630842,0,-0.0169,0.0231
8480191,,8480191,2,0.0030608477536588907,0.0031832668464630842,0,-0.0169,0.0231
8480191,,8480191,3,0.003031261032447219,0.0031832668464630842,0,-0.017,0.023
8480191,,8480191,4,0.0029985662549734116,0.0031832668464630842,0,-0.017,0.023
8480191,,8480191,5,0.002972643356770277,0.0031832668464630842,0,-0.017,0.023
8480191,,8480191,6,0.0029384763911366463,0.0031832668464630842,0,-0.0171,0.0229
8480191,,8480191,7,0.0029006339609622955,0.0031832668464630842,0,-0.0171,0.0229
8480191,,8480191,8,0.0028624343685805798,0.0031832668464630842,0,-0.0171,0.0229
8480191,,8480191,9,0.0028271819464862347,0.0031832668464630842,0,-0.0172,0.0228
8480191,,8480191,10,0.0027956145349889994,0.0031832668464630842,0,-0.0172,0.0228
8480191,,8480191,11,0.0027566624339669943,0.0031832668464630842,0,-0.0172,0.0228
8480191,,8480191,12,0.0027308042626827955,0.0031832668464630842,0,-0.0173,0.0227
8480191,,8480191,13,0.002712282119318843,0.0031832668464630842,0,-0.0173,0.0227
8480191,,8480191,14,0.002703021513298154,0.0031832668464630842,0,-0.0173,0.0227
8480191,,8480191,15,0.0026930365711450577,0.0031832668464630842,0,-0.0173,0.0227
8480191,,8480191,16,0.002673166338354349,0.0031832668464630842,0,-0.0173,0.0227
8480191,,8480191,17,0.0026455740444362164,0.0031832668464630842,0,-0.0174,0.0226
8480191,,8480191,18,0.0026281634345650673,0.0031832668464630842,0,-0.0174,0.0226
8480191,,8480191,19,0.00261592585593462,0.0031832668464630842,0,-0.0174,0.0226
8480191,,8480191,20,0.0025985974352806807,0.0031832668464630842,0,-0.0174,0.0226
8480191,,8480191,21,0.0025786315090954304,0.0031832668464630842,0,-0.0174,0.0226
8480191,,8480191,22,0.0025706023443490267,0.0031832668464630842,0,-0.0174,0.0226
8480191,,8480191,23,0.0025689732283353806,0.0031832668464630842,0,-0.0174,0.0226
8480191,,8480191,24,0.0025802545715123415,0.0031832668464630842,0,-0.0174,0.0226
8480191,,8480191,25,0.002594312187284231,0.0031832668464630842,0,-0.0174,0.0226
8480191,,8480191,26,0.002584633883088827,0.0031832668464630842,0,-0.0174,0.0226
8480191,,8480191,27,0.0025814082473516464,0.0031832668464630842,0,-0.0174,0.0226
8480191,,8480191,28,0.0025747499894350767,0.0031832668464630842,0,-0.0174,0.0226
8480191,,8480191,29,0.0025708028115332127,0.0031832668464630842,0,-0.0174,0.0226
8480191,,8480191,30,0.0025673587806522846,0.0031832668464630842,0,-0.0174,0.0226
8480191,,8480191,31,0.0025671643670648336,0.0031832668464630842,0,-0.0174,0.0226
8480191,,8480191,32,0.0025694738142192364,0.0031832668464630842,0,-0.0174,0.0226
8480191,,8480191,33,0.002572113648056984,0.0031832668464630842,0,-0.0174,0.0226
8480191,,8480191,34,0.002575651044026017,0.0031832668464630842,0,-0.0174,0.0226
8480191,,8480191,35,0.0025766422040760517,0.0031832668464630842,0,-0.0174,0.0226
8484857,,8484857,0,-0.001680148532614112,-0.0016176500357687473,0,-0.0217,0.0183
8484857,,8484857,1,-0.001710062730126083,-0.0016176500357687473,0,-0.0217,0.0183
8484857,,8484857,2,-0.0017403746023774147,-0.0016176500357687473,0,-0.0217,0.0183
8484857,,8484857,3,-0.0017700844909995794,-0.0016176500357687473,0,-0.0218,0.0182
8484857,,8484857,4,-0.001802783110179007,-0.0016176500357687473,0,-0.0218,0.0182
8484857,,8484857,5,-0.0018292195163667202,-0.0016176500357687473,0,-0.0218,0.0182
8484857,,8484857,6,-0.0018631427083164454,-0.0016176500357687473,0,-0.0219,0.0181
8484857,,8484857,7,-0.0019012723350897431,-0.0016176500357687473,0,-0.0219,0.0181
8484857,,8484857,8,-0.0019394299015402794,-0.0016176500357687473,0,-0.0219,0.0181
8484857,,8484857,9,-0.0019749929197132587,-0.0016176500357687473,0,-0.022,0.018
8484857,,8484857,10,-0.0020065424032509327,-0.0016176500357687473,0,-0.022,0.018
8484857,,8484857,11,-0.0020455773919820786,-0.0016176500357687473,0,-0.022,0.018
8484857,,8484857,12,-0.002071566879749298,-0.0016176500357687473,0,-0.0221,0.0179
8484857,,8484857,13,-0.0020902585238218307,-0.0016176500357687473,0,-0.0221,0.0179
8484857,,8484857,14,-0.0020994015503674746,-0.0016176500357687473,0,-0.0221,0.0179
8484857,,8484857,15,-0.002109746914356947,-0.0016176500357687473,0,-0.0221,0.0179
8484857,,8484857,16,-0.002129407599568367,-0.0016176500357687473,0,-0.0221,0.0179
8484857,,8484857,17,-0.0021573626436293125,-0.0016176500357687473,0,-0.0222,0.0178
8484857,,8484857,18,-0.0021746186539530754,-0.0016176500357687473,0,-0.0222,0.0178
8484857,,8484857,19,-0.00218707462772727,-0.0016176500357687473,0,-0.0222,0.0178
8484857,,8484857,20,-0.0022042817436158657,-0.0016176500357687473,0,-0.0222,0.0178
8484857,,8484857,21,-0.002224635798484087,-0.0016176500357687473,0,-0.0222,0.0178
8484857,,8484857,22,-0.002232347149401903,-0.0016176500357687473,0,-0.0222,0.0178
8484857,,8484857,23,-0.002234240062534809,-0.0016176500357687473,0,-0.0222,0.0178
8484857,,8484857,24,-0.002222988288849592,-0.0016176500357687473,0,-0.0222,0.0178
8484857,,8484857,25,-0.0022089348640292883,-0.0016176500357687473,0,-0.0222,0.0178
8484857,,8484857,26,-0.002218696754425764,-0.0016176500357687473,0,-0.0222,0.0178
8484857,,8484857,27,-0.0022218655794858932,-0.0016176500357687473,0,-0.0222,0.0178
8484857,,8484857,28,-0.002228745259344578,-0.0016176500357687473,0,-0.0222,0.0178
8484857,,8484857,29,-0.002232480561360717,-0.0016176500357687473,0,-0.0222,0.0178
8484857,,8484857,30,-0.0022361897863447666,-0.0016176500357687473,0,-0.0222,0.0178
8484857,,8484857,31,-0.0022361213341355324,-0.0016176500357687473,0,-0.0222,0.0178
8484857,,8484857,32,-0.002234152052551508,-0.0016176500357687473,0,-0.0222,0.0178
8484857,,8484857,33,-0.002231198363006115,-0.0016176500357687473,0,-0.0222,0.0178
8484857,,8484857,34,-0.002227982273325324,-0.0016176500357687473,0,-0.0222,0.0178
8484857,,8484857,35,-0.0022269522305577993,-0.0016176500357687473,0,-0.0222,0.0178
8475920,,8475920,0,-0.0023086233995854855,-0.0022457996383309364,0,-0.0223,0.0177
8475920,,8475920,1,-0.002338272286579013,-0.0022457996383309364,0,-0.0223,0.0177
8475920,,8475920,2,-0.00236882665194571,-0.0022457996383309364,0,-0.0224,0.0176
8475920,,8475920,3,-0.0023983807768672705,-0.0022457996383309364,0,-0.0224,0.0176
8475920,,8475920,4,-0.0024312688037753105,-0.0022457996383309364,0,-0.0224,0.0176
8475920,,8475920,5,-0.0024575688876211643,-0.0022457996383309364,0,-0.0225,0.0175
8475920,,8475920,6,-0.0024916483089327812,-0.0022457996383309364,0,-0.0225,0.0175
8475920,,8475920,7,-0.002529609017074108,-0.0022457996383309364,0,-0.0225,0.0175
8475920,,8475920,8,-0.0025680898688733578,-0.0022457996383309364,0,-0.0226,0.0174
8475920,,8475920,9,-0.00260332552716136,-0.0022457996383309364,0,-0.0226,0.0174
8475920,,8475920,10,-0.002635186305269599,-0.0022457996383309364,0,-0.0226,0.0174
8475920,,8475920,11,-0.0026739661116153,-0.0022457996383309364,0,-0.0227,0.0173
8475920,,8475920,12,-0.0027002969291061163,-0.0022457996383309364,0,-0.0227,0.0173
8475920,,8475920,13,-0.002718553878366947,-0.0022457996383309364,0,-0.0227,0.0173
8475920,,8475920,14,-0.0027283409144729376,-0.0022457996383309364,0,-0.0227,0.0173
8475920,,8475920,15,-0.0027379465755075216,-0.0022457996383309364,0,-0.0227,0.0173
8475920,,8475920,16,-0.0027583336923271418,-0.0022457996383309364,0,-0.0228,0.0172
8475920,,8475920,17,-0.0027857255190610886,-0.0022457996383309364,0,-0.0228,0.0172
8475920,,8475920,18,-0.0028034551069140434,-0.0022457996383309364,0,-0.0228,0.0172
8475920,,8475920,19,-0.0028155457694083452,-0.0022457996383309364,0,-0.0228,0.0172
8475920,,8475920,20,-0.002833036473020911,-0.0022457996383309364,0,-0.0228,0.0172
8475920,,8475920,21,-0.002853222656995058,-0.0022457996383309364,0,-0.0229,0.0171
8475920,,8475920,22,-0.002861069282516837,-0.0022457996383309364,0,-0.0229,0.0171
8475920,,8475920,23,-0.0028629926964640617,-0.0022457996383309364,0,-0.0229,0.0171
8475920,,8475920,24,-0.002851477125659585,-0.0022457996383309364,0,-0.0229,0.0171
8475920,,8475920,25,-0.0028378083370625973,-0.0022457996383309364,0,-0.0228,0.0172
8475920,,8475920,26,-0.0028473257552832365,-0.0022457996383309364,0,-0.0228,0.0172
8475920,,8475920,27,-0.002850595163181424,-0.0022457996383309364,0,-0.0229,0.0171
8475920,,8475920,28,-0.00285741756670177,-0.0022457996383309364,0,-0.0229,0.0171
8475920,,8475920,29,-0.0028612520545721054,-0.0022457996383309364,0,-0.0229,0.0171
8475920,,8475920,30,-0.002864849753677845,-0.0022457996383309364,0,-0.0229,0.0171
8475920,,8475920,31,-0.0028649000450968742,-0.0022457996383309364,0,-0.0229,0.0171
8475920,,8475920,32,-0.002862839261069894,-0.0022457996383309364,0,-0.0229,0.0171
8475920,,8475920,33,-0.0028599188663065434,-0.0022457996383309364,0,-0.0229,0.0171
8475920,,8475920,34,-0.0028567665722221136,-0.0022457996383309364,0,-0.0229,0.0171
8475920,,8475920,35,-0.0028556743636727333,-0.0022457996383309364,0,-0.0229,0.0171
Alex Nedeljkovic,SJS,8477968,0,-0.015475570224225521,-0.01593242771923542,21,-0.0199,-0.0111
Alex Nedeljkovic,SJS,8477968,1,-0.015378079377114773,-0.01593242771923542,0,-0.0354,0.0046
Alex Nedeljkovic,SJS,8477968,2,-0.015284036286175251,-0.01593242771923542,30,-0.019,-0.0116
Alex Nedeljkovic,SJS,8477968,3,-0.015293963253498077,-0.01593242771923542,38,-0.0185,-0.0121
Alex Nedeljkovic,SJS,8477968,4,-0.01533203013241291,-0.01593242771923542,90,-0.0174,-0.0132
Alex Nedeljkovic,SJS,8477968,5,-0.015172968618571758,-0.01593242771923542,32,-0.0187,-0.0117
Alex Nedeljkovic,SJS,8477968,6,-0.014923999086022377,-0.01593242771923542,74,-0.0172,-0.0126
Alex Nedeljkovic,SJS,8477968,7,-0.014932472258806229,-0.01593242771923542,29,-0.0186,-0.0112
Alex Nedeljkovic,SJS,8477968,8,-0.014992167241871357,-0.01593242771923542,29,-0.0187,-0.0113
Alex Nedeljkovic,SJS,8477968,9,-0.014942132867872715,-0.01593242771923542,35,-0.0183,-0.0115
Alex Nedeljkovic,SJS,8477968,10,-0.014920086599886417,-0.01593242771923542,59,-0.0175,-0.0123
Alex Nedeljkovic,SJS,8477968,11,-0.014871619641780853,-0.01593242771923542,67,-0.0173,-0.0125
Alex Nedeljkovic,SJS,8477968,12,-0.014956406317651272,-0.01593242771923542,68,-0.0174,-0.0126
Alex Nedeljkovic,SJS,8477968,13,-0.01504677627235651,-0.01593242771923542,37,-0.0183,-0.0117
Alex Nedeljkovic,SJS,8477968,14,-0.015013845637440681,-0.01593242771923542,14,-0.0203,-0.0097
Alex Nedeljkovic,SJS,8477968,15,-0.0147992679849267,-0.01593242771923542,21,-0.0192,-0.0104
Alex Nedeljkovic,SJS,8477968,16,-0.014665327034890652,-0.01593242771923542,65,-0.0172,-0.0122
Alex Nedeljkovic,SJS,8477968,17,-0.014511899091303349,-0.01593242771923542,27,-0.0183,-0.0107
Alex Nedeljkovic,SJS,8477968,18,-0.01441615354269743,-0.01593242771923542,69,-0.0168,-0.012
Alex Nedeljkovic,SJS,8477968,19,-0.014582149684429169,-0.01593242771923542,45,-0.0176,-0.0116
Alex Nedeljkovic,SJS,8477968,20,-0.014931835234165192,-0.01593242771923542,10,-0.0212,-0.0086
Alex Nedeljkovic,SJS,8477968,21,-0.015161490999162197,-0.01593242771923542,0,-0.0352,0.0048
Alex Nedeljkovic,SJS,8477968,22,-0.015379339456558228,-0.01593242771923542,83,-0.0176,-0.0132
Alex Nedeljkovic,SJS,8477968,23,-0.015778779983520508,-0.01593242771923542,78,-0.0181,-0.0135
Alex Nedeljkovic,SJS,8477968,24,-0.015696603804826736,-0.01593242771923542,76,-0.018,-0.0134
Alex Nedeljkovic,SJS,8477968,25,-0.015198877081274986,-0.01593242771923542,31,-0.0188,-0.0116
Alex Nedeljkovic,SJS,8477968,26,-0.014892114326357841,-0.01593242771923542,54,-0.0176,-0.0122
Alex Nedeljkovic,SJS,8477968,27,-0.01459160540252924,-0.01593242771923542,73,-0.0169,-0.0123
Alex Nedeljkovic,SJS,8477968,28,-0.014597462490200996,-0.01593242771923542,0,-0.0346,0.0054
Alex Nedeljkovic,SJS,8477968,29,-0.014602319337427616,-0.01593242771923542,0,-0.0346,0.0054
Alex Nedeljkovic,SJS,8477968,30,-0.014605101197957993,-0.01593242771923542,0,-0.0346,0.0054
Alex Nedeljkovic,SJS,8477968,31,-0.014605449512600899,-0.01593242771923542,0,-0.0346,0.0054
Alex Nedeljkovic,SJS,8477968,32,-0.014603417366743088,-0.01593242771923542,0,-0.0346,0.0054
Alex Nedeljkovic,SJS,8477968,33,-0.014600361697375774,-0.01593242771923542,0,-0.0346,0.0054
Alex Nedeljkovic,SJS,8477968,34,-0.01459730975329876,-0.01593242771923542,0,-0.0346,0.0054
Alex Nedeljkovic,SJS,8477968,35,-0.014595900662243366,-0.01593242771923542,0,-0.0346,0.0054
8484218,,8484218,0,0.005783641245216131,0.005846279673278332,0,-0.0142,0.0258
8484218,,8484218,1,0.005754557438194752,0.005846279673278332,0,-0.0142,0.0258
8484218,,8484218,2,0.005723855923861265,0.005846279673278332,0,-0.0143,0.0257
8484218,,8484218,3,0.0056944843381643295,0.005846279673278332,0,-0.0143,0.0257
8484218,,8484218,4,0.005661959294229746,0.005846279673278332,0,-0.0143,0.0257
8484218,,8484218,5,0.005635973531752825,0.005846279673278332,0,-0.0144,0.0256
8484218,,8484218,6,0.005602055694907904,0.005846279673278332,0,-0.0144,0.0256
8484218,,8484218,7,0.0055640824139118195,0.005846279673278332,0,-0.0144,0.0256
8484218,,8484218,8,0.005526190157979727,0.005846279673278332,0,-0.0145,0.0255
8484218,,8484218,9,0.005490844137966633,0.005846279673278332,0,-0.0145,0.0255
8484218,,8484218,10,0.0054593272507190704,0.005846279673278332,0,-0.0145,0.0255
8484218,,8484218,11,0.005420591216534376,0.005846279673278332,0,-0.0146,0.0254
8484218,,8484218,12,0.005394673440605402,0.005846279673278332,0,-0.0146,0.0254
8484218,,8484218,13,0.005376194138079882,0.005846279673278332,0,-0.0146,0.0254
8484218,,8484218,14,0.005367078352719545,0.005846279673278332,0,-0.0146,0.0254
8484218,,8484218,15,0.005357340909540653,0.005846279673278332,0,-0.0146,0.0254
8484218,,8484218,16,0.005336960777640343,0.005846279673278332,0,-0.0147,0.0253
8484218,,8484218,17,0.005309966392815113,0.005846279673278332,0,-0.0147,0.0253
8484218,,8484218,18,0.005292312707751989,0.005846279673278332,0,-0.0147,0.0253
8484218,,8484218,19,0.005280248820781708,0.005846279673278332,0,-0.0147,0.0253
8484218,,8484218,20,0.0052629439160227776,0.005846279673278332,0,-0.0147,0.0253
8484218,,8484218,21,0.005242872983217239,0.005846279673278332,0,-0.0148,0.0252
8484218,,8484218,22,0.005235113203525543,0.005846279673278332,0,-0.0148,0.0252
8484218,,8484218,23,0.005233416333794594,0.005846279673278332,0,-0.0148,0.0252
8484218,,8484218,24,0.005244625732302666,0.005846279673278332,0,-0.0148,0.0252
8484218,,8484218,25,0.005259007215499878,0.005846279673278332,0,-0.0147,0.0253
8484218,,8484218,26,0.005248917266726494,0.005846279673278332,0,-0.0148,0.0252
8484218,,8484218,27,0.005246156360954046,0.005846279673278332,0,-0.0148,0.0252
8484218,,8484218,28,0.00523922685533762,0.005846279673278332,0,-0.0148,0.0252
8484218,,8484218,29,0.005235445220023394,0.005846279673278332,0,-0.0148,0.0252
8484218,,8484218,30,0.005231849849224091,0.005846279673278332,0,-0.0148,0.0252
8484218,,8484218,31,0.005231898743659258,0.005846279673278332,0,-0.0148,0.0252
8484218,,8484218,32,0.005234029609709978,0.005846279673278332,0,-0.0148,0.0252
8484218,,8484218,33,0.00523671880364418,0.005846279673278332,0,-0.0148,0.0252
8484218,,8484218,34,0.005240406841039658,0.005846279673278332,0,-0.0148,0.0252
8484218,,8484218,35,0.00524135772138834,0.005846279673278332,0,-0.0148,0.0252
Matt Tomkins,EDM,8477035,0,-0.0037073371931910515,-0.0034614838659763336,20,-0.0082,0.0008
Matt Tomkins,EDM,8477035,1,-0.003752071177586913,-0.0034614838659763336,18,-0.0085,0.0009
Matt Tomkins,EDM,8477035,2,-0.0037829021457582712,-0.0034614838659763336,0,-0.0238,0.0162
Matt Tomkins,EDM,8477035,3,-0.0038121938705444336,-0.0034614838659763336,0,-0.0238,0.0162
Matt Tomkins,EDM,8477035,4,-0.003845509607344866,-0.0034614838659763336,0,-0.0238,0.0162
Matt Tomkins,EDM,8477035,5,-0.0038714201655238867,-0.0034614838659763336,0,-0.0239,0.0161
Matt Tomkins,EDM,8477035,6,-0.0039058425463736057,-0.0034614838659763336,0,-0.0239,0.0161
Matt Tomkins,EDM,8477035,7,-0.003943746909499168,-0.0034614838659763336,0,-0.0239,0.0161
Matt Tomkins,EDM,8477035,8,-0.003982044756412506,-0.0034614838659763336,0,-0.024,0.016
Matt Tomkins,EDM,8477035,9,-0.004017662722617388,-0.0034614838659763336,0,-0.024,0.016
Matt Tomkins,EDM,8477035,10,-0.004049276001751423,-0.0034614838659763336,0,-0.024,0.016
Matt Tomkins,EDM,8477035,11,-0.0040881638415157795,-0.0034614838659763336,0,-0.0241,0.0159
Matt Tomkins,EDM,8477035,12,-0.004114496987313032,-0.0034614838659763336,0,-0.0241,0.0159
Matt Tomkins,EDM,8477035,13,-0.004132922738790512,-0.0034614838659763336,0,-0.0241,0.0159
Matt Tomkins,EDM,8477035,14,-0.004142458550632,-0.0034614838659763336,0,-0.0241,0.0159
Matt Tomkins,EDM,8477035,15,-0.004152336623519659,-0.0034614838659763336,0,-0.0242,0.0158
Matt Tomkins,EDM,8477035,16,-0.0041725123301148415,-0.0034614838659763336,0,-0.0242,0.0158
Matt Tomkins,EDM,8477035,17,-0.00420017447322607,-0.0034614838659763336,0,-0.0242,0.0158
Matt Tomkins,EDM,8477035,18,-0.004217754118144512,-0.0034614838659763336,0,-0.0242,0.0158
Matt Tomkins,EDM,8477035,19,-0.0042297979816794395,-0.0034614838659763336,0,-0.0242,0.0158
Matt Tomkins,EDM,8477035,20,-0.004247639793902636,-0.0034614838659763336,0,-0.0242,0.0158
Matt Tomkins,EDM,8477035,21,-0.004267379641532898,-0.0034614838659763336,0,-0.0243,0.0157
Matt Tomkins,EDM,8477035,22,-0.00427559670060873,-0.0034614838659763336,0,-0.0243,0.0157
Matt Tomkins,EDM,8477035,23,-0.004277280997484922,-0.0034614838659763336,0,-0.0243,0.0157
Matt Tomkins,EDM,8477035,24,-0.004266028292477131,-0.0034614838659763336,0,-0.0243,0.0157
Matt Tomkins,EDM,8477035,25,-0.004252139944583178,-0.0034614838659763336,0,-0.0243,0.0157
Matt Tomkins,EDM,8477035,26,-0.004261750727891922,-0.0034614838659763336,0,-0.0243,0.0157
Matt Tomkins,EDM,8477035,27,-0.004265133291482925,-0.0034614838659763336,0,-0.0243,0.0157
Matt Tomkins,EDM,8477035,28,-0.004271775018423796,-0.0034614838659763336,0,-0.0243,0.0157
Matt Tomkins,EDM,8477035,29,-0.00427580438554287,-0.0034614838659763336,0,-0.0243,0.0157
Matt Tomkins,EDM,8477035,30,-0.004279240500181913,-0.0034614838659763336,0,-0.0243,0.0157
Matt Tomkins,EDM,8477035,31,-0.004279484041035175,-0.0034614838659763336,0,-0.0243,0.0157
Matt Tomkins,EDM,8477035,32,-0.004277154337614775,-0.0034614838659763336,0,-0.0243,0.0157
Matt Tomkins,EDM,8477035,33,-0.004274592734873295,-0.0034614838659763336,0,-0.0243,0.0157
Matt Tomkins,EDM,8477035,34,-0.004270960111171007,-0.0034614838659763336,0,-0.0243,0.0157
Matt Tomkins,EDM,8477035,35,-0.0042703705839812756,-0.0034614838659763336,0,-0.0243,0.0157
Pyotr Kochetkov,CAR,8481611,0,-0.01338629238307476,-0.013539034873247147,0,-0.0334,0.0066
Pyotr Kochetkov,CAR,8481611,1,-0.013321069069206715,-0.013539034873247147,0,-0.0333,0.0067
Pyotr Kochetkov,CAR,8481611,2,-0.013256192207336426,-0.013539034873247147,32,-0.0168,-0.0098
Pyotr Kochetkov,CAR,8481611,3,-0.013343160040676594,-0.013539034873247147,0,-0.0333,0.0067
Pyotr Kochetkov,CAR,8481611,4,-0.013434859924018383,-0.013539034873247147,0,-0.0334,0.0066
Pyotr Kochetkov,CAR,8481611,5,-0.013519139029085636,-0.013539034873247147,0,-0.0335,0.0065
Pyotr Kochetkov,CAR,8481611,6,-0.01361055113375187,-0.013539034873247147,0,-0.0336,0.0064
Pyotr Kochetkov,CAR,8481611,7,-0.013707578182220459,-0.013539034873247147,55,-0.0164,-0.011
Pyotr Kochetkov,CAR,8481611,8,-0.01385913509875536,-0.013539034873247147,20,-0.0184,-0.0094
Pyotr Kochetkov,CAR,8481611,9,-0.014008726924657822,-0.013539034873247147,30,-0.0177,-0.0103
Pyotr Kochetkov,CAR,8481611,10,-0.014278645627200603,-0.013539034873247147,0,-0.0343,0.0057
Pyotr Kochetkov,CAR,8481611,11,-0.014556248672306538,-0.013539034873247147,25,-0.0186,-0.0106
Pyotr Kochetkov,CAR,8481611,12,-0.014781256206333637,-0.013539034873247147,23,-0.019,-0.0106
Pyotr Kochetkov,CAR,8481611,13,-0.014876303263008595,-0.013539034873247147,73,-0.0172,-0.0126
Pyotr Kochetkov,CAR,8481611,14,-0.014885076321661472,-0.013539034873247147,0,-0.0349,0.0051
Pyotr Kochetkov,CAR,8481611,15,-0.014895661734044552,-0.013539034873247147,0,-0.0349,0.0051
Pyotr Kochetkov,CAR,8481611,16,-0.014915124513208866,-0.013539034873247147,0,-0.0349,0.0051
Pyotr Kochetkov,CAR,8481611,17,-0.014942874200642109,-0.013539034873247147,0,-0.0349,0.0051
Pyotr Kochetkov,CAR,8481611,18,-0.014960356056690216,-0.013539034873247147,0,-0.035,0.005
Pyotr Kochetkov,CAR,8481611,19,-0.014972791075706482,-0.013539034873247147,0,-0.035,0.005
Pyotr Kochetkov,CAR,8481611,20,-0.014989789575338364,-0.013539034873247147,0,-0.035,0.005
Pyotr Kochetkov,CAR,8481611,21,-0.015009801834821701,-0.013539034873247147,0,-0.035,0.005
Pyotr Kochetkov,CAR,8481611,22,-0.015018126927316189,-0.013539034873247147,0,-0.035,0.005
Pyotr Kochetkov,CAR,8481611,23,-0.015019756741821766,-0.013539034873247147,0,-0.035,0.005
Pyotr Kochetkov,CAR,8481611,24,-0.01500809658318758,-0.013539034873247147,0,-0.035,0.005
Pyotr Kochetkov,CAR,8481611,25,-0.014994685538113117,-0.013539034873247147,0,-0.035,0.005
Pyotr Kochetkov,CAR,8481611,26,-0.01500385720282793,-0.013539034873247147,0,-0.035,0.005
Pyotr Kochetkov,CAR,8481611,27,-0.015007328242063522,-0.013539034873247147,0,-0.035,0.005
Pyotr Kochetkov,CAR,8481611,28,-0.01501379068940878,-0.013539034873247147,0,-0.035,0.005
Pyotr Kochetkov,CAR,8481611,29,-0.015017978847026825,-0.013539034873247147,0,-0.035,0.005
Pyotr Kochetkov,CAR,8481611,30,-0.015021516010165215,-0.013539034873247147,0,-0.035,0.005
Pyotr Kochetkov,CAR,8481611,31,-0.015021530911326408,-0.013539034873247147,0,-0.035,0.005
Pyotr Kochetkov,CAR,8481611,32,-0.01501908153295517,-0.013539034873247147,0,-0.035,0.005
Pyotr Kochetkov,CAR,8481611,33,-0.01501661166548729,-0.013539034873247147,0,-0.035,0.005
Pyotr Kochetkov,CAR,8481611,34,-0.015013644471764565,-0.013539034873247147,0,-0.035,0.005
Pyotr Kochetkov,CAR,8481611,35,-0.015011734329164028,-0.013539034873247147,0,-0.035,0.005
Brandon Halverson,TBL,8477990,0,-0.006832538638263941,-0.006664881017059088,0,-0.0268,0.0132
Brandon Halverson,TBL,8477990,1,-0.006909779738634825,-0.006664881017059088,41,-0.01,-0.0038
Brandon Halverson,TBL,8477990,2,-0.0070038712583482265,-0.006664881017059088,17,-0.0119,-0.0021
Brandon Halverson,TBL,8477990,3,-0.007182450965046883,-0.006664881017059088,0,-0.0272,0.0128
Brandon Halverson,TBL,8477990,4,-0.007363247685134411,-0.006664881017059088,0,-0.0274,0.0126
Brandon Halverson,TBL,8477990,5,-0.007538123056292534,-0.006664881017059088,0,-0.0275,0.0125
Brandon Halverson,TBL,8477990,6,-0.00772012397646904,-0.006664881017059088,0,-0.0277,0.0123
Brandon Halverson,TBL,8477990,7,-0.007906758226454258,-0.006664881017059088,0,-0.0279,0.0121
Brandon Halverson,TBL,8477990,8,-0.00809317734092474,-0.006664881017059088,0,-0.0281,0.0119
Brandon Halverson,TBL,8477990,9,-0.008276744745671749,-0.006664881017059088,0,-0.0283,0.0117
Brandon Halverson,TBL,8477990,10,-0.008457099087536335,-0.006664881017059088,0,-0.0285,0.0115
Brandon Halverson,TBL,8477990,11,-0.00864391215145588,-0.006664881017059088,0,-0.0286,0.0114
Brandon Halverson,TBL,8477990,12,-0.00881835538893938,-0.006664881017059088,0,-0.0288,0.0112
Brandon Halverson,TBL,8477990,13,-0.008985476568341255,-0.006664881017059088,0,-0.029,0.011
Brandon Halverson,TBL,8477990,14,-0.009142509661614895,-0.006664881017059088,0,-0.0291,0.0109
Brandon Halverson,TBL,8477990,15,-0.00930157769471407,-0.006664881017059088,0,-0.0293,0.0107
Brandon Halverson,TBL,8477990,16,-0.009468848817050457,-0.006664881017059088,0,-0.0295,0.0105
Brandon Halverson,TBL,8477990,17,-0.00964590534567833,-0.006664881017059088,0,-0.0296,0.0104
Brandon Halverson,TBL,8477990,18,-0.009810762479901314,-0.006664881017059088,0,-0.0298,0.0102
Brandon Halverson,TBL,8477990,19,-0.009971569292247295,-0.006664881017059088,0,-0.03,0.01
Brandon Halverson,TBL,8477990,20,-0.010137352161109447,-0.006664881017059088,0,-0.0301,0.0099
Brandon Halverson,TBL,8477990,21,-0.010305555537343025,-0.006664881017059088,0,-0.0303,0.0097
Brandon Halverson,TBL,8477990,22,-0.010461564175784588,-0.006664881017059088,0,-0.0305,0.0095
Brandon Halverson,TBL,8477990,23,-0.010611622594296932,-0.006664881017059088,0,-0.0306,0.0094
Brandon Halverson,TBL,8477990,24,-0.010749388486146927,-0.006664881017059088,0,-0.0307,0.0093
Brandon Halverson,TBL,8477990,25,-0.010882047936320305,-0.006664881017059088,0,-0.0309,0.0091
Brandon Halverson,TBL,8477990,26,-0.011041723191738129,-0.006664881017059088,0,-0.031,0.009
Brandon Halverson,TBL,8477990,27,-0.011191279627382755,-0.006664881017059088,28,-0.015,-0.0074
Brandon Halverson,TBL,8477990,28,-0.0112001933157444,-0.006664881017059088,0,-0.0312,0.0088
Brandon Halverson,TBL,8477990,29,-0.011201915331184864,-0.006664881017059088,0,-0.0312,0.0088
Brandon Halverson,TBL,8477990,30,-0.011207504197955132,-0.006664881017059088,0,-0.0312,0.0088
Brandon Halverson,TBL,8477990,31,-0.011206126771867275,-0.006664881017059088,0,-0.0312,0.0088
Brandon Halverson,TBL,8477990,32,-0.011204876005649567,-0.006664881017059088,0,-0.0312,0.0088
Brandon Halverson,TBL,8477990,33,-0.011201336048543453,-0.006664881017059088,0,-0.0312,0.0088
Brandon Halverson,TBL,8477990,34,-0.011199048720300198,-0.006664881017059088,0,-0.0312,0.0088
Brandon Halverson,TBL,8477990,35,-0.011197393760085106,-0.006664881017059088,0,-0.0312,0.0088
Jake Allen,NJD,8474596,0,0.0160161592066288,0.015399781987071037,9,0.0093,0.0227
Jake Allen,NJD,8474596,1,0.01631772704422474,0.015399781987071037,14,0.011,0.0216
Jake Allen,NJD,8474596,2,0.0166353490203619,0.015399781987071037,51,0.0138,0.0194
Jake Allen,NJD,8474596,3,0.01667148247361183,0.015399781987071037,0,-0.0033,0.0367
Jake Allen,NJD,8474596,4,0.01670757122337818,0.015399781987071037,82,0.0145,0.0189
Jake Allen,NJD,8474596,5,0.016651224344968796,0.015399781987071037,87,0.0146,0.0188
Jake Allen,NJD,8474596,6,0.01655043289065361,0.015399781987071037,67,0.0142,0.019
Jake Allen,NJD,8474596,7,0.016759619116783142,0.015399781987071037,39,0.0136,0.02
Jake Allen,NJD,8474596,8,0.01681792549788952,0.015399781987071037,43,0.0138,0.0198
Jake Allen,NJD,8474596,9,0.01680026203393936,0.015399781987071037,78,0.0145,0.0191
Jake Allen,NJD,8474596,10,0.016986435279250145,0.015399781987071037,58,0.0144,0.0196
Jake Allen,NJD,8474596,11,0.016858549788594246,0.015399781987071037,56,0.0142,0.0196
Jake Allen,NJD,8474596,12,0.01707015559077263,0.015399781987071037,64,0.0146,0.0196
Jake Allen,NJD,8474596,13,0.017210502177476883,0.015399781987071037,73,0.0149,0.0195
Jake Allen,NJD,8474596,14,0.017137577757239342,0.015399781987071037,41,0.014,0.0202
Jake Allen,NJD,8474596,15,0.017063826322555542,0.015399781987071037,79,0.0148,0.0194
Jake Allen,NJD,8474596,16,0.01699082925915718,0.015399781987071037,70,0.0146,0.0194
Jake Allen,NJD,8474596,17,0.017184875905513763,0.015399781987071037,0,-0.0028,0.0372
Jake Allen,NJD,8474596,18,0.017388243228197098,0.015399781987071037,36,0.0141,0.0207
Jake Allen,NJD,8474596,19,0.017467275261878967,0.015399781987071037,70,0.0151,0.0199
Jake Allen,NJD,8474596,20,0.01759670302271843,0.015399781987071037,26,0.0137,0.0215
Jake Allen,NJD,8474596,21,0.017739949747920036,0.015399781987071037,43,0.0147,0.0207
Jake Allen,NJD,8474596,22,0.017829224467277527,0.015399781987071037,46,0.0149,0.0207
Jake Allen,NJD,8474596,23,0.01785150170326233,0.015399781987071037,34,0.0145,0.0213
Jake Allen,NJD,8474596,24,0.017741387709975243,0.015399781987071037,72,0.0153,0.0201
Jake Allen,NJD,8474596,25,0.0177315641194582,0.015399781987071037,82,0.0155,0.0199
Jake Allen,NJD,8474596,26,0.017541712149977684,0.015399781987071037,79,0.0152,0.0198
Jake Allen,NJD,8474596,27,0.01754278875887394,0.015399781987071037,0,-0.0025,0.0375
Jake Allen,NJD,8474596,28,0.01753063313663006,0.015399781987071037,0,-0.0025,0.0375
Jake Allen,NJD,8474596,29,0.017532480880618095,0.015399781987071037,0,-0.0025,0.0375
Jake Allen,NJD,8474596,30,0.017524253576993942,0.015399781987071037,0,-0.0025,0.0375
Jake Allen,NJD,8474596,31,0.017527010291814804,0.015399781987071037,0,-0.0025,0.0375
Jake Allen,NJD,8474596,32,0.01752803660929203,0.015399781987071037,0,-0.0025,0.0375
Jake Allen,NJD,8474596,33,0.017530590295791626,0.015399781987071037,0,-0.0025,0.0375
Jake Allen,NJD,8474596,34,0.017534732818603516,0.015399781987071037,0,-0.0025,0.0375
Jake Allen,NJD,8474596,35,0.01753547042608261,0.015399781987071037,0,-0.0025,0.0375
Samuel Montembeault,MTL,8478470,0,0.006155345123261213,0.007195713464170694,0,-0.0138,0.0262
Samuel Montembeault,MTL,8478470,1,0.0056909602135419846,0.007195713464170694,30,0.002,0.0094
Samuel Montembeault,MTL,8478470,2,0.005348615814000368,0.007195713464170694,34,0.0019,0.0087
Samuel Montembeault,MTL,8478470,3,0.004955551121383905,0.007195713464170694,57,0.0024,0.0076
Samuel Montembeault,MTL,8478470,4,0.004642136860638857,0.007195713464170694,59,0.002,0.0072
Samuel Montembeault,MTL,8478470,5,0.004582490772008896,0.007195713464170694,31,0.001,0.0082
Samuel Montembeault,MTL,8478470,6,0.00470778439193964,0.007195713464170694,29,0.001,0.0084
Samuel Montembeault,MTL,8478470,7,0.004996815230697393,0.007195713464170694,72,0.0026,0.0074
Samuel Montembeault,MTL,8478470,8,0.005177577491849661,0.007195713464170694,64,0.0027,0.0077
Samuel Montembeault,MTL,8478470,9,0.00558528583496809,0.007195713464170694,9,-0.0011,0.0123
Samuel Montembeault,MTL,8478470,10,0.006046687718480825,0.007195713464170694,41,0.0029,0.0091
Samuel Montembeault,MTL,8478470,11,0.006378798745572567,0.007195713464170694,38,0.0032,0.0096
Samuel Montembeault,MTL,8478470,12,0.0069138784892857075,0.007195713464170694,15,0.0017,0.0121
Samuel Montembeault,MTL,8478470,13,0.007539930287748575,0.007195713464170694,0,-0.0125,0.0275
Samuel Montembeault,MTL,8478470,14,0.008171982131898403,0.007195713464170694,0,-0.0118,0.0282
Samuel Montembeault,MTL,8478470,15,0.0088065629824996,0.007195713464170694,60,0.0062,0.0114
Samuel Montembeault,MTL,8478470,16,0.009328524582087994,0.007195713464170694,33,0.0058,0.0128
Samuel Montembeault,MTL,8478470,17,0.009787510149180889,0.007195713464170694,77,0.0075,0.0121
Samuel Montembeault,MTL,8478470,18,0.010172673501074314,0.007195713464170694,48,0.0073,0.0131
Samuel Montembeault,MTL,8478470,19,0.01053512841463089,0.007195713464170694,0,-0.0095,0.0305
Samuel Montembeault,MTL,8478470,20,0.010892143473029137,0.007195713464170694,44,0.0079,0.0139
Samuel Montembeault,MTL,8478470,21,0.010945211164653301,0.007195713464170694,35,0.0075,0.0143
Samuel Montembeault,MTL,8478470,22,0.010938155464828014,0.007195713464170694,0,-0.0091,0.0309
Samuel Montembeault,MTL,8478470,23,0.010936188511550426,0.007195713464170694,0,-0.0091,0.0309
Samuel Montembeault,MTL,8478470,24,0.01094726100564003,0.007195713464170694,0,-0.0091,0.0309
Samuel Montembeault,MTL,8478470,25,0.010961424559354782,0.007195713464170694,0,-0.009,0.031
Samuel Montembeault,MTL,8478470,26,0.010951749049127102,0.007195713464170694,0,-0.009,0.031
Samuel Montembeault,MTL,8478470,27,0.010948527604341507,0.007195713464170694,0,-0.0091,0.0309
Samuel Montembeault,MTL,8478470,28,0.010941896587610245,0.007195713464170694,0,-0.0091,0.0309
Samuel Montembeault,MTL,8478470,29,0.010938042774796486,0.007195713464170694,0,-0.0091,0.0309
Samuel Montembeault,MTL,8478470,30,0.010933917947113514,0.007195713464170694,0,-0.0091,0.0309
Samuel Montembeault,MTL,8478470,31,0.010934993624687195,0.007195713464170694,0,-0.0091,0.0309
Samuel Montembeault,MTL,8478470,32,0.01093551516532898,0.007195713464170694,0,-0.0091,0.0309
Samuel Montembeault,MTL,8478470,33,0.01094016246497631,0.007195713464170694,0,-0.0091,0.0309
Samuel Montembeault,MTL,8478470,34,0.01094178855419159,0.007195713464170694,0,-0.0091,0.0309
Samuel Montembeault,MTL,8478470,35,0.010944034904241562,0.007195713464170694,0,-0.0091,0.0309
8484968,,8484968,0,0.0012168189277872443,0.001279357704333961,0,-0.0188,0.0212
8484968,,8484968,1,0.001187272951938212,0.001279357704333961,0,-0.0188,0.0212
8484968,,8484968,2,0.001156721031293273,0.001279357704333961,0,-0.0188,0.0212
8484968,,8484968,3,0.0011272818082943559,0.001279357704333961,0,-0.0189,0.0211
8484968,,8484968,4,0.0010944948298856616,0.001279357704333961,0,-0.0189,0.0211
8484968,,8484968,5,0.0010684286244213581,0.001279357704333961,0,-0.0189,0.0211
8484968,,8484968,6,0.0010343182366341352,0.001279357704333961,0,-0.019,0.021
8484968,,8484968,7,0.0009964386699721217,0.001279357704333961,0,-0.019,0.021
8484968,,8484968,8,0.0009582457132637501,0.001279357704333961,0,-0.019,0.021
8484968,,8484968,9,0.0009228123817592859,0.001279357704333961,0,-0.0191,0.0209
8484968,,8484968,10,0.0008913583587855101,0.001279357704333961,0,-0.0191,0.0209
8484968,,8484968,11,0.0008523220894858241,0.001279357704333961,0,-0.0191,0.0209
8484968,,8484968,12,0.0008264750940725207,0.001279357704333961,0,-0.0192,0.0208
8484968,,8484968,13,0.0008077556267380714,0.001279357704333961,0,-0.0192,0.0208
8484968,,8484968,14,0.0007987809367477894,0.001279357704333961,0,-0.0192,0.0208
8484968,,8484968,15,0.0007884232909418643,0.001279357704333961,0,-0.0192,0.0208
8484968,,8484968,16,0.0007688624318689108,0.001279357704333961,0,-0.0192,0.0208
8484968,,8484968,17,0.0007408999954350293,0.001279357704333961,0,-0.0193,0.0207
8484968,,8484968,18,0.000723759294487536,0.001279357704333961,0,-0.0193,0.0207
8484968,,8484968,19,0.000711321656126529,0.001279357704333961,0,-0.0193,0.0207
8484968,,8484968,20,0.0006941086612641811,0.001279357704333961,0,-0.0193,0.0207
8484968,,8484968,21,0.0006739451782777905,0.001279357704333961,0,-0.0193,0.0207
8484968,,8484968,22,0.0006660755607299507,0.001279357704333961,0,-0.0193,0.0207
8484968,,8484968,23,0.0006643668748438358,0.001279357704333961,0,-0.0193,0.0207
8484968,,8484968,24,0.000675611721817404,0.001279357704333961,0,-0.0193,0.0207
8484968,,8484968,25,0.000689686625264585,0.001279357704333961,0,-0.0193,0.0207
8484968,,8484968,26,0.00067992223193869,0.001279357704333961,0,-0.0193,0.0207
8484968,,8484968,27,0.0006768422317691147,0.001279357704333961,0,-0.0193,0.0207
8484968,,8484968,28,0.0006699851946905255,0.001279357704333961,0,-0.0193,0.0207
8484968,,8484968,29,0.0006661547813564539,0.001279357704333961,0,-0.0193,0.0207
8484968,,8484968,30,0.0006626300746574998,0.001279357704333961,0,-0.0193,0.0207
8484968,,8484968,31,0.000662512902636081,0.001279357704333961,0,-0.0193,0.0207
8484968,,8484968,32,0.0006647651316598058,0.001279357704333961,0,-0.0193,0.0207
8484968,,8484968,33,0.0006674124160781503,0.001279357704333961,0,-0.0193,0.0207
8484968,,8484968,34,0.0006709159933961928,0.001279357704333961,0,-0.0193,0.0207
8484968,,8484968,35,0.0006718957447446883,0.001279357704333961,0,-0.0193,0.0207
8473575,,8473575,0,0.0012225243262946606,0.0012850243365392089,0,-0.0188,0.0212
8473575,,8473575,1,0.0011928158346563578,0.0012850243365392089,0,-0.0188,0.0212
8473575,,8473575,2,0.001162426546216011,0.0012850243365392089,0,-0.0188,0.0212
8473575,,8473575,3,0.0011328674154356122,0.0012850243365392089,0,-0.0189,0.0211
8473575,,8473575,4,0.0011000868398696184,0.0012850243365392089,0,-0.0189,0.0211
8473575,,8473575,5,0.0010740588186308742,0.0012850243365392089,0,-0.0189,0.0211
8473575,,8473575,6,0.0010397983714938164,0.0012850243365392089,0,-0.019,0.021
8473575,,8473575,7,0.0010020730551332235,0.0012850243365392089,0,-0.019,0.021
8473575,,8473575,8,0.0009637202601879835,0.0012850243365392089,0,-0.019,0.021
8473575,,8473575,9,0.0009284525876864791,0.0012850243365392089,0,-0.0191,0.0209
8473575,,8473575,10,0.0008967559551820159,0.0012850243365392089,0,-0.0191,0.0209
8473575,,8473575,11,0.000857949024066329,0.0012850243365392089,0,-0.0191,0.0209
8473575,,8473575,12,0.0008318497566506267,0.0012850243365392089,0,-0.0192,0.0208
8473575,,8473575,13,0.0008133813971653581,0.0012850243365392089,0,-0.0192,0.0208
8473575,,8473575,14,0.0008040925022214651,0.0012850243365392089,0,-0.0192,0.0208
8473575,,8473575,15,0.0007940915529616177,0.0012850243365392089,0,-0.0192,0.0208
8473575,,8473575,16,0.0007741338340565562,0.0012850243365392089,0,-0.0192,0.0208
8473575,,8473575,17,0.0007464766385965049,0.0012850243365392089,0,-0.0193,0.0207
8473575,,8473575,18,0.0007291177753359079,0.0012850243365392089,0,-0.0193,0.0207
8473575,,8473575,19,0.0007168292650021613,0.0012850243365392089,0,-0.0193,0.0207
8473575,,8473575,20,0.0006994620198383927,0.0012850243365392089,0,-0.0193,0.0207
8473575,,8473575,21,0.0006794274086132646,0.0012850243365392089,0,-0.0193,0.0207
8473575,,8473575,22,0.0006714884075336158,0.0012850243365392089,0,-0.0193,0.0207
8473575,,8473575,23,0.0006697108037769794,0.0012850243365392089,0,-0.0193,0.0207
8473575,,8473575,24,0.0006811071070842445,0.0012850243365392089,0,-0.0193,0.0207
8473575,,8473575,25,0.0006950197275727987,0.0012850243365392089,0,-0.0193,0.0207
8473575,,8473575,26,0.0006853448576293886,0.0012850243365392089,0,-0.0193,0.0207
8473575,,8473575,27,0.000682197802234441,0.0012850243365392089,0,-0.0193,0.0207
8473575,,8473575,28,0.0006753894267603755,0.0012850243365392089,0,-0.0193,0.0207
8473575,,8473575,29,0.0006715662311762571,0.0012850243365392089,0,-0.0193,0.0207
8473575,,8473575,30,0.00066796550527215,0.0012850243365392089,0,-0.0193,0.0207
8473575,,8473575,31,0.0006679194630123675,0.0012850243365392089,0,-0.0193,0.0207
8473575,,8473575,32,0.0006700964877381921,0.0012850243365392089,0,-0.0193,0.0207
8473575,,8473575,33,0.0006728682201355696,0.0012850243365392089,0,-0.0193,0.0207
8473575,,8473575,34,0.0006762034608982503,0.0012850243365392089,0,-0.0193,0.0207
8473575,,8473575,35,0.0006772876367904246,0.0012850243365392089,0,-0.0193,0.0207
Igor Shesterkin,NYR,8478048,0,0.03753325343132019,0.034954655915498734,0,0.0175,0.0575
Igor Shesterkin,NYR,8478048,1,0.03867795318365097,0.034954655915498734,15,0.0335,0.0439
Igor Shesterkin,NYR,8478048,2,0.03986884281039238,0.034954655915498734,50,0.0371,0.0427
Igor Shesterkin,NYR,8478048,3,0.041122209280729294,0.034954655915498734,104,0.0391,0.0431
Igor Shesterkin,NYR,8478048,4,0.041977088898420334,0.034954655915498734,62,0.0395,0.0445
Igor Shesterkin,NYR,8478048,5,0.04265514761209488,0.034954655915498734,99,0.0407,0.0447
Igor Shesterkin,NYR,8478048,6,0.043881308287382126,0.034954655915498734,60,0.0413,0.0465
Igor Shesterkin,NYR,8478048,7,0.045018527656793594,0.034954655915498734,73,0.0427,0.0473
Igor Shesterkin,NYR,8478048,8,0.04620124027132988,0.034954655915498734,109,0.0443,0.0481
Igor Shesterkin,NYR,8478048,9,0.047005414962768555,0.034954655915498734,70,0.0446,0.0494
Igor Shesterkin,NYR,8478048,10,0.04789130017161369,0.034954655915498734,134,0.0462,0.0496
Igor Shesterkin,NYR,8478048,11,0.048629969358444214,0.034954655915498734,114,0.0467,0.0505
Igor Shesterkin,NYR,8478048,12,0.049210771918296814,0.034954655915498734,68,0.0468,0.0516
Igor Shesterkin,NYR,8478048,13,0.04993061721324921,0.034954655915498734,96,0.0479,0.0519
Igor Shesterkin,NYR,8478048,14,0.050440095365047455,0.034954655915498734,68,0.048,0.0528
Igor Shesterkin,NYR,8478048,15,0.05083844065666199,0.034954655915498734,90,0.0487,0.0529
Igor Shesterkin,NYR,8478048,16,0.05081908404827118,0.034954655915498734,12,0.045,0.0566
Igor Shesterkin,NYR,8478048,17,0.05072736367583275,0.034954655915498734,0,0.0307,0.0707
Igor Shesterkin,NYR,8478048,18,0.050642941147089005,0.034954655915498734,0,0.0306,0.0706
Igor Shesterkin,NYR,8478048,19,0.05056733638048172,0.034954655915498734,0,0.0306,0.0706
Igor Shesterkin,NYR,8478048,20,0.05048230290412903,0.034954655915498734,0,0.0305,0.0705
Igor Shesterkin,NYR,8478048,21,0.05039961263537407,0.034954655915498734,54,0.0477,0.0531
Igor Shesterkin,NYR,8478048,22,0.050182271748781204,0.034954655915498734,75,0.0479,0.0525
Igor Shesterkin,NYR,8478048,23,0.049921996891498566,0.034954655915498734,63,0.0474,0.0524
Igor Shesterkin,NYR,8478048,24,0.04986612871289253,0.034954655915498734,87,0.0478,0.052
Igor Shesterkin,NYR,8478048,25,0.0498901903629303,0.034954655915498734,96,0.0479,0.0519
Igor Shesterkin,NYR,8478048,26,0.04974479600787163,0.034954655915498734,52,0.0469,0.0525
Igor Shesterkin,NYR,8478048,27,0.04974440485239029,0.034954655915498734,0,0.0297,0.0697
Igor Shesterkin,NYR,8478048,28,0.04973358288407326,0.034954655915498734,0,0.0297,0.0697
Igor Shesterkin,NYR,8478048,29,0.04973442107439041,0.034954655915498734,0,0.0297,0.0697
Igor Shesterkin,NYR,8478048,30,0.04972652718424797,0.034954655915498734,0,0.0297,0.0697
Igor Shesterkin,NYR,8478048,31,0.049729783087968826,0.034954655915498734,0,0.0297,0.0697
Igor Shesterkin,NYR,8478048,32,0.04972963035106659,0.034954655915498734,0,0.0297,0.0697
Igor Shesterkin,NYR,8478048,33,0.04973503574728966,0.034954655915498734,0,0.0297,0.0697
Igor Shesterkin,NYR,8478048,34,0.04973381385207176,0.034954655915498734,0,0.0297,0.0697
Igor Shesterkin,NYR,8478048,35,0.04973940923810005,0.034954655915498734,0,0.0297,0.0697
Jonathan Quick,NYR,8471734,0,-0.026871277019381523,-0.025149228051304817,13,-0.0324,-0.0214
Jonathan Quick,NYR,8471734,1,-0.027683749794960022,-0.025149228051304817,16,-0.0327,-0.0227
Jonathan Quick,NYR,8471734,2,-0.028428038582205772,-0.025149228051304817,31,-0.032,-0.0248
Jonathan Quick,NYR,8471734,3,-0.029221851378679276,-0.025149228051304817,30,-0.0329,-0.0255
Jonathan Quick,NYR,8471734,4,-0.030108273029327393,-0.025149228051304817,29,-0.0338,-0.0264
Jonathan Quick,NYR,8471734,5,-0.030953312292695045,-0.025149228051304817,0,-0.051,-0.011
Jonathan Quick,NYR,8471734,6,-0.031813159584999084,-0.025149228051304817,33,-0.0353,-0.0283
Jonathan Quick,NYR,8471734,7,-0.03284302353858948,-0.025149228051304817,32,-0.0363,-0.0293
Jonathan Quick,NYR,8471734,8,-0.03392831236124039,-0.025149228051304817,33,-0.0374,-0.0304
Jonathan Quick,NYR,8471734,9,-0.03510718047618866,-0.025149228051304817,48,-0.038,-0.0322
Jonathan Quick,NYR,8471734,10,-0.036283597350120544,-0.025149228051304817,0,-0.0563,-0.0163
Jonathan Quick,NYR,8471734,11,-0.03746134787797928,-0.025149228051304817,39,-0.0407,-0.0343
Jonathan Quick,NYR,8471734,12,-0.038647376000881195,-0.025149228051304817,0,-0.0586,-0.0186
Jonathan Quick,NYR,8471734,13,-0.039813827723264694,-0.025149228051304817,56,-0.0425,-0.0371
Jonathan Quick,NYR,8471734,14,-0.041038718074560165,-0.025149228051304817,0,-0.061,-0.021
Jonathan Quick,NYR,8471734,15,-0.04225506633520126,-0.025149228051304817,33,-0.0458,-0.0388
Jonathan Quick,NYR,8471734,16,-0.04335208609700203,-0.025149228051304817,88,-0.0455,-0.0413
Jonathan Quick,NYR,8471734,17,-0.044137995690107346,-0.025149228051304817,53,-0.0468,-0.0414
Jonathan Quick,NYR,8471734,18,-0.04450652748346329,-0.025149228051304817,42,-0.0476,-0.0414
Jonathan Quick,NYR,8471734,19,-0.044718727469444275,-0.025149228051304817,106,-0.0466,-0.0428
Jonathan Quick,NYR,8471734,20,-0.044744789600372314,-0.025149228051304817,51,-0.0475,-0.0419
Jonathan Quick,NYR,8471734,21,-0.04493166506290436,-0.025149228051304817,0,-0.0649,-0.0249
Jonathan Quick,NYR,8471734,22,-0.04511116445064545,-0.025149228051304817,0,-0.0651,-0.0251
Jonathan Quick,NYR,8471734,23,-0.04527762904763222,-0.025149228051304817,46,-0.0482,-0.0424
Jonathan Quick,NYR,8471734,24,-0.04531717672944069,-0.025149228051304817,0,-0.0653,-0.0253
Jonathan Quick,NYR,8471734,25,-0.0453515350818634,-0.025149228051304817,35,-0.0488,-0.042
Jonathan Quick,NYR,8471734,26,-0.04550130292773247,-0.025149228051304817,0,-0.0655,-0.0255
Jonathan Quick,NYR,8471734,27,-0.04564733803272247,-0.025149228051304817,28,-0.0494,-0.0418
Jonathan Quick,NYR,8471734,28,-0.04565339908003807,-0.025149228051304817,0,-0.0657,-0.0257
Jonathan Quick,NYR,8471734,29,-0.045658595860004425,-0.025149228051304817,0,-0.0657,-0.0257
Jonathan Quick,NYR,8471734,30,-0.04565911740064621,-0.025149228051304817,0,-0.0657,-0.0257
Jonathan Quick,NYR,8471734,31,-0.04566458240151405,-0.025149228051304817,0,-0.0657,-0.0257
Jonathan Quick,NYR,8471734,32,-0.045655012130737305,-0.025149228051304817,0,-0.0657,-0.0257
Jonathan Quick,NYR,8471734,33,-0.04565966874361038,-0.025149228051304817,0,-0.0657,-0.0257
Jonathan Quick,NYR,8471734,34,-0.04565117135643959,-0.025149228051304817,0,-0.0657,-0.0257
Jonathan Quick,NYR,8471734,35,-0.045652274042367935,-0.025149228051304817,0,-0.0657,-0.0257
8482472,,8482472,0,-0.0036274229642003775,-0.003564742160961032,0,-0.0236,0.0164
8482472,,8482472,1,-0.003657272784039378,-0.003564742160961032,0,-0.0237,0.0163
8482472,,8482472,2,-0.003687712363898754,-0.003564742160961032,0,-0.0237,0.0163
8482472,,8482472,3,-0.003717443672940135,-0.003564742160961032,0,-0.0237,0.0163
8482472,,8482472,4,-0.0037503393832594156,-0.003564742160961032,0,-0.0238,0.0162
8482472,,8482472,5,-0.0037766883615404367,-0.003564742160961032,0,-0.0238,0.0162
8482472,,8482472,6,-0.0038108150474727154,-0.003564742160961032,0,-0.0238,0.0162
8482472,,8482472,7,-0.0038488847203552723,-0.003564742160961032,0,-0.0238,0.0162
8482472,,8482472,8,-0.0038872002623975277,-0.003564742160961032,0,-0.0239,0.0161
8482472,,8482472,9,-0.003922793548554182,-0.003564742160961032,0,-0.0239,0.0161
8482472,,8482472,10,-0.003954360727220774,-0.003564742160961032,0,-0.024,0.016
8482472,,8482472,11,-0.003993473947048187,-0.003564742160961032,0,-0.024,0.016
8482472,,8482472,12,-0.004019529093056917,-0.003564742160961032,0,-0.024,0.016
8482472,,8482472,13,-0.004038263112306595,-0.003564742160961032,0,-0.024,0.016
8482472,,8482472,14,-0.004047540947794914,-0.003564742160961032,0,-0.024,0.016
8482472,,8482472,15,-0.004057683516293764,-0.003564742160961032,0,-0.0241,0.0159
8482472,,8482472,16,-0.00407770462334156,-0.003564742160961032,0,-0.0241,0.0159
8482472,,8482472,17,-0.004105484113097191,-0.003564742160961032,0,-0.0241,0.0159
8482472,,8482472,18,-0.004122865851968527,-0.003564742160961032,0,-0.0241,0.0159
8482472,,8482472,19,-0.004135298542678356,-0.003564742160961032,0,-0.0241,0.0159
8482472,,8482472,20,-0.004152689594775438,-0.003564742160961032,0,-0.0242,0.0158
8482472,,8482472,21,-0.004172816872596741,-0.003564742160961032,0,-0.0242,0.0158
8482472,,8482472,22,-0.004180854186415672,-0.003564742160961032,0,-0.0242,0.0158
8482472,,8482472,23,-0.0041826097294688225,-0.003564742160961032,0,-0.0242,0.0158
8482472,,8482472,24,-0.004171364940702915,-0.003564742160961032,0,-0.0242,0.0158
8482472,,8482472,25,-0.004157421179115772,-0.003564742160961032,0,-0.0242,0.0158
8482472,,8482472,26,-0.004167185164988041,-0.003564742160961032,0,-0.0242,0.0158
8482472,,8482472,27,-0.004170364234596491,-0.003564742160961032,0,-0.0242,0.0158
8482472,,8482472,28,-0.00417717918753624,-0.003564742160961032,0,-0.0242,0.0158
8482472,,8482472,29,-0.004181107971817255,-0.003564742160961032,0,-0.0242,0.0158
8482472,,8482472,30,-0.004184610676020384,-0.003564742160961032,0,-0.0242,0.0158
8482472,,8482472,31,-0.00418479461222887,-0.003564742160961032,0,-0.0242,0.0158
8482472,,8482472,32,-0.004182593431323767,-0.003564742160961032,0,-0.0242,0.0158
8482472,,8482472,33,-0.00417982367798686,-0.003564742160961032,0,-0.0242,0.0158
8482472,,8482472,34,-0.004176506772637367,-0.003564742160961032,0,-0.0242,0.0158
8482472,,8482472,35,-0.004175645764917135,-0.003564742160961032,0,-0.0242,0.0158
Anthony Stolarz,TOR,8476932,0,0.03161925449967384,0.03378227353096008,0,0.0116,0.0516
Anthony Stolarz,TOR,8476932,1,0.030653707683086395,0.03378227353096008,21,0.0263,0.0351
Anthony Stolarz,TOR,8476932,2,0.029682582244277,0.03378227353096008,48,0.0268,0.0326
Anthony Stolarz,TOR,8476932,3,0.02862633392214775,0.03378227353096008,78,0.0263,0.0309
Anthony Stolarz,TOR,8476932,4,0.02745787985622883,0.03378227353096008,88,0.0254,0.0296
Anthony Stolarz,TOR,8476932,5,0.026362592354416847,0.03378227353096008,73,0.0241,0.0287
Anthony Stolarz,TOR,8476932,6,0.025603312999010086,0.03378227353096008,65,0.0231,0.0281
Anthony Stolarz,TOR,8476932,7,0.024836763739585876,0.03378227353096008,94,0.0227,0.0269
Anthony Stolarz,TOR,8476932,8,0.024355417117476463,0.03378227353096008,13,0.0189,0.0299
Anthony Stolarz,TOR,8476932,9,0.023919066414237022,0.03378227353096008,0,0.0039,0.0439
Anthony Stolarz,TOR,8476932,10,0.023478835821151733,0.03378227353096008,0,0.0035,0.0435
Anthony Stolarz,TOR,8476932,11,0.023037856444716454,0.03378227353096008,0,0.003,0.043
Anthony Stolarz,TOR,8476932,12,0.022603362798690796,0.03378227353096008,0,0.0026,0.0426
Anthony Stolarz,TOR,8476932,13,0.022182557731866837,0.03378227353096008,0,0.0022,0.0422
Anthony Stolarz,TOR,8476932,14,0.0217652078717947,0.03378227353096008,0,0.0018,0.0418
Anthony Stolarz,TOR,8476932,15,0.021352354437112808,0.03378227353096008,0,0.0014,0.0414
Anthony Stolarz,TOR,8476932,16,0.020926017314195633,0.03378227353096008,0,0.0009,0.0409
Anthony Stolarz,TOR,8476932,17,0.020492233335971832,0.03378227353096008,0,0.0005,0.0405
Anthony Stolarz,TOR,8476932,18,0.020071424543857574,0.03378227353096008,37,0.0168,0.0234
Anthony Stolarz,TOR,8476932,19,0.019910847768187523,0.03378227353096008,24,0.0158,0.024
Anthony Stolarz,TOR,8476932,20,0.02002190239727497,0.03378227353096008,44,0.017,0.023
Anthony Stolarz,TOR,8476932,21,0.020040910691022873,0.03378227353096008,58,0.0174,0.0226
Anthony Stolarz,TOR,8476932,22,0.020038770511746407,0.03378227353096008,51,0.0172,0.0228
Anthony Stolarz,TOR,8476932,23,0.01994304358959198,0.03378227353096008,0,-0.0001,0.0399
Anthony Stolarz,TOR,8476932,24,0.019859135150909424,0.03378227353096008,26,0.016,0.0238
Anthony Stolarz,TOR,8476932,25,0.019718702882528305,0.03378227353096008,77,0.0174,0.022
Anthony Stolarz,TOR,8476932,26,0.01973312348127365,0.03378227353096008,4,0.0097,0.0297
Anthony Stolarz,TOR,8476932,27,0.01972808688879013,0.03378227353096008,0,-0.0003,0.0397
Anthony Stolarz,TOR,8476932,28,0.01972229965031147,0.03378227353096008,0,-0.0003,0.0397
Anthony Stolarz,TOR,8476932,29,0.01971878483891487,0.03378227353096008,0,-0.0003,0.0397
Anthony Stolarz,TOR,8476932,30,0.019714748486876488,0.03378227353096008,0,-0.0003,0.0397
Anthony Stolarz,TOR,8476932,31,0.019714150577783585,0.03378227353096008,0,-0.0003,0.0397
Anthony Stolarz,TOR,8476932,32,0.019717691466212273,0.03378227353096008,0,-0.0003,0.0397
Anthony Stolarz,TOR,8476932,33,0.019718904048204422,0.03378227353096008,0,-0.0003,0.0397
Anthony Stolarz,TOR,8476932,34,0.019724056124687195,0.03378227353096008,0,-0.0003,0.0397
Anthony Stolarz,TOR,8476932,35,0.019723456352949142,0.03378227353096008,0,-0.0003,0.0397
Anton Forsberg,LAK,8476341,0,0.03649183735251427,0.03363768011331558,0,0.0165,0.0565
Anton Forsberg,LAK,8476341,1,0.0377599336206913,0.03363768011331558,32,0.0343,0.0413
Anton Forsberg,LAK,8476341,2,0.03896777704358101,0.03363768011331558,24,0.0349,0.0431
Anton Forsberg,LAK,8476341,3,0.040182050317525864,0.03363768011331558,43,0.0372,0.0432
Anton Forsberg,LAK,8476341,4,0.04139791056513786,0.03363768011331558,78,0.0391,0.0437
Anton Forsberg,LAK,8476341,5,0.04262510687112808,0.03363768011331558,27,0.0388,0.0464
Anton Forsberg,LAK,8476341,6,0.04382453113794327,0.03363768011331558,0,0.0238,0.0638
Anton Forsberg,LAK,8476341,7,0.0450180321931839,0.03363768011331558,29,0.0413,0.0487
Anton Forsberg,LAK,8476341,8,0.04645729437470436,0.03363768011331558,33,0.043,0.05
Anton Forsberg,LAK,8476341,9,0.0476832389831543,0.03363768011331558,33,0.0442,0.0512
Anton Forsberg,LAK,8476341,10,0.04897619038820267,0.03363768011331558,30,0.0453,0.0527
Anton Forsberg,LAK,8476341,11,0.05024033039808273,0.03363768011331558,0,0.0302,0.0702
Anton Forsberg,LAK,8476341,12,0.05151257663965225,0.03363768011331558,31,0.0479,0.0551
Anton Forsberg,LAK,8476341,13,0.05266252160072327,0.03363768011331558,98,0.0507,0.0547
Anton Forsberg,LAK,8476341,14,0.05378613620996475,0.03363768011331558,65,0.0513,0.0563
Anton Forsberg,LAK,8476341,15,0.05460100993514061,0.03363768011331558,32,0.0511,0.0581
Anton Forsberg,LAK,8476341,16,0.0556325763463974,0.03363768011331558,40,0.0524,0.0588
Anton Forsberg,LAK,8476341,17,0.05660456046462059,0.03363768011331558,38,0.0534,0.0598
Anton Forsberg,LAK,8476341,18,0.057539425790309906,0.03363768011331558,23,0.0533,0.0617
Anton Forsberg,LAK,8476341,19,0.05832892656326294,0.03363768011331558,75,0.056,0.0606
Anton Forsberg,LAK,8476341,20,0.05877441540360451,0.03363768011331558,27,0.055,0.0626
Anton Forsberg,LAK,8476341,21,0.059363409876823425,0.03363768011331558,116,0.0575,0.0613
Anton Forsberg,LAK,8476341,22,0.05990373715758324,0.03363768011331558,36,0.0566,0.0632
Anton Forsberg,LAK,8476341,23,0.060575950890779495,0.03363768011331558,37,0.0573,0.0639
Anton Forsberg,LAK,8476341,24,0.06122862920165062,0.03363768011331558,9,0.0545,0.0679
Anton Forsberg,LAK,8476341,25,0.06181074306368828,0.03363768011331558,36,0.0585,0.0651
Anton Forsberg,LAK,8476341,26,0.06223532184958458,0.03363768011331558,120,0.0604,0.064
Anton Forsberg,LAK,8476341,27,0.0621916726231575,0.03363768011331558,115,0.0603,0.0641
Anton Forsberg,LAK,8476341,28,0.062110982835292816,0.03363768011331558,124,0.0603,0.0639
Anton Forsberg,LAK,8476341,29,0.06211229786276817,0.03363768011331558,0,0.0421,0.0821
Anton Forsberg,LAK,8476341,30,0.062104735523462296,0.03363768011331558,0,0.0421,0.0821
Anton Forsberg,LAK,8476341,31,0.062106654047966,0.03363768011331558,0,0.0421,0.0821
Anton Forsberg,LAK,8476341,32,0.06210818514227867,0.03363768011331558,0,0.0421,0.0821
Anton Forsberg,LAK,8476341,33,0.062110912054777145,0.03363768011331558,0,0.0421,0.0821
Anton Forsberg,LAK,8476341,34,0.06211169809103012,0.03363768011331558,0,0.0421,0.0821
Anton Forsberg,LAK,8476341,35,0.06211729347705841,0.03363768011331558,0,0.0421,0.0821
Dennis Hildeby,TOR,8483710,0,0.009034115821123123,0.008044247515499592,0,-0.011,0.029
Dennis Hildeby,TOR,8483710,1,0.009471072815358639,0.008044247515499592,42,0.0064,0.0126
Dennis Hildeby,TOR,8483710,2,0.009731271304190159,0.008044247515499592,18,0.005,0.0144
Dennis Hildeby,TOR,8483710,3,0.010067331604659557,0.008044247515499592,0,-0.0099,0.0301
Dennis Hildeby,TOR,8483710,4,0.010402518324553967,0.008044247515499592,0,-0.0096,0.0304
Dennis Hildeby,TOR,8483710,5,0.010742446407675743,0.008044247515499592,0,-0.0093,0.0307
Dennis Hildeby,TOR,8483710,6,0.011075742542743683,0.008044247515499592,0,-0.0089,0.0311
Dennis Hildeby,TOR,8483710,7,0.011403616517782211,0.008044247515499592,72,0.009,0.0138
Dennis Hildeby,TOR,8483710,8,0.011785614304244518,0.008044247515499592,68,0.0094,0.0142
Dennis Hildeby,TOR,8483710,9,0.012167654931545258,0.008044247515499592,8,0.0051,0.0193
Dennis Hildeby,TOR,8483710,10,0.012508491985499859,0.008044247515499592,49,0.0096,0.0154
Dennis Hildeby,TOR,8483710,11,0.012669791467487812,0.008044247515499592,52,0.0099,0.0155
Dennis Hildeby,TOR,8483710,12,0.012499178759753704,0.008044247515499592,110,0.0106,0.0144
Dennis Hildeby,TOR,8483710,13,0.012432798743247986,0.008044247515499592,68,0.01,0.0148
Dennis Hildeby,TOR,8483710,14,0.012693880125880241,0.008044247515499592,50,0.0099,0.0155
Dennis Hildeby,TOR,8483710,15,0.01294482871890068,0.008044247515499592,22,0.0086,0.0172
Dennis Hildeby,TOR,8483710,16,0.013098624534904957,0.008044247515499592,36,0.0098,0.0164
Dennis Hildeby,TOR,8483710,17,0.01308708731085062,0.008044247515499592,104,0.0111,0.0151
Dennis Hildeby,TOR,8483710,18,0.013380668126046658,0.008044247515499592,13,0.0079,0.0189
Dennis Hildeby,TOR,8483710,19,0.013593328185379505,0.008044247515499592,0,-0.0064,0.0336
Dennis Hildeby,TOR,8483710,20,0.013803275302052498,0.008044247515499592,0,-0.0062,0.0338
Dennis Hildeby,TOR,8483710,21,0.014008363708853722,0.008044247515499592,0,-0.006,0.034
Dennis Hildeby,TOR,8483710,22,0.014226477593183517,0.008044247515499592,0,-0.0058,0.0342
Dennis Hildeby,TOR,8483710,23,0.014451710507273674,0.008044247515499592,0,-0.0055,0.0345
Dennis Hildeby,TOR,8483710,24,0.014687545597553253,0.008044247515499592,0,-0.0053,0.0347
Dennis Hildeby,TOR,8483710,25,0.01492865290492773,0.008044247515499592,0,-0.0051,0.0349
Dennis Hildeby,TOR,8483710,26,0.015144831500947475,0.008044247515499592,0,-0.0049,0.0351
Dennis Hildeby,TOR,8483710,27,0.015367289073765278,0.008044247515499592,44,0.0124,0.0184
Dennis Hildeby,TOR,8483710,28,0.015360837802290916,0.008044247515499592,0,-0.0046,0.0354
Dennis Hildeby,TOR,8483710,29,0.015356987714767456,0.008044247515499592,0,-0.0046,0.0354
Dennis Hildeby,TOR,8483710,30,0.015353286638855934,0.008044247515499592,0,-0.0046,0.0354
Dennis Hildeby,TOR,8483710,31,0.015352856367826462,0.008044247515499592,0,-0.0046,0.0354
Dennis Hildeby,TOR,8483710,32,0.01535622775554657,0.008044247515499592,0,-0.0046,0.0354
Dennis Hildeby,TOR,8483710,33,0.015357778407633305,0.008044247515499592,0,-0.0046,0.0354
Dennis Hildeby,TOR,8483710,34,0.015361250378191471,0.008044247515499592,0,-0.0046,0.0354
Dennis Hildeby,TOR,8483710,35,0.015362992882728577,0.008044247515499592,0,-0.0046,0.0354
Joonas Korpisalo,BOS,8476914,0,0.003390494966879487,0.0028713189531117678,0,-0.0166,0.0234
Joonas Korpisalo,BOS,8476914,1,0.0036205279175192118,0.0028713189531117678,39,0.0004,0.0068
Joonas Korpisalo,BOS,8476914,2,0.003882120130583644,0.0028713189531117678,39,0.0007,0.0071
Joonas Korpisalo,BOS,8476914,3,0.003926973324269056,0.0028713189531117678,33,0.0004,0.0074
Joonas Korpisalo,BOS,8476914,4,0.004032835364341736,0.0028713189531117678,71,0.0016,0.0064
Joonas Korpisalo,BOS,8476914,5,0.004240505397319794,0.0028713189531117678,39,0.001,0.0074
Joonas Korpisalo,BOS,8476914,6,0.004722609184682369,0.0028713189531117678,73,0.0024,0.007
Joonas Korpisalo,BOS,8476914,7,0.005031655076891184,0.0028713189531117678,28,0.0012,0.0088
Joonas Korpisalo,BOS,8476914,8,0.005343882367014885,0.0028713189531117678,25,0.0013,0.0093
Joonas Korpisalo,BOS,8476914,9,0.005850472021847963,0.0028713189531117678,39,0.0027,0.0091
Joonas Korpisalo,BOS,8476914,10,0.006426915060728788,0.0028713189531117678,43,0.0034,0.0094
Joonas Korpisalo,BOS,8476914,11,0.007013280410319567,0.0028713189531117678,63,0.0045,0.0095
Joonas Korpisalo,BOS,8476914,12,0.007405303884297609,0.0028713189531117678,32,0.0039,0.0109
Joonas Korpisalo,BOS,8476914,13,0.007800207938998938,0.0028713189531117678,19,0.0032,0.0124
Joonas Korpisalo,BOS,8476914,14,0.008443350903689861,0.0028713189531117678,38,0.0052,0.0116
Joonas Korpisalo,BOS,8476914,15,0.0091709541156888,0.0028713189531117678,0,-0.0108,0.0292
Joonas Korpisalo,BOS,8476914,16,0.009887638501822948,0.0028713189531117678,74,0.0076,0.0122
Joonas Korpisalo,BOS,8476914,17,0.010263402946293354,0.0028713189531117678,33,0.0068,0.0138
Joonas Korpisalo,BOS,8476914,18,0.010726967826485634,0.0028713189531117678,32,0.0072,0.0142
Joonas Korpisalo,BOS,8476914,19,0.011067196726799011,0.0028713189531117678,29,0.0074,0.0148
Joonas Korpisalo,BOS,8476914,20,0.011655773036181927,0.0028713189531117678,29,0.008,0.0154
Joonas Korpisalo,BOS,8476914,21,0.012109829112887383,0.0028713189531117678,47,0.0092,0.015
Joonas Korpisalo,BOS,8476914,22,0.012439630925655365,0.0028713189531117678,0,-0.0076,0.0324
Joonas Korpisalo,BOS,8476914,23,0.012775278650224209,0.0028713189531117678,50,0.01,0.0156
Joonas Korpisalo,BOS,8476914,24,0.013188745826482773,0.0028713189531117678,30,0.0095,0.0169
Joonas Korpisalo,BOS,8476914,25,0.013542191125452518,0.0028713189531117678,60,0.0109,0.0161
Joonas Korpisalo,BOS,8476914,26,0.013744042254984379,0.0028713189531117678,65,0.0112,0.0162
Joonas Korpisalo,BOS,8476914,27,0.013783389702439308,0.0028713189531117678,0,-0.0062,0.0338
Joonas Korpisalo,BOS,8476914,28,0.01381929125636816,0.0028713189531117678,6,0.0056,0.022
Joonas Korpisalo,BOS,8476914,29,0.013815466314554214,0.0028713189531117678,0,-0.0062,0.0338
Joonas Korpisalo,BOS,8476914,30,0.013812096789479256,0.0028713189531117678,0,-0.0062,0.0338
Joonas Korpisalo,BOS,8476914,31,0.013811580836772919,0.0028713189531117678,0,-0.0062,0.0338
Joonas Korpisalo,BOS,8476914,32,0.013814281672239304,0.0028713189531117678,0,-0.0062,0.0338
Joonas Korpisalo,BOS,8476914,33,0.013816582970321178,0.0028713189531117678,0,-0.0062,0.0338
Joonas Korpisalo,BOS,8476914,34,0.013820305466651917,0.0028713189531117678,0,-0.0062,0.0338
Joonas Korpisalo,BOS,8476914,35,0.013821211643517017,0.0028713189531117678,0,-0.0062,0.0338
Vitek Vanecek,UTA,8477970,0,-0.025928568094968796,-0.024178462103009224,18,-0.0306,-0.0212
Vitek Vanecek,UTA,8477970,1,-0.026621803641319275,-0.024178462103009224,23,-0.0308,-0.0224
Vitek Vanecek,UTA,8477970,2,-0.02723671682178974,-0.024178462103009224,40,-0.0304,-0.024
Vitek Vanecek,UTA,8477970,3,-0.028056135401129723,-0.024178462103009224,0,-0.0481,-0.0081
Vitek Vanecek,UTA,8477970,4,-0.02887592278420925,-0.024178462103009224,40,-0.0321,-0.0257
Vitek Vanecek,UTA,8477970,5,-0.02975591830909252,-0.024178462103009224,35,-0.0332,-0.0264
Vitek Vanecek,UTA,8477970,6,-0.03077847510576248,-0.024178462103009224,0,-0.0508,-0.0108
Vitek Vanecek,UTA,8477970,7,-0.031822238117456436,-0.024178462103009224,61,-0.0344,-0.0292
Vitek Vanecek,UTA,8477970,8,-0.03248433768749237,-0.024178462103009224,0,-0.0525,-0.0125
Vitek Vanecek,UTA,8477970,9,-0.0331522598862648,-0.024178462103009224,23,-0.0374,-0.029
Vitek Vanecek,UTA,8477970,10,-0.033747781068086624,-0.024178462103009224,26,-0.0376,-0.0298
Vitek Vanecek,UTA,8477970,11,-0.03439163789153099,-0.024178462103009224,57,-0.037,-0.0318
Vitek Vanecek,UTA,8477970,12,-0.03502665087580681,-0.024178462103009224,0,-0.055,-0.015
Vitek Vanecek,UTA,8477970,13,-0.035658419132232666,-0.024178462103009224,27,-0.0395,-0.0319
Vitek Vanecek,UTA,8477970,14,-0.03612899407744408,-0.024178462103009224,29,-0.0398,-0.0324
Vitek Vanecek,UTA,8477970,15,-0.036715004593133926,-0.024178462103009224,27,-0.0405,-0.0329
Vitek Vanecek,UTA,8477970,16,-0.037163496017456055,-0.024178462103009224,42,-0.0403,-0.0341
Vitek Vanecek,UTA,8477970,17,-0.03777159005403519,-0.024178462103009224,0,-0.0578,-0.0178
Vitek Vanecek,UTA,8477970,18,-0.03836638107895851,-0.024178462103009224,0,-0.0584,-0.0184
Vitek Vanecek,UTA,8477970,19,-0.038958508521318436,-0.024178462103009224,30,-0.0427,-0.0353
Vitek Vanecek,UTA,8477970,20,-0.03951459005475044,-0.024178462103009224,0,-0.0595,-0.0195
Vitek Vanecek,UTA,8477970,21,-0.04008059948682785,-0.024178462103009224,0,-0.0601,-0.0201
Vitek Vanecek,UTA,8477970,22,-0.0406273752450943,-0.024178462103009224,0,-0.0606,-0.0206
Vitek Vanecek,UTA,8477970,23,-0.04117247462272644,-0.024178462103009224,54,-0.0439,-0.0385
Vitek Vanecek,UTA,8477970,24,-0.04165821895003319,-0.024178462103009224,40,-0.0449,-0.0385
Vitek Vanecek,UTA,8477970,25,-0.04187913239002228,-0.024178462103009224,0,-0.0619,-0.0219
Vitek Vanecek,UTA,8477970,26,-0.04212520271539688,-0.024178462103009224,23,-0.0463,-0.0379
Vitek Vanecek,UTA,8477970,27,-0.04215022549033165,-0.024178462103009224,14,-0.0475,-0.0369
Vitek Vanecek,UTA,8477970,28,-0.04215875267982483,-0.024178462103009224,0,-0.0622,-0.0222
Vitek Vanecek,UTA,8477970,29,-0.04216260462999344,-0.024178462103009224,0,-0.0622,-0.0222
Vitek Vanecek,UTA,8477970,30,-0.04216480255126953,-0.024178462103009224,0,-0.0622,-0.0222
Vitek Vanecek,UTA,8477970,31,-0.042165569961071014,-0.024178462103009224,0,-0.0622,-0.0222
Vitek Vanecek,UTA,8477970,32,-0.042164046317338943,-0.024178462103009224,0,-0.0622,-0.0222
Vitek Vanecek,UTA,8477970,33,-0.04215998575091362,-0.024178462103009224,0,-0.0622,-0.0222
Vitek Vanecek,UTA,8477970,34,-0.04215751960873604,-0.024178462103009224,0,-0.0622,-0.0222
Vitek Vanecek,UTA,8477970,35,-0.04215627536177635,-0.024178462103009224,0,-0.0622,-0.0222
Calle Clang,ANA,8482477,0,-0.0024718791246414185,-0.002318639075383544,0,-0.0225,0.0175
Calle Clang,ANA,8482477,1,-0.002542124828323722,-0.002318639075383544,14,-0.0078,0.0028
Calle Clang,ANA,8482477,2,-0.002508761128410697,-0.002318639075383544,29,-0.0062,0.0012
Calle Clang,ANA,8482477,3,-0.0025385082699358463,-0.002318639075383544,0,-0.0225,0.0175
Calle Clang,ANA,8482477,4,-0.0025711895432323217,-0.002318639075383544,0,-0.0226,0.0174
Calle Clang,ANA,8482477,5,-0.002597660990431905,-0.002318639075383544,0,-0.0226,0.0174
Calle Clang,ANA,8482477,6,-0.00263145100325346,-0.002318639075383544,0,-0.0226,0.0174
Calle Clang,ANA,8482477,7,-0.002669793553650379,-0.002318639075383544,0,-0.0227,0.0173
Calle Clang,ANA,8482477,8,-0.002707839012145996,-0.002318639075383544,0,-0.0227,0.0173
Calle Clang,ANA,8482477,9,-0.0027433736249804497,-0.002318639075383544,0,-0.0227,0.0173
Calle Clang,ANA,8482477,10,-0.002774988766759634,-0.002318639075383544,0,-0.0228,0.0172
Calle Clang,ANA,8482477,11,-0.002814005594700575,-0.002318639075383544,0,-0.0228,0.0172
Calle Clang,ANA,8482477,12,-0.0028400712180882692,-0.002318639075383544,0,-0.0228,0.0172
Calle Clang,ANA,8482477,13,-0.0028585665859282017,-0.002318639075383544,0,-0.0229,0.0171
Calle Clang,ANA,8482477,14,-0.0028679848182946444,-0.002318639075383544,0,-0.0229,0.0171
Calle Clang,ANA,8482477,15,-0.0028780391439795494,-0.002318639075383544,0,-0.0229,0.0171
Calle Clang,ANA,8482477,16,-0.0028979748021811247,-0.002318639075383544,0,-0.0229,0.0171
Calle Clang,ANA,8482477,17,-0.0029257331043481827,-0.002318639075383544,0,-0.0229,0.0171
Calle Clang,ANA,8482477,18,-0.0029430752620100975,-0.002318639075383544,0,-0.0229,0.0171
Calle Clang,ANA,8482477,19,-0.00295549095608294,-0.002318639075383544,0,-0.023,0.017
Calle Clang,ANA,8482477,20,-0.0029728258959949017,-0.002318639075383544,0,-0.023,0.017
Calle Clang,ANA,8482477,21,-0.0029929406009614468,-0.002318639075383544,0,-0.023,0.017
Calle Clang,ANA,8482477,22,-0.0030009676702320576,-0.002318639075383544,0,-0.023,0.017
Calle Clang,ANA,8482477,23,-0.00300254812464118,-0.002318639075383544,0,-0.023,0.017
Calle Clang,ANA,8482477,24,-0.0029915492050349712,-0.002318639075383544,0,-0.023,0.017
Calle Clang,ANA,8482477,25,-0.002977329306304455,-0.002318639075383544,0,-0.023,0.017
Calle Clang,ANA,8482477,26,-0.0029872183222323656,-0.002318639075383544,0,-0.023,0.017
Calle Clang,ANA,8482477,27,-0.002990251872688532,-0.002318639075383544,0,-0.023,0.017
Calle Clang,ANA,8482477,28,-0.002997237490490079,-0.002318639075383544,0,-0.023,0.017
Calle Clang,ANA,8482477,29,-0.003001004923135042,-0.002318639075383544,0,-0.023,0.017
Calle Clang,ANA,8482477,30,-0.0030044526793062687,-0.002318639075383544,0,-0.023,0.017
Calle Clang,ANA,8482477,31,-0.0030048773624002934,-0.002318639075383544,0,-0.023,0.017
Calle Clang,ANA,8482477,32,-0.0030023956205695868,-0.002318639075383544,0,-0.023,0.017
Calle Clang,ANA,8482477,33,-0.0029997252859175205,-0.002318639075383544,0,-0.023,0.017
Calle Clang,ANA,8482477,34,-0.0029963830020278692,-0.002318639075383544,0,-0.023,0.017
Calle Clang,ANA,8482477,35,-0.002995478454977274,-0.002318639075383544,0,-0.023,0.017
Gabriel Carriere,SJS,8484887,0,0.0026897937059402466,0.0025049580726772547,0,-0.0173,0.0227
Gabriel Carriere,SJS,8484887,1,0.002770410617813468,0.0025049580726772547,0,-0.0172,0.0228
Gabriel Carriere,SJS,8484887,2,0.002849706681445241,0.0025049580726772547,16,-0.0022,0.0078
Gabriel Carriere,SJS,8484887,3,0.002820375142619014,0.0025049580726772547,0,-0.0172,0.0228
Gabriel Carriere,SJS,8484887,4,0.002787539269775152,0.0025049580726772547,0,-0.0172,0.0228
Gabriel Carriere,SJS,8484887,5,0.0027617684099823236,0.0025049580726772547,0,-0.0172,0.0228
Gabriel Carriere,SJS,8484887,6,0.002727292478084564,0.0025049580726772547,0,-0.0173,0.0227
Gabriel Carriere,SJS,8484887,7,0.002689915709197521,0.0025049580726772547,0,-0.0173,0.0227
Gabriel Carriere,SJS,8484887,8,0.0026512807235121727,0.0025049580726772547,0,-0.0173,0.0227
Gabriel Carriere,SJS,8484887,9,0.0026163894217461348,0.0025049580726772547,0,-0.0174,0.0226
Gabriel Carriere,SJS,8484887,10,0.0025844911579042673,0.0025049580726772547,0,-0.0174,0.0226
Gabriel Carriere,SJS,8484887,11,0.0025458575692027807,0.0025049580726772547,0,-0.0175,0.0225
Gabriel Carriere,SJS,8484887,12,0.002519835950806737,0.0025049580726772547,0,-0.0175,0.0225
Gabriel Carriere,SJS,8484887,13,0.0025012337137013674,0.0025049580726772547,0,-0.0175,0.0225
Gabriel Carriere,SJS,8484887,14,0.002492249244824052,0.0025049580726772547,0,-0.0175,0.0225
Gabriel Carriere,SJS,8484887,15,0.002482016570866108,0.0025049580726772547,0,-0.0175,0.0225
Gabriel Carriere,SJS,8484887,16,0.0024622755590826273,0.0025049580726772547,0,-0.0175,0.0225
Gabriel Carriere,SJS,8484887,17,0.0024345817510038614,0.0025049580726772547,0,-0.0176,0.0224
Gabriel Carriere,SJS,8484887,18,0.002417299896478653,0.0025049580726772547,0,-0.0176,0.0224
Gabriel Carriere,SJS,8484887,19,0.002404960338026285,0.0025049580726772547,0,-0.0176,0.0224
Gabriel Carriere,SJS,8484887,20,0.002387760207056999,0.0025049580726772547,0,-0.0176,0.0224
Gabriel Carriere,SJS,8484887,21,0.0023676082491874695,0.0025049580726772547,0,-0.0176,0.0224
Gabriel Carriere,SJS,8484887,22,0.0023597697727382183,0.0025049580726772547,0,-0.0176,0.0224
Gabriel Carriere,SJS,8484887,23,0.0023580589331686497,0.0025049580726772547,0,-0.0176,0.0224
Gabriel Carriere,SJS,8484887,24,0.002369321184232831,0.0025049580726772547,0,-0.0176,0.0224
Gabriel Carriere,SJS,8484887,25,0.002383506391197443,0.0025049580726772547,0,-0.0176,0.0224
Gabriel Carriere,SJS,8484887,26,0.002373536815866828,0.0025049580726772547,0,-0.0176,0.0224
Gabriel Carriere,SJS,8484887,27,0.002370752627030015,0.0025049580726772547,0,-0.0176,0.0224
Gabriel Carriere,SJS,8484887,28,0.002363592851907015,0.0025049580726772547,0,-0.0176,0.0224
Gabriel Carriere,SJS,8484887,29,0.0023600864224135876,0.0025049580726772547,0,-0.0176,0.0224
Gabriel Carriere,SJS,8484887,30,0.0023563504219055176,0.0025049580726772547,0,-0.0176,0.0224
Gabriel Carriere,SJS,8484887,31,0.0023563241120427847,0.0025049580726772547,0,-0.0176,0.0224
Gabriel Carriere,SJS,8484887,32,0.002358592115342617,0.0025049580726772547,0,-0.0176,0.0224
Gabriel Carriere,SJS,8484887,33,0.0023611276410520077,0.0025049580726772547,0,-0.0176,0.0224
Gabriel Carriere,SJS,8484887,34,0.0023649376817047596,0.0025049580726772547,0,-0.0176,0.0224
Gabriel Carriere,SJS,8484887,35,0.002365636173635721,0.0025049580726772547,0,-0.0176,0.0224
8476861,,8476861,0,-0.004258154891431332,-0.004195373505353928,0,-0.0243,0.0157
8476861,,8476861,1,-0.004287790507078171,-0.004195373505353928,0,-0.0243,0.0157
8476861,,8476861,2,-0.004318456165492535,-0.004195373505353928,0,-0.0243,0.0157
8476861,,8476861,3,-0.004347783979028463,-0.004195373505353928,0,-0.0243,0.0157
8476861,,8476861,4,-0.004381262231618166,-0.004195373505353928,0,-0.0244,0.0156
8476861,,8476861,5,-0.004406936001032591,-0.004195373505353928,0,-0.0244,0.0156
8476861,,8476861,6,-0.004441750235855579,-0.004195373505353928,0,-0.0244,0.0156
8476861,,8476861,7,-0.00447910325601697,-0.004195373505353928,0,-0.0245,0.0155
8476861,,8476861,8,-0.004518126603215933,-0.004195373505353928,0,-0.0245,0.0155
8476861,,8476861,9,-0.004553087055683136,-0.004195373505353928,0,-0.0246,0.0154
8476861,,8476861,10,-0.004585090558975935,-0.004195373505353928,0,-0.0246,0.0154
8476861,,8476861,11,-0.004624010529369116,-0.004195373505353928,0,-0.0246,0.0154
8476861,,8476861,12,-0.004650104325264692,-0.004195373505353928,0,-0.0247,0.0153
8476861,,8476861,13,-0.0046688769944012165,-0.004195373505353928,0,-0.0247,0.0153
8476861,,8476861,14,-0.004677899647504091,-0.004195373505353928,0,-0.0247,0.0153
8476861,,8476861,15,-0.004688625689595938,-0.004195373505353928,0,-0.0247,0.0153
8476861,,8476861,16,-0.0047077639028429985,-0.004195373505353928,0,-0.0247,0.0153
8476861,,8476861,17,-0.004736441187560558,-0.004195373505353928,0,-0.0247,0.0153
8476861,,8476861,18,-0.004753212910145521,-0.004195373505353928,0,-0.0248,0.0152
8476861,,8476861,19,-0.0047658937983214855,-0.004195373505353928,0,-0.0248,0.0152
8476861,,8476861,20,-0.00478330347687006,-0.004195373505353928,0,-0.0248,0.0152
8476861,,8476861,21,-0.00480317696928978,-0.004195373505353928,0,-0.0248,0.0152
8476861,,8476861,22,-0.004811610095202923,-0.004195373505353928,0,-0.0248,0.0152
8476861,,8476861,23,-0.004812965169548988,-0.004195373505353928,0,-0.0248,0.0152
8476861,,8476861,24,-0.004801949020475149,-0.004195373505353928,0,-0.0248,0.0152
8476861,,8476861,25,-0.004788044840097427,-0.004195373505353928,0,-0.0248,0.0152
8476861,,8476861,26,-0.004797555971890688,-0.004195373505353928,0,-0.0248,0.0152
8476861,,8476861,27,-0.00480102701112628,-0.004195373505353928,0,-0.0248,0.0152
8476861,,8476861,28,-0.004807693883776665,-0.004195373505353928,0,-0.0248,0.0152
8476861,,8476861,29,-0.0048116217367351055,-0.004195373505353928,0,-0.0248,0.0152
8476861,,8476861,30,-0.004815060645341873,-0.004195373505353928,0,-0.0248,0.0152
8476861,,8476861,31,-0.00481551606208086,-0.004195373505353928,0,-0.0248,0.0152
8476861,,8476861,32,-0.004812915809452534,-0.004195373505353928,0,-0.0248,0.0152
8476861,,8476861,33,-0.004810459911823273,-0.004195373505353928,0,-0.0248,0.0152
8476861,,8476861,34,-0.00480699585750699,-0.004195373505353928,0,-0.0248,0.0152
8476861,,8476861,35,-0.004806176759302616,-0.004195373505353928,0,-0.0248,0.0152
Joey Daccord,SEA,8478916,0,0.030313756316900253,0.028828436508774757,13,0.0248,0.0358
Joey Daccord,SEA,8478916,1,0.030917411670088768,0.028828436508774757,23,0.0267,0.0351
Joey Daccord,SEA,8478916,2,0.03140639886260033,0.028828436508774757,33,0.0279,0.0349
Joey Daccord,SEA,8478916,3,0.03178415820002556,0.028828436508774757,83,0.0296,0.034
Joey Daccord,SEA,8478916,4,0.03182021901011467,0.028828436508774757,64,0.0293,0.0343
Joey Daccord,SEA,8478916,5,0.03217687830328941,0.028828436508774757,112,0.0303,0.0341
Joey Daccord,SEA,8478916,6,0.03237687796354294,0.028828436508774757,66,0.0299,0.0349
Joey Daccord,SEA,8478916,7,0.03274322301149368,0.028828436508774757,54,0.03,0.0354
Joey Daccord,SEA,8478916,8,0.0331554040312767,0.028828436508774757,0,0.0132,0.0532
Joey Daccord,SEA,8478916,9,0.03358526527881622,0.028828436508774757,120,0.0318,0.0354
Joey Daccord,SEA,8478916,10,0.03351312875747681,0.028828436508774757,61,0.0309,0.0361
Joey Daccord,SEA,8478916,11,0.03355895355343819,0.028828436508774757,49,0.0307,0.0365
Joey Daccord,SEA,8478916,12,0.033811405301094055,0.028828436508774757,62,0.0313,0.0363
Joey Daccord,SEA,8478916,13,0.03392514958977699,0.028828436508774757,82,0.0317,0.0361
Joey Daccord,SEA,8478916,14,0.03387804329395294,0.028828436508774757,47,0.031,0.0368
Joey Daccord,SEA,8478916,15,0.03377477824687958,0.028828436508774757,80,0.0316,0.036
Joey Daccord,SEA,8478916,16,0.03355652466416359,0.028828436508774757,102,0.0316,0.0356
Joey Daccord,SEA,8478916,17,0.03336804360151291,0.028828436508774757,26,0.0295,0.0373
Joey Daccord,SEA,8478916,18,0.0332152396440506,0.028828436508774757,74,0.0309,0.0355
Joey Daccord,SEA,8478916,19,0.03306887671351433,0.028828436508774757,68,0.0307,0.0355
Joey Daccord,SEA,8478916,20,0.0327640101313591,0.028828436508774757,33,0.0293,0.0363
Joey Daccord,SEA,8478916,21,0.03231557086110115,0.028828436508774757,82,0.0301,0.0345
Joey Daccord,SEA,8478916,22,0.031786590814590454,0.028828436508774757,96,0.0298,0.0338
Joey Daccord,SEA,8478916,23,0.03142871707677841,0.028828436508774757,75,0.0291,0.0337
Joey Daccord,SEA,8478916,24,0.03113996982574463,0.028828436508774757,36,0.0278,0.0344
Joey Daccord,SEA,8478916,25,0.030963312834501266,0.028828436508774757,40,0.0278,0.0342
Joey Daccord,SEA,8478916,26,0.03082006424665451,0.028828436508774757,98,0.0288,0.0328
Joey Daccord,SEA,8478916,27,0.03081543743610382,0.028828436508774757,0,0.0108,0.0508
Joey Daccord,SEA,8478916,28,0.030809978023171425,0.028828436508774757,0,0.0108,0.0508
Joey Daccord,SEA,8478916,29,0.03080645576119423,0.028828436508774757,0,0.0108,0.0508
Joey Daccord,SEA,8478916,30,0.03080124221742153,0.028828436508774757,0,0.0108,0.0508
Joey Daccord,SEA,8478916,31,0.03080281801521778,0.028828436508774757,0,0.0108,0.0508
Joey Daccord,SEA,8478916,32,0.0308043472468853,0.028828436508774757,0,0.0108,0.0508
Joey Daccord,SEA,8478916,33,0.030806394293904305,0.028828436508774757,0,0.0108,0.0508
Joey Daccord,SEA,8478916,34,0.030811207368969917,0.028828436508774757,0,0.0108,0.0508
Joey Daccord,SEA,8478916,35,0.030811110511422157,0.028828436508774757,0,0.0108,0.0508
Arturs Silovs,PIT,8481668,0,-0.03211364522576332,-0.03133467584848404,0,-0.0521,-0.0121
Arturs Silovs,PIT,8481668,1,-0.0324690006673336,-0.03133467584848404,25,-0.0365,-0.0285
Arturs Silovs,PIT,8481668,2,-0.03283582255244255,-0.03133467584848404,34,-0.0362,-0.0294
Arturs Silovs,PIT,8481668,3,-0.03322731330990791,-0.03133467584848404,64,-0.0357,-0.0307
Arturs Silovs,PIT,8481668,4,-0.03376784548163414,-0.03133467584848404,38,-0.037,-0.0306
Arturs Silovs,PIT,8481668,5,-0.03436467796564102,-0.03133467584848404,88,-0.0365,-0.0323
Arturs Silovs,PIT,8481668,6,-0.03503686934709549,-0.03133467584848404,80,-0.0372,-0.0328
Arturs Silovs,PIT,8481668,7,-0.035855747759342194,-0.03133467584848404,68,-0.0383,-0.0335
Arturs Silovs,PIT,8481668,8,-0.03677254170179367,-0.03133467584848404,43,-0.0398,-0.0338
Arturs Silovs,PIT,8481668,9,-0.03795328363776207,-0.03133467584848404,11,-0.044,-0.032
Arturs Silovs,PIT,8481668,10,-0.038900669664144516,-0.03133467584848404,7,-0.0465,-0.0313
Arturs Silovs,PIT,8481668,11,-0.039538800716400146,-0.03133467584848404,0,-0.0595,-0.0195
Arturs Silovs,PIT,8481668,12,-0.04016686603426933,-0.03133467584848404,69,-0.0426,-0.0378
Arturs Silovs,PIT,8481668,13,-0.040677666664123535,-0.03133467584848404,70,-0.0431,-0.0383
Arturs Silovs,PIT,8481668,14,-0.041079480201005936,-0.03133467584848404,43,-0.0441,-0.0381
Arturs Silovs,PIT,8481668,15,-0.04148220270872116,-0.03133467584848404,57,-0.0441,-0.0389
Arturs Silovs,PIT,8481668,16,-0.04176013916730881,-0.03133467584848404,31,-0.0454,-0.0382
Arturs Silovs,PIT,8481668,17,-0.04197466000914574,-0.03133467584848404,68,-0.0444,-0.0396
Arturs Silovs,PIT,8481668,18,-0.042306285351514816,-0.03133467584848404,40,-0.0455,-0.0391
Arturs Silovs,PIT,8481668,19,-0.042769961059093475,-0.03133467584848404,24,-0.0469,-0.0387
Arturs Silovs,PIT,8481668,20,-0.043187499046325684,-0.03133467584848404,69,-0.0456,-0.0408
Arturs Silovs,PIT,8481668,21,-0.043686043471097946,-0.03133467584848404,56,-0.0464,-0.041
Arturs Silovs,PIT,8481668,22,-0.044560354202985764,-0.03133467584848404,22,-0.0489,-0.0403
Arturs Silovs,PIT,8481668,23,-0.04509665444493294,-0.03133467584848404,78,-0.0474,-0.0428
Arturs Silovs,PIT,8481668,24,-0.045653391629457474,-0.03133467584848404,32,-0.0492,-0.0422
Arturs Silovs,PIT,8481668,25,-0.045965783298015594,-0.03133467584848404,92,-0.0481,-0.0439
Arturs Silovs,PIT,8481668,26,-0.04614056274294853,-0.03133467584848404,43,-0.0491,-0.0431
Arturs Silovs,PIT,8481668,27,-0.04614999517798424,-0.03133467584848404,12,-0.0519,-0.0403
Arturs Silovs,PIT,8481668,28,-0.0460595041513443,-0.03133467584848404,24,-0.0502,-0.042
Arturs Silovs,PIT,8481668,29,-0.04595154896378517,-0.03133467584848404,70,-0.0484,-0.0436
Arturs Silovs,PIT,8481668,30,-0.04595312848687172,-0.03133467584848404,0,-0.066,-0.026
Arturs Silovs,PIT,8481668,31,-0.04595423489809036,-0.03133467584848404,0,-0.066,-0.026
Arturs Silovs,PIT,8481668,32,-0.04595170170068741,-0.03133467584848404,0,-0.066,-0.026
Arturs Silovs,PIT,8481668,33,-0.04594932124018669,-0.03133467584848404,0,-0.0659,-0.0259
Arturs Silovs,PIT,8481668,34,-0.04594484716653824,-0.03133467584848404,0,-0.0659,-0.0259
Arturs Silovs,PIT,8481668,35,-0.0459449402987957,-0.03133467584848404,0,-0.0659,-0.0259
Joel Hofer,STL,8480981,0,0.011982608586549759,0.011927002109587193,20,0.0075,0.0165
Joel Hofer,STL,8480981,1,0.012053154408931732,0.011927002109587193,0,-0.0079,0.0321
Joel Hofer,STL,8480981,2,0.012126084417104721,0.011927002109587193,47,0.0092,0.015
Joel Hofer,STL,8480981,3,0.012277670204639435,0.011927002109587193,34,0.0089,0.0157
Joel Hofer,STL,8480981,4,0.012340561486780643,0.011927002109587193,29,0.0086,0.016
Joel Hofer,STL,8480981,5,0.012799778953194618,0.011927002109587193,8,0.0057,0.0199
Joel Hofer,STL,8480981,6,0.013507337309420109,0.011927002109587193,70,0.0111,0.0159
Joel Hofer,STL,8480981,7,0.01430237852036953,0.011927002109587193,86,0.0121,0.0165
Joel Hofer,STL,8480981,8,0.014960355125367641,0.011927002109587193,44,0.012,0.018
Joel Hofer,STL,8480981,9,0.01570466160774231,0.011927002109587193,41,0.0126,0.0188
Joel Hofer,STL,8480981,10,0.0164729543030262,0.011927002109587193,60,0.0139,0.0191
Joel Hofer,STL,8480981,11,0.01721682772040367,0.011927002109587193,64,0.0147,0.0197
Joel Hofer,STL,8480981,12,0.0177463386207819,0.011927002109587193,85,0.0155,0.0199
Joel Hofer,STL,8480981,13,0.018419701606035233,0.011927002109587193,91,0.0163,0.0205
Joel Hofer,STL,8480981,14,0.019064797088503838,0.011927002109587193,38,0.0159,0.0223
Joel Hofer,STL,8480981,15,0.01956024020910263,0.011927002109587193,71,0.0172,0.022
Joel Hofer,STL,8480981,16,0.020276803523302078,0.011927002109587193,32,0.0168,0.0238
Joel Hofer,STL,8480981,17,0.021079132333397865,0.011927002109587193,95,0.019,0.0232
Joel Hofer,STL,8480981,18,0.021417321637272835,0.011927002109587193,62,0.0189,0.0239
Joel Hofer,STL,8480981,19,0.02178674191236496,0.011927002109587193,25,0.0178,0.0258
Joel Hofer,STL,8480981,20,0.022199703380465508,0.011927002109587193,45,0.0192,0.0252
Joel Hofer,STL,8480981,21,0.022836579009890556,0.011927002109587193,30,0.0191,0.0265
Joel Hofer,STL,8480981,22,0.02342318184673786,0.011927002109587193,95,0.0213,0.0255
Joel Hofer,STL,8480981,23,0.023761700838804245,0.011927002109587193,28,0.02,0.0276
Joel Hofer,STL,8480981,24,0.02403443492949009,0.011927002109587193,61,0.0214,0.0266
Joel Hofer,STL,8480981,25,0.024054551497101784,0.011927002109587193,106,0.0222,0.026
Joel Hofer,STL,8480981,26,0.024060755968093872,0.011927002109587193,88,0.022,0.0262
Joel Hofer,STL,8480981,27,0.024120625108480453,0.011927002109587193,73,0.0218,0.0264
Joel Hofer,STL,8480981,28,0.02411370724439621,0.011927002109587193,0,0.0041,0.0441
Joel Hofer,STL,8480981,29,0.024110019207000732,0.011927002109587193,0,0.0041,0.0441
Joel Hofer,STL,8480981,30,0.024106480181217194,0.011927002109587193,0,0.0041,0.0441
Joel Hofer,STL,8480981,31,0.024106213822960854,0.011927002109587193,0,0.0041,0.0441
Joel Hofer,STL,8480981,32,0.02410891465842724,0.011927002109587193,0,0.0041,0.0441
Joel Hofer,STL,8480981,33,0.02411062642931938,0.011927002109587193,0,0.0041,0.0441
Joel Hofer,STL,8480981,34,0.024115609005093575,0.011927002109587193,0,0.0041,0.0441
Joel Hofer,STL,8480981,35,0.024115175008773804,0.011927002109587193,0,0.0041,0.0441
Elvis Merzlikins,CBJ,8478007,0,0.0008572724764235318,0.0006329700700007379,0,-0.0191,0.0209
Elvis Merzlikins,CBJ,8478007,1,0.0009551576804369688,0.0006329700700007379,54,-0.0017,0.0037
Elvis Merzlikins,CBJ,8478007,2,0.0010573461186140776,0.0006329700700007379,28,-0.0027,0.0049
Elvis Merzlikins,CBJ,8478007,3,0.0012030007783323526,0.0006329700700007379,45,-0.0018,0.0042
Elvis Merzlikins,CBJ,8478007,4,0.0011268224334344268,0.0006329700700007379,52,-0.0017,0.0039
Elvis Merzlikins,CBJ,8478007,5,0.001030406216159463,0.0006329700700007379,57,-0.0016,0.0036
Elvis Merzlikins,CBJ,8478007,6,0.0008447592845186591,0.0006329700700007379,97,-0.0012,0.0028
Elvis Merzlikins,CBJ,8478007,7,0.0003318740054965019,0.0006329700700007379,35,-0.0031,0.0037
Elvis Merzlikins,CBJ,8478007,8,-8.909730240702629e-06,0.0006329700700007379,0,-0.02,0.02
Elvis Merzlikins,CBJ,8478007,9,-0.0003469943767413497,0.0006329700700007379,39,-0.0035,0.0029
Elvis Merzlikins,CBJ,8478007,10,-0.000500561436638236,0.0006329700700007379,36,-0.0038,0.0028
Elvis Merzlikins,CBJ,8478007,11,-0.0005043292767368257,0.0006329700700007379,101,-0.0025,0.0015
Elvis Merzlikins,CBJ,8478007,12,-0.0004526569973677397,0.0006329700700007379,7,-0.0081,0.0071
Elvis Merzlikins,CBJ,8478007,13,-0.0002332582080271095,0.0006329700700007379,43,-0.0032,0.0028
Elvis Merzlikins,CBJ,8478007,14,9.637445327825844e-05,0.0006329700700007379,0,-0.0199,0.0201
Elvis Merzlikins,CBJ,8478007,15,0.0004247604520060122,0.0006329700700007379,0,-0.0196,0.0204
Elvis Merzlikins,CBJ,8478007,16,0.0007436755113303661,0.0006329700700007379,39,-0.0025,0.0039
Elvis Merzlikins,CBJ,8478007,17,0.0011799705680459738,0.0006329700700007379,82,-0.001,0.0034
Elvis Merzlikins,CBJ,8478007,18,0.0012167507084086537,0.0006329700700007379,12,-0.0046,0.007
Elvis Merzlikins,CBJ,8478007,19,0.0014014828484505415,0.0006329700700007379,56,-0.0013,0.0041
Elvis Merzlikins,CBJ,8478007,20,0.0017670153174549341,0.0006329700700007379,28,-0.002,0.0056
Elvis Merzlikins,CBJ,8478007,21,0.0020061577670276165,0.0006329700700007379,36,-0.0013,0.0053
Elvis Merzlikins,CBJ,8478007,22,0.002219631103798747,0.0006329700700007379,37,-0.0011,0.0055
Elvis Merzlikins,CBJ,8478007,23,0.002257863525301218,0.0006329700700007379,26,-0.0016,0.0062
Elvis Merzlikins,CBJ,8478007,24,0.002247995464131236,0.0006329700700007379,47,-0.0007,0.0051
Elvis Merzlikins,CBJ,8478007,25,0.0021211844868957996,0.0006329700700007379,32,-0.0014,0.0056
Elvis Merzlikins,CBJ,8478007,26,0.0021113918628543615,0.0006329700700007379,0,-0.0179,0.0221
Elvis Merzlikins,CBJ,8478007,27,0.0021081918384879827,0.0006329700700007379,0,-0.0179,0.0221
Elvis Merzlikins,CBJ,8478007,28,0.002101728692650795,0.0006329700700007379,0,-0.0179,0.0221
Elvis Merzlikins,CBJ,8478007,29,0.0020973500795662403,0.0006329700700007379,0,-0.0179,0.0221
Elvis Merzlikins,CBJ,8478007,30,0.0020942729897797108,0.0006329700700007379,0,-0.0179,0.0221
Elvis Merzlikins,CBJ,8478007,31,0.0020938392262905836,0.0006329700700007379,0,-0.0179,0.0221
Elvis Merzlikins,CBJ,8478007,32,0.002096309559419751,0.0006329700700007379,0,-0.0179,0.0221
Elvis Merzlikins,CBJ,8478007,33,0.0020987982861697674,0.0006329700700007379,0,-0.0179,0.0221
Elvis Merzlikins,CBJ,8478007,34,0.0021024791058152914,0.0006329700700007379,0,-0.0179,0.0221
Elvis Merzlikins,CBJ,8478007,35,0.002103259786963463,0.0006329700700007379,0,-0.0179,0.0221
Zach Sawchenko,CBJ,8479313,0,-0.0005421740934252739,-0.00037781542050652206,0,-0.0205,0.0195
Zach Sawchenko,CBJ,8479313,1,-0.0006170573178678751,-0.00037781542050652206,9,-0.0073,0.0061
Zach Sawchenko,CBJ,8479313,2,-0.0006475357804447412,-0.00037781542050652206,0,-0.0206,0.0194
Zach Sawchenko,CBJ,8479313,3,-0.0006771082989871502,-0.00037781542050652206,0,-0.0207,0.0193
Zach Sawchenko,CBJ,8479313,4,-0.0007098907371982932,-0.00037781542050652206,0,-0.0207,0.0193
Zach Sawchenko,CBJ,8479313,5,-0.0007360819727182388,-0.00037781542050652206,0,-0.0207,0.0193
Zach Sawchenko,CBJ,8479313,6,-0.0007701955619268119,-0.00037781542050652206,0,-0.0208,0.0192
Zach Sawchenko,CBJ,8479313,7,-0.000808123906608671,-0.00037781542050652206,0,-0.0208,0.0192
Zach Sawchenko,CBJ,8479313,8,-0.0008463799022138119,-0.00037781542050652206,0,-0.0208,0.0192
Zach Sawchenko,CBJ,8479313,9,-0.0008817855268716812,-0.00037781542050652206,0,-0.0209,0.0191
Zach Sawchenko,CBJ,8479313,10,-0.0009134355932474136,-0.00037781542050652206,0,-0.0209,0.0191
Zach Sawchenko,CBJ,8479313,11,-0.0009523154003545642,-0.00037781542050652206,0,-0.021,0.019
Zach Sawchenko,CBJ,8479313,12,-0.0009784129215404391,-0.00037781542050652206,0,-0.021,0.019
Zach Sawchenko,CBJ,8479313,13,-0.0009969306411221623,-0.00037781542050652206,0,-0.021,0.019
Zach Sawchenko,CBJ,8479313,14,-0.0010062470100820065,-0.00037781542050652206,0,-0.021,0.019
Zach Sawchenko,CBJ,8479313,15,-0.0010162531398236752,-0.00037781542050652206,0,-0.021,0.019
Zach Sawchenko,CBJ,8479313,16,-0.0010362830944359303,-0.00037781542050652206,0,-0.021,0.019
Zach Sawchenko,CBJ,8479313,17,-0.0010638434905558825,-0.00037781542050652206,0,-0.0211,0.0189
Zach Sawchenko,CBJ,8479313,18,-0.001081392401829362,-0.00037781542050652206,0,-0.0211,0.0189
Zach Sawchenko,CBJ,8479313,19,-0.0010935713071376085,-0.00037781542050652206,0,-0.0211,0.0189
Zach Sawchenko,CBJ,8479313,20,-0.0011110110208392143,-0.00037781542050652206,0,-0.0211,0.0189
Zach Sawchenko,CBJ,8479313,21,-0.0011310642585158348,-0.00037781542050652206,0,-0.0211,0.0189
Zach Sawchenko,CBJ,8479313,22,-0.0011390313738957047,-0.00037781542050652206,0,-0.0211,0.0189
Zach Sawchenko,CBJ,8479313,23,-0.0011407204438000917,-0.00037781542050652206,0,-0.0211,0.0189
Zach Sawchenko,CBJ,8479313,24,-0.0011295381700620055,-0.00037781542050652206,0,-0.0211,0.0189
Zach Sawchenko,CBJ,8479313,25,-0.0011154559906572104,-0.00037781542050652206,0,-0.0211,0.0189
Zach Sawchenko,CBJ,8479313,26,-0.001125216600485146,-0.00037781542050652206,0,-0.0211,0.0189
Zach Sawchenko,CBJ,8479313,27,-0.001128374831750989,-0.00037781542050652206,0,-0.0211,0.0189
Zach Sawchenko,CBJ,8479313,28,-0.0011351930443197489,-0.00037781542050652206,0,-0.0211,0.0189
Zach Sawchenko,CBJ,8479313,29,-0.0011390142608433962,-0.00037781542050652206,0,-0.0211,0.0189
Zach Sawchenko,CBJ,8479313,30,-0.0011426170822232962,-0.00037781542050652206,0,-0.0211,0.0189
Zach Sawchenko,CBJ,8479313,31,-0.0011426585260778666,-0.00037781542050652206,0,-0.0211,0.0189
Zach Sawchenko,CBJ,8479313,32,-0.0011405434925109148,-0.00037781542050652206,0,-0.0211,0.0189
Zach Sawchenko,CBJ,8479313,33,-0.0011377281043678522,-0.00037781542050652206,0,-0.0211,0.0189
Zach Sawchenko,CBJ,8479313,34,-0.0011343739461153746,-0.00037781542050652206,0,-0.0211,0.0189
Zach Sawchenko,CBJ,8479313,35,-0.0011333953589200974,-0.00037781542050652206,0,-0.0211,0.0189
Logan Thompson,WSH,8480313,0,0.08702926337718964,0.08259700983762741,23,0.0828,0.0912
Logan Thompson,WSH,8480313,1,0.08908838033676147,0.08259700983762741,0,0.0691,0.1091
Logan Thompson,WSH,8480313,2,0.09114128351211548,0.08259700983762741,79,0.0888,0.0934
Logan Thompson,WSH,8480313,3,0.09285185486078262,0.08259700983762741,71,0.0905,0.0953
Logan Thompson,WSH,8480313,4,0.09439418464899063,0.08259700983762741,49,0.0915,0.0973
Logan Thompson,WSH,8480313,5,0.09578830003738403,0.08259700983762741,70,0.0934,0.0982
Logan Thompson,WSH,8480313,6,0.09693839401006699,0.08259700983762741,43,0.0939,0.0999
Logan Thompson,WSH,8480313,7,0.09795380383729935,0.08259700983762741,54,0.0953,0.1007
Logan Thompson,WSH,8480313,8,0.09882909059524536,0.08259700983762741,98,0.0968,0.1008
Logan Thompson,WSH,8480313,9,0.09957213699817657,0.08259700983762741,50,0.0968,0.1024
Logan Thompson,WSH,8480313,10,0.10042126476764679,0.08259700983762741,107,0.0985,0.1023
Logan Thompson,WSH,8480313,11,0.10087237507104874,0.08259700983762741,116,0.099,0.1028
Logan Thompson,WSH,8480313,12,0.10105188935995102,0.08259700983762741,89,0.099,0.1032
Logan Thompson,WSH,8480313,13,0.10125669836997986,0.08259700983762741,64,0.0988,0.1038
Logan Thompson,WSH,8480313,14,0.10138905793428421,0.08259700983762741,73,0.0991,0.1037
Logan Thompson,WSH,8480313,15,0.1017734557390213,0.08259700983762741,110,0.0999,0.1037
Logan Thompson,WSH,8480313,16,0.10225723683834076,0.08259700983762741,63,0.0998,0.1048
Logan Thompson,WSH,8480313,17,0.1026390865445137,0.08259700983762741,93,0.1005,0.1047
Logan Thompson,WSH,8480313,18,0.10301525145769119,0.08259700983762741,66,0.1005,0.1055
Logan Thompson,WSH,8480313,19,0.10346689820289612,0.08259700983762741,39,0.1003,0.1067
Logan Thompson,WSH,8480313,20,0.10408198088407516,0.08259700983762741,32,0.1006,0.1076
Logan Thompson,WSH,8480313,21,0.10462953895330429,0.08259700983762741,68,0.1022,0.107
Logan Thompson,WSH,8480313,22,0.1048569530248642,0.08259700983762741,61,0.1023,0.1075
Logan Thompson,WSH,8480313,23,0.10516802966594696,0.08259700983762741,115,0.1033,0.1071
Logan Thompson,WSH,8480313,24,0.10516396164894104,0.08259700983762741,120,0.1034,0.107
Logan Thompson,WSH,8480313,25,0.10494869202375412,0.08259700983762741,103,0.1029,0.1069
Logan Thompson,WSH,8480313,26,0.10521554946899414,0.08259700983762741,101,0.1032,0.1072
Logan Thompson,WSH,8480313,27,0.10519596189260483,0.08259700983762741,0,0.0852,0.1252
Logan Thompson,WSH,8480313,28,0.10520390421152115,0.08259700983762741,0,0.0852,0.1252
Logan Thompson,WSH,8480313,29,0.10519199818372726,0.08259700983762741,0,0.0852,0.1252
Logan Thompson,WSH,8480313,30,0.10519047826528549,0.08259700983762741,0,0.0852,0.1252
Logan Thompson,WSH,8480313,31,0.10519105195999146,0.08259700983762741,0,0.0852,0.1252
Logan Thompson,WSH,8480313,32,0.1051919162273407,0.08259700983762741,0,0.0852,0.1252
Logan Thompson,WSH,8480313,33,0.1051952987909317,0.08259700983762741,0,0.0852,0.1252
Logan Thompson,WSH,8480313,34,0.10519810020923615,0.08259700983762741,0,0.0852,0.1252
Logan Thompson,WSH,8480313,35,0.10520034283399582,0.08259700983762741,0,0.0852,0.1252
Petr Mrazek,ANA,8475852,0,-0.03420388326048851,-0.03351316601037979,0,-0.0542,-0.0142
Petr Mrazek,ANA,8475852,1,-0.034514427185058594,-0.03351316601037979,21,-0.0389,-0.0301
Petr Mrazek,ANA,8475852,2,-0.0348474346101284,-0.03351316601037979,0,-0.0548,-0.0148
Petr Mrazek,ANA,8475852,3,-0.03518373891711235,-0.03351316601037979,21,-0.0396,-0.0308
Petr Mrazek,ANA,8475852,4,-0.03538013994693756,-0.03351316601037979,0,-0.0554,-0.0154
Petr Mrazek,ANA,8475852,5,-0.035575274378061295,-0.03351316601037979,53,-0.0383,-0.0329
Petr Mrazek,ANA,8475852,6,-0.0358365960419178,-0.03351316601037979,0,-0.0558,-0.0158
Petr Mrazek,ANA,8475852,7,-0.036109808832407,-0.03351316601037979,45,-0.0391,-0.0331
Petr Mrazek,ANA,8475852,8,-0.03654323145747185,-0.03351316601037979,27,-0.0403,-0.0327
Petr Mrazek,ANA,8475852,9,-0.037048496305942535,-0.03351316601037979,32,-0.0405,-0.0335
Petr Mrazek,ANA,8475852,10,-0.037580136209726334,-0.03351316601037979,60,-0.0402,-0.035
Petr Mrazek,ANA,8475852,11,-0.03814912587404251,-0.03351316601037979,0,-0.0581,-0.0181
Petr Mrazek,ANA,8475852,12,-0.038701511919498444,-0.03351316601037979,0,-0.0587,-0.0187
Petr Mrazek,ANA,8475852,13,-0.03924619033932686,-0.03351316601037979,18,-0.0439,-0.0345
Petr Mrazek,ANA,8475852,14,-0.03962443396449089,-0.03351316601037979,0,-0.0596,-0.0196
Petr Mrazek,ANA,8475852,15,-0.040003299713134766,-0.03351316601037979,4,-0.05,-0.03
Petr Mrazek,ANA,8475852,16,-0.04032348841428757,-0.03351316601037979,29,-0.044,-0.0366
Petr Mrazek,ANA,8475852,17,-0.04035179689526558,-0.03351316601037979,0,-0.0604,-0.0204
Petr Mrazek,ANA,8475852,18,-0.040367864072322845,-0.03351316601037979,0,-0.0604,-0.0204
Petr Mrazek,ANA,8475852,19,-0.04038248583674431,-0.03351316601037979,0,-0.0604,-0.0204
Petr Mrazek,ANA,8475852,20,-0.04039781913161278,-0.03351316601037979,0,-0.0604,-0.0204
Petr Mrazek,ANA,8475852,21,-0.04041825979948044,-0.03351316601037979,0,-0.0604,-0.0204
Petr Mrazek,ANA,8475852,22,-0.04042751342058182,-0.03351316601037979,0,-0.0604,-0.0204
Petr Mrazek,ANA,8475852,23,-0.040427226573228836,-0.03351316601037979,0,-0.0604,-0.0204
Petr Mrazek,ANA,8475852,24,-0.04041800647974014,-0.03351316601037979,0,-0.0604,-0.0204
Petr Mrazek,ANA,8475852,25,-0.04040125012397766,-0.03351316601037979,0,-0.0604,-0.0204
Petr Mrazek,ANA,8475852,26,-0.04041503742337227,-0.03351316601037979,0,-0.0604,-0.0204
Petr Mrazek,ANA,8475852,27,-0.04041314870119095,-0.03351316601037979,0,-0.0604,-0.0204
Petr Mrazek,ANA,8475852,28,-0.040424644947052,-0.03351316601037979,0,-0.0604,-0.0204
Petr Mrazek,ANA,8475852,29,-0.04042581841349602,-0.03351316601037979,0,-0.0604,-0.0204
Petr Mrazek,ANA,8475852,30,-0.04043036699295044,-0.03351316601037979,0,-0.0604,-0.0204
Petr Mrazek,ANA,8475852,31,-0.04042912647128105,-0.03351316601037979,0,-0.0604,-0.0204
Petr Mrazek,ANA,8475852,32,-0.04042961448431015,-0.03351316601037979,0,-0.0604,-0.0204
Petr Mrazek,ANA,8475852,33,-0.04042354226112366,-0.03351316601037979,0,-0.0604,-0.0204
Petr Mrazek,ANA,8475852,34,-0.04042275622487068,-0.03351316601037979,0,-0.0604,-0.0204
Petr Mrazek,ANA,8475852,35,-0.04042050614953041,-0.03351316601037979,0,-0.0604,-0.0204
Ville Husso,ANA,8478024,0,-0.012164541520178318,-0.010957651771605015,0,-0.0322,0.0078
Ville Husso,ANA,8478024,1,-0.012702167965471745,-0.010957651771605015,0,-0.0327,0.0073
Ville Husso,ANA,8478024,2,-0.013241547159850597,-0.010957651771605015,25,-0.0172,-0.0092
Ville Husso,ANA,8478024,3,-0.013815111480653286,-0.010957651771605015,0,-0.0338,0.0062
Ville Husso,ANA,8478024,4,-0.014392665587365627,-0.010957651771605015,0,-0.0344,0.0056
Ville Husso,ANA,8478024,5,-0.014965393580496311,-0.010957651771605015,0,-0.035,0.005
Ville Husso,ANA,8478024,6,-0.015541160479187965,-0.010957651771605015,0,-0.0355,0.0045
Ville Husso,ANA,8478024,7,-0.01612633280456066,-0.010957651771605015,0,-0.0361,0.0039
Ville Husso,ANA,8478024,8,-0.016708403825759888,-0.010957651771605015,0,-0.0367,0.0033
Ville Husso,ANA,8478024,9,-0.017288217321038246,-0.010957651771605015,0,-0.0373,0.0027
Ville Husso,ANA,8478024,10,-0.017866086214780807,-0.010957651771605015,38,-0.0211,-0.0147
Ville Husso,ANA,8478024,11,-0.01824072003364563,-0.010957651771605015,108,-0.0201,-0.0163
Ville Husso,ANA,8478024,12,-0.018496328964829445,-0.010957651771605015,100,-0.0205,-0.0165
Ville Husso,ANA,8478024,13,-0.018960582092404366,-0.010957651771605015,31,-0.0226,-0.0154
Ville Husso,ANA,8478024,14,-0.019310051575303078,-0.010957651771605015,0,-0.0393,0.0007
Ville Husso,ANA,8478024,15,-0.01965768076479435,-0.010957651771605015,0,-0.0397,0.0003
Ville Husso,ANA,8478024,16,-0.020016523078083992,-0.010957651771605015,45,-0.023,-0.017
Ville Husso,ANA,8478024,17,-0.02031669020652771,-0.010957651771605015,22,-0.0246,-0.016
Ville Husso,ANA,8478024,18,-0.020726798102259636,-0.010957651771605015,0,-0.0407,-0.0007
Ville Husso,ANA,8478024,19,-0.021134020760655403,-0.010957651771605015,28,-0.0249,-0.0173
Ville Husso,ANA,8478024,20,-0.021356962621212006,-0.010957651771605015,0,-0.0414,-0.0014
Ville Husso,ANA,8478024,21,-0.021585803478956223,-0.010957651771605015,0,-0.0416,-0.0016
Ville Husso,ANA,8478024,22,-0.021800275892019272,-0.010957651771605015,35,-0.0252,-0.0184
Ville Husso,ANA,8478024,23,-0.022158777341246605,-0.010957651771605015,46,-0.0251,-0.0193
Ville Husso,ANA,8478024,24,-0.02228865772485733,-0.010957651771605015,37,-0.0256,-0.019
Ville Husso,ANA,8478024,25,-0.022452211007475853,-0.010957651771605015,64,-0.025,-0.02
Ville Husso,ANA,8478024,26,-0.022434229031205177,-0.010957651771605015,0,-0.0424,-0.0024
Ville Husso,ANA,8478024,27,-0.02240799181163311,-0.010957651771605015,22,-0.0267,-0.0181
Ville Husso,ANA,8478024,28,-0.022321317344903946,-0.010957651771605015,0,-0.0423,-0.0023
Ville Husso,ANA,8478024,29,-0.022233452647924423,-0.010957651771605015,13,-0.0277,-0.0167
Ville Husso,ANA,8478024,30,-0.022228194400668144,-0.010957651771605015,25,-0.0262,-0.0182
Ville Husso,ANA,8478024,31,-0.022230422124266624,-0.010957651771605015,0,-0.0422,-0.0022
Ville Husso,ANA,8478024,32,-0.022226547822356224,-0.010957651771605015,0,-0.0422,-0.0022
Ville Husso,ANA,8478024,33,-0.022225337103009224,-0.010957651771605015,0,-0.0422,-0.0022
Ville Husso,ANA,8478024,34,-0.02222001925110817,-0.010957651771605015,0,-0.0422,-0.0022
Ville Husso,ANA,8478024,35,-0.022220786660909653,-0.010957651771605015,0,-0.0422,-0.0022
Sebastian Cossa,DET,8482657,0,-0.004937926772981882,-0.0046431221999228,0,-0.0249,0.0151
Sebastian Cossa,DET,8482657,1,-0.005069381557404995,-0.0046431221999228,50,-0.0079,-0.0023
Sebastian Cossa,DET,8482657,2,-0.00510123185813427,-0.0046431221999228,0,-0.0251,0.0149
Sebastian Cossa,DET,8482657,3,-0.005129526369273663,-0.0046431221999228,0,-0.0251,0.0149
Sebastian Cossa,DET,8482657,4,-0.005163606721907854,-0.0046431221999228,0,-0.0252,0.0148
Sebastian Cossa,DET,8482657,5,-0.005188835319131613,-0.0046431221999228,0,-0.0252,0.0148
Sebastian Cossa,DET,8482657,6,-0.005224042572081089,-0.0046431221999228,0,-0.0252,0.0148
Sebastian Cossa,DET,8482657,7,-0.005260910373181105,-0.0046431221999228,0,-0.0253,0.0147
Sebastian Cossa,DET,8482657,8,-0.00530037097632885,-0.0046431221999228,0,-0.0253,0.0147
Sebastian Cossa,DET,8482657,9,-0.005334973335266113,-0.0046431221999228,0,-0.0253,0.0147
Sebastian Cossa,DET,8482657,10,-0.005367164500057697,-0.0046431221999228,0,-0.0254,0.0146
Sebastian Cossa,DET,8482657,11,-0.005405853968113661,-0.0046431221999228,0,-0.0254,0.0146
Sebastian Cossa,DET,8482657,12,-0.005432178732007742,-0.0046431221999228,0,-0.0254,0.0146
Sebastian Cossa,DET,8482657,13,-0.005450596567243338,-0.0046431221999228,0,-0.0255,0.0145
Sebastian Cossa,DET,8482657,14,-0.0054601035080850124,-0.0046431221999228,0,-0.0255,0.0145
Sebastian Cossa,DET,8482657,15,-0.005470015574246645,-0.0046431221999228,0,-0.0255,0.0145
Sebastian Cossa,DET,8482657,16,-0.005490310490131378,-0.0046431221999228,0,-0.0255,0.0145
Sebastian Cossa,DET,8482657,17,-0.005517629906535149,-0.0046431221999228,0,-0.0255,0.0145
Sebastian Cossa,DET,8482657,18,-0.005535475444048643,-0.0046431221999228,0,-0.0255,0.0145
Sebastian Cossa,DET,8482657,19,-0.005547471344470978,-0.0046431221999228,0,-0.0255,0.0145
Sebastian Cossa,DET,8482657,20,-0.005565202794969082,-0.0046431221999228,0,-0.0256,0.0144
Sebastian Cossa,DET,8482657,21,-0.005585230886936188,-0.0046431221999228,0,-0.0256,0.0144
Sebastian Cossa,DET,8482657,22,-0.005592814180999994,-0.0046431221999228,0,-0.0256,0.0144
Sebastian Cossa,DET,8482657,23,-0.005595415364950895,-0.0046431221999228,0,-0.0256,0.0144
Sebastian Cossa,DET,8482657,24,-0.005583173595368862,-0.0046431221999228,0,-0.0256,0.0144
Sebastian Cossa,DET,8482657,25,-0.005570182576775551,-0.0046431221999228,0,-0.0256,0.0144
Sebastian Cossa,DET,8482657,26,-0.005578972399234772,-0.0046431221999228,0,-0.0256,0.0144
Sebastian Cossa,DET,8482657,27,-0.0055830227211117744,-0.0046431221999228,0,-0.0256,0.0144
Sebastian Cossa,DET,8482657,28,-0.005589389242231846,-0.0046431221999228,0,-0.0256,0.0144
Sebastian Cossa,DET,8482657,29,-0.0055931443348526955,-0.0046431221999228,0,-0.0256,0.0144
Sebastian Cossa,DET,8482657,30,-0.0055972072295844555,-0.0046431221999228,0,-0.0256,0.0144
Sebastian Cossa,DET,8482657,31,-0.005596568807959557,-0.0046431221999228,0,-0.0256,0.0144
Sebastian Cossa,DET,8482657,32,-0.005595222115516663,-0.0046431221999228,0,-0.0256,0.0144
Sebastian Cossa,DET,8482657,33,-0.005591841880232096,-0.0046431221999228,0,-0.0256,0.0144
Sebastian Cossa,DET,8482657,34,-0.005589005071669817,-0.0046431221999228,0,-0.0256,0.0144
Sebastian Cossa,DET,8482657,35,-0.005587683524936438,-0.0046431221999228,0,-0.0256,0.0144
8483611,,8483611,0,-0.0022190522868186235,-0.00215640920214355,0,-0.0222,0.0178
8483611,,8483611,1,-0.0022489794064313173,-0.00215640920214355,0,-0.0222,0.0178
8483611,,8483611,2,-0.0022792043164372444,-0.00215640920214355,0,-0.0223,0.0177
8483611,,8483611,3,-0.002309099305421114,-0.00215640920214355,0,-0.0223,0.0177
8483611,,8483611,4,-0.002341720275580883,-0.00215640920214355,0,-0.0223,0.0177
8483611,,8483611,5,-0.0023681935854256153,-0.00215640920214355,0,-0.0224,0.0176
8483611,,8483611,6,-0.002402215264737606,-0.00215640920214355,0,-0.0224,0.0176
8483611,,8483611,7,-0.002440202049911022,-0.00215640920214355,0,-0.0224,0.0176
8483611,,8483611,8,-0.0024786668363958597,-0.00215640920214355,0,-0.0225,0.0175
8483611,,8483611,9,-0.0025138233322650194,-0.00215640920214355,0,-0.0225,0.0175
8483611,,8483611,10,-0.002545939991250634,-0.00215640920214355,0,-0.0225,0.0175
8483611,,8483611,11,-0.0025844520423561335,-0.00215640920214355,0,-0.0226,0.0174
8483611,,8483611,12,-0.002610913012176752,-0.00215640920214355,0,-0.0226,0.0174
8483611,,8483611,13,-0.002629299880936742,-0.00215640920214355,0,-0.0226,0.0174
8483611,,8483611,14,-0.0026386301033198833,-0.00215640920214355,0,-0.0226,0.0174
8483611,,8483611,15,-0.002648972673341632,-0.00215640920214355,0,-0.0226,0.0174
8483611,,8483611,16,-0.0026685046032071114,-0.00215640920214355,0,-0.0227,0.0173
8483611,,8483611,17,-0.002696758834645152,-0.00215640920214355,0,-0.0227,0.0173
8483611,,8483611,18,-0.002713758498430252,-0.00215640920214355,0,-0.0227,0.0173
8483611,,8483611,19,-0.0027264179661870003,-0.00215640920214355,0,-0.0227,0.0173
8483611,,8483611,20,-0.0027435345109552145,-0.00215640920214355,0,-0.0227,0.0173
8483611,,8483611,21,-0.002763849450275302,-0.00215640920214355,0,-0.0228,0.0172
8483611,,8483611,22,-0.0027717824559658766,-0.00215640920214355,0,-0.0228,0.0172
8483611,,8483611,23,-0.0027734776958823204,-0.00215640920214355,0,-0.0228,0.0172
8483611,,8483611,24,-0.002762299496680498,-0.00215640920214355,0,-0.0228,0.0172
8483611,,8483611,25,-0.0027483394369482994,-0.00215640920214355,0,-0.0227,0.0173
8483611,,8483611,26,-0.0027579425368458033,-0.00215640920214355,0,-0.0228,0.0172
8483611,,8483611,27,-0.0027613183483481407,-0.00215640920214355,0,-0.0228,0.0172
8483611,,8483611,28,-0.0027679535560309887,-0.00215640920214355,0,-0.0228,0.0172
8483611,,8483611,29,-0.0027720401994884014,-0.00215640920214355,0,-0.0228,0.0172
8483611,,8483611,30,-0.002775409258902073,-0.00215640920214355,0,-0.0228,0.0172
8483611,,8483611,31,-0.0027755650226026773,-0.00215640920214355,0,-0.0228,0.0172
8483611,,8483611,32,-0.002773504937067628,-0.00215640920214355,0,-0.0228,0.0172
8483611,,8483611,33,-0.002770543098449707,-0.00215640920214355,0,-0.0228,0.0172
8483611,,8483611,34,-0.0027673912700265646,-0.00215640920214355,0,-0.0228,0.0172
8483611,,8483611,35,-0.002766361692920327,-0.00215640920214355,0,-0.0228,0.0172
Stuart Skinner,PIT,8479973,0,0.00983598455786705,0.009185037575662136,0,-0.0102,0.0298
Stuart Skinner,PIT,8479973,1,0.010121060535311699,0.009185037575662136,58,0.0075,0.0127
Stuart Skinner,PIT,8479973,2,0.01043152716010809,0.009185037575662136,0,-0.0096,0.0304
Stuart Skinner,PIT,8479973,3,0.010736202821135521,0.009185037575662136,25,0.0067,0.0147
Stuart Skinner,PIT,8479973,4,0.011141547001898289,0.009185037575662136,108,0.0092,0.013
Stuart Skinner,PIT,8479973,5,0.011306061409413815,0.009185037575662136,56,0.0086,0.014
Stuart Skinner,PIT,8479973,6,0.011554279364645481,0.009185037575662136,116,0.0097,0.0135
Stuart Skinner,PIT,8479973,7,0.011806873604655266,0.009185037575662136,44,0.0088,0.0148
Stuart Skinner,PIT,8479973,8,0.012259019538760185,0.009185037575662136,113,0.0104,0.0142
Stuart Skinner,PIT,8479973,9,0.012715568765997887,0.009185037575662136,130,0.0109,0.0145
Stuart Skinner,PIT,8479973,10,0.013243925757706165,0.009185037575662136,34,0.0098,0.0166
Stuart Skinner,PIT,8479973,11,0.013847380876541138,0.009185037575662136,59,0.0112,0.0164
Stuart Skinner,PIT,8479973,12,0.014402857050299644,0.009185037575662136,62,0.0119,0.0169
Stuart Skinner,PIT,8479973,13,0.014892419800162315,0.009185037575662136,57,0.0123,0.0175
Stuart Skinner,PIT,8479973,14,0.015392721630632877,0.009185037575662136,41,0.0123,0.0185
Stuart Skinner,PIT,8479973,15,0.01598644070327282,0.009185037575662136,65,0.0135,0.0185
Stuart Skinner,PIT,8479973,16,0.016475791111588478,0.009185037575662136,60,0.0139,0.0191
Stuart Skinner,PIT,8479973,17,0.016660870984196663,0.009185037575662136,44,0.0137,0.0197
Stuart Skinner,PIT,8479973,18,0.016869017854332924,0.009185037575662136,105,0.0149,0.0189
Stuart Skinner,PIT,8479973,19,0.01698257401585579,0.009185037575662136,23,0.0128,0.0212
Stuart Skinner,PIT,8479973,20,0.017170105129480362,0.009185037575662136,30,0.0135,0.0209
Stuart Skinner,PIT,8479973,21,0.017561379820108414,0.009185037575662136,45,0.0146,0.0206
Stuart Skinner,PIT,8479973,22,0.01777517795562744,0.009185037575662136,72,0.0154,0.0202
Stuart Skinner,PIT,8479973,23,0.01783479005098343,0.009185037575662136,93,0.0157,0.0199
Stuart Skinner,PIT,8479973,24,0.017842264845967293,0.009185037575662136,67,0.0154,0.0202
Stuart Skinner,PIT,8479973,25,0.01775353215634823,0.009185037575662136,79,0.0155,0.0201
Stuart Skinner,PIT,8479973,26,0.01753956265747547,0.009185037575662136,66,0.015,0.02
Stuart Skinner,PIT,8479973,27,0.01725240796804428,0.009185037575662136,55,0.0146,0.02
Stuart Skinner,PIT,8479973,28,0.017180267721414566,0.009185037575662136,47,0.0143,0.0201
Stuart Skinner,PIT,8479973,29,0.017177188768982887,0.009185037575662136,0,-0.0028,0.0372
Stuart Skinner,PIT,8479973,30,0.01717231050133705,0.009185037575662136,0,-0.0028,0.0372
Stuart Skinner,PIT,8479973,31,0.01717355288565159,0.009185037575662136,0,-0.0028,0.0372
Stuart Skinner,PIT,8479973,32,0.017175080254673958,0.009185037575662136,0,-0.0028,0.0372
Stuart Skinner,PIT,8479973,33,0.017177967354655266,0.009185037575662136,0,-0.0028,0.0372
Stuart Skinner,PIT,8479973,34,0.01718110591173172,0.009185037575662136,0,-0.0028,0.0372
Stuart Skinner,PIT,8479973,35,0.01718251407146454,0.009185037575662136,0,-0.0028,0.0372
Filip Gustavsson,MIN,8479406,0,0.021652542054653168,0.022152137011289597,0,0.0017,0.0417
Filip Gustavsson,MIN,8479406,1,0.02142622321844101,0.022152137011289597,24,0.0173,0.0255
Filip Gustavsson,MIN,8479406,2,0.02124648354947567,0.022152137011289597,26,0.0173,0.0251
Filip Gustavsson,MIN,8479406,3,0.021121403202414513,0.022152137011289597,64,0.0186,0.0236
Filip Gustavsson,MIN,8479406,4,0.021128356456756592,0.022152137011289597,68,0.0187,0.0235
Filip Gustavsson,MIN,8479406,5,0.02122086100280285,0.022152137011289597,127,0.0194,0.023
Filip Gustavsson,MIN,8479406,6,0.021207183599472046,0.022152137011289597,112,0.0193,0.0231
Filip Gustavsson,MIN,8479406,7,0.021408816799521446,0.022152137011289597,86,0.0192,0.0236
Filip Gustavsson,MIN,8479406,8,0.02158447913825512,0.022152137011289597,58,0.019,0.0242
Filip Gustavsson,MIN,8479406,9,0.02137773483991623,0.022152137011289597,33,0.0179,0.0249
Filip Gustavsson,MIN,8479406,10,0.021016022190451622,0.022152137011289597,88,0.0189,0.0231
Filip Gustavsson,MIN,8479406,11,0.02057817205786705,0.022152137011289597,40,0.0174,0.0238
Filip Gustavsson,MIN,8479406,12,0.02018859051167965,0.022152137011289597,108,0.0183,0.0221
Filip Gustavsson,MIN,8479406,13,0.019506793469190598,0.022152137011289597,70,0.0171,0.0219
Filip Gustavsson,MIN,8479406,14,0.018529649823904037,0.022152137011289597,25,0.0145,0.0225
Filip Gustavsson,MIN,8479406,15,0.01752304844558239,0.022152137011289597,66,0.015,0.02
Filip Gustavsson,MIN,8479406,16,0.016511786729097366,0.022152137011289597,79,0.0142,0.0188
Filip Gustavsson,MIN,8479406,17,0.015599744394421577,0.022152137011289597,44,0.0126,0.0186
Filip Gustavsson,MIN,8479406,18,0.014696839265525341,0.022152137011289597,110,0.0128,0.0166
Filip Gustavsson,MIN,8479406,19,0.01373988576233387,0.022152137011289597,36,0.0104,0.017
Filip Gustavsson,MIN,8479406,20,0.012653248384594917,0.022152137011289597,68,0.0103,0.0151
Filip Gustavsson,MIN,8479406,21,0.011771824210882187,0.022152137011289597,51,0.009,0.0146
Filip Gustavsson,MIN,8479406,22,0.010759939439594746,0.022152137011289597,51,0.008,0.0136
Filip Gustavsson,MIN,8479406,23,0.00977497361600399,0.022152137011289597,64,0.0073,0.0123
Filip Gustavsson,MIN,8479406,24,0.008747321553528309,0.022152137011289597,87,0.0066,0.0108
Filip Gustavsson,MIN,8479406,25,0.007948732003569603,0.022152137011289597,71,0.0055,0.0103
Filip Gustavsson,MIN,8479406,26,0.007239700295031071,0.022152137011289597,29,0.0035,0.0109
Filip Gustavsson,MIN,8479406,27,0.006845951545983553,0.022152137011289597,24,0.0027,0.0109
Filip Gustavsson,MIN,8479406,28,0.006744557060301304,0.022152137011289597,0,-0.0133,0.0267
Filip Gustavsson,MIN,8479406,29,0.006645348388701677,0.022152137011289597,0,-0.0134,0.0266
Filip Gustavsson,MIN,8479406,30,0.006546719465404749,0.022152137011289597,20,0.002,0.011
Filip Gustavsson,MIN,8479406,31,0.006546443328261375,0.022152137011289597,0,-0.0135,0.0265
Filip Gustavsson,MIN,8479406,32,0.006548725068569183,0.022152137011289597,0,-0.0135,0.0265
Filip Gustavsson,MIN,8479406,33,0.0065518636256456375,0.022152137011289597,0,-0.0134,0.0266
Filip Gustavsson,MIN,8479406,34,0.006554329302161932,0.022152137011289597,0,-0.0134,0.0266
Filip Gustavsson,MIN,8479406,35,0.006556239910423756,0.022152137011289597,0,-0.0134,0.0266
Jake Oettinger,DAL,8479979,0,0.027029454708099365,0.025733182206749916,0,0.007,0.047
Jake Oettinger,DAL,8479979,1,0.02760128863155842,0.025733182206749916,25,0.0236,0.0316
Jake Oettinger,DAL,8479979,2,0.028120147064328194,0.025733182206749916,25,0.0241,0.0321
Jake Oettinger,DAL,8479979,3,0.028566885739564896,0.025733182206749916,62,0.0261,0.0311
Jake Oettinger,DAL,8479979,4,0.029088180512189865,0.025733182206749916,67,0.0267,0.0315
Jake Oettinger,DAL,8479979,5,0.029442738741636276,0.025733182206749916,107,0.0275,0.0313
Jake Oettinger,DAL,8479979,6,0.02980152890086174,0.025733182206749916,81,0.0276,0.032
Jake Oettinger,DAL,8479979,7,0.029628509655594826,0.025733182206749916,48,0.0267,0.0325
Jake Oettinger,DAL,8479979,8,0.02977554127573967,0.025733182206749916,67,0.0274,0.0322
Jake Oettinger,DAL,8479979,9,0.029820777475833893,0.025733182206749916,60,0.0272,0.0324
Jake Oettinger,DAL,8479979,10,0.02981453388929367,0.025733182206749916,67,0.0274,0.0322
Jake Oettinger,DAL,8479979,11,0.029898131266236305,0.025733182206749916,102,0.0279,0.0319
Jake Oettinger,DAL,8479979,12,0.029658298939466476,0.025733182206749916,67,0.0273,0.0321
Jake Oettinger,DAL,8479979,13,0.02947632409632206,0.025733182206749916,70,0.0271,0.0319
Jake Oettinger,DAL,8479979,14,0.029241932556033134,0.025733182206749916,34,0.0258,0.0326
Jake Oettinger,DAL,8479979,15,0.029078282415866852,0.025733182206749916,55,0.0264,0.0318
Jake Oettinger,DAL,8479979,16,0.029056215658783913,0.025733182206749916,25,0.0251,0.0331
Jake Oettinger,DAL,8479979,17,0.029168235138058662,0.025733182206749916,104,0.0272,0.0312
Jake Oettinger,DAL,8479979,18,0.029165534302592278,0.025733182206749916,48,0.0263,0.0321
Jake Oettinger,DAL,8479979,19,0.029044169932603836,0.025733182206749916,67,0.0266,0.0314
Jake Oettinger,DAL,8479979,20,0.02900538593530655,0.025733182206749916,47,0.0261,0.0319
Jake Oettinger,DAL,8479979,21,0.029057269915938377,0.025733182206749916,27,0.0253,0.0329
Jake Oettinger,DAL,8479979,22,0.029085690155625343,0.025733182206749916,92,0.027,0.0312
Jake Oettinger,DAL,8479979,23,0.029105499386787415,0.025733182206749916,82,0.0269,0.0313
Jake Oettinger,DAL,8479979,24,0.028757570311427116,0.025733182206749916,61,0.0262,0.0314
Jake Oettinger,DAL,8479979,25,0.028748618438839912,0.025733182206749916,51,0.0259,0.0315
Jake Oettinger,DAL,8479979,26,0.028637588024139404,0.025733182206749916,93,0.0265,0.0307
Jake Oettinger,DAL,8479979,27,0.02820652350783348,0.025733182206749916,59,0.0256,0.0308
Jake Oettinger,DAL,8479979,28,0.027975400909781456,0.025733182206749916,117,0.0262,0.0298
Jake Oettinger,DAL,8479979,29,0.02776113525032997,0.025733182206749916,52,0.025,0.0306
Jake Oettinger,DAL,8479979,30,0.02775740996003151,0.025733182206749916,0,0.0078,0.0478
Jake Oettinger,DAL,8479979,31,0.027758317068219185,0.025733182206749916,0,0.0078,0.0478
Jake Oettinger,DAL,8479979,32,0.02775884047150612,0.025733182206749916,0,0.0078,0.0478
Jake Oettinger,DAL,8479979,33,0.027763403952121735,0.025733182206749916,0,0.0078,0.0478
Jake Oettinger,DAL,8479979,34,0.027765369042754173,0.025733182206749916,0,0.0078,0.0478
Jake Oettinger,DAL,8479979,35,0.027767112478613853,0.025733182206749916,0,0.0078,0.0478
Darcy Kuemper,LAK,8475311,0,0.037146635353565216,0.03728586435317993,0,0.0171,0.0571
Darcy Kuemper,LAK,8475311,1,0.037079036235809326,0.03728586435317993,20,0.0326,0.0416
Darcy Kuemper,LAK,8475311,2,0.03693830966949463,0.03728586435317993,31,0.0333,0.0405
Darcy Kuemper,LAK,8475311,3,0.03686188906431198,0.03728586435317993,54,0.0342,0.0396
Darcy Kuemper,LAK,8475311,4,0.037022847682237625,0.03728586435317993,23,0.0328,0.0412
Darcy Kuemper,LAK,8475311,5,0.03708448261022568,0.03728586435317993,82,0.0349,0.0393
Darcy Kuemper,LAK,8475311,6,0.0369010828435421,0.03728586435317993,93,0.0348,0.039
Darcy Kuemper,LAK,8475311,7,0.03676813095808029,0.03728586435317993,61,0.0342,0.0394
Darcy Kuemper,LAK,8475311,8,0.03643304482102394,0.03728586435317993,55,0.0337,0.0391
Darcy Kuemper,LAK,8475311,9,0.03615843504667282,0.03728586435317993,72,0.0338,0.0386
Darcy Kuemper,LAK,8475311,10,0.03584606572985649,0.03728586435317993,78,0.0335,0.0381
Darcy Kuemper,LAK,8475311,11,0.0353543721139431,0.03728586435317993,100,0.0334,0.0374
Darcy Kuemper,LAK,8475311,12,0.03455715253949165,0.03728586435317993,65,0.0321,0.0371
Darcy Kuemper,LAK,8475311,13,0.03357803449034691,0.03728586435317993,9,0.0269,0.0403
Darcy Kuemper,LAK,8475311,14,0.03256498649716377,0.03728586435317993,0,0.0126,0.0526
Darcy Kuemper,LAK,8475311,15,0.03154311701655388,0.03728586435317993,72,0.0291,0.0339
Darcy Kuemper,LAK,8475311,16,0.030650651082396507,0.03728586435317993,80,0.0285,0.0329
Darcy Kuemper,LAK,8475311,17,0.029857173562049866,0.03728586435317993,94,0.0278,0.032
Darcy Kuemper,LAK,8475311,18,0.029073501005768776,0.03728586435317993,47,0.0262,0.032
Darcy Kuemper,LAK,8475311,19,0.02840903215110302,0.03728586435317993,68,0.026,0.0308
Darcy Kuemper,LAK,8475311,20,0.027629945427179337,0.03728586435317993,22,0.0233,0.0319
Darcy Kuemper,LAK,8475311,21,0.026918090879917145,0.03728586435317993,19,0.0223,0.0315
Darcy Kuemper,LAK,8475311,22,0.026523442938923836,0.03728586435317993,39,0.0233,0.0297
Darcy Kuemper,LAK,8475311,23,0.026124900206923485,0.03728586435317993,104,0.0241,0.0281
Darcy Kuemper,LAK,8475311,24,0.025768524035811424,0.03728586435317993,76,0.0235,0.0281
Darcy Kuemper,LAK,8475311,25,0.025331541895866394,0.03728586435317993,67,0.0229,0.0277
Darcy Kuemper,LAK,8475311,26,0.025181930512189865,0.03728586435317993,0,0.0052,0.0452
Darcy Kuemper,LAK,8475311,27,0.025042381137609482,0.03728586435317993,27,0.0212,0.0288
Darcy Kuemper,LAK,8475311,28,0.025035155937075615,0.03728586435317993,0,0.005,0.045
Darcy Kuemper,LAK,8475311,29,0.025031136348843575,0.03728586435317993,0,0.005,0.045
Darcy Kuemper,LAK,8475311,30,0.025027431547641754,0.03728586435317993,0,0.005,0.045
Darcy Kuemper,LAK,8475311,31,0.025028171017766,0.03728586435317993,0,0.005,0.045
Darcy Kuemper,LAK,8475311,32,0.025029532611370087,0.03728586435317993,0,0.005,0.045
Darcy Kuemper,LAK,8475311,33,0.025032587349414825,0.03728586435317993,0,0.005,0.045
Darcy Kuemper,LAK,8475311,34,0.02503572590649128,0.03728586435317993,0,0.005,0.045
Darcy Kuemper,LAK,8475311,35,0.025037134066224098,0.03728586435317993,0,0.005,0.045
8478492,,8478492,0,-0.0008461657562293112,-0.0007836747681722045,0,-0.0208,0.0192
8478492,,8478492,1,-0.0008758093463256955,-0.0007836747681722045,0,-0.0209,0.0191
8478492,,8478492,2,-0.0009062648750841618,-0.0007836747681722045,0,-0.0209,0.0191
8478492,,8478492,3,-0.0009357280796393752,-0.0007836747681722045,0,-0.0209,0.0191
8478492,,8478492,4,-0.0009685020195320249,-0.0007836747681722045,0,-0.021,0.019
8478492,,8478492,5,-0.000994659960269928,-0.0007836747681722045,0,-0.021,0.019
8478492,,8478492,6,-0.0010286736069247127,-0.0007836747681722045,0,-0.021,0.019
8478492,,8478492,7,-0.001066618598997593,-0.0007836747681722045,0,-0.0211,0.0189
8478492,,8478492,8,-0.001104793162085116,-0.0007836747681722045,0,-0.0211,0.0189
8478492,,8478492,9,-0.0011401711963117123,-0.0007836747681722045,0,-0.0211,0.0189
8478492,,8478492,10,-0.0011717426823452115,-0.0007836747681722045,0,-0.0212,0.0188
8478492,,8478492,11,-0.001210707938298583,-0.0007836747681722045,0,-0.0212,0.0188
8478492,,8478492,12,-0.0012365782167762518,-0.0007836747681722045,0,-0.0212,0.0188
8478492,,8478492,13,-0.0012552420375868678,-0.0007836747681722045,0,-0.0213,0.0187
8478492,,8478492,14,-0.0012643601512536407,-0.0007836747681722045,0,-0.0213,0.0187
8478492,,8478492,15,-0.0012744995765388012,-0.0007836747681722045,0,-0.0213,0.0187
8478492,,8478492,16,-0.001294334651902318,-0.0007836747681722045,0,-0.0213,0.0187
8478492,,8478492,17,-0.0013220105320215225,-0.0007836747681722045,0,-0.0213,0.0187
8478492,,8478492,18,-0.0013394358102232218,-0.0007836747681722045,0,-0.0213,0.0187
8478492,,8478492,19,-0.0013516235630959272,-0.0007836747681722045,0,-0.0214,0.0186
8478492,,8478492,20,-0.0013690213672816753,-0.0007836747681722045,0,-0.0214,0.0186
8478492,,8478492,21,-0.0013890813570469618,-0.0007836747681722045,0,-0.0214,0.0186
8478492,,8478492,22,-0.0013969731517136097,-0.0007836747681722045,0,-0.0214,0.0186
8478492,,8478492,23,-0.0013987300917506218,-0.0007836747681722045,0,-0.0214,0.0186
8478492,,8478492,24,-0.001387433847412467,-0.0007836747681722045,0,-0.0214,0.0186
8478492,,8478492,25,-0.00137337576597929,-0.0007836747681722045,0,-0.0214,0.0186
8478492,,8478492,26,-0.0013831513933837414,-0.0007836747681722045,0,-0.0214,0.0186
8478492,,8478492,27,-0.0013862166088074446,-0.0007836747681722045,0,-0.0214,0.0186
8478492,,8478492,28,-0.0013931004796177149,-0.0007836747681722045,0,-0.0214,0.0186
8478492,,8478492,29,-0.0013968843268230557,-0.0007836747681722045,0,-0.0214,0.0186
8478492,,8478492,30,-0.0014004618860781193,-0.0007836747681722045,0,-0.0214,0.0186
8478492,,8478492,31,-0.0014005270786583424,-0.0007836747681722045,0,-0.0214,0.0186
8478492,,8478492,32,-0.0013983643148094416,-0.0007836747681722045,0,-0.0214,0.0186
8478492,,8478492,33,-0.0013955810572952032,-0.0007836747681722045,0,-0.0214,0.0186
8478492,,8478492,34,-0.0013922086218371987,-0.0007836747681722045,0,-0.0214,0.0186
8478492,,8478492,35,-0.0013911556452512741,-0.0007836747681722045,0,-0.0214,0.0186
8478433,,8478433,0,-0.003993046935647726,-0.003930259495973587,0,-0.024,0.016
8478433,,8478433,1,-0.004022466018795967,-0.003930259495973587,0,-0.024,0.016
8478433,,8478433,2,-0.004053427837789059,-0.003930259495973587,0,-0.0241,0.0159
8478433,,8478433,3,-0.004082634579390287,-0.003930259495973587,0,-0.0241,0.0159
8478433,,8478433,4,-0.004115783143788576,-0.003930259495973587,0,-0.0241,0.0159
8478433,,8478433,5,-0.004141840618103743,-0.003930259495973587,0,-0.0241,0.0159
8478433,,8478433,6,-0.004176116548478603,-0.003930259495973587,0,-0.0242,0.0158
8478433,,8478433,7,-0.004214190412312746,-0.003930259495973587,0,-0.0242,0.0158
8478433,,8478433,8,-0.004252343438565731,-0.003930259495973587,0,-0.0243,0.0157
8478433,,8478433,9,-0.004287985619157553,-0.003930259495973587,0,-0.0243,0.0157
8478433,,8478433,10,-0.004319287836551666,-0.003930259495973587,0,-0.0243,0.0157
8478433,,8478433,11,-0.004358849488198757,-0.003930259495973587,0,-0.0244,0.0156
8478433,,8478433,12,-0.0043844119645655155,-0.003930259495973587,0,-0.0244,0.0156
8478433,,8478433,13,-0.004403409548103809,-0.003930259495973587,0,-0.0244,0.0156
8478433,,8478433,14,-0.004412280395627022,-0.003930259495973587,0,-0.0244,0.0156
8478433,,8478433,15,-0.004423023667186499,-0.003930259495973587,0,-0.0244,0.0156
8478433,,8478433,16,-0.004442264325916767,-0.003930259495973587,0,-0.0244,0.0156
8478433,,8478433,17,-0.0044707925990223885,-0.003930259495973587,0,-0.0245,0.0155
8478433,,8478433,18,-0.004487417172640562,-0.003930259495973587,0,-0.0245,0.0155
8478433,,8478433,19,-0.004500581417232752,-0.003930259495973587,0,-0.0245,0.0155
8478433,,8478433,20,-0.004517050459980965,-0.003930259495973587,0,-0.0245,0.0155
8478433,,8478433,21,-0.004538120701909065,-0.003930259495973587,0,-0.0245,0.0155
8478433,,8478433,22,-0.004545280244201422,-0.003930259495973587,0,-0.0245,0.0155
8478433,,8478433,23,-0.0045476676896214485,-0.003930259495973587,0,-0.0245,0.0155
8478433,,8478433,24,-0.004536008462309837,-0.003930259495973587,0,-0.0245,0.0155
8478433,,8478433,25,-0.00452242698520422,-0.003930259495973587,0,-0.0245,0.0155
8478433,,8478433,26,-0.004531716927886009,-0.003930259495973587,0,-0.0245,0.0155
8478433,,8478433,27,-0.004535135813057423,-0.003930259495973587,0,-0.0245,0.0155
8478433,,8478433,28,-0.00454204436391592,-0.003930259495973587,0,-0.0245,0.0155
8478433,,8478433,29,-0.004545670934021473,-0.003930259495973587,0,-0.0245,0.0155
8478433,,8478433,30,-0.004549521952867508,-0.003930259495973587,0,-0.0245,0.0155
8478433,,8478433,31,-0.004549217410385609,-0.003930259495973587,0,-0.0245,0.0155
8478433,,8478433,32,-0.004547701682895422,-0.003930259495973587,0,-0.0245,0.0155
8478433,,8478433,33,-0.004544195253401995,-0.003930259495973587,0,-0.0245,0.0155
8478433,,8478433,34,-0.004541357979178429,-0.003930259495973587,0,-0.0245,0.0155
8478433,,8478433,35,-0.0045402864925563335,-0.003930259495973587,0,-0.0245,0.0155
Linus Ullmark,OTT,8476999,0,-0.01517383474856615,-0.015032792463898659,9,-0.0219,-0.0085
Linus Ullmark,OTT,8476999,1,-0.015093144960701466,-0.015032792463898659,0,-0.0351,0.0049
Linus Ullmark,OTT,8476999,2,-0.015012632124125957,-0.015032792463898659,31,-0.0186,-0.0114
Linus Ullmark,OTT,8476999,3,-0.015018505044281483,-0.015032792463898659,53,-0.0177,-0.0123
Linus Ullmark,OTT,8476999,4,-0.014956441707909107,-0.015032792463898659,93,-0.0171,-0.0129
Linus Ullmark,OTT,8476999,5,-0.0146498316898942,-0.015032792463898659,75,-0.0169,-0.0123
Linus Ullmark,OTT,8476999,6,-0.014559650793671608,-0.015032792463898659,95,-0.0167,-0.0125
Linus Ullmark,OTT,8476999,7,-0.014169414527714252,-0.015032792463898659,69,-0.0166,-0.0118
Linus Ullmark,OTT,8476999,8,-0.013738901354372501,-0.015032792463898659,55,-0.0164,-0.011
Linus Ullmark,OTT,8476999,9,-0.01337042823433876,-0.015032792463898659,56,-0.0161,-0.0107
Linus Ullmark,OTT,8476999,10,-0.012946522794663906,-0.015032792463898659,60,-0.0155,-0.0103
Linus Ullmark,OTT,8476999,11,-0.012418652884662151,-0.015032792463898659,53,-0.0151,-0.0097
Linus Ullmark,OTT,8476999,12,-0.01198155153542757,-0.015032792463898659,62,-0.0145,-0.0095
Linus Ullmark,OTT,8476999,13,-0.011255834251642227,-0.015032792463898659,106,-0.0132,-0.0094
Linus Ullmark,OTT,8476999,14,-0.010858564637601376,-0.015032792463898659,45,-0.0139,-0.0079
Linus Ullmark,OTT,8476999,15,-0.01019399706274271,-0.015032792463898659,0,-0.0302,0.0098
Linus Ullmark,OTT,8476999,16,-0.009539532475173473,-0.015032792463898659,0,-0.0295,0.0105
Linus Ullmark,OTT,8476999,17,-0.008892932906746864,-0.015032792463898659,0,-0.0289,0.0111
Linus Ullmark,OTT,8476999,18,-0.008235273882746696,-0.015032792463898659,0,-0.0282,0.0118
Linus Ullmark,OTT,8476999,19,-0.007574111223220825,-0.015032792463898659,29,-0.0113,-0.0039
Linus Ullmark,OTT,8476999,20,-0.006930654868483543,-0.015032792463898659,20,-0.0114,-0.0024
Linus Ullmark,OTT,8476999,21,-0.006252923049032688,-0.015032792463898659,63,-0.0088,-0.0038
Linus Ullmark,OTT,8476999,22,-0.005575849674642086,-0.015032792463898659,96,-0.0076,-0.0036
Linus Ullmark,OTT,8476999,23,-0.004940676968544722,-0.015032792463898659,51,-0.0077,-0.0021
Linus Ullmark,OTT,8476999,24,-0.004266476724296808,-0.015032792463898659,93,-0.0064,-0.0022
Linus Ullmark,OTT,8476999,25,-0.003845406696200371,-0.015032792463898659,101,-0.0058,-0.0018
Linus Ullmark,OTT,8476999,26,-0.0030063726007938385,-0.015032792463898659,103,-0.005,-0.001
Linus Ullmark,OTT,8476999,27,-0.0025737013202160597,-0.015032792463898659,36,-0.0059,0.0007
Linus Ullmark,OTT,8476999,28,-0.0021761469542980194,-0.015032792463898659,143,-0.0039,-0.0005
Linus Ullmark,OTT,8476999,29,-0.002179273869842291,-0.015032792463898659,0,-0.0222,0.0178
Linus Ullmark,OTT,8476999,30,-0.002183731645345688,-0.015032792463898659,0,-0.0222,0.0178
Linus Ullmark,OTT,8476999,31,-0.0021830846089869738,-0.015032792463898659,0,-0.0222,0.0178
Linus Ullmark,OTT,8476999,32,-0.002181252231821418,-0.015032792463898659,0,-0.0222,0.0178
Linus Ullmark,OTT,8476999,33,-0.0021783430129289627,-0.015032792463898659,0,-0.0222,0.0178
Linus Ullmark,OTT,8476999,34,-0.00217532180249691,-0.015032792463898659,0,-0.0222,0.0178
Linus Ullmark,OTT,8476999,35,-0.0021737876813858747,-0.015032792463898659,0,-0.0222,0.0178
8474682,,8474682,0,-0.006807012017816305,-0.006743959151208401,0,-0.0268,0.0132
8474682,,8474682,1,-0.006836573127657175,-0.006743959151208401,0,-0.0268,0.0132
8474682,,8474682,2,-0.006867081858217716,-0.006743959151208401,0,-0.0269,0.0131
8474682,,8474682,3,-0.006896756123751402,-0.006743959151208401,0,-0.0269,0.0131
8474682,,8474682,4,-0.006929575931280851,-0.006743959151208401,0,-0.0269,0.0131
8474682,,8474682,5,-0.00695614330470562,-0.006743959151208401,0,-0.027,0.013
8474682,,8474682,6,-0.006989630404859781,-0.006743959151208401,0,-0.027,0.013
8474682,,8474682,7,-0.007028380408883095,-0.006743959151208401,0,-0.027,0.013
8474682,,8474682,8,-0.007066246122121811,-0.006743959151208401,0,-0.0271,0.0129
8474682,,8474682,9,-0.007102061528712511,-0.006743959151208401,0,-0.0271,0.0129
8474682,,8474682,10,-0.007133244536817074,-0.006743959151208401,0,-0.0271,0.0129
8474682,,8474682,11,-0.007172601763159037,-0.006743959151208401,0,-0.0272,0.0128
8474682,,8474682,12,-0.007198714185506105,-0.006743959151208401,0,-0.0272,0.0128
8474682,,8474682,13,-0.00721721351146698,-0.006743959151208401,0,-0.0272,0.0128
8474682,,8474682,14,-0.007226467132568359,-0.006743959151208401,0,-0.0272,0.0128
8474682,,8474682,15,-0.007236795965582132,-0.006743959151208401,0,-0.0272,0.0128
8474682,,8474682,16,-0.007256544195115566,-0.006743959151208401,0,-0.0273,0.0127
8474682,,8474682,17,-0.007284532766789198,-0.006743959151208401,0,-0.0273,0.0127
8474682,,8474682,18,-0.007301622070372105,-0.006743959151208401,0,-0.0273,0.0127
8474682,,8474682,19,-0.007314412388950586,-0.006743959151208401,0,-0.0273,0.0127
8474682,,8474682,20,-0.007331429980695248,-0.006743959151208401,0,-0.0273,0.0127
8474682,,8474682,21,-0.007351708598434925,-0.006743959151208401,0,-0.0274,0.0126
8474682,,8474682,22,-0.007359709125012159,-0.006743959151208401,0,-0.0274,0.0126
8474682,,8474682,23,-0.0073613873682916164,-0.006743959151208401,0,-0.0274,0.0126
8474682,,8474682,24,-0.007350275758653879,-0.006743959151208401,0,-0.0274,0.0126
8474682,,8474682,25,-0.00733610987663269,-0.006743959151208401,0,-0.0273,0.0127
8474682,,8474682,26,-0.007346239872276783,-0.006743959151208401,0,-0.0273,0.0127
8474682,,8474682,27,-0.007348822895437479,-0.006743959151208401,0,-0.0273,0.0127
8474682,,8474682,28,-0.007356193847954273,-0.006743959151208401,0,-0.0274,0.0126
8474682,,8474682,29,-0.007359864190220833,-0.006743959151208401,0,-0.0274,0.0126
8474682,,8474682,30,-0.007363213691860437,-0.006743959151208401,0,-0.0274,0.0126
8474682,,8474682,31,-0.00736387399956584,-0.006743959151208401,0,-0.0274,0.0126
8474682,,8474682,32,-0.007360977120697498,-0.006743959151208401,0,-0.0274,0.0126
8474682,,8474682,33,-0.00735893752425909,-0.006743959151208401,0,-0.0274,0.0126
8474682,,8474682,34,-0.007354969158768654,-0.006743959151208401,0,-0.0274,0.0126
8474682,,8474682,35,-0.0073544844053685665,-0.006743959151208401,0,-0.0274,0.0126
Samuel Ersson,PHI,8481035,0,-0.053196653723716736,-0.05091336742043495,0,-0.0732,-0.0332
Samuel Ersson,PHI,8481035,1,-0.054206956177949905,-0.05091336742043495,43,-0.0572,-0.0512
Samuel Ersson,PHI,8481035,2,-0.05501154065132141,-0.05091336742043495,28,-0.0588,-0.0512
Samuel Ersson,PHI,8481035,3,-0.05575444549322128,-0.05091336742043495,47,-0.0587,-0.0529
Samuel Ersson,PHI,8481035,4,-0.05647962540388107,-0.05091336742043495,18,-0.0612,-0.0518
Samuel Ersson,PHI,8481035,5,-0.05698288604617119,-0.05091336742043495,39,-0.0602,-0.0538
Samuel Ersson,PHI,8481035,6,-0.05758991092443466,-0.05091336742043495,29,-0.0613,-0.0539
Samuel Ersson,PHI,8481035,7,-0.058179374784231186,-0.05091336742043495,27,-0.062,-0.0544
Samuel Ersson,PHI,8481035,8,-0.05869510769844055,-0.05091336742043495,27,-0.0625,-0.0549
Samuel Ersson,PHI,8481035,9,-0.058962661772966385,-0.05091336742043495,0,-0.079,-0.039
Samuel Ersson,PHI,8481035,10,-0.05922119691967964,-0.05091336742043495,65,-0.0617,-0.0567
Samuel Ersson,PHI,8481035,11,-0.05962419882416725,-0.05091336742043495,72,-0.062,-0.0572
Samuel Ersson,PHI,8481035,12,-0.0602097287774086,-0.05091336742043495,43,-0.0632,-0.0572
Samuel Ersson,PHI,8481035,13,-0.06081067770719528,-0.05091336742043495,65,-0.0633,-0.0583
Samuel Ersson,PHI,8481035,14,-0.06119249388575554,-0.05091336742043495,27,-0.065,-0.0574
Samuel Ersson,PHI,8481035,15,-0.06160842999815941,-0.05091336742043495,34,-0.065,-0.0582
Samuel Ersson,PHI,8481035,16,-0.06195231154561043,-0.05091336742043495,31,-0.0656,-0.0584
Samuel Ersson,PHI,8481035,17,-0.06185701861977577,-0.05091336742043495,59,-0.0645,-0.0593
Samuel Ersson,PHI,8481035,18,-0.061797503381967545,-0.05091336742043495,107,-0.0637,-0.0599
Samuel Ersson,PHI,8481035,19,-0.061732664704322815,-0.05091336742043495,47,-0.0646,-0.0588
Samuel Ersson,PHI,8481035,20,-0.061286140233278275,-0.05091336742043495,0,-0.0813,-0.0413
Samuel Ersson,PHI,8481035,21,-0.060845669358968735,-0.05091336742043495,33,-0.0643,-0.0573
Samuel Ersson,PHI,8481035,22,-0.06038045510649681,-0.05091336742043495,41,-0.0635,-0.0573
Samuel Ersson,PHI,8481035,23,-0.06021611765027046,-0.05091336742043495,35,-0.0636,-0.0568
Samuel Ersson,PHI,8481035,24,-0.06017132103443146,-0.05091336742043495,57,-0.0628,-0.0576
Samuel Ersson,PHI,8481035,25,-0.060397762805223465,-0.05091336742043495,25,-0.0644,-0.0564
Samuel Ersson,PHI,8481035,26,-0.060494136065244675,-0.05091336742043495,15,-0.0657,-0.0553
Samuel Ersson,PHI,8481035,27,-0.060473036020994186,-0.05091336742043495,33,-0.064,-0.057
Samuel Ersson,PHI,8481035,28,-0.06048188731074333,-0.05091336742043495,0,-0.0805,-0.0405
Samuel Ersson,PHI,8481035,29,-0.06048339977860451,-0.05091336742043495,0,-0.0805,-0.0405
Samuel Ersson,PHI,8481035,30,-0.060488615185022354,-0.05091336742043495,0,-0.0805,-0.0405
Samuel Ersson,PHI,8481035,31,-0.060487374663352966,-0.05091336742043495,0,-0.0805,-0.0405
Samuel Ersson,PHI,8481035,32,-0.06048652157187462,-0.05091336742043495,0,-0.0805,-0.0405
Samuel Ersson,PHI,8481035,33,-0.060482125729322433,-0.05091336742043495,0,-0.0805,-0.0405
Samuel Ersson,PHI,8481035,34,-0.06048133596777916,-0.05091336742043495,0,-0.0805,-0.0405
Samuel Ersson,PHI,8481035,35,-0.06047774851322174,-0.05091336742043495,0,-0.0805,-0.0405
Lukas Dostal,ANA,8480843,0,0.019829902797937393,0.020490024238824844,0,-0.0002,0.0398
Lukas Dostal,ANA,8480843,1,0.019536025822162628,0.020490024238824844,18,0.0148,0.0242
Lukas Dostal,ANA,8480843,2,0.019256900995969772,0.020490024238824844,34,0.0159,0.0227
Lukas Dostal,ANA,8480843,3,0.019052907824516296,0.020490024238824844,42,0.016,0.0222
Lukas Dostal,ANA,8480843,4,0.01890418864786625,0.020490024238824844,115,0.017,0.0208
Lukas Dostal,ANA,8480843,5,0.018760358914732933,0.020490024238824844,78,0.0165,0.0211
Lukas Dostal,ANA,8480843,6,0.018620537593960762,0.020490024238824844,111,0.0167,0.0205
Lukas Dostal,ANA,8480843,7,0.018082287162542343,0.020490024238824844,90,0.016,0.0202
Lukas Dostal,ANA,8480843,8,0.017398200929164886,0.020490024238824844,77,0.0151,0.0197
Lukas Dostal,ANA,8480843,9,0.016733402386307716,0.020490024238824844,111,0.0148,0.0186
Lukas Dostal,ANA,8480843,10,0.01588529907166958,0.020490024238824844,0,-0.0041,0.0359
Lukas Dostal,ANA,8480843,11,0.015031244605779648,0.020490024238824844,0,-0.005,0.035
Lukas Dostal,ANA,8480843,12,0.014187389984726906,0.020490024238824844,31,0.0106,0.0178
Lukas Dostal,ANA,8480843,13,0.013390948995947838,0.020490024238824844,79,0.0111,0.0157
Lukas Dostal,ANA,8480843,14,0.012709739618003368,0.020490024238824844,74,0.0104,0.015
Lukas Dostal,ANA,8480843,15,0.012204783037304878,0.020490024238824844,94,0.0101,0.0143
Lukas Dostal,ANA,8480843,16,0.01214910764247179,0.020490024238824844,61,0.0095,0.0147
Lukas Dostal,ANA,8480843,17,0.012393148615956306,0.020490024238824844,59,0.0098,0.015
Lukas Dostal,ANA,8480843,18,0.012459334917366505,0.020490024238824844,156,0.0109,0.0141
Lukas Dostal,ANA,8480843,19,0.012141020968556404,0.020490024238824844,73,0.0098,0.0144
Lukas Dostal,ANA,8480843,20,0.011716438457369804,0.020490024238824844,32,0.0082,0.0152
Lukas Dostal,ANA,8480843,21,0.011220479384064674,0.020490024238824844,88,0.0091,0.0133
Lukas Dostal,ANA,8480843,22,0.01067278627306223,0.020490024238824844,79,0.0084,0.013
Lukas Dostal,ANA,8480843,23,0.010144567117094994,0.020490024238824844,69,0.0077,0.0125
Lukas Dostal,ANA,8480843,24,0.009504657238721848,0.020490024238824844,73,0.0072,0.0118
Lukas Dostal,ANA,8480843,25,0.008765013888478279,0.020490024238824844,60,0.0062,0.0114
Lukas Dostal,ANA,8480843,26,0.008160503581166267,0.020490024238824844,81,0.006,0.0104
Lukas Dostal,ANA,8480843,27,0.007587482687085867,0.020490024238824844,34,0.0042,0.011
Lukas Dostal,ANA,8480843,28,0.007074165157973766,0.020490024238824844,138,0.0054,0.0088
Lukas Dostal,ANA,8480843,29,0.006954752374440432,0.020490024238824844,52,0.0042,0.0098
Lukas Dostal,ANA,8480843,30,0.007014377973973751,0.020490024238824844,79,0.0047,0.0093
Lukas Dostal,ANA,8480843,31,0.007013058755546808,0.020490024238824844,79,0.0047,0.0093
Lukas Dostal,ANA,8480843,32,0.007014823146164417,0.020490024238824844,0,-0.013,0.027
Lukas Dostal,ANA,8480843,33,0.007017333060503006,0.020490024238824844,0,-0.013,0.027
Lukas Dostal,ANA,8480843,34,0.007021517027169466,0.020490024238824844,0,-0.013,0.027
Lukas Dostal,ANA,8480843,35,0.007021711207926273,0.020490024238824844,0,-0.013,0.027
Alex Lyon,BUF,8479312,0,0.010462767444550991,0.009183553978800774,0,-0.0095,0.0305
Alex Lyon,BUF,8479312,1,0.011030497960746288,0.009183553978800774,49,0.0081,0.0139
Alex Lyon,BUF,8479312,2,0.011533045209944248,0.009183553978800774,16,0.0065,0.0165
Alex Lyon,BUF,8479312,3,0.012148787267506123,0.009183553978800774,69,0.0097,0.0145
Alex Lyon,BUF,8479312,4,0.01289981510490179,0.009183553978800774,102,0.0109,0.0149
Alex Lyon,BUF,8479312,5,0.01359623298048973,0.009183553978800774,74,0.0113,0.0159
Alex Lyon,BUF,8479312,6,0.014349378645420074,0.009183553978800774,85,0.0121,0.0165
Alex Lyon,BUF,8479312,7,0.015150672756135464,0.009183553978800774,87,0.0131,0.0173
Alex Lyon,BUF,8479312,8,0.01586274243891239,0.009183553978800774,6,0.0077,0.0241
Alex Lyon,BUF,8479312,9,0.016738513484597206,0.009183553978800774,0,-0.0033,0.0367
Alex Lyon,BUF,8479312,10,0.017615290358662605,0.009183553978800774,28,0.0138,0.0214
Alex Lyon,BUF,8479312,11,0.018811499699950218,0.009183553978800774,0,-0.0012,0.0388
Alex Lyon,BUF,8479312,12,0.02001889795064926,0.009183553978800774,115,0.0181,0.0219
Alex Lyon,BUF,8479312,13,0.020868198946118355,0.009183553978800774,80,0.0187,0.0231
Alex Lyon,BUF,8479312,14,0.021576913073658943,0.009183553978800774,40,0.0184,0.0248
Alex Lyon,BUF,8479312,15,0.02212587185204029,0.009183553978800774,23,0.0179,0.0263
Alex Lyon,BUF,8479312,16,0.02274003066122532,0.009183553978800774,0,0.0027,0.0427
Alex Lyon,BUF,8479312,17,0.023348718881607056,0.009183553978800774,0,0.0033,0.0433
Alex Lyon,BUF,8479312,18,0.02396557852625847,0.009183553978800774,78,0.0217,0.0263
Alex Lyon,BUF,8479312,19,0.02433791197836399,0.009183553978800774,79,0.022,0.0266
Alex Lyon,BUF,8479312,20,0.02444698102772236,0.009183553978800774,73,0.0221,0.0267
Alex Lyon,BUF,8479312,21,0.024664973840117455,0.009183553978800774,31,0.0211,0.0283
Alex Lyon,BUF,8479312,22,0.0247175469994545,0.009183553978800774,27,0.0209,0.0285
Alex Lyon,BUF,8479312,23,0.024776984006166458,0.009183553978800774,77,0.0225,0.0271
Alex Lyon,BUF,8479312,24,0.024575915187597275,0.009183553978800774,19,0.02,0.0292
Alex Lyon,BUF,8479312,25,0.024461276829242706,0.009183553978800774,8,0.0174,0.0316
Alex Lyon,BUF,8479312,26,0.02455861121416092,0.009183553978800774,0,0.0046,0.0446
Alex Lyon,BUF,8479312,27,0.024662576615810394,0.009183553978800774,0,0.0047,0.0447
Alex Lyon,BUF,8479312,28,0.024764735251665115,0.009183553978800774,59,0.0222,0.0274
Alex Lyon,BUF,8479312,29,0.024660330265760422,0.009183553978800774,70,0.0223,0.0271
Alex Lyon,BUF,8479312,30,0.024440061300992966,0.009183553978800774,91,0.0223,0.0265
Alex Lyon,BUF,8479312,31,0.024383021518588066,0.009183553978800774,5,0.0155,0.0333
Alex Lyon,BUF,8479312,32,0.024386892095208168,0.009183553978800774,0,0.0044,0.0444
Alex Lyon,BUF,8479312,33,0.024387767538428307,0.009183553978800774,0,0.0044,0.0444
Alex Lyon,BUF,8479312,34,0.024393253028392792,0.009183553978800774,0,0.0044,0.0444
Alex Lyon,BUF,8479312,35,0.02439248561859131,0.009183553978800774,0,0.0044,0.0444
Arvid Soderblom,CHI,8482821,0,-0.03976794332265854,-0.037595175206661224,0,-0.0598,-0.0198
Arvid Soderblom,CHI,8482821,1,-0.0407412089407444,-0.037595175206661224,38,-0.0439,-0.0375
Arvid Soderblom,CHI,8482821,2,-0.04177502542734146,-0.037595175206661224,33,-0.0453,-0.0383
Arvid Soderblom,CHI,8482821,3,-0.0427694134414196,-0.037595175206661224,36,-0.0461,-0.0395
Arvid Soderblom,CHI,8482821,4,-0.04376640543341637,-0.037595175206661224,43,-0.0468,-0.0408
Arvid Soderblom,CHI,8482821,5,-0.04472189396619797,-0.037595175206661224,33,-0.0482,-0.0412
Arvid Soderblom,CHI,8482821,6,-0.04565223306417465,-0.037595175206661224,0,-0.0657,-0.0257
Arvid Soderblom,CHI,8482821,7,-0.046583812683820724,-0.037595175206661224,79,-0.0489,-0.0443
Arvid Soderblom,CHI,8482821,8,-0.04768803343176842,-0.037595175206661224,0,-0.0677,-0.0277
Arvid Soderblom,CHI,8482821,9,-0.04878963902592659,-0.037595175206661224,58,-0.0514,-0.0462
Arvid Soderblom,CHI,8482821,10,-0.04933088272809982,-0.037595175206661224,38,-0.0525,-0.0461
Arvid Soderblom,CHI,8482821,11,-0.04974088445305824,-0.037595175206661224,60,-0.0523,-0.0471
Arvid Soderblom,CHI,8482821,12,-0.05001332610845566,-0.037595175206661224,25,-0.054,-0.046
Arvid Soderblom,CHI,8482821,13,-0.050137829035520554,-0.037595175206661224,45,-0.0531,-0.0471
Arvid Soderblom,CHI,8482821,14,-0.050147220492362976,-0.037595175206661224,54,-0.0528,-0.0474
Arvid Soderblom,CHI,8482821,15,-0.050140347331762314,-0.037595175206661224,27,-0.0539,-0.0463
Arvid Soderblom,CHI,8482821,16,-0.050140343606472015,-0.037595175206661224,0,-0.0701,-0.0301
Arvid Soderblom,CHI,8482821,17,-0.050156693905591965,-0.037595175206661224,33,-0.0537,-0.0467
Arvid Soderblom,CHI,8482821,18,-0.0500175803899765,-0.037595175206661224,48,-0.0529,-0.0471
Arvid Soderblom,CHI,8482821,19,-0.050140317529439926,-0.037595175206661224,58,-0.0527,-0.0475
Arvid Soderblom,CHI,8482821,20,-0.050120461732149124,-0.037595175206661224,0,-0.0701,-0.0301
Arvid Soderblom,CHI,8482821,21,-0.05011337623000145,-0.037595175206661224,0,-0.0701,-0.0301
Arvid Soderblom,CHI,8482821,22,-0.050087735056877136,-0.037595175206661224,0,-0.0701,-0.0301
Arvid Soderblom,CHI,8482821,23,-0.050058137625455856,-0.037595175206661224,57,-0.0527,-0.0475
Arvid Soderblom,CHI,8482821,24,-0.050212662667036057,-0.037595175206661224,115,-0.0521,-0.0483
Arvid Soderblom,CHI,8482821,25,-0.05037267878651619,-0.037595175206661224,37,-0.0537,-0.0471
Arvid Soderblom,CHI,8482821,26,-0.050519105046987534,-0.037595175206661224,34,-0.0539,-0.0471
Arvid Soderblom,CHI,8482821,27,-0.050520602613687515,-0.037595175206661224,0,-0.0705,-0.0305
Arvid Soderblom,CHI,8482821,28,-0.050528399646282196,-0.037595175206661224,0,-0.0705,-0.0305
Arvid Soderblom,CHI,8482821,29,-0.050532251596450806,-0.037595175206661224,0,-0.0705,-0.0305
Arvid Soderblom,CHI,8482821,30,-0.050535447895526886,-0.037595175206661224,0,-0.0705,-0.0305
Arvid Soderblom,CHI,8482821,31,-0.050535209476947784,-0.037595175206661224,0,-0.0705,-0.0305
Arvid Soderblom,CHI,8482821,32,-0.050534687936306,-0.037595175206661224,0,-0.0705,-0.0305
Arvid Soderblom,CHI,8482821,33,-0.05052962526679039,-0.037595175206661224,0,-0.0705,-0.0305
Arvid Soderblom,CHI,8482821,34,-0.05052682384848595,-0.037595175206661224,0,-0.0705,-0.0305
Arvid Soderblom,CHI,8482821,35,-0.05052691698074341,-0.037595175206661224,0,-0.0705,-0.0305
Cam Talbot,DET,8475660,0,0.011301777325570583,0.013165208511054516,0,-0.0087,0.0313
Cam Talbot,DET,8475660,1,0.010471404530107975,0.013165208511054516,14,0.0052,0.0158
Cam Talbot,DET,8475660,2,0.009566914290189743,0.013165208511054516,39,0.0064,0.0128
Cam Talbot,DET,8475660,3,0.008591671474277973,0.013165208511054516,31,0.005,0.0122
Cam Talbot,DET,8475660,4,0.007701672147959471,0.013165208511054516,78,0.0054,0.01
Cam Talbot,DET,8475660,5,0.006692922208458185,0.013165208511054516,28,0.0029,0.0105
Cam Talbot,DET,8475660,6,0.00617610989138484,0.013165208511054516,65,0.0037,0.0087
Cam Talbot,DET,8475660,7,0.0055070300586521626,0.013165208511054516,36,0.0022,0.0088
Cam Talbot,DET,8475660,8,0.004881503526121378,0.013165208511054516,47,0.002,0.0078
Cam Talbot,DET,8475660,9,0.0041136243380606174,0.013165208511054516,73,0.0018,0.0064
Cam Talbot,DET,8475660,10,0.003199317492544651,0.013165208511054516,91,0.0011,0.0053
Cam Talbot,DET,8475660,11,0.002613804768770933,0.013165208511054516,43,-0.0004,0.0056
Cam Talbot,DET,8475660,12,0.001953805796802044,0.013165208511054516,36,-0.0013,0.0053
Cam Talbot,DET,8475660,13,0.0012952903052791953,0.013165208511054516,84,-0.0009,0.0035
Cam Talbot,DET,8475660,14,0.0006364566506817937,0.013165208511054516,35,-0.0028,0.004
Cam Talbot,DET,8475660,15,-0.00011100064148195088,0.013165208511054516,38,-0.0033,0.0031
Cam Talbot,DET,8475660,16,-0.0008234049892053008,0.013165208511054516,0,-0.0208,0.0192
Cam Talbot,DET,8475660,17,-0.0015423365402966738,0.013165208511054516,45,-0.0045,0.0015
Cam Talbot,DET,8475660,18,-0.002352672629058361,0.013165208511054516,39,-0.0056,0.0008
Cam Talbot,DET,8475660,19,-0.0030573124531656504,0.013165208511054516,10,-0.0094,0.0032
Cam Talbot,DET,8475660,20,-0.0037475016433745623,0.013165208511054516,0,-0.0237,0.0163
Cam Talbot,DET,8475660,21,-0.004441604949533939,0.013165208511054516,40,-0.0076,-0.0012
Cam Talbot,DET,8475660,22,-0.005005664192140102,0.013165208511054516,0,-0.025,0.015
Cam Talbot,DET,8475660,23,-0.005563976708799601,0.013165208511054516,0,-0.0256,0.0144
Cam Talbot,DET,8475660,24,-0.00610921299085021,0.013165208511054516,6,-0.0143,0.0021
Cam Talbot,DET,8475660,25,-0.006701790727674961,0.013165208511054516,55,-0.0094,-0.004
Cam Talbot,DET,8475660,26,-0.0070658475160598755,0.013165208511054516,14,-0.0124,-0.0018
Cam Talbot,DET,8475660,27,-0.0074135069735348225,0.013165208511054516,51,-0.0102,-0.0046
Cam Talbot,DET,8475660,28,-0.007420011796057224,0.013165208511054516,0,-0.0274,0.0126
Cam Talbot,DET,8475660,29,-0.007424238603562117,0.013165208511054516,0,-0.0274,0.0126
Cam Talbot,DET,8475660,30,-0.007427479140460491,0.013165208511054516,0,-0.0274,0.0126
Cam Talbot,DET,8475660,31,-0.007427699863910675,0.013165208511054516,0,-0.0274,0.0126
Cam Talbot,DET,8475660,32,-0.007425582502037287,0.013165208511054516,0,-0.0274,0.0126
Cam Talbot,DET,8475660,33,-0.007422651629894972,0.013165208511054516,0,-0.0274,0.0126
Cam Talbot,DET,8475660,34,-0.0074193887412548065,0.013165208511054516,0,-0.0274,0.0126
Cam Talbot,DET,8475660,35,-0.007418273016810417,0.013165208511054516,0,-0.0274,0.0126
Daniil Tarasov,FLA,8480193,0,-0.025844158604741096,-0.026315169408917427,19,-0.0304,-0.0212
Daniil Tarasov,FLA,8480193,1,-0.02568739652633667,-0.026315169408917427,46,-0.0286,-0.0228
Daniil Tarasov,FLA,8480193,2,-0.025709060952067375,-0.026315169408917427,30,-0.0294,-0.022
Daniil Tarasov,FLA,8480193,3,-0.02576189488172531,-0.026315169408917427,0,-0.0458,-0.0058
Daniil Tarasov,FLA,8480193,4,-0.025816025212407112,-0.026315169408917427,58,-0.0284,-0.0232
Daniil Tarasov,FLA,8480193,5,-0.02574077434837818,-0.026315169408917427,0,-0.0457,-0.0057
Daniil Tarasov,FLA,8480193,6,-0.025669895112514496,-0.026315169408917427,18,-0.0304,-0.021
Daniil Tarasov,FLA,8480193,7,-0.02575298771262169,-0.026315169408917427,21,-0.0302,-0.0214
Daniil Tarasov,FLA,8480193,8,-0.02574910968542099,-0.026315169408917427,54,-0.0284,-0.023
Daniil Tarasov,FLA,8480193,9,-0.02576589770615101,-0.026315169408917427,19,-0.0304,-0.0212
Daniil Tarasov,FLA,8480193,10,-0.02592976950109005,-0.026315169408917427,86,-0.0281,-0.0237
Daniil Tarasov,FLA,8480193,11,-0.026055168360471725,-0.026315169408917427,32,-0.0296,-0.0226
Daniil Tarasov,FLA,8480193,12,-0.026275938376784325,-0.026315169408917427,51,-0.0291,-0.0235
Daniil Tarasov,FLA,8480193,13,-0.02622968889772892,-0.026315169408917427,75,-0.0285,-0.0239
Daniil Tarasov,FLA,8480193,14,-0.026143603026866913,-0.026315169408917427,0,-0.0461,-0.0061
Daniil Tarasov,FLA,8480193,15,-0.026057591661810875,-0.026315169408917427,71,-0.0285,-0.0237
Daniil Tarasov,FLA,8480193,16,-0.026188068091869354,-0.026315169408917427,0,-0.0462,-0.0062
Daniil Tarasov,FLA,8480193,17,-0.026323623955249786,-0.026315169408917427,42,-0.0294,-0.0232
Daniil Tarasov,FLA,8480193,18,-0.026500584557652473,-0.026315169408917427,61,-0.0291,-0.0239
Daniil Tarasov,FLA,8480193,19,-0.026874568313360214,-0.026315169408917427,34,-0.0303,-0.0235
Daniil Tarasov,FLA,8480193,20,-0.02705887332558632,-0.026315169408917427,23,-0.0313,-0.0229
Daniil Tarasov,FLA,8480193,21,-0.026961786672472954,-0.026315169408917427,46,-0.0299,-0.0241
Daniil Tarasov,FLA,8480193,22,-0.02707497589290142,-0.026315169408917427,24,-0.0312,-0.023
Daniil Tarasov,FLA,8480193,23,-0.02686099335551262,-0.026315169408917427,27,-0.0307,-0.0231
Daniil Tarasov,FLA,8480193,24,-0.026615632697939873,-0.026315169408917427,118,-0.0284,-0.0248
Daniil Tarasov,FLA,8480193,25,-0.026492133736610413,-0.026315169408917427,61,-0.0291,-0.0239
Daniil Tarasov,FLA,8480193,26,-0.02587815187871456,-0.026315169408917427,64,-0.0284,-0.0234
Daniil Tarasov,FLA,8480193,27,-0.025697525590658188,-0.026315169408917427,68,-0.0281,-0.0233
Daniil Tarasov,FLA,8480193,28,-0.02570430561900139,-0.026315169408917427,0,-0.0457,-0.0057
Daniil Tarasov,FLA,8480193,29,-0.02570849284529686,-0.026315169408917427,0,-0.0457,-0.0057
Daniil Tarasov,FLA,8480193,30,-0.025711696594953537,-0.026315169408917427,0,-0.0457,-0.0057
Daniil Tarasov,FLA,8480193,31,-0.025711795315146446,-0.026315169408917427,0,-0.0457,-0.0057
Daniil Tarasov,FLA,8480193,32,-0.025709427893161774,-0.026315169408917427,0,-0.0457,-0.0057
Daniil Tarasov,FLA,8480193,33,-0.02570737898349762,-0.026315169408917427,0,-0.0457,-0.0057
Daniil Tarasov,FLA,8480193,34,-0.02570323646068573,-0.026315169408917427,0,-0.0457,-0.0057
Daniil Tarasov,FLA,8480193,35,-0.025702498853206635,-0.026315169408917427,0,-0.0457,-0.0057
Charlie Lindgren,WSH,8479292,0,-0.02079343982040882,-0.020220283418893814,0,-0.0408,-0.0008
Charlie Lindgren,WSH,8479292,1,-0.021052977070212364,-0.020220283418893814,23,-0.0253,-0.0169
Charlie Lindgren,WSH,8479292,2,-0.021349892020225525,-0.020220283418893814,29,-0.025,-0.0176
Charlie Lindgren,WSH,8479292,3,-0.021638909354805946,-0.020220283418893814,47,-0.0245,-0.0187
Charlie Lindgren,WSH,8479292,4,-0.02219277247786522,-0.020220283418893814,24,-0.0263,-0.0181
Charlie Lindgren,WSH,8479292,5,-0.022626832127571106,-0.020220283418893814,36,-0.0259,-0.0193
Charlie Lindgren,WSH,8479292,6,-0.02293209917843342,-0.020220283418893814,27,-0.0267,-0.0191
Charlie Lindgren,WSH,8479292,7,-0.023101259022951126,-0.020220283418893814,36,-0.0264,-0.0198
Charlie Lindgren,WSH,8479292,8,-0.023379256948828697,-0.020220283418893814,0,-0.0434,-0.0034
Charlie Lindgren,WSH,8479292,9,-0.023657845333218575,-0.020220283418893814,74,-0.026,-0.0214
Charlie Lindgren,WSH,8479292,10,-0.02408263273537159,-0.020220283418893814,30,-0.0278,-0.0204
Charlie Lindgren,WSH,8479292,11,-0.02454487606883049,-0.020220283418893814,27,-0.0283,-0.0207
Charlie Lindgren,WSH,8479292,12,-0.025119230151176453,-0.020220283418893814,0,-0.0451,-0.0051
Charlie Lindgren,WSH,8479292,13,-0.02568378672003746,-0.020220283418893814,68,-0.0281,-0.0233
Charlie Lindgren,WSH,8479292,14,-0.02617942914366722,-0.020220283418893814,0,-0.0462,-0.0062
Charlie Lindgren,WSH,8479292,15,-0.026677023619413376,-0.020220283418893814,35,-0.0301,-0.0233
Charlie Lindgren,WSH,8479292,16,-0.02725791372358799,-0.020220283418893814,76,-0.0296,-0.025
Charlie Lindgren,WSH,8479292,17,-0.02777654118835926,-0.020220283418893814,0,-0.0478,-0.0078
Charlie Lindgren,WSH,8479292,18,-0.028283925727009773,-0.020220283418893814,93,-0.0304,-0.0262
Charlie Lindgren,WSH,8479292,19,-0.028682179749011993,-0.020220283418893814,27,-0.0325,-0.0249
Charlie Lindgren,WSH,8479292,20,-0.029134947806596756,-0.020220283418893814,0,-0.0491,-0.0091
Charlie Lindgren,WSH,8479292,21,-0.029591167345643044,-0.020220283418893814,25,-0.0336,-0.0256
Charlie Lindgren,WSH,8479292,22,-0.029827577993273735,-0.020220283418893814,39,-0.033,-0.0266
Charlie Lindgren,WSH,8479292,23,-0.030178025364875793,-0.020220283418893814,0,-0.0502,-0.0102
Charlie Lindgren,WSH,8479292,24,-0.03051517903804779,-0.020220283418893814,0,-0.0505,-0.0105
Charlie Lindgren,WSH,8479292,25,-0.030850041657686234,-0.020220283418893814,33,-0.0344,-0.0274
Charlie Lindgren,WSH,8479292,26,-0.03085992857813835,-0.020220283418893814,0,-0.0509,-0.0109
Charlie Lindgren,WSH,8479292,27,-0.030862733721733093,-0.020220283418893814,0,-0.0509,-0.0109
Charlie Lindgren,WSH,8479292,28,-0.030869701877236366,-0.020220283418893814,0,-0.0509,-0.0109
Charlie Lindgren,WSH,8479292,29,-0.030873725190758705,-0.020220283418893814,0,-0.0509,-0.0109
Charlie Lindgren,WSH,8479292,30,-0.030877266079187393,-0.020220283418893814,0,-0.0509,-0.0109
Charlie Lindgren,WSH,8479292,31,-0.030876528471708298,-0.020220283418893814,0,-0.0509,-0.0109
Charlie Lindgren,WSH,8479292,32,-0.030875839293003082,-0.020220283418893814,0,-0.0509,-0.0109
Charlie Lindgren,WSH,8479292,33,-0.030871612951159477,-0.020220283418893814,0,-0.0509,-0.0109
Charlie Lindgren,WSH,8479292,34,-0.030869649723172188,-0.020220283418893814,0,-0.0509,-0.0109
Charlie Lindgren,WSH,8479292,35,-0.030867405235767365,-0.020220283418893814,0,-0.0509,-0.0109
8483805,,8483805,0,8.651673852000386e-05,0.00014910666504874825,0,-0.0199,0.0201
8483805,,8483805,1,5.695199070032686e-05,0.00014910666504874825,0,-0.0199,0.0201
8483805,,8483805,2,2.6413414161652327e-05,0.00014910666504874825,0,-0.02,0.02
8483805,,8483805,3,-3.0655210139229894e-06,0.00014910666504874825,0,-0.02,0.02
8483805,,8483805,4,-3.586130333133042e-05,0.00014910666504874825,0,-0.02,0.02
8483805,,8483805,5,-6.198558548931032e-05,0.00014910666504874825,0,-0.0201,0.0199
8483805,,8483805,6,-9.609456174075603e-05,0.00014910666504874825,0,-0.0201,0.0199
8483805,,8483805,7,-0.00013397725706454366,0.00014910666504874825,0,-0.0201,0.0199
8483805,,8483805,8,-0.00017223044415004551,0.00014910666504874825,0,-0.0202,0.0198
8483805,,8483805,9,-0.0002076001255773008,0.00014910666504874825,0,-0.0202,0.0198
8483805,,8483805,10,-0.00023920861713122576,0.00014910666504874825,0,-0.0202,0.0198
8483805,,8483805,11,-0.0002780962095130235,0.00014910666504874825,0,-0.0203,0.0197
8483805,,8483805,12,-0.00030413310742005706,0.00014910666504874825,0,-0.0203,0.0197
8483805,,8483805,13,-0.0003226749540772289,0.00014910666504874825,0,-0.0203,0.0197
8483805,,8483805,14,-0.0003318997332826257,0.00014910666504874825,0,-0.0203,0.0197
8483805,,8483805,15,-0.00034198423963971436,0.00014910666504874825,0,-0.0203,0.0197
8483805,,8483805,16,-0.0003618813934735954,0.00014910666504874825,0,-0.0204,0.0196
8483805,,8483805,17,-0.00038954446790739894,0.00014910666504874825,0,-0.0204,0.0196
8483805,,8483805,18,-0.000406956096412614,0.00014910666504874825,0,-0.0204,0.0196
8483805,,8483805,19,-0.00041921332012861967,0.00014910666504874825,0,-0.0204,0.0196
8483805,,8483805,20,-0.00043657392961904407,0.00014910666504874825,0,-0.0204,0.0196
8483805,,8483805,21,-0.00045665656216442585,0.00014910666504874825,0,-0.0205,0.0195
8483805,,8483805,22,-0.00046457804273813963,0.00014910666504874825,0,-0.0205,0.0195
8483805,,8483805,23,-0.0004662894061766565,0.00014910666504874825,0,-0.0205,0.0195
8483805,,8483805,24,-0.0004550596931949258,0.00014910666504874825,0,-0.0205,0.0195
8483805,,8483805,25,-0.0004409756511449814,0.00014910666504874825,0,-0.0204,0.0196
8483805,,8483805,26,-0.0004507419071160257,0.00014910666504874825,0,-0.0205,0.0195
8483805,,8483805,27,-0.0004538832581602037,0.00014910666504874825,0,-0.0205,0.0195
8483805,,8483805,28,-0.0004606712609529495,0.00014910666504874825,0,-0.0205,0.0195
8483805,,8483805,29,-0.00046454460243694484,0.00014910666504874825,0,-0.0205,0.0195
8483805,,8483805,30,-0.00046806689351797104,0.00014910666504874825,0,-0.0205,0.0195
8483805,,8483805,31,-0.0004681768477894366,0.00014910666504874825,0,-0.0205,0.0195
8483805,,8483805,32,-0.000465979625005275,0.00014910666504874825,0,-0.0205,0.0195
8483805,,8483805,33,-0.0004632545169442892,0.00014910666504874825,0,-0.0205,0.0195
8483805,,8483805,34,-0.0004597913066390902,0.00014910666504874825,0,-0.0205,0.0195
8483805,,8483805,35,-0.00045885384315624833,0.00014910666504874825,0,-0.0205,0.0195
Frederik Andersen,CAR,8475883,0,0.012312887236475945,0.013004385866224766,0,-0.0077,0.0323
Frederik Andersen,CAR,8475883,1,0.012003522366285324,0.013004385866224766,12,0.0062,0.0178
Frederik Andersen,CAR,8475883,2,0.011646479368209839,0.013004385866224766,24,0.0075,0.0157
Frederik Andersen,CAR,8475883,3,0.011378680355846882,0.013004385866224766,55,0.0087,0.0141
Frederik Andersen,CAR,8475883,4,0.011226184666156769,0.013004385866224766,29,0.0075,0.0149
Frederik Andersen,CAR,8475883,5,0.010976298712193966,0.013004385866224766,77,0.0087,0.0133
Frederik Andersen,CAR,8475883,6,0.01084741111844778,0.013004385866224766,77,0.0085,0.0131
Frederik Andersen,CAR,8475883,7,0.010715894401073456,0.013004385866224766,28,0.0069,0.0145
Frederik Andersen,CAR,8475883,8,0.010576586239039898,0.013004385866224766,58,0.008,0.0132
Frederik Andersen,CAR,8475883,9,0.010496308095753193,0.013004385866224766,51,0.0077,0.0133
Frederik Andersen,CAR,8475883,10,0.01044711284339428,0.013004385866224766,30,0.0067,0.0141
Frederik Andersen,CAR,8475883,11,0.010515676811337471,0.013004385866224766,26,0.0066,0.0144
Frederik Andersen,CAR,8475883,12,0.010795790702104568,0.013004385866224766,0,-0.0092,0.0308
Frederik Andersen,CAR,8475883,13,0.011085251346230507,0.013004385866224766,0,-0.0089,0.0311
Frederik Andersen,CAR,8475883,14,0.011381826363503933,0.013004385866224766,40,0.0082,0.0146
Frederik Andersen,CAR,8475883,15,0.011845177039504051,0.013004385866224766,75,0.0095,0.0141
Frederik Andersen,CAR,8475883,16,0.012398204766213894,0.013004385866224766,21,0.008,0.0168
Frederik Andersen,CAR,8475883,17,0.012956058606505394,0.013004385866224766,52,0.0102,0.0158
Frederik Andersen,CAR,8475883,18,0.01338482927531004,0.013004385866224766,28,0.0096,0.0172
Frederik Andersen,CAR,8475883,19,0.013799924403429031,0.013004385866224766,56,0.0111,0.0165
Frederik Andersen,CAR,8475883,20,0.014150246977806091,0.013004385866224766,0,-0.0058,0.0342
Frederik Andersen,CAR,8475883,21,0.014495257288217545,0.013004385866224766,34,0.0111,0.0179
Frederik Andersen,CAR,8475883,22,0.014829758554697037,0.013004385866224766,53,0.0121,0.0175
Frederik Andersen,CAR,8475883,23,0.015055414289236069,0.013004385866224766,63,0.0126,0.0176
Frederik Andersen,CAR,8475883,24,0.015259113162755966,0.013004385866224766,35,0.0119,0.0187
Frederik Andersen,CAR,8475883,25,0.015794584527611732,0.013004385866224766,58,0.0132,0.0184
Frederik Andersen,CAR,8475883,26,0.016320761293172836,0.013004385866224766,60,0.0137,0.0189
Frederik Andersen,CAR,8475883,27,0.016693715006113052,0.013004385866224766,25,0.0127,0.0207
Frederik Andersen,CAR,8475883,28,0.016956022009253502,0.013004385866224766,119,0.0152,0.0188
Frederik Andersen,CAR,8475883,29,0.01664518192410469,0.013004385866224766,19,0.012,0.0212
Frederik Andersen,CAR,8475883,30,0.016220303252339363,0.013004385866224766,78,0.0139,0.0185
Frederik Andersen,CAR,8475883,31,0.015549110248684883,0.013004385866224766,0,-0.0045,0.0355
Frederik Andersen,CAR,8475883,32,0.01488480158150196,0.013004385866224766,48,0.012,0.0178
Frederik Andersen,CAR,8475883,33,0.014517958275973797,0.013004385866224766,26,0.0106,0.0184
Frederik Andersen,CAR,8475883,34,0.014111126773059368,0.013004385866224766,82,0.0119,0.0163
Frederik Andersen,CAR,8475883,35,0.014113115146756172,0.013004385866224766,0,-0.0059,0.0341
Alexandar Georgiev,,8480382,0,-0.029349012300372124,-0.029889632016420364,0,-0.0493,-0.0093
Alexandar Georgiev,,8480382,1,-0.029109545052051544,-0.029889632016420364,78,-0.0314,-0.0268
Alexandar Georgiev,,8480382,2,-0.02908572368323803,-0.029889632016420364,29,-0.0328,-0.0254
Alexandar Georgiev,,8480382,3,-0.02911328338086605,-0.029889632016420364,0,-0.0491,-0.0091
Alexandar Georgiev,,8480382,4,-0.02914859913289547,-0.029889632016420364,0,-0.0491,-0.0091
Alexandar Georgiev,,8480382,5,-0.029173053801059723,-0.029889632016420364,0,-0.0492,-0.0092
Alexandar Georgiev,,8480382,6,-0.029208160936832428,-0.029889632016420364,0,-0.0492,-0.0092
Alexandar Georgiev,,8480382,7,-0.029244892299175262,-0.029889632016420364,0,-0.0492,-0.0092
Alexandar Georgiev,,8480382,8,-0.029284803196787834,-0.029889632016420364,0,-0.0493,-0.0093
Alexandar Georgiev,,8480382,9,-0.02931784838438034,-0.029889632016420364,0,-0.0493,-0.0093
Alexandar Georgiev,,8480382,10,-0.029351793229579926,-0.029889632016420364,0,-0.0494,-0.0094
Alexandar Georgiev,,8480382,11,-0.02938968688249588,-0.029889632016420364,0,-0.0494,-0.0094
Alexandar Georgiev,,8480382,12,-0.029414881020784378,-0.029889632016420364,0,-0.0494,-0.0094
Alexandar Georgiev,,8480382,13,-0.02943594381213188,-0.029889632016420364,0,-0.0494,-0.0094
Alexandar Georgiev,,8480382,14,-0.029441311955451965,-0.029889632016420364,0,-0.0494,-0.0094
Alexandar Georgiev,,8480382,15,-0.02945592999458313,-0.029889632016420364,0,-0.0495,-0.0095
Alexandar Georgiev,,8480382,16,-0.029471462592482567,-0.029889632016420364,0,-0.0495,-0.0095
Alexandar Georgiev,,8480382,17,-0.0295029915869236,-0.029889632016420364,0,-0.0495,-0.0095
Alexandar Georgiev,,8480382,18,-0.029517047107219696,-0.029889632016420364,0,-0.0495,-0.0095
Alexandar Georgiev,,8480382,19,-0.02953183464705944,-0.029889632016420364,0,-0.0495,-0.0095
Alexandar Georgiev,,8480382,20,-0.029547499492764473,-0.029889632016420364,0,-0.0495,-0.0095
Alexandar Georgiev,,8480382,21,-0.02956877462565899,-0.029889632016420364,0,-0.0496,-0.0096
Alexandar Georgiev,,8480382,22,-0.029575681313872337,-0.029889632016420364,0,-0.0496,-0.0096
Alexandar Georgiev,,8480382,23,-0.029578741639852524,-0.029889632016420364,0,-0.0496,-0.0096
Alexandar Georgiev,,8480382,24,-0.029565829783678055,-0.029889632016420364,0,-0.0496,-0.0096
Alexandar Georgiev,,8480382,25,-0.029553094878792763,-0.029889632016420364,0,-0.0496,-0.0096
Alexandar Georgiev,,8480382,26,-0.02956201881170273,-0.029889632016420364,0,-0.0496,-0.0096
Alexandar Georgiev,,8480382,27,-0.029565827921032906,-0.029889632016420364,0,-0.0496,-0.0096
Alexandar Georgiev,,8480382,28,-0.029572123661637306,-0.029889632016420364,0,-0.0496,-0.0096
Alexandar Georgiev,,8480382,29,-0.029576316475868225,-0.029889632016420364,0,-0.0496,-0.0096
Alexandar Georgiev,,8480382,30,-0.029579689726233482,-0.029889632016420364,0,-0.0496,-0.0096
Alexandar Georgiev,,8480382,31,-0.02957995794713497,-0.029889632016420364,0,-0.0496,-0.0096
Alexandar Georgiev,,8480382,32,-0.029576754197478294,-0.029889632016420364,0,-0.0496,-0.0096
Alexandar Georgiev,,8480382,33,-0.029576215893030167,-0.029889632016420364,0,-0.0496,-0.0096
Alexandar Georgiev,,8480382,34,-0.02957022935152054,-0.029889632016420364,0,-0.0496,-0.0096
Alexandar Georgiev,,8480382,35,-0.02957099862396717,-0.029889632016420364,0,-0.0496,-0.0096
8480867,,8480867,0,-0.00010723924788180739,-4.4635387894231826e-05,0,-0.0201,0.0199
8480867,,8480867,1,-0.0001368238590657711,-4.4635387894231826e-05,0,-0.0201,0.0199
8480867,,8480867,2,-0.0001673618971835822,-4.4635387894231826e-05,0,-0.0202,0.0198
8480867,,8480867,3,-0.00019685793085955083,-4.4635387894231826e-05,0,-0.0202,0.0198
8480867,,8480867,4,-0.00022966554388403893,-4.4635387894231826e-05,0,-0.0202,0.0198
8480867,,8480867,5,-0.00025580619694665074,-4.4635387894231826e-05,0,-0.0203,0.0197
8480867,,8480867,6,-0.0002899233077187091,-4.4635387894231826e-05,0,-0.0203,0.0197
8480867,,8480867,7,-0.0003278239455539733,-4.4635387894231826e-05,0,-0.0203,0.0197
8480867,,8480867,8,-0.00036607374204322696,-4.4635387894231826e-05,0,-0.0204,0.0196
8480867,,8480867,9,-0.0004014720325358212,-4.4635387894231826e-05,0,-0.0204,0.0196
8480867,,8480867,10,-0.00043307634769007564,-4.4635387894231826e-05,0,-0.0204,0.0196
8480867,,8480867,11,-0.00047198557876981795,-4.4635387894231826e-05,0,-0.0205,0.0195
8480867,,8480867,12,-0.0004980247467756271,-4.4635387894231826e-05,0,-0.0205,0.0195
8480867,,8480867,13,-0.0005165769252926111,-4.4635387894231826e-05,0,-0.0205,0.0195
8480867,,8480867,14,-0.0005258155870251358,-4.4635387894231826e-05,0,-0.0205,0.0195
8480867,,8480867,15,-0.0005359044298529625,-4.4635387894231826e-05,0,-0.0205,0.0195
8480867,,8480867,16,-0.0005558077828027308,-4.4635387894231826e-05,0,-0.0206,0.0194
8480867,,8480867,17,-0.000583481858484447,-4.4635387894231826e-05,0,-0.0206,0.0194
8480867,,8480867,18,-0.0006009001517668366,-4.4635387894231826e-05,0,-0.0206,0.0194
8480867,,8480867,19,-0.0006131702102720737,-4.4635387894231826e-05,0,-0.0206,0.0194
8480867,,8480867,20,-0.000630524882581085,-4.4635387894231826e-05,0,-0.0206,0.0194
8480867,,8480867,21,-0.0006506243371404707,-4.4635387894231826e-05,0,-0.0207,0.0193
8480867,,8480867,22,-0.0006585438968613744,-4.4635387894231826e-05,0,-0.0207,0.0193
8480867,,8480867,23,-0.0006602667272090912,-4.4635387894231826e-05,0,-0.0207,0.0193
8480867,,8480867,24,-0.0006490387604571879,-4.4635387894231826e-05,0,-0.0206,0.0194
8480867,,8480867,25,-0.0006349590257741511,-4.4635387894231826e-05,0,-0.0206,0.0194
8480867,,8480867,26,-0.0006447354098781943,-4.4635387894231826e-05,0,-0.0206,0.0194
8480867,,8480867,27,-0.0006478665163740516,-4.4635387894231826e-05,0,-0.0206,0.0194
8480867,,8480867,28,-0.0006546771619468927,-4.4635387894231826e-05,0,-0.0207,0.0193
8480867,,8480867,29,-0.0006585317896679044,-4.4635387894231826e-05,0,-0.0207,0.0193
8480867,,8480867,30,-0.0006620768108405173,-4.4635387894231826e-05,0,-0.0207,0.0193
8480867,,8480867,31,-0.0006621743668802083,-4.4635387894231826e-05,0,-0.0207,0.0193
8480867,,8480867,32,-0.0006599819753319025,-4.4635387894231826e-05,0,-0.0207,0.0193
8480867,,8480867,33,-0.0006572648417204618,-4.4635387894231826e-05,0,-0.0207,0.0193
8480867,,8480867,34,-0.0006537908921018243,-4.4635387894231826e-05,0,-0.0207,0.0193
8480867,,8480867,35,-0.0006528821540996432,-4.4635387894231826e-05,0,-0.0207,0.0193
8484835,,8484835,0,0.002732291119173169,0.0027947225607931614,0,-0.0173,0.0227
8484835,,8484835,1,0.0027027209289371967,0.0027947225607931614,0,-0.0173,0.0227
8484835,,8484835,2,0.0026722673792392015,0.0027947225607931614,0,-0.0173,0.0227
8484835,,8484835,3,0.002642872976139188,0.0027947225607931614,0,-0.0174,0.0226
8484835,,8484835,4,0.002609993563964963,0.0027947225607931614,0,-0.0174,0.0226
8484835,,8484835,5,0.0025842003524303436,0.0027947225607931614,0,-0.0174,0.0226
8484835,,8484835,6,0.002549953293055296,0.0027947225607931614,0,-0.0175,0.0225
8484835,,8484835,7,0.0025120722129940987,0.0027947225607931614,0,-0.0175,0.0225
8484835,,8484835,8,0.0024741273373365402,0.0027947225607931614,0,-0.0175,0.0225
8484835,,8484835,9,0.0024385431315749884,0.0027947225607931614,0,-0.0176,0.0224
8484835,,8484835,10,0.00240716733969748,0.0027947225607931614,0,-0.0176,0.0224
8484835,,8484835,11,0.0023682601749897003,0.0027947225607931614,0,-0.0176,0.0224
8484835,,8484835,12,0.002342258347198367,0.0027947225607931614,0,-0.0177,0.0223
8484835,,8484835,13,0.002323801862075925,0.0027947225607931614,0,-0.0177,0.0223
8484835,,8484835,14,0.00231458549387753,0.0027947225607931614,0,-0.0177,0.0223
8484835,,8484835,15,0.0023046243004500866,0.0027947225607931614,0,-0.0177,0.0223
8484835,,8484835,16,0.002284672809764743,0.0027947225607931614,0,-0.0177,0.0223
8484835,,8484835,17,0.002257062355056405,0.0027947225607931614,0,-0.0177,0.0223
8484835,,8484835,18,0.002239737194031477,0.0027947225607931614,0,-0.0178,0.0222
8484835,,8484835,19,0.0022274600341916084,0.0027947225607931614,0,-0.0178,0.0222
8484835,,8484835,20,0.0022101756185293198,0.0027947225607931614,0,-0.0178,0.0222
8484835,,8484835,21,0.002190106548368931,0.0027947225607931614,0,-0.0178,0.0222
8484835,,8484835,22,0.0021822256967425346,0.0027947225607931614,0,-0.0178,0.0222
8484835,,8484835,23,0.002180472481995821,0.0027947225607931614,0,-0.0178,0.0222
8484835,,8484835,24,0.002191901905462146,0.0027947225607931614,0,-0.0178,0.0222
8484835,,8484835,25,0.0022057723253965378,0.0027947225607931614,0,-0.0178,0.0222
8484835,,8484835,26,0.00219620019197464,0.0027947225607931614,0,-0.0178,0.0222
8484835,,8484835,27,0.002193017629906535,0.0027947225607931614,0,-0.0178,0.0222
8484835,,8484835,28,0.002186234574764967,0.0027947225607931614,0,-0.0178,0.0222
8484835,,8484835,29,0.0021823719143867493,0.0027947225607931614,0,-0.0178,0.0222
8484835,,8484835,30,0.0021789497695863247,0.0027947225607931614,0,-0.0178,0.0222
8484835,,8484835,31,0.002178692724555731,0.0027947225607931614,0,-0.0178,0.0222
8484835,,8484835,32,0.002181107411161065,0.0027947225607931614,0,-0.0178,0.0222
8484835,,8484835,33,0.00218349602073431,0.0027947225607931614,0,-0.0178,0.0222
8484835,,8484835,34,0.002187473466619849,0.0027947225607931614,0,-0.0178,0.0222
8484835,,8484835,35,0.002188066951930523,0.0027947225607931614,0,-0.0178,0.0222
Marc-Andre Fleury,,8470594,0,-0.0012113109696656466,-0.0013087199768051505,0,-0.0212,0.0188
Marc-Andre Fleury,,8470594,1,-0.0011701361509039998,-0.0013087199768051505,14,-0.0065,0.0041
Marc-Andre Fleury,,8470594,2,-0.0012004184536635876,-0.0013087199768051505,0,-0.0212,0.0188
Marc-Andre Fleury,,8470594,3,-0.0012301401002332568,-0.0013087199768051505,0,-0.0212,0.0188
Marc-Andre Fleury,,8470594,4,-0.0012627370888367295,-0.0013087199768051505,0,-0.0213,0.0187
Marc-Andre Fleury,,8470594,5,-0.0012890631332993507,-0.0013087199768051505,0,-0.0213,0.0187
Marc-Andre Fleury,,8470594,6,-0.0013230135664343834,-0.0013087199768051505,0,-0.0213,0.0187
Marc-Andre Fleury,,8470594,7,-0.0013610151363536716,-0.0013087199768051505,0,-0.0214,0.0186
Marc-Andre Fleury,,8470594,8,-0.0013991823652759194,-0.0013087199768051505,0,-0.0214,0.0186
Marc-Andre Fleury,,8470594,9,-0.0014346939278766513,-0.0013087199768051505,0,-0.0214,0.0186
Marc-Andre Fleury,,8470594,10,-0.0014661102322861552,-0.0013087199768051505,0,-0.0215,0.0185
Marc-Andre Fleury,,8470594,11,-0.001505254302173853,-0.0013087199768051505,0,-0.0215,0.0185
Marc-Andre Fleury,,8470594,12,-0.0015310513554140925,-0.0013087199768051505,0,-0.0215,0.0185
Marc-Andre Fleury,,8470594,13,-0.001549803651869297,-0.0013087199768051505,0,-0.0215,0.0185
Marc-Andre Fleury,,8470594,14,-0.0015588311944156885,-0.0013087199768051505,0,-0.0216,0.0184
Marc-Andre Fleury,,8470594,15,-0.0015691358130425215,-0.0013087199768051505,0,-0.0216,0.0184
Marc-Andre Fleury,,8470594,16,-0.0015888523776084185,-0.0013087199768051505,0,-0.0216,0.0184
Marc-Andre Fleury,,8470594,17,-0.001616655383259058,-0.0013087199768051505,0,-0.0216,0.0184
Marc-Andre Fleury,,8470594,18,-0.0016339707653969526,-0.0013087199768051505,0,-0.0216,0.0184
Marc-Andre Fleury,,8470594,19,-0.0016463305801153183,-0.0013087199768051505,0,-0.0216,0.0184
Marc-Andre Fleury,,8470594,20,-0.0016636117361485958,-0.0013087199768051505,0,-0.0217,0.0183
Marc-Andre Fleury,,8470594,21,-0.0016837271396070719,-0.0013087199768051505,0,-0.0217,0.0183
Marc-Andre Fleury,,8470594,22,-0.0016916522290557623,-0.0013087199768051505,0,-0.0217,0.0183
Marc-Andre Fleury,,8470594,23,-0.0016934049781411886,-0.0013087199768051505,0,-0.0217,0.0183
Marc-Andre Fleury,,8470594,24,-0.0016820775344967842,-0.0013087199768051505,0,-0.0217,0.0183
Marc-Andre Fleury,,8470594,25,-0.0016681286506354809,-0.0013087199768051505,0,-0.0217,0.0183
Marc-Andre Fleury,,8470594,26,-0.0016777771525084972,-0.0013087199768051505,0,-0.0217,0.0183
Marc-Andre Fleury,,8470594,27,-0.0016810439992696047,-0.0013087199768051505,0,-0.0217,0.0183
Marc-Andre Fleury,,8470594,28,-0.0016876677982509136,-0.0013087199768051505,0,-0.0217,0.0183
Marc-Andre Fleury,,8470594,29,-0.0016917143948376179,-0.0013087199768051505,0,-0.0217,0.0183
Marc-Andre Fleury,,8470594,30,-0.0016951189609244466,-0.0013087199768051505,0,-0.0217,0.0183
Marc-Andre Fleury,,8470594,31,-0.0016953246667981148,-0.0013087199768051505,0,-0.0217,0.0183
Marc-Andre Fleury,,8470594,32,-0.0016929920529946685,-0.0013087199768051505,0,-0.0217,0.0183
Marc-Andre Fleury,,8470594,33,-0.0016904312651604414,-0.0013087199768051505,0,-0.0217,0.0183
Marc-Andre Fleury,,8470594,34,-0.0016868349630385637,-0.0013087199768051505,0,-0.0217,0.0183
Marc-Andre Fleury,,8470594,35,-0.001685991883277893,-0.0013087199768051505,0,-0.0217,0.0183
Connor Hellebuyck,WPG,8476945,0,0.026790855452418327,0.028097018599510193,0,0.0068,0.0468
Connor Hellebuyck,WPG,8476945,1,0.026207219809293747,0.028097018599510193,0,0.0062,0.0462
Connor Hellebuyck,WPG,8476945,2,0.025623347610235214,0.028097018599510193,56,0.0229,0.0283
Connor Hellebuyck,WPG,8476945,3,0.025214731693267822,0.028097018599510193,60,0.0226,0.0278
Connor Hellebuyck,WPG,8476945,4,0.02503925934433937,0.028097018599510193,63,0.0225,0.0275
Connor Hellebuyck,WPG,8476945,5,0.024681435897946358,0.028097018599510193,111,0.0228,0.0266
Connor Hellebuyck,WPG,8476945,6,0.0241780374199152,0.028097018599510193,88,0.0221,0.0263
Connor Hellebuyck,WPG,8476945,7,0.02367202565073967,0.028097018599510193,61,0.0211,0.0263
Connor Hellebuyck,WPG,8476945,8,0.023001786321401596,0.028097018599510193,102,0.021,0.025
Connor Hellebuyck,WPG,8476945,9,0.02239963226020336,0.028097018599510193,0,0.0024,0.0424
Connor Hellebuyck,WPG,8476945,10,0.02180088311433792,0.028097018599510193,0,0.0018,0.0418
Connor Hellebuyck,WPG,8476945,11,0.021193496882915497,0.028097018599510193,0,0.0012,0.0412
Connor Hellebuyck,WPG,8476945,12,0.020600931718945503,0.028097018599510193,25,0.0166,0.0246
Connor Hellebuyck,WPG,8476945,13,0.01987575553357601,0.028097018599510193,125,0.0181,0.0217
Connor Hellebuyck,WPG,8476945,14,0.01920103095471859,0.028097018599510193,27,0.0154,0.023
Connor Hellebuyck,WPG,8476945,15,0.018641706556081772,0.028097018599510193,77,0.0163,0.0209
Connor Hellebuyck,WPG,8476945,16,0.018006883561611176,0.028097018599510193,119,0.0162,0.0198
Connor Hellebuyck,WPG,8476945,17,0.017383713275194168,0.028097018599510193,109,0.0155,0.0193
Connor Hellebuyck,WPG,8476945,18,0.01684676855802536,0.028097018599510193,102,0.0148,0.0188
Connor Hellebuyck,WPG,8476945,19,0.016316955909132957,0.028097018599510193,71,0.0139,0.0187
Connor Hellebuyck,WPG,8476945,20,0.015660444274544716,0.028097018599510193,68,0.0133,0.0181
Connor Hellebuyck,WPG,8476945,21,0.015092479065060616,0.028097018599510193,53,0.0124,0.0178
Connor Hellebuyck,WPG,8476945,22,0.014519562013447285,0.028097018599510193,112,0.0126,0.0164
Connor Hellebuyck,WPG,8476945,23,0.014084088616073132,0.028097018599510193,114,0.0122,0.016
Connor Hellebuyck,WPG,8476945,24,0.014119062572717667,0.028097018599510193,99,0.0121,0.0161
Connor Hellebuyck,WPG,8476945,25,0.013885516673326492,0.028097018599510193,93,0.0118,0.016
Connor Hellebuyck,WPG,8476945,26,0.013636845164000988,0.028097018599510193,91,0.0115,0.0157
Connor Hellebuyck,WPG,8476945,27,0.013536181300878525,0.028097018599510193,34,0.0101,0.0169
Connor Hellebuyck,WPG,8476945,28,0.013529936783015728,0.028097018599510193,0,-0.0065,0.0335
Connor Hellebuyck,WPG,8476945,29,0.013525832444429398,0.028097018599510193,0,-0.0065,0.0335
Connor Hellebuyck,WPG,8476945,30,0.013522294349968433,0.028097018599510193,0,-0.0065,0.0335
Connor Hellebuyck,WPG,8476945,31,0.013522112742066383,0.028097018599510193,0,-0.0065,0.0335
Connor Hellebuyck,WPG,8476945,32,0.013524645939469337,0.028097018599510193,0,-0.0065,0.0335
Connor Hellebuyck,WPG,8476945,33,0.013526863418519497,0.028097018599510193,0,-0.0065,0.0335
Connor Hellebuyck,WPG,8476945,34,0.013530752621591091,0.028097018599510193,0,-0.0065,0.0335
Connor Hellebuyck,WPG,8476945,35,0.013531574979424477,0.028097018599510193,0,-0.0065,0.0335
Thomas Milic,WPG,8483114,0,-0.005606646649539471,-0.004991678986698389,14,-0.0109,-0.0003
Thomas Milic,WPG,8483114,1,-0.005830024369060993,-0.004991678986698389,0,-0.0258,0.0142
Thomas Milic,WPG,8483114,2,-0.0060546621680259705,-0.004991678986698389,0,-0.0261,0.0139
Thomas Milic,WPG,8483114,3,-0.006277584005147219,-0.004991678986698389,0,-0.0263,0.0137
Thomas Milic,WPG,8483114,4,-0.006504909135401249,-0.004991678986698389,0,-0.0265,0.0135
Thomas Milic,WPG,8483114,5,-0.006724637933075428,-0.004991678986698389,0,-0.0267,0.0133
Thomas Milic,WPG,8483114,6,-0.006952753756195307,-0.004991678986698389,0,-0.027,0.013
Thomas Milic,WPG,8483114,7,-0.007184622809290886,-0.004991678986698389,0,-0.0272,0.0128
Thomas Milic,WPG,8483114,8,-0.007416614796966314,-0.004991678986698389,0,-0.0274,0.0126
Thomas Milic,WPG,8483114,9,-0.007646217476576567,-0.004991678986698389,0,-0.0276,0.0124
Thomas Milic,WPG,8483114,10,-0.007871223613619804,-0.004991678986698389,41,-0.011,-0.0048
Thomas Milic,WPG,8483114,11,-0.007953276857733727,-0.004991678986698389,44,-0.011,-0.005
Thomas Milic,WPG,8483114,12,-0.007979027926921844,-0.004991678986698389,0,-0.028,0.012
Thomas Milic,WPG,8483114,13,-0.00799788348376751,-0.004991678986698389,0,-0.028,0.012
Thomas Milic,WPG,8483114,14,-0.00800698809325695,-0.004991678986698389,0,-0.028,0.012
Thomas Milic,WPG,8483114,15,-0.008017418906092644,-0.004991678986698389,0,-0.028,0.012
Thomas Milic,WPG,8483114,16,-0.008037100546061993,-0.004991678986698389,0,-0.028,0.012
Thomas Milic,WPG,8483114,17,-0.008065232075750828,-0.004991678986698389,0,-0.0281,0.0119
Thomas Milic,WPG,8483114,18,-0.008082211017608643,-0.004991678986698389,0,-0.0281,0.0119
Thomas Milic,WPG,8483114,19,-0.00809510052204132,-0.004991678986698389,0,-0.0281,0.0119
Thomas Milic,WPG,8483114,20,-0.008111880160868168,-0.004991678986698389,0,-0.0281,0.0119
Thomas Milic,WPG,8483114,21,-0.008132758550345898,-0.004991678986698389,0,-0.0281,0.0119
Thomas Milic,WPG,8483114,22,-0.008140143007040024,-0.004991678986698389,0,-0.0281,0.0119
Thomas Milic,WPG,8483114,23,-0.00814221054315567,-0.004991678986698389,0,-0.0281,0.0119
Thomas Milic,WPG,8483114,24,-0.008130941540002823,-0.004991678986698389,0,-0.0281,0.0119
Thomas Milic,WPG,8483114,25,-0.008116827346384525,-0.004991678986698389,0,-0.0281,0.0119
Thomas Milic,WPG,8483114,26,-0.008126882836222649,-0.004991678986698389,0,-0.0281,0.0119
Thomas Milic,WPG,8483114,27,-0.0081297243013978,-0.004991678986698389,0,-0.0281,0.0119
Thomas Milic,WPG,8483114,28,-0.008136766962707043,-0.004991678986698389,0,-0.0281,0.0119
Thomas Milic,WPG,8483114,29,-0.008140694350004196,-0.004991678986698389,0,-0.0281,0.0119
Thomas Milic,WPG,8483114,30,-0.008143965154886246,-0.004991678986698389,0,-0.0281,0.0119
Thomas Milic,WPG,8483114,31,-0.008144630119204521,-0.004991678986698389,0,-0.0281,0.0119
Thomas Milic,WPG,8483114,32,-0.008141778409481049,-0.004991678986698389,0,-0.0281,0.0119
Thomas Milic,WPG,8483114,33,-0.008139615878462791,-0.004991678986698389,0,-0.0281,0.0119
Thomas Milic,WPG,8483114,34,-0.008135857991874218,-0.004991678986698389,0,-0.0281,0.0119
Thomas Milic,WPG,8483114,35,-0.008135206997394562,-0.004991678986698389,0,-0.0281,0.0119
Adin Hill,VGK,8478499,0,-0.021091552451252937,-0.01953611895442009,0,-0.0411,-0.0011
Adin Hill,VGK,8478499,1,-0.021785646677017212,-0.01953611895442009,51,-0.0246,-0.019
Adin Hill,VGK,8478499,2,-0.022551698610186577,-0.01953611895442009,21,-0.027,-0.0182
Adin Hill,VGK,8478499,3,-0.023246843367815018,-0.01953611895442009,64,-0.0257,-0.0207
Adin Hill,VGK,8478499,4,-0.02398144081234932,-0.01953611895442009,51,-0.0268,-0.0212
Adin Hill,VGK,8478499,5,-0.024782754480838776,-0.01953611895442009,5,-0.0337,-0.0159
Adin Hill,VGK,8478499,6,-0.02561293914914131,-0.01953611895442009,0,-0.0456,-0.0056
Adin Hill,VGK,8478499,7,-0.02644352801144123,-0.01953611895442009,0,-0.0464,-0.0064
Adin Hill,VGK,8478499,8,-0.027279658243060112,-0.01953611895442009,0,-0.0473,-0.0073
Adin Hill,VGK,8478499,9,-0.028107065707445145,-0.01953611895442009,0,-0.0481,-0.0081
Adin Hill,VGK,8478499,10,-0.028935052454471588,-0.01953611895442009,0,-0.0489,-0.0089
Adin Hill,VGK,8478499,11,-0.029768485575914383,-0.01953611895442009,0,-0.0498,-0.0098
Adin Hill,VGK,8478499,12,-0.0305893886834383,-0.01953611895442009,0,-0.0506,-0.0106
Adin Hill,VGK,8478499,13,-0.03140449523925781,-0.01953611895442009,0,-0.0514,-0.0114
Adin Hill,VGK,8478499,14,-0.032203394919633865,-0.01953611895442009,0,-0.0522,-0.0122
Adin Hill,VGK,8478499,15,-0.0330158956348896,-0.01953611895442009,0,-0.053,-0.013
Adin Hill,VGK,8478499,16,-0.03382362425327301,-0.01953611895442009,0,-0.0538,-0.0138
Adin Hill,VGK,8478499,17,-0.03465218469500542,-0.01953611895442009,38,-0.0379,-0.0315
Adin Hill,VGK,8478499,18,-0.035288162529468536,-0.01953611895442009,113,-0.0372,-0.0334
Adin Hill,VGK,8478499,19,-0.03550851717591286,-0.01953611895442009,73,-0.0378,-0.0332
Adin Hill,VGK,8478499,20,-0.035609763115644455,-0.01953611895442009,34,-0.039,-0.0322
Adin Hill,VGK,8478499,21,-0.03583620861172676,-0.01953611895442009,42,-0.0389,-0.0327
Adin Hill,VGK,8478499,22,-0.03589760512113571,-0.01953611895442009,80,-0.0381,-0.0337
Adin Hill,VGK,8478499,23,-0.036205947399139404,-0.01953611895442009,58,-0.0388,-0.0336
Adin Hill,VGK,8478499,24,-0.03637528792023659,-0.01953611895442009,87,-0.0385,-0.0343
Adin Hill,VGK,8478499,25,-0.036224059760570526,-0.01953611895442009,22,-0.0405,-0.0319
Adin Hill,VGK,8478499,26,-0.03612392023205757,-0.01953611895442009,50,-0.0389,-0.0333
Adin Hill,VGK,8478499,27,-0.0361340306699276,-0.01953611895442009,0,-0.0561,-0.0161
Adin Hill,VGK,8478499,28,-0.03613278269767761,-0.01953611895442009,0,-0.0561,-0.0161
Adin Hill,VGK,8478499,29,-0.036145687103271484,-0.01953611895442009,0,-0.0561,-0.0161
Adin Hill,VGK,8478499,30,-0.03613949939608574,-0.01953611895442009,0,-0.0561,-0.0161
Adin Hill,VGK,8478499,31,-0.03614998608827591,-0.01953611895442009,0,-0.0561,-0.0161
Adin Hill,VGK,8478499,32,-0.03613907843828201,-0.01953611895442009,0,-0.0561,-0.0161
Adin Hill,VGK,8478499,33,-0.036140717566013336,-0.01953611895442009,0,-0.0561,-0.0161
Adin Hill,VGK,8478499,34,-0.03613691404461861,-0.01953611895442009,0,-0.0561,-0.0161
Adin Hill,VGK,8478499,35,-0.036134667694568634,-0.01953611895442009,0,-0.0561,-0.0161
Jaxson Stauber,UTA,8483530,0,-0.0202865581959486,-0.019588133320212364,5,-0.0292,-0.0114
Jaxson Stauber,UTA,8483530,1,-0.020550744608044624,-0.019588133320212364,16,-0.0256,-0.0156
Jaxson Stauber,UTA,8483530,2,-0.020580260083079338,-0.019588133320212364,0,-0.0406,-0.0006
Jaxson Stauber,UTA,8483530,3,-0.02061004564166069,-0.019588133320212364,0,-0.0406,-0.0006
Jaxson Stauber,UTA,8483530,4,-0.02064364030957222,-0.019588133320212364,0,-0.0406,-0.0006
Jaxson Stauber,UTA,8483530,5,-0.020669719204306602,-0.019588133320212364,0,-0.0407,-0.0007
Jaxson Stauber,UTA,8483530,6,-0.020704936236143112,-0.019588133320212364,0,-0.0407,-0.0007
Jaxson Stauber,UTA,8483530,7,-0.020741768181324005,-0.019588133320212364,0,-0.0407,-0.0007
Jaxson Stauber,UTA,8483530,8,-0.020780934020876884,-0.019588133320212364,0,-0.0408,-0.0008
Jaxson Stauber,UTA,8483530,9,-0.02081657573580742,-0.019588133320212364,0,-0.0408,-0.0008
Jaxson Stauber,UTA,8483530,10,-0.02084791474044323,-0.019588133320212364,0,-0.0408,-0.0008
Jaxson Stauber,UTA,8483530,11,-0.02088872343301773,-0.019588133320212364,0,-0.0409,-0.0009
Jaxson Stauber,UTA,8483530,12,-0.020911967381834984,-0.019588133320212364,0,-0.0409,-0.0009
Jaxson Stauber,UTA,8483530,13,-0.020934084430336952,-0.019588133320212364,0,-0.0409,-0.0009
Jaxson Stauber,UTA,8483530,14,-0.020940497517585754,-0.019588133320212364,0,-0.0409,-0.0009
Jaxson Stauber,UTA,8483530,15,-0.020953470841050148,-0.019588133320212364,0,-0.041,-0.001
Jaxson Stauber,UTA,8483530,16,-0.020971037447452545,-0.019588133320212364,0,-0.041,-0.001
Jaxson Stauber,UTA,8483530,17,-0.021000565961003304,-0.019588133320212364,0,-0.041,-0.001
Jaxson Stauber,UTA,8483530,18,-0.021017806604504585,-0.019588133320212364,0,-0.041,-0.001
Jaxson Stauber,UTA,8483530,19,-0.02103007398545742,-0.019588133320212364,0,-0.041,-0.001
Jaxson Stauber,UTA,8483530,20,-0.021047569811344147,-0.019588133320212364,0,-0.041,-0.001
Jaxson Stauber,UTA,8483530,21,-0.021067310124635696,-0.019588133320212364,0,-0.0411,-0.0011
Jaxson Stauber,UTA,8483530,22,-0.02107652835547924,-0.019588133320212364,0,-0.0411,-0.0011
Jaxson Stauber,UTA,8483530,23,-0.021077534183859825,-0.019588133320212364,0,-0.0411,-0.0011
Jaxson Stauber,UTA,8483530,24,-0.021066246554255486,-0.019588133320212364,0,-0.0411,-0.0011
Jaxson Stauber,UTA,8483530,25,-0.021052775904536247,-0.019588133320212364,0,-0.0411,-0.0011
Jaxson Stauber,UTA,8483530,26,-0.021062800660729408,-0.019588133320212364,0,-0.0411,-0.0011
Jaxson Stauber,UTA,8483530,27,-0.02106485329568386,-0.019588133320212364,0,-0.0411,-0.0011
Jaxson Stauber,UTA,8483530,28,-0.02107340469956398,-0.019588133320212364,0,-0.0411,-0.0011
Jaxson Stauber,UTA,8483530,29,-0.021075313910841942,-0.019588133320212364,0,-0.0411,-0.0011
Jaxson Stauber,UTA,8483530,30,-0.02108159102499485,-0.019588133320212364,0,-0.0411,-0.0011
Jaxson Stauber,UTA,8483530,31,-0.021078888326883316,-0.019588133320212364,0,-0.0411,-0.0011
Jaxson Stauber,UTA,8483530,32,-0.021078569814562798,-0.019588133320212364,0,-0.0411,-0.0011
Jaxson Stauber,UTA,8483530,33,-0.021075205877423286,-0.019588133320212364,0,-0.0411,-0.0011
Jaxson Stauber,UTA,8483530,34,-0.021071748808026314,-0.019588133320212364,0,-0.0411,-0.0011
Jaxson Stauber,UTA,8483530,35,-0.02107151970267296,-0.019588133320212364,0,-0.0411,-0.0011
Kevin Lankinen,VAN,8480947,0,-0.03105177730321884,-0.02980513870716095,0,-0.0511,-0.0111
Kevin Lankinen,VAN,8480947,1,-0.031598132103681564,-0.02980513870716095,25,-0.0356,-0.0276
Kevin Lankinen,VAN,8480947,2,-0.03211047872900963,-0.02980513870716095,34,-0.0355,-0.0287
Kevin Lankinen,VAN,8480947,3,-0.03276559337973595,-0.02980513870716095,0,-0.0528,-0.0128
Kevin Lankinen,VAN,8480947,4,-0.033435460180044174,-0.02980513870716095,88,-0.0355,-0.0313
Kevin Lankinen,VAN,8480947,5,-0.03420872986316681,-0.02980513870716095,62,-0.0367,-0.0317
Kevin Lankinen,VAN,8480947,6,-0.034917037934064865,-0.02980513870716095,41,-0.038,-0.0318
Kevin Lankinen,VAN,8480947,7,-0.035816583782434464,-0.02980513870716095,117,-0.0376,-0.034
Kevin Lankinen,VAN,8480947,8,-0.03663145750761032,-0.02980513870716095,120,-0.0384,-0.0348
Kevin Lankinen,VAN,8480947,9,-0.03787152096629143,-0.02980513870716095,52,-0.0407,-0.0351
Kevin Lankinen,VAN,8480947,10,-0.038671523332595825,-0.02980513870716095,27,-0.0425,-0.0349
Kevin Lankinen,VAN,8480947,11,-0.03951440751552582,-0.02980513870716095,75,-0.0418,-0.0372
Kevin Lankinen,VAN,8480947,12,-0.040260493755340576,-0.02980513870716095,21,-0.0447,-0.0359
Kevin Lankinen,VAN,8480947,13,-0.040820423513650894,-0.02980513870716095,49,-0.0437,-0.0379
Kevin Lankinen,VAN,8480947,14,-0.04145655408501625,-0.02980513870716095,0,-0.0615,-0.0215
Kevin Lankinen,VAN,8480947,15,-0.04209093749523163,-0.02980513870716095,66,-0.0446,-0.0396
Kevin Lankinen,VAN,8480947,16,-0.04300547391176224,-0.02980513870716095,50,-0.0458,-0.0402
Kevin Lankinen,VAN,8480947,17,-0.043883487582206726,-0.02980513870716095,95,-0.046,-0.0418
Kevin Lankinen,VAN,8480947,18,-0.04498012363910675,-0.02980513870716095,146,-0.0467,-0.0433
Kevin Lankinen,VAN,8480947,19,-0.04610623046755791,-0.02980513870716095,8,-0.0532,-0.039
Kevin Lankinen,VAN,8480947,20,-0.047009438276290894,-0.02980513870716095,70,-0.0494,-0.0446
Kevin Lankinen,VAN,8480947,21,-0.04743899032473564,-0.02980513870716095,36,-0.0507,-0.0441
Kevin Lankinen,VAN,8480947,22,-0.04784639924764633,-0.02980513870716095,0,-0.0678,-0.0278
Kevin Lankinen,VAN,8480947,23,-0.048256490379571915,-0.02980513870716095,122,-0.0501,-0.0465
Kevin Lankinen,VAN,8480947,24,-0.04860180243849754,-0.02980513870716095,92,-0.0507,-0.0465
Kevin Lankinen,VAN,8480947,25,-0.048963554203510284,-0.02980513870716095,78,-0.0513,-0.0467
Kevin Lankinen,VAN,8480947,26,-0.04897233098745346,-0.02980513870716095,41,-0.0521,-0.0459
Kevin Lankinen,VAN,8480947,27,-0.04896872118115425,-0.02980513870716095,85,-0.0512,-0.0468
Kevin Lankinen,VAN,8480947,28,-0.0489749051630497,-0.02980513870716095,0,-0.069,-0.029
Kevin Lankinen,VAN,8480947,29,-0.04897741600871086,-0.02980513870716095,0,-0.069,-0.029
Kevin Lankinen,VAN,8480947,30,-0.04898229241371155,-0.02980513870716095,0,-0.069,-0.029
Kevin Lankinen,VAN,8480947,31,-0.04898037388920784,-0.02980513870716095,0,-0.069,-0.029
Kevin Lankinen,VAN,8480947,32,-0.048982199281454086,-0.02980513870716095,0,-0.069,-0.029
Kevin Lankinen,VAN,8480947,33,-0.048974115401506424,-0.02980513870716095,0,-0.069,-0.029
Kevin Lankinen,VAN,8480947,34,-0.04897500202059746,-0.02980513870716095,0,-0.069,-0.029
Kevin Lankinen,VAN,8480947,35,-0.048972081393003464,-0.02980513870716095,0,-0.069,-0.029
Spencer Martin,NYR,8477484,0,-0.030135780572891235,-0.029504068195819855,0,-0.0501,-0.0101
Spencer Martin,NYR,8477484,1,-0.03041589818894863,-0.029504068195819855,0,-0.0504,-0.0104
Spencer Martin,NYR,8477484,2,-0.030702177435159683,-0.029504068195819855,0,-0.0507,-0.0107
Spencer Martin,NYR,8477484,3,-0.030979696661233902,-0.029504068195819855,0,-0.051,-0.011
Spencer Martin,NYR,8477484,4,-0.03126974031329155,-0.029504068195819855,0,-0.0513,-0.0113
Spencer Martin,NYR,8477484,5,-0.03154657036066055,-0.029504068195819855,0,-0.0515,-0.0115
Spencer Martin,NYR,8477484,6,-0.03183422237634659,-0.029504068195819855,0,-0.0518,-0.0118
Spencer Martin,NYR,8477484,7,-0.032122816890478134,-0.029504068195819855,0,-0.0521,-0.0121
Spencer Martin,NYR,8477484,8,-0.03241676464676857,-0.029504068195819855,0,-0.0524,-0.0124
Spencer Martin,NYR,8477484,9,-0.03270316496491432,-0.029504068195819855,0,-0.0527,-0.0127
Spencer Martin,NYR,8477484,10,-0.03298644348978996,-0.029504068195819855,0,-0.053,-0.013
Spencer Martin,NYR,8477484,11,-0.03327902406454086,-0.029504068195819855,0,-0.0533,-0.0133
Spencer Martin,NYR,8477484,12,-0.033559732139110565,-0.029504068195819855,0,-0.0536,-0.0136
Spencer Martin,NYR,8477484,13,-0.03382726013660431,-0.029504068195819855,0,-0.0538,-0.0138
Spencer Martin,NYR,8477484,14,-0.03409114480018616,-0.029504068195819855,0,-0.0541,-0.0141
Spencer Martin,NYR,8477484,15,-0.034353215247392654,-0.029504068195819855,0,-0.0544,-0.0144
Spencer Martin,NYR,8477484,16,-0.034628529101610184,-0.029504068195819855,18,-0.0393,-0.0299
Spencer Martin,NYR,8477484,17,-0.034633226692676544,-0.029504068195819855,54,-0.0373,-0.0319
Spencer Martin,NYR,8477484,18,-0.03473688289523125,-0.029504068195819855,62,-0.0372,-0.0322
Spencer Martin,NYR,8477484,19,-0.03483625128865242,-0.029504068195819855,37,-0.0381,-0.0315
Spencer Martin,NYR,8477484,20,-0.03485764190554619,-0.029504068195819855,0,-0.0549,-0.0149
Spencer Martin,NYR,8477484,21,-0.03487415984272957,-0.029504068195819855,0,-0.0549,-0.0149
Spencer Martin,NYR,8477484,22,-0.034885525703430176,-0.029504068195819855,0,-0.0549,-0.0149
Spencer Martin,NYR,8477484,23,-0.03488398715853691,-0.029504068195819855,0,-0.0549,-0.0149
Spencer Martin,NYR,8477484,24,-0.03487652540206909,-0.029504068195819855,0,-0.0549,-0.0149
Spencer Martin,NYR,8477484,25,-0.03485884144902229,-0.029504068195819855,0,-0.0549,-0.0149
Spencer Martin,NYR,8477484,26,-0.034871023148298264,-0.029504068195819855,0,-0.0549,-0.0149
Spencer Martin,NYR,8477484,27,-0.03487389162182808,-0.029504068195819855,0,-0.0549,-0.0149
Spencer Martin,NYR,8477484,28,-0.03487974405288696,-0.029504068195819855,0,-0.0549,-0.0149
Spencer Martin,NYR,8477484,29,-0.034884653985500336,-0.029504068195819855,0,-0.0549,-0.0149
Spencer Martin,NYR,8477484,30,-0.03488823398947716,-0.029504068195819855,0,-0.0549,-0.0149
Spencer Martin,NYR,8477484,31,-0.034886691719293594,-0.029504068195819855,0,-0.0549,-0.0149
Spencer Martin,NYR,8477484,32,-0.03488854691386223,-0.029504068195819855,0,-0.0549,-0.0149
Spencer Martin,NYR,8477484,33,-0.034879811108112335,-0.029504068195819855,0,-0.0549,-0.0149
Spencer Martin,NYR,8477484,34,-0.03488272428512573,-0.029504068195819855,0,-0.0549,-0.0149
Spencer Martin,NYR,8477484,35,-0.034877799451351166,-0.029504068195819855,0,-0.0549,-0.0149
Jonas Johansson,TBL,8477992,0,-0.0040366495959460735,-0.0034890915267169476,0,-0.024,0.016
Jonas Johansson,TBL,8477992,1,-0.004280897323042154,-0.0034890915267169476,46,-0.0072,-0.0014
Jonas Johansson,TBL,8477992,2,-0.004696644376963377,-0.0034890915267169476,0,-0.0247,0.0153
Jonas Johansson,TBL,8477992,3,-0.005109547637403011,-0.0034890915267169476,0,-0.0251,0.0149
Jonas Johansson,TBL,8477992,4,-0.005527299363166094,-0.0034890915267169476,79,-0.0078,-0.0032
Jonas Johansson,TBL,8477992,5,-0.00568918464705348,-0.0034890915267169476,40,-0.0089,-0.0025
Jonas Johansson,TBL,8477992,6,-0.005768744740635157,-0.0034890915267169476,29,-0.0095,-0.0021
Jonas Johansson,TBL,8477992,7,-0.0058691231533885,-0.0034890915267169476,0,-0.0259,0.0141
Jonas Johansson,TBL,8477992,8,-0.005969797261059284,-0.0034890915267169476,29,-0.0097,-0.0023
Jonas Johansson,TBL,8477992,9,-0.005865091923624277,-0.0034890915267169476,39,-0.0091,-0.0027
Jonas Johansson,TBL,8477992,10,-0.005696421954780817,-0.0034890915267169476,20,-0.0102,-0.0012
Jonas Johansson,TBL,8477992,11,-0.005531942937523127,-0.0034890915267169476,59,-0.0081,-0.0029
Jonas Johansson,TBL,8477992,12,-0.0054864902049303055,-0.0034890915267169476,128,-0.0073,-0.0037
Jonas Johansson,TBL,8477992,13,-0.005887241568416357,-0.0034890915267169476,18,-0.0106,-0.0012
Jonas Johansson,TBL,8477992,14,-0.00609350111335516,-0.0034890915267169476,50,-0.0089,-0.0033
Jonas Johansson,TBL,8477992,15,-0.006372751202434301,-0.0034890915267169476,30,-0.0101,-0.0027
Jonas Johansson,TBL,8477992,16,-0.0067358482629060745,-0.0034890915267169476,0,-0.0267,0.0133
Jonas Johansson,TBL,8477992,17,-0.007107062265276909,-0.0034890915267169476,31,-0.0107,-0.0035
Jonas Johansson,TBL,8477992,18,-0.007628879975527525,-0.0034890915267169476,38,-0.0108,-0.0044
Jonas Johansson,TBL,8477992,19,-0.007862415164709091,-0.0034890915267169476,0,-0.0279,0.0121
Jonas Johansson,TBL,8477992,20,-0.008102110587060452,-0.0034890915267169476,0,-0.0281,0.0119
Jonas Johansson,TBL,8477992,21,-0.008343824185431004,-0.0034890915267169476,50,-0.0111,-0.0055
Jonas Johansson,TBL,8477992,22,-0.008466812781989574,-0.0034890915267169476,0,-0.0285,0.0115
Jonas Johansson,TBL,8477992,23,-0.008584165014326572,-0.0034890915267169476,46,-0.0115,-0.0057
Jonas Johansson,TBL,8477992,24,-0.008569630794227123,-0.0034890915267169476,35,-0.012,-0.0052
Jonas Johansson,TBL,8477992,25,-0.008550740778446198,-0.0034890915267169476,0,-0.0286,0.0114
Jonas Johansson,TBL,8477992,26,-0.008556315675377846,-0.0034890915267169476,42,-0.0117,-0.0055
Jonas Johansson,TBL,8477992,27,-0.008558923378586769,-0.0034890915267169476,0,-0.0286,0.0114
Jonas Johansson,TBL,8477992,28,-0.00856613926589489,-0.0034890915267169476,0,-0.0286,0.0114
Jonas Johansson,TBL,8477992,29,-0.00857007596641779,-0.0034890915267169476,0,-0.0286,0.0114
Jonas Johansson,TBL,8477992,30,-0.008573111146688461,-0.0034890915267169476,0,-0.0286,0.0114
Jonas Johansson,TBL,8477992,31,-0.008573963306844234,-0.0034890915267169476,0,-0.0286,0.0114
Jonas Johansson,TBL,8477992,32,-0.008570674806833267,-0.0034890915267169476,0,-0.0286,0.0114
Jonas Johansson,TBL,8477992,33,-0.008569380268454552,-0.0034890915267169476,0,-0.0286,0.0114
Jonas Johansson,TBL,8477992,34,-0.008564064279198647,-0.0034890915267169476,0,-0.0286,0.0114
Jonas Johansson,TBL,8477992,35,-0.00856483168900013,-0.0034890915267169476,0,-0.0286,0.0114
Juuse Saros,NSH,8477424,0,-0.040772609412670135,-0.03949861600995064,11,-0.0468,-0.0348
Juuse Saros,NSH,8477424,1,-0.041306477040052414,-0.03949861600995064,22,-0.0456,-0.037
Juuse Saros,NSH,8477424,2,-0.041881952434778214,-0.03949861600995064,27,-0.0457,-0.0381
Juuse Saros,NSH,8477424,3,-0.04246225953102112,-0.03949861600995064,65,-0.045,-0.04
Juuse Saros,NSH,8477424,4,-0.04304085671901703,-0.03949861600995064,103,-0.045,-0.041
Juuse Saros,NSH,8477424,5,-0.044005319476127625,-0.03949861600995064,110,-0.0459,-0.0421
Juuse Saros,NSH,8477424,6,-0.044636320322752,-0.03949861600995064,107,-0.0465,-0.0427
Juuse Saros,NSH,8477424,7,-0.04512721300125122,-0.03949861600995064,66,-0.0476,-0.0426
Juuse Saros,NSH,8477424,8,-0.04560396820306778,-0.03949861600995064,77,-0.0479,-0.0433
Juuse Saros,NSH,8477424,9,-0.045797839760780334,-0.03949861600995064,32,-0.0493,-0.0423
Juuse Saros,NSH,8477424,10,-0.046147968620061874,-0.03949861600995064,52,-0.0489,-0.0433
Juuse Saros,NSH,8477424,11,-0.04609624668955803,-0.03949861600995064,93,-0.0482,-0.044
Juuse Saros,NSH,8477424,12,-0.046118877828121185,-0.03949861600995064,69,-0.0485,-0.0437
Juuse Saros,NSH,8477424,13,-0.04617267847061157,-0.03949861600995064,97,-0.0482,-0.0442
Juuse Saros,NSH,8477424,14,-0.04632088541984558,-0.03949861600995064,64,-0.0488,-0.0438
Juuse Saros,NSH,8477424,15,-0.04665843024849892,-0.03949861600995064,105,-0.0487,-0.0447
Juuse Saros,NSH,8477424,16,-0.046918753534555435,-0.03949861600995064,109,-0.0488,-0.045
Juuse Saros,NSH,8477424,17,-0.047471556812524796,-0.03949861600995064,85,-0.0497,-0.0453
Juuse Saros,NSH,8477424,18,-0.04802948236465454,-0.03949861600995064,81,-0.0502,-0.0458
Juuse Saros,NSH,8477424,19,-0.048143915832042694,-0.03949861600995064,66,-0.0506,-0.0456
Juuse Saros,NSH,8477424,20,-0.04819619283080101,-0.03949861600995064,82,-0.0504,-0.046
Juuse Saros,NSH,8477424,21,-0.047920018434524536,-0.03949861600995064,36,-0.0512,-0.0446
Juuse Saros,NSH,8477424,22,-0.04769266024231911,-0.03949861600995064,98,-0.0497,-0.0457
Juuse Saros,NSH,8477424,23,-0.04779914394021034,-0.03949861600995064,83,-0.05,-0.0456
Juuse Saros,NSH,8477424,24,-0.04819387197494507,-0.03949861600995064,78,-0.0505,-0.0459
Juuse Saros,NSH,8477424,25,-0.04848567768931389,-0.03949861600995064,79,-0.0508,-0.0462
Juuse Saros,NSH,8477424,26,-0.04860683158040047,-0.03949861600995064,87,-0.0507,-0.0465
Juuse Saros,NSH,8477424,27,-0.048726074397563934,-0.03949861600995064,43,-0.0517,-0.0457
Juuse Saros,NSH,8477424,28,-0.048729147762060165,-0.03949861600995064,0,-0.0687,-0.0287
Juuse Saros,NSH,8477424,29,-0.04873501509428024,-0.03949861600995064,0,-0.0687,-0.0287
Juuse Saros,NSH,8477424,30,-0.04873720929026604,-0.03949861600995064,0,-0.0687,-0.0287
Juuse Saros,NSH,8477424,31,-0.048739317804574966,-0.03949861600995064,0,-0.0687,-0.0287
Juuse Saros,NSH,8477424,32,-0.04873478040099144,-0.03949861600995064,0,-0.0687,-0.0287
Juuse Saros,NSH,8477424,33,-0.04873340204358101,-0.03949861600995064,0,-0.0687,-0.0287
Juuse Saros,NSH,8477424,34,-0.04872925952076912,-0.03949861600995064,0,-0.0687,-0.0287
Juuse Saros,NSH,8477424,35,-0.04872901737689972,-0.03949861600995064,0,-0.0687,-0.0287
Nikita Tolopilo,VAN,8484268,0,-0.0015876677352935076,-0.0012585450895130634,19,-0.0062,0.003
Nikita Tolopilo,VAN,8484268,1,-0.001747593516483903,-0.0012585450895130634,5,-0.0106,0.0072
Nikita Tolopilo,VAN,8484268,2,-0.0019303017761558294,-0.0012585450895130634,0,-0.0219,0.0181
Nikita Tolopilo,VAN,8484268,3,-0.0021121951285749674,-0.0012585450895130634,0,-0.0221,0.0179
Nikita Tolopilo,VAN,8484268,4,-0.0022974282037466764,-0.0012585450895130634,0,-0.0223,0.0177
Nikita Tolopilo,VAN,8484268,5,-0.0024758747313171625,-0.0012585450895130634,0,-0.0225,0.0175
Nikita Tolopilo,VAN,8484268,6,-0.0026623792946338654,-0.0012585450895130634,0,-0.0227,0.0173
Nikita Tolopilo,VAN,8484268,7,-0.0028527243994176388,-0.0012585450895130634,0,-0.0229,0.0171
Nikita Tolopilo,VAN,8484268,8,-0.0030431768391281366,-0.0012585450895130634,0,-0.023,0.017
Nikita Tolopilo,VAN,8484268,9,-0.003231161506846547,-0.0012585450895130634,0,-0.0232,0.0168
Nikita Tolopilo,VAN,8484268,10,-0.0034150045830756426,-0.0012585450895130634,70,-0.0058,-0.001
Nikita Tolopilo,VAN,8484268,11,-0.0037104920484125614,-0.0012585450895130634,38,-0.0069,-0.0005
Nikita Tolopilo,VAN,8484268,12,-0.004134410992264748,-0.0012585450895130634,8,-0.0112,0.003
Nikita Tolopilo,VAN,8484268,13,-0.004619371611624956,-0.0012585450895130634,0,-0.0246,0.0154
Nikita Tolopilo,VAN,8484268,14,-0.005094512831419706,-0.0012585450895130634,0,-0.0251,0.0149
Nikita Tolopilo,VAN,8484268,15,-0.005571155343204737,-0.0012585450895130634,0,-0.0256,0.0144
Nikita Tolopilo,VAN,8484268,16,-0.006057014688849449,-0.0012585450895130634,0,-0.0261,0.0139
Nikita Tolopilo,VAN,8484268,17,-0.006551079917699099,-0.0012585450895130634,99,-0.0086,-0.0046
Nikita Tolopilo,VAN,8484268,18,-0.006823231466114521,-0.0012585450895130634,0,-0.0268,0.0132
Nikita Tolopilo,VAN,8484268,19,-0.0070905922912061214,-0.0012585450895130634,135,-0.0088,-0.0054
Nikita Tolopilo,VAN,8484268,20,-0.008036122657358646,-0.0012585450895130634,0,-0.028,0.012
Nikita Tolopilo,VAN,8484268,21,-0.008984758518636227,-0.0012585450895130634,41,-0.0121,-0.0059
Nikita Tolopilo,VAN,8484268,22,-0.009939993731677532,-0.0012585450895130634,63,-0.0124,-0.0074
Nikita Tolopilo,VAN,8484268,23,-0.010594465769827366,-0.0012585450895130634,0,-0.0306,0.0094
Nikita Tolopilo,VAN,8484268,24,-0.011237994767725468,-0.0012585450895130634,12,-0.017,-0.0054
Nikita Tolopilo,VAN,8484268,25,-0.011526905000209808,-0.0012585450895130634,76,-0.0138,-0.0092
Nikita Tolopilo,VAN,8484268,26,-0.011460063979029655,-0.0012585450895130634,117,-0.0133,-0.0097
Nikita Tolopilo,VAN,8484268,27,-0.011461845599114895,-0.0012585450895130634,0,-0.0315,0.0085
Nikita Tolopilo,VAN,8484268,28,-0.011470059864223003,-0.0012585450895130634,0,-0.0315,0.0085
Nikita Tolopilo,VAN,8484268,29,-0.011472734622657299,-0.0012585450895130634,0,-0.0315,0.0085
Nikita Tolopilo,VAN,8484268,30,-0.011477106250822544,-0.0012585450895130634,0,-0.0315,0.0085
Nikita Tolopilo,VAN,8484268,31,-0.011476529762148857,-0.0012585450895130634,0,-0.0315,0.0085
Nikita Tolopilo,VAN,8484268,32,-0.011474831029772758,-0.0012585450895130634,0,-0.0315,0.0085
Nikita Tolopilo,VAN,8484268,33,-0.011471605859696865,-0.0012585450895130634,0,-0.0315,0.0085
Nikita Tolopilo,VAN,8484268,34,-0.011469054967164993,-0.0012585450895130634,0,-0.0315,0.0085
Nikita Tolopilo,VAN,8484268,35,-0.011467060074210167,-0.0012585450895130634,0,-0.0315,0.0085
Karel Vejmelka,UTA,8478872,0,0.021316055208444595,0.021774770691990852,0,0.0013,0.0413
Karel Vejmelka,UTA,8478872,1,0.0211133174598217,0.021774770691990852,15,0.0159,0.0263
Karel Vejmelka,UTA,8478872,2,0.021126365289092064,0.021774770691990852,22,0.0168,0.0254
Karel Vejmelka,UTA,8478872,3,0.02129584364593029,0.021774770691990852,58,0.0187,0.0239
Karel Vejmelka,UTA,8478872,4,0.0214530099183321,0.021774770691990852,49,0.0186,0.0244
Karel Vejmelka,UTA,8478872,5,0.02137015573680401,0.021774770691990852,99,0.0194,0.0234
Karel Vejmelka,UTA,8478872,6,0.021309664472937584,0.021774770691990852,63,0.0188,0.0238
Karel Vejmelka,UTA,8478872,7,0.021671829745173454,0.021774770691990852,55,0.019,0.0244
Karel Vejmelka,UTA,8478872,8,0.022319316864013672,0.021774770691990852,60,0.0197,0.0249
Karel Vejmelka,UTA,8478872,9,0.023062411695718765,0.021774770691990852,101,0.0211,0.0251
Karel Vejmelka,UTA,8478872,10,0.023944787681102753,0.021774770691990852,80,0.0217,0.0261
Karel Vejmelka,UTA,8478872,11,0.02464773692190647,0.021774770691990852,89,0.0225,0.0267
Karel Vejmelka,UTA,8478872,12,0.025187859311699867,0.021774770691990852,133,0.0235,0.0269
Karel Vejmelka,UTA,8478872,13,0.026281442493200302,0.021774770691990852,82,0.0241,0.0285
Karel Vejmelka,UTA,8478872,14,0.027320895344018936,0.021774770691990852,0,0.0073,0.0473
Karel Vejmelka,UTA,8478872,15,0.02835284359753132,0.021774770691990852,52,0.0256,0.0312
Karel Vejmelka,UTA,8478872,16,0.029467005282640457,0.021774770691990852,104,0.0275,0.0315
Karel Vejmelka,UTA,8478872,17,0.030171100050210953,0.021774770691990852,85,0.028,0.0324
Karel Vejmelka,UTA,8478872,18,0.03072507306933403,0.021774770691990852,69,0.0283,0.0331
Karel Vejmelka,UTA,8478872,19,0.031060248613357544,0.021774770691990852,102,0.0291,0.0331
Karel Vejmelka,UTA,8478872,20,0.031004836782813072,0.021774770691990852,66,0.0285,0.0335
Karel Vejmelka,UTA,8478872,21,0.030782517045736313,0.021774770691990852,64,0.0283,0.0333
Karel Vejmelka,UTA,8478872,22,0.030557209625840187,0.021774770691990852,91,0.0285,0.0327
Karel Vejmelka,UTA,8478872,23,0.030582010746002197,0.021774770691990852,99,0.0286,0.0326
Karel Vejmelka,UTA,8478872,24,0.03035576641559601,0.021774770691990852,71,0.028,0.0328
Karel Vejmelka,UTA,8478872,25,0.03021867759525776,0.021774770691990852,60,0.0276,0.0328
Karel Vejmelka,UTA,8478872,26,0.03013795055449009,0.021774770691990852,104,0.0281,0.0321
Karel Vejmelka,UTA,8478872,27,0.030045902356505394,0.021774770691990852,93,0.0279,0.0321
Karel Vejmelka,UTA,8478872,28,0.030018441379070282,0.021774770691990852,67,0.0276,0.0324
Karel Vejmelka,UTA,8478872,29,0.02988777868449688,0.021774770691990852,133,0.0282,0.0316
Karel Vejmelka,UTA,8478872,30,0.029888229444622993,0.021774770691990852,0,0.0099,0.0499
Karel Vejmelka,UTA,8478872,31,0.0298849456012249,0.021774770691990852,0,0.0099,0.0499
Karel Vejmelka,UTA,8478872,32,0.02988915517926216,0.021774770691990852,0,0.0099,0.0499
Karel Vejmelka,UTA,8478872,33,0.029890701174736023,0.021774770691990852,0,0.0099,0.0499
Karel Vejmelka,UTA,8478872,34,0.029895011335611343,0.021774770691990852,0,0.0099,0.0499
Karel Vejmelka,UTA,8478872,35,0.029895413666963577,0.021774770691990852,0,0.0099,0.0499
8475789,,8475789,0,0.004659738857299089,0.004722585901618004,0,-0.0153,0.0247
8475789,,8475789,1,0.004630946554243565,0.004722585901618004,0,-0.0154,0.0246
8475789,,8475789,2,0.004599712323397398,0.004722585901618004,0,-0.0154,0.0246
8475789,,8475789,3,0.0045710657723248005,0.004722585901618004,0,-0.0154,0.0246
8475789,,8475789,4,0.004537632688879967,0.004722585901618004,0,-0.0155,0.0245
8475789,,8475789,5,0.004512541461735964,0.004722585901618004,0,-0.0155,0.0245
8475789,,8475789,6,0.004477549809962511,0.004722585901618004,0,-0.0155,0.0245
8475789,,8475789,7,0.004440681543201208,0.004722585901618004,0,-0.0156,0.0244
8475789,,8475789,8,0.0044018421322107315,0.004722585901618004,0,-0.0156,0.0244
8475789,,8475789,9,0.004367059096693993,0.004722585901618004,0,-0.0156,0.0244
8475789,,8475789,10,0.0043349736370146275,0.004722585901618004,0,-0.0157,0.0243
8475789,,8475789,11,0.004297052975744009,0.004722585901618004,0,-0.0157,0.0243
8475789,,8475789,12,0.004270066041499376,0.004722585901618004,0,-0.0157,0.0243
8475789,,8475789,13,0.004252655431628227,0.004722585901618004,0,-0.0157,0.0243
8475789,,8475789,14,0.004242472350597382,0.004722585901618004,0,-0.0158,0.0242
8475789,,8475789,15,0.004233385436236858,0.004722585901618004,0,-0.0158,0.0242
8475789,,8475789,16,0.004212944768369198,0.004722585901618004,0,-0.0158,0.0242
8475789,,8475789,17,0.0041855559684336185,0.004722585901618004,0,-0.0158,0.0242
8475789,,8475789,18,0.004168430343270302,0.004722585901618004,0,-0.0158,0.0242
8475789,,8475789,19,0.004155848175287247,0.004722585901618004,0,-0.0158,0.0242
8475789,,8475789,20,0.0041387807577848434,0.004722585901618004,0,-0.0159,0.0241
8475789,,8475789,21,0.004118695855140686,0.004722585901618004,0,-0.0159,0.0241
8475789,,8475789,22,0.0041108387522399426,0.004722585901618004,0,-0.0159,0.0241
8475789,,8475789,23,0.004109129775315523,0.004722585901618004,0,-0.0159,0.0241
8475789,,8475789,24,0.004120664205402136,0.004722585901618004,0,-0.0159,0.0241
8475789,,8475789,25,0.004134197719395161,0.004722585901618004,0,-0.0159,0.0241
8475789,,8475789,26,0.004125187639147043,0.004722585901618004,0,-0.0159,0.0241
8475789,,8475789,27,0.004121496342122555,0.004722585901618004,0,-0.0159,0.0241
8475789,,8475789,28,0.0041152723133563995,0.004722585901618004,0,-0.0159,0.0241
8475789,,8475789,29,0.004110688343644142,0.004722585901618004,0,-0.0159,0.0241
8475789,,8475789,30,0.004108093213289976,0.004722585901618004,0,-0.0159,0.0241
8475789,,8475789,31,0.004107173997908831,0.004722585901618004,0,-0.0159,0.0241
8475789,,8475789,32,0.004109930247068405,0.004722585901618004,0,-0.0159,0.0241
8475789,,8475789,33,0.004112365655601025,0.004722585901618004,0,-0.0159,0.0241
8475789,,8475789,34,0.004116136115044355,0.004722585901618004,0,-0.0159,0.0241
8475789,,8475789,35,0.004116960801184177,0.004722585901618004,0,-0.0159,0.0241
8479609,,8479609,0,0.004548386204987764,0.0046106972731649876,0,-0.0155,0.0245
8479609,,8479609,1,0.004518785048276186,0.0046106972731649876,0,-0.0155,0.0245
8479609,,8479609,2,0.0044884271919727325,0.0046106972731649876,0,-0.0155,0.0245
8479609,,8479609,3,0.00445898063480854,0.0046106972731649876,0,-0.0155,0.0245
8479609,,8479609,4,0.004426298663020134,0.0046106972731649876,0,-0.0156,0.0244
8479609,,8479609,5,0.004400491714477539,0.0046106972731649876,0,-0.0156,0.0244
8479609,,8479609,6,0.004366251174360514,0.0046106972731649876,0,-0.0156,0.0244
8479609,,8479609,7,0.004328500013798475,0.0046106972731649876,0,-0.0157,0.0243
8479609,,8479609,8,0.0042905379086732864,0.0046106972731649876,0,-0.0157,0.0243
8479609,,8479609,9,0.004254912957549095,0.0046106972731649876,0,-0.0157,0.0243
8479609,,8479609,10,0.004223914816975594,0.0046106972731649876,0,-0.0158,0.0242
8479609,,8479609,11,0.0041844830848276615,0.0046106972731649876,0,-0.0158,0.0242
8479609,,8479609,12,0.00415908545255661,0.0046106972731649876,0,-0.0158,0.0242
8479609,,8479609,13,0.004140330944210291,0.0046106972731649876,0,-0.0159,0.0241
8479609,,8479609,14,0.004131235182285309,0.0046106972731649876,0,-0.0159,0.0241
8479609,,8479609,15,0.004121349658817053,0.0046106972731649876,0,-0.0159,0.0241
8479609,,8479609,16,0.004101326689124107,0.0046106972731649876,0,-0.0159,0.0241
8479609,,8479609,17,0.004073893651366234,0.0046106972731649876,0,-0.0159,0.0241
8479609,,8479609,18,0.004056430421769619,0.0046106972731649876,0,-0.0159,0.0241
8479609,,8479609,19,0.004044349305331707,0.0046106972731649876,0,-0.016,0.024
8479609,,8479609,20,0.004026943817734718,0.0046106972731649876,0,-0.016,0.024
8479609,,8479609,21,0.004006983712315559,0.0046106972731649876,0,-0.016,0.024
8479609,,8479609,22,0.003999167587608099,0.0046106972731649876,0,-0.016,0.024
8479609,,8479609,23,0.0039972057566046715,0.0046106972731649876,0,-0.016,0.024
8479609,,8479609,24,0.004008905962109566,0.0046106972731649876,0,-0.016,0.024
8479609,,8479609,25,0.00402277335524559,0.0046106972731649876,0,-0.016,0.024
8479609,,8479609,26,0.00401313416659832,0.0046106972731649876,0,-0.016,0.024
8479609,,8479609,27,0.004009735304862261,0.0046106972731649876,0,-0.016,0.024
8479609,,8479609,28,0.004003635607659817,0.0046106972731649876,0,-0.016,0.024
8479609,,8479609,29,0.003999008797109127,0.0046106972731649876,0,-0.016,0.024
8479609,,8479609,30,0.003996077924966812,0.0046106972731649876,0,-0.016,0.024
8479609,,8479609,31,0.003995744977146387,0.0046106972731649876,0,-0.016,0.024
8479609,,8479609,32,0.0039979564025998116,0.0046106972731649876,0,-0.016,0.024
8479609,,8479609,33,0.00400064280256629,0.0046106972731649876,0,-0.016,0.024
8479609,,8479609,34,0.004004412796348333,0.0046106972731649876,0,-0.016,0.024
8479609,,8479609,35,0.004005195572972298,0.0046106972731649876,0,-0.016,0.024
Aleksei Kolosov,PHI,8482783,0,-0.02886103093624115,-0.027900835499167442,19,-0.0335,-0.0243
Aleksei Kolosov,PHI,8482783,1,-0.029230933636426926,-0.027900835499167442,20,-0.0337,-0.0247
Aleksei Kolosov,PHI,8482783,2,-0.029638344421982765,-0.027900835499167442,0,-0.0496,-0.0096
Aleksei Kolosov,PHI,8482783,3,-0.030039792880415916,-0.027900835499167442,0,-0.05,-0.01
Aleksei Kolosov,PHI,8482783,4,-0.03044806607067585,-0.027900835499167442,0,-0.0504,-0.0104
Aleksei Kolosov,PHI,8482783,5,-0.03085017204284668,-0.027900835499167442,0,-0.0509,-0.0109
Aleksei Kolosov,PHI,8482783,6,-0.031257398426532745,-0.027900835499167442,28,-0.0351,-0.0275
Aleksei Kolosov,PHI,8482783,7,-0.03158124163746834,-0.027900835499167442,0,-0.0516,-0.0116
Aleksei Kolosov,PHI,8482783,8,-0.031905919313430786,-0.027900835499167442,0,-0.0519,-0.0119
Aleksei Kolosov,PHI,8482783,9,-0.03222624212503433,-0.027900835499167442,0,-0.0522,-0.0122
Aleksei Kolosov,PHI,8482783,10,-0.03254276514053345,-0.027900835499167442,0,-0.0525,-0.0125
Aleksei Kolosov,PHI,8482783,11,-0.03286860138177872,-0.027900835499167442,0,-0.0529,-0.0129
Aleksei Kolosov,PHI,8482783,12,-0.03317921981215477,-0.027900835499167442,0,-0.0532,-0.0132
Aleksei Kolosov,PHI,8482783,13,-0.0334833525121212,-0.027900835499167442,0,-0.0535,-0.0135
Aleksei Kolosov,PHI,8482783,14,-0.03377949446439743,-0.027900835499167442,0,-0.0538,-0.0138
Aleksei Kolosov,PHI,8482783,15,-0.034073155373334885,-0.027900835499167442,0,-0.0541,-0.0141
Aleksei Kolosov,PHI,8482783,16,-0.034380294382572174,-0.027900835499167442,0,-0.0544,-0.0144
Aleksei Kolosov,PHI,8482783,17,-0.03469252213835716,-0.027900835499167442,22,-0.039,-0.0304
Aleksei Kolosov,PHI,8482783,18,-0.03471001610159874,-0.027900835499167442,0,-0.0547,-0.0147
Aleksei Kolosov,PHI,8482783,19,-0.03472370281815529,-0.027900835499167442,0,-0.0547,-0.0147
Aleksei Kolosov,PHI,8482783,20,-0.034737762063741684,-0.027900835499167442,0,-0.0547,-0.0147
Aleksei Kolosov,PHI,8482783,21,-0.034763287752866745,-0.027900835499167442,0,-0.0548,-0.0148
Aleksei Kolosov,PHI,8482783,22,-0.03476556017994881,-0.027900835499167442,0,-0.0548,-0.0148
Aleksei Kolosov,PHI,8482783,23,-0.034771356731653214,-0.027900835499167442,0,-0.0548,-0.0148
Aleksei Kolosov,PHI,8482783,24,-0.034759167581796646,-0.027900835499167442,0,-0.0548,-0.0148
Aleksei Kolosov,PHI,8482783,25,-0.03474380075931549,-0.027900835499167442,0,-0.0547,-0.0147
Aleksei Kolosov,PHI,8482783,26,-0.03475461155176163,-0.027900835499167442,0,-0.0548,-0.0148
Aleksei Kolosov,PHI,8482783,27,-0.03475778549909592,-0.027900835499167442,0,-0.0548,-0.0148
Aleksei Kolosov,PHI,8482783,28,-0.03476596251130104,-0.027900835499167442,0,-0.0548,-0.0148
Aleksei Kolosov,PHI,8482783,29,-0.03476649895310402,-0.027900835499167442,0,-0.0548,-0.0148
Aleksei Kolosov,PHI,8482783,30,-0.034773748368024826,-0.027900835499167442,0,-0.0548,-0.0148
Aleksei Kolosov,PHI,8482783,31,-0.0347701832652092,-0.027900835499167442,0,-0.0548,-0.0148
Aleksei Kolosov,PHI,8482783,32,-0.03477168828248978,-0.027900835499167442,0,-0.0548,-0.0148
Aleksei Kolosov,PHI,8482783,33,-0.03476562723517418,-0.027900835499167442,0,-0.0548,-0.0148
Aleksei Kolosov,PHI,8482783,34,-0.03476585075259209,-0.027900835499167442,0,-0.0548,-0.0148
Aleksei Kolosov,PHI,8482783,35,-0.034761931747198105,-0.027900835499167442,0,-0.0548,-0.0148
Tristan Jarry,EDM,8477465,0,-0.02168770506978035,-0.021445970982313156,0,-0.0417,-0.0017
Tristan Jarry,EDM,8477465,1,-0.021799540147185326,-0.021445970982313156,17,-0.0267,-0.0169
Tristan Jarry,EDM,8477465,2,-0.021887581795454025,-0.021445970982313156,41,-0.025,-0.0188
Tristan Jarry,EDM,8477465,3,-0.02187010459601879,-0.021445970982313156,32,-0.0254,-0.0184
Tristan Jarry,EDM,8477465,4,-0.02174568548798561,-0.021445970982313156,70,-0.0241,-0.0193
Tristan Jarry,EDM,8477465,5,-0.021787313744425774,-0.021445970982313156,45,-0.0248,-0.0188
Tristan Jarry,EDM,8477465,6,-0.021996241062879562,-0.021445970982313156,73,-0.0243,-0.0197
Tristan Jarry,EDM,8477465,7,-0.022254975512623787,-0.021445970982313156,28,-0.0261,-0.0185
Tristan Jarry,EDM,8477465,8,-0.022322390228509903,-0.021445970982313156,0,-0.0423,-0.0023
Tristan Jarry,EDM,8477465,9,-0.02238333225250244,-0.021445970982313156,0,-0.0424,-0.0024
Tristan Jarry,EDM,8477465,10,-0.02244442328810692,-0.021445970982313156,90,-0.0245,-0.0203
Tristan Jarry,EDM,8477465,11,-0.0225088931620121,-0.021445970982313156,88,-0.0246,-0.0204
Tristan Jarry,EDM,8477465,12,-0.022945968434214592,-0.021445970982313156,73,-0.0252,-0.0206
Tristan Jarry,EDM,8477465,13,-0.023283926770091057,-0.021445970982313156,43,-0.0263,-0.0203
Tristan Jarry,EDM,8477465,14,-0.023696614429354668,-0.021445970982313156,0,-0.0437,-0.0037
Tristan Jarry,EDM,8477465,15,-0.024108348414301872,-0.021445970982313156,0,-0.0441,-0.0041
Tristan Jarry,EDM,8477465,16,-0.024530382826924324,-0.021445970982313156,0,-0.0445,-0.0045
Tristan Jarry,EDM,8477465,17,-0.02496098354458809,-0.021445970982313156,78,-0.0273,-0.0227
Tristan Jarry,EDM,8477465,18,-0.025499552488327026,-0.021445970982313156,85,-0.0277,-0.0233
Tristan Jarry,EDM,8477465,19,-0.0258469320833683,-0.021445970982313156,74,-0.0281,-0.0235
Tristan Jarry,EDM,8477465,20,-0.026265228167176247,-0.021445970982313156,38,-0.0295,-0.0231
Tristan Jarry,EDM,8477465,21,-0.026718227192759514,-0.021445970982313156,21,-0.0311,-0.0223
Tristan Jarry,EDM,8477465,22,-0.02687978371977806,-0.021445970982313156,41,-0.03,-0.0238
Tristan Jarry,EDM,8477465,23,-0.0266919806599617,-0.021445970982313156,0,-0.0467,-0.0067
Tristan Jarry,EDM,8477465,24,-0.026493169367313385,-0.021445970982313156,27,-0.0303,-0.0227
Tristan Jarry,EDM,8477465,25,-0.026332180947065353,-0.021445970982313156,30,-0.03,-0.0226
Tristan Jarry,EDM,8477465,26,-0.026320604607462883,-0.021445970982313156,63,-0.0288,-0.0238
Tristan Jarry,EDM,8477465,27,-0.02628348208963871,-0.021445970982313156,0,-0.0463,-0.0063
Tristan Jarry,EDM,8477465,28,-0.026254231110215187,-0.021445970982313156,39,-0.0295,-0.0231
Tristan Jarry,EDM,8477465,29,-0.026256904006004333,-0.021445970982313156,0,-0.0463,-0.0063
Tristan Jarry,EDM,8477465,30,-0.026260273531079292,-0.021445970982313156,0,-0.0463,-0.0063
Tristan Jarry,EDM,8477465,31,-0.026261543855071068,-0.021445970982313156,0,-0.0463,-0.0063
Tristan Jarry,EDM,8477465,32,-0.026257500052452087,-0.021445970982313156,0,-0.0463,-0.0063
Tristan Jarry,EDM,8477465,33,-0.026257295161485672,-0.021445970982313156,0,-0.0463,-0.0063
Tristan Jarry,EDM,8477465,34,-0.02625046856701374,-0.021445970982313156,0,-0.0463,-0.0063
Tristan Jarry,EDM,8477465,35,-0.02625257521867752,-0.021445970982313156,0,-0.0463,-0.0063
Isaac Poulter,WPG,8483659,0,-0.0033423348795622587,-0.003323808778077364,14,-0.0086,0.002
Isaac Poulter,WPG,8483659,1,-0.003371649654582143,-0.003323808778077364,0,-0.0234,0.0166
Isaac Poulter,WPG,8483659,2,-0.0034027136862277985,-0.003323808778077364,0,-0.0234,0.0166
Isaac Poulter,WPG,8483659,3,-0.0034317721147090197,-0.003323808778077364,0,-0.0234,0.0166
Isaac Poulter,WPG,8483659,4,-0.0034650645684450865,-0.003323808778077364,0,-0.0235,0.0165
Isaac Poulter,WPG,8483659,5,-0.0034910780377686024,-0.003323808778077364,0,-0.0235,0.0165
Isaac Poulter,WPG,8483659,6,-0.003525541163980961,-0.003323808778077364,0,-0.0235,0.0165
Isaac Poulter,WPG,8483659,7,-0.0035629007034003735,-0.003323808778077364,0,-0.0236,0.0164
Isaac Poulter,WPG,8483659,8,-0.003602057695388794,-0.003323808778077364,0,-0.0236,0.0164
Isaac Poulter,WPG,8483659,9,-0.003636817215010524,-0.003323808778077364,0,-0.0236,0.0164
Isaac Poulter,WPG,8483659,10,-0.0036689352709800005,-0.003323808778077364,0,-0.0237,0.0163
Isaac Poulter,WPG,8483659,11,-0.0037075949367135763,-0.003323808778077364,0,-0.0237,0.0163
Isaac Poulter,WPG,8483659,12,-0.0037339520640671253,-0.003323808778077364,0,-0.0237,0.0163
Isaac Poulter,WPG,8483659,13,-0.003752507735043764,-0.003323808778077364,0,-0.0238,0.0162
Isaac Poulter,WPG,8483659,14,-0.003761566709727049,-0.003323808778077364,0,-0.0238,0.0162
Isaac Poulter,WPG,8483659,15,-0.0037720990367233753,-0.003323808778077364,0,-0.0238,0.0162
Isaac Poulter,WPG,8483659,16,-0.003791610710322857,-0.003323808778077364,0,-0.0238,0.0162
Isaac Poulter,WPG,8483659,17,-0.003819761099293828,-0.003323808778077364,0,-0.0238,0.0162
Isaac Poulter,WPG,8483659,18,-0.003836971241980791,-0.003323808778077364,0,-0.0238,0.0162
Isaac Poulter,WPG,8483659,19,-0.003849379951134324,-0.003323808778077364,0,-0.0238,0.0162
Isaac Poulter,WPG,8483659,20,-0.0038666860200464725,-0.003323808778077364,0,-0.0239,0.0161
Isaac Poulter,WPG,8483659,21,-0.0038869597483426332,-0.003323808778077364,0,-0.0239,0.0161
Isaac Poulter,WPG,8483659,22,-0.0038947679568082094,-0.003323808778077364,0,-0.0239,0.0161
Isaac Poulter,WPG,8483659,23,-0.0038966522552073,-0.003323808778077364,0,-0.0239,0.0161
Isaac Poulter,WPG,8483659,24,-0.0038854118902236223,-0.003323808778077364,0,-0.0239,0.0161
Isaac Poulter,WPG,8483659,25,-0.003871263936161995,-0.003323808778077364,0,-0.0239,0.0161
Isaac Poulter,WPG,8483659,26,-0.0038812237326055765,-0.003323808778077364,0,-0.0239,0.0161
Isaac Poulter,WPG,8483659,27,-0.0038843064103275537,-0.003323808778077364,0,-0.0239,0.0161
Isaac Poulter,WPG,8483659,28,-0.003891047090291977,-0.003323808778077364,0,-0.0239,0.0161
Isaac Poulter,WPG,8483659,29,-0.003895155154168606,-0.003323808778077364,0,-0.0239,0.0161
Isaac Poulter,WPG,8483659,30,-0.0038984613493084908,-0.003323808778077364,0,-0.0239,0.0161
Isaac Poulter,WPG,8483659,31,-0.0038987223524600267,-0.003323808778077364,0,-0.0239,0.0161
Isaac Poulter,WPG,8483659,32,-0.0038964529521763325,-0.003323808778077364,0,-0.0239,0.0161
Isaac Poulter,WPG,8483659,33,-0.0038938894867897034,-0.003323808778077364,0,-0.0239,0.0161
Isaac Poulter,WPG,8483659,34,-0.0038901297375559807,-0.003323808778077364,0,-0.0239,0.0161
Isaac Poulter,WPG,8483659,35,-0.003889644518494606,-0.003323808778077364,0,-0.0239,0.0161
8483426,,8483426,0,0.0009624736267141998,0.0010251471539959311,0,-0.019,0.021
8483426,,8483426,1,0.0009330582106485963,0.0010251471539959311,0,-0.0191,0.0209
8483426,,8483426,2,0.0009024416212923825,0.0010251471539959311,0,-0.0191,0.0209
8483426,,8483426,3,0.0008729692781344056,0.0010251471539959311,0,-0.0191,0.0209
8483426,,8483426,4,0.00084028544370085,0.0010251471539959311,0,-0.0192,0.0208
8483426,,8483426,5,0.0008141129510477185,0.0010251471539959311,0,-0.0192,0.0208
8483426,,8483426,6,0.0007800010498613119,0.0010251471539959311,0,-0.0192,0.0208
8483426,,8483426,7,0.0007422247435897589,0.0010251471539959311,0,-0.0193,0.0207
8483426,,8483426,8,0.0007038626354187727,0.0010251471539959311,0,-0.0193,0.0207
8483426,,8483426,9,0.0006686688866466284,0.0010251471539959311,0,-0.0193,0.0207
8483426,,8483426,10,0.0006369305774569511,0.0010251471539959311,0,-0.0194,0.0206
8483426,,8483426,11,0.0005981340073049068,0.0010251471539959311,0,-0.0194,0.0206
8483426,,8483426,12,0.0005721076158806682,0.0010251471539959311,0,-0.0194,0.0206
8483426,,8483426,13,0.0005535652162507176,0.0010251471539959311,0,-0.0194,0.0206
8483426,,8483426,14,0.0005443062400445342,0.0010251471539959311,0,-0.0195,0.0205
8483426,,8483426,15,0.0005343664088286459,0.0010251471539959311,0,-0.0195,0.0205
8483426,,8483426,16,0.0005143751623108983,0.0010251471539959311,0,-0.0195,0.0205
8483426,,8483426,17,0.00048674707068130374,0.0010251471539959311,0,-0.0195,0.0205
8483426,,8483426,18,0.0004693223163485527,0.0010251471539959311,0,-0.0195,0.0205
8483426,,8483426,19,0.00045715615851804614,0.0010251471539959311,0,-0.0195,0.0205
8483426,,8483426,20,0.0004397223237901926,0.0010251471539959311,0,-0.0196,0.0204
8483426,,8483426,21,0.0004196732770651579,0.0010251471539959311,0,-0.0196,0.0204
8483426,,8483426,22,0.0004117923672311008,0.0010251471539959311,0,-0.0196,0.0204
8483426,,8483426,23,0.0004100726218894124,0.0010251471539959311,0,-0.0196,0.0204
8483426,,8483426,24,0.0004212854546494782,0.0010251471539959311,0,-0.0196,0.0204
8483426,,8483426,25,0.00043538061436265707,0.0010251471539959311,0,-0.0196,0.0204
8483426,,8483426,26,0.00042565754847601056,0.0010251471539959311,0,-0.0196,0.0204
8483426,,8483426,27,0.0004225142183713615,0.0010251471539959311,0,-0.0196,0.0204
8483426,,8483426,28,0.0004156882641837001,0.0010251471539959311,0,-0.0196,0.0204
8483426,,8483426,29,0.00041185750160366297,0.0010251471539959311,0,-0.0196,0.0204
8483426,,8483426,30,0.0004083220846951008,0.0010251471539959311,0,-0.0196,0.0204
8483426,,8483426,31,0.000408225751016289,0.0010251471539959311,0,-0.0196,0.0204
8483426,,8483426,32,0.00041040440555661917,0.0010251471539959311,0,-0.0196,0.0204
8483426,,8483426,33,0.0004131771856918931,0.0010251471539959311,0,-0.0196,0.0204
8483426,,8483426,34,0.0004165864665992558,0.0010251471539959311,0,-0.0196,0.0204
8483426,,8483426,35,0.00041758717270568013,0.0010251471539959311,0,-0.0196,0.0204
Drew Commesso,CHI,8482123,0,-0.0060354843735694885,-0.006114910822361708,0,-0.026,0.014
Drew Commesso,CHI,8482123,1,-0.006002508569508791,-0.006114910822361708,41,-0.0091,-0.0029
Drew Commesso,CHI,8482123,2,-0.006124238483607769,-0.006114910822361708,0,-0.0261,0.0139
Drew Commesso,CHI,8482123,3,-0.006245335564017296,-0.006114910822361708,0,-0.0262,0.0138
Drew Commesso,CHI,8482123,4,-0.006369952578097582,-0.006114910822361708,0,-0.0264,0.0136
Drew Commesso,CHI,8482123,5,-0.006487603764981031,-0.006114910822361708,0,-0.0265,0.0135
Drew Commesso,CHI,8482123,6,-0.006613262463361025,-0.006114910822361708,0,-0.0266,0.0134
Drew Commesso,CHI,8482123,7,-0.006742801517248154,-0.006114910822361708,0,-0.0267,0.0133
Drew Commesso,CHI,8482123,8,-0.006872458849102259,-0.006114910822361708,0,-0.0269,0.0131
Drew Commesso,CHI,8482123,9,-0.006999730132520199,-0.006114910822361708,0,-0.027,0.013
Drew Commesso,CHI,8482123,10,-0.007122659124433994,-0.006114910822361708,0,-0.0271,0.0129
Drew Commesso,CHI,8482123,11,-0.007253218907862902,-0.006114910822361708,0,-0.0273,0.0127
Drew Commesso,CHI,8482123,12,-0.007370908744633198,-0.006114910822361708,0,-0.0274,0.0126
Drew Commesso,CHI,8482123,13,-0.007480816449970007,-0.006114910822361708,0,-0.0275,0.0125
Drew Commesso,CHI,8482123,14,-0.007581728044897318,-0.006114910822361708,0,-0.0276,0.0124
Drew Commesso,CHI,8482123,15,-0.007683167699724436,-0.006114910822361708,0,-0.0277,0.0123
Drew Commesso,CHI,8482123,16,-0.0077951522544026375,-0.006114910822361708,68,-0.0102,-0.0054
Drew Commesso,CHI,8482123,17,-0.007822338491678238,-0.006114910822361708,0,-0.0278,0.0122
Drew Commesso,CHI,8482123,18,-0.00783991627395153,-0.006114910822361708,0,-0.0278,0.0122
Drew Commesso,CHI,8482123,19,-0.007852734066545963,-0.006114910822361708,0,-0.0279,0.0121
Drew Commesso,CHI,8482123,20,-0.007869357243180275,-0.006114910822361708,0,-0.0279,0.0121
Drew Commesso,CHI,8482123,21,-0.007890412583947182,-0.006114910822361708,0,-0.0279,0.0121
Drew Commesso,CHI,8482123,22,-0.007897722534835339,-0.006114910822361708,0,-0.0279,0.0121
Drew Commesso,CHI,8482123,23,-0.007899925112724304,-0.006114910822361708,0,-0.0279,0.0121
Drew Commesso,CHI,8482123,24,-0.0078883720561862,-0.006114910822361708,0,-0.0279,0.0121
Drew Commesso,CHI,8482123,25,-0.007874684408307076,-0.006114910822361708,0,-0.0279,0.0121
Drew Commesso,CHI,8482123,26,-0.007884117774665356,-0.006114910822361708,0,-0.0279,0.0121
Drew Commesso,CHI,8482123,27,-0.007887803018093109,-0.006114910822361708,0,-0.0279,0.0121
Drew Commesso,CHI,8482123,28,-0.007894265465438366,-0.006114910822361708,0,-0.0279,0.0121
Drew Commesso,CHI,8482123,29,-0.00789823941886425,-0.006114910822361708,0,-0.0279,0.0121
Drew Commesso,CHI,8482123,30,-0.007901765406131744,-0.006114910822361708,0,-0.0279,0.0121
Drew Commesso,CHI,8482123,31,-0.007902055978775024,-0.006114910822361708,0,-0.0279,0.0121
Drew Commesso,CHI,8482123,32,-0.00789966806769371,-0.006114910822361708,0,-0.0279,0.0121
Drew Commesso,CHI,8482123,33,-0.00789717212319374,-0.006114910822361708,0,-0.0279,0.0121
Drew Commesso,CHI,8482123,34,-0.0078934570774436,-0.006114910822361708,0,-0.0279,0.0121
Drew Commesso,CHI,8482123,35,-0.007892973721027374,-0.006114910822361708,0,-0.0279,0.0121
Andrei Vasilevskiy,TBL,8476883,0,0.04618162289261818,0.04465066269040108,0,0.0262,0.0662
Andrei Vasilevskiy,TBL,8476883,1,0.04686031490564346,0.04465066269040108,0,0.0269,0.0669
Andrei Vasilevskiy,TBL,8476883,2,0.04753900319337845,0.04465066269040108,14,0.0422,0.0528
Andrei Vasilevskiy,TBL,8476883,3,0.048252929002046585,0.04465066269040108,73,0.046,0.0506
Andrei Vasilevskiy,TBL,8476883,4,0.049232933670282364,0.04465066269040108,81,0.047,0.0514
Andrei Vasilevskiy,TBL,8476883,5,0.050083406269550323,0.04465066269040108,47,0.0472,0.053
Andrei Vasilevskiy,TBL,8476883,6,0.0508793368935585,0.04465066269040108,31,0.0473,0.0545
Andrei Vasilevskiy,TBL,8476883,7,0.05159647390246391,0.04465066269040108,111,0.0497,0.0535
Andrei Vasilevskiy,TBL,8476883,8,0.05230115354061127,0.04465066269040108,45,0.0493,0.0553
Andrei Vasilevskiy,TBL,8476883,9,0.05318764969706535,0.04465066269040108,66,0.0507,0.0557
Andrei Vasilevskiy,TBL,8476883,10,0.05388592556118965,0.04465066269040108,110,0.052,0.0558
Andrei Vasilevskiy,TBL,8476883,11,0.05404520779848099,0.04465066269040108,31,0.0504,0.0576
Andrei Vasilevskiy,TBL,8476883,12,0.05423084646463394,0.04465066269040108,0,0.0342,0.0742
Andrei Vasilevskiy,TBL,8476883,13,0.054424066096544266,0.04465066269040108,48,0.0515,0.0573
Andrei Vasilevskiy,TBL,8476883,14,0.05477637052536011,0.04465066269040108,56,0.0521,0.0575
Andrei Vasilevskiy,TBL,8476883,15,0.05499465391039848,0.04465066269040108,64,0.0525,0.0575
Andrei Vasilevskiy,TBL,8476883,16,0.05525452643632889,0.04465066269040108,52,0.0525,0.0581
Andrei Vasilevskiy,TBL,8476883,17,0.05551206320524216,0.04465066269040108,82,0.0533,0.0577
Andrei Vasilevskiy,TBL,8476883,18,0.05552363768219948,0.04465066269040108,51,0.0527,0.0583
Andrei Vasilevskiy,TBL,8476883,19,0.055454909801483154,0.04465066269040108,102,0.0535,0.0575
Andrei Vasilevskiy,TBL,8476883,20,0.05518244951963425,0.04465066269040108,65,0.0527,0.0577
Andrei Vasilevskiy,TBL,8476883,21,0.054738353937864304,0.04465066269040108,53,0.052,0.0574
Andrei Vasilevskiy,TBL,8476883,22,0.05446050688624382,0.04465066269040108,90,0.0524,0.0566
Andrei Vasilevskiy,TBL,8476883,23,0.05404665321111679,0.04465066269040108,83,0.0518,0.0562
Andrei Vasilevskiy,TBL,8476883,24,0.05385356396436691,0.04465066269040108,85,0.0517,0.0561
Andrei Vasilevskiy,TBL,8476883,25,0.05379294976592064,0.04465066269040108,95,0.0517,0.0559
Andrei Vasilevskiy,TBL,8476883,26,0.05362628400325775,0.04465066269040108,93,0.0515,0.0557
Andrei Vasilevskiy,TBL,8476883,27,0.0535467267036438,0.04465066269040108,55,0.0508,0.0562
Andrei Vasilevskiy,TBL,8476883,28,0.05355779081583023,0.04465066269040108,77,0.0513,0.0559
Andrei Vasilevskiy,TBL,8476883,29,0.05358477309346199,0.04465066269040108,89,0.0515,0.0557
Andrei Vasilevskiy,TBL,8476883,30,0.053582437336444855,0.04465066269040108,0,0.0336,0.0736
Andrei Vasilevskiy,TBL,8476883,31,0.05358133465051651,0.04465066269040108,0,0.0336,0.0736
Andrei Vasilevskiy,TBL,8476883,32,0.05358319729566574,0.04465066269040108,0,0.0336,0.0736
Andrei Vasilevskiy,TBL,8476883,33,0.053587257862091064,0.04465066269040108,0,0.0336,0.0736
Andrei Vasilevskiy,TBL,8476883,34,0.05359005928039551,0.04465066269040108,0,0.0336,0.0736
Andrei Vasilevskiy,TBL,8476883,35,0.05359063670039177,0.04465066269040108,0,0.0336,0.0736
8484293,,8484293,0,-0.006738364230841398,-0.006675040349364281,0,-0.0267,0.0133
8484293,,8484293,1,-0.006767553742974997,-0.006675040349364281,0,-0.0268,0.0132
8484293,,8484293,2,-0.00679865712299943,-0.006675040349364281,0,-0.0268,0.0132
8484293,,8484293,3,-0.006827792152762413,-0.006675040349364281,0,-0.0268,0.0132
8484293,,8484293,4,-0.006861494854092598,-0.006675040349364281,0,-0.0269,0.0131
8484293,,8484293,5,-0.0068872240372002125,-0.006675040349364281,0,-0.0269,0.0131
8484293,,8484293,6,-0.006921882275491953,-0.006675040349364281,0,-0.0269,0.0131
8484293,,8484293,7,-0.006959664635360241,-0.006675040349364281,0,-0.027,0.013
8484293,,8484293,8,-0.006998320110142231,-0.006675040349364281,0,-0.027,0.013
8484293,,8484293,9,-0.007033497095108032,-0.006675040349364281,0,-0.027,0.013
8484293,,8484293,10,-0.00706571526825428,-0.006675040349364281,0,-0.0271,0.0129
8484293,,8484293,11,-0.0071043455973267555,-0.006675040349364281,0,-0.0271,0.0129
8484293,,8484293,12,-0.007130776531994343,-0.006675040349364281,0,-0.0271,0.0129
8484293,,8484293,13,-0.007149381097406149,-0.006675040349364281,0,-0.0271,0.0129
8484293,,8484293,14,-0.007158821914345026,-0.006675040349364281,0,-0.0272,0.0128
8484293,,8484293,15,-0.007168790325522423,-0.006675040349364281,0,-0.0272,0.0128
8484293,,8484293,16,-0.007189054973423481,-0.006675040349364281,0,-0.0272,0.0128
8484293,,8484293,17,-0.0072167194448411465,-0.006675040349364281,0,-0.0272,0.0128
8484293,,8484293,18,-0.007234236691147089,-0.006675040349364281,0,-0.0272,0.0128
8484293,,8484293,19,-0.007246613502502441,-0.006675040349364281,0,-0.0272,0.0128
8484293,,8484293,20,-0.0072640106081962585,-0.006675040349364281,0,-0.0273,0.0127
8484293,,8484293,21,-0.007284456863999367,-0.006675040349364281,0,-0.0273,0.0127
8484293,,8484293,22,-0.00729199405759573,-0.006675040349364281,0,-0.0273,0.0127
8484293,,8484293,23,-0.007294211070984602,-0.006675040349364281,0,-0.0273,0.0127
8484293,,8484293,24,-0.007282755803316832,-0.006675040349364281,0,-0.0273,0.0127
8484293,,8484293,25,-0.007268829736858606,-0.006675040349364281,0,-0.0273,0.0127
8484293,,8484293,26,-0.007279029581695795,-0.006675040349364281,0,-0.0273,0.0127
8484293,,8484293,27,-0.00728142773732543,-0.006675040349364281,0,-0.0273,0.0127
8484293,,8484293,28,-0.007289114408195019,-0.006675040349364281,0,-0.0273,0.0127
8484293,,8484293,29,-0.00729221710935235,-0.006675040349364281,0,-0.0273,0.0127
8484293,,8484293,30,-0.00729654636234045,-0.006675040349364281,0,-0.0273,0.0127
8484293,,8484293,31,-0.0072960881516337395,-0.006675040349364281,0,-0.0273,0.0127
8484293,,8484293,32,-0.007294332608580589,-0.006675040349364281,0,-0.0273,0.0127
8484293,,8484293,33,-0.007291421294212341,-0.006675040349364281,0,-0.0273,0.0127
8484293,,8484293,34,-0.007287834770977497,-0.006675040349364281,0,-0.0273,0.0127
8484293,,8484293,35,-0.007287435699254274,-0.006675040349364281,0,-0.0273,0.0127
Jeremy Swayman,BOS,8480280,0,0.036545898765325546,0.032273393124341965,0,0.0165,0.0565
Jeremy Swayman,BOS,8480280,1,0.038441356271505356,0.032273393124341965,0,0.0184,0.0584
Jeremy Swayman,BOS,8480280,2,0.04033719375729561,0.032273393124341965,52,0.0375,0.0431
Jeremy Swayman,BOS,8480280,3,0.04211416468024254,0.032273393124341965,59,0.0395,0.0447
Jeremy Swayman,BOS,8480280,4,0.043785907328128815,0.032273393124341965,80,0.0416,0.046
Jeremy Swayman,BOS,8480280,5,0.045634154230356216,0.032273393124341965,66,0.0431,0.0481
Jeremy Swayman,BOS,8480280,6,0.047393325716257095,0.032273393124341965,68,0.045,0.0498
Jeremy Swayman,BOS,8480280,7,0.0490749292075634,0.032273393124341965,74,0.0468,0.0514
Jeremy Swayman,BOS,8480280,8,0.05065486952662468,0.032273393124341965,65,0.0482,0.0532
Jeremy Swayman,BOS,8480280,9,0.05203904211521149,0.032273393124341965,112,0.0501,0.0539
Jeremy Swayman,BOS,8480280,10,0.053215254098176956,0.032273393124341965,70,0.0508,0.0556
Jeremy Swayman,BOS,8480280,11,0.05413486808538437,0.032273393124341965,77,0.0518,0.0564
Jeremy Swayman,BOS,8480280,12,0.05514713004231453,0.032273393124341965,68,0.0527,0.0575
Jeremy Swayman,BOS,8480280,13,0.05612931028008461,0.032273393124341965,93,0.054,0.0582
Jeremy Swayman,BOS,8480280,14,0.05699476972222328,0.032273393124341965,33,0.0535,0.0605
Jeremy Swayman,BOS,8480280,15,0.05805579200387001,0.032273393124341965,95,0.056,0.0602
Jeremy Swayman,BOS,8480280,16,0.058892279863357544,0.032273393124341965,67,0.0565,0.0613
Jeremy Swayman,BOS,8480280,17,0.059708427637815475,0.032273393124341965,63,0.0572,0.0622
Jeremy Swayman,BOS,8480280,18,0.06019826605916023,0.032273393124341965,64,0.0577,0.0627
Jeremy Swayman,BOS,8480280,19,0.06085571274161339,0.032273393124341965,123,0.0591,0.0627
Jeremy Swayman,BOS,8480280,20,0.06120995432138443,0.032273393124341965,0,0.0412,0.0812
Jeremy Swayman,BOS,8480280,21,0.061554647982120514,0.032273393124341965,25,0.0576,0.0656
Jeremy Swayman,BOS,8480280,22,0.06193988397717476,0.032273393124341965,61,0.0593,0.0645
Jeremy Swayman,BOS,8480280,23,0.06230905279517174,0.032273393124341965,131,0.0606,0.064
Jeremy Swayman,BOS,8480280,24,0.06217435747385025,0.032273393124341965,111,0.0603,0.0641
Jeremy Swayman,BOS,8480280,25,0.06186294928193092,0.032273393124341965,60,0.0593,0.0645
Jeremy Swayman,BOS,8480280,26,0.06150008365511894,0.032273393124341965,55,0.0588,0.0642
Jeremy Swayman,BOS,8480280,27,0.061326101422309875,0.032273393124341965,82,0.0591,0.0635
Jeremy Swayman,BOS,8480280,28,0.06104790419340134,0.032273393124341965,93,0.0589,0.0631
Jeremy Swayman,BOS,8480280,29,0.06116669625043869,0.032273393124341965,70,0.0588,0.0636
Jeremy Swayman,BOS,8480280,30,0.06115934997797012,0.032273393124341965,0,0.0412,0.0812
Jeremy Swayman,BOS,8480280,31,0.06116025522351265,0.032273393124341965,0,0.0412,0.0812
Jeremy Swayman,BOS,8480280,32,0.06116412952542305,0.032273393124341965,0,0.0412,0.0812
Jeremy Swayman,BOS,8480280,33,0.06116383150219917,0.032273393124341965,0,0.0412,0.0812
Jeremy Swayman,BOS,8480280,34,0.061169981956481934,0.032273393124341965,0,0.0412,0.0812
Jeremy Swayman,BOS,8480280,35,0.06116955354809761,0.032273393124341965,0,0.0412,0.0812
James Reimer,OTT,8473503,0,0.007966927252709866,0.007815724238753319,0,-0.012,0.028
James Reimer,OTT,8473503,1,0.008033238351345062,0.007815724238753319,0,-0.012,0.028
James Reimer,OTT,8473503,2,0.008096538484096527,0.007815724238753319,27,0.0043,0.0119
James Reimer,OTT,8473503,3,0.008014289662241936,0.007815724238753319,0,-0.012,0.028
James Reimer,OTT,8473503,4,0.007924772799015045,0.007815724238753319,0,-0.0121,0.0279
James Reimer,OTT,8473503,5,0.007845945656299591,0.007815724238753319,0,-0.0122,0.0278
James Reimer,OTT,8473503,6,0.007755711209028959,0.007815724238753319,0,-0.0122,0.0278
James Reimer,OTT,8473503,7,0.007664273027330637,0.007815724238753319,0,-0.0123,0.0277
James Reimer,OTT,8473503,8,0.007570658810436726,0.007815724238753319,0,-0.0124,0.0276
James Reimer,OTT,8473503,9,0.007481311447918415,0.007815724238753319,0,-0.0125,0.0275
James Reimer,OTT,8473503,10,0.00739428773522377,0.007815724238753319,0,-0.0126,0.0274
James Reimer,OTT,8473503,11,0.007301641162484884,0.007815724238753319,0,-0.0127,0.0273
James Reimer,OTT,8473503,12,0.0072202663868665695,0.007815724238753319,0,-0.0128,0.0272
James Reimer,OTT,8473503,13,0.007147297263145447,0.007815724238753319,0,-0.0129,0.0271
James Reimer,OTT,8473503,14,0.00708377780392766,0.007815724238753319,0,-0.0129,0.0271
James Reimer,OTT,8473503,15,0.007018552161753178,0.007815724238753319,0,-0.013,0.027
James Reimer,OTT,8473503,16,0.006944321095943451,0.007815724238753319,0,-0.0131,0.0269
James Reimer,OTT,8473503,17,0.006861987989395857,0.007815724238753319,36,0.0036,0.0102
James Reimer,OTT,8473503,18,0.006847203243523836,0.007815724238753319,84,0.0046,0.009
James Reimer,OTT,8473503,19,0.006951741874217987,0.007815724238753319,31,0.0034,0.0106
James Reimer,OTT,8473503,20,0.007084716111421585,0.007815724238753319,62,0.0046,0.0096
James Reimer,OTT,8473503,21,0.007150816731154919,0.007815724238753319,0,-0.0128,0.0272
James Reimer,OTT,8473503,22,0.007228228263556957,0.007815724238753319,0,-0.0128,0.0272
James Reimer,OTT,8473503,23,0.007312591653317213,0.007815724238753319,22,0.003,0.0116
James Reimer,OTT,8473503,24,0.007479803171008825,0.007815724238753319,64,0.005,0.01
James Reimer,OTT,8473503,25,0.007742126006633043,0.007815724238753319,27,0.0039,0.0115
James Reimer,OTT,8473503,26,0.007879229262471199,0.007815724238753319,29,0.0042,0.0116
James Reimer,OTT,8473503,27,0.007931078784167767,0.007815724238753319,31,0.0043,0.0115
James Reimer,OTT,8473503,28,0.007923456840217113,0.007815724238753319,0,-0.0121,0.0279
James Reimer,OTT,8473503,29,0.007920612581074238,0.007815724238753319,0,-0.0121,0.0279
James Reimer,OTT,8473503,30,0.00791548565030098,0.007815724238753319,0,-0.0121,0.0279
James Reimer,OTT,8473503,31,0.007917486131191254,0.007815724238753319,0,-0.0121,0.0279
James Reimer,OTT,8473503,32,0.00791742280125618,0.007815724238753319,0,-0.0121,0.0279
James Reimer,OTT,8473503,33,0.007922574877738953,0.007815724238753319,0,-0.0121,0.0279
James Reimer,OTT,8473503,34,0.007923365570604801,0.007815724238753319,0,-0.0121,0.0279
James Reimer,OTT,8473503,35,0.007926449179649353,0.007815724238753319,0,-0.0121,0.0279
Ilya Sorokin,NYI,8478009,0,0.04656226560473442,0.04428534582257271,0,0.0266,0.0666
Ilya Sorokin,NYI,8478009,1,0.04756656661629677,0.04428534582257271,33,0.0441,0.0511
Ilya Sorokin,NYI,8478009,2,0.048687998205423355,0.04428534582257271,25,0.0447,0.0527
Ilya Sorokin,NYI,8478009,3,0.04973875731229782,0.04428534582257271,72,0.0473,0.0521
Ilya Sorokin,NYI,8478009,4,0.050924450159072876,0.04428534582257271,49,0.048,0.0538
Ilya Sorokin,NYI,8478009,5,0.05229270085692406,0.04428534582257271,69,0.0499,0.0547
Ilya Sorokin,NYI,8478009,6,0.05360877886414528,0.04428534582257271,50,0.0508,0.0564
Ilya Sorokin,NYI,8478009,7,0.05494125559926033,0.04428534582257271,64,0.0524,0.0574
Ilya Sorokin,NYI,8478009,8,0.05611969158053398,0.04428534582257271,99,0.0541,0.0581
Ilya Sorokin,NYI,8478009,9,0.057207364588975906,0.04428534582257271,73,0.0549,0.0595
Ilya Sorokin,NYI,8478009,10,0.05806418135762215,0.04428534582257271,49,0.0552,0.061
Ilya Sorokin,NYI,8478009,11,0.05898687243461609,0.04428534582257271,120,0.0572,0.0608
Ilya Sorokin,NYI,8478009,12,0.059599827975034714,0.04428534582257271,76,0.0573,0.0619
Ilya Sorokin,NYI,8478009,13,0.060146674513816833,0.04428534582257271,70,0.0577,0.0625
Ilya Sorokin,NYI,8478009,14,0.060552917420864105,0.04428534582257271,0,0.0406,0.0806
Ilya Sorokin,NYI,8478009,15,0.06095114350318909,0.04428534582257271,0,0.041,0.081
Ilya Sorokin,NYI,8478009,16,0.06134853512048721,0.04428534582257271,96,0.0593,0.0633
Ilya Sorokin,NYI,8478009,17,0.06131827086210251,0.04428534582257271,80,0.0591,0.0635
Ilya Sorokin,NYI,8478009,18,0.06117015331983566,0.04428534582257271,68,0.0588,0.0636
Ilya Sorokin,NYI,8478009,19,0.06098329275846481,0.04428534582257271,93,0.0589,0.0631
Ilya Sorokin,NYI,8478009,20,0.06047772616147995,0.04428534582257271,77,0.0582,0.0628
Ilya Sorokin,NYI,8478009,21,0.05994458496570587,0.04428534582257271,73,0.0576,0.0622
Ilya Sorokin,NYI,8478009,22,0.05939671769738197,0.04428534582257271,57,0.0568,0.062
Ilya Sorokin,NYI,8478009,23,0.059099145233631134,0.04428534582257271,140,0.0574,0.0608
Ilya Sorokin,NYI,8478009,24,0.05870573967695236,0.04428534582257271,78,0.0564,0.061
Ilya Sorokin,NYI,8478009,25,0.058219801634550095,0.04428534582257271,165,0.0566,0.0598
Ilya Sorokin,NYI,8478009,26,0.058112338185310364,0.04428534582257271,80,0.0559,0.0603
Ilya Sorokin,NYI,8478009,27,0.05810801312327385,0.04428534582257271,0,0.0381,0.0781
Ilya Sorokin,NYI,8478009,28,0.05809987708926201,0.04428534582257271,0,0.0381,0.0781
Ilya Sorokin,NYI,8478009,29,0.05809803307056427,0.04428534582257271,0,0.0381,0.0781
Ilya Sorokin,NYI,8478009,30,0.058093827217817307,0.04428534582257271,0,0.0381,0.0781
Ilya Sorokin,NYI,8478009,31,0.058093391358852386,0.04428534582257271,0,0.0381,0.0781
Ilya Sorokin,NYI,8478009,32,0.058096595108509064,0.04428534582257271,0,0.0381,0.0781
Ilya Sorokin,NYI,8478009,33,0.05809797719120979,0.04428534582257271,0,0.0381,0.0781
Ilya Sorokin,NYI,8478009,34,0.05810144543647766,0.04428534582257271,0,0.0381,0.0781
Ilya Sorokin,NYI,8478009,35,0.058103691786527634,0.04428534582257271,0,0.0381,0.0781
David Rittich,NYI,8479496,0,-0.002845391631126404,-0.00333688547834754,24,-0.0069,0.0013
David Rittich,NYI,8479496,1,-0.002663549268618226,-0.00333688547834754,22,-0.007,0.0016
David Rittich,NYI,8479496,2,-0.0023731831461191177,-0.00333688547834754,24,-0.0065,0.0017
David Rittich,NYI,8479496,3,-0.001970890909433365,-0.00333688547834754,0,-0.022,0.018
David Rittich,NYI,8479496,4,-0.0015721769304946065,-0.00333688547834754,33,-0.0051,0.0019
David Rittich,NYI,8479496,5,-0.001278973650187254,-0.00333688547834754,37,-0.0046,0.002
David Rittich,NYI,8479496,6,-0.0011626245686784387,-0.00333688547834754,71,-0.0036,0.0012
David Rittich,NYI,8479496,7,-0.0008899417007341981,-0.00333688547834754,35,-0.0043,0.0025
David Rittich,NYI,8479496,8,-0.0003784838772844523,-0.00333688547834754,34,-0.0038,0.003
David Rittich,NYI,8479496,9,1.946056727319956e-06,-0.00333688547834754,66,-0.0025,0.0025
David Rittich,NYI,8479496,10,7.662508869543672e-05,-0.00333688547834754,20,-0.0044,0.0046
David Rittich,NYI,8479496,11,0.0002033513446804136,-0.00333688547834754,41,-0.0029,0.0033
David Rittich,NYI,8479496,12,0.0004122822138015181,-0.00333688547834754,51,-0.0024,0.0032
David Rittich,NYI,8479496,13,0.0004938027122989297,-0.00333688547834754,37,-0.0028,0.0038
David Rittich,NYI,8479496,14,0.00044229821651242673,-0.00333688547834754,115,-0.0015,0.0023
David Rittich,NYI,8479496,15,-7.67646124586463e-05,-0.00333688547834754,91,-0.0022,0.002
David Rittich,NYI,8479496,16,-0.00048522267024964094,-0.00333688547834754,42,-0.0036,0.0026
David Rittich,NYI,8479496,17,-0.001192896394059062,-0.00333688547834754,26,-0.0051,0.0027
David Rittich,NYI,8479496,18,-0.001616571913473308,-0.00333688547834754,31,-0.0052,0.002
David Rittich,NYI,8479496,19,-0.0018723593093454838,-0.00333688547834754,22,-0.0062,0.0024
David Rittich,NYI,8479496,20,-0.0021638383623212576,-0.00333688547834754,26,-0.0061,0.0017
David Rittich,NYI,8479496,21,-0.002333642914891243,-0.00333688547834754,0,-0.0223,0.0177
David Rittich,NYI,8479496,22,-0.0024911221116781235,-0.00333688547834754,36,-0.0058,0.0008
David Rittich,NYI,8479496,23,-0.0026409276761114597,-0.00333688547834754,5,-0.0115,0.0063
David Rittich,NYI,8479496,24,-0.0027925793547183275,-0.00333688547834754,15,-0.008,0.0024
David Rittich,NYI,8479496,25,-0.0027560945600271225,-0.00333688547834754,4,-0.0128,0.0072
David Rittich,NYI,8479496,26,-0.002710217610001564,-0.00333688547834754,0,-0.0227,0.0173
David Rittich,NYI,8479496,27,-0.0026569946203380823,-0.00333688547834754,34,-0.0061,0.0007
David Rittich,NYI,8479496,28,-0.0026641287840902805,-0.00333688547834754,0,-0.0227,0.0173
David Rittich,NYI,8479496,29,-0.002667731139808893,-0.00333688547834754,0,-0.0227,0.0173
David Rittich,NYI,8479496,30,-0.002671478781849146,-0.00333688547834754,0,-0.0227,0.0173
David Rittich,NYI,8479496,31,-0.0026712832041084766,-0.00333688547834754,0,-0.0227,0.0173
David Rittich,NYI,8479496,32,-0.002669482957571745,-0.00333688547834754,0,-0.0227,0.0173
David Rittich,NYI,8479496,33,-0.002666323911398649,-0.00333688547834754,0,-0.0227,0.0173
David Rittich,NYI,8479496,34,-0.002663229126483202,-0.00333688547834754,0,-0.0227,0.0173
David Rittich,NYI,8479496,35,-0.002662071492522955,-0.00333688547834754,0,-0.0227,0.0173
Pheonix Copley,LAK,8477831,0,-0.00014112588542047888,-3.315929234304349e-06,0,-0.0201,0.0199
Pheonix Copley,LAK,8477831,1,-0.0002041710540652275,-3.315929234304349e-06,0,-0.0202,0.0198
Pheonix Copley,LAK,8477831,2,-0.0002681223559193313,-3.315929234304349e-06,1,-0.0203,0.0197
Pheonix Copley,LAK,8477831,3,-0.0003407713957130909,-3.315929234304349e-06,0,-0.0203,0.0197
Pheonix Copley,LAK,8477831,4,-0.0004167199367657304,-3.315929234304349e-06,0,-0.0204,0.0196
Pheonix Copley,LAK,8477831,5,-0.00048600591253489256,-3.315929234304349e-06,0,-0.0205,0.0195
Pheonix Copley,LAK,8477831,6,-0.0005632799584418535,-3.315929234304349e-06,0,-0.0206,0.0194
Pheonix Copley,LAK,8477831,7,-0.0006442898884415627,-3.315929234304349e-06,0,-0.0206,0.0194
Pheonix Copley,LAK,8477831,8,-0.0007257481920532882,-3.315929234304349e-06,0,-0.0207,0.0193
Pheonix Copley,LAK,8477831,9,-0.0008042100234888494,-3.315929234304349e-06,0,-0.0208,0.0192
Pheonix Copley,LAK,8477831,10,-0.000879042549058795,-3.315929234304349e-06,0,-0.0209,0.0191
Pheonix Copley,LAK,8477831,11,-0.0009610267588868737,-3.315929234304349e-06,0,-0.021,0.019
Pheonix Copley,LAK,8477831,12,-0.0010302610462531447,-3.315929234304349e-06,0,-0.021,0.019
Pheonix Copley,LAK,8477831,13,-0.0010919362539425492,-3.315929234304349e-06,0,-0.0211,0.0189
Pheonix Copley,LAK,8477831,14,-0.001144313719123602,-3.315929234304349e-06,32,-0.0046,0.0024
Pheonix Copley,LAK,8477831,15,-0.0011544260196387768,-3.315929234304349e-06,0,-0.0212,0.0188
Pheonix Copley,LAK,8477831,16,-0.0011742764618247747,-3.315929234304349e-06,0,-0.0212,0.0188
Pheonix Copley,LAK,8477831,17,-0.0012020508293062449,-3.315929234304349e-06,0,-0.0212,0.0188
Pheonix Copley,LAK,8477831,18,-0.0012193481670692563,-3.315929234304349e-06,0,-0.0212,0.0188
Pheonix Copley,LAK,8477831,19,-0.0012317212531343102,-3.315929234304349e-06,0,-0.0212,0.0188
Pheonix Copley,LAK,8477831,20,-0.001248999498784542,-3.315929234304349e-06,0,-0.0212,0.0188
Pheonix Copley,LAK,8477831,21,-0.0012691434239968657,-3.315929234304349e-06,0,-0.0213,0.0187
Pheonix Copley,LAK,8477831,22,-0.0012770602479577065,-3.315929234304349e-06,0,-0.0213,0.0187
Pheonix Copley,LAK,8477831,23,-0.0012787363957613707,-3.315929234304349e-06,0,-0.0213,0.0187
Pheonix Copley,LAK,8477831,24,-0.0012675889302045107,-3.315929234304349e-06,0,-0.0213,0.0187
Pheonix Copley,LAK,8477831,25,-0.0012534321285784245,-3.315929234304349e-06,0,-0.0213,0.0187
Pheonix Copley,LAK,8477831,26,-0.0012632550206035376,-3.315929234304349e-06,0,-0.0213,0.0187
Pheonix Copley,LAK,8477831,27,-0.001266365870833397,-3.315929234304349e-06,0,-0.0213,0.0187
Pheonix Copley,LAK,8477831,28,-0.0012731952592730522,-3.315929234304349e-06,0,-0.0213,0.0187
Pheonix Copley,LAK,8477831,29,-0.0012770229950547218,-3.315929234304349e-06,0,-0.0213,0.0187
Pheonix Copley,LAK,8477831,30,-0.0012805855367332697,-3.315929234304349e-06,0,-0.0213,0.0187
Pheonix Copley,LAK,8477831,31,-0.0012806765735149384,-3.315929234304349e-06,0,-0.0213,0.0187
Pheonix Copley,LAK,8477831,32,-0.0012785122962668538,-3.315929234304349e-06,0,-0.0213,0.0187
Pheonix Copley,LAK,8477831,33,-0.0012757268268615007,-3.315929234304349e-06,0,-0.0213,0.0187
Pheonix Copley,LAK,8477831,34,-0.0012723349500447512,-3.315929234304349e-06,0,-0.0213,0.0187
Pheonix Copley,LAK,8477831,35,-0.0012713714968413115,-3.315929234304349e-06,0,-0.0213,0.0187
John Gibson,DET,8476434,0,0.034841395914554596,0.03403116390109062,0,0.0148,0.0548
John Gibson,DET,8476434,1,0.0351991169154644,0.03403116390109062,18,0.0305,0.0399
John Gibson,DET,8476434,2,0.03555586561560631,0.03403116390109062,50,0.0328,0.0384
John Gibson,DET,8476434,3,0.03611274063587189,0.03403116390109062,12,0.0303,0.0419
John Gibson,DET,8476434,4,0.037000495940446854,0.03403116390109062,72,0.0346,0.0394
John Gibson,DET,8476434,5,0.037813056260347366,0.03403116390109062,69,0.0354,0.0402
John Gibson,DET,8476434,6,0.03861386701464653,0.03403116390109062,60,0.036,0.0412
John Gibson,DET,8476434,7,0.039429277181625366,0.03403116390109062,68,0.037,0.0418
John Gibson,DET,8476434,8,0.040017060935497284,0.03403116390109062,48,0.0371,0.0429
John Gibson,DET,8476434,9,0.04086329787969589,0.03403116390109062,26,0.037,0.0448
John Gibson,DET,8476434,10,0.04202661290764809,0.03403116390109062,38,0.0388,0.0452
John Gibson,DET,8476434,11,0.04328203573822975,0.03403116390109062,79,0.041,0.0456
John Gibson,DET,8476434,12,0.04470669850707054,0.03403116390109062,132,0.043,0.0464
John Gibson,DET,8476434,13,0.04561357945203781,0.03403116390109062,63,0.0431,0.0481
John Gibson,DET,8476434,14,0.04660775884985924,0.03403116390109062,84,0.0444,0.0488
John Gibson,DET,8476434,15,0.0475405752658844,0.03403116390109062,64,0.045,0.05
John Gibson,DET,8476434,16,0.04840417578816414,0.03403116390109062,105,0.0464,0.0504
John Gibson,DET,8476434,17,0.04892628267407417,0.03403116390109062,95,0.0468,0.051
John Gibson,DET,8476434,18,0.04906458035111427,0.03403116390109062,69,0.0467,0.0515
John Gibson,DET,8476434,19,0.04901216924190521,0.03403116390109062,82,0.0468,0.0512
John Gibson,DET,8476434,20,0.04928765818476677,0.03403116390109062,58,0.0467,0.0519
John Gibson,DET,8476434,21,0.04940319433808327,0.03403116390109062,37,0.0461,0.0527
John Gibson,DET,8476434,22,0.049264296889305115,0.03403116390109062,75,0.047,0.0516
John Gibson,DET,8476434,23,0.04908163473010063,0.03403116390109062,97,0.0471,0.0511
John Gibson,DET,8476434,24,0.04879361763596535,0.03403116390109062,92,0.0467,0.0509
John Gibson,DET,8476434,25,0.048516012728214264,0.03403116390109062,88,0.0464,0.0506
John Gibson,DET,8476434,26,0.04838281124830246,0.03403116390109062,110,0.0465,0.0503
John Gibson,DET,8476434,27,0.04820069670677185,0.03403116390109062,20,0.0437,0.0527
John Gibson,DET,8476434,28,0.04818884655833244,0.03403116390109062,0,0.0282,0.0682
John Gibson,DET,8476434,29,0.04818834736943245,0.03403116390109062,0,0.0282,0.0682
John Gibson,DET,8476434,30,0.0481831356883049,0.03403116390109062,0,0.0282,0.0682
John Gibson,DET,8476434,31,0.04818471521139145,0.03403116390109062,0,0.0282,0.0682
John Gibson,DET,8476434,32,0.04818423092365265,0.03403116390109062,0,0.0282,0.0682
John Gibson,DET,8476434,33,0.04818997159600258,0.03403116390109062,0,0.0282,0.0682
John Gibson,DET,8476434,34,0.0481921024620533,0.03403116390109062,0,0.0282,0.0682
John Gibson,DET,8476434,35,0.0481923446059227,0.03403116390109062,0,0.0282,0.0682
Yaroslav Askarov,SJS,8482137,0,-0.037104662507772446,-0.033844418823719025,0,-0.0571,-0.0171
Yaroslav Askarov,SJS,8482137,1,-0.03855709731578827,-0.033844418823719025,26,-0.0425,-0.0347
Yaroslav Askarov,SJS,8482137,2,-0.040059223771095276,-0.033844418823719025,53,-0.0428,-0.0374
Yaroslav Askarov,SJS,8482137,3,-0.041134756058454514,-0.033844418823719025,50,-0.0439,-0.0383
Yaroslav Askarov,SJS,8482137,4,-0.04214045777916908,-0.033844418823719025,36,-0.0454,-0.0388
Yaroslav Askarov,SJS,8482137,5,-0.04292106255888939,-0.033844418823719025,95,-0.045,-0.0408
Yaroslav Askarov,SJS,8482137,6,-0.04373636469244957,-0.033844418823719025,70,-0.0461,-0.0413
Yaroslav Askarov,SJS,8482137,7,-0.0443844273686409,-0.033844418823719025,70,-0.0468,-0.042
Yaroslav Askarov,SJS,8482137,8,-0.04515333101153374,-0.033844418823719025,78,-0.0475,-0.0429
Yaroslav Askarov,SJS,8482137,9,-0.046342432498931885,-0.033844418823719025,108,-0.0482,-0.0444
Yaroslav Askarov,SJS,8482137,10,-0.04785284772515297,-0.033844418823719025,51,-0.0507,-0.0451
Yaroslav Askarov,SJS,8482137,11,-0.04920005798339844,-0.033844418823719025,83,-0.0514,-0.047
Yaroslav Askarov,SJS,8482137,12,-0.05038009211421013,-0.033844418823719025,43,-0.0534,-0.0474
Yaroslav Askarov,SJS,8482137,13,-0.05160987377166748,-0.033844418823719025,65,-0.0541,-0.0491
Yaroslav Askarov,SJS,8482137,14,-0.0526164248585701,-0.033844418823719025,50,-0.0554,-0.0498
Yaroslav Askarov,SJS,8482137,15,-0.05360295623540878,-0.033844418823719025,103,-0.0556,-0.0516
Yaroslav Askarov,SJS,8482137,16,-0.05446142330765724,-0.033844418823719025,62,-0.057,-0.052
Yaroslav Askarov,SJS,8482137,17,-0.05511580780148506,-0.033844418823719025,42,-0.0582,-0.052
Yaroslav Askarov,SJS,8482137,18,-0.055857036262750626,-0.033844418823719025,43,-0.0589,-0.0529
Yaroslav Askarov,SJS,8482137,19,-0.05659319460391998,-0.033844418823719025,59,-0.0592,-0.054
Yaroslav Askarov,SJS,8482137,20,-0.0573808029294014,-0.033844418823719025,60,-0.06,-0.0548
Yaroslav Askarov,SJS,8482137,21,-0.05796416848897934,-0.033844418823719025,53,-0.0607,-0.0553
Yaroslav Askarov,SJS,8482137,22,-0.058300767093896866,-0.033844418823719025,0,-0.0783,-0.0383
Yaroslav Askarov,SJS,8482137,23,-0.058634039014577866,-0.033844418823719025,0,-0.0786,-0.0386
Yaroslav Askarov,SJS,8482137,24,-0.058952972292900085,-0.033844418823719025,12,-0.0648,-0.0532
Yaroslav Askarov,SJS,8482137,25,-0.05931835249066353,-0.033844418823719025,101,-0.0613,-0.0573
Yaroslav Askarov,SJS,8482137,26,-0.059623025357723236,-0.033844418823719025,75,-0.0619,-0.0573
Yaroslav Askarov,SJS,8482137,27,-0.0599142350256443,-0.033844418823719025,30,-0.0636,-0.0562
Yaroslav Askarov,SJS,8482137,28,-0.059924524277448654,-0.033844418823719025,0,-0.0799,-0.0399
Yaroslav Askarov,SJS,8482137,29,-0.05992435663938522,-0.033844418823719025,0,-0.0799,-0.0399
Yaroslav Askarov,SJS,8482137,30,-0.05993124470114708,-0.033844418823719025,0,-0.0799,-0.0399
Yaroslav Askarov,SJS,8482137,31,-0.05993000417947769,-0.033844418823719025,0,-0.0799,-0.0399
Yaroslav Askarov,SJS,8482137,32,-0.05992680788040161,-0.033844418823719025,0,-0.0799,-0.0399
Yaroslav Askarov,SJS,8482137,33,-0.05992677062749863,-0.033844418823719025,0,-0.0799,-0.0399
Yaroslav Askarov,SJS,8482137,34,-0.05991961434483528,-0.033844418823719025,0,-0.0799,-0.0399
Yaroslav Askarov,SJS,8482137,35,-0.05992171913385391,-0.033844418823719025,0,-0.0799,-0.0399
Thatcher Demko,VAN,8477967,0,0.008424493484199047,0.008066171780228615,0,-0.0116,0.0284
Thatcher Demko,VAN,8477967,1,0.008584254421293736,0.008066171780228615,38,0.0054,0.0118
Thatcher Demko,VAN,8477967,2,0.008766659535467625,0.008066171780228615,29,0.0051,0.0125
Thatcher Demko,VAN,8477967,3,0.008908230811357498,0.008066171780228615,65,0.0064,0.0114
Thatcher Demko,VAN,8477967,4,0.008933531120419502,0.008066171780228615,80,0.0067,0.0111
Thatcher Demko,VAN,8477967,5,0.008614541962742805,0.008066171780228615,75,0.0063,0.0109
Thatcher Demko,VAN,8477967,6,0.008159814402461052,0.008066171780228615,70,0.0058,0.0106
Thatcher Demko,VAN,8477967,7,0.007736920844763517,0.008066171780228615,34,0.0043,0.0111
Thatcher Demko,VAN,8477967,8,0.007293920498341322,0.008066171780228615,14,0.002,0.0126
Thatcher Demko,VAN,8477967,9,0.006996581330895424,0.008066171780228615,0,-0.013,0.027
Thatcher Demko,VAN,8477967,10,0.006700281519442797,0.008066171780228615,0,-0.0133,0.0267
Thatcher Demko,VAN,8477967,11,0.006398945115506649,0.008066171780228615,0,-0.0136,0.0264
Thatcher Demko,VAN,8477967,12,0.006108411587774754,0.008066171780228615,58,0.0035,0.0087
Thatcher Demko,VAN,8477967,13,0.005809146445244551,0.008066171780228615,52,0.003,0.0086
Thatcher Demko,VAN,8477967,14,0.00522611616179347,0.008066171780228615,83,0.003,0.0074
Thatcher Demko,VAN,8477967,15,0.004841679707169533,0.008066171780228615,76,0.0025,0.0071
Thatcher Demko,VAN,8477967,16,0.004552721977233887,0.008066171780228615,36,0.0013,0.0079
Thatcher Demko,VAN,8477967,17,0.004525937605649233,0.008066171780228615,0,-0.0155,0.0245
Thatcher Demko,VAN,8477967,18,0.004507870879024267,0.008066171780228615,0,-0.0155,0.0245
Thatcher Demko,VAN,8477967,19,0.004496027249842882,0.008066171780228615,0,-0.0155,0.0245
Thatcher Demko,VAN,8477967,20,0.004478486254811287,0.008066171780228615,0,-0.0155,0.0245
Thatcher Demko,VAN,8477967,21,0.004458476789295673,0.008066171780228615,0,-0.0155,0.0245
Thatcher Demko,VAN,8477967,22,0.004450488835573196,0.008066171780228615,0,-0.0155,0.0245
Thatcher Demko,VAN,8477967,23,0.004449029453098774,0.008066171780228615,0,-0.0156,0.0244
Thatcher Demko,VAN,8477967,24,0.004459643270820379,0.008066171780228615,0,-0.0155,0.0245
Thatcher Demko,VAN,8477967,25,0.004474689718335867,0.008066171780228615,0,-0.0155,0.0245
Thatcher Demko,VAN,8477967,26,0.0044640121050179005,0.008066171780228615,0,-0.0155,0.0245
Thatcher Demko,VAN,8477967,27,0.00446146447211504,0.008066171780228615,0,-0.0155,0.0245
Thatcher Demko,VAN,8477967,28,0.004454375244677067,0.008066171780228615,0,-0.0155,0.0245
Thatcher Demko,VAN,8477967,29,0.004450774285942316,0.008066171780228615,0,-0.0155,0.0245
Thatcher Demko,VAN,8477967,30,0.004446777049452066,0.008066171780228615,0,-0.0156,0.0244
Thatcher Demko,VAN,8477967,31,0.0044472659938037395,0.008066171780228615,0,-0.0156,0.0244
Thatcher Demko,VAN,8477967,32,0.004449088126420975,0.008066171780228615,0,-0.0156,0.0244
Thatcher Demko,VAN,8477967,33,0.004451892338693142,0.008066171780228615,0,-0.0155,0.0245
Thatcher Demko,VAN,8477967,34,0.004455448128283024,0.008066171780228615,0,-0.0155,0.0245
Thatcher Demko,VAN,8477967,35,0.004456270951777697,0.008066171780228615,0,-0.0155,0.0245
Leevi Meriläinen,OTT,8482447,0,-0.04493473097681999,-0.04114309698343277,0,-0.0649,-0.0249
Leevi Meriläinen,OTT,8482447,1,-0.0466352179646492,-0.04114309698343277,24,-0.0507,-0.0425
Leevi Meriläinen,OTT,8482447,2,-0.048338908702135086,-0.04114309698343277,24,-0.0524,-0.0442
Leevi Meriläinen,OTT,8482447,3,-0.04965292289853096,-0.04114309698343277,0,-0.0697,-0.0297
Leevi Meriläinen,OTT,8482447,4,-0.05094825103878975,-0.04114309698343277,20,-0.0554,-0.0464
Leevi Meriläinen,OTT,8482447,5,-0.05211087688803673,-0.04114309698343277,0,-0.0721,-0.0321
Leevi Meriläinen,OTT,8482447,6,-0.053261466324329376,-0.04114309698343277,41,-0.0564,-0.0502
Leevi Meriläinen,OTT,8482447,7,-0.054468993097543716,-0.04114309698343277,35,-0.0579,-0.0511
Leevi Meriläinen,OTT,8482447,8,-0.05570992827415466,-0.04114309698343277,23,-0.0599,-0.0515
Leevi Meriläinen,OTT,8482447,9,-0.05689094588160515,-0.04114309698343277,0,-0.0769,-0.0369
Leevi Meriläinen,OTT,8482447,10,-0.058062873780727386,-0.04114309698343277,65,-0.0606,-0.0556
Leevi Meriläinen,OTT,8482447,11,-0.05915045365691185,-0.04114309698343277,35,-0.0626,-0.0558
Leevi Meriläinen,OTT,8482447,12,-0.06013808026909828,-0.04114309698343277,28,-0.0639,-0.0563
Leevi Meriläinen,OTT,8482447,13,-0.061130598187446594,-0.04114309698343277,21,-0.0655,-0.0567
Leevi Meriläinen,OTT,8482447,14,-0.061922501772642136,-0.04114309698343277,18,-0.0666,-0.0572
Leevi Meriläinen,OTT,8482447,15,-0.0626453161239624,-0.04114309698343277,80,-0.0648,-0.0604
Leevi Meriläinen,OTT,8482447,16,-0.06317679584026337,-0.04114309698343277,82,-0.0654,-0.061
Leevi Meriläinen,OTT,8482447,17,-0.06331301480531693,-0.04114309698343277,80,-0.0655,-0.0611
Leevi Meriläinen,OTT,8482447,18,-0.06332428753376007,-0.04114309698343277,0,-0.0833,-0.0433
Leevi Meriläinen,OTT,8482447,19,-0.06334129720926285,-0.04114309698343277,0,-0.0833,-0.0433
Leevi Meriläinen,OTT,8482447,20,-0.06335464119911194,-0.04114309698343277,0,-0.0834,-0.0434
Leevi Meriläinen,OTT,8482447,21,-0.06337881088256836,-0.04114309698343277,0,-0.0834,-0.0434
Leevi Meriläinen,OTT,8482447,22,-0.0633813887834549,-0.04114309698343277,0,-0.0834,-0.0434
Leevi Meriläinen,OTT,8482447,23,-0.06339051574468613,-0.04114309698343277,0,-0.0834,-0.0434
Leevi Meriläinen,OTT,8482447,24,-0.06337058544158936,-0.04114309698343277,0,-0.0834,-0.0434
Leevi Meriläinen,OTT,8482447,25,-0.06336525082588196,-0.04114309698343277,0,-0.0834,-0.0434
Leevi Meriläinen,OTT,8482447,26,-0.0633656457066536,-0.04114309698343277,0,-0.0834,-0.0434
Leevi Meriläinen,OTT,8482447,27,-0.06337953358888626,-0.04114309698343277,0,-0.0834,-0.0434
Leevi Meriläinen,OTT,8482447,28,-0.0633762925863266,-0.04114309698343277,0,-0.0834,-0.0434
Leevi Meriläinen,OTT,8482447,29,-0.06338956207036972,-0.04114309698343277,0,-0.0834,-0.0434
Leevi Meriläinen,OTT,8482447,30,-0.06338238716125488,-0.04114309698343277,0,-0.0834,-0.0434
Leevi Meriläinen,OTT,8482447,31,-0.06339322030544281,-0.04114309698343277,0,-0.0834,-0.0434
Leevi Meriläinen,OTT,8482447,32,-0.06338365375995636,-0.04114309698343277,0,-0.0834,-0.0434
Leevi Meriläinen,OTT,8482447,33,-0.06338229030370712,-0.04114309698343277,0,-0.0834,-0.0434
Leevi Meriläinen,OTT,8482447,34,-0.06338418275117874,-0.04114309698343277,0,-0.0834,-0.0434
Leevi Meriläinen,OTT,8482447,35,-0.06337657570838928,-0.04114309698343277,0,-0.0834,-0.0434
Nikke Kokko,SEA,8483668,0,-0.008602580986917019,-0.008150127716362476,11,-0.0146,-0.0026
Nikke Kokko,SEA,8483668,1,-0.008762488141655922,-0.008150127716362476,8,-0.0159,-0.0017
Nikke Kokko,SEA,8483668,2,-0.008885931223630905,-0.008150127716362476,0,-0.0289,0.0111
Nikke Kokko,SEA,8483668,3,-0.009010141715407372,-0.008150127716362476,0,-0.029,0.011
Nikke Kokko,SEA,8483668,4,-0.009135984815657139,-0.008150127716362476,0,-0.0291,0.0109
Nikke Kokko,SEA,8483668,5,-0.009256663732230663,-0.008150127716362476,0,-0.0293,0.0107
Nikke Kokko,SEA,8483668,6,-0.009384051896631718,-0.008150127716362476,0,-0.0294,0.0106
Nikke Kokko,SEA,8483668,7,-0.009515317156910896,-0.008150127716362476,0,-0.0295,0.0105
Nikke Kokko,SEA,8483668,8,-0.009648418985307217,-0.008150127716362476,0,-0.0296,0.0104
Nikke Kokko,SEA,8483668,9,-0.009776492603123188,-0.008150127716362476,0,-0.0298,0.0102
Nikke Kokko,SEA,8483668,10,-0.009902865625917912,-0.008150127716362476,0,-0.0299,0.0101
Nikke Kokko,SEA,8483668,11,-0.010034437291324139,-0.008150127716362476,0,-0.03,0.01
Nikke Kokko,SEA,8483668,12,-0.01015506498515606,-0.008150127716362476,0,-0.0302,0.0098
Nikke Kokko,SEA,8483668,13,-0.010267114266753197,-0.008150127716362476,0,-0.0303,0.0097
Nikke Kokko,SEA,8483668,14,-0.010369747877120972,-0.008150127716362476,0,-0.0304,0.0096
Nikke Kokko,SEA,8483668,15,-0.010474249720573425,-0.008150127716362476,0,-0.0305,0.0095
Nikke Kokko,SEA,8483668,16,-0.010587037540972233,-0.008150127716362476,0,-0.0306,0.0094
Nikke Kokko,SEA,8483668,17,-0.010709109716117382,-0.008150127716362476,0,-0.0307,0.0093
Nikke Kokko,SEA,8483668,18,-0.010819987393915653,-0.008150127716362476,0,-0.0308,0.0092
Nikke Kokko,SEA,8483668,19,-0.010926064103841782,-0.008150127716362476,0,-0.0309,0.0091
Nikke Kokko,SEA,8483668,20,-0.01103694923222065,-0.008150127716362476,0,-0.031,0.009
Nikke Kokko,SEA,8483668,21,-0.011150925420224667,-0.008150127716362476,0,-0.0312,0.0088
Nikke Kokko,SEA,8483668,22,-0.011252288706600666,-0.008150127716362476,0,-0.0313,0.0087
Nikke Kokko,SEA,8483668,23,-0.011348205618560314,-0.008150127716362476,0,-0.0313,0.0087
Nikke Kokko,SEA,8483668,24,-0.011429821141064167,-0.008150127716362476,0,-0.0314,0.0086
Nikke Kokko,SEA,8483668,25,-0.011510348878800869,-0.008150127716362476,0,-0.0315,0.0085
Nikke Kokko,SEA,8483668,26,-0.011613044887781143,-0.008150127716362476,37,-0.0149,-0.0083
Nikke Kokko,SEA,8483668,27,-0.011766660958528519,-0.008150127716362476,87,-0.0139,-0.0097
Nikke Kokko,SEA,8483668,28,-0.011773171834647655,-0.008150127716362476,0,-0.0318,0.0082
Nikke Kokko,SEA,8483668,29,-0.011776816099882126,-0.008150127716362476,0,-0.0318,0.0082
Nikke Kokko,SEA,8483668,30,-0.01178122591227293,-0.008150127716362476,0,-0.0318,0.0082
Nikke Kokko,SEA,8483668,31,-0.011780346743762493,-0.008150127716362476,0,-0.0318,0.0082
Nikke Kokko,SEA,8483668,32,-0.011779261752963066,-0.008150127716362476,0,-0.0318,0.0082
Nikke Kokko,SEA,8483668,33,-0.011775132268667221,-0.008150127716362476,0,-0.0318,0.0082
Nikke Kokko,SEA,8483668,34,-0.011773599311709404,-0.008150127716362476,0,-0.0318,0.0082
Nikke Kokko,SEA,8483668,35,-0.011771189980208874,-0.008150127716362476,0,-0.0318,0.0082
Victor Ostman,SEA,8484910,0,0.003946899436414242,0.003953509032726288,0,-0.0161,0.0239
Victor Ostman,SEA,8484910,1,0.003942247945815325,0.003953509032726288,0,-0.0161,0.0239
Victor Ostman,SEA,8484910,2,0.0039369091391563416,0.003953509032726288,0,-0.0161,0.0239
Victor Ostman,SEA,8484910,3,0.003932021092623472,0.003953509032726288,0,-0.0161,0.0239
Victor Ostman,SEA,8484910,4,0.003924860619008541,0.003953509032726288,0,-0.0161,0.0239
Victor Ostman,SEA,8484910,5,0.0039232769049704075,0.003953509032726288,0,-0.0161,0.0239
Victor Ostman,SEA,8484910,6,0.00391413876786828,0.003953509032726288,0,-0.0161,0.0239
Victor Ostman,SEA,8484910,7,0.003901657648384571,0.003953509032726288,0,-0.0161,0.0239
Victor Ostman,SEA,8484910,8,0.0038880014326423407,0.003953509032726288,0,-0.0161,0.0239
Victor Ostman,SEA,8484910,9,0.003877815091982484,0.003953509032726288,0,-0.0161,0.0239
Victor Ostman,SEA,8484910,10,0.0038710383232682943,0.003953509032726288,0,-0.0161,0.0239
Victor Ostman,SEA,8484910,11,0.003857378615066409,0.003953509032726288,0,-0.0161,0.0239
Victor Ostman,SEA,8484910,12,0.0038560773245990276,0.003953509032726288,0,-0.0161,0.0239
Victor Ostman,SEA,8484910,13,0.0038626762107014656,0.003953509032726288,0,-0.0161,0.0239
Victor Ostman,SEA,8484910,14,0.0038783045019954443,0.003953509032726288,0,-0.0161,0.0239
Victor Ostman,SEA,8484910,15,0.003893311135470867,0.003953509032726288,0,-0.0161,0.0239
Victor Ostman,SEA,8484910,16,0.0038982632104307413,0.003953509032726288,0,-0.0161,0.0239
Victor Ostman,SEA,8484910,17,0.003895680420100689,0.003953509032726288,0,-0.0161,0.0239
Victor Ostman,SEA,8484910,18,0.003902941010892391,0.003953509032726288,0,-0.0161,0.0239
Victor Ostman,SEA,8484910,19,0.003916128072887659,0.003953509032726288,0,-0.0161,0.0239
Victor Ostman,SEA,8484910,20,0.003923153504729271,0.003953509032726288,0,-0.0161,0.0239
Victor Ostman,SEA,8484910,21,0.003928670659661293,0.003953509032726288,0,-0.0161,0.0239
Victor Ostman,SEA,8484910,22,0.003944781143218279,0.003953509032726288,0,-0.0161,0.0239
Victor Ostman,SEA,8484910,23,0.003969176672399044,0.003953509032726288,0,-0.016,0.024
Victor Ostman,SEA,8484910,24,0.004004091490060091,0.003953509032726288,0,-0.016,0.024
Victor Ostman,SEA,8484910,25,0.0040441895835101604,0.003953509032726288,0,-0.016,0.024
Victor Ostman,SEA,8484910,26,0.00405864417552948,0.003953509032726288,0,-0.0159,0.0241
Victor Ostman,SEA,8484910,27,0.004080689046531916,0.003953509032726288,45,0.0011,0.0071
Victor Ostman,SEA,8484910,28,0.004074078984558582,0.003953509032726288,0,-0.0159,0.0241
Victor Ostman,SEA,8484910,29,0.004069830756634474,0.003953509032726288,0,-0.0159,0.0241
Victor Ostman,SEA,8484910,30,0.00406677508726716,0.003953509032726288,0,-0.0159,0.0241
Victor Ostman,SEA,8484910,31,0.004066149238497019,0.003953509032726288,0,-0.0159,0.0241
Victor Ostman,SEA,8484910,32,0.004069073125720024,0.003953509032726288,0,-0.0159,0.0241
Victor Ostman,SEA,8484910,33,0.004070964176207781,0.003953509032726288,0,-0.0159,0.0241
Victor Ostman,SEA,8484910,34,0.004075363278388977,0.003953509032726288,0,-0.0159,0.0241
Victor Ostman,SEA,8484910,35,0.004075769335031509,0.003953509032726288,0,-0.0159,0.0241
Tristan Lennox,NYI,8482668,0,-0.004394375253468752,-0.004165909718722105,0,-0.0244,0.0156
Tristan Lennox,NYI,8482668,1,-0.004498091991990805,-0.004165909718722105,21,-0.0089,-0.0001
Tristan Lennox,NYI,8482668,2,-0.004528512712568045,-0.004165909718722105,0,-0.0245,0.0155
Tristan Lennox,NYI,8482668,3,-0.004558227024972439,-0.004165909718722105,0,-0.0246,0.0154
Tristan Lennox,NYI,8482668,4,-0.0045910426415503025,-0.004165909718722105,0,-0.0246,0.0154
Tristan Lennox,NYI,8482668,5,-0.004617896396666765,-0.004165909718722105,0,-0.0246,0.0154
Tristan Lennox,NYI,8482668,6,-0.004651332274079323,-0.004165909718722105,0,-0.0247,0.0153
Tristan Lennox,NYI,8482668,7,-0.004690113943070173,-0.004165909718722105,0,-0.0247,0.0153
Tristan Lennox,NYI,8482668,8,-0.0047280495055019855,-0.004165909718722105,0,-0.0247,0.0153
Tristan Lennox,NYI,8482668,9,-0.004764059092849493,-0.004165909718722105,0,-0.0248,0.0152
Tristan Lennox,NYI,8482668,10,-0.004795181564986706,-0.004165909718722105,0,-0.0248,0.0152
Tristan Lennox,NYI,8482668,11,-0.004834686405956745,-0.004165909718722105,0,-0.0248,0.0152
Tristan Lennox,NYI,8482668,12,-0.004860776476562023,-0.004165909718722105,0,-0.0249,0.0151
Tristan Lennox,NYI,8482668,13,-0.004879376385360956,-0.004165909718722105,0,-0.0249,0.0151
Tristan Lennox,NYI,8482668,14,-0.0048887282609939575,-0.004165909718722105,0,-0.0249,0.0151
Tristan Lennox,NYI,8482668,15,-0.004898817278444767,-0.004165909718722105,0,-0.0249,0.0151
Tristan Lennox,NYI,8482668,16,-0.0049191610887646675,-0.004165909718722105,0,-0.0249,0.0151
Tristan Lennox,NYI,8482668,17,-0.004946611821651459,-0.004165909718722105,0,-0.0249,0.0151
Tristan Lennox,NYI,8482668,18,-0.004964208230376244,-0.004165909718722105,0,-0.025,0.015
Tristan Lennox,NYI,8482668,19,-0.004976790864020586,-0.004165909718722105,0,-0.025,0.015
Tristan Lennox,NYI,8482668,20,-0.00499384943395853,-0.004165909718722105,0,-0.025,0.015
Tristan Lennox,NYI,8482668,21,-0.005014374852180481,-0.004165909718722105,0,-0.025,0.015
Tristan Lennox,NYI,8482668,22,-0.005022118799388409,-0.004165909718722105,0,-0.025,0.015
Tristan Lennox,NYI,8482668,23,-0.005024081561714411,-0.004165909718722105,0,-0.025,0.015
Tristan Lennox,NYI,8482668,24,-0.005012791138142347,-0.004165909718722105,0,-0.025,0.015
Tristan Lennox,NYI,8482668,25,-0.004998946562409401,-0.004165909718722105,0,-0.025,0.015
Tristan Lennox,NYI,8482668,26,-0.005008599255234003,-0.004165909718722105,0,-0.025,0.015
Tristan Lennox,NYI,8482668,27,-0.005011707544326782,-0.004165909718722105,0,-0.025,0.015
Tristan Lennox,NYI,8482668,28,-0.0050189308822155,-0.004165909718722105,0,-0.025,0.015
Tristan Lennox,NYI,8482668,29,-0.005022367462515831,-0.004165909718722105,0,-0.025,0.015
Tristan Lennox,NYI,8482668,30,-0.005026276223361492,-0.004165909718722105,0,-0.025,0.015
Tristan Lennox,NYI,8482668,31,-0.005026404280215502,-0.004165909718722105,0,-0.025,0.015
Tristan Lennox,NYI,8482668,32,-0.005023726262152195,-0.004165909718722105,0,-0.025,0.015
Tristan Lennox,NYI,8482668,33,-0.0050218612886965275,-0.004165909718722105,0,-0.025,0.015
Tristan Lennox,NYI,8482668,34,-0.005017561838030815,-0.004165909718722105,0,-0.025,0.015
Tristan Lennox,NYI,8482668,35,-0.005017455667257309,-0.004165909718722105,0,-0.025,0.015
Antoine Bibeau,,8477312,0,0.00024881435092538595,0.0002857371000573039,6,-0.008,0.0084
Antoine Bibeau,,8477312,1,0.00017089210450649261,0.0002857371000573039,13,-0.0053,0.0057
Antoine Bibeau,,8477312,2,0.00014036177890375257,0.0002857371000573039,0,-0.0199,0.0201
Antoine Bibeau,,8477312,3,0.00011085379810538143,0.0002857371000573039,0,-0.0199,0.0201
Antoine Bibeau,,8477312,4,7.807758811395615e-05,0.0002857371000573039,0,-0.0199,0.0201
Antoine Bibeau,,8477312,5,5.192594835534692e-05,0.0002857371000573039,0,-0.0199,0.0201
Antoine Bibeau,,8477312,6,1.7819926142692566e-05,0.0002857371000573039,0,-0.02,0.02
Antoine Bibeau,,8477312,7,-2.008062438108027e-05,0.0002857371000573039,0,-0.02,0.02
Antoine Bibeau,,8477312,8,-5.830955342389643e-05,0.0002857371000573039,0,-0.0201,0.0199
Antoine Bibeau,,8477312,9,-9.371500345878303e-05,0.0002857371000573039,0,-0.0201,0.0199
Antoine Bibeau,,8477312,10,-0.000125313235912472,0.0002857371000573039,0,-0.0201,0.0199
Antoine Bibeau,,8477312,11,-0.00016422051703557372,0.0002857371000573039,0,-0.0202,0.0198
Antoine Bibeau,,8477312,12,-0.0001902415242511779,0.0002857371000573039,0,-0.0202,0.0198
Antoine Bibeau,,8477312,13,-0.00020880135707557201,0.0002857371000573039,0,-0.0202,0.0198
Antoine Bibeau,,8477312,14,-0.00021802945411764085,0.0002857371000573039,0,-0.0202,0.0198
Antoine Bibeau,,8477312,15,-0.00022812109091319144,0.0002857371000573039,0,-0.0202,0.0198
Antoine Bibeau,,8477312,16,-0.0002480041584931314,0.0002857371000573039,0,-0.0202,0.0198
Antoine Bibeau,,8477312,17,-0.0002757039910648018,0.0002857371000573039,0,-0.0203,0.0197
Antoine Bibeau,,8477312,18,-0.0002930814807768911,0.0002857371000573039,0,-0.0203,0.0197
Antoine Bibeau,,8477312,19,-0.0003053777036257088,0.0002857371000573039,0,-0.0203,0.0197
Antoine Bibeau,,8477312,20,-0.00032271555392071605,0.0002857371000573039,0,-0.0203,0.0197
Antoine Bibeau,,8477312,21,-0.0003428171039558947,0.0002857371000573039,0,-0.0203,0.0197
Antoine Bibeau,,8477312,22,-0.0003507258661556989,0.0002857371000573039,0,-0.0204,0.0196
Antoine Bibeau,,8477312,23,-0.00035245963954366744,0.0002857371000573039,0,-0.0204,0.0196
Antoine Bibeau,,8477312,24,-0.0003412075457163155,0.0002857371000573039,0,-0.0203,0.0197
Antoine Bibeau,,8477312,25,-0.0003271638124715537,0.0002857371000573039,0,-0.0203,0.0197
Antoine Bibeau,,8477312,26,-0.0003368798061273992,0.0002857371000573039,0,-0.0203,0.0197
Antoine Bibeau,,8477312,27,-0.0003400833229534328,0.0002857371000573039,0,-0.0203,0.0197
Antoine Bibeau,,8477312,28,-0.0003468062204774469,0.0002857371000573039,0,-0.0203,0.0197
Antoine Bibeau,,8477312,29,-0.00035075302002951503,0.0002857371000573039,0,-0.0204,0.0196
Antoine Bibeau,,8477312,30,-0.00035420453059487045,0.0002857371000573039,0,-0.0204,0.0196
Antoine Bibeau,,8477312,31,-0.0003543757484294474,0.0002857371000573039,0,-0.0204,0.0196
Antoine Bibeau,,8477312,32,-0.00035213737282902,0.0002857371000573039,0,-0.0204,0.0196
Antoine Bibeau,,8477312,33,-0.00034944291110150516,0.0002857371000573039,0,-0.0203,0.0197
Antoine Bibeau,,8477312,34,-0.000345953885698691,0.0002857371000573039,0,-0.0203,0.0197
Antoine Bibeau,,8477312,35,-0.00034504535142332315,0.0002857371000573039,0,-0.0203,0.0197
Ivan Prosvetov,CGY,8481031,0,-0.00778717128559947,-0.007087534759193659,37,-0.0111,-0.0045
Ivan Prosvetov,CGY,8481031,1,-0.00803369376808405,-0.007087534759193659,0,-0.028,0.012
Ivan Prosvetov,CGY,8481031,2,-0.008281714282929897,-0.007087534759193659,20,-0.0128,-0.0038
Ivan Prosvetov,CGY,8481031,3,-0.008310243487358093,-0.007087534759193659,0,-0.0283,0.0117
Ivan Prosvetov,CGY,8481031,4,-0.008344429545104504,-0.007087534759193659,0,-0.0283,0.0117
Ivan Prosvetov,CGY,8481031,5,-0.008370433002710342,-0.007087534759193659,0,-0.0284,0.0116
Ivan Prosvetov,CGY,8481031,6,-0.008404486812651157,-0.007087534759193659,0,-0.0284,0.0116
Ivan Prosvetov,CGY,8481031,7,-0.008442583493888378,-0.007087534759193659,0,-0.0284,0.0116
Ivan Prosvetov,CGY,8481031,8,-0.008481679484248161,-0.007087534759193659,0,-0.0285,0.0115
Ivan Prosvetov,CGY,8481031,9,-0.008516166359186172,-0.007087534759193659,0,-0.0285,0.0115
Ivan Prosvetov,CGY,8481031,10,-0.008548949845135212,-0.007087534759193659,0,-0.0285,0.0115
Ivan Prosvetov,CGY,8481031,11,-0.0085867615416646,-0.007087534759193659,0,-0.0286,0.0114
Ivan Prosvetov,CGY,8481031,12,-0.008614636026322842,-0.007087534759193659,0,-0.0286,0.0114
Ivan Prosvetov,CGY,8481031,13,-0.008631833828985691,-0.007087534759193659,0,-0.0286,0.0114
Ivan Prosvetov,CGY,8481031,14,-0.00864204578101635,-0.007087534759193659,0,-0.0286,0.0114
Ivan Prosvetov,CGY,8481031,15,-0.008652030490338802,-0.007087534759193659,0,-0.0287,0.0113
Ivan Prosvetov,CGY,8481031,16,-0.008672059513628483,-0.007087534759193659,0,-0.0287,0.0113
Ivan Prosvetov,CGY,8481031,17,-0.008699780330061913,-0.007087534759193659,0,-0.0287,0.0113
Ivan Prosvetov,CGY,8481031,18,-0.008717394433915615,-0.007087534759193659,0,-0.0287,0.0113
Ivan Prosvetov,CGY,8481031,19,-0.00872995425015688,-0.007087534759193659,0,-0.0287,0.0113
Ivan Prosvetov,CGY,8481031,20,-0.008746986277401447,-0.007087534759193659,0,-0.0287,0.0113
Ivan Prosvetov,CGY,8481031,21,-0.008767612278461456,-0.007087534759193659,0,-0.0288,0.0112
Ivan Prosvetov,CGY,8481031,22,-0.008775202557444572,-0.007087534759193659,0,-0.0288,0.0112
Ivan Prosvetov,CGY,8481031,23,-0.008777346462011337,-0.007087534759193659,0,-0.0288,0.0112
Ivan Prosvetov,CGY,8481031,24,-0.008766109123826027,-0.007087534759193659,0,-0.0288,0.0112
Ivan Prosvetov,CGY,8481031,25,-0.008752108551561832,-0.007087534759193659,0,-0.0288,0.0112
Ivan Prosvetov,CGY,8481031,26,-0.008761688135564327,-0.007087534759193659,0,-0.0288,0.0112
Ivan Prosvetov,CGY,8481031,27,-0.008765392005443573,-0.007087534759193659,0,-0.0288,0.0112
Ivan Prosvetov,CGY,8481031,28,-0.008771744556725025,-0.007087534759193659,0,-0.0288,0.0112
Ivan Prosvetov,CGY,8481031,29,-0.00877590011805296,-0.007087534759193659,0,-0.0288,0.0112
Ivan Prosvetov,CGY,8481031,30,-0.008779395371675491,-0.007087534759193659,0,-0.0288,0.0112
Ivan Prosvetov,CGY,8481031,31,-0.008779527619481087,-0.007087534759193659,0,-0.0288,0.0112
Ivan Prosvetov,CGY,8481031,32,-0.00877760723233223,-0.007087534759193659,0,-0.0288,0.0112
Ivan Prosvetov,CGY,8481031,33,-0.008774320594966412,-0.007087534759193659,0,-0.0288,0.0112
Ivan Prosvetov,CGY,8481031,34,-0.008771698921918869,-0.007087534759193659,0,-0.0288,0.0112
Ivan Prosvetov,CGY,8481031,35,-0.008770379237830639,-0.007087534759193659,0,-0.0288,0.0112
Samuel Jonsson,EDM,8483769,0,0.002301008440554142,0.0021685471292585135,16,-0.0027,0.0073
Samuel Jonsson,EDM,8483769,1,0.0022714147344231606,0.0021685471292585135,0,-0.0177,0.0223
Samuel Jonsson,EDM,8483769,2,0.0022410242818295956,0.0021685471292585135,0,-0.0178,0.0222
Samuel Jonsson,EDM,8483769,3,0.0022113157901912928,0.0021685471292585135,0,-0.0178,0.0222
Samuel Jonsson,EDM,8483769,4,0.0021789399906992912,0.0021685471292585135,0,-0.0178,0.0222
Samuel Jonsson,EDM,8483769,5,0.0021524776238948107,0.0021685471292585135,0,-0.0178,0.0222
Samuel Jonsson,EDM,8483769,6,0.0021188403479754925,0.0021685471292585135,0,-0.0179,0.0221
Samuel Jonsson,EDM,8483769,7,0.002080500591546297,0.0021685471292585135,0,-0.0179,0.0221
Samuel Jonsson,EDM,8483769,8,0.0020427682902663946,0.0021685471292585135,0,-0.018,0.022
Samuel Jonsson,EDM,8483769,9,0.0020070411264896393,0.0021685471292585135,0,-0.018,0.022
Samuel Jonsson,EDM,8483769,10,0.001975774532184005,0.0021685471292585135,0,-0.018,0.022
Samuel Jonsson,EDM,8483769,11,0.0019366837805137038,0.0021685471292585135,0,-0.0181,0.0219
Samuel Jonsson,EDM,8483769,12,0.0019108757842332125,0.0021685471292585135,0,-0.0181,0.0219
Samuel Jonsson,EDM,8483769,13,0.001892173895612359,0.0021685471292585135,0,-0.0181,0.0219
Samuel Jonsson,EDM,8483769,14,0.0018831738270819187,0.0021685471292585135,0,-0.0181,0.0219
Samuel Jonsson,EDM,8483769,15,0.0018729683943092823,0.0021685471292585135,0,-0.0181,0.0219
Samuel Jonsson,EDM,8483769,16,0.0018531924579292536,0.0021685471292585135,0,-0.0181,0.0219
Samuel Jonsson,EDM,8483769,17,0.0018255484756082296,0.0021685471292585135,0,-0.0182,0.0218
Samuel Jonsson,EDM,8483769,18,0.0018080653389915824,0.0021685471292585135,0,-0.0182,0.0218
Samuel Jonsson,EDM,8483769,19,0.0017959654796868563,0.0021685471292585135,0,-0.0182,0.0218
Samuel Jonsson,EDM,8483769,20,0.0017785027157515287,0.0021685471292585135,0,-0.0182,0.0218
Samuel Jonsson,EDM,8483769,21,0.001758570782840252,0.0021685471292585135,0,-0.0182,0.0218
Samuel Jonsson,EDM,8483769,22,0.0017505758441984653,0.0021685471292585135,0,-0.0182,0.0218
Samuel Jonsson,EDM,8483769,23,0.0017488981829956174,0.0021685471292585135,0,-0.0183,0.0217
Samuel Jonsson,EDM,8483769,24,0.0017601728904992342,0.0021685471292585135,0,-0.0182,0.0218
Samuel Jonsson,EDM,8483769,25,0.0017742248019203544,0.0021685471292585135,0,-0.0182,0.0218
Samuel Jonsson,EDM,8483769,26,0.0017645200714468956,0.0021685471292585135,0,-0.0182,0.0218
Samuel Jonsson,EDM,8483769,27,0.001761415507644415,0.0021685471292585135,0,-0.0182,0.0218
Samuel Jonsson,EDM,8483769,28,0.0017545016016811132,0.0021685471292585135,0,-0.0182,0.0218
Samuel Jonsson,EDM,8483769,29,0.0017509068129584193,0.0021685471292585135,0,-0.0182,0.0218
Samuel Jonsson,EDM,8483769,30,0.0017470408929511905,0.0021685471292585135,0,-0.0183,0.0217
Samuel Jonsson,EDM,8483769,31,0.0017471997998654842,0.0021685471292585135,0,-0.0183,0.0217
Samuel Jonsson,EDM,8483769,32,0.0017493395134806633,0.0021685471292585135,0,-0.0183,0.0217
Samuel Jonsson,EDM,8483769,33,0.0017520202090963721,0.0021685471292585135,0,-0.0182,0.0218
Samuel Jonsson,EDM,8483769,34,0.0017555567901581526,0.0021685471292585135,0,-0.0182,0.0218
Samuel Jonsson,EDM,8483769,35,0.001756484853103757,0.0021685471292585135,0,-0.0182,0.0218
Kirill Gerasimyuk,FLA,8482914,0,-0.006461653392761946,-0.005871709901839495,12,-0.0123,-0.0007
Kirill Gerasimyuk,FLA,8482914,1,-0.006492040120065212,-0.005871709901839495,0,-0.0265,0.0135
Kirill Gerasimyuk,FLA,8482914,2,-0.006522013805806637,-0.005871709901839495,0,-0.0265,0.0135
Kirill Gerasimyuk,FLA,8482914,3,-0.0065522827208042145,-0.005871709901839495,0,-0.0266,0.0134
Kirill Gerasimyuk,FLA,8482914,4,-0.006584605202078819,-0.005871709901839495,0,-0.0266,0.0134
Kirill Gerasimyuk,FLA,8482914,5,-0.006611677352339029,-0.005871709901839495,0,-0.0266,0.0134
Kirill Gerasimyuk,FLA,8482914,6,-0.006645374000072479,-0.005871709901839495,0,-0.0266,0.0134
Kirill Gerasimyuk,FLA,8482914,7,-0.006683829240500927,-0.005871709901839495,0,-0.0267,0.0133
Kirill Gerasimyuk,FLA,8482914,8,-0.0067218998447060585,-0.005871709901839495,0,-0.0267,0.0133
Kirill Gerasimyuk,FLA,8482914,9,-0.006757665891200304,-0.005871709901839495,0,-0.0268,0.0132
Kirill Gerasimyuk,FLA,8482914,10,-0.006789341103285551,-0.005871709901839495,0,-0.0268,0.0132
Kirill Gerasimyuk,FLA,8482914,11,-0.0068285190500319,-0.005871709901839495,0,-0.0268,0.0132
Kirill Gerasimyuk,FLA,8482914,12,-0.006854281295090914,-0.005871709901839495,0,-0.0269,0.0131
Kirill Gerasimyuk,FLA,8482914,13,-0.006873642560094595,-0.005871709901839495,0,-0.0269,0.0131
Kirill Gerasimyuk,FLA,8482914,14,-0.006882162764668465,-0.005871709901839495,0,-0.0269,0.0131
Kirill Gerasimyuk,FLA,8482914,15,-0.006893306504935026,-0.005871709901839495,0,-0.0269,0.0131
Kirill Gerasimyuk,FLA,8482914,16,-0.006912357173860073,-0.005871709901839495,0,-0.0269,0.0131
Kirill Gerasimyuk,FLA,8482914,17,-0.006941155064851046,-0.005871709901839495,0,-0.0269,0.0131
Kirill Gerasimyuk,FLA,8482914,18,-0.006957584526389837,-0.005871709901839495,0,-0.027,0.013
Kirill Gerasimyuk,FLA,8482914,19,-0.006971052847802639,-0.005871709901839495,0,-0.027,0.013
Kirill Gerasimyuk,FLA,8482914,20,-0.006987362168729305,-0.005871709901839495,0,-0.027,0.013
Kirill Gerasimyuk,FLA,8482914,21,-0.0070088570937514305,-0.005871709901839495,0,-0.027,0.013
Kirill Gerasimyuk,FLA,8482914,22,-0.007015389855951071,-0.005871709901839495,0,-0.027,0.013
Kirill Gerasimyuk,FLA,8482914,23,-0.0070184459909796715,-0.005871709901839495,0,-0.027,0.013
Kirill Gerasimyuk,FLA,8482914,24,-0.007006531115621328,-0.005871709901839495,0,-0.027,0.013
Kirill Gerasimyuk,FLA,8482914,25,-0.006992942187935114,-0.005871709901839495,0,-0.027,0.013
Kirill Gerasimyuk,FLA,8482914,26,-0.007002346217632294,-0.005871709901839495,0,-0.027,0.013
Kirill Gerasimyuk,FLA,8482914,27,-0.007005960214883089,-0.005871709901839495,0,-0.027,0.013
Kirill Gerasimyuk,FLA,8482914,28,-0.007012516260147095,-0.005871709901839495,0,-0.027,0.013
Kirill Gerasimyuk,FLA,8482914,29,-0.007016582880169153,-0.005871709901839495,0,-0.027,0.013
Kirill Gerasimyuk,FLA,8482914,30,-0.007020117249339819,-0.005871709901839495,0,-0.027,0.013
Kirill Gerasimyuk,FLA,8482914,31,-0.007020036689937115,-0.005871709901839495,0,-0.027,0.013
Kirill Gerasimyuk,FLA,8482914,32,-0.007018281612545252,-0.005871709901839495,0,-0.027,0.013
Kirill Gerasimyuk,FLA,8482914,33,-0.007015160284936428,-0.005871709901839495,0,-0.027,0.013
Kirill Gerasimyuk,FLA,8482914,34,-0.007012034300714731,-0.005871709901839495,0,-0.027,0.013
Kirill Gerasimyuk,FLA,8482914,35,-0.0070111751556396484,-0.005871709901839495,0,-0.027,0.013
Magnus Chrona,NSH,8480992,0,-0.0003684425610117614,-0.0002805744588840753,27,-0.0042,0.0034
Magnus Chrona,NSH,8480992,1,-0.0003979804168920964,-0.0002805744588840753,0,-0.0204,0.0196
Magnus Chrona,NSH,8480992,2,-0.00042859287350438535,-0.0002805744588840753,0,-0.0204,0.0196
Magnus Chrona,NSH,8480992,3,-0.00045801029773429036,-0.0002805744588840753,0,-0.0205,0.0195
Magnus Chrona,NSH,8480992,4,-0.000490899954456836,-0.0002805744588840753,0,-0.0205,0.0195
Magnus Chrona,NSH,8480992,5,-0.0005169839132577181,-0.0002805744588840753,0,-0.0205,0.0195
Magnus Chrona,NSH,8480992,6,-0.0005511477356776595,-0.0002805744588840753,0,-0.0206,0.0194
Magnus Chrona,NSH,8480992,7,-0.0005890376633033156,-0.0002805744588840753,0,-0.0206,0.0194
Magnus Chrona,NSH,8480992,8,-0.0006272844620980322,-0.0002805744588840753,0,-0.0206,0.0194
Magnus Chrona,NSH,8480992,9,-0.0006626970134675503,-0.0002805744588840753,0,-0.0207,0.0193
Magnus Chrona,NSH,8480992,10,-0.0006943045882508159,-0.0002805744588840753,0,-0.0207,0.0193
Magnus Chrona,NSH,8480992,11,-0.0007332051172852516,-0.0002805744588840753,0,-0.0207,0.0193
Magnus Chrona,NSH,8480992,12,-0.0007592688780277967,-0.0002805744588840753,0,-0.0208,0.0192
Magnus Chrona,NSH,8480992,13,-0.0007778030121698976,-0.0002805744588840753,0,-0.0208,0.0192
Magnus Chrona,NSH,8480992,14,-0.0007870600093156099,-0.0002805744588840753,0,-0.0208,0.0192
Magnus Chrona,NSH,8480992,15,-0.0007971435552462935,-0.0002805744588840753,0,-0.0208,0.0192
Magnus Chrona,NSH,8480992,16,-0.000817057560198009,-0.0002805744588840753,0,-0.0208,0.0192
Magnus Chrona,NSH,8480992,17,-0.0008447198197245598,-0.0002805744588840753,0,-0.0208,0.0192
Magnus Chrona,NSH,8480992,18,-0.0008621615124866366,-0.0002805744588840753,0,-0.0209,0.0191
Magnus Chrona,NSH,8480992,19,-0.0008744167862460017,-0.0002805744588840753,0,-0.0209,0.0191
Magnus Chrona,NSH,8480992,20,-0.0008917762315832078,-0.0002805744588840753,0,-0.0209,0.0191
Magnus Chrona,NSH,8480992,21,-0.0009118911111727357,-0.0002805744588840753,0,-0.0209,0.0191
Magnus Chrona,NSH,8480992,22,-0.0009197892504744232,-0.0002805744588840753,0,-0.0209,0.0191
Magnus Chrona,NSH,8480992,23,-0.0009215486934408545,-0.0002805744588840753,0,-0.0209,0.0191
Magnus Chrona,NSH,8480992,24,-0.0009102721814997494,-0.0002805744588840753,0,-0.0209,0.0191
Magnus Chrona,NSH,8480992,25,-0.0008962638676166534,-0.0002805744588840753,0,-0.0209,0.0191
Magnus Chrona,NSH,8480992,26,-0.0009059704607352614,-0.0002805744588840753,0,-0.0209,0.0191
Magnus Chrona,NSH,8480992,27,-0.0009091458050534129,-0.0002805744588840753,0,-0.0209,0.0191
Magnus Chrona,NSH,8480992,28,-0.000915937009267509,-0.0002805744588840753,0,-0.0209,0.0191
Magnus Chrona,NSH,8480992,29,-0.0009198181796818972,-0.0002805744588840753,0,-0.0209,0.0191
Magnus Chrona,NSH,8480992,30,-0.0009233372984454036,-0.0002805744588840753,0,-0.0209,0.0191
Magnus Chrona,NSH,8480992,31,-0.0009234395110979676,-0.0002805744588840753,0,-0.0209,0.0191
Magnus Chrona,NSH,8480992,32,-0.0009212627774104476,-0.0002805744588840753,0,-0.0209,0.0191
Magnus Chrona,NSH,8480992,33,-0.0009185404633171856,-0.0002805744588840753,0,-0.0209,0.0191
Magnus Chrona,NSH,8480992,34,-0.0009150415426120162,-0.0002805744588840753,0,-0.0209,0.0191
Magnus Chrona,NSH,8480992,35,-0.0009141776827163994,-0.0002805744588840753,0,-0.0209,0.0191
Parker Gahagen,,8480481,0,0.004188877064734697,0.0039009684696793556,13,-0.0013,0.0097
Parker Gahagen,,8480481,1,0.004159951116889715,0.0039009684696793556,0,-0.0158,0.0242
Parker Gahagen,,8480481,2,0.004128734581172466,0.0039009684696793556,0,-0.0159,0.0241
Parker Gahagen,,8480481,3,0.004099854733794928,0.0039009684696793556,0,-0.0159,0.0241
Parker Gahagen,,8480481,4,0.004066816996783018,0.0039009684696793556,0,-0.0159,0.0241
Parker Gahagen,,8480481,5,0.0040413266979157925,0.0039009684696793556,0,-0.016,0.024
Parker Gahagen,,8480481,6,0.004006522241979837,0.0039009684696793556,0,-0.016,0.024
Parker Gahagen,,8480481,7,0.0039695072919130325,0.0039009684696793556,0,-0.016,0.024
Parker Gahagen,,8480481,8,0.00393073121085763,0.0039009684696793556,0,-0.0161,0.0239
Parker Gahagen,,8480481,9,0.0038958441000431776,0.0039009684696793556,0,-0.0161,0.0239
Parker Gahagen,,8480481,10,0.0038640748243778944,0.0039009684696793556,0,-0.0161,0.0239
Parker Gahagen,,8480481,11,0.003825506893917918,0.0039009684696793556,0,-0.0162,0.0238
Parker Gahagen,,8480481,12,0.003799131140112877,0.0039009684696793556,0,-0.0162,0.0238
Parker Gahagen,,8480481,13,0.003781032282859087,0.0039009684696793556,0,-0.0162,0.0238
Parker Gahagen,,8480481,14,0.003771879943087697,0.0039009684696793556,0,-0.0162,0.0238
Parker Gahagen,,8480481,15,0.003761479165405035,0.0039009684696793556,0,-0.0162,0.0238
Parker Gahagen,,8480481,16,0.0037420711014419794,0.0039009684696793556,0,-0.0163,0.0237
Parker Gahagen,,8480481,17,0.0037142490036785603,0.0039009684696793556,0,-0.0163,0.0237
Parker Gahagen,,8480481,18,0.003696942236274481,0.0039009684696793556,0,-0.0163,0.0237
Parker Gahagen,,8480481,19,0.003684724448248744,0.0039009684696793556,0,-0.0163,0.0237
Parker Gahagen,,8480481,20,0.003667309181764722,0.0039009684696793556,0,-0.0163,0.0237
Parker Gahagen,,8480481,21,0.0036474226508289576,0.0039009684696793556,0,-0.0164,0.0236
Parker Gahagen,,8480481,22,0.003639597212895751,0.0039009684696793556,0,-0.0164,0.0236
Parker Gahagen,,8480481,23,0.0036376691423356533,0.0039009684696793556,0,-0.0164,0.0236
Parker Gahagen,,8480481,24,0.0036492780782282352,0.0039009684696793556,0,-0.0164,0.0236
Parker Gahagen,,8480481,25,0.0036629708483815193,0.0039009684696793556,0,-0.0163,0.0237
Parker Gahagen,,8480481,26,0.0036536178085952997,0.0039009684696793556,0,-0.0163,0.0237
Parker Gahagen,,8480481,27,0.0036503812298178673,0.0039009684696793556,0,-0.0163,0.0237
Parker Gahagen,,8480481,28,0.0036434808280318975,0.0039009684696793556,0,-0.0164,0.0236
Parker Gahagen,,8480481,29,0.003639813046902418,0.0039009684696793556,0,-0.0164,0.0236
Parker Gahagen,,8480481,30,0.0036361240781843662,0.0039009684696793556,0,-0.0164,0.0236
Parker Gahagen,,8480481,31,0.003636416746303439,0.0039009684696793556,0,-0.0164,0.0236
Parker Gahagen,,8480481,32,0.003638039343059063,0.0039009684696793556,0,-0.0164,0.0236
Parker Gahagen,,8480481,33,0.0036411848850548267,0.0039009684696793556,0,-0.0164,0.0236
Parker Gahagen,,8480481,34,0.0036445767618715763,0.0039009684696793556,0,-0.0164,0.0236
Parker Gahagen,,8480481,35,0.003645610762760043,0.0039009684696793556,0,-0.0164,0.0236
Vadim Zherenko,STL,8481689,0,-0.0013624541461467743,-0.0011926660081371665,9,-0.0081,0.0053
Vadim Zherenko,STL,8481689,1,-0.001392062520608306,-0.0011926660081371665,0,-0.0214,0.0186
Vadim Zherenko,STL,8481689,2,-0.0014226047787815332,-0.0011926660081371665,0,-0.0214,0.0186
Vadim Zherenko,STL,8481689,3,-0.0014522417914122343,-0.0011926660081371665,0,-0.0215,0.0185
Vadim Zherenko,STL,8481689,4,-0.0014849412254989147,-0.0011926660081371665,0,-0.0215,0.0185
Vadim Zherenko,STL,8481689,5,-0.0015112949768081307,-0.0011926660081371665,0,-0.0215,0.0185
Vadim Zherenko,STL,8481689,6,-0.0015453030355274677,-0.0011926660081371665,0,-0.0215,0.0185
Vadim Zherenko,STL,8481689,7,-0.0015833713114261627,-0.0011926660081371665,0,-0.0216,0.0184
Vadim Zherenko,STL,8481689,8,-0.0016215727664530277,-0.0011926660081371665,0,-0.0216,0.0184
Vadim Zherenko,STL,8481689,9,-0.0016570225125178695,-0.0011926660081371665,0,-0.0217,0.0183
Vadim Zherenko,STL,8481689,10,-0.001688647666014731,-0.0011926660081371665,0,-0.0217,0.0183
Vadim Zherenko,STL,8481689,11,-0.001727758557535708,-0.0011926660081371665,0,-0.0217,0.0183
Vadim Zherenko,STL,8481689,12,-0.0017534999642521143,-0.0011926660081371665,0,-0.0218,0.0182
Vadim Zherenko,STL,8481689,13,-0.0017724252538755536,-0.0011926660081371665,0,-0.0218,0.0182
Vadim Zherenko,STL,8481689,14,-0.0017814462771639228,-0.0011926660081371665,0,-0.0218,0.0182
Vadim Zherenko,STL,8481689,15,-0.0017917535733431578,-0.0011926660081371665,0,-0.0218,0.0182
Vadim Zherenko,STL,8481689,16,-0.0018115233397111297,-0.0011926660081371665,0,-0.0218,0.0182
Vadim Zherenko,STL,8481689,17,-0.00183932576328516,-0.0011926660081371665,0,-0.0218,0.0182
Vadim Zherenko,STL,8481689,18,-0.001856733113527298,-0.0011926660081371665,0,-0.0219,0.0181
Vadim Zherenko,STL,8481689,19,-0.0018690472934395075,-0.0011926660081371665,0,-0.0219,0.0181
Vadim Zherenko,STL,8481689,20,-0.0018863858422264457,-0.0011926660081371665,0,-0.0219,0.0181
Vadim Zherenko,STL,8481689,21,-0.0019065674860030413,-0.0011926660081371665,0,-0.0219,0.0181
Vadim Zherenko,STL,8481689,22,-0.00191442109644413,-0.0011926660081371665,0,-0.0219,0.0181
Vadim Zherenko,STL,8481689,23,-0.001916268141940236,-0.0011926660081371665,0,-0.0219,0.0181
Vadim Zherenko,STL,8481689,24,-0.0019049497786909342,-0.0011926660081371665,0,-0.0219,0.0181
Vadim Zherenko,STL,8481689,25,-0.0018909766804426908,-0.0011926660081371665,0,-0.0219,0.0181
Vadim Zherenko,STL,8481689,26,-0.0019007041119039059,-0.0011926660081371665,0,-0.0219,0.0181
Vadim Zherenko,STL,8481689,27,-0.0019038701429963112,-0.0011926660081371665,0,-0.0219,0.0181
Vadim Zherenko,STL,8481689,28,-0.001910695107653737,-0.0011926660081371665,0,-0.0219,0.0181
Vadim Zherenko,STL,8481689,29,-0.0019145536934956908,-0.0011926660081371665,0,-0.0219,0.0181
Vadim Zherenko,STL,8481689,30,-0.0019181248499080539,-0.0011926660081371665,0,-0.0219,0.0181
Vadim Zherenko,STL,8481689,31,-0.001918191323056817,-0.0011926660081371665,0,-0.0219,0.0181
Vadim Zherenko,STL,8481689,32,-0.0019160325173288584,-0.0011926660081371665,0,-0.0219,0.0181
Vadim Zherenko,STL,8481689,33,-0.0019133188761770725,-0.0011926660081371665,0,-0.0219,0.0181
Vadim Zherenko,STL,8481689,34,-0.0019098403863608837,-0.0011926660081371665,0,-0.0219,0.0181
Vadim Zherenko,STL,8481689,35,-0.0019089984707534313,-0.0011926660081371665,0,-0.0219,0.0181
Artur Akhtyamov,TOR,8482515,0,-0.0020446081180125475,-0.0018185556400567293,22,-0.0063,0.0023
Artur Akhtyamov,TOR,8482515,1,-0.0021727727726101875,-0.0018185556400567293,25,-0.0062,0.0018
Artur Akhtyamov,TOR,8482515,2,-0.00230066548101604,-0.0018185556400567293,0,-0.0223,0.0177
Artur Akhtyamov,TOR,8482515,3,-0.002427890198305249,-0.0018185556400567293,0,-0.0224,0.0176
Artur Akhtyamov,TOR,8482515,4,-0.0025582623202353716,-0.0018185556400567293,0,-0.0226,0.0174
Artur Akhtyamov,TOR,8482515,5,-0.0026820062194019556,-0.0018185556400567293,0,-0.0227,0.0173
Artur Akhtyamov,TOR,8482515,6,-0.0028135720640420914,-0.0018185556400567293,0,-0.0228,0.0172
Artur Akhtyamov,TOR,8482515,7,-0.0029492084868252277,-0.0018185556400567293,0,-0.0229,0.0171
Artur Akhtyamov,TOR,8482515,8,-0.0030849690083414316,-0.0018185556400567293,0,-0.0231,0.0169
Artur Akhtyamov,TOR,8482515,9,-0.0032179043628275394,-0.0018185556400567293,0,-0.0232,0.0168
Artur Akhtyamov,TOR,8482515,10,-0.003347172634676099,-0.0018185556400567293,0,-0.0233,0.0167
Artur Akhtyamov,TOR,8482515,11,-0.003483528969809413,-0.0018185556400567293,0,-0.0235,0.0165
Artur Akhtyamov,TOR,8482515,12,-0.0036073075607419014,-0.0018185556400567293,8,-0.0107,0.0035
Artur Akhtyamov,TOR,8482515,13,-0.003768881084397435,-0.0018185556400567293,0,-0.0238,0.0162
Artur Akhtyamov,TOR,8482515,14,-0.003921606577932835,-0.0018185556400567293,0,-0.0239,0.0161
Artur Akhtyamov,TOR,8482515,15,-0.004074631724506617,-0.0018185556400567293,0,-0.0241,0.0159
Artur Akhtyamov,TOR,8482515,16,-0.0042378539219498634,-0.0018185556400567293,0,-0.0242,0.0158
Artur Akhtyamov,TOR,8482515,17,-0.0044089192524552345,-0.0018185556400567293,0,-0.0244,0.0156
Artur Akhtyamov,TOR,8482515,18,-0.004569213837385178,-0.0018185556400567293,0,-0.0246,0.0154
Artur Akhtyamov,TOR,8482515,19,-0.004725087899714708,-0.0018185556400567293,0,-0.0247,0.0153
Artur Akhtyamov,TOR,8482515,20,-0.004885312169790268,-0.0018185556400567293,0,-0.0249,0.0151
Artur Akhtyamov,TOR,8482515,21,-0.005048885941505432,-0.0018185556400567293,0,-0.025,0.015
Artur Akhtyamov,TOR,8482515,22,-0.00519985007122159,-0.0018185556400567293,0,-0.0252,0.0148
Artur Akhtyamov,TOR,8482515,23,-0.005344827193766832,-0.0018185556400567293,0,-0.0253,0.0147
Artur Akhtyamov,TOR,8482515,24,-0.005476764403283596,-0.0018185556400567293,0,-0.0255,0.0145
Artur Akhtyamov,TOR,8482515,25,-0.005605984479188919,-0.0018185556400567293,0,-0.0256,0.0144
Artur Akhtyamov,TOR,8482515,26,-0.005759146995842457,-0.0018185556400567293,51,-0.0086,-0.003
Artur Akhtyamov,TOR,8482515,27,-0.006040342152118683,-0.0018185556400567293,38,-0.0092,-0.0028
Artur Akhtyamov,TOR,8482515,28,-0.006047660484910011,-0.0018185556400567293,0,-0.026,0.014
Artur Akhtyamov,TOR,8482515,29,-0.006051316857337952,-0.0018185556400567293,0,-0.0261,0.0139
Artur Akhtyamov,TOR,8482515,30,-0.006054780911654234,-0.0018185556400567293,0,-0.0261,0.0139
Artur Akhtyamov,TOR,8482515,31,-0.006055054720491171,-0.0018185556400567293,0,-0.0261,0.0139
Artur Akhtyamov,TOR,8482515,32,-0.006052778568118811,-0.0018185556400567293,0,-0.0261,0.0139
Artur Akhtyamov,TOR,8482515,33,-0.0060500213876366615,-0.0018185556400567293,0,-0.0261,0.0139
Artur Akhtyamov,TOR,8482515,34,-0.006046846508979797,-0.0018185556400567293,0,-0.026,0.014
Artur Akhtyamov,TOR,8482515,35,-0.0060455650091171265,-0.0018185556400567293,0,-0.026,0.014
Vyacheslav Peksa,TOR,8482940,0,0.0003003401216119528,0.0003329907776787877,17,-0.0046,0.0052
Vyacheslav Peksa,TOR,8482940,1,0.0002707501407712698,0.0003329907776787877,0,-0.0197,0.0203
Vyacheslav Peksa,TOR,8482940,2,0.00024023070000112057,0.0003329907776787877,0,-0.0198,0.0202
Vyacheslav Peksa,TOR,8482940,3,0.00021071227092761546,0.0003329907776787877,0,-0.0198,0.0202
Vyacheslav Peksa,TOR,8482940,4,0.0001779205194907263,0.0003329907776787877,0,-0.0198,0.0202
Vyacheslav Peksa,TOR,8482940,5,0.00015177964814938605,0.0003329907776787877,0,-0.0198,0.0202
Vyacheslav Peksa,TOR,8482940,6,0.00011766882380470634,0.0003329907776787877,0,-0.0199,0.0201
Vyacheslav Peksa,TOR,8482940,7,7.975578773766756e-05,0.0003329907776787877,0,-0.0199,0.0201
Vyacheslav Peksa,TOR,8482940,8,4.152237670496106e-05,0.0003329907776787877,0,-0.02,0.02
Vyacheslav Peksa,TOR,8482940,9,6.120419129729271e-06,0.0003329907776787877,0,-0.02,0.02
Vyacheslav Peksa,TOR,8482940,10,-2.5497691240161657e-05,0.0003329907776787877,0,-0.02,0.02
Vyacheslav Peksa,TOR,8482940,11,-6.438023410737514e-05,0.0003329907776787877,0,-0.0201,0.0199
Vyacheslav Peksa,TOR,8482940,12,-9.044181206263602e-05,0.0003329907776787877,0,-0.0201,0.0199
Vyacheslav Peksa,TOR,8482940,13,-0.00010897396714426577,0.0003329907776787877,0,-0.0201,0.0199
Vyacheslav Peksa,TOR,8482940,14,-0.00011822400847449899,0.0003329907776787877,0,-0.0201,0.0199
Vyacheslav Peksa,TOR,8482940,15,-0.00012830595369450748,0.0003329907776787877,0,-0.0201,0.0199
Vyacheslav Peksa,TOR,8482940,16,-0.00014820537762716413,0.0003329907776787877,0,-0.0201,0.0199
Vyacheslav Peksa,TOR,8482940,17,-0.00017589522758498788,0.0003329907776787877,0,-0.0202,0.0198
Vyacheslav Peksa,TOR,8482940,18,-0.0001932914019562304,0.0003329907776787877,0,-0.0202,0.0198
Vyacheslav Peksa,TOR,8482940,19,-0.00020557994139380753,0.0003329907776787877,0,-0.0202,0.0198
Vyacheslav Peksa,TOR,8482940,20,-0.0002229073434136808,0.0003329907776787877,0,-0.0202,0.0198
Vyacheslav Peksa,TOR,8482940,21,-0.0002430427703075111,0.0003329907776787877,0,-0.0202,0.0198
Vyacheslav Peksa,TOR,8482940,22,-0.0002509223995730281,0.0003329907776787877,0,-0.0203,0.0197
Vyacheslav Peksa,TOR,8482940,23,-0.0002526792522985488,0.0003329907776787877,0,-0.0203,0.0197
Vyacheslav Peksa,TOR,8482940,24,-0.00024142386973835528,0.0003329907776787877,0,-0.0202,0.0198
Vyacheslav Peksa,TOR,8482940,25,-0.00022736360551789403,0.0003329907776787877,0,-0.0202,0.0198
Vyacheslav Peksa,TOR,8482940,26,-0.00023712834808975458,0.0003329907776787877,0,-0.0202,0.0198
Vyacheslav Peksa,TOR,8482940,27,-0.00024025997845456004,0.0003329907776787877,0,-0.0202,0.0198
Vyacheslav Peksa,TOR,8482940,28,-0.00024707845295779407,0.0003329907776787877,0,-0.0202,0.0198
Vyacheslav Peksa,TOR,8482940,29,-0.00025091899442486465,0.0003329907776787877,0,-0.0203,0.0197
Vyacheslav Peksa,TOR,8482940,30,-0.00025447882944718003,0.0003329907776787877,0,-0.0203,0.0197
Vyacheslav Peksa,TOR,8482940,31,-0.0002545618044678122,0.0003329907776787877,0,-0.0203,0.0197
Vyacheslav Peksa,TOR,8482940,32,-0.0002523764269426465,0.0003329907776787877,0,-0.0203,0.0197
Vyacheslav Peksa,TOR,8482940,33,-0.00024966406635940075,0.0003329907776787877,0,-0.0202,0.0198
Vyacheslav Peksa,TOR,8482940,34,-0.00024617265444248915,0.0003329907776787877,0,-0.0202,0.0198
Vyacheslav Peksa,TOR,8482940,35,-0.00024528251378796995,0.0003329907776787877,0,-0.0202,0.0198
Ty Young,VAN,8483751,0,-0.007772292476147413,-0.007073509972542524,17,-0.0127,-0.0029
Ty Young,VAN,8483751,1,-0.007801980245858431,-0.007073509972542524,0,-0.0278,0.0122
Ty Young,VAN,8483751,2,-0.007832775823771954,-0.007073509972542524,0,-0.0278,0.0122
Ty Young,VAN,8483751,3,-0.007862233556807041,-0.007073509972542524,0,-0.0279,0.0121
Ty Young,VAN,8483751,4,-0.007895293645560741,-0.007073509972542524,0,-0.0279,0.0121
Ty Young,VAN,8483751,5,-0.007921845652163029,-0.007073509972542524,0,-0.0279,0.0121
Ty Young,VAN,8483751,6,-0.007956068962812424,-0.007073509972542524,0,-0.028,0.012
Ty Young,VAN,8483751,7,-0.007993793115019798,-0.007073509972542524,0,-0.028,0.012
Ty Young,VAN,8483751,8,-0.008032933808863163,-0.007073509972542524,0,-0.028,0.012
Ty Young,VAN,8483751,9,-0.008067714981734753,-0.007073509972542524,0,-0.0281,0.0119
Ty Young,VAN,8483751,10,-0.008100207895040512,-0.007073509972542524,0,-0.0281,0.0119
Ty Young,VAN,8483751,11,-0.008138610050082207,-0.007073509972542524,0,-0.0281,0.0119
Ty Young,VAN,8483751,12,-0.008165440522134304,-0.007073509972542524,0,-0.0282,0.0118
Ty Young,VAN,8483751,13,-0.008183563128113747,-0.007073509972542524,0,-0.0282,0.0118
Ty Young,VAN,8483751,14,-0.008193401619791985,-0.007073509972542524,0,-0.0282,0.0118
Ty Young,VAN,8483751,15,-0.00820322148501873,-0.007073509972542524,0,-0.0282,0.0118
Ty Young,VAN,8483751,16,-0.008223503828048706,-0.007073509972542524,0,-0.0282,0.0118
Ty Young,VAN,8483751,17,-0.008251396007835865,-0.007073509972542524,0,-0.0283,0.0117
Ty Young,VAN,8483751,18,-0.008268468081951141,-0.007073509972542524,0,-0.0283,0.0117
Ty Young,VAN,8483751,19,-0.008281572721898556,-0.007073509972542524,0,-0.0283,0.0117
Ty Young,VAN,8483751,20,-0.008298315107822418,-0.007073509972542524,0,-0.0283,0.0117
Ty Young,VAN,8483751,21,-0.008318942040205002,-0.007073509972542524,0,-0.0283,0.0117
Ty Young,VAN,8483751,22,-0.008326827548444271,-0.007073509972542524,0,-0.0283,0.0117
Ty Young,VAN,8483751,23,-0.008328679949045181,-0.007073509972542524,0,-0.0283,0.0117
Ty Young,VAN,8483751,24,-0.008317319676280022,-0.007073509972542524,0,-0.0283,0.0117
Ty Young,VAN,8483751,25,-0.008303655311465263,-0.007073509972542524,0,-0.0283,0.0117
Ty Young,VAN,8483751,26,-0.008313236758112907,-0.007073509972542524,0,-0.0283,0.0117
Ty Young,VAN,8483751,27,-0.008316396735608578,-0.007073509972542524,0,-0.0283,0.0117
Ty Young,VAN,8483751,28,-0.008323629386723042,-0.007073509972542524,0,-0.0283,0.0117
Ty Young,VAN,8483751,29,-0.008326947689056396,-0.007073509972542524,0,-0.0283,0.0117
Ty Young,VAN,8483751,30,-0.008331157267093658,-0.007073509972542524,0,-0.0283,0.0117
Ty Young,VAN,8483751,31,-0.00833070371299982,-0.007073509972542524,0,-0.0283,0.0117
Ty Young,VAN,8483751,32,-0.008328909054398537,-0.007073509972542524,0,-0.0283,0.0117
Ty Young,VAN,8483751,33,-0.008326210081577301,-0.007073509972542524,0,-0.0283,0.0117
Ty Young,VAN,8483751,34,-0.0083224568516016,-0.007073509972542524,0,-0.0283,0.0117
Ty Young,VAN,8483751,35,-0.00832214206457138,-0.007073509972542524,0,-0.0283,0.0117
Carl Lindbom,VGK,8482761,0,-0.00933870580047369,-0.008511419408023357,14,-0.0146,-0.004
Carl Lindbom,VGK,8482761,1,-0.009791427291929722,-0.008511419408023357,0,-0.0298,0.0102
Carl Lindbom,VGK,8482761,2,-0.010242908261716366,-0.008511419408023357,44,-0.0132,-0.0072
Carl Lindbom,VGK,8482761,3,-0.01063610427081585,-0.008511419408023357,0,-0.0306,0.0094
Carl Lindbom,VGK,8482761,4,-0.011033231392502785,-0.008511419408023357,0,-0.031,0.009
Carl Lindbom,VGK,8482761,5,-0.0114226583391428,-0.008511419408023357,27,-0.0152,-0.0076
Carl Lindbom,VGK,8482761,6,-0.01178018469363451,-0.008511419408023357,36,-0.0151,-0.0085
Carl Lindbom,VGK,8482761,7,-0.012119393795728683,-0.008511419408023357,31,-0.0157,-0.0085
Carl Lindbom,VGK,8482761,8,-0.012445972301065922,-0.008511419408023357,58,-0.015,-0.0098
Carl Lindbom,VGK,8482761,9,-0.012654989957809448,-0.008511419408023357,0,-0.0327,0.0073
Carl Lindbom,VGK,8482761,10,-0.01286143809556961,-0.008511419408023357,62,-0.0154,-0.0104
Carl Lindbom,VGK,8482761,11,-0.012963303364813328,-0.008511419408023357,0,-0.033,0.007
Carl Lindbom,VGK,8482761,12,-0.013052989728748798,-0.008511419408023357,0,-0.0331,0.0069
Carl Lindbom,VGK,8482761,13,-0.0131341852247715,-0.008511419408023357,0,-0.0331,0.0069
Carl Lindbom,VGK,8482761,14,-0.013207393698394299,-0.008511419408023357,0,-0.0332,0.0068
Carl Lindbom,VGK,8482761,15,-0.013279877603054047,-0.008511419408023357,0,-0.0333,0.0067
Carl Lindbom,VGK,8482761,16,-0.013363669626414776,-0.008511419408023357,19,-0.018,-0.0088
Carl Lindbom,VGK,8482761,17,-0.013390781357884407,-0.008511419408023357,0,-0.0334,0.0066
Carl Lindbom,VGK,8482761,18,-0.013408883474767208,-0.008511419408023357,0,-0.0334,0.0066
Carl Lindbom,VGK,8482761,19,-0.013420594856142998,-0.008511419408023357,0,-0.0334,0.0066
Carl Lindbom,VGK,8482761,20,-0.013438125140964985,-0.008511419408023357,0,-0.0334,0.0066
Carl Lindbom,VGK,8482761,21,-0.013458499684929848,-0.008511419408023357,0,-0.0335,0.0065
Carl Lindbom,VGK,8482761,22,-0.013466265052556992,-0.008511419408023357,0,-0.0335,0.0065
Carl Lindbom,VGK,8482761,23,-0.013467667624354362,-0.008511419408023357,0,-0.0335,0.0065
Carl Lindbom,VGK,8482761,24,-0.013457118533551693,-0.008511419408023357,0,-0.0335,0.0065
Carl Lindbom,VGK,8482761,25,-0.013442219235002995,-0.008511419408023357,0,-0.0334,0.0066
Carl Lindbom,VGK,8482761,26,-0.013453084975481033,-0.008511419408023357,0,-0.0335,0.0065
Carl Lindbom,VGK,8482761,27,-0.013454979285597801,-0.008511419408023357,0,-0.0335,0.0065
Carl Lindbom,VGK,8482761,28,-0.013462880626320839,-0.008511419408023357,0,-0.0335,0.0065
Carl Lindbom,VGK,8482761,29,-0.013466075994074345,-0.008511419408023357,0,-0.0335,0.0065
Carl Lindbom,VGK,8482761,30,-0.013470044359564781,-0.008511419408023357,0,-0.0335,0.0065
Carl Lindbom,VGK,8482761,31,-0.013469816185534,-0.008511419408023357,0,-0.0335,0.0065
Carl Lindbom,VGK,8482761,32,-0.01346762478351593,-0.008511419408023357,0,-0.0335,0.0065
Carl Lindbom,VGK,8482761,33,-0.01346549578011036,-0.008511419408023357,0,-0.0335,0.0065
Carl Lindbom,VGK,8482761,34,-0.01346085499972105,-0.008511419408023357,0,-0.0335,0.0065
Carl Lindbom,VGK,8482761,35,-0.01346112135797739,-0.008511419408023357,0,-0.0335,0.0065
Jesper Vikman,VGK,8482484,0,-0.00043182697845622897,-0.0003387651522643864,12,-0.0062,0.0054
Jesper Vikman,VGK,8482484,1,-0.00046141393249854445,-0.0003387651522643864,0,-0.0205,0.0195
Jesper Vikman,VGK,8482484,2,-0.0004919687053188682,-0.0003387651522643864,0,-0.0205,0.0195
Jesper Vikman,VGK,8482484,3,-0.0005214618286117911,-0.0003387651522643864,0,-0.0205,0.0195
Jesper Vikman,VGK,8482484,4,-0.0005542907165363431,-0.0003387651522643864,0,-0.0206,0.0194
Jesper Vikman,VGK,8482484,5,-0.0005804500542581081,-0.0003387651522643864,0,-0.0206,0.0194
Jesper Vikman,VGK,8482484,6,-0.0006145710358396173,-0.0003387651522643864,0,-0.0206,0.0194
Jesper Vikman,VGK,8482484,7,-0.0006524730124510825,-0.0003387651522643864,0,-0.0207,0.0193
Jesper Vikman,VGK,8482484,8,-0.0006907525239512324,-0.0003387651522643864,0,-0.0207,0.0193
Jesper Vikman,VGK,8482484,9,-0.0007261478458531201,-0.0003387651522643864,0,-0.0207,0.0193
Jesper Vikman,VGK,8482484,10,-0.0007577694486826658,-0.0003387651522643864,0,-0.0208,0.0192
Jesper Vikman,VGK,8482484,11,-0.0007966733537614346,-0.0003387651522643864,0,-0.0208,0.0192
Jesper Vikman,VGK,8482484,12,-0.0008227401413023472,-0.0003387651522643864,0,-0.0208,0.0192
Jesper Vikman,VGK,8482484,13,-0.0008412875467911363,-0.0003387651522643864,0,-0.0208,0.0192
Jesper Vikman,VGK,8482484,14,-0.0008505367441102862,-0.0003387651522643864,0,-0.0209,0.0191
Jesper Vikman,VGK,8482484,15,-0.0008606462506577373,-0.0003387651522643864,0,-0.0209,0.0191
Jesper Vikman,VGK,8482484,16,-0.0008805335965007544,-0.0003387651522643864,0,-0.0209,0.0191
Jesper Vikman,VGK,8482484,17,-0.0009082423057407141,-0.0003387651522643864,0,-0.0209,0.0191
Jesper Vikman,VGK,8482484,18,-0.0009256385383196175,-0.0003387651522643864,0,-0.0209,0.0191
Jesper Vikman,VGK,8482484,19,-0.0009379476541653275,-0.0003387651522643864,0,-0.0209,0.0191
Jesper Vikman,VGK,8482484,20,-0.0009552795672789216,-0.0003387651522643864,0,-0.021,0.019
Jesper Vikman,VGK,8482484,21,-0.0009753928170539439,-0.0003387651522643864,0,-0.021,0.019
Jesper Vikman,VGK,8482484,22,-0.0009833310032263398,-0.0003387651522643864,0,-0.021,0.019
Jesper Vikman,VGK,8482484,23,-0.000985030666925013,-0.0003387651522643864,0,-0.021,0.019
Jesper Vikman,VGK,8482484,24,-0.0009738460648804903,-0.0003387651522643864,0,-0.021,0.019
Jesper Vikman,VGK,8482484,25,-0.000959730357863009,-0.0003387651522643864,0,-0.021,0.019
Jesper Vikman,VGK,8482484,26,-0.0009695440530776978,-0.0003387651522643864,0,-0.021,0.019
Jesper Vikman,VGK,8482484,27,-0.0009726560674607754,-0.0003387651522643864,0,-0.021,0.019
Jesper Vikman,VGK,8482484,28,-0.000979483244009316,-0.0003387651522643864,0,-0.021,0.019
Jesper Vikman,VGK,8482484,29,-0.000983324134722352,-0.0003387651522643864,0,-0.021,0.019
Jesper Vikman,VGK,8482484,30,-0.0009869048371911049,-0.0003387651522643864,0,-0.021,0.019
Jesper Vikman,VGK,8482484,31,-0.000986953265964985,-0.0003387651522643864,0,-0.021,0.019
Jesper Vikman,VGK,8482484,32,-0.000984808779321611,-0.0003387651522643864,0,-0.021,0.019
Jesper Vikman,VGK,8482484,33,-0.0009820661507546902,-0.0003387651522643864,0,-0.021,0.019
Jesper Vikman,VGK,8482484,34,-0.0009786043083295226,-0.0003387651522643864,0,-0.021,0.019
Jesper Vikman,VGK,8482484,35,-0.0009777091909199953,-0.0003387651522643864,0,-0.021,0.019
Garin Bjorklund,WSH,8482188,0,0.004182936158031225,0.003895695088431239,20,-0.0003,0.0087
Garin Bjorklund,WSH,8482188,1,0.004153849091380835,0.003895695088431239,0,-0.0158,0.0242
Garin Bjorklund,WSH,8482188,2,0.0041232178919017315,0.003895695088431239,0,-0.0159,0.0241
Garin Bjorklund,WSH,8482188,3,0.00409370893612504,0.003895695088431239,0,-0.0159,0.0241
Garin Bjorklund,WSH,8482188,4,0.00406104838475585,0.003895695088431239,0,-0.0159,0.0241
Garin Bjorklund,WSH,8482188,5,0.004035305697470903,0.003895695088431239,0,-0.016,0.024
Garin Bjorklund,WSH,8482188,6,0.004000836052000523,0.003895695088431239,0,-0.016,0.024
Garin Bjorklund,WSH,8482188,7,0.003963317722082138,0.003895695088431239,0,-0.016,0.024
Garin Bjorklund,WSH,8482188,8,0.0039251698181033134,0.003895695088431239,0,-0.0161,0.0239
Garin Bjorklund,WSH,8482188,9,0.0038896535988897085,0.003895695088431239,0,-0.0161,0.0239
Garin Bjorklund,WSH,8482188,10,0.003858428681269288,0.003895695088431239,0,-0.0161,0.0239
Garin Bjorklund,WSH,8482188,11,0.003819231642410159,0.003895695088431239,0,-0.0162,0.0238
Garin Bjorklund,WSH,8482188,12,0.0037937769666314125,0.003895695088431239,0,-0.0162,0.0238
Garin Bjorklund,WSH,8482188,13,0.0037747141905128956,0.003895695088431239,0,-0.0162,0.0238
Garin Bjorklund,WSH,8482188,14,0.0037661066744476557,0.003895695088431239,0,-0.0162,0.0238
Garin Bjorklund,WSH,8482188,15,0.0037556211464107037,0.003895695088431239,0,-0.0162,0.0238
Garin Bjorklund,WSH,8482188,16,0.003736213082447648,0.003895695088431239,0,-0.0163,0.0237
Garin Bjorklund,WSH,8482188,17,0.003708265256136656,0.003895695088431239,0,-0.0163,0.0237
Garin Bjorklund,WSH,8482188,18,0.0036908742040395737,0.003895695088431239,0,-0.0163,0.0237
Garin Bjorklund,WSH,8482188,19,0.003679032204672694,0.003895695088431239,0,-0.0163,0.0237
Garin Bjorklund,WSH,8482188,20,0.0036615331191569567,0.003895695088431239,0,-0.0163,0.0237
Garin Bjorklund,WSH,8482188,21,0.003641269402578473,0.003895695088431239,0,-0.0164,0.0236
Garin Bjorklund,WSH,8482188,22,0.0036339054349809885,0.003895695088431239,0,-0.0164,0.0236
Garin Bjorklund,WSH,8482188,23,0.003631641622632742,0.003895695088431239,0,-0.0164,0.0236
Garin Bjorklund,WSH,8482188,24,0.0036432920023798943,0.003895695088431239,0,-0.0164,0.0236
Garin Bjorklund,WSH,8482188,25,0.003657277673482895,0.003895695088431239,0,-0.0163,0.0237
Garin Bjorklund,WSH,8482188,26,0.0036476736422628164,0.003895695088431239,0,-0.0164,0.0236
Garin Bjorklund,WSH,8482188,27,0.003644269425421953,0.003895695088431239,0,-0.0164,0.0236
Garin Bjorklund,WSH,8482188,28,0.003637955291196704,0.003895695088431239,0,-0.0164,0.0236
Garin Bjorklund,WSH,8482188,29,0.0036335336044430733,0.003895695088431239,0,-0.0164,0.0236
Garin Bjorklund,WSH,8482188,30,0.0036304728128015995,0.003895695088431239,0,-0.0164,0.0236
Garin Bjorklund,WSH,8482188,31,0.0036301782820373774,0.003895695088431239,0,-0.0164,0.0236
Garin Bjorklund,WSH,8482188,32,0.0036326805129647255,0.003895695088431239,0,-0.0164,0.0236
Garin Bjorklund,WSH,8482188,33,0.003634653054177761,0.003895695088431239,0,-0.0164,0.0236
Garin Bjorklund,WSH,8482188,34,0.003639343660324812,0.003895695088431239,0,-0.0164,0.0236
Garin Bjorklund,WSH,8482188,35,0.0036393727641552687,0.003895695088431239,0,-0.0164,0.0236
Simon Zajicek,BOS,8485538,0,0.0013408097438514233,0.0012877314584329724,7,-0.0063,0.0089
Simon Zajicek,BOS,8485538,1,0.001311406260356307,0.0012877314584329724,0,-0.0187,0.0213
Simon Zajicek,BOS,8485538,2,0.0012807301245629787,0.0012877314584329724,0,-0.0187,0.0213
Simon Zajicek,BOS,8485538,3,0.0012514077825471759,0.0012877314584329724,0,-0.0187,0.0213
Simon Zajicek,BOS,8485538,4,0.001218496821820736,0.0012877314584329724,0,-0.0188,0.0212
Simon Zajicek,BOS,8485538,5,0.0011925369035452604,0.0012877314584329724,0,-0.0188,0.0212
Simon Zajicek,BOS,8485538,6,0.0011583021841943264,0.0012877314584329724,0,-0.0188,0.0212
Simon Zajicek,BOS,8485538,7,0.0011206020135432482,0.0012877314584329724,0,-0.0189,0.0211
Simon Zajicek,BOS,8485538,8,0.0010822428157553077,0.0012877314584329724,0,-0.0189,0.0211
Simon Zajicek,BOS,8485538,9,0.0010469472035765648,0.0012877314584329724,0,-0.019,0.021
Simon Zajicek,BOS,8485538,10,0.0010153582552447915,0.0012877314584329724,0,-0.019,0.021
Simon Zajicek,BOS,8485538,11,0.0009764280403032899,0.0012877314584329724,0,-0.019,0.021
Simon Zajicek,BOS,8485538,12,0.0009505401831120253,0.0012877314584329724,0,-0.019,0.021
Simon Zajicek,BOS,8485538,13,0.0009318219963461161,0.0012877314584329724,0,-0.0191,0.0209
Simon Zajicek,BOS,8485538,14,0.0009228272829204798,0.0012877314584329724,0,-0.0191,0.0209
Simon Zajicek,BOS,8485538,15,0.0009125859360210598,0.0012877314584329724,0,-0.0191,0.0209
Simon Zajicek,BOS,8485538,16,0.0008928165771067142,0.0012877314584329724,0,-0.0191,0.0209
Simon Zajicek,BOS,8485538,17,0.0008651065290905535,0.0012877314584329724,0,-0.0191,0.0209
Simon Zajicek,BOS,8485538,18,0.000847694231197238,0.0012877314584329724,0,-0.0192,0.0208
Simon Zajicek,BOS,8485538,19,0.0008355508907698095,0.0012877314584329724,0,-0.0192,0.0208
Simon Zajicek,BOS,8485538,20,0.000818055821582675,0.0012877314584329724,0,-0.0192,0.0208
Simon Zajicek,BOS,8485538,21,0.0007981446105986834,0.0012877314584329724,0,-0.0192,0.0208
Simon Zajicek,BOS,8485538,22,0.0007900453056208789,0.0012877314584329724,0,-0.0192,0.0208
Simon Zajicek,BOS,8485538,23,0.0007885468658059835,0.0012877314584329724,0,-0.0192,0.0208
Simon Zajicek,BOS,8485538,24,0.0007995932246558368,0.0012877314584329724,0,-0.0192,0.0208
Simon Zajicek,BOS,8485538,25,0.0008138467092067003,0.0012877314584329724,0,-0.0192,0.0208
Simon Zajicek,BOS,8485538,26,0.0008039780077524483,0.0012877314584329724,0,-0.0192,0.0208
Simon Zajicek,BOS,8485538,27,0.0008009089506231248,0.0012877314584329724,0,-0.0192,0.0208
Simon Zajicek,BOS,8485538,28,0.00079407321754843,0.0012877314584329724,0,-0.0192,0.0208
Simon Zajicek,BOS,8485538,29,0.0007902535144239664,0.0012877314584329724,0,-0.0192,0.0208
Simon Zajicek,BOS,8485538,30,0.0007867291569709778,0.0012877314584329724,0,-0.0192,0.0208
Simon Zajicek,BOS,8485538,31,0.0007865599473007023,0.0012877314584329724,0,-0.0192,0.0208
Simon Zajicek,BOS,8485538,32,0.0007888647960498929,0.0012877314584329724,0,-0.0192,0.0208
Simon Zajicek,BOS,8485538,33,0.0007914805319160223,0.0012877314584329724,0,-0.0192,0.0208
Simon Zajicek,BOS,8485538,34,0.0007950575673021376,0.0012877314584329724,0,-0.0192,0.0208
Simon Zajicek,BOS,8485538,35,0.0007959432550705969,0.0012877314584329724,0,-0.0192,0.0208
Kyle Keyser,,8480356,0,0.0007009789114817977,0.0007006113883107901,5,-0.0082,0.0096
Kyle Keyser,,8480356,1,0.0006714051123708487,0.0007006113883107901,0,-0.0193,0.0207
Kyle Keyser,,8480356,2,0.000640901445876807,0.0007006113883107901,0,-0.0194,0.0206
Kyle Keyser,,8480356,3,0.0006113432464189827,0.0007006113883107901,0,-0.0194,0.0206
Kyle Keyser,,8480356,4,0.0005786894471384585,0.0007006113883107901,0,-0.0194,0.0206
Kyle Keyser,,8480356,5,0.0005524058360606432,0.0007006113883107901,0,-0.0194,0.0206
Kyle Keyser,,8480356,6,0.0005184504552744329,0.0007006113883107901,0,-0.0195,0.0205
Kyle Keyser,,8480356,7,0.00048045406583696604,0.0007006113883107901,0,-0.0195,0.0205
Kyle Keyser,,8480356,8,0.00044228622573427856,0.0007006113883107901,0,-0.0196,0.0204
Kyle Keyser,,8480356,9,0.0004068786802235991,0.0007006113883107901,0,-0.0196,0.0204
Kyle Keyser,,8480356,10,0.0003752676711883396,0.0007006113883107901,0,-0.0196,0.0204
Kyle Keyser,,8480356,11,0.00033638914464972913,0.0007006113883107901,0,-0.0197,0.0203
Kyle Keyser,,8480356,12,0.0003103703784290701,0.0007006113883107901,0,-0.0197,0.0203
Kyle Keyser,,8480356,13,0.00029183088918216527,0.0007006113883107901,0,-0.0197,0.0203
Kyle Keyser,,8480356,14,0.000282570457784459,0.0007006113883107901,0,-0.0197,0.0203
Kyle Keyser,,8480356,15,0.0002725247759371996,0.0007006113883107901,0,-0.0197,0.0203
Kyle Keyser,,8480356,16,0.0002526374883018434,0.0007006113883107901,0,-0.0197,0.0203
Kyle Keyser,,8480356,17,0.00022493064170703292,0.0007006113883107901,0,-0.0198,0.0202
Kyle Keyser,,8480356,18,0.00020756933372467756,0.0007006113883107901,0,-0.0198,0.0202
Kyle Keyser,,8480356,19,0.0001952627208083868,0.0007006113883107901,0,-0.0198,0.0202
Kyle Keyser,,8480356,20,0.00017797708278521895,0.0007006113883107901,0,-0.0198,0.0202
Kyle Keyser,,8480356,21,0.00015780958347022533,0.0007006113883107901,0,-0.0198,0.0202
Kyle Keyser,,8480356,22,0.00014996813843026757,0.0007006113883107901,0,-0.0199,0.0201
Kyle Keyser,,8480356,23,0.00014818867202848196,0.0007006113883107901,0,-0.0199,0.0201
Kyle Keyser,,8480356,24,0.00015949428780004382,0.0007006113883107901,0,-0.0198,0.0202
Kyle Keyser,,8480356,25,0.00017350487178191543,0.0007006113883107901,0,-0.0198,0.0202
Kyle Keyser,,8480356,26,0.0001637920504435897,0.0007006113883107901,0,-0.0198,0.0202
Kyle Keyser,,8480356,27,0.00016062805661931634,0.0007006113883107901,0,-0.0198,0.0202
Kyle Keyser,,8480356,28,0.00015382905257865787,0.0007006113883107901,0,-0.0198,0.0202
Kyle Keyser,,8480356,29,0.00014998909318819642,0.0007006113883107901,0,-0.0199,0.0201
Kyle Keyser,,8480356,30,0.00014646613271906972,0.0007006113883107901,0,-0.0199,0.0201
Kyle Keyser,,8480356,31,0.0001463095541112125,0.0007006113883107901,0,-0.0199,0.0201
Kyle Keyser,,8480356,32,0.00014855427434667945,0.0007006113883107901,0,-0.0199,0.0201
Kyle Keyser,,8480356,33,0.00015126261860132217,0.0007006113883107901,0,-0.0198,0.0202
Kyle Keyser,,8480356,34,0.0001547338324598968,0.0007006113883107901,0,-0.0198,0.0202
Kyle Keyser,,8480356,35,0.0001556661445647478,0.0007006113883107901,0,-0.0198,0.0202
Jacob Fowler,MTL,8484170,0,0.02084752358496189,0.019183922559022903,0,0.0008,0.0408
Jacob Fowler,MTL,8484170,1,0.021584488451480865,0.019183922559022903,30,0.0179,0.0253
Jacob Fowler,MTL,8484170,2,0.022263064980506897,0.019183922559022903,0,0.0023,0.0423
Jacob Fowler,MTL,8484170,3,0.022938590496778488,0.019183922559022903,0,0.0029,0.0429
Jacob Fowler,MTL,8484170,4,0.02361532859504223,0.019183922559022903,0,0.0036,0.0436
Jacob Fowler,MTL,8484170,5,0.02429654449224472,0.019183922559022903,0,0.0043,0.0443
Jacob Fowler,MTL,8484170,6,0.024968449026346207,0.019183922559022903,0,0.005,0.045
Jacob Fowler,MTL,8484170,7,0.025640413165092468,0.019183922559022903,0,0.0056,0.0456
Jacob Fowler,MTL,8484170,8,0.02630750462412834,0.019183922559022903,0,0.0063,0.0463
Jacob Fowler,MTL,8484170,9,0.026980968192219734,0.019183922559022903,0,0.007,0.047
Jacob Fowler,MTL,8484170,10,0.027656368911266327,0.019183922559022903,0,0.0077,0.0477
Jacob Fowler,MTL,8484170,11,0.028325144201517105,0.019183922559022903,0,0.0083,0.0483
Jacob Fowler,MTL,8484170,12,0.02900613658130169,0.019183922559022903,65,0.0265,0.0315
Jacob Fowler,MTL,8484170,13,0.029613753780722618,0.019183922559022903,63,0.0271,0.0321
Jacob Fowler,MTL,8484170,14,0.030039286240935326,0.019183922559022903,52,0.0272,0.0328
Jacob Fowler,MTL,8484170,15,0.030501212924718857,0.019183922559022903,24,0.0264,0.0346
Jacob Fowler,MTL,8484170,16,0.030864816159009933,0.019183922559022903,59,0.0283,0.0335
Jacob Fowler,MTL,8484170,17,0.031157921999692917,0.019183922559022903,30,0.0275,0.0349
Jacob Fowler,MTL,8484170,18,0.0314883291721344,0.019183922559022903,0,0.0115,0.0515
Jacob Fowler,MTL,8484170,19,0.03181824833154678,0.019183922559022903,0,0.0118,0.0518
Jacob Fowler,MTL,8484170,20,0.032149795442819595,0.019183922559022903,0,0.0121,0.0521
Jacob Fowler,MTL,8484170,21,0.03247188404202461,0.019183922559022903,0,0.0125,0.0525
Jacob Fowler,MTL,8484170,22,0.03280968964099884,0.019183922559022903,70,0.0304,0.0352
Jacob Fowler,MTL,8484170,23,0.03313136845827103,0.019183922559022903,23,0.0289,0.0373
Jacob Fowler,MTL,8484170,24,0.033411771059036255,0.019183922559022903,29,0.0297,0.0371
Jacob Fowler,MTL,8484170,25,0.03364567458629608,0.019183922559022903,56,0.0309,0.0363
Jacob Fowler,MTL,8484170,26,0.03387969359755516,0.019183922559022903,44,0.0309,0.0369
Jacob Fowler,MTL,8484170,27,0.033898431807756424,0.019183922559022903,0,0.0139,0.0539
Jacob Fowler,MTL,8484170,28,0.03391112759709358,0.019183922559022903,0,0.0139,0.0539
Jacob Fowler,MTL,8484170,29,0.033927105367183685,0.019183922559022903,0,0.0139,0.0539
Jacob Fowler,MTL,8484170,30,0.03394507244229317,0.019183922559022903,0,0.0139,0.0539
Jacob Fowler,MTL,8484170,31,0.03396306931972504,0.019183922559022903,2,0.0199,0.0481
Jacob Fowler,MTL,8484170,32,0.03396633267402649,0.019183922559022903,0,0.014,0.054
Jacob Fowler,MTL,8484170,33,0.03397006541490555,0.019183922559022903,0,0.014,0.054
Jacob Fowler,MTL,8484170,34,0.03397119417786598,0.019183922559022903,0,0.014,0.054
Jacob Fowler,MTL,8484170,35,0.03397444635629654,0.019183922559022903,0,0.014,0.054
Sergei Murashov,PIT,8483703,0,-0.001735794241540134,-0.001535183866508305,0,-0.0217,0.0183
Sergei Murashov,PIT,8483703,1,-0.0018269219435751438,-0.001535183866508305,41,-0.0049,0.0013
Sergei Murashov,PIT,8483703,2,-0.002051316201686859,-0.001535183866508305,14,-0.0074,0.0032
Sergei Murashov,PIT,8483703,3,-0.0022815000265836716,-0.001535183866508305,0,-0.0223,0.0177
Sergei Murashov,PIT,8483703,4,-0.0025149197317659855,-0.001535183866508305,0,-0.0225,0.0175
Sergei Murashov,PIT,8483703,5,-0.002741927048191428,-0.001535183866508305,0,-0.0227,0.0173
Sergei Murashov,PIT,8483703,6,-0.0029766266234219074,-0.001535183866508305,0,-0.023,0.017
Sergei Murashov,PIT,8483703,7,-0.0032152519561350346,-0.001535183866508305,32,-0.0067,0.0003
Sergei Murashov,PIT,8483703,8,-0.0034480025060474873,-0.001535183866508305,24,-0.0075,0.0007
Sergei Murashov,PIT,8483703,9,-0.003775660414248705,-0.001535183866508305,49,-0.0067,-0.0009
Sergei Murashov,PIT,8483703,10,-0.004041208419948816,-0.001535183866508305,0,-0.024,0.016
Sergei Murashov,PIT,8483703,11,-0.0043147555552423,-0.001535183866508305,0,-0.0243,0.0157
Sergei Murashov,PIT,8483703,12,-0.004574413876980543,-0.001535183866508305,41,-0.0077,-0.0015
Sergei Murashov,PIT,8483703,13,-0.004593612160533667,-0.001535183866508305,0,-0.0246,0.0154
Sergei Murashov,PIT,8483703,14,-0.0046023097820580006,-0.001535183866508305,0,-0.0246,0.0154
Sergei Murashov,PIT,8483703,15,-0.004612755961716175,-0.001535183866508305,0,-0.0246,0.0154
Sergei Murashov,PIT,8483703,16,-0.004632665775716305,-0.001535183866508305,0,-0.0246,0.0154
Sergei Murashov,PIT,8483703,17,-0.004659980069845915,-0.001535183866508305,0,-0.0247,0.0153
Sergei Murashov,PIT,8483703,18,-0.004677948076277971,-0.001535183866508305,0,-0.0247,0.0153
Sergei Murashov,PIT,8483703,19,-0.0046896920539438725,-0.001535183866508305,0,-0.0247,0.0153
Sergei Murashov,PIT,8483703,20,-0.004707592539489269,-0.001535183866508305,0,-0.0247,0.0153
Sergei Murashov,PIT,8483703,21,-0.004727290011942387,-0.001535183866508305,0,-0.0247,0.0153
Sergei Murashov,PIT,8483703,22,-0.00473529938608408,-0.001535183866508305,0,-0.0247,0.0153
Sergei Murashov,PIT,8483703,23,-0.004737071227282286,-0.001535183866508305,0,-0.0247,0.0153
Sergei Murashov,PIT,8483703,24,-0.004726098384708166,-0.001535183866508305,0,-0.0247,0.0153
Sergei Murashov,PIT,8483703,25,-0.0047114877961575985,-0.001535183866508305,0,-0.0247,0.0153
Sergei Murashov,PIT,8483703,26,-0.004721845034509897,-0.001535183866508305,0,-0.0247,0.0153
Sergei Murashov,PIT,8483703,27,-0.00472453236579895,-0.001535183866508305,0,-0.0247,0.0153
Sergei Murashov,PIT,8483703,28,-0.004731549881398678,-0.001535183866508305,0,-0.0247,0.0153
Sergei Murashov,PIT,8483703,29,-0.004735454451292753,-0.001535183866508305,0,-0.0247,0.0153
Sergei Murashov,PIT,8483703,30,-0.004738790448755026,-0.001535183866508305,0,-0.0247,0.0153
Sergei Murashov,PIT,8483703,31,-0.004739271942526102,-0.001535183866508305,0,-0.0247,0.0153
Sergei Murashov,PIT,8483703,32,-0.004736533388495445,-0.001535183866508305,0,-0.0247,0.0153
Sergei Murashov,PIT,8483703,33,-0.004734362009912729,-0.001535183866508305,0,-0.0247,0.0153
Sergei Murashov,PIT,8483703,34,-0.004730389453470707,-0.001535183866508305,0,-0.0247,0.0153
Sergei Murashov,PIT,8483703,35,-0.004729944746941328,-0.001535183866508305,0,-0.0247,0.0153
Talyn Boyko,NYR,8482869,0,-0.0019416051218286157,-0.0017240216257050633,0,-0.0219,0.0181
Talyn Boyko,NYR,8482869,1,-0.002040045103058219,-0.0017240216257050633,20,-0.0065,0.0025
Talyn Boyko,NYR,8482869,2,-0.002070646034553647,-0.0017240216257050633,0,-0.0221,0.0179
Talyn Boyko,NYR,8482869,3,-0.0021001368295401335,-0.0017240216257050633,0,-0.0221,0.0179
Talyn Boyko,NYR,8482869,4,-0.002133097732439637,-0.0017240216257050633,0,-0.0221,0.0179
Talyn Boyko,NYR,8482869,5,-0.002159262076020241,-0.0017240216257050633,0,-0.0222,0.0178
Talyn Boyko,NYR,8482869,6,-0.0021934155374765396,-0.0017240216257050633,0,-0.0222,0.0178
Talyn Boyko,NYR,8482869,7,-0.0022314395755529404,-0.0017240216257050633,0,-0.0222,0.0178
Talyn Boyko,NYR,8482869,8,-0.0022696806117892265,-0.0017240216257050633,0,-0.0223,0.0177
Talyn Boyko,NYR,8482869,9,-0.0023051584139466286,-0.0017240216257050633,0,-0.0223,0.0177
Talyn Boyko,NYR,8482869,10,-0.0023368007969111204,-0.0017240216257050633,0,-0.0223,0.0177
Talyn Boyko,NYR,8482869,11,-0.002375833922997117,-0.0017240216257050633,0,-0.0224,0.0176
Talyn Boyko,NYR,8482869,12,-0.002401790115982294,-0.0017240216257050633,0,-0.0224,0.0176
Talyn Boyko,NYR,8482869,13,-0.002420500386506319,-0.0017240216257050633,0,-0.0224,0.0176
Talyn Boyko,NYR,8482869,14,-0.0024297453928738832,-0.0017240216257050633,0,-0.0224,0.0176
Talyn Boyko,NYR,8482869,15,-0.002439888659864664,-0.0017240216257050633,0,-0.0224,0.0176
Talyn Boyko,NYR,8482869,16,-0.0024597556330263615,-0.0017240216257050633,0,-0.0225,0.0175
Talyn Boyko,NYR,8482869,17,-0.002487633377313614,-0.0017240216257050633,0,-0.0225,0.0175
Talyn Boyko,NYR,8482869,18,-0.002504895906895399,-0.0017240216257050633,0,-0.0225,0.0175
Talyn Boyko,NYR,8482869,19,-0.0025173681788146496,-0.0017240216257050633,0,-0.0225,0.0175
Talyn Boyko,NYR,8482869,20,-0.0025346227921545506,-0.0017240216257050633,0,-0.0225,0.0175
Talyn Boyko,NYR,8482869,21,-0.002554866950958967,-0.0017240216257050633,0,-0.0226,0.0174
Talyn Boyko,NYR,8482869,22,-0.002562709152698517,-0.0017240216257050633,0,-0.0226,0.0174
Talyn Boyko,NYR,8482869,23,-0.0025645755231380463,-0.0017240216257050633,0,-0.0226,0.0174
Talyn Boyko,NYR,8482869,24,-0.002553223166614771,-0.0017240216257050633,0,-0.0226,0.0174
Talyn Boyko,NYR,8482869,25,-0.0025392991956323385,-0.0017240216257050633,0,-0.0225,0.0175
Talyn Boyko,NYR,8482869,26,-0.0025490541011095047,-0.0017240216257050633,0,-0.0225,0.0175
Talyn Boyko,NYR,8482869,27,-0.0025521526113152504,-0.0017240216257050633,0,-0.0226,0.0174
Talyn Boyko,NYR,8482869,28,-0.0025590667501091957,-0.0017240216257050633,0,-0.0226,0.0174
Talyn Boyko,NYR,8482869,29,-0.0025628567673265934,-0.0017240216257050633,0,-0.0226,0.0174
Talyn Boyko,NYR,8482869,30,-0.002566484035924077,-0.0017240216257050633,0,-0.0226,0.0174
Talyn Boyko,NYR,8482869,31,-0.0025665222201496363,-0.0017240216257050633,0,-0.0226,0.0174
Talyn Boyko,NYR,8482869,32,-0.0025643659755587578,-0.0017240216257050633,0,-0.0226,0.0174
Talyn Boyko,NYR,8482869,33,-0.0025616749189794064,-0.0017240216257050633,0,-0.0226,0.0174
Talyn Boyko,NYR,8482869,34,-0.002558229025453329,-0.0017240216257050633,0,-0.0226,0.0174
Talyn Boyko,NYR,8482869,35,-0.002557335188612342,-0.0017240216257050633,0,-0.0226,0.0174
Owen Say,CGY,8485465,0,0.0017725217621773481,0.0016838283045217395,0,-0.0182,0.0218
Owen Say,CGY,8485465,1,0.0018103648908436298,0.0016838283045217395,9,-0.0049,0.0085
Owen Say,CGY,8485465,2,0.0017796619795262814,0.0016838283045217395,0,-0.0182,0.0218
Owen Say,CGY,8485465,3,0.0017503929557278752,0.0016838283045217395,0,-0.0182,0.0218
Owen Say,CGY,8485465,4,0.0017174616223201156,0.0016838283045217395,0,-0.0183,0.0217
Owen Say,CGY,8485465,5,0.0016915228916332126,0.0016838283045217395,0,-0.0183,0.0217
Owen Say,CGY,8485465,6,0.0016573405591771007,0.0016838283045217395,0,-0.0183,0.0217
Owen Say,CGY,8485465,7,0.0016195563366636634,0.0016838283045217395,0,-0.0184,0.0216
Owen Say,CGY,8485465,8,0.0015813118079677224,0.0016838283045217395,0,-0.0184,0.0216
Owen Say,CGY,8485465,9,0.0015459208516404033,0.0016838283045217395,0,-0.0185,0.0215
Owen Say,CGY,8485465,10,0.0015144457574933767,0.0016838283045217395,0,-0.0185,0.0215
Owen Say,CGY,8485465,11,0.0014754721196368337,0.0016838283045217395,0,-0.0185,0.0215
Owen Say,CGY,8485465,12,0.0014495300129055977,0.0016838283045217395,0,-0.0186,0.0214
Owen Say,CGY,8485465,13,0.001431008568033576,0.0016838283045217395,0,-0.0186,0.0214
Owen Say,CGY,8485465,14,0.0014217494754120708,0.0016838283045217395,0,-0.0186,0.0214
Owen Say,CGY,8485465,15,0.0014118088874965906,0.0016838283045217395,0,-0.0186,0.0214
Owen Say,CGY,8485465,16,0.0013917535543441772,0.0016838283045217395,0,-0.0186,0.0214
Owen Say,CGY,8485465,17,0.0013643121346831322,0.0016838283045217395,0,-0.0186,0.0214
Owen Say,CGY,8485465,18,0.0013467282988131046,0.0016838283045217395,0,-0.0187,0.0213
Owen Say,CGY,8485465,19,0.001334664411842823,0.0016838283045217395,0,-0.0187,0.0213
Owen Say,CGY,8485465,20,0.0013171855825930834,0.0016838283045217395,0,-0.0187,0.0213
Owen Say,CGY,8485465,21,0.0012971748365089297,0.0016838283045217395,0,-0.0187,0.0213
Owen Say,CGY,8485465,22,0.001289300387725234,0.0016838283045217395,0,-0.0187,0.0213
Owen Say,CGY,8485465,23,0.0012875132961198688,0.0016838283045217395,0,-0.0187,0.0213
Owen Say,CGY,8485465,24,0.0012989097740501165,0.0016838283045217395,0,-0.0187,0.0213
Owen Say,CGY,8485465,25,0.00131280068308115,0.0016838283045217395,0,-0.0187,0.0213
Owen Say,CGY,8485465,26,0.001303218537941575,0.0016838283045217395,0,-0.0187,0.0213
Owen Say,CGY,8485465,27,0.0012999745085835457,0.0016838283045217395,0,-0.0187,0.0213
Owen Say,CGY,8485465,28,0.0012932777171954513,0.0016838283045217395,0,-0.0187,0.0213
Owen Say,CGY,8485465,29,0.0012893556850031018,0.0016838283045217395,0,-0.0187,0.0213
Owen Say,CGY,8485465,30,0.001285854377783835,0.0016838283045217395,0,-0.0187,0.0213
Owen Say,CGY,8485465,31,0.0012857706751674414,0.0016838283045217395,0,-0.0187,0.0213
Owen Say,CGY,8485465,32,0.0012879300629720092,0.0016838283045217395,0,-0.0187,0.0213
Owen Say,CGY,8485465,33,0.0012907144846394658,0.0016838283045217395,0,-0.0187,0.0213
Owen Say,CGY,8485465,34,0.001294134883210063,0.0016838283045217395,0,-0.0187,0.0213
Owen Say,CGY,8485465,35,0.0012951360549777746,0.0016838283045217395,0,-0.0187,0.0213
Caleb Heil,TBL,8485657,0,0.0018915289547294378,0.0017930357716977596,0,-0.0181,0.0219
Caleb Heil,TBL,8485657,1,0.001933686318807304,0.0017930357716977596,9,-0.0048,0.0086
Caleb Heil,TBL,8485657,2,0.0019031392876058817,0.0017930357716977596,0,-0.0181,0.0219
Caleb Heil,TBL,8485657,3,0.0018736532656475902,0.0017930357716977596,0,-0.0181,0.0219
Caleb Heil,TBL,8485657,4,0.0018409554613754153,0.0017930357716977596,0,-0.0182,0.0218
Caleb Heil,TBL,8485657,5,0.0018148206872865558,0.0017930357716977596,0,-0.0182,0.0218
Caleb Heil,TBL,8485657,6,0.0017807771218940616,0.0017930357716977596,0,-0.0182,0.0218
Caleb Heil,TBL,8485657,7,0.001742954016663134,0.0017930357716977596,0,-0.0183,0.0217
Caleb Heil,TBL,8485657,8,0.0017046491848304868,0.0017930357716977596,0,-0.0183,0.0217
Caleb Heil,TBL,8485657,9,0.0016693549696356058,0.0017930357716977596,0,-0.0183,0.0217
Caleb Heil,TBL,8485657,10,0.0016378300497308373,0.0017930357716977596,0,-0.0184,0.0216
Caleb Heil,TBL,8485657,11,0.0015989007661119103,0.0017930357716977596,0,-0.0184,0.0216
Caleb Heil,TBL,8485657,12,0.0015728771686553955,0.0017930357716977596,0,-0.0184,0.0216
Caleb Heil,TBL,8485657,13,0.0015544206835329533,0.0017930357716977596,0,-0.0184,0.0216
Caleb Heil,TBL,8485657,14,0.0015452892985194921,0.0017930357716977596,0,-0.0185,0.0215
Caleb Heil,TBL,8485657,15,0.0015349320601671934,0.0017930357716977596,0,-0.0185,0.0215
Caleb Heil,TBL,8485657,16,0.0015154858119785786,0.0017930357716977596,0,-0.0185,0.0215
Caleb Heil,TBL,8485657,17,0.0014875016640871763,0.0017930357716977596,0,-0.0185,0.0215
Caleb Heil,TBL,8485657,18,0.0014702234184369445,0.0017930357716977596,0,-0.0185,0.0215
Caleb Heil,TBL,8485657,19,0.0014580769930034876,0.0017930357716977596,0,-0.0185,0.0215
Caleb Heil,TBL,8485657,20,0.0014405895490199327,0.0017930357716977596,0,-0.0186,0.0214
Caleb Heil,TBL,8485657,21,0.0014206117484718561,0.0017930357716977596,0,-0.0186,0.0214
Caleb Heil,TBL,8485657,22,0.0014126547612249851,0.0017930357716977596,0,-0.0186,0.0214
Caleb Heil,TBL,8485657,23,0.0014110783813521266,0.0017930357716977596,0,-0.0186,0.0214
Caleb Heil,TBL,8485657,24,0.0014220988377928734,0.0017930357716977596,0,-0.0186,0.0214
Caleb Heil,TBL,8485657,25,0.0014364620437845588,0.0017930357716977596,0,-0.0186,0.0214
Caleb Heil,TBL,8485657,26,0.0014264616183936596,0.0017930357716977596,0,-0.0186,0.0214
Caleb Heil,TBL,8485657,27,0.0014235223643481731,0.0017930357716977596,0,-0.0186,0.0214
Caleb Heil,TBL,8485657,28,0.0014166273176670074,0.0017930357716977596,0,-0.0186,0.0214
Caleb Heil,TBL,8485657,29,0.0014128213515505195,0.0017930357716977596,0,-0.0186,0.0214
Caleb Heil,TBL,8485657,30,0.0014092469355091453,0.0017930357716977596,0,-0.0186,0.0214
Caleb Heil,TBL,8485657,31,0.0014092582277953625,0.0017930357716977596,0,-0.0186,0.0214
Caleb Heil,TBL,8485657,32,0.0014112712815403938,0.0017930357716977596,0,-0.0186,0.0214
Caleb Heil,TBL,8485657,33,0.001414244412444532,0.0017930357716977596,0,-0.0186,0.0214
Caleb Heil,TBL,8485657,34,0.0014174242969602346,0.0017930357716977596,0,-0.0186,0.0214
Caleb Heil,TBL,8485657,35,0.0014186452608555555,0.0017930357716977596,0,-0.0186,0.0214
Amir Miftakhov,CAR,8482501,0,-0.010770421475172043,-0.009823969565331936,0,-0.0308,0.0092
Amir Miftakhov,CAR,8482501,1,-0.01119181141257286,-0.009823969565331936,35,-0.0146,-0.0078
Amir Miftakhov,CAR,8482501,2,-0.011223574168980122,-0.009823969565331936,0,-0.0312,0.0088
Amir Miftakhov,CAR,8482501,3,-0.01125190407037735,-0.009823969565331936,0,-0.0313,0.0087
Amir Miftakhov,CAR,8482501,4,-0.011286222375929356,-0.009823969565331936,0,-0.0313,0.0087
Amir Miftakhov,CAR,8482501,5,-0.01131218858063221,-0.009823969565331936,0,-0.0313,0.0087
Amir Miftakhov,CAR,8482501,6,-0.011346454732120037,-0.009823969565331936,0,-0.0313,0.0087
Amir Miftakhov,CAR,8482501,7,-0.011384512297809124,-0.009823969565331936,0,-0.0314,0.0086
Amir Miftakhov,CAR,8482501,8,-0.011423063464462757,-0.009823969565331936,0,-0.0314,0.0086
Amir Miftakhov,CAR,8482501,9,-0.011458763852715492,-0.009823969565331936,0,-0.0315,0.0085
Amir Miftakhov,CAR,8482501,10,-0.01149049587547779,-0.009823969565331936,0,-0.0315,0.0085
Amir Miftakhov,CAR,8482501,11,-0.011529351584613323,-0.009823969565331936,0,-0.0315,0.0085
Amir Miftakhov,CAR,8482501,12,-0.011556257493793964,-0.009823969565331936,0,-0.0316,0.0084
Amir Miftakhov,CAR,8482501,13,-0.011574077419936657,-0.009823969565331936,0,-0.0316,0.0084
Amir Miftakhov,CAR,8482501,14,-0.011584155261516571,-0.009823969565331936,0,-0.0316,0.0084
Amir Miftakhov,CAR,8482501,15,-0.011594339273869991,-0.009823969565331936,0,-0.0316,0.0084
Amir Miftakhov,CAR,8482501,16,-0.011614231392741203,-0.009823969565331936,0,-0.0316,0.0084
Amir Miftakhov,CAR,8482501,17,-0.011641730554401875,-0.009823969565331936,0,-0.0316,0.0084
Amir Miftakhov,CAR,8482501,18,-0.01166021078824997,-0.009823969565331936,0,-0.0317,0.0083
Amir Miftakhov,CAR,8482501,19,-0.011671622283756733,-0.009823969565331936,0,-0.0317,0.0083
Amir Miftakhov,CAR,8482501,20,-0.011689601466059685,-0.009823969565331936,0,-0.0317,0.0083
Amir Miftakhov,CAR,8482501,21,-0.011709829792380333,-0.009823969565331936,0,-0.0317,0.0083
Amir Miftakhov,CAR,8482501,22,-0.011717860586941242,-0.009823969565331936,0,-0.0317,0.0083
Amir Miftakhov,CAR,8482501,23,-0.01171927060931921,-0.009823969565331936,0,-0.0317,0.0083
Amir Miftakhov,CAR,8482501,24,-0.011708973906934261,-0.009823969565331936,0,-0.0317,0.0083
Amir Miftakhov,CAR,8482501,25,-0.011694069020450115,-0.009823969565331936,0,-0.0317,0.0083
Amir Miftakhov,CAR,8482501,26,-0.011704585514962673,-0.009823969565331936,0,-0.0317,0.0083
Amir Miftakhov,CAR,8482501,27,-0.011707128956913948,-0.009823969565331936,0,-0.0317,0.0083
Amir Miftakhov,CAR,8482501,28,-0.011714749969542027,-0.009823969565331936,0,-0.0317,0.0083
Amir Miftakhov,CAR,8482501,29,-0.011718161404132843,-0.009823969565331936,0,-0.0317,0.0083
Amir Miftakhov,CAR,8482501,30,-0.011722085997462273,-0.009823969565331936,0,-0.0317,0.0083
Amir Miftakhov,CAR,8482501,31,-0.011721722781658173,-0.009823969565331936,0,-0.0317,0.0083
Amir Miftakhov,CAR,8482501,32,-0.011720143258571625,-0.009823969565331936,0,-0.0317,0.0083
Amir Miftakhov,CAR,8482501,33,-0.01171694416552782,-0.009823969565331936,0,-0.0317,0.0083
Amir Miftakhov,CAR,8482501,34,-0.01171407476067543,-0.009823969565331936,0,-0.0317,0.0083
Amir Miftakhov,CAR,8482501,35,-0.011712923645973206,-0.009823969565331936,0,-0.0317,0.0083
Michal Postava,DET,8485545,0,-0.0008225896744988859,-0.0006973675917834044,0,-0.0208,0.0192
Michal Postava,DET,8485545,1,-0.0008800672367215157,-0.0006973675917834044,17,-0.0058,0.004
Michal Postava,DET,8485545,2,-0.0009105967474170029,-0.0006973675917834044,0,-0.0209,0.0191
Michal Postava,DET,8485545,3,-0.0009401409770362079,-0.0006973675917834044,0,-0.0209,0.0191
Michal Postava,DET,8485545,4,-0.0009729366283863783,-0.0006973675917834044,0,-0.021,0.019
Michal Postava,DET,8485545,5,-0.0009991825791075826,-0.0006973675917834044,0,-0.021,0.019
Michal Postava,DET,8485545,6,-0.00103325629606843,-0.0006973675917834044,0,-0.021,0.019
Michal Postava,DET,8485545,7,-0.0010712281800806522,-0.0006973675917834044,0,-0.0211,0.0189
Michal Postava,DET,8485545,8,-0.0011094958754256368,-0.0006973675917834044,0,-0.0211,0.0189
Michal Postava,DET,8485545,9,-0.0011448970763012767,-0.0006973675917834044,0,-0.0211,0.0189
Michal Postava,DET,8485545,10,-0.001176563324406743,-0.0006973675917834044,0,-0.0212,0.0188
Michal Postava,DET,8485545,11,-0.0012154642026871443,-0.0006973675917834044,0,-0.0212,0.0188
Michal Postava,DET,8485545,12,-0.001241545658558607,-0.0006973675917834044,0,-0.0212,0.0188
Michal Postava,DET,8485545,13,-0.0012601151829585433,-0.0006973675917834044,0,-0.0213,0.0187
Michal Postava,DET,8485545,14,-0.0012693674070760608,-0.0006973675917834044,0,-0.0213,0.0187
Michal Postava,DET,8485545,15,-0.0012794925132766366,-0.0006973675917834044,0,-0.0213,0.0187
Michal Postava,DET,8485545,16,-0.0012993947602808475,-0.0006973675917834044,0,-0.0213,0.0187
Michal Postava,DET,8485545,17,-0.001327125821262598,-0.0006973675917834044,0,-0.0213,0.0187
Michal Postava,DET,8485545,18,-0.001344488700851798,-0.0006973675917834044,0,-0.0213,0.0187
Michal Postava,DET,8485545,19,-0.0013568790163844824,-0.0006973675917834044,0,-0.0214,0.0186
Michal Postava,DET,8485545,20,-0.0013741422444581985,-0.0006973675917834044,0,-0.0214,0.0186
Michal Postava,DET,8485545,21,-0.001394311897456646,-0.0006973675917834044,0,-0.0214,0.0186
Michal Postava,DET,8485545,22,-0.0014022744726389647,-0.0006973675917834044,0,-0.0214,0.0186
Michal Postava,DET,8485545,23,-0.001403937698341906,-0.0006973675917834044,0,-0.0214,0.0186
Michal Postava,DET,8485545,24,-0.0013927762629464269,-0.0006973675917834044,0,-0.0214,0.0186
Michal Postava,DET,8485545,25,-0.0013786936178803444,-0.0006973675917834044,0,-0.0214,0.0186
Michal Postava,DET,8485545,26,-0.0013884531799703836,-0.0006973675917834044,0,-0.0214,0.0186
Michal Postava,DET,8485545,27,-0.001391641329973936,-0.0006973675917834044,0,-0.0214,0.0186
Michal Postava,DET,8485545,28,-0.0013984211254864931,-0.0006973675917834044,0,-0.0214,0.0186
Michal Postava,DET,8485545,29,-0.0014022765681147575,-0.0006973675917834044,0,-0.0214,0.0186
Michal Postava,DET,8485545,30,-0.0014058713568374515,-0.0006973675917834044,0,-0.0214,0.0186
Michal Postava,DET,8485545,31,-0.0014059304958209395,-0.0006973675917834044,0,-0.0214,0.0186
Michal Postava,DET,8485545,32,-0.0014037804212421179,-0.0006973675917834044,0,-0.0214,0.0186
Michal Postava,DET,8485545,33,-0.001401023706421256,-0.0006973675917834044,0,-0.0214,0.0186
Michal Postava,DET,8485545,34,-0.0013975759502500296,-0.0006973675917834044,0,-0.0214,0.0186
Michal Postava,DET,8485545,35,-0.0013967127306386828,-0.0006973675917834044,0,-0.0214,0.0186
Samuel Hlavaj,MIN,8482085,0,-0.005691461265087128,-0.005164679139852524,0,-0.0257,0.0143
Samuel Hlavaj,MIN,8482085,1,-0.005927614402025938,-0.005164679139852524,14,-0.0112,-0.0006
Samuel Hlavaj,MIN,8482085,2,-0.005958045832812786,-0.005164679139852524,0,-0.026,0.014
Samuel Hlavaj,MIN,8482085,3,-0.005987630225718021,-0.005164679139852524,0,-0.026,0.014
Samuel Hlavaj,MIN,8482085,4,-0.006020776927471161,-0.005164679139852524,0,-0.026,0.014
Samuel Hlavaj,MIN,8482085,5,-0.0060472916811704636,-0.005164679139852524,0,-0.026,0.014
Samuel Hlavaj,MIN,8482085,6,-0.0060809338465332985,-0.005164679139852524,0,-0.0261,0.0139
Samuel Hlavaj,MIN,8482085,7,-0.006119627971202135,-0.005164679139852524,0,-0.0261,0.0139
Samuel Hlavaj,MIN,8482085,8,-0.006157602183520794,-0.005164679139852524,0,-0.0262,0.0138
Samuel Hlavaj,MIN,8482085,9,-0.006193314678966999,-0.005164679139852524,0,-0.0262,0.0138
Samuel Hlavaj,MIN,8482085,10,-0.006225062534213066,-0.005164679139852524,0,-0.0262,0.0138
Samuel Hlavaj,MIN,8482085,11,-0.0062639773823320866,-0.005164679139852524,0,-0.0263,0.0137
Samuel Hlavaj,MIN,8482085,12,-0.0062903156504035,-0.005164679139852524,0,-0.0263,0.0137
Samuel Hlavaj,MIN,8482085,13,-0.0063089546747505665,-0.005164679139852524,0,-0.0263,0.0137
Samuel Hlavaj,MIN,8482085,14,-0.006318093743175268,-0.005164679139852524,0,-0.0263,0.0137
Samuel Hlavaj,MIN,8482085,15,-0.00632855761796236,-0.005164679139852524,0,-0.0263,0.0137
Samuel Hlavaj,MIN,8482085,16,-0.006348437629640102,-0.005164679139852524,0,-0.0263,0.0137
Samuel Hlavaj,MIN,8482085,17,-0.006376221310347319,-0.005164679139852524,0,-0.0264,0.0136
Samuel Hlavaj,MIN,8482085,18,-0.006393690127879381,-0.005164679139852524,0,-0.0264,0.0136
Samuel Hlavaj,MIN,8482085,19,-0.006406060419976711,-0.005164679139852524,0,-0.0264,0.0136
Samuel Hlavaj,MIN,8482085,20,-0.006423787213861942,-0.005164679139852524,0,-0.0264,0.0136
Samuel Hlavaj,MIN,8482085,21,-0.006443389691412449,-0.005164679139852524,0,-0.0264,0.0136
Samuel Hlavaj,MIN,8482085,22,-0.006452011410146952,-0.005164679139852524,0,-0.0265,0.0135
Samuel Hlavaj,MIN,8482085,23,-0.006453302223235369,-0.005164679139852524,0,-0.0265,0.0135
Samuel Hlavaj,MIN,8482085,24,-0.006442345678806305,-0.005164679139852524,0,-0.0264,0.0136
Samuel Hlavaj,MIN,8482085,25,-0.006428458262234926,-0.005164679139852524,0,-0.0264,0.0136
Samuel Hlavaj,MIN,8482085,26,-0.006438025739043951,-0.005164679139852524,0,-0.0264,0.0136
Samuel Hlavaj,MIN,8482085,27,-0.006441258825361729,-0.005164679139852524,0,-0.0264,0.0136
Samuel Hlavaj,MIN,8482085,28,-0.006448271684348583,-0.005164679139852524,0,-0.0264,0.0136
Samuel Hlavaj,MIN,8482085,29,-0.006452042143791914,-0.005164679139852524,0,-0.0265,0.0135
Samuel Hlavaj,MIN,8482085,30,-0.006455573253333569,-0.005164679139852524,0,-0.0265,0.0135
Samuel Hlavaj,MIN,8482085,31,-0.006455868016928434,-0.005164679139852524,0,-0.0265,0.0135
Samuel Hlavaj,MIN,8482085,32,-0.0064534409902989864,-0.005164679139852524,0,-0.0265,0.0135
Samuel Hlavaj,MIN,8482085,33,-0.0064511988312006,-0.005164679139852524,0,-0.0265,0.0135
Samuel Hlavaj,MIN,8482085,34,-0.006446941290050745,-0.005164679139852524,0,-0.0264,0.0136
Samuel Hlavaj,MIN,8482085,35,-0.00644700275734067,-0.005164679139852524,0,-0.0264,0.0136
Harrison Meneghin,TBL,8484636,0,-0.005198392551392317,-0.004712359979748726,0,-0.0252,0.0148
Harrison Meneghin,TBL,8484636,1,-0.005416471045464277,-0.004712359979748726,15,-0.0106,-0.0002
Harrison Meneghin,TBL,8484636,2,-0.005446814000606537,-0.004712359979748726,0,-0.0254,0.0146
Harrison Meneghin,TBL,8484636,3,-0.005476713180541992,-0.004712359979748726,0,-0.0255,0.0145
Harrison Meneghin,TBL,8484636,4,-0.005509336944669485,-0.004712359979748726,0,-0.0255,0.0145
Harrison Meneghin,TBL,8484636,5,-0.00553612457588315,-0.004712359979748726,0,-0.0255,0.0145
Harrison Meneghin,TBL,8484636,6,-0.005569914821535349,-0.004712359979748726,0,-0.0256,0.0144
Harrison Meneghin,TBL,8484636,7,-0.005608213599771261,-0.004712359979748726,0,-0.0256,0.0144
Harrison Meneghin,TBL,8484636,8,-0.005646379664540291,-0.004712359979748726,0,-0.0256,0.0144
Harrison Meneghin,TBL,8484636,9,-0.005682074464857578,-0.004712359979748726,0,-0.0257,0.0143
Harrison Meneghin,TBL,8484636,10,-0.005713847000151873,-0.004712359979748726,0,-0.0257,0.0143
Harrison Meneghin,TBL,8484636,11,-0.005752620752900839,-0.004712359979748726,0,-0.0258,0.0142
Harrison Meneghin,TBL,8484636,12,-0.005778985563665628,-0.004712359979748726,0,-0.0258,0.0142
Harrison Meneghin,TBL,8484636,13,-0.005797525402158499,-0.004712359979748726,0,-0.0258,0.0142
Harrison Meneghin,TBL,8484636,14,-0.005806859582662582,-0.004712359979748726,0,-0.0258,0.0142
Harrison Meneghin,TBL,8484636,15,-0.005817141849547625,-0.004712359979748726,0,-0.0258,0.0142
Harrison Meneghin,TBL,8484636,16,-0.005837135016918182,-0.004712359979748726,0,-0.0258,0.0142
Harrison Meneghin,TBL,8484636,17,-0.005864738021045923,-0.004712359979748726,0,-0.0259,0.0141
Harrison Meneghin,TBL,8484636,18,-0.005882404278963804,-0.004712359979748726,0,-0.0259,0.0141
Harrison Meneghin,TBL,8484636,19,-0.005894806236028671,-0.004712359979748726,0,-0.0259,0.0141
Harrison Meneghin,TBL,8484636,20,-0.005911894142627716,-0.004712359979748726,0,-0.0259,0.0141
Harrison Meneghin,TBL,8484636,21,-0.005932576023042202,-0.004712359979748726,0,-0.0259,0.0141
Harrison Meneghin,TBL,8484636,22,-0.005939889699220657,-0.004712359979748726,0,-0.0259,0.0141
Harrison Meneghin,TBL,8484636,23,-0.005942470394074917,-0.004712359979748726,0,-0.0259,0.0141
Harrison Meneghin,TBL,8484636,24,-0.005930542480200529,-0.004712359979748726,0,-0.0259,0.0141
Harrison Meneghin,TBL,8484636,25,-0.0059171924367547035,-0.004712359979748726,0,-0.0259,0.0141
Harrison Meneghin,TBL,8484636,26,-0.005926292389631271,-0.004712359979748726,0,-0.0259,0.0141
Harrison Meneghin,TBL,8484636,27,-0.005930147599428892,-0.004712359979748726,0,-0.0259,0.0141
Harrison Meneghin,TBL,8484636,28,-0.005936569534242153,-0.004712359979748726,0,-0.0259,0.0141
Harrison Meneghin,TBL,8484636,29,-0.005940670613199472,-0.004712359979748726,0,-0.0259,0.0141
Harrison Meneghin,TBL,8484636,30,-0.0059441146440804005,-0.004712359979748726,0,-0.0259,0.0141
Harrison Meneghin,TBL,8484636,31,-0.005944238975644112,-0.004712359979748726,0,-0.0259,0.0141
Harrison Meneghin,TBL,8484636,32,-0.005942228715866804,-0.004712359979748726,0,-0.0259,0.0141
Harrison Meneghin,TBL,8484636,33,-0.005939020309597254,-0.004712359979748726,0,-0.0259,0.0141
Harrison Meneghin,TBL,8484636,34,-0.005936563480645418,-0.004712359979748726,0,-0.0259,0.0141
Harrison Meneghin,TBL,8484636,35,-0.0059348661452531815,-0.004712359979748726,0,-0.0259,0.0141
Jakub Malek,NJD,8482867,0,0.0040763490833342075,0.0037977639585733414,0,-0.0159,0.0241
Jakub Malek,NJD,8482867,1,0.0041984934359788895,0.0037977639585733414,21,-0.0002,0.0086
Jakub Malek,NJD,8482867,2,0.004168451763689518,0.0037977639585733414,0,-0.0158,0.0242
Jakub Malek,NJD,8482867,3,0.004138262942433357,0.0037977639585733414,0,-0.0159,0.0241
Jakub Malek,NJD,8482867,4,0.004106347449123859,0.0037977639585733414,0,-0.0159,0.0241
Jakub Malek,NJD,8482867,5,0.0040797577239573,0.0037977639585733414,0,-0.0159,0.0241
Jakub Malek,NJD,8482867,6,0.004046244081109762,0.0037977639585733414,0,-0.016,0.024
Jakub Malek,NJD,8482867,7,0.004007627721875906,0.0037977639585733414,0,-0.016,0.024
Jakub Malek,NJD,8482867,8,0.003970519173890352,0.0037977639585733414,0,-0.016,0.024
Jakub Malek,NJD,8482867,9,0.003934282809495926,0.0037977639585733414,0,-0.0161,0.0239
Jakub Malek,NJD,8482867,10,0.0039031764026731253,0.0037977639585733414,0,-0.0161,0.0239
Jakub Malek,NJD,8482867,11,0.0038644324522465467,0.0037977639585733414,0,-0.0161,0.0239
Jakub Malek,NJD,8482867,12,0.003838258795440197,0.0037977639585733414,0,-0.0162,0.0238
Jakub Malek,NJD,8482867,13,0.003819734323769808,0.0037977639585733414,0,-0.0162,0.0238
Jakub Malek,NJD,8482867,14,0.003811078378930688,0.0037977639585733414,0,-0.0162,0.0238
Jakub Malek,NJD,8482867,15,0.003800042439252138,0.0037977639585733414,0,-0.0162,0.0238
Jakub Malek,NJD,8482867,16,0.0037812564987689257,0.0037977639585733414,0,-0.0162,0.0238
Jakub Malek,NJD,8482867,17,0.0037530926056206226,0.0037977639585733414,0,-0.0162,0.0238
Jakub Malek,NJD,8482867,18,0.003735864534974098,0.0037977639585733414,0,-0.0163,0.0237
Jakub Malek,NJD,8482867,19,0.003723473520949483,0.0037977639585733414,0,-0.0163,0.0237
Jakub Malek,NJD,8482867,20,0.0037065560463815928,0.0037977639585733414,0,-0.0163,0.0237
Jakub Malek,NJD,8482867,21,0.0036860790569335222,0.0037977639585733414,0,-0.0163,0.0237
Jakub Malek,NJD,8482867,22,0.0036784589756280184,0.0037977639585733414,0,-0.0163,0.0237
Jakub Malek,NJD,8482867,23,0.0036765681579709053,0.0037977639585733414,0,-0.0163,0.0237
Jakub Malek,NJD,8482867,24,0.003688257187604904,0.0037977639585733414,0,-0.0163,0.0237
Jakub Malek,NJD,8482867,25,0.003701820969581604,0.0037977639585733414,0,-0.0163,0.0237
Jakub Malek,NJD,8482867,26,0.0036924651358276606,0.0037977639585733414,0,-0.0163,0.0237
Jakub Malek,NJD,8482867,27,0.003689267672598362,0.0037977639585733414,0,-0.0163,0.0237
Jakub Malek,NJD,8482867,28,0.003682323032990098,0.0037977639585733414,0,-0.0163,0.0237
Jakub Malek,NJD,8482867,29,0.0036788210272789,0.0037977639585733414,0,-0.0163,0.0237
Jakub Malek,NJD,8482867,30,0.0036747530102729797,0.0037977639585733414,0,-0.0163,0.0237
Jakub Malek,NJD,8482867,31,0.00367542146705091,0.0037977639585733414,0,-0.0163,0.0237
Jakub Malek,NJD,8482867,32,0.003676832653582096,0.0037977639585733414,0,-0.0163,0.0237
Jakub Malek,NJD,8482867,33,0.0036802715621888638,0.0037977639585733414,0,-0.0163,0.0237
Jakub Malek,NJD,8482867,34,0.0036830343306064606,0.0037977639585733414,0,-0.0163,0.0237
Jakub Malek,NJD,8482867,35,0.0036846960429102182,0.0037977639585733414,0,-0.0163,0.0237
Domenic DiVincentiis,WPG,8483711,0,-0.0056340997107326984,-0.00511171855032444,0,-0.0256,0.0144
Domenic DiVincentiis,WPG,8483711,1,-0.005867570172995329,-0.00511171855032444,29,-0.0096,-0.0022
Domenic DiVincentiis,WPG,8483711,2,-0.005898633506149054,-0.00511171855032444,0,-0.0259,0.0141
Domenic DiVincentiis,WPG,8483711,3,-0.00592781649902463,-0.00511171855032444,0,-0.0259,0.0141
Domenic DiVincentiis,WPG,8483711,4,-0.0059610651805996895,-0.00511171855032444,0,-0.026,0.014
Domenic DiVincentiis,WPG,8483711,5,-0.005987305194139481,-0.00511171855032444,0,-0.026,0.014
Domenic DiVincentiis,WPG,8483711,6,-0.006021595094352961,-0.00511171855032444,0,-0.026,0.014
Domenic DiVincentiis,WPG,8483711,7,-0.0060595134273171425,-0.00511171855032444,0,-0.0261,0.0139
Domenic DiVincentiis,WPG,8483711,8,-0.006097844336181879,-0.00511171855032444,0,-0.0261,0.0139
Domenic DiVincentiis,WPG,8483711,9,-0.0061335782520473,-0.00511171855032444,0,-0.0261,0.0139
Domenic DiVincentiis,WPG,8483711,10,-0.006165139377117157,-0.00511171855032444,0,-0.0262,0.0138
Domenic DiVincentiis,WPG,8483711,11,-0.00620395177975297,-0.00511171855032444,0,-0.0262,0.0138
Domenic DiVincentiis,WPG,8483711,12,-0.006230732426047325,-0.00511171855032444,0,-0.0262,0.0138
Domenic DiVincentiis,WPG,8483711,13,-0.0062486836686730385,-0.00511171855032444,0,-0.0262,0.0138
Domenic DiVincentiis,WPG,8483711,14,-0.006258392706513405,-0.00511171855032444,0,-0.0263,0.0137
Domenic DiVincentiis,WPG,8483711,15,-0.006268630735576153,-0.00511171855032444,0,-0.0263,0.0137
Domenic DiVincentiis,WPG,8483711,16,-0.006288160569965839,-0.00511171855032444,0,-0.0263,0.0137
Domenic DiVincentiis,WPG,8483711,17,-0.006316725630313158,-0.00511171855032444,0,-0.0263,0.0137
Domenic DiVincentiis,WPG,8483711,18,-0.006333384662866592,-0.00511171855032444,0,-0.0263,0.0137
Domenic DiVincentiis,WPG,8483711,19,-0.006346329115331173,-0.00511171855032444,0,-0.0263,0.0137
Domenic DiVincentiis,WPG,8483711,20,-0.006363457068800926,-0.00511171855032444,0,-0.0264,0.0136
Domenic DiVincentiis,WPG,8483711,21,-0.0063835931941866875,-0.00511171855032444,0,-0.0264,0.0136
Domenic DiVincentiis,WPG,8483711,22,-0.00639174273237586,-0.00511171855032444,0,-0.0264,0.0136
Domenic DiVincentiis,WPG,8483711,23,-0.006393568590283394,-0.00511171855032444,0,-0.0264,0.0136
Domenic DiVincentiis,WPG,8483711,24,-0.0063821421936154366,-0.00511171855032444,0,-0.0264,0.0136
Domenic DiVincentiis,WPG,8483711,25,-0.006368330214172602,-0.00511171855032444,0,-0.0264,0.0136
Domenic DiVincentiis,WPG,8483711,26,-0.006377973593771458,-0.00511171855032444,0,-0.0264,0.0136
Domenic DiVincentiis,WPG,8483711,27,-0.006381451152265072,-0.00511171855032444,0,-0.0264,0.0136
Domenic DiVincentiis,WPG,8483711,28,-0.006387829780578613,-0.00511171855032444,0,-0.0264,0.0136
Domenic DiVincentiis,WPG,8483711,29,-0.006392181850969791,-0.00511171855032444,0,-0.0264,0.0136
Domenic DiVincentiis,WPG,8483711,30,-0.006395373027771711,-0.00511171855032444,0,-0.0264,0.0136
Domenic DiVincentiis,WPG,8483711,31,-0.006395789794623852,-0.00511171855032444,0,-0.0264,0.0136
Domenic DiVincentiis,WPG,8483711,32,-0.006393611431121826,-0.00511171855032444,0,-0.0264,0.0136
Domenic DiVincentiis,WPG,8483711,33,-0.006390403024852276,-0.00511171855032444,0,-0.0264,0.0136
Domenic DiVincentiis,WPG,8483711,34,-0.00638782000169158,-0.00511171855032444,0,-0.0264,0.0136
Domenic DiVincentiis,WPG,8483711,35,-0.006386373657733202,-0.00511171855032444,0,-0.0264,0.0136
Will Cranley,STL,8482205,0,-0.006183311343193054,-0.0056157768703997135,0,-0.0262,0.0138
Will Cranley,STL,8482205,1,-0.006437448784708977,-0.0056157768703997135,10,-0.0127,-0.0001
Will Cranley,STL,8482205,2,-0.006467884406447411,-0.0056157768703997135,0,-0.0265,0.0135
Will Cranley,STL,8482205,3,-0.006497565191239119,-0.0056157768703997135,0,-0.0265,0.0135
Will Cranley,STL,8482205,4,-0.006530681625008583,-0.0056157768703997135,0,-0.0265,0.0135
Will Cranley,STL,8482205,5,-0.006556914187967777,-0.0056157768703997135,0,-0.0266,0.0134
Will Cranley,STL,8482205,6,-0.006591279525309801,-0.0056157768703997135,0,-0.0266,0.0134
Will Cranley,STL,8482205,7,-0.006629062816500664,-0.0056157768703997135,0,-0.0266,0.0134
Will Cranley,STL,8482205,8,-0.006667927838861942,-0.0056157768703997135,0,-0.0267,0.0133
Will Cranley,STL,8482205,9,-0.006702979560941458,-0.0056157768703997135,0,-0.0267,0.0133
Will Cranley,STL,8482205,10,-0.00673507247120142,-0.0056157768703997135,0,-0.0267,0.0133
Will Cranley,STL,8482205,11,-0.0067741647362709045,-0.0056157768703997135,0,-0.0268,0.0132
Will Cranley,STL,8482205,12,-0.006799842230975628,-0.0056157768703997135,0,-0.0268,0.0132
Will Cranley,STL,8482205,13,-0.00681928638368845,-0.0056157768703997135,0,-0.0268,0.0132
Will Cranley,STL,8482205,14,-0.0068277632817626,-0.0056157768703997135,0,-0.0268,0.0132
Will Cranley,STL,8482205,15,-0.006838864181190729,-0.0056157768703997135,0,-0.0268,0.0132
Will Cranley,STL,8482205,16,-0.0068580396473407745,-0.0056157768703997135,0,-0.0269,0.0131
Will Cranley,STL,8482205,17,-0.0068865008652210236,-0.0056157768703997135,0,-0.0269,0.0131
Will Cranley,STL,8482205,18,-0.006903599016368389,-0.0056157768703997135,0,-0.0269,0.0131
Will Cranley,STL,8482205,19,-0.00691627012565732,-0.0056157768703997135,0,-0.0269,0.0131
Will Cranley,STL,8482205,20,-0.00693329144269228,-0.0056157768703997135,0,-0.0269,0.0131
Will Cranley,STL,8482205,21,-0.006954072043299675,-0.0056157768703997135,0,-0.027,0.013
Will Cranley,STL,8482205,22,-0.006961526814848185,-0.0056157768703997135,0,-0.027,0.013
Will Cranley,STL,8482205,23,-0.006963493302464485,-0.0056157768703997135,0,-0.027,0.013
Will Cranley,STL,8482205,24,-0.006952415220439434,-0.0056157768703997135,0,-0.027,0.013
Will Cranley,STL,8482205,25,-0.006938406266272068,-0.0056157768703997135,0,-0.0269,0.0131
Will Cranley,STL,8482205,26,-0.006948019377887249,-0.0056157768703997135,0,-0.0269,0.0131
Will Cranley,STL,8482205,27,-0.006951674818992615,-0.0056157768703997135,0,-0.027,0.013
Will Cranley,STL,8482205,28,-0.0069578951224684715,-0.0056157768703997135,0,-0.027,0.013
Will Cranley,STL,8482205,29,-0.006962213199585676,-0.0056157768703997135,0,-0.027,0.013
Will Cranley,STL,8482205,30,-0.006965788081288338,-0.0056157768703997135,0,-0.027,0.013
Will Cranley,STL,8482205,31,-0.006965707987546921,-0.0056157768703997135,0,-0.027,0.013
Will Cranley,STL,8482205,32,-0.006963617168366909,-0.0056157768703997135,0,-0.027,0.013
Will Cranley,STL,8482205,33,-0.006961082573980093,-0.0056157768703997135,0,-0.027,0.013
Will Cranley,STL,8482205,34,-0.006957370322197676,-0.0056157768703997135,0,-0.027,0.013
Will Cranley,STL,8482205,35,-0.006956845987588167,-0.0056157768703997135,0,-0.027,0.013
Ryan Fanti,TBL,8483534,0,0.00015490889200009406,0.00019955215975642204,0,-0.0198,0.0202
Ryan Fanti,TBL,8483534,1,0.00013327870692592114,0.00019955215975642204,2,-0.014,0.0142
Ryan Fanti,TBL,8483534,2,0.00010276953980792314,0.00019955215975642204,0,-0.0199,0.0201
Ryan Fanti,TBL,8483534,3,7.324875332415104e-05,0.00019955215975642204,0,-0.0199,0.0201
Ryan Fanti,TBL,8483534,4,4.046251706313342e-05,0.00019955215975642204,0,-0.02,0.02
Ryan Fanti,TBL,8483534,5,1.4312725397758186e-05,0.00019955215975642204,0,-0.02,0.02
Ryan Fanti,TBL,8483534,6,-1.979130320250988e-05,0.00019955215975642204,0,-0.02,0.02
Ryan Fanti,TBL,8483534,7,-5.7709330576471984e-05,0.00019955215975642204,0,-0.0201,0.0199
Ryan Fanti,TBL,8483534,8,-9.593862341716886e-05,0.00019955215975642204,0,-0.0201,0.0199
Ryan Fanti,TBL,8483534,9,-0.00013134429173078388,0.00019955215975642204,0,-0.0201,0.0199
Ryan Fanti,TBL,8483534,10,-0.00016294651140924543,0.00019955215975642204,0,-0.0202,0.0198
Ryan Fanti,TBL,8483534,11,-0.0002018550003413111,0.00019955215975642204,0,-0.0202,0.0198
Ryan Fanti,TBL,8483534,12,-0.0002278915053466335,0.00019955215975642204,0,-0.0202,0.0198
Ryan Fanti,TBL,8483534,13,-0.0002464430872350931,0.00019955215975642204,0,-0.0202,0.0198
Ryan Fanti,TBL,8483534,14,-0.0002556798863224685,0.00019955215975642204,0,-0.0203,0.0197
Ryan Fanti,TBL,8483534,15,-0.00026576948584988713,0.00019955215975642204,0,-0.0203,0.0197
Ryan Fanti,TBL,8483534,16,-0.00028566879336722195,0.00019955215975642204,0,-0.0203,0.0197
Ryan Fanti,TBL,8483534,17,-0.0003133454010821879,0.00019955215975642204,0,-0.0203,0.0197
Ryan Fanti,TBL,8483534,18,-0.0003307558363303542,0.00019955215975642204,0,-0.0203,0.0197
Ryan Fanti,TBL,8483534,19,-0.00034303899155929685,0.00019955215975642204,0,-0.0203,0.0197
Ryan Fanti,TBL,8483534,20,-0.00036037276731804013,0.00019955215975642204,0,-0.0204,0.0196
Ryan Fanti,TBL,8483534,21,-0.00038049108115956187,0.00019955215975642204,0,-0.0204,0.0196
Ryan Fanti,TBL,8483534,22,-0.000388392829336226,0.00019955215975642204,0,-0.0204,0.0196
Ryan Fanti,TBL,8483534,23,-0.0003901338786818087,0.00019955215975642204,0,-0.0204,0.0196
Ryan Fanti,TBL,8483534,24,-0.000378883647499606,0.00019955215975642204,0,-0.0204,0.0196
Ryan Fanti,TBL,8483534,25,-0.00036482460564002395,0.00019955215975642204,0,-0.0204,0.0196
Ryan Fanti,TBL,8483534,26,-0.00037458143197000027,0.00019955215975642204,0,-0.0204,0.0196
Ryan Fanti,TBL,8483534,27,-0.00037772738141939044,0.00019955215975642204,0,-0.0204,0.0196
Ryan Fanti,TBL,8483534,28,-0.0003845261235255748,0.00019955215975642204,0,-0.0204,0.0196
Ryan Fanti,TBL,8483534,29,-0.0003883875615429133,0.00019955215975642204,0,-0.0204,0.0196
Ryan Fanti,TBL,8483534,30,-0.00039193162228912115,0.00019955215975642204,0,-0.0204,0.0196
Ryan Fanti,TBL,8483534,31,-0.00039202370680868626,0.00019955215975642204,0,-0.0204,0.0196
Ryan Fanti,TBL,8483534,32,-0.00038984353886917233,0.00019955215975642204,0,-0.0204,0.0196
Ryan Fanti,TBL,8483534,33,-0.0003871049848385155,0.00019955215975642204,0,-0.0204,0.0196
Ryan Fanti,TBL,8483534,34,-0.00038365417276509106,0.00019955215975642204,0,-0.0204,0.0196
Ryan Fanti,TBL,8483534,35,-0.0003827274194918573,0.00019955215975642204,0,-0.0204,0.0196
Nikita Quapp,CAR,8482895,0,7.199487299658358e-06,6.404099985957146e-05,0,-0.02,0.02
Nikita Quapp,CAR,8482895,1,-1.9815975974779576e-05,6.404099985957146e-05,0,-0.02,0.02
Nikita Quapp,CAR,8482895,2,-4.780829476658255e-05,6.404099985957146e-05,16,-0.005,0.005
Nikita Quapp,CAR,8482895,3,-7.728397758910432e-05,6.404099985957146e-05,0,-0.0201,0.0199
Nikita Quapp,CAR,8482895,4,-0.00011011368042090908,6.404099985957146e-05,0,-0.0201,0.0199
Nikita Quapp,CAR,8482895,5,-0.0001362426846753806,6.404099985957146e-05,0,-0.0201,0.0199
Nikita Quapp,CAR,8482895,6,-0.00017036317149177194,6.404099985957146e-05,0,-0.0202,0.0198
Nikita Quapp,CAR,8482895,7,-0.00020826616673730314,6.404099985957146e-05,0,-0.0202,0.0198
Nikita Quapp,CAR,8482895,8,-0.0002465202414896339,6.404099985957146e-05,0,-0.0202,0.0198
Nikita Quapp,CAR,8482895,9,-0.00028190872399136424,6.404099985957146e-05,0,-0.0203,0.0197
Nikita Quapp,CAR,8482895,10,-0.0003135264269076288,6.404099985957146e-05,0,-0.0203,0.0197
Nikita Quapp,CAR,8482895,11,-0.0003524319618009031,6.404099985957146e-05,0,-0.0204,0.0196
Nikita Quapp,CAR,8482895,12,-0.0003784647851716727,6.404099985957146e-05,0,-0.0204,0.0196
Nikita Quapp,CAR,8482895,13,-0.0003970316029153764,6.404099985957146e-05,0,-0.0204,0.0196
Nikita Quapp,CAR,8482895,14,-0.0004062599327880889,6.404099985957146e-05,0,-0.0204,0.0196
Nikita Quapp,CAR,8482895,15,-0.0004163508419878781,6.404099985957146e-05,0,-0.0204,0.0196
Nikita Quapp,CAR,8482895,16,-0.00043626115075312555,6.404099985957146e-05,0,-0.0204,0.0196
Nikita Quapp,CAR,8482895,17,-0.0004639303660951555,6.404099985957146e-05,0,-0.0205,0.0195
Nikita Quapp,CAR,8482895,18,-0.00048135159886442125,6.404099985957146e-05,0,-0.0205,0.0195
Nikita Quapp,CAR,8482895,19,-0.0004936199402436614,6.404099985957146e-05,0,-0.0205,0.0195
Nikita Quapp,CAR,8482895,20,-0.0005109781632199883,6.404099985957146e-05,0,-0.0205,0.0195
Nikita Quapp,CAR,8482895,21,-0.0005310749402269721,6.404099985957146e-05,0,-0.0205,0.0195
Nikita Quapp,CAR,8482895,22,-0.0005390002625063062,6.404099985957146e-05,0,-0.0205,0.0195
Nikita Quapp,CAR,8482895,23,-0.0005407169810496271,6.404099985957146e-05,0,-0.0205,0.0195
Nikita Quapp,CAR,8482895,24,-0.0005294914008118212,6.404099985957146e-05,0,-0.0205,0.0195
Nikita Quapp,CAR,8482895,25,-0.0005154196405783296,6.404099985957146e-05,0,-0.0205,0.0195
Nikita Quapp,CAR,8482895,26,-0.0005251806578598917,6.404099985957146e-05,0,-0.0205,0.0195
Nikita Quapp,CAR,8482895,27,-0.0005283294012770057,6.404099985957146e-05,0,-0.0205,0.0195
Nikita Quapp,CAR,8482895,28,-0.0005351281724870205,6.404099985957146e-05,0,-0.0205,0.0195
Nikita Quapp,CAR,8482895,29,-0.000538988271728158,6.404099985957146e-05,0,-0.0205,0.0195
Nikita Quapp,CAR,8482895,30,-0.0005425328854471445,6.404099985957146e-05,0,-0.0205,0.0195
Nikita Quapp,CAR,8482895,31,-0.0005426306161098182,6.404099985957146e-05,0,-0.0205,0.0195
Nikita Quapp,CAR,8482895,32,-0.0005404377006925642,6.404099985957146e-05,0,-0.0205,0.0195
Nikita Quapp,CAR,8482895,33,-0.0005377196939662099,6.404099985957146e-05,0,-0.0205,0.0195
Nikita Quapp,CAR,8482895,34,-0.0005342474323697388,6.404099985957146e-05,0,-0.0205,0.0195
Nikita Quapp,CAR,8482895,35,-0.0005333403823897243,6.404099985957146e-05,0,-0.0205,0.0195
Jiri Patera,VAN,8480238,0,-0.00669879000633955,-0.006088776979595423,0,-0.0267,0.0133
Jiri Patera,VAN,8480238,1,-0.00697154738008976,-0.006088776979595423,0,-0.027,0.013
Jiri Patera,VAN,8480238,2,-0.007245367392897606,-0.006088776979595423,0,-0.0272,0.0128
Jiri Patera,VAN,8480238,3,-0.007518311962485313,-0.006088776979595423,0,-0.0275,0.0125
Jiri Patera,VAN,8480238,4,-0.007794144097715616,-0.006088776979595423,0,-0.0278,0.0122
Jiri Patera,VAN,8480238,5,-0.008063931949436665,-0.006088776979595423,0,-0.0281,0.0119
Jiri Patera,VAN,8480238,6,-0.008341142907738686,-0.006088776979595423,0,-0.0283,0.0117
Jiri Patera,VAN,8480238,7,-0.00862235575914383,-0.006088776979595423,0,-0.0286,0.0114
Jiri Patera,VAN,8480238,8,-0.008903894573450089,-0.006088776979595423,0,-0.0289,0.0111
Jiri Patera,VAN,8480238,9,-0.00918279867619276,-0.006088776979595423,39,-0.0124,-0.006
Jiri Patera,VAN,8480238,10,-0.00921417586505413,-0.006088776979595423,0,-0.0292,0.0108
Jiri Patera,VAN,8480238,11,-0.009253562428057194,-0.006088776979595423,0,-0.0293,0.0107
Jiri Patera,VAN,8480238,12,-0.009279408492147923,-0.006088776979595423,0,-0.0293,0.0107
Jiri Patera,VAN,8480238,13,-0.009298517368733883,-0.006088776979595423,0,-0.0293,0.0107
Jiri Patera,VAN,8480238,14,-0.00930703617632389,-0.006088776979595423,0,-0.0293,0.0107
Jiri Patera,VAN,8480238,15,-0.009318596683442593,-0.006088776979595423,0,-0.0293,0.0107
Jiri Patera,VAN,8480238,16,-0.009337269701063633,-0.006088776979595423,0,-0.0293,0.0107
Jiri Patera,VAN,8480238,17,-0.009365898557007313,-0.006088776979595423,0,-0.0294,0.0106
Jiri Patera,VAN,8480238,18,-0.009383165277540684,-0.006088776979595423,0,-0.0294,0.0106
Jiri Patera,VAN,8480238,19,-0.009395208209753036,-0.006088776979595423,0,-0.0294,0.0106
Jiri Patera,VAN,8480238,20,-0.00941348634660244,-0.006088776979595423,0,-0.0294,0.0106
Jiri Patera,VAN,8480238,21,-0.009432423859834671,-0.006088776979595423,0,-0.0294,0.0106
Jiri Patera,VAN,8480238,22,-0.00944193173199892,-0.006088776979595423,0,-0.0294,0.0106
Jiri Patera,VAN,8480238,23,-0.009441887028515339,-0.006088776979595423,0,-0.0294,0.0106
Jiri Patera,VAN,8480238,24,-0.009433071129024029,-0.006088776979595423,0,-0.0294,0.0106
Jiri Patera,VAN,8480238,25,-0.009416632354259491,-0.006088776979595423,0,-0.0294,0.0106
Jiri Patera,VAN,8480238,26,-0.009428299963474274,-0.006088776979595423,0,-0.0294,0.0106
Jiri Patera,VAN,8480238,27,-0.00943032093346119,-0.006088776979595423,0,-0.0294,0.0106
Jiri Patera,VAN,8480238,28,-0.009437840431928635,-0.006088776979595423,0,-0.0294,0.0106
Jiri Patera,VAN,8480238,29,-0.009441152215003967,-0.006088776979595423,0,-0.0294,0.0106
Jiri Patera,VAN,8480238,30,-0.0094457333907485,-0.006088776979595423,0,-0.0294,0.0106
Jiri Patera,VAN,8480238,31,-0.009444436989724636,-0.006088776979595423,0,-0.0294,0.0106
Jiri Patera,VAN,8480238,32,-0.009443771094083786,-0.006088776979595423,0,-0.0294,0.0106
Jiri Patera,VAN,8480238,33,-0.009439812041819096,-0.006088776979595423,0,-0.0294,0.0106
Jiri Patera,VAN,8480238,34,-0.0094374418258667,-0.006088776979595423,0,-0.0294,0.0106
Jiri Patera,VAN,8480238,35,-0.009435870684683323,-0.006088776979595423,0,-0.0294,0.0106
Carter Hart,VGK,8479394,0,-0.007514317985624075,-0.006837388034909964,0,-0.0275,0.0125
Carter Hart,VGK,8479394,1,-0.007818552665412426,-0.006837388034909964,0,-0.0278,0.0122
Carter Hart,VGK,8479394,2,-0.008121713064610958,-0.006837388034909964,0,-0.0281,0.0119
Carter Hart,VGK,8479394,3,-0.008425131440162659,-0.006837388034909964,0,-0.0284,0.0116
Carter Hart,VGK,8479394,4,-0.008731109090149403,-0.006837388034909964,0,-0.0287,0.0113
Carter Hart,VGK,8479394,5,-0.009031257592141628,-0.006837388034909964,0,-0.029,0.011
Carter Hart,VGK,8479394,6,-0.009338540956377983,-0.006837388034909964,0,-0.0293,0.0107
Carter Hart,VGK,8479394,7,-0.009649873711168766,-0.006837388034909964,0,-0.0296,0.0104
Carter Hart,VGK,8479394,8,-0.009961876086890697,-0.006837388034909964,0,-0.03,0.01
Carter Hart,VGK,8479394,9,-0.010270613245666027,-0.006837388034909964,0,-0.0303,0.0097
Carter Hart,VGK,8479394,10,-0.010575561784207821,-0.006837388034909964,0,-0.0306,0.0094
Carter Hart,VGK,8479394,11,-0.010888655669987202,-0.006837388034909964,72,-0.0133,-0.0085
Carter Hart,VGK,8479394,12,-0.011257445439696312,-0.006837388034909964,68,-0.0137,-0.0089
Carter Hart,VGK,8479394,13,-0.011482893489301205,-0.006837388034909964,66,-0.014,-0.009
Carter Hart,VGK,8479394,14,-0.011885449290275574,-0.006837388034909964,101,-0.0139,-0.0099
Carter Hart,VGK,8479394,15,-0.012429069727659225,-0.006837388034909964,39,-0.0156,-0.0092
Carter Hart,VGK,8479394,16,-0.012295165099203587,-0.006837388034909964,29,-0.016,-0.0086
Carter Hart,VGK,8479394,17,-0.01200145948678255,-0.006837388034909964,0,-0.032,0.008
Carter Hart,VGK,8479394,18,-0.011695335619151592,-0.006837388034909964,0,-0.0317,0.0083
Carter Hart,VGK,8479394,19,-0.011387264356017113,-0.006837388034909964,0,-0.0314,0.0086
Carter Hart,VGK,8479394,20,-0.011080825701355934,-0.006837388034909964,0,-0.0311,0.0089
Carter Hart,VGK,8479394,21,-0.010780245065689087,-0.006837388034909964,0,-0.0308,0.0092
Carter Hart,VGK,8479394,22,-0.010465300641953945,-0.006837388034909964,0,-0.0305,0.0095
Carter Hart,VGK,8479394,23,-0.010144582018256187,-0.006837388034909964,0,-0.0301,0.0099
Carter Hart,VGK,8479394,24,-0.009812581352889538,-0.006837388034909964,0,-0.0298,0.0102
Carter Hart,VGK,8479394,25,-0.009474476799368858,-0.006837388034909964,62,-0.012,-0.007
Carter Hart,VGK,8479394,26,-0.00914330966770649,-0.006837388034909964,59,-0.0117,-0.0065
Carter Hart,VGK,8479394,27,-0.009013951756060123,-0.006837388034909964,92,-0.0111,-0.0069
Carter Hart,VGK,8479394,28,-0.008947701193392277,-0.006837388034909964,58,-0.0115,-0.0063
Carter Hart,VGK,8479394,29,-0.008607588708400726,-0.006837388034909964,129,-0.0104,-0.0068
Carter Hart,VGK,8479394,30,-0.008102286607027054,-0.006837388034909964,134,-0.0098,-0.0064
Carter Hart,VGK,8479394,31,-0.0076165758073329926,-0.006837388034909964,87,-0.0097,-0.0055
Carter Hart,VGK,8479394,32,-0.007504957262426615,-0.006837388034909964,120,-0.0093,-0.0057
Carter Hart,VGK,8479394,33,-0.0076522077433764935,-0.006837388034909964,24,-0.0118,-0.0036
Carter Hart,VGK,8479394,34,-0.007919861003756523,-0.006837388034909964,134,-0.0096,-0.0062
Carter Hart,VGK,8479394,35,-0.008085422217845917,-0.006837388034909964,62,-0.0106,-0.0056
Vyacheslav Buteyets,ANA,8483746,0,-0.0018909139325842261,-0.0016775350086390972,0,-0.0219,0.0181
Vyacheslav Buteyets,ANA,8483746,1,-0.0019874502904713154,-0.0016775350086390972,0,-0.022,0.018
Vyacheslav Buteyets,ANA,8483746,2,-0.0020849977154284716,-0.0016775350086390972,0,-0.0221,0.0179
Vyacheslav Buteyets,ANA,8483746,3,-0.0021815341897308826,-0.0016775350086390972,0,-0.0222,0.0178
Vyacheslav Buteyets,ANA,8483746,4,-0.00228138524107635,-0.0016775350086390972,0,-0.0223,0.0177
Vyacheslav Buteyets,ANA,8483746,5,-0.002374459756538272,-0.0016775350086390972,0,-0.0224,0.0176
Vyacheslav Buteyets,ANA,8483746,6,-0.002475691493600607,-0.0016775350086390972,0,-0.0225,0.0175
Vyacheslav Buteyets,ANA,8483746,7,-0.0025804899632930756,-0.0016775350086390972,0,-0.0226,0.0174
Vyacheslav Buteyets,ANA,8483746,8,-0.002685871673747897,-0.0016775350086390972,0,-0.0227,0.0173
Vyacheslav Buteyets,ANA,8483746,9,-0.002788091776892543,-0.0016775350086390972,0,-0.0228,0.0172
Vyacheslav Buteyets,ANA,8483746,10,-0.0028869800735265017,-0.0016775350086390972,0,-0.0229,0.0171
Vyacheslav Buteyets,ANA,8483746,11,-0.002992574591189623,-0.0016775350086390972,18,-0.0077,0.0017
Vyacheslav Buteyets,ANA,8483746,12,-0.003018984105437994,-0.0016775350086390972,0,-0.023,0.017
Vyacheslav Buteyets,ANA,8483746,13,-0.0030372324399650097,-0.0016775350086390972,0,-0.023,0.017
Vyacheslav Buteyets,ANA,8483746,14,-0.0030468644108623266,-0.0016775350086390972,0,-0.023,0.017
Vyacheslav Buteyets,ANA,8483746,15,-0.003056734334677458,-0.0016775350086390972,0,-0.0231,0.0169
Vyacheslav Buteyets,ANA,8483746,16,-0.0030767996795475483,-0.0016775350086390972,0,-0.0231,0.0169
Vyacheslav Buteyets,ANA,8483746,17,-0.0031045195646584034,-0.0016775350086390972,0,-0.0231,0.0169
Vyacheslav Buteyets,ANA,8483746,18,-0.0031218859367072582,-0.0016775350086390972,0,-0.0231,0.0169
Vyacheslav Buteyets,ANA,8483746,19,-0.0031342424917966127,-0.0016775350086390972,0,-0.0231,0.0169
Vyacheslav Buteyets,ANA,8483746,20,-0.0031517480965703726,-0.0016775350086390972,0,-0.0232,0.0168
Vyacheslav Buteyets,ANA,8483746,21,-0.0031715515069663525,-0.0016775350086390972,0,-0.0232,0.0168
Vyacheslav Buteyets,ANA,8483746,22,-0.0031799585558474064,-0.0016775350086390972,0,-0.0232,0.0168
Vyacheslav Buteyets,ANA,8483746,23,-0.003181248437613249,-0.0016775350086390972,0,-0.0232,0.0168
Vyacheslav Buteyets,ANA,8483746,24,-0.0031703775748610497,-0.0016775350086390972,0,-0.0232,0.0168
Vyacheslav Buteyets,ANA,8483746,25,-0.003156139049679041,-0.0016775350086390972,0,-0.0232,0.0168
Vyacheslav Buteyets,ANA,8483746,26,-0.0031660296954214573,-0.0016775350086390972,0,-0.0232,0.0168
Vyacheslav Buteyets,ANA,8483746,27,-0.0031691279727965593,-0.0016775350086390972,0,-0.0232,0.0168
Vyacheslav Buteyets,ANA,8483746,28,-0.00317596853710711,-0.0016775350086390972,0,-0.0232,0.0168
Vyacheslav Buteyets,ANA,8483746,29,-0.0031798630952835083,-0.0016775350086390972,0,-0.0232,0.0168
Vyacheslav Buteyets,ANA,8483746,30,-0.0031833327375352383,-0.0016775350086390972,0,-0.0232,0.0168
Vyacheslav Buteyets,ANA,8483746,31,-0.0031835699919611216,-0.0016775350086390972,0,-0.0232,0.0168
Vyacheslav Buteyets,ANA,8483746,32,-0.003181256353855133,-0.0016775350086390972,0,-0.0232,0.0168
Vyacheslav Buteyets,ANA,8483746,33,-0.003178649116307497,-0.0016775350086390972,0,-0.0232,0.0168
Vyacheslav Buteyets,ANA,8483746,34,-0.003175098216161132,-0.0016775350086390972,0,-0.0232,0.0168
Vyacheslav Buteyets,ANA,8483746,35,-0.0031743403524160385,-0.0016775350086390972,0,-0.0232,0.0168
Laurent Brossoit,SJS,8476316,0,-0.003888137172907591,-0.0035095263738185167,0,-0.0239,0.0161
Laurent Brossoit,SJS,8476316,1,-0.004056756384670734,-0.0035095263738185167,0,-0.0241,0.0159
Laurent Brossoit,SJS,8476316,2,-0.004228868056088686,-0.0035095263738185167,0,-0.0242,0.0158
Laurent Brossoit,SJS,8476316,3,-0.004397271666675806,-0.0035095263738185167,0,-0.0244,0.0156
Laurent Brossoit,SJS,8476316,4,-0.004571127239614725,-0.0035095263738185167,0,-0.0246,0.0154
Laurent Brossoit,SJS,8476316,5,-0.00473709125071764,-0.0035095263738185167,0,-0.0247,0.0153
Laurent Brossoit,SJS,8476316,6,-0.004911692813038826,-0.0035095263738185167,0,-0.0249,0.0151
Laurent Brossoit,SJS,8476316,7,-0.005089419893920422,-0.0035095263738185167,0,-0.0251,0.0149
Laurent Brossoit,SJS,8476316,8,-0.005268105771392584,-0.0035095263738185167,0,-0.0253,0.0147
Laurent Brossoit,SJS,8476316,9,-0.005443732254207134,-0.0035095263738185167,0,-0.0254,0.0146
Laurent Brossoit,SJS,8476316,10,-0.0056150187738239765,-0.0035095263738185167,0,-0.0256,0.0144
Laurent Brossoit,SJS,8476316,11,-0.005794939585030079,-0.0035095263738185167,0,-0.0258,0.0142
Laurent Brossoit,SJS,8476316,12,-0.005960315465927124,-0.0035095263738185167,0,-0.026,0.014
Laurent Brossoit,SJS,8476316,13,-0.006119585130363703,-0.0035095263738185167,0,-0.0261,0.0139
Laurent Brossoit,SJS,8476316,14,-0.006268685217946768,-0.0035095263738185167,0,-0.0263,0.0137
Laurent Brossoit,SJS,8476316,15,-0.006419152487069368,-0.0035095263738185167,0,-0.0264,0.0136
Laurent Brossoit,SJS,8476316,16,-0.0065788691863417625,-0.0035095263738185167,0,-0.0266,0.0134
Laurent Brossoit,SJS,8476316,17,-0.006747202016413212,-0.0035095263738185167,0,-0.0267,0.0133
Laurent Brossoit,SJS,8476316,18,-0.00690425792708993,-0.0035095263738185167,0,-0.0269,0.0131
Laurent Brossoit,SJS,8476316,19,-0.007057097274810076,-0.0035095263738185167,0,-0.0271,0.0129
Laurent Brossoit,SJS,8476316,20,-0.007214035838842392,-0.0035095263738185167,0,-0.0272,0.0128
Laurent Brossoit,SJS,8476316,21,-0.007375071756541729,-0.0035095263738185167,0,-0.0274,0.0126
Laurent Brossoit,SJS,8476316,22,-0.0075220935977995396,-0.0035095263738185167,41,-0.0106,-0.0044
Laurent Brossoit,SJS,8476316,23,-0.007524940650910139,-0.0035095263738185167,0,-0.0275,0.0125
Laurent Brossoit,SJS,8476316,24,-0.007512799929827452,-0.0035095263738185167,0,-0.0275,0.0125
Laurent Brossoit,SJS,8476316,25,-0.0074997409246861935,-0.0035095263738185167,0,-0.0275,0.0125
Laurent Brossoit,SJS,8476316,26,-0.007508419919759035,-0.0035095263738185167,0,-0.0275,0.0125
Laurent Brossoit,SJS,8476316,27,-0.007512734271585941,-0.0035095263738185167,0,-0.0275,0.0125
Laurent Brossoit,SJS,8476316,28,-0.007518609054386616,-0.0035095263738185167,0,-0.0275,0.0125
Laurent Brossoit,SJS,8476316,29,-0.007523336913436651,-0.0035095263738185167,0,-0.0275,0.0125
Laurent Brossoit,SJS,8476316,30,-0.007526234723627567,-0.0035095263738185167,0,-0.0275,0.0125
Laurent Brossoit,SJS,8476316,31,-0.0075267767533659935,-0.0035095263738185167,0,-0.0275,0.0125
Laurent Brossoit,SJS,8476316,32,-0.007524304091930389,-0.0035095263738185167,0,-0.0275,0.0125
Laurent Brossoit,SJS,8476316,33,-0.007521975785493851,-0.0035095263738185167,0,-0.0275,0.0125
Laurent Brossoit,SJS,8476316,34,-0.00751796830445528,-0.0035095263738185167,0,-0.0275,0.0125
Laurent Brossoit,SJS,8476316,35,-0.0075177354738116264,-0.0035095263738185167,0,-0.0275,0.0125
Arsenii Sergeev,CGY,8482949,0,0.006751211825758219,0.006251863669604063,0,-0.0132,0.0268
Arsenii Sergeev,CGY,8482949,1,0.006971525959670544,0.006251863669604063,0,-0.013,0.027
Arsenii Sergeev,CGY,8482949,2,0.0071906293742358685,0.006251863669604063,0,-0.0128,0.0272
Arsenii Sergeev,CGY,8482949,3,0.007411017548292875,0.006251863669604063,0,-0.0126,0.0274
Arsenii Sergeev,CGY,8482949,4,0.007628005463629961,0.006251863669604063,0,-0.0124,0.0276
Arsenii Sergeev,CGY,8482949,5,0.007851864211261272,0.006251863669604063,0,-0.0121,0.0279
Arsenii Sergeev,CGY,8482949,6,0.008067578077316284,0.006251863669604063,0,-0.0119,0.0281
Arsenii Sergeev,CGY,8482949,7,0.008279243484139442,0.006251863669604063,0,-0.0117,0.0283
Arsenii Sergeev,CGY,8482949,8,0.008490814827382565,0.006251863669604063,0,-0.0115,0.0285
Arsenii Sergeev,CGY,8482949,9,0.00870573427528143,0.006251863669604063,0,-0.0113,0.0287
Arsenii Sergeev,CGY,8482949,10,0.008923014625906944,0.006251863669604063,0,-0.0111,0.0289
Arsenii Sergeev,CGY,8482949,11,0.009135082364082336,0.006251863669604063,0,-0.0109,0.0291
Arsenii Sergeev,CGY,8482949,12,0.009357832372188568,0.006251863669604063,0,-0.0106,0.0294
Arsenii Sergeev,CGY,8482949,13,0.00958932377398014,0.006251863669604063,0,-0.0104,0.0296
Arsenii Sergeev,CGY,8482949,14,0.009830552153289318,0.006251863669604063,0,-0.0102,0.0298
Arsenii Sergeev,CGY,8482949,15,0.010068893432617188,0.006251863669604063,0,-0.0099,0.0301
Arsenii Sergeev,CGY,8482949,16,0.010300283320248127,0.006251863669604063,0,-0.0097,0.0303
Arsenii Sergeev,CGY,8482949,17,0.010521032847464085,0.006251863669604063,0,-0.0095,0.0305
Arsenii Sergeev,CGY,8482949,18,0.0107544781640172,0.006251863669604063,0,-0.0092,0.0308
Arsenii Sergeev,CGY,8482949,19,0.010991121642291546,0.006251863669604063,0,-0.009,0.031
Arsenii Sergeev,CGY,8482949,20,0.011223949491977692,0.006251863669604063,0,-0.0088,0.0312
Arsenii Sergeev,CGY,8482949,21,0.011453759856522083,0.006251863669604063,0,-0.0085,0.0315
Arsenii Sergeev,CGY,8482949,22,0.011695083230733871,0.006251863669604063,0,-0.0083,0.0317
Arsenii Sergeev,CGY,8482949,23,0.011943519115447998,0.006251863669604063,0,-0.0081,0.0319
Arsenii Sergeev,CGY,8482949,24,0.012204148806631565,0.006251863669604063,0,-0.0078,0.0322
Arsenii Sergeev,CGY,8482949,25,0.01246802881360054,0.006251863669604063,0,-0.0075,0.0325
Arsenii Sergeev,CGY,8482949,26,0.01270848885178566,0.006251863669604063,0,-0.0073,0.0327
Arsenii Sergeev,CGY,8482949,27,0.012954163365066051,0.006251863669604063,41,0.0099,0.0161
Arsenii Sergeev,CGY,8482949,28,0.012947967275977135,0.006251863669604063,0,-0.0071,0.0329
Arsenii Sergeev,CGY,8482949,29,0.012944482266902924,0.006251863669604063,0,-0.0071,0.0329
Arsenii Sergeev,CGY,8482949,30,0.012939799576997757,0.006251863669604063,0,-0.0071,0.0329
Arsenii Sergeev,CGY,8482949,31,0.012941401451826096,0.006251863669604063,0,-0.0071,0.0329
Arsenii Sergeev,CGY,8482949,32,0.012941522523760796,0.006251863669604063,0,-0.0071,0.0329
Arsenii Sergeev,CGY,8482949,33,0.012946685776114464,0.006251863669604063,0,-0.0071,0.0329
Arsenii Sergeev,CGY,8482949,34,0.012947650626301765,0.006251863669604063,0,-0.0071,0.0329
Arsenii Sergeev,CGY,8482949,35,0.0129506541416049,0.006251863669604063,0,-0.007,0.033
