goalie_id,player_name,team,hex_q,hex_r,hex_x,hex_y,shots,goals,xg_sum,irt_xg_sum,deviation,dev_per_shot
8470594,Marc-Andre Fleury,,1,-2,22.5,-38.97,1,0,0.025521595,0.018578859214470323,0.0186,0.0186
8470594,Marc-Andre Fleury,,1,-1,22.5,-12.99,1,0,0.054352768,0.04109268568827747,0.0411,0.0411
8470594,Marc-Andre Fleury,,1,1,22.5,38.97,1,0,0.023236696,0.016748691810256792,0.0167,0.0167
8470594,Marc-Andre Fleury,,2,-2,45.0,-25.98,2,0,0.040843092,0.02941383301386339,0.0294,0.0147
8470594,Marc-Andre Fleury,,2,-1,45.0,0.0,4,0,0.25756255299999997,0.19874333930348556,0.1987,0.0497
8470594,Marc-Andre Fleury,,2,0,45.0,25.98,2,0,0.050148351,0.03638800316633045,0.0364,0.0182
8470594,Marc-Andre Fleury,,3,-2,67.5,-12.99,1,0,0.11411545,0.09093709389868637,0.0909,0.0909
8470594,Marc-Andre Fleury,,4,-2,90.0,0.0,2,0,0.33713353,0.2781034127973241,0.2781,0.139
8471734,Jonathan Quick,NYR,0,0,0.0,0.0,1,0,0.013482449,0.009874345996783461,0.0099,0.0099
8471734,Jonathan Quick,NYR,0,1,0.0,25.98,1,0,0.0074696955,0.005233848208867791,0.0052,0.0052
8471734,Jonathan Quick,NYR,1,-2,22.5,-38.97,6,0,0.16641811,0.1252963463809984,0.1253,0.0209
8471734,Jonathan Quick,NYR,1,-1,22.5,-12.99,9,0,0.35603419999999997,0.2718106708762202,0.2718,0.0302
8471734,Jonathan Quick,NYR,1,0,22.5,12.99,10,1,0.2542974985,0.19007273802714977,-0.8099,-0.081
8471734,Jonathan Quick,NYR,1,1,22.5,38.97,5,0,0.106532125,0.07873469777857962,0.0787,0.0157
8471734,Jonathan Quick,NYR,2,-3,45.0,-51.96,1,0,0.02006064,0.014890262710423399,0.0149,0.0149
8471734,Jonathan Quick,NYR,2,-2,45.0,-25.98,29,1,1.231835789,0.9669341793658359,-0.0331,-0.0011
8471734,Jonathan Quick,NYR,2,-1,45.0,0.0,28,3,2.0263512183,1.6282788096112117,-1.3717,-0.049
8471734,Jonathan Quick,NYR,2,0,45.0,25.98,22,0,0.657224308,0.4987132799479746,0.4987,0.0227
8471734,Jonathan Quick,NYR,2,1,45.0,51.96,3,0,0.052107159,0.03842741580272718,0.0384,0.0128
8471734,Jonathan Quick,NYR,3,-3,67.5,-38.97,14,0,0.388605508,0.29176516948298997,0.2918,0.0208
8471734,Jonathan Quick,NYR,3,-2,67.5,-12.99,61,4,6.831289612,5.6379541671956535,1.638,0.0269
8471734,Jonathan Quick,NYR,3,-1,67.5,12.99,43,2,4.223872712,3.473645955326175,1.4736,0.0343
8471734,Jonathan Quick,NYR,3,0,67.5,38.97,18,3,0.623256069,0.47993640617778816,-2.5201,-0.14
8471734,Jonathan Quick,NYR,4,-3,90.0,-25.98,11,0,0.68823941,0.5430125544173183,0.543,0.0494
8471734,Jonathan Quick,NYR,4,-2,90.0,0.0,56,10,7.270459279,6.066559564175919,-3.9334,-0.0702
8471734,Jonathan Quick,NYR,4,-1,90.0,25.98,12,0,0.8981633710000001,0.7201247651133131,0.7201,0.06
8473503,James Reimer,OTT,0,0,0.0,0.0,1,0,0.007401634,0.005055161229659595,0.0051,0.0051
8473503,James Reimer,OTT,0,1,0.0,25.98,2,0,0.505781488,0.4556781750023509,0.4557,0.2278
8473503,James Reimer,OTT,1,-2,22.5,-38.97,10,0,0.266096284,0.19339752566651547,0.1934,0.0193
8473503,James Reimer,OTT,1,-1,22.5,-12.99,8,0,0.304724697,0.22403346864085152,0.224,0.028
8473503,James Reimer,OTT,1,0,22.5,12.99,9,0,0.282335629,0.2053776150462305,0.2054,0.0228
8473503,James Reimer,OTT,1,1,22.5,38.97,4,0,0.08774071,0.06291885579377123,0.0629,0.0157
8473503,James Reimer,OTT,2,-3,45.0,-51.96,6,0,0.133800337,0.09606955333311297,0.0961,0.016
8473503,James Reimer,OTT,2,-2,45.0,-25.98,16,1,0.639347485,0.4769009286593364,-0.5231,-0.0327
8473503,James Reimer,OTT,2,-1,45.0,0.0,18,0,1.271016038,0.9840694998624491,0.9841,0.0547
8473503,James Reimer,OTT,2,0,45.0,25.98,19,0,0.562597134,0.41013116012414336,0.4101,0.0216
8473503,James Reimer,OTT,2,1,45.0,51.96,3,0,0.056951869,0.04059999431026377,0.0406,0.0135
8473503,James Reimer,OTT,3,-3,67.5,-38.97,12,0,0.31881001,0.23155745445292555,0.2316,0.0193
8473503,James Reimer,OTT,3,-2,67.5,-12.99,31,4,2.983677831,2.3854615181225762,-1.6145,-0.0521
8473503,James Reimer,OTT,3,-1,67.5,12.99,28,3,3.1806476519999998,2.5530836443825566,-0.4469,-0.016
8473503,James Reimer,OTT,3,0,67.5,38.97,10,0,0.26099983,0.18915902913121116,0.1892,0.0189
8473503,James Reimer,OTT,4,-3,90.0,-25.98,6,0,0.305703303,0.23132609272426924,0.2313,0.0386
8473503,James Reimer,OTT,4,-2,90.0,0.0,36,8,4.745768634,3.8339208977259043,-4.1661,-0.1157
8473503,James Reimer,OTT,4,-1,90.0,25.98,9,0,0.582709378,0.4497560642732807,0.4498,0.05
8473503,James Reimer,OTT,4,0,90.0,51.96,1,0,0.021594116,0.015464258774443004,0.0155,0.0155
8474593,Jacob Markstrom,NJD,0,-2,0.0,-51.96,1,0,0.013737396,0.00990157580645987,0.0099,0.0099
8474593,Jacob Markstrom,NJD,0,0,0.0,0.0,3,0,0.597638815,0.5497133057218667,0.5497,0.1832
8474593,Jacob Markstrom,NJD,0,1,0.0,25.98,4,0,0.071460596,0.052653878506390916,0.0527,0.0132
8474593,Jacob Markstrom,NJD,1,-2,22.5,-38.97,21,0,0.490888979,0.3621202054286849,0.3621,0.0172
8474593,Jacob Markstrom,NJD,1,-1,22.5,-12.99,27,1,1.037372975,0.7883455067989595,-0.2117,-0.0078
8474593,Jacob Markstrom,NJD,1,0,22.5,12.99,21,1,0.757149964,0.5727204465875098,-0.4273,-0.0203
8474593,Jacob Markstrom,NJD,1,1,22.5,38.97,15,0,0.608906971,0.47665770984652767,0.4767,0.0318
8474593,Jacob Markstrom,NJD,2,-3,45.0,-51.96,1,0,0.021374702,0.015496664714188028,0.0155,0.0155
8474593,Jacob Markstrom,NJD,2,-2,45.0,-25.98,70,2,2.654249105,2.0317281021495006,0.0317,0.0005
8474593,Jacob Markstrom,NJD,2,-1,45.0,0.0,53,2,3.576240963,2.83380403219173,0.8338,0.0157
8474593,Jacob Markstrom,NJD,2,0,45.0,25.98,56,0,1.641391364,1.2271307072151931,1.2271,0.0219
8474593,Jacob Markstrom,NJD,2,1,45.0,51.96,4,0,0.093109422,0.0685924486166507,0.0686,0.0172
8474593,Jacob Markstrom,NJD,3,-3,67.5,-38.97,24,3,0.820899045,0.6214469663515345,-2.3786,-0.0991
8474593,Jacob Markstrom,NJD,3,-2,67.5,-12.99,124,16,14.3093445125,11.819526142327476,-4.1805,-0.0337
8474593,Jacob Markstrom,NJD,3,-1,67.5,12.99,87,13,9.242530444,7.556323429427635,-5.4437,-0.0626
8474593,Jacob Markstrom,NJD,3,0,67.5,38.97,18,1,0.497270231,0.3694516957611181,-0.6305,-0.035
8474593,Jacob Markstrom,NJD,4,-3,90.0,-25.98,12,0,0.794559064,0.6287748833712391,0.6288,0.0524
8474593,Jacob Markstrom,NJD,4,-2,90.0,0.0,131,17,17.751496446,14.699330732940531,-2.3007,-0.0176
8474593,Jacob Markstrom,NJD,4,-1,90.0,25.98,24,0,1.8290962389999998,1.4598894711005905,1.4599,0.0608
8474593,Jacob Markstrom,NJD,4,0,90.0,51.96,1,0,0.02400493,0.017779529105287333,0.0178,0.0178
8474596,Jake Allen,NJD,0,-1,0.0,-25.98,4,0,0.065647318,0.04604097199796019,0.046,0.0115
8474596,Jake Allen,NJD,0,0,0.0,0.0,1,0,0.00889457,0.006041484228865363,0.006,0.006
8474596,Jake Allen,NJD,0,1,0.0,25.98,6,0,0.10488388700000001,0.07431559341146354,0.0743,0.0124
8474596,Jake Allen,NJD,1,-2,22.5,-38.97,21,0,0.924118747,0.7484590730728118,0.7485,0.0356
8474596,Jake Allen,NJD,1,-1,22.5,-12.99,29,0,0.989827522,0.724131728291464,0.7241,0.025
8474596,Jake Allen,NJD,1,0,22.5,12.99,17,0,0.5191567970000001,0.3762463103243893,0.3762,0.0221
8474596,Jake Allen,NJD,1,1,22.5,38.97,10,0,0.203498276,0.1449315498895092,0.1449,0.0145
8474596,Jake Allen,NJD,2,-3,45.0,-51.96,5,0,0.109191483,0.07829648184659353,0.0783,0.0157
8474596,Jake Allen,NJD,2,-2,45.0,-25.98,61,1,2.890043404,2.197475062259176,1.1975,0.0196
8474596,Jake Allen,NJD,2,-1,45.0,0.0,54,2,3.310125005,2.514913280760147,0.5149,0.0095
8474596,Jake Allen,NJD,2,0,45.0,25.98,48,0,1.582591066,1.1715942987310555,1.1716,0.0244
8474596,Jake Allen,NJD,2,1,45.0,51.96,5,0,0.131039832,0.09508518168048816,0.0951,0.019
8474596,Jake Allen,NJD,3,-3,67.5,-38.97,25,1,0.85129466,0.6294298958042286,-0.3706,-0.0148
8474596,Jake Allen,NJD,3,-2,67.5,-12.99,135,10,16.4044773408,13.185390113673835,3.1854,0.0236
8474596,Jake Allen,NJD,3,-1,67.5,12.99,120,6,11.9979032857,9.511372278543707,3.5114,0.0293
8474596,Jake Allen,NJD,3,0,67.5,38.97,45,1,1.349085198,0.9892352546522011,-0.0108,-0.0002
8474596,Jake Allen,NJD,4,-3,90.0,-25.98,8,0,0.488654731,0.3754118392179787,0.3754,0.0469
8474596,Jake Allen,NJD,4,-2,90.0,0.0,157,21,21.280953162,17.129587097179083,-3.8704,-0.0247
8474596,Jake Allen,NJD,4,-1,90.0,25.98,28,0,2.309997759,1.791578773683728,1.7916,0.064
8474596,Jake Allen,NJD,4,0,90.0,51.96,2,0,0.042289095,0.030133521006677797,0.0301,0.015
8475311,Darcy Kuemper,LAK,0,-2,0.0,-51.96,2,0,0.046447357,0.03278383808764403,0.0328,0.0164
8475311,Darcy Kuemper,LAK,0,-1,0.0,-25.98,4,0,0.123937757,0.09161743791598961,0.0916,0.0229
8475311,Darcy Kuemper,LAK,0,0,0.0,0.0,4,0,0.082615418,0.057629560158006306,0.0576,0.0144
8475311,Darcy Kuemper,LAK,0,1,0.0,25.98,2,0,0.021197263,0.014419334428430726,0.0144,0.0072
8475311,Darcy Kuemper,LAK,1,-2,22.5,-38.97,29,0,1.07990603,0.8396162147969489,0.8396,0.029
8475311,Darcy Kuemper,LAK,1,-1,22.5,-12.99,16,0,0.5725538,0.41072163361150776,0.4107,0.0257
8475311,Darcy Kuemper,LAK,1,0,22.5,12.99,19,3,0.563471149,0.40081392035083724,-2.5992,-0.1368
8475311,Darcy Kuemper,LAK,1,1,22.5,38.97,8,0,0.162966521,0.11292109577091025,0.1129,0.0141
8475311,Darcy Kuemper,LAK,2,-3,45.0,-51.96,8,0,0.158908374,0.10988428514949776,0.1099,0.0137
8475311,Darcy Kuemper,LAK,2,-2,45.0,-25.98,50,0,1.907456725,1.389278943109194,1.3893,0.0278
8475311,Darcy Kuemper,LAK,2,-1,45.0,0.0,56,1,3.747093302,2.82758622882459,1.8276,0.0326
8475311,Darcy Kuemper,LAK,2,0,45.0,25.98,49,0,1.525148646,1.0928708814540586,1.0929,0.0223
8475311,Darcy Kuemper,LAK,2,1,45.0,51.96,8,0,0.18555027600000001,0.1290217149816269,0.129,0.0161
8475311,Darcy Kuemper,LAK,3,-3,67.5,-38.97,22,0,0.66866394,0.4767423754101288,0.4767,0.0217
8475311,Darcy Kuemper,LAK,3,-2,67.5,-12.99,108,6,11.834365383,9.28117335011505,3.2812,0.0304
8475311,Darcy Kuemper,LAK,3,-1,67.5,12.99,94,10,10.268880341000001,8.05263722716711,-1.9474,-0.0207
8475311,Darcy Kuemper,LAK,3,0,67.5,38.97,24,1,0.836911117,0.603369792006915,-0.3966,-0.0165
8475311,Darcy Kuemper,LAK,4,-3,90.0,-25.98,7,0,0.406440064,0.29899068096878983,0.299,0.0427
8475311,Darcy Kuemper,LAK,4,-2,90.0,0.0,100,16,13.975982811,11.049680261888012,-4.9503,-0.0495
8475311,Darcy Kuemper,LAK,4,-1,90.0,25.98,31,2,2.259630044,1.7169543300449317,-0.283,-0.0091
8475311,Darcy Kuemper,LAK,4,0,90.0,51.96,2,0,0.040430742000000006,0.028176682223040442,0.0282,0.0141
8475660,Cam Talbot,DET,0,-2,0.0,-51.96,4,0,0.104398566,0.07638225404899335,0.0764,0.0191
8475660,Cam Talbot,DET,0,-1,0.0,-25.98,3,0,0.048674764,0.03405016866041635,0.0341,0.0114
8475660,Cam Talbot,DET,0,0,0.0,0.0,2,0,0.055462072,0.04017635589182955,0.0402,0.0201
8475660,Cam Talbot,DET,0,1,0.0,25.98,2,0,0.032757588,0.0231305895008144,0.0231,0.0116
8475660,Cam Talbot,DET,1,-2,22.5,-38.97,6,0,0.135440801,0.09756769363411466,0.0976,0.0163
8475660,Cam Talbot,DET,1,-1,22.5,-12.99,5,0,0.176271177,0.12918374041121378,0.1292,0.0258
8475660,Cam Talbot,DET,1,0,22.5,12.99,8,0,0.220418253,0.15845553001202528,0.1585,0.0198
8475660,Cam Talbot,DET,1,1,22.5,38.97,7,0,0.143672275,0.10189964994738085,0.1019,0.0146
8475660,Cam Talbot,DET,2,-3,45.0,-51.96,4,0,0.083709497,0.05916906891130274,0.0592,0.0148
8475660,Cam Talbot,DET,2,-2,45.0,-25.98,42,1,1.70008584,1.272536459915208,0.2725,0.0065
8475660,Cam Talbot,DET,2,-1,45.0,0.0,37,2,2.47530852,1.908720569167853,-0.0913,-0.0025
8475660,Cam Talbot,DET,2,0,45.0,25.98,37,2,1.102916794,0.8054958955068005,-1.1945,-0.0323
8475660,Cam Talbot,DET,2,1,45.0,51.96,8,0,0.275338733,0.20870190148817888,0.2087,0.0261
8475660,Cam Talbot,DET,3,-3,67.5,-38.97,16,0,0.4398576275,0.3199963587411894,0.32,0.02
8475660,Cam Talbot,DET,3,-2,67.5,-12.99,71,7,8.3194815293,6.6733645034527385,-0.3266,-0.0046
8475660,Cam Talbot,DET,3,-1,67.5,12.99,61,3,6.594595314,5.281833379554557,2.2818,0.0374
8475660,Cam Talbot,DET,3,0,67.5,38.97,13,0,0.378204494,0.27590316419481337,0.2759,0.0212
8475660,Cam Talbot,DET,4,-3,90.0,-25.98,6,0,0.338410267,0.26179334752678163,0.2618,0.0436
8475660,Cam Talbot,DET,4,-2,90.0,0.0,70,12,8.854989692,7.098011259211752,-4.902,-0.07
8475660,Cam Talbot,DET,4,-1,90.0,25.98,12,1,1.035520105,0.8075684267338297,-0.1924,-0.016
8475660,Cam Talbot,DET,4,0,90.0,51.96,3,0,0.065041247,0.046363146835065684,0.0464,0.0155
8475683,Sergei Bobrovsky,FLA,0,-2,0.0,-51.96,1,0,0.012033128,0.008470787672972659,0.0085,0.0085
8475683,Sergei Bobrovsky,FLA,0,-1,0.0,-25.98,2,0,0.290320416,0.24988425590069457,0.2499,0.125
8475683,Sergei Bobrovsky,FLA,0,0,0.0,0.0,1,0,0.07698594,0.06034801729782162,0.0603,0.0603
8475683,Sergei Bobrovsky,FLA,0,1,0.0,25.98,4,0,0.061323218000000006,0.04381124736061222,0.0438,0.011
8475683,Sergei Bobrovsky,FLA,1,-2,22.5,-38.97,20,0,0.4816573215,0.35355457941602586,0.3536,0.0177
8475683,Sergei Bobrovsky,FLA,1,-1,22.5,-12.99,24,1,1.1204778340000001,0.8606717098674471,-0.1393,-0.0058
8475683,Sergei Bobrovsky,FLA,1,0,22.5,12.99,31,1,0.944110388,0.6976657018412434,-0.3023,-0.0098
8475683,Sergei Bobrovsky,FLA,1,1,22.5,38.97,12,0,0.254847838,0.18404447775908633,0.184,0.0153
8475683,Sergei Bobrovsky,FLA,2,-3,45.0,-51.96,3,0,0.063448303,0.0462817108045643,0.0463,0.0154
8475683,Sergei Bobrovsky,FLA,2,-2,45.0,-25.98,57,0,1.760171171,1.3121847248498262,1.3122,0.023
8475683,Sergei Bobrovsky,FLA,2,-1,45.0,0.0,47,1,3.0325151673,2.365218686803326,1.3652,0.029
8475683,Sergei Bobrovsky,FLA,2,0,45.0,25.98,43,1,1.299039841,0.9641784633469108,-0.0358,-0.0008
8475683,Sergei Bobrovsky,FLA,2,1,45.0,51.96,14,0,0.271615585,0.19585216914174172,0.1959,0.014
8475683,Sergei Bobrovsky,FLA,3,-3,67.5,-38.97,13,0,0.681585586,0.5389930085441184,0.539,0.0415
8475683,Sergei Bobrovsky,FLA,3,-2,67.5,-12.99,105,11,12.8551221753,10.514194761526333,-0.4858,-0.0046
8475683,Sergei Bobrovsky,FLA,3,-1,67.5,12.99,90,8,8.9280941631,7.232320675067094,-0.7677,-0.0085
8475683,Sergei Bobrovsky,FLA,3,0,67.5,38.97,26,0,0.84638684,0.6319847479330113,0.632,0.0243
8475683,Sergei Bobrovsky,FLA,4,-3,90.0,-25.98,10,1,0.460463086,0.3525120635405897,-0.6475,-0.0648
8475683,Sergei Bobrovsky,FLA,4,-2,90.0,0.0,103,15,13.569523108,11.094860658403599,-3.9051,-0.0379
8475683,Sergei Bobrovsky,FLA,4,-1,90.0,25.98,31,3,2.551091052,2.025081582625929,-0.9749,-0.0314
8475683,Sergei Bobrovsky,FLA,4,0,90.0,51.96,2,0,0.041070291,0.029557126551483407,0.0296,0.0148
8475717,Calvin Pickard,EDM,0,-2,0.0,-51.96,1,0,0.008213083,0.00577808476228917,0.0058,0.0058
8475717,Calvin Pickard,EDM,0,0,0.0,0.0,2,0,0.09133855299999999,0.06956906786234278,0.0696,0.0348
8475717,Calvin Pickard,EDM,0,1,0.0,25.98,1,0,0.015758544,0.011142594595207668,0.0111,0.0111
8475717,Calvin Pickard,EDM,1,-2,22.5,-38.97,8,0,0.181550239,0.1342422024627108,0.1342,0.0168
8475717,Calvin Pickard,EDM,1,-1,22.5,-12.99,7,0,0.339977158,0.26145418703990336,0.2615,0.0374
8475717,Calvin Pickard,EDM,1,0,22.5,12.99,10,0,0.263031262,0.19559016921195116,0.1956,0.0196
8475717,Calvin Pickard,EDM,1,1,22.5,38.97,4,1,0.09508601,0.07005201558474292,-0.9299,-0.2325
8475717,Calvin Pickard,EDM,2,-2,45.0,-25.98,20,0,0.7137608175,0.5462795106560393,0.5463,0.0273
8475717,Calvin Pickard,EDM,2,-1,45.0,0.0,21,0,1.7894397629999999,1.4481590776120594,1.4482,0.069
8475717,Calvin Pickard,EDM,2,0,45.0,25.98,26,1,0.732938296,0.5548162506842779,-0.4452,-0.0171
8475717,Calvin Pickard,EDM,2,1,45.0,51.96,3,0,0.060676167,0.04430500113540848,0.0443,0.0148
8475717,Calvin Pickard,EDM,3,-3,67.5,-38.97,9,0,0.5397782640000001,0.43100044653623315,0.431,0.0479
8475717,Calvin Pickard,EDM,3,-2,67.5,-12.99,47,8,6.1259176235,5.107553365097365,-2.8924,-0.0615
8475717,Calvin Pickard,EDM,3,-1,67.5,12.99,40,4,4.624139984,3.816795224788231,-0.1832,-0.0046
8475717,Calvin Pickard,EDM,3,0,67.5,38.97,14,0,0.504445513,0.3845058393309866,0.3845,0.0275
8475717,Calvin Pickard,EDM,4,-3,90.0,-25.98,9,0,0.593216851,0.46801853152621664,0.468,0.052
8475717,Calvin Pickard,EDM,4,-2,90.0,0.0,56,10,8.147614806,6.784981731098098,-3.215,-0.0574
8475717,Calvin Pickard,EDM,4,-1,90.0,25.98,9,0,0.625669879,0.498253493153485,0.4983,0.0554
8475809,Scott Wedgewood,COL,0,-1,0.0,-25.98,2,0,0.031266703,0.021992441144593453,0.022,0.011
8475809,Scott Wedgewood,COL,0,0,0.0,0.0,1,0,0.018862644,0.01337410704151461,0.0134,0.0134
8475809,Scott Wedgewood,COL,0,1,0.0,25.98,5,0,0.06878511,0.04779990257054738,0.0478,0.0096
8475809,Scott Wedgewood,COL,0,2,0.0,51.96,1,0,0.010701242,0.007443788546205257,0.0074,0.0074
8475809,Scott Wedgewood,COL,1,-2,22.5,-38.97,17,0,0.347323975,0.24457629204766418,0.2446,0.0144
8475809,Scott Wedgewood,COL,1,-1,22.5,-12.99,20,3,0.666110666,0.4852795361322055,-2.5147,-0.1257
8475809,Scott Wedgewood,COL,1,0,22.5,12.99,17,0,0.55703554,0.4072865851307897,0.4073,0.024
8475809,Scott Wedgewood,COL,1,1,22.5,38.97,17,0,0.3268757971,0.23116183598885304,0.2312,0.0136
8475809,Scott Wedgewood,COL,2,-3,45.0,-51.96,7,0,0.141690948,0.0998195612251466,0.0998,0.0143
8475809,Scott Wedgewood,COL,2,-2,45.0,-25.98,55,2,2.455734123,1.8483003413875634,-0.1517,-0.0028
8475809,Scott Wedgewood,COL,2,-1,45.0,0.0,49,3,3.054447411,2.3112288364737914,-0.6888,-0.0141
8475809,Scott Wedgewood,COL,2,0,45.0,25.98,47,2,1.3679452785,0.9862089999081494,-1.0138,-0.0216
8475809,Scott Wedgewood,COL,2,1,45.0,51.96,10,0,0.201996317,0.14218672035623914,0.1422,0.0142
8475809,Scott Wedgewood,COL,3,-3,67.5,-38.97,34,0,1.022618525,0.7426961478470397,0.7427,0.0218
8475809,Scott Wedgewood,COL,3,-2,67.5,-12.99,111,5,11.4147845287,9.08972856051871,4.0897,0.0368
8475809,Scott Wedgewood,COL,3,-1,67.5,12.99,79,7,7.426281947,5.842018858531651,-1.158,-0.0147
8475809,Scott Wedgewood,COL,3,0,67.5,38.97,32,0,1.009349291,0.7395941680979959,0.7396,0.0231
8475809,Scott Wedgewood,COL,4,-3,90.0,-25.98,14,0,0.743881061,0.5619067223035265,0.5619,0.0401
8475809,Scott Wedgewood,COL,4,-2,90.0,0.0,132,16,17.91642918,14.359319311769214,-1.6407,-0.0124
8475809,Scott Wedgewood,COL,4,-1,90.0,25.98,24,0,1.549339176,1.1900973932185097,1.1901,0.0496
8475809,Scott Wedgewood,COL,4,0,90.0,51.96,1,0,0.023065662,0.016533310364339245,0.0165,0.0165
8475831,Philipp Grubauer,SEA,0,-1,0.0,-25.98,5,0,0.1104313126,0.08294549682354418,0.0829,0.0166
8475831,Philipp Grubauer,SEA,0,0,0.0,0.0,2,0,0.252479645,0.21706589287747838,0.2171,0.1086
8475831,Philipp Grubauer,SEA,0,1,0.0,25.98,1,0,0.035503104,0.027143685246282773,0.0271,0.0271
8475831,Philipp Grubauer,SEA,1,-2,22.5,-38.97,23,0,0.491000401,0.3634940925917281,0.3635,0.0158
8475831,Philipp Grubauer,SEA,1,-1,22.5,-12.99,12,0,0.707644718,0.5753453903691451,0.5753,0.0479
8475831,Philipp Grubauer,SEA,1,0,22.5,12.99,11,0,0.320466092,0.24055926937386857,0.2406,0.0219
8475831,Philipp Grubauer,SEA,1,1,22.5,38.97,17,0,0.421265556,0.31376127962788847,0.3138,0.0185
8475831,Philipp Grubauer,SEA,2,-3,45.0,-51.96,1,0,0.017286748,0.012614061672173616,0.0126,0.0126
8475831,Philipp Grubauer,SEA,2,-2,45.0,-25.98,57,1,2.979186448,2.359557052334874,1.3596,0.0239
8475831,Philipp Grubauer,SEA,2,-1,45.0,0.0,35,1,1.993912828,1.564548338501165,0.5645,0.0161
8475831,Philipp Grubauer,SEA,2,0,45.0,25.98,50,1,1.6433472715,1.2555530227603067,0.2556,0.0051
8475831,Philipp Grubauer,SEA,2,1,45.0,51.96,7,0,0.140201115,0.10414644031568404,0.1041,0.0149
8475831,Philipp Grubauer,SEA,3,-3,67.5,-38.97,21,0,0.905230635,0.7005319643417736,0.7005,0.0334
8475831,Philipp Grubauer,SEA,3,-2,67.5,-12.99,97,9,9.716232238,8.021848063762413,-0.9782,-0.0101
8475831,Philipp Grubauer,SEA,3,-1,67.5,12.99,69,7,6.7731286014,5.561871919819122,-1.4381,-0.0208
8475831,Philipp Grubauer,SEA,3,0,67.5,38.97,30,0,0.988977371,0.7563555533832211,0.7564,0.0252
8475831,Philipp Grubauer,SEA,4,-3,90.0,-25.98,19,1,1.112454336,0.8845260506861665,-0.1155,-0.0061
8475831,Philipp Grubauer,SEA,4,-2,90.0,0.0,126,7,16.629867601,13.758730140451654,6.7587,0.0536
8475831,Philipp Grubauer,SEA,4,-1,90.0,25.98,25,1,1.7800871360000001,1.4250752048160686,0.4251,0.017
8475852,Petr Mrazek,ANA,0,-2,0.0,-51.96,1,0,0.008766985,0.006253012296627414,0.0063,0.0063
8475852,Petr Mrazek,ANA,1,-2,22.5,-38.97,7,0,0.41797995,0.3473209990265314,0.3473,0.0496
8475852,Petr Mrazek,ANA,1,-1,22.5,-12.99,3,0,0.107911561,0.0830428718376697,0.083,0.0277
8475852,Petr Mrazek,ANA,1,0,22.5,12.99,5,0,0.158470204,0.12127197839270913,0.1213,0.0243
8475852,Petr Mrazek,ANA,2,-3,45.0,-51.96,1,0,0.026689809,0.020009447132118115,0.02,0.02
8475852,Petr Mrazek,ANA,2,-2,45.0,-25.98,9,0,0.411693717,0.32171686749207706,0.3217,0.0357
8475852,Petr Mrazek,ANA,2,-1,45.0,0.0,8,0,0.5731801089999999,0.459938006165974,0.4599,0.0575
8475852,Petr Mrazek,ANA,2,0,45.0,25.98,12,0,0.503287533,0.39356867272473145,0.3936,0.0328
8475852,Petr Mrazek,ANA,2,1,45.0,51.96,1,0,0.05430262,0.04209006566932027,0.0421,0.0421
8475852,Petr Mrazek,ANA,3,-3,67.5,-38.97,8,1,0.295525923,0.22778410731702184,-0.7722,-0.0965
8475852,Petr Mrazek,ANA,3,-2,67.5,-12.99,32,1,3.888717586,3.2514310453590594,2.2514,0.0704
8475852,Petr Mrazek,ANA,3,-1,67.5,12.99,24,5,2.7878719,2.3343758643603936,-2.6656,-0.1111
8475852,Petr Mrazek,ANA,3,0,67.5,38.97,5,0,0.18969435699999998,0.1480095862816564,0.148,0.0296
8475852,Petr Mrazek,ANA,4,-3,90.0,-25.98,4,0,0.272764188,0.2213803138185631,0.2214,0.0554
8475852,Petr Mrazek,ANA,4,-2,90.0,0.0,39,8,4.984980835,4.165271258650345,-3.8347,-0.0983
8475852,Petr Mrazek,ANA,4,-1,90.0,25.98,4,0,0.257623474,0.20698311669693492,0.207,0.0518
8475852,Petr Mrazek,ANA,4,0,90.0,51.96,1,0,0.044970796,0.03451153747181207,0.0345,0.0345
8475883,Frederik Andersen,CAR,0,-2,0.0,-51.96,1,0,0.008108083,0.005479585478644542,0.0055,0.0055
8475883,Frederik Andersen,CAR,0,-1,0.0,-25.98,2,0,0.016999517999999998,0.011456525995088802,0.0115,0.0058
8475883,Frederik Andersen,CAR,0,0,0.0,0.0,2,0,0.112978361,0.08588071584140665,0.0859,0.043
8475883,Frederik Andersen,CAR,0,1,0.0,25.98,3,0,0.085060579,0.062262687504498065,0.0623,0.0208
8475883,Frederik Andersen,CAR,1,-2,22.5,-38.97,23,0,0.445519329,0.3145747792335162,0.3146,0.0137
8475883,Frederik Andersen,CAR,1,-1,22.5,-12.99,8,0,0.264821463,0.1922928834582941,0.1923,0.024
8475883,Frederik Andersen,CAR,1,0,22.5,12.99,10,0,0.299092716,0.21626216184567187,0.2163,0.0216
8475883,Frederik Andersen,CAR,1,1,22.5,38.97,8,0,0.1838954625,0.1317202275581903,0.1317,0.0165
8475883,Frederik Andersen,CAR,2,-3,45.0,-51.96,7,0,0.145286215,0.10243643756450091,0.1024,0.0146
8475883,Frederik Andersen,CAR,2,-2,45.0,-25.98,38,0,1.6253962935,1.2154176138834325,1.2154,0.032
8475883,Frederik Andersen,CAR,2,-1,45.0,0.0,42,1,3.319516475,2.5699570712984583,1.57,0.0374
8475883,Frederik Andersen,CAR,2,0,45.0,25.98,45,0,1.1794143267,0.8496037643727469,0.8496,0.0189
8475883,Frederik Andersen,CAR,2,1,45.0,51.96,7,0,0.147983147,0.10541280676875411,0.1054,0.0151
8475883,Frederik Andersen,CAR,3,-3,67.5,-38.97,20,0,0.752072955,0.5530220544410721,0.553,0.0276
8475883,Frederik Andersen,CAR,3,-2,67.5,-12.99,97,9,11.555053971,9.286593896478237,0.2866,0.003
8475883,Frederik Andersen,CAR,3,-1,67.5,12.99,93,8,11.2042356495,8.953066636405195,0.9531,0.0102
8475883,Frederik Andersen,CAR,3,0,67.5,38.97,36,0,1.079676972,0.7855852280086686,0.7856,0.0218
8475883,Frederik Andersen,CAR,4,-3,90.0,-25.98,10,2,0.473691837,0.35591269901828376,-1.6441,-0.1644
8475883,Frederik Andersen,CAR,4,-2,90.0,0.0,119,15,18.241177612,14.739122042549415,-0.2609,-0.0022
8475883,Frederik Andersen,CAR,4,-1,90.0,25.98,33,1,2.951022836,2.30345394712653,1.3035,0.0395
8475883,Frederik Andersen,CAR,4,0,90.0,51.96,1,0,0.025004424,0.017491551037694803,0.0175,0.0175
8476316,Laurent Brossoit,SJS,0,-1,0.0,-25.98,1,0,0.019561239,0.013978334778031853,0.014,0.014
8476316,Laurent Brossoit,SJS,1,-2,22.5,-38.97,2,0,0.036722298,0.026309242284449967,0.0263,0.0132
8476316,Laurent Brossoit,SJS,1,1,22.5,38.97,2,0,0.041264366,0.029617009470482215,0.0296,0.0148
8476316,Laurent Brossoit,SJS,2,-2,45.0,-25.98,2,0,0.103057598,0.07908733112726307,0.0791,0.0396
8476316,Laurent Brossoit,SJS,2,-1,45.0,0.0,2,0,0.200584155,0.15893306399214568,0.1589,0.0795
8476316,Laurent Brossoit,SJS,2,1,45.0,51.96,1,0,0.025859965,0.018836994367420888,0.0188,0.0188
8476316,Laurent Brossoit,SJS,3,-3,67.5,-38.97,1,0,0.021301204,0.015287490034461277,0.0153,0.0153
8476316,Laurent Brossoit,SJS,3,-2,67.5,-12.99,6,1,0.43044342599999996,0.3398393444382825,-0.6602,-0.11
8476316,Laurent Brossoit,SJS,3,-1,67.5,12.99,3,0,0.42997113,0.3511229744237115,0.3511,0.117
8476316,Laurent Brossoit,SJS,3,0,67.5,38.97,2,0,0.114776133,0.08756447634602113,0.0876,0.0438
8476316,Laurent Brossoit,SJS,4,-3,90.0,-25.98,1,0,0.033821378,0.024746786422836498,0.0247,0.0247
8476316,Laurent Brossoit,SJS,4,-2,90.0,0.0,4,1,0.536904824,0.4343751427677994,-0.5656,-0.1414
8476341,Anton Forsberg,LAK,0,-2,0.0,-51.96,2,0,0.113093745,0.08404379230442657,0.084,0.042
8476341,Anton Forsberg,LAK,0,-1,0.0,-25.98,2,0,0.044825968,0.03175788638151327,0.0318,0.0159
8476341,Anton Forsberg,LAK,0,0,0.0,0.0,2,0,0.037089053,0.02578976180355023,0.0258,0.0129
8476341,Anton Forsberg,LAK,0,1,0.0,25.98,3,0,0.036985936,0.02504997533455912,0.025,0.0083
8476341,Anton Forsberg,LAK,1,-2,22.5,-38.97,22,0,0.669356823,0.49415324935457794,0.4942,0.0225
8476341,Anton Forsberg,LAK,1,-1,22.5,-12.99,17,0,0.5828633679999999,0.4176478552042709,0.4176,0.0246
8476341,Anton Forsberg,LAK,1,0,22.5,12.99,14,0,0.33748763400000004,0.2375287719610941,0.2375,0.017
8476341,Anton Forsberg,LAK,1,1,22.5,38.97,10,0,0.16777623,0.115589558079053,0.1156,0.0116
8476341,Anton Forsberg,LAK,2,-3,45.0,-51.96,4,0,0.087942269,0.0615953751273442,0.0616,0.0154
8476341,Anton Forsberg,LAK,2,-2,45.0,-25.98,48,2,1.719078235,1.2519301578115114,-0.7481,-0.0156
8476341,Anton Forsberg,LAK,2,-1,45.0,0.0,46,2,2.929981257,2.201053524897975,0.2011,0.0044
8476341,Anton Forsberg,LAK,2,0,45.0,25.98,46,1,1.497964668,1.077679135756628,0.0777,0.0017
8476341,Anton Forsberg,LAK,2,1,45.0,51.96,7,0,0.139062034,0.09670222918826607,0.0967,0.0138
8476341,Anton Forsberg,LAK,3,-3,67.5,-38.97,28,0,0.921640602,0.6686218260461956,0.6686,0.0239
8476341,Anton Forsberg,LAK,3,-2,67.5,-12.99,89,4,9.6271908682,7.5772515482863225,3.5773,0.0402
8476341,Anton Forsberg,LAK,3,-1,67.5,12.99,62,3,5.7803703593,4.502046495909311,1.502,0.0242
8476341,Anton Forsberg,LAK,3,0,67.5,38.97,22,0,0.642054355,0.459722339826979,0.4597,0.0209
8476341,Anton Forsberg,LAK,4,-3,90.0,-25.98,12,0,0.728570324,0.544741567506574,0.5447,0.0454
8476341,Anton Forsberg,LAK,4,-2,90.0,0.0,99,13,12.653040196,9.946887203160202,-3.0531,-0.0308
8476341,Anton Forsberg,LAK,4,-1,90.0,25.98,20,1,1.25643928,0.9449617727541699,-0.055,-0.0028
8476412,Jordan Binnington,STL,0,-2,0.0,-51.96,1,0,0.008267707,0.005820880794900656,0.0058,0.0058
8476412,Jordan Binnington,STL,0,-1,0.0,-25.98,9,0,1.080527062,0.9691417701035498,0.9691,0.1077
8476412,Jordan Binnington,STL,0,0,0.0,0.0,5,0,0.070934071,0.05190288594946035,0.0519,0.0104
8476412,Jordan Binnington,STL,0,1,0.0,25.98,5,0,0.09989179940000001,0.07395391721070992,0.074,0.0148
8476412,Jordan Binnington,STL,1,-2,22.5,-38.97,18,0,0.383787056,0.2839346706089663,0.2839,0.0158
8476412,Jordan Binnington,STL,1,-1,22.5,-12.99,18,1,0.89618182,0.7233057185203968,-0.2767,-0.0154
8476412,Jordan Binnington,STL,1,0,22.5,12.99,16,0,0.56959647,0.4373546944431705,0.4374,0.0273
8476412,Jordan Binnington,STL,1,1,22.5,38.97,11,0,0.274625324,0.20593171895552034,0.2059,0.0187
8476412,Jordan Binnington,STL,2,-3,45.0,-51.96,9,0,0.39090971,0.31451863296973903,0.3145,0.0349
8476412,Jordan Binnington,STL,2,-2,45.0,-25.98,51,0,1.6175759109999999,1.23027955141246,1.2303,0.0241
8476412,Jordan Binnington,STL,2,-1,45.0,0.0,61,2,3.60991731,2.8536179338970538,0.8536,0.014
8476412,Jordan Binnington,STL,2,0,45.0,25.98,58,2,1.623751243,1.2266838601903316,-0.7733,-0.0133
8476412,Jordan Binnington,STL,2,1,45.0,51.96,2,0,0.041137219,0.03019425429038585,0.0302,0.0151
8476412,Jordan Binnington,STL,3,-3,67.5,-38.97,20,3,0.9324184090000001,0.7345349066009109,-2.2655,-0.1133
8476412,Jordan Binnington,STL,3,-2,67.5,-12.99,120,14,12.0617712503,9.948759351539504,-4.0512,-0.0338
8476412,Jordan Binnington,STL,3,-1,67.5,12.99,96,9,9.0603806465,7.427277066671913,-1.5727,-0.0164
8476412,Jordan Binnington,STL,3,0,67.5,38.97,50,1,1.833842732,1.4131889157679118,0.4132,0.0083
8476412,Jordan Binnington,STL,4,-3,90.0,-25.98,13,2,0.793743403,0.6307891872427335,-1.3692,-0.1053
8476412,Jordan Binnington,STL,4,-2,90.0,0.0,128,14,17.095445588,14.229484805428934,0.2295,0.0018
8476412,Jordan Binnington,STL,4,-1,90.0,25.98,27,0,1.993233294,1.6030432745859056,1.603,0.0594
8476412,Jordan Binnington,STL,4,0,90.0,51.96,2,0,0.04230698,0.03145666348364301,0.0315,0.0158
8476434,John Gibson,DET,0,-2,0.0,-51.96,1,0,0.0123831015,0.008326687451979302,0.0083,0.0083
8476434,John Gibson,DET,0,-1,0.0,-25.98,1,0,0.012372627,0.008429636595108803,0.0084,0.0084
8476434,John Gibson,DET,0,0,0.0,0.0,1,0,0.5093132,0.4604700323764448,0.4605,0.4605
8476434,John Gibson,DET,0,1,0.0,25.98,7,0,0.1142473543,0.0788421043017929,0.0788,0.0113
8476434,John Gibson,DET,1,-2,22.5,-38.97,17,0,0.55271302,0.40375882905624216,0.4038,0.0238
8476434,John Gibson,DET,1,-1,22.5,-12.99,23,0,0.898357585,0.6515106801218128,0.6515,0.0283
8476434,John Gibson,DET,1,0,22.5,12.99,13,0,0.405861021,0.2889942979536961,0.289,0.0222
8476434,John Gibson,DET,1,1,22.5,38.97,11,0,0.183583249,0.12671632786886136,0.1267,0.0115
8476434,John Gibson,DET,2,-3,45.0,-51.96,7,0,0.137949988,0.0953593438666705,0.0954,0.0136
8476434,John Gibson,DET,2,-2,45.0,-25.98,53,3,1.683688048,1.210208627838328,-1.7898,-0.0338
8476434,John Gibson,DET,2,-1,45.0,0.0,69,7,4.903888907,3.713521689984683,-3.2865,-0.0476
8476434,John Gibson,DET,2,0,45.0,25.98,44,0,1.338411756,0.9594233924578638,0.9594,0.0218
8476434,John Gibson,DET,2,1,45.0,51.96,4,0,0.102474633,0.0732819748777884,0.0733,0.0183
8476434,John Gibson,DET,3,-3,67.5,-38.97,30,1,1.088370924,0.792733786950999,-0.2073,-0.0069
8476434,John Gibson,DET,3,-2,67.5,-12.99,126,12,13.892538976300001,10.886670918984017,-1.1133,-0.0088
8476434,John Gibson,DET,3,-1,67.5,12.99,110,14,12.1518495054,9.52564390626937,-4.4744,-0.0407
8476434,John Gibson,DET,3,0,67.5,38.97,29,0,0.894778389,0.6381346091001296,0.6381,0.022
8476434,John Gibson,DET,4,-3,90.0,-25.98,9,0,0.57979334,0.43142334544994615,0.4314,0.0479
8476434,John Gibson,DET,4,-2,90.0,0.0,140,14,18.149449918,14.267883646810748,0.2679,0.0019
8476434,John Gibson,DET,4,-1,90.0,25.98,38,1,3.262768794,2.516194086910537,1.5162,0.0399
8476434,John Gibson,DET,4,0,90.0,51.96,1,0,0.020527193,0.014165379664209131,0.0142,0.0142
8476883,Andrei Vasilevskiy,TBL,0,-2,0.0,-51.96,1,0,0.010705331,0.007038689047952425,0.007,0.007
8476883,Andrei Vasilevskiy,TBL,0,-1,0.0,-25.98,2,0,0.051418280999999996,0.036349753632399284,0.0363,0.0182
8476883,Andrei Vasilevskiy,TBL,0,0,0.0,0.0,3,0,0.082906403,0.05903003455978817,0.059,0.0197
8476883,Andrei Vasilevskiy,TBL,0,1,0.0,25.98,4,0,0.0935018857,0.06614173682443249,0.0661,0.0165
8476883,Andrei Vasilevskiy,TBL,1,-2,22.5,-38.97,22,0,0.569412646,0.3983717149704068,0.3984,0.0181
8476883,Andrei Vasilevskiy,TBL,1,-1,22.5,-12.99,33,0,1.59871226,1.2028573743627526,1.2029,0.0365
8476883,Andrei Vasilevskiy,TBL,1,0,22.5,12.99,24,0,1.585033774,1.2404650620698512,1.2405,0.0517
8476883,Andrei Vasilevskiy,TBL,1,1,22.5,38.97,28,0,1.088079382,0.8346463195433715,0.8346,0.0298
8476883,Andrei Vasilevskiy,TBL,2,-3,45.0,-51.96,13,0,0.442643668,0.3258849705299197,0.3259,0.0251
8476883,Andrei Vasilevskiy,TBL,2,-2,45.0,-25.98,78,2,2.889948081,2.0771271807403218,0.0771,0.001
8476883,Andrei Vasilevskiy,TBL,2,-1,45.0,0.0,79,4,5.695100235,4.274096627100692,0.2741,0.0035
8476883,Andrei Vasilevskiy,TBL,2,0,45.0,25.98,102,0,3.0982440405,2.1920990227703743,2.1921,0.0215
8476883,Andrei Vasilevskiy,TBL,2,1,45.0,51.96,16,0,0.34182455,0.2363083571562824,0.2363,0.0148
8476883,Andrei Vasilevskiy,TBL,3,-3,67.5,-38.97,41,1,1.525658676,1.0976094937966485,0.0976,0.0024
8476883,Andrei Vasilevskiy,TBL,3,-2,67.5,-12.99,163,14,18.9370778741,14.803082430127423,0.8031,0.0049
8476883,Andrei Vasilevskiy,TBL,3,-1,67.5,12.99,147,15,14.8037815045,11.457579067426794,-3.5424,-0.0241
8476883,Andrei Vasilevskiy,TBL,3,0,67.5,38.97,47,2,1.697331014,1.2269962629932685,-0.773,-0.0164
8476883,Andrei Vasilevskiy,TBL,4,-3,90.0,-25.98,17,0,0.873110588,0.6372117770187741,0.6372,0.0375
8476883,Andrei Vasilevskiy,TBL,4,-2,90.0,0.0,176,24,23.110916594,18.10927696300991,-5.8907,-0.0335
8476883,Andrei Vasilevskiy,TBL,4,-1,90.0,25.98,41,1,3.0202737600000003,2.264463624530978,1.2645,0.0308
8476883,Andrei Vasilevskiy,TBL,4,0,90.0,51.96,3,0,0.097511737,0.06881241030235308,0.0688,0.0229
8476899,Matt Murray,SEA,1,-2,22.5,-38.97,1,0,0.028961487,0.021118285969568475,0.0211,0.0211
8476899,Matt Murray,SEA,1,-1,22.5,-12.99,4,0,0.139303634,0.10268054824626469,0.1027,0.0257
8476899,Matt Murray,SEA,1,0,22.5,12.99,1,0,0.030205281,0.022457034826699886,0.0225,0.0225
8476899,Matt Murray,SEA,1,1,22.5,38.97,2,0,0.045420209,0.03283363388610331,0.0328,0.0164
8476899,Matt Murray,SEA,2,-3,45.0,-51.96,1,0,0.034236856,0.025701557422765066,0.0257,0.0257
8476899,Matt Murray,SEA,2,-2,45.0,-25.98,11,0,0.393374959,0.2947045480480614,0.2947,0.0268
8476899,Matt Murray,SEA,2,-1,45.0,0.0,8,0,0.394242044,0.298537099584838,0.2985,0.0373
8476899,Matt Murray,SEA,2,0,45.0,25.98,11,0,0.483820768,0.37823852804711705,0.3782,0.0344
8476899,Matt Murray,SEA,3,-3,67.5,-38.97,3,0,0.078638353,0.057430133216990906,0.0574,0.0191
8476899,Matt Murray,SEA,3,-2,67.5,-12.99,13,0,1.640377186,1.3385121759735747,1.3385,0.103
8476899,Matt Murray,SEA,3,-1,67.5,12.99,12,2,1.174878367,0.9429588554779936,-1.057,-0.0881
8476899,Matt Murray,SEA,3,0,67.5,38.97,3,0,0.0464685873,0.03300501359709829,0.033,0.011
8476899,Matt Murray,SEA,4,-3,90.0,-25.98,1,0,0.04441047,0.03335104739486951,0.0334,0.0334
8476899,Matt Murray,SEA,4,-2,90.0,0.0,23,1,2.800559375,2.2575031431466663,1.2575,0.0547
8476899,Matt Murray,SEA,4,-1,90.0,25.98,1,0,0.11269046,0.08875267519035543,0.0888,0.0888
8476899,Matt Murray,SEA,4,0,90.0,51.96,1,0,0.022801233,0.01651299093130441,0.0165,0.0165
8476914,Joonas Korpisalo,BOS,0,-1,0.0,-25.98,3,0,0.134359735,0.10225548201748097,0.1023,0.0341
8476914,Joonas Korpisalo,BOS,0,0,0.0,0.0,2,0,0.021311382,0.014675500337332727,0.0147,0.0074
8476914,Joonas Korpisalo,BOS,0,1,0.0,25.98,1,0,0.022740768,0.016278642405989505,0.0163,0.0163
8476914,Joonas Korpisalo,BOS,1,-2,22.5,-38.97,13,0,0.317122175,0.22926137041484293,0.2293,0.0176
8476914,Joonas Korpisalo,BOS,1,-1,22.5,-12.99,22,1,0.972840818,0.7502505933692687,-0.2497,-0.0114
8476914,Joonas Korpisalo,BOS,1,0,22.5,12.99,18,0,0.525663865,0.38964868184057966,0.3896,0.0216
8476914,Joonas Korpisalo,BOS,1,1,22.5,38.97,13,0,0.254978955,0.18310124794920285,0.1831,0.0141
8476914,Joonas Korpisalo,BOS,2,-3,45.0,-51.96,5,0,0.120882711,0.08894638436062877,0.0889,0.0178
8476914,Joonas Korpisalo,BOS,2,-2,45.0,-25.98,45,1,1.3331481054,0.9868166778359256,-0.0132,-0.0003
8476914,Joonas Korpisalo,BOS,2,-1,45.0,0.0,52,2,3.444899734,2.6776714485357873,0.6777,0.013
8476914,Joonas Korpisalo,BOS,2,0,45.0,25.98,52,0,1.6135105650000001,1.1951626099426664,1.1952,0.023
8476914,Joonas Korpisalo,BOS,2,1,45.0,51.96,10,0,0.220966239,0.15917819643263004,0.1592,0.0159
8476914,Joonas Korpisalo,BOS,3,-3,67.5,-38.97,26,0,0.798564758,0.5943734752662112,0.5944,0.0229
8476914,Joonas Korpisalo,BOS,3,-2,67.5,-12.99,100,8,11.460325492,9.292788163238885,1.2928,0.0129
8476914,Joonas Korpisalo,BOS,3,-1,67.5,12.99,65,8,7.5426905775,6.100209316387816,-1.8998,-0.0292
8476914,Joonas Korpisalo,BOS,3,0,67.5,38.97,30,1,0.924517264,0.683977609798391,-0.316,-0.0105
8476914,Joonas Korpisalo,BOS,4,-3,90.0,-25.98,9,1,0.424154215,0.3198830886783743,-0.6801,-0.0756
8476914,Joonas Korpisalo,BOS,4,-2,90.0,0.0,98,13,13.736778959,11.233808191661032,-1.7662,-0.018
8476914,Joonas Korpisalo,BOS,4,-1,90.0,25.98,25,1,1.77030925,1.3853551597541969,0.3854,0.0154
8476932,Anthony Stolarz,TOR,0,-1,0.0,-25.98,2,0,0.049904363,0.03515159815560561,0.0352,0.0176
8476932,Anthony Stolarz,TOR,0,1,0.0,25.98,1,0,0.02172715,0.015204277796232612,0.0152,0.0152
8476932,Anthony Stolarz,TOR,1,-2,22.5,-38.97,12,0,0.24510825,0.170621618562258,0.1706,0.0142
8476932,Anthony Stolarz,TOR,1,-1,22.5,-12.99,9,1,0.325711727,0.23487013304126325,-0.7651,-0.085
8476932,Anthony Stolarz,TOR,1,0,22.5,12.99,11,0,0.327986113,0.2332794459935338,0.2333,0.0212
8476932,Anthony Stolarz,TOR,1,1,22.5,38.97,4,0,0.062410516,0.043296871116438554,0.0433,0.0108
8476932,Anthony Stolarz,TOR,2,-3,45.0,-51.96,3,0,0.059827801,0.04122617422387217,0.0412,0.0137
8476932,Anthony Stolarz,TOR,2,-2,45.0,-25.98,36,1,1.230305035,0.894277326418428,-0.1057,-0.0029
8476932,Anthony Stolarz,TOR,2,-1,45.0,0.0,22,1,1.219453193,0.9130631929409789,-0.0869,-0.004
8476932,Anthony Stolarz,TOR,2,0,45.0,25.98,25,0,0.748266873,0.5352924068618375,0.5353,0.0214
8476932,Anthony Stolarz,TOR,2,1,45.0,51.96,2,0,0.056588307000000004,0.04007169453309892,0.0401,0.02
8476932,Anthony Stolarz,TOR,3,-3,67.5,-38.97,17,1,0.695119202,0.5165722697658806,-0.4834,-0.0284
8476932,Anthony Stolarz,TOR,3,-2,67.5,-12.99,69,8,6.4280559479,5.017633526489944,-2.9824,-0.0432
8476932,Anthony Stolarz,TOR,3,-1,67.5,12.99,58,11,6.1099088743,4.788400203591783,-6.2116,-0.1071
8476932,Anthony Stolarz,TOR,3,0,67.5,38.97,14,0,0.350294771,0.25099941283198357,0.251,0.0179
8476932,Anthony Stolarz,TOR,4,-3,90.0,-25.98,3,0,0.16404605700000002,0.12201520890676149,0.122,0.0407
8476932,Anthony Stolarz,TOR,4,-2,90.0,0.0,55,5,7.185208669,5.638053533414764,0.6381,0.0116
8476932,Anthony Stolarz,TOR,4,-1,90.0,25.98,10,0,0.746827458,0.5631075478835422,0.5631,0.0563
8476945,Connor Hellebuyck,WPG,0,0,0.0,0.0,2,0,0.018808216,0.012950237968414484,0.013,0.0065
8476945,Connor Hellebuyck,WPG,0,1,0.0,25.98,1,0,0.012553352,0.008407703596862324,0.0084,0.0084
8476945,Connor Hellebuyck,WPG,1,-2,22.5,-38.97,17,1,0.3658070165,0.2587079511371965,-0.7413,-0.0436
8476945,Connor Hellebuyck,WPG,1,-1,22.5,-12.99,24,1,0.815538787,0.5881078432909747,-0.4119,-0.0172
8476945,Connor Hellebuyck,WPG,1,0,22.5,12.99,22,2,0.571209082,0.4055546004873893,-1.5944,-0.0725
8476945,Connor Hellebuyck,WPG,1,1,22.5,38.97,13,0,0.248163799,0.17347548948209843,0.1735,0.0133
8476945,Connor Hellebuyck,WPG,2,-3,45.0,-51.96,5,0,0.098474,0.06851951464110616,0.0685,0.0137
8476945,Connor Hellebuyck,WPG,2,-2,45.0,-25.98,67,1,2.516418701,1.8451365577260743,0.8451,0.0126
8476945,Connor Hellebuyck,WPG,2,-1,45.0,0.0,58,3,4.389768758,3.3636562524667886,0.3637,0.0063
8476945,Connor Hellebuyck,WPG,2,0,45.0,25.98,50,1,1.44467997,1.0360417501564783,0.036,0.0007
8476945,Connor Hellebuyck,WPG,2,1,45.0,51.96,14,0,0.280722273,0.19632672320216193,0.1963,0.014
8476945,Connor Hellebuyck,WPG,3,-3,67.5,-38.97,23,0,0.700822962,0.5048519073175273,0.5049,0.022
8476945,Connor Hellebuyck,WPG,3,-2,67.5,-12.99,130,15,14.1106917555,11.127866538180639,-3.8721,-0.0298
8476945,Connor Hellebuyck,WPG,3,-1,67.5,12.99,129,12,13.446030628,10.576988255976321,-1.423,-0.011
8476945,Connor Hellebuyck,WPG,3,0,67.5,38.97,34,0,1.102565558,0.8004467358597765,0.8004,0.0235
8476945,Connor Hellebuyck,WPG,4,-3,90.0,-25.98,10,0,0.580805449,0.43165546572680524,0.4317,0.0432
8476945,Connor Hellebuyck,WPG,4,-2,90.0,0.0,159,23,21.190561985,16.829240986150726,-6.1708,-0.0388
8476945,Connor Hellebuyck,WPG,4,-1,90.0,25.98,20,2,1.264515686,0.9548978439674575,-1.0451,-0.0523
8476945,Connor Hellebuyck,WPG,4,0,90.0,51.96,1,0,0.022705898,0.016007527516281667,0.016,0.016
8476999,Linus Ullmark,OTT,0,-2,0.0,-51.96,2,0,0.059735444,0.04534853375484623,0.0453,0.0226
8476999,Linus Ullmark,OTT,0,-1,0.0,-25.98,3,0,0.046126259,0.033801275429161004,0.0338,0.0113
8476999,Linus Ullmark,OTT,0,0,0.0,0.0,3,0,0.626715109,0.5669436948601281,0.5669,0.189
8476999,Linus Ullmark,OTT,0,1,0.0,25.98,1,0,0.0066107195,0.004617914884420226,0.0046,0.0046
8476999,Linus Ullmark,OTT,1,-2,22.5,-38.97,22,0,0.960782928,0.7965553309379351,0.7966,0.0362
8476999,Linus Ullmark,OTT,1,-1,22.5,-12.99,23,0,1.1370486770000001,0.8973090252526817,0.8973,0.039
8476999,Linus Ullmark,OTT,1,0,22.5,12.99,24,0,0.840141147,0.6313543708890558,0.6314,0.0263
8476999,Linus Ullmark,OTT,1,1,22.5,38.97,16,0,1.1374536005,0.9768131882242128,0.9768,0.061
8476999,Linus Ullmark,OTT,2,-3,45.0,-51.96,5,0,0.102310423,0.07424231254125695,0.0742,0.0148
8476999,Linus Ullmark,OTT,2,-2,45.0,-25.98,83,1,3.100605912,2.384609313864147,1.3846,0.0167
8476999,Linus Ullmark,OTT,2,-1,45.0,0.0,77,6,4.829079841,3.780527397493753,-2.2195,-0.0288
8476999,Linus Ullmark,OTT,2,0,45.0,25.98,61,2,2.087906982,1.5935155816994793,-0.4065,-0.0067
8476999,Linus Ullmark,OTT,2,1,45.0,51.96,6,0,0.5625881819999999,0.4660211305175309,0.466,0.0777
8476999,Linus Ullmark,OTT,3,-3,67.5,-38.97,33,0,1.402522943,1.0733250085493409,1.0733,0.0325
8476999,Linus Ullmark,OTT,3,-2,67.5,-12.99,126,10,13.1497864235,10.795662967080133,0.7957,0.0063
8476999,Linus Ullmark,OTT,3,-1,67.5,12.99,121,9,11.7915212556,9.583752314064299,0.5838,0.0048
8476999,Linus Ullmark,OTT,3,0,67.5,38.97,57,0,1.72020797,1.2961969652620722,1.2962,0.0227
8476999,Linus Ullmark,OTT,4,-3,90.0,-25.98,16,0,0.865344651,0.6771180935445331,0.6771,0.0423
8476999,Linus Ullmark,OTT,4,-2,90.0,0.0,150,21,19.248586775,15.866492034716138,-5.1335,-0.0342
8476999,Linus Ullmark,OTT,4,-1,90.0,25.98,40,1,2.715152722,2.1540584771180793,1.1541,0.0289
8477035,Matt Tomkins,EDM,1,-2,22.5,-38.97,1,0,0.027780415,0.020309228172178406,0.0203,0.0203
8477035,Matt Tomkins,EDM,1,-1,22.5,-12.99,2,0,0.076997278,0.057842137576019484,0.0578,0.0289
8477035,Matt Tomkins,EDM,1,0,22.5,12.99,1,1,0.028565189,0.02108384289608532,-0.9789,-0.9789
8477035,Matt Tomkins,EDM,1,1,22.5,38.97,1,0,0.017297663,0.012283386321903332,0.0123,0.0123
8477035,Matt Tomkins,EDM,2,0,45.0,25.98,3,0,0.09526530700000001,0.07056117481865526,0.0706,0.0235
8477035,Matt Tomkins,EDM,3,-3,67.5,-38.97,5,0,0.3139404,0.2465856716041291,0.2466,0.0493
8477035,Matt Tomkins,EDM,3,-2,67.5,-12.99,3,0,0.37996761,0.3056680653700719,0.3057,0.1019
8477035,Matt Tomkins,EDM,3,-1,67.5,12.99,3,0,0.370250872,0.2961114670416666,0.2961,0.0987
8477035,Matt Tomkins,EDM,3,0,67.5,38.97,1,0,0.023604196,0.016850977137157597,0.0169,0.0169
8477035,Matt Tomkins,EDM,4,-2,90.0,0.0,2,0,0.210355414,0.16638072965555578,0.1664,0.0832
8477312,Antoine Bibeau,,2,-2,45.0,-25.98,2,0,0.037632782000000004,0.02701936664628038,0.027,0.0135
8477312,Antoine Bibeau,,2,-1,45.0,0.0,1,0,0.04373359,0.032736327040254136,0.0327,0.0327
8477312,Antoine Bibeau,,2,0,45.0,25.98,2,0,0.110219513,0.08373243203708841,0.0837,0.0418
8477312,Antoine Bibeau,,4,-2,90.0,0.0,1,1,0.16357873,0.13477632133601483,-0.8652,-0.8652
8477361,Cal Petersen,MIN,1,-1,22.5,-12.99,1,0,0.04481848,0.0336070046701447,0.0336,0.0336
8477361,Cal Petersen,MIN,2,-2,45.0,-25.98,1,0,0.08183476,0.06429750543297028,0.0643,0.0643
8477361,Cal Petersen,MIN,2,-1,45.0,0.0,1,0,0.08284454,0.065316591030826,0.0653,0.0653
8477361,Cal Petersen,MIN,2,0,45.0,25.98,2,0,0.058095337999999996,0.04274126427863929,0.0427,0.0214
8477361,Cal Petersen,MIN,3,-3,67.5,-38.97,1,0,0.022425013,0.016202708604555253,0.0162,0.0162
8477361,Cal Petersen,MIN,3,-2,67.5,-12.99,3,0,0.317223805,0.25469693671780264,0.2547,0.0849
8477361,Cal Petersen,MIN,3,-1,67.5,12.99,2,0,0.23722312,0.18972385967165192,0.1897,0.0948
8477361,Cal Petersen,MIN,4,-2,90.0,0.0,4,1,0.73731896,0.624060474307824,-0.3759,-0.094
8477405,Marcus Hogberg,NYI,0,-2,0.0,-51.96,1,0,0.00845026,0.005781604661854473,0.0058,0.0058
8477405,Marcus Hogberg,NYI,1,-2,22.5,-38.97,1,0,0.019169228,0.013591131244164254,0.0136,0.0136
8477405,Marcus Hogberg,NYI,1,-1,22.5,-12.99,1,0,0.04846346,0.03675843415135549,0.0368,0.0368
8477405,Marcus Hogberg,NYI,2,-2,45.0,-25.98,2,0,0.056183609999999995,0.04100420437996595,0.041,0.0205
8477405,Marcus Hogberg,NYI,2,-1,45.0,0.0,1,0,0.03613957,0.02649866485502128,0.0265,0.0265
8477405,Marcus Hogberg,NYI,3,-3,67.5,-38.97,3,0,0.055285561999999996,0.03961966245179607,0.0396,0.0132
8477405,Marcus Hogberg,NYI,3,-2,67.5,-12.99,2,1,0.203751693,0.16914012016393581,-0.8309,-0.4154
8477405,Marcus Hogberg,NYI,3,-1,67.5,12.99,6,1,0.611270537,0.48684916854055527,-0.5132,-0.0855
8477405,Marcus Hogberg,NYI,3,0,67.5,38.97,2,0,0.047312443999999995,0.0341803531050266,0.0342,0.0171
8477405,Marcus Hogberg,NYI,4,-2,90.0,0.0,1,0,0.08962712,0.07188284734150979,0.0719,0.0719
8477424,Juuse Saros,NSH,0,-2,0.0,-51.96,2,0,0.399392434,0.3630134454148428,0.363,0.1815
8477424,Juuse Saros,NSH,0,-1,0.0,-25.98,3,0,0.04926967,0.036532796312759123,0.0365,0.0122
8477424,Juuse Saros,NSH,0,0,0.0,0.0,2,0,0.055129987,0.04198012591252416,0.042,0.021
8477424,Juuse Saros,NSH,0,1,0.0,25.98,3,0,0.034403207,0.025217800149463346,0.0252,0.0084
8477424,Juuse Saros,NSH,1,-2,22.5,-38.97,24,0,0.8227905010000001,0.6741593869706196,0.6742,0.0281
8477424,Juuse Saros,NSH,1,-1,22.5,-12.99,34,1,1.196987645,0.923648691319242,-0.0764,-0.0022
8477424,Juuse Saros,NSH,1,0,22.5,12.99,29,1,0.8632498005,0.6624147009866257,-0.3376,-0.0116
8477424,Juuse Saros,NSH,1,1,22.5,38.97,9,0,0.8406405949999999,0.7784111360944426,0.7784,0.0865
8477424,Juuse Saros,NSH,2,-3,45.0,-51.96,15,0,0.305815709,0.22902204314061586,0.229,0.0153
8477424,Juuse Saros,NSH,2,-2,45.0,-25.98,99,3,3.780835421,2.9689540522957416,-0.031,-0.0003
8477424,Juuse Saros,NSH,2,-1,45.0,0.0,68,4,4.152720883,3.3153233701487146,-0.6847,-0.0101
8477424,Juuse Saros,NSH,2,0,45.0,25.98,88,2,2.4164588945,1.8440359814666123,-0.156,-0.0018
8477424,Juuse Saros,NSH,2,1,45.0,51.96,9,0,0.19646845699999999,0.14719434477890755,0.1472,0.0164
8477424,Juuse Saros,NSH,3,-3,67.5,-38.97,49,0,1.792170068,1.4037817202925316,1.4038,0.0286
8477424,Juuse Saros,NSH,3,-2,67.5,-12.99,188,15,19.5375745822,16.314949888987712,1.3149,0.007
8477424,Juuse Saros,NSH,3,-1,67.5,12.99,159,8,16.2318521976,13.551349506211404,5.5513,0.0349
8477424,Juuse Saros,NSH,3,0,67.5,38.97,48,0,1.795477146,1.4004930728236953,1.4005,0.0292
8477424,Juuse Saros,NSH,4,-3,90.0,-25.98,23,1,1.302889884,1.038652487092127,0.0387,0.0017
8477424,Juuse Saros,NSH,4,-2,90.0,0.0,203,31,28.304175713,23.891726124730987,-7.1083,-0.035
8477424,Juuse Saros,NSH,4,-1,90.0,25.98,57,7,4.573401009,3.734070268320413,-3.2659,-0.0573
8477424,Juuse Saros,NSH,4,0,90.0,51.96,3,0,0.066659647,0.04988107052389638,0.0499,0.0166
8477465,Tristan Jarry,EDM,0,-2,0.0,-51.96,2,0,0.0280633147,0.02058852536030331,0.0206,0.0103
8477465,Tristan Jarry,EDM,0,-1,0.0,-25.98,3,0,0.060632115,0.04463950899203312,0.0446,0.0149
8477465,Tristan Jarry,EDM,0,0,0.0,0.0,1,0,0.018597983,0.013510232036727238,0.0135,0.0135
8477465,Tristan Jarry,EDM,1,-2,22.5,-38.97,15,0,0.352244681,0.26110901841555517,0.2611,0.0174
8477465,Tristan Jarry,EDM,1,-1,22.5,-12.99,19,0,1.2218847130000001,1.0327840934566803,1.0328,0.0544
8477465,Tristan Jarry,EDM,1,0,22.5,12.99,10,0,0.302327473,0.22669346680044222,0.2267,0.0227
8477465,Tristan Jarry,EDM,1,1,22.5,38.97,6,0,0.146386585,0.10955471412879528,0.1096,0.0183
8477465,Tristan Jarry,EDM,2,-3,45.0,-51.96,5,0,0.099437995,0.0737777190919074,0.0738,0.0148
8477465,Tristan Jarry,EDM,2,-2,45.0,-25.98,52,2,2.259206596,1.7546375075816463,-0.2454,-0.0047
8477465,Tristan Jarry,EDM,2,-1,45.0,0.0,36,2,2.536754514,2.0227617314163058,0.0228,0.0006
8477465,Tristan Jarry,EDM,2,0,45.0,25.98,49,1,1.429312134,1.078052807848795,0.0781,0.0016
8477465,Tristan Jarry,EDM,2,1,45.0,51.96,4,0,0.077701046,0.05707426471164184,0.0571,0.0143
8477465,Tristan Jarry,EDM,3,-3,67.5,-38.97,27,1,1.178040874,0.9238393300168953,-0.0762,-0.0028
8477465,Tristan Jarry,EDM,3,-2,67.5,-12.99,127,10,14.1990691682,11.76774296566879,1.7677,0.0139
8477465,Tristan Jarry,EDM,3,-1,67.5,12.99,90,7,8.3915867368,6.865892231696301,-0.1341,-0.0015
8477465,Tristan Jarry,EDM,3,0,67.5,38.97,27,0,0.957449751,0.7384607158910151,0.7385,0.0274
8477465,Tristan Jarry,EDM,4,-3,90.0,-25.98,12,0,0.582222052,0.4578264376489376,0.4578,0.0381
8477465,Tristan Jarry,EDM,4,-2,90.0,0.0,104,11,12.888668344,10.645638283738993,-0.3544,-0.0034
8477465,Tristan Jarry,EDM,4,-1,90.0,25.98,16,1,1.234909815,1.0077008938215797,0.0077,0.0005
8477465,Tristan Jarry,EDM,4,0,90.0,51.96,1,0,0.022720657,0.016914220837195196,0.0169,0.0169
8477480,Eric Comrie,WPG,0,-1,0.0,-25.98,1,0,0.022604445,0.0162250629462482,0.0162,0.0162
8477480,Eric Comrie,WPG,0,1,0.0,25.98,2,0,0.0160192662,0.011024951764739062,0.011,0.0055
8477480,Eric Comrie,WPG,1,-2,22.5,-38.97,8,0,0.391651829,0.3128859279236927,0.3129,0.0391
8477480,Eric Comrie,WPG,1,-1,22.5,-12.99,10,0,0.398913486,0.293752583540206,0.2938,0.0294
8477480,Eric Comrie,WPG,1,0,22.5,12.99,11,0,0.326920969,0.2365822423659545,0.2366,0.0215
8477480,Eric Comrie,WPG,1,1,22.5,38.97,8,0,0.48719883500000005,0.4027750862905712,0.4028,0.0504
8477480,Eric Comrie,WPG,2,-3,45.0,-51.96,3,0,0.055913988,0.039741991007646804,0.0397,0.0132
8477480,Eric Comrie,WPG,2,-2,45.0,-25.98,44,1,1.7254905916,1.2896303012003592,0.2896,0.0066
8477480,Eric Comrie,WPG,2,-1,45.0,0.0,36,2,2.208017289,1.6731956718373222,-0.3268,-0.0091
8477480,Eric Comrie,WPG,2,0,45.0,25.98,22,2,0.7032007315,0.5181036910559864,-1.4819,-0.0674
8477480,Eric Comrie,WPG,2,1,45.0,51.96,2,0,0.042705814,0.030004496998240794,0.03,0.015
8477480,Eric Comrie,WPG,3,-3,67.5,-38.97,11,0,0.434053121,0.3208685314420538,0.3209,0.0292
8477480,Eric Comrie,WPG,3,-2,67.5,-12.99,61,8,7.033743234,5.635811305030474,-2.3642,-0.0388
8477480,Eric Comrie,WPG,3,-1,67.5,12.99,54,3,5.710884784,4.541840330222077,1.5418,0.0286
8477480,Eric Comrie,WPG,3,0,67.5,38.97,23,0,0.651900355,0.4736617310086967,0.4737,0.0206
8477480,Eric Comrie,WPG,4,-3,90.0,-25.98,6,0,0.20920244699999999,0.15413024393847596,0.1541,0.0257
8477480,Eric Comrie,WPG,4,-2,90.0,0.0,63,9,8.168038619999999,6.551008246040617,-2.449,-0.0389
8477480,Eric Comrie,WPG,4,-1,90.0,25.98,12,0,0.960336187,0.7480431747731368,0.748,0.0623
8477480,Eric Comrie,WPG,4,0,90.0,51.96,3,0,0.059143292,0.0414313868597695,0.0414,0.0138
8477484,Spencer Martin,NYR,0,-1,0.0,-25.98,1,0,0.026115732,0.01952641132587896,0.0195,0.0195
8477484,Spencer Martin,NYR,1,-2,22.5,-38.97,1,0,0.0316721,0.02380535691310238,0.0238,0.0238
8477484,Spencer Martin,NYR,1,0,22.5,12.99,1,0,0.030980883,0.023284050261824178,0.0233,0.0233
8477484,Spencer Martin,NYR,1,1,22.5,38.97,1,0,0.02715204,0.02024810986517767,0.0202,0.0202
8477484,Spencer Martin,NYR,2,-3,45.0,-51.96,1,0,0.02257576,0.01669340153336964,0.0167,0.0167
8477484,Spencer Martin,NYR,2,-2,45.0,-25.98,8,0,0.255985866,0.1967577178904967,0.1968,0.0246
8477484,Spencer Martin,NYR,2,-1,45.0,0.0,9,1,0.638738705,0.5154470371586095,-0.4846,-0.0538
8477484,Spencer Martin,NYR,2,0,45.0,25.98,11,0,0.288560116,0.21621955628152068,0.2162,0.0197
8477484,Spencer Martin,NYR,2,1,45.0,51.96,3,0,0.088311105,0.06711409057377017,0.0671,0.0224
8477484,Spencer Martin,NYR,3,-3,67.5,-38.97,2,0,0.047535902000000005,0.03564024389143312,0.0356,0.0178
8477484,Spencer Martin,NYR,3,-2,67.5,-12.99,15,4,1.421583021,1.1684760216863115,-2.8315,-0.1888
8477484,Spencer Martin,NYR,3,-1,67.5,12.99,14,1,1.585838494,1.3220930873902543,0.3221,0.023
8477484,Spencer Martin,NYR,3,0,67.5,38.97,4,0,0.160477491,0.12394316154127208,0.1239,0.031
8477484,Spencer Martin,NYR,4,-3,90.0,-25.98,2,0,0.21173206,0.17356181674162738,0.1736,0.0868
8477484,Spencer Martin,NYR,4,-2,90.0,0.0,16,1,1.905376779,1.5772762967436578,0.5773,0.0361
8477484,Spencer Martin,NYR,4,-1,90.0,25.98,2,0,0.127225164,0.10119405918947708,0.1012,0.0506
8477484,Spencer Martin,NYR,4,0,90.0,51.96,2,0,0.038390605,0.02821471959422137,0.0282,0.0141
8477831,Pheonix Copley,LAK,0,0,0.0,0.0,1,0,0.016028102,0.011368851719048128,0.0114,0.0114
8477831,Pheonix Copley,LAK,2,-2,45.0,-25.98,1,1,0.03417521,0.025341034266952226,-0.9747,-0.9747
8477831,Pheonix Copley,LAK,2,-1,45.0,0.0,1,0,0.036433488,0.027210522974161953,0.0272,0.0272
8477831,Pheonix Copley,LAK,2,0,45.0,25.98,1,0,0.017261298,0.012334070116659594,0.0123,0.0123
8477831,Pheonix Copley,LAK,3,-3,67.5,-38.97,1,0,0.021226792,0.015327617857183194,0.0153,0.0153
8477831,Pheonix Copley,LAK,3,-2,67.5,-12.99,3,0,0.314034365,0.25035989600944764,0.2504,0.0835
8477831,Pheonix Copley,LAK,3,-1,67.5,12.99,2,1,0.161747969,0.12588723255037645,-0.8741,-0.437
8477831,Pheonix Copley,LAK,4,-2,90.0,0.0,2,0,0.138256985,0.10587852484800231,0.1059,0.053
8477831,Pheonix Copley,LAK,4,-1,90.0,25.98,2,0,0.17029588,0.13482697296006085,0.1348,0.0674
8477967,Thatcher Demko,VAN,0,-2,0.0,-51.96,1,0,0.018431447,0.012869195143069086,0.0129,0.0129
8477967,Thatcher Demko,VAN,1,-2,22.5,-38.97,4,0,0.076806444,0.05432668238338025,0.0543,0.0136
8477967,Thatcher Demko,VAN,1,-1,22.5,-12.99,7,0,0.248052162,0.18260596733773865,0.1826,0.0261
8477967,Thatcher Demko,VAN,1,0,22.5,12.99,8,0,0.221263363,0.160468285959539,0.1605,0.0201
8477967,Thatcher Demko,VAN,1,1,22.5,38.97,7,0,0.179376503,0.13143901883623038,0.1314,0.0188
8477967,Thatcher Demko,VAN,2,-3,45.0,-51.96,3,0,0.064625272,0.04621748708380474,0.0462,0.0154
8477967,Thatcher Demko,VAN,2,-2,45.0,-25.98,22,1,0.742090084,0.5515863035260342,-0.4484,-0.0204
8477967,Thatcher Demko,VAN,2,-1,45.0,0.0,26,1,1.69757473,1.3187583927189381,0.3188,0.0123
8477967,Thatcher Demko,VAN,2,0,45.0,25.98,17,0,0.545782774,0.4004113988472228,0.4004,0.0236
8477967,Thatcher Demko,VAN,2,1,45.0,51.96,3,0,0.060962362000000006,0.043432052155199526,0.0434,0.0145
8477967,Thatcher Demko,VAN,3,-3,67.5,-38.97,14,0,0.514271805,0.3841859841604786,0.3842,0.0274
8477967,Thatcher Demko,VAN,3,-2,67.5,-12.99,49,2,5.282362033,4.23542297571804,2.2354,0.0456
8477967,Thatcher Demko,VAN,3,-1,67.5,12.99,52,1,5.158195604,4.1131933078537575,3.1132,0.0599
8477967,Thatcher Demko,VAN,3,0,67.5,38.97,9,0,0.353727461,0.26556209934213504,0.2656,0.0295
8477967,Thatcher Demko,VAN,4,-3,90.0,-25.98,10,0,0.591119595,0.4500034129336967,0.45,0.045
8477967,Thatcher Demko,VAN,4,-2,90.0,0.0,74,11,9.518174996,7.64670199646146,-3.3533,-0.0453
8477967,Thatcher Demko,VAN,4,-1,90.0,25.98,15,1,1.057280294,0.825762859475285,-0.1742,-0.0116
8477968,Alex Nedeljkovic,SJS,0,-2,0.0,-51.96,1,0,0.008500236,0.005955888905535038,0.006,0.006
8477968,Alex Nedeljkovic,SJS,0,-1,0.0,-25.98,3,0,0.06920380400000001,0.05226091481172991,0.0523,0.0174
8477968,Alex Nedeljkovic,SJS,0,0,0.0,0.0,1,0,0.006967272,0.004824992755928137,0.0048,0.0048
8477968,Alex Nedeljkovic,SJS,0,1,0.0,25.98,1,0,0.025403231,0.018809193308158615,0.0188,0.0188
8477968,Alex Nedeljkovic,SJS,1,-2,22.5,-38.97,22,0,0.459915261,0.33633578190305413,0.3363,0.0153
8477968,Alex Nedeljkovic,SJS,1,-1,22.5,-12.99,16,0,0.589244733,0.4452882899746036,0.4453,0.0278
8477968,Alex Nedeljkovic,SJS,1,0,22.5,12.99,16,1,0.506692582,0.381699438861378,-0.6183,-0.0386
8477968,Alex Nedeljkovic,SJS,1,1,22.5,38.97,10,0,0.200048957,0.14582332026169018,0.1458,0.0146
8477968,Alex Nedeljkovic,SJS,2,-3,45.0,-51.96,9,0,0.359492085,0.28133155489275424,0.2813,0.0313
8477968,Alex Nedeljkovic,SJS,2,-2,45.0,-25.98,57,1,1.921339068,1.4552606720556849,0.4553,0.008
8477968,Alex Nedeljkovic,SJS,2,-1,45.0,0.0,44,5,2.607230722,2.0415236729803707,-2.9585,-0.0672
8477968,Alex Nedeljkovic,SJS,2,0,45.0,25.98,47,2,1.4070009875,1.0587638095235241,-0.9412,-0.02
8477968,Alex Nedeljkovic,SJS,2,1,45.0,51.96,3,0,0.064776898,0.04759900568665482,0.0476,0.0159
8477968,Alex Nedeljkovic,SJS,3,-3,67.5,-38.97,27,0,1.034925335,0.79841241521232,0.7984,0.0296
8477968,Alex Nedeljkovic,SJS,3,-2,67.5,-12.99,101,6,11.0126377452,9.071884934420812,3.0719,0.0304
8477968,Alex Nedeljkovic,SJS,3,-1,67.5,12.99,83,6,7.8223921043999995,6.3905033315255295,0.3905,0.0047
8477968,Alex Nedeljkovic,SJS,3,0,67.5,38.97,35,0,1.186716936,0.9028981487543288,0.9029,0.0258
8477968,Alex Nedeljkovic,SJS,4,-3,90.0,-25.98,12,0,0.6887395119999999,0.5409184051634024,0.5409,0.0451
8477968,Alex Nedeljkovic,SJS,4,-2,90.0,0.0,121,19,16.85156266,13.937559237529621,-5.0624,-0.0418
8477968,Alex Nedeljkovic,SJS,4,-1,90.0,25.98,27,0,1.998568506,1.5936379986020142,1.5936,0.059
8477970,Vitek Vanecek,UTA,0,-1,0.0,-25.98,3,0,0.05923249,0.04346445078143806,0.0435,0.0145
8477970,Vitek Vanecek,UTA,1,-2,22.5,-38.97,9,0,0.400832326,0.32070303674126327,0.3207,0.0356
8477970,Vitek Vanecek,UTA,1,-1,22.5,-12.99,10,0,0.414941502,0.3165882138013865,0.3166,0.0317
8477970,Vitek Vanecek,UTA,1,0,22.5,12.99,7,0,0.26786212800000003,0.21018582573115838,0.2102,0.03
8477970,Vitek Vanecek,UTA,1,1,22.5,38.97,6,0,0.14473740200000001,0.10855590035638917,0.1086,0.0181
8477970,Vitek Vanecek,UTA,2,-3,45.0,-51.96,3,0,0.063845911,0.04743376681936476,0.0474,0.0158
8477970,Vitek Vanecek,UTA,2,-2,45.0,-25.98,23,2,0.6607911105,0.49791245343299345,-1.5021,-0.0653
8477970,Vitek Vanecek,UTA,2,-1,45.0,0.0,21,1,1.393853784,1.1065858236345152,0.1066,0.0051
8477970,Vitek Vanecek,UTA,2,0,45.0,25.98,26,0,0.883195888,0.6730608333225988,0.6731,0.0259
8477970,Vitek Vanecek,UTA,2,1,45.0,51.96,7,0,0.165415454,0.12355179101425433,0.1236,0.0177
8477970,Vitek Vanecek,UTA,3,-3,67.5,-38.97,9,0,0.23231675,0.1751346472484439,0.1751,0.0195
8477970,Vitek Vanecek,UTA,3,-2,67.5,-12.99,56,9,6.034158091,4.990912334190732,-4.0091,-0.0716
8477970,Vitek Vanecek,UTA,3,-1,67.5,12.99,39,5,3.577661929,2.943571753342289,-2.0564,-0.0527
8477970,Vitek Vanecek,UTA,3,0,67.5,38.97,10,0,0.377523929,0.2879310882118102,0.2879,0.0288
8477970,Vitek Vanecek,UTA,4,-3,90.0,-25.98,6,0,0.15502465899999998,0.1163126515933128,0.1163,0.0194
8477970,Vitek Vanecek,UTA,4,-2,90.0,0.0,49,7,6.894173957,5.761654082162515,-1.2383,-0.0253
8477970,Vitek Vanecek,UTA,4,-1,90.0,25.98,12,1,0.834782762,0.6690222602976414,-0.331,-0.0276
8477970,Vitek Vanecek,UTA,4,0,90.0,51.96,1,0,0.019854616,0.014820626027577388,0.0148,0.0148
8477990,Brandon Halverson,TBL,1,-1,22.5,-12.99,2,0,0.06507224,0.0484021718370984,0.0484,0.0242
8477990,Brandon Halverson,TBL,1,0,22.5,12.99,2,0,0.040910739,0.029551689952593985,0.0296,0.0148
8477990,Brandon Halverson,TBL,2,-2,45.0,-25.98,6,0,0.16761738,0.12397512446461692,0.124,0.0207
8477990,Brandon Halverson,TBL,2,-1,45.0,0.0,2,0,0.076817738,0.0571673140545564,0.0572,0.0286
8477990,Brandon Halverson,TBL,2,0,45.0,25.98,4,0,0.118454116,0.08701666694090958,0.087,0.0217
8477990,Brandon Halverson,TBL,3,-3,67.5,-38.97,3,0,0.077115531,0.05612495964004348,0.0561,0.0187
8477990,Brandon Halverson,TBL,3,-2,67.5,-12.99,10,1,0.758533761,0.599560574018554,-0.4004,-0.04
8477990,Brandon Halverson,TBL,3,-1,67.5,12.99,8,0,0.661880465,0.5232416629334866,0.5232,0.0654
8477990,Brandon Halverson,TBL,3,0,67.5,38.97,4,0,0.086722641,0.06291827847910092,0.0629,0.0157
8477990,Brandon Halverson,TBL,4,-3,90.0,-25.98,1,0,0.06626257,0.051075611122270125,0.0511,0.0511
8477990,Brandon Halverson,TBL,4,-2,90.0,0.0,7,0,1.03170215,0.8439814131012571,0.844,0.1206
8477990,Brandon Halverson,TBL,4,-1,90.0,25.98,2,0,0.15907017099999998,0.1284986264520747,0.1285,0.0642
8477992,Jonas Johansson,TBL,0,-2,0.0,-51.96,2,0,0.1600333255,0.12931389508077357,0.1293,0.0646
8477992,Jonas Johansson,TBL,0,-1,0.0,-25.98,3,0,0.120456597,0.09105773528590884,0.0911,0.0304
8477992,Jonas Johansson,TBL,0,0,0.0,0.0,2,0,0.03657043,0.026474607303372553,0.0265,0.0132
8477992,Jonas Johansson,TBL,0,1,0.0,25.98,1,0,0.013541688,0.009520424032387618,0.0095,0.0095
8477992,Jonas Johansson,TBL,1,-2,22.5,-38.97,17,0,0.522135252,0.390185130206416,0.3902,0.023
8477992,Jonas Johansson,TBL,1,-1,22.5,-12.99,15,0,0.599176066,0.44855585310169643,0.4486,0.0299
8477992,Jonas Johansson,TBL,1,0,22.5,12.99,10,0,0.24875727,0.18251430041937078,0.1825,0.0182
8477992,Jonas Johansson,TBL,1,1,22.5,38.97,7,0,0.136214945,0.09860832041664791,0.0986,0.0141
8477992,Jonas Johansson,TBL,2,-3,45.0,-51.96,6,0,0.21995278000000001,0.16840774615103357,0.1684,0.0281
8477992,Jonas Johansson,TBL,2,-2,45.0,-25.98,42,2,1.535007008,1.154027194812539,-0.846,-0.0201
8477992,Jonas Johansson,TBL,2,-1,45.0,0.0,40,2,2.876487649,2.2627180874006063,0.2627,0.0066
8477992,Jonas Johansson,TBL,2,0,45.0,25.98,26,1,0.676468193,0.49548972951389636,-0.5045,-0.0194
8477992,Jonas Johansson,TBL,2,1,45.0,51.96,9,0,0.29608182,0.22777040535456092,0.2278,0.0253
8477992,Jonas Johansson,TBL,3,-3,67.5,-38.97,13,0,0.337866919,0.24640972838798705,0.2464,0.019
8477992,Jonas Johansson,TBL,3,-2,67.5,-12.99,62,10,7.265554593,5.91313321222266,-4.0869,-0.0659
8477992,Jonas Johansson,TBL,3,-1,67.5,12.99,59,7,6.5420034915,5.308711647757196,-1.6913,-0.0287
8477992,Jonas Johansson,TBL,3,0,67.5,38.97,20,0,0.658128622,0.49185259357811173,0.4919,0.0246
8477992,Jonas Johansson,TBL,4,-3,90.0,-25.98,6,0,0.33188319,0.2549059571420836,0.2549,0.0425
8477992,Jonas Johansson,TBL,4,-2,90.0,0.0,78,11,10.626702768,8.663887510849554,-2.3361,-0.03
8477992,Jonas Johansson,TBL,4,-1,90.0,25.98,13,0,1.013904739,0.8114586268980236,0.8115,0.0624
8477992,Jonas Johansson,TBL,4,0,90.0,51.96,2,0,0.038731398,0.02814525099847491,0.0281,0.014
8478007,Elvis Merzlikins,CBJ,0,-2,0.0,-51.96,1,0,0.027210413,0.01971357065278596,0.0197,0.0197
8478007,Elvis Merzlikins,CBJ,0,-1,0.0,-25.98,1,0,0.52776307,0.49257059170942163,0.4926,0.4926
8478007,Elvis Merzlikins,CBJ,0,0,0.0,0.0,2,0,0.020485133000000003,0.014154557106383824,0.0142,0.0071
8478007,Elvis Merzlikins,CBJ,0,1,0.0,25.98,3,0,0.065117719,0.04764343451623245,0.0476,0.0159
8478007,Elvis Merzlikins,CBJ,1,-2,22.5,-38.97,15,0,0.38503934300000003,0.2816732069634816,0.2817,0.0188
8478007,Elvis Merzlikins,CBJ,1,-1,22.5,-12.99,11,0,0.43534442,0.32561385226861156,0.3256,0.0296
8478007,Elvis Merzlikins,CBJ,1,0,22.5,12.99,19,0,0.8327150299999999,0.6531449312425375,0.6531,0.0344
8478007,Elvis Merzlikins,CBJ,1,1,22.5,38.97,3,0,0.050929972000000004,0.03631303094927855,0.0363,0.0121
8478007,Elvis Merzlikins,CBJ,2,-3,45.0,-51.96,3,1,0.060807713,0.04384664127494472,-0.9562,-0.3187
8478007,Elvis Merzlikins,CBJ,2,-2,45.0,-25.98,55,1,1.952322541,1.4582477671167111,0.4582,0.0083
8478007,Elvis Merzlikins,CBJ,2,-1,45.0,0.0,48,5,3.177715445,2.4686824608504083,-2.5313,-0.0527
8478007,Elvis Merzlikins,CBJ,2,0,45.0,25.98,36,2,1.107746472,0.8194997541943284,-1.1805,-0.0328
8478007,Elvis Merzlikins,CBJ,2,1,45.0,51.96,3,1,0.131214585,0.1004526541010763,-0.8995,-0.2998
8478007,Elvis Merzlikins,CBJ,3,-3,67.5,-38.97,16,0,0.46382050799999996,0.34173206177305754,0.3417,0.0214
8478007,Elvis Merzlikins,CBJ,3,-2,67.5,-12.99,94,9,10.426273277,8.438161152646462,-0.5618,-0.006
8478007,Elvis Merzlikins,CBJ,3,-1,67.5,12.99,63,12,6.906384086,5.574275219005301,-6.4257,-0.102
8478007,Elvis Merzlikins,CBJ,3,0,67.5,38.97,28,0,0.949961644,0.7105052834184271,0.7105,0.0254
8478007,Elvis Merzlikins,CBJ,4,-3,90.0,-25.98,10,0,0.631907085,0.48831768367249484,0.4883,0.0488
8478007,Elvis Merzlikins,CBJ,4,-2,90.0,0.0,89,8,12.554422277,10.264540642968086,2.2645,0.0254
8478007,Elvis Merzlikins,CBJ,4,-1,90.0,25.98,18,0,1.585715332,1.258868240470526,1.2589,0.0699
8478009,Ilya Sorokin,NYI,0,-2,0.0,-51.96,2,0,0.02960524,0.02023588299460663,0.0202,0.0101
8478009,Ilya Sorokin,NYI,0,-1,0.0,-25.98,3,0,0.069058941,0.04746888154294672,0.0475,0.0158
8478009,Ilya Sorokin,NYI,0,0,0.0,0.0,5,0,0.0646162257,0.044285887617139835,0.0443,0.0089
8478009,Ilya Sorokin,NYI,0,1,0.0,25.98,3,0,0.0604030535,0.042200396148342235,0.0422,0.0141
8478009,Ilya Sorokin,NYI,1,-2,22.5,-38.97,25,0,0.634916857,0.44468928018302667,0.4447,0.0178
8478009,Ilya Sorokin,NYI,1,-1,22.5,-12.99,40,0,1.510521233,1.0747769340974225,1.0748,0.0269
8478009,Ilya Sorokin,NYI,1,0,22.5,12.99,21,0,0.590770656,0.41547358612972424,0.4155,0.0198
8478009,Ilya Sorokin,NYI,1,1,22.5,38.97,17,0,0.8765322490000002,0.7175919496228984,0.7176,0.0422
8478009,Ilya Sorokin,NYI,2,-3,45.0,-51.96,14,0,0.290989307,0.2002925358063674,0.2003,0.0143
8478009,Ilya Sorokin,NYI,2,-2,45.0,-25.98,74,0,2.724859266,1.9633729054321818,1.9634,0.0265
8478009,Ilya Sorokin,NYI,2,-1,45.0,0.0,87,4,6.0444933694,4.527930246546505,0.5279,0.0061
8478009,Ilya Sorokin,NYI,2,0,45.0,25.98,71,1,2.316079403,1.662703126128741,0.6627,0.0093
8478009,Ilya Sorokin,NYI,2,1,45.0,51.96,9,0,0.305910986,0.22085998691006517,0.2209,0.0245
8478009,Ilya Sorokin,NYI,3,-3,67.5,-38.97,32,1,1.33236054,0.9702802451827026,-0.0297,-0.0009
8478009,Ilya Sorokin,NYI,3,-2,67.5,-12.99,143,13,15.0948018213,11.769153056083425,-1.2308,-0.0086
8478009,Ilya Sorokin,NYI,3,-1,67.5,12.99,137,12,13.268907324,10.212731265392339,-1.7873,-0.013
8478009,Ilya Sorokin,NYI,3,0,67.5,38.97,45,1,1.307391713,0.923547349502555,-0.0765,-0.0017
8478009,Ilya Sorokin,NYI,4,-3,90.0,-25.98,21,1,1.417730486,1.0521794723533437,0.0522,0.0025
8478009,Ilya Sorokin,NYI,4,-2,90.0,0.0,196,21,25.731852332,20.08946360995367,-0.9105,-0.0046
8478009,Ilya Sorokin,NYI,4,-1,90.0,25.98,33,1,2.5150309,1.9047255056973,0.9047,0.0274
8478009,Ilya Sorokin,NYI,4,0,90.0,51.96,3,0,0.065302696,0.04510392743232551,0.0451,0.015
8478024,Ville Husso,ANA,0,-2,0.0,-51.96,1,0,0.071823746,0.05571215909910213,0.0557,0.0557
8478024,Ville Husso,ANA,0,-1,0.0,-25.98,3,0,0.5589797835,0.5235932149173806,0.5236,0.1745
8478024,Ville Husso,ANA,0,0,0.0,0.0,2,0,0.04213717,0.030889883005130687,0.0309,0.0154
8478024,Ville Husso,ANA,0,1,0.0,25.98,1,0,0.023659373,0.01737294607461691,0.0174,0.0174
8478024,Ville Husso,ANA,1,-2,22.5,-38.97,9,0,0.2128135665,0.16086355522068735,0.1609,0.0179
8478024,Ville Husso,ANA,1,-1,22.5,-12.99,7,0,0.291986989,0.22186123577917427,0.2219,0.0317
8478024,Ville Husso,ANA,1,0,22.5,12.99,6,0,0.170887763,0.1277403617333569,0.1277,0.0213
8478024,Ville Husso,ANA,1,1,22.5,38.97,3,0,0.044861018,0.03229357742747748,0.0323,0.0108
8478024,Ville Husso,ANA,2,-3,45.0,-51.96,3,0,0.058590517999999994,0.0424995841144334,0.0425,0.0142
8478024,Ville Husso,ANA,2,-2,45.0,-25.98,29,1,0.963654651,0.7271984929309885,-0.2728,-0.0094
8478024,Ville Husso,ANA,2,-1,45.0,0.0,24,1,1.767780986,1.400074692660298,0.4001,0.0167
8478024,Ville Husso,ANA,2,0,45.0,25.98,30,1,0.900713464,0.6719421951579028,-0.3281,-0.0109
8478024,Ville Husso,ANA,2,1,45.0,51.96,3,0,0.071083413,0.05174072192078119,0.0517,0.0172
8478024,Ville Husso,ANA,3,-3,67.5,-38.97,7,1,0.211245751,0.15753532099154965,-0.8425,-0.1204
8478024,Ville Husso,ANA,3,-2,67.5,-12.99,59,3,6.2783275644,5.133499964696871,2.1335,0.0362
8478024,Ville Husso,ANA,3,-1,67.5,12.99,48,6,5.179417278,4.235665715337244,-1.7643,-0.0368
8478024,Ville Husso,ANA,3,0,67.5,38.97,22,0,0.5954375095,0.44341156369853896,0.4434,0.0202
8478024,Ville Husso,ANA,4,-3,90.0,-25.98,7,0,0.402856343,0.3118956341754125,0.3119,0.0446
8478024,Ville Husso,ANA,4,-2,90.0,0.0,82,12,11.201625071,9.230418322546402,-2.7696,-0.0338
8478024,Ville Husso,ANA,4,-1,90.0,25.98,21,1,1.484218481,1.1686739538159934,0.1687,0.008
8478039,Kaapo Kahkonen,MTL,1,-1,22.5,-12.99,2,0,0.0771168,0.05748819971674654,0.0575,0.0288
8478039,Kaapo Kahkonen,MTL,1,0,22.5,12.99,2,0,0.044487241999999996,0.03207527257431694,0.0321,0.016
8478039,Kaapo Kahkonen,MTL,2,-2,45.0,-25.98,2,0,0.040688578,0.029208703335930886,0.0292,0.0146
8478039,Kaapo Kahkonen,MTL,2,0,45.0,25.98,3,0,0.073324572,0.0536632128357223,0.0537,0.0179
8478039,Kaapo Kahkonen,MTL,3,-2,67.5,-12.99,1,0,0.054974895,0.04248323356844689,0.0425,0.0425
8478039,Kaapo Kahkonen,MTL,3,-1,67.5,12.99,2,1,0.32852465,0.2708806124476407,-0.7291,-0.3646
8478039,Kaapo Kahkonen,MTL,4,-2,90.0,0.0,2,0,0.27421548,0.22437135117902623,0.2244,0.1122
8478039,Kaapo Kahkonen,MTL,4,-1,90.0,25.98,3,0,0.22246422100000002,0.1752112783816939,0.1752,0.0584
8478048,Igor Shesterkin,NYR,0,-2,0.0,-51.96,2,0,0.033269427000000004,0.022987473015628302,0.023,0.0115
8478048,Igor Shesterkin,NYR,0,-1,0.0,-25.98,1,0,0.011302052,0.007572930151259946,0.0076,0.0076
8478048,Igor Shesterkin,NYR,0,0,0.0,0.0,1,0,0.016565284,0.011321026918789867,0.0113,0.0113
8478048,Igor Shesterkin,NYR,0,1,0.0,25.98,3,0,0.0294466615,0.019749475506221956,0.0197,0.0066
8478048,Igor Shesterkin,NYR,0,2,0.0,51.96,1,0,0.0096030515,0.006297842693350673,0.0063,0.0063
8478048,Igor Shesterkin,NYR,1,-2,22.5,-38.97,17,0,0.333745929,0.23289619131261807,0.2329,0.0137
8478048,Igor Shesterkin,NYR,1,-1,22.5,-12.99,14,0,0.49058936599999997,0.35305503904026825,0.3531,0.0252
8478048,Igor Shesterkin,NYR,1,0,22.5,12.99,16,1,0.513751655,0.36756628189518337,-0.6324,-0.0395
8478048,Igor Shesterkin,NYR,1,1,22.5,38.97,13,0,0.2617482205,0.18298551199544227,0.183,0.0141
8478048,Igor Shesterkin,NYR,2,-3,45.0,-51.96,7,0,0.143455554,0.1000571393669372,0.1001,0.0143
8478048,Igor Shesterkin,NYR,2,-2,45.0,-25.98,77,1,3.057885151,2.23595341919438,1.236,0.0161
8478048,Igor Shesterkin,NYR,2,-1,45.0,0.0,75,2,5.038553936,3.7917017739271888,1.7917,0.0239
8478048,Igor Shesterkin,NYR,2,0,45.0,25.98,55,0,1.6654761445,1.1914082357375988,1.1914,0.0217
8478048,Igor Shesterkin,NYR,2,1,45.0,51.96,5,0,0.099046056,0.06908954658250799,0.0691,0.0138
8478048,Igor Shesterkin,NYR,3,-3,67.5,-38.97,36,0,1.164444988,0.8369589105934914,0.837,0.0232
8478048,Igor Shesterkin,NYR,3,-2,67.5,-12.99,112,13,12.0621928212,9.476466416998852,-3.5235,-0.0315
8478048,Igor Shesterkin,NYR,3,-1,67.5,12.99,95,9,10.2213858725,8.040303030831225,-0.9597,-0.0101
8478048,Igor Shesterkin,NYR,3,0,67.5,38.97,38,1,1.342764437,0.9723083223486584,-0.0277,-0.0007
8478048,Igor Shesterkin,NYR,4,-3,90.0,-25.98,15,1,0.97319901,0.7338324788389063,-0.2662,-0.0177
8478048,Igor Shesterkin,NYR,4,-2,90.0,0.0,137,7,18.236905578,14.392871045034891,7.3929,0.054
8478048,Igor Shesterkin,NYR,4,-1,90.0,25.98,23,2,2.014616122,1.5465858367724512,-0.4534,-0.0197
8478406,Mackenzie Blackwood,COL,0,-2,0.0,-51.96,2,0,0.021227179,0.014719596992679183,0.0147,0.0074
8478406,Mackenzie Blackwood,COL,0,-1,0.0,-25.98,1,0,0.01306924,0.009068718313574788,0.0091,0.0091
8478406,Mackenzie Blackwood,COL,0,0,0.0,0.0,1,0,0.009836328,0.006786881867966311,0.0068,0.0068
8478406,Mackenzie Blackwood,COL,0,1,0.0,25.98,4,0,0.049228623,0.034092672412627555,0.0341,0.0085
8478406,Mackenzie Blackwood,COL,1,-2,22.5,-38.97,15,0,0.592026616,0.47177131001868683,0.4718,0.0315
8478406,Mackenzie Blackwood,COL,1,-1,22.5,-12.99,12,0,0.464838194,0.34277029120089736,0.3428,0.0286
8478406,Mackenzie Blackwood,COL,1,0,22.5,12.99,12,0,0.388184478,0.28400446753672565,0.284,0.0237
8478406,Mackenzie Blackwood,COL,1,1,22.5,38.97,4,0,0.075122323,0.05254480967489635,0.0525,0.0131
8478406,Mackenzie Blackwood,COL,2,-3,45.0,-51.96,7,0,0.148330796,0.10481344237532181,0.1048,0.015
8478406,Mackenzie Blackwood,COL,2,-2,45.0,-25.98,40,2,1.336187343,0.9810622736673743,-1.0189,-0.0255
8478406,Mackenzie Blackwood,COL,2,-1,45.0,0.0,41,1,2.2558423706,1.7061798550165923,0.7062,0.0172
8478406,Mackenzie Blackwood,COL,2,0,45.0,25.98,28,0,0.745563499,0.5342713783497225,0.5343,0.0191
8478406,Mackenzie Blackwood,COL,2,1,45.0,51.96,2,0,0.041303883,0.02923978752804575,0.0292,0.0146
8478406,Mackenzie Blackwood,COL,3,-3,67.5,-38.97,17,0,0.584196654,0.42499608558680735,0.425,0.025
8478406,Mackenzie Blackwood,COL,3,-2,67.5,-12.99,77,6,8.247622779,6.530648471759215,0.5306,0.0069
8478406,Mackenzie Blackwood,COL,3,-1,67.5,12.99,63,3,6.0361277316,4.753154005277306,1.7532,0.0278
8478406,Mackenzie Blackwood,COL,3,0,67.5,38.97,21,0,0.5320639825,0.38056348729455974,0.3806,0.0181
8478406,Mackenzie Blackwood,COL,4,-3,90.0,-25.98,10,0,0.536235572,0.4140733641391793,0.4141,0.0414
8478406,Mackenzie Blackwood,COL,4,-2,90.0,0.0,86,10,11.551479998,9.222806082181148,-0.7772,-0.009
8478406,Mackenzie Blackwood,COL,4,-1,90.0,25.98,13,1,1.092022416,0.845739270698191,-0.1543,-0.0119
8478435,Dan Vladar,PHI,0,-2,0.0,-51.96,3,0,0.063633212,0.043958439246575304,0.044,0.0147
8478435,Dan Vladar,PHI,0,0,0.0,0.0,3,0,0.0423831675,0.028382593553351862,0.0284,0.0095
8478435,Dan Vladar,PHI,0,1,0.0,25.98,2,0,0.071779096,0.05055035282002189,0.0506,0.0253
8478435,Dan Vladar,PHI,1,-2,22.5,-38.97,32,0,0.810189046,0.5607134376469372,0.5607,0.0175
8478435,Dan Vladar,PHI,1,-1,22.5,-12.99,26,1,0.937479864,0.663207866144118,-0.3368,-0.013
8478435,Dan Vladar,PHI,1,0,22.5,12.99,17,0,0.569992772,0.40214269072109027,0.4021,0.0237
8478435,Dan Vladar,PHI,1,1,22.5,38.97,16,0,0.368893889,0.2573046932255181,0.2573,0.0161
8478435,Dan Vladar,PHI,2,-3,45.0,-51.96,9,0,0.218025823,0.1518013878313007,0.1518,0.0169
8478435,Dan Vladar,PHI,2,-2,45.0,-25.98,73,0,2.6966481555,1.9255439027356955,1.9255,0.0264
8478435,Dan Vladar,PHI,2,-1,45.0,0.0,74,3,4.613007398,3.394074242328636,0.3941,0.0053
8478435,Dan Vladar,PHI,2,0,45.0,25.98,68,0,2.0876669310000002,1.4714937134971444,1.4715,0.0216
8478435,Dan Vladar,PHI,2,1,45.0,51.96,13,0,0.678030943,0.5437006634672478,0.5437,0.0418
8478435,Dan Vladar,PHI,3,-3,67.5,-38.97,36,1,1.410865551,1.0148208889783663,0.0148,0.0004
8478435,Dan Vladar,PHI,3,-2,67.5,-12.99,130,10,15.18150256,11.789341139123275,1.7893,0.0138
8478435,Dan Vladar,PHI,3,-1,67.5,12.99,137,8,13.5892738172,10.452969190720161,2.453,0.0179
8478435,Dan Vladar,PHI,3,0,67.5,38.97,36,0,1.157562194,0.8212167414594098,0.8212,0.0228
8478435,Dan Vladar,PHI,4,-3,90.0,-25.98,24,0,1.426523732,1.0555123733486507,1.0555,0.044
8478435,Dan Vladar,PHI,4,-2,90.0,0.0,139,14,18.956180843000002,14.822385566365602,0.8224,0.0059
8478435,Dan Vladar,PHI,4,-1,90.0,25.98,27,2,2.580721067,1.9688801945138563,-0.0311,-0.0012
8478435,Dan Vladar,PHI,4,0,90.0,51.96,1,0,0.018656459,0.012418187921940453,0.0124,0.0124
8478470,Samuel Montembeault,MTL,0,-2,0.0,-51.96,1,0,0.02868863,0.020695314929101382,0.0207,0.0207
8478470,Samuel Montembeault,MTL,0,1,0.0,25.98,2,0,0.07718795,0.057475006216110576,0.0575,0.0288
8478470,Samuel Montembeault,MTL,1,-2,22.5,-38.97,10,0,0.2422540745,0.1749118324671645,0.1749,0.0175
8478470,Samuel Montembeault,MTL,1,-1,22.5,-12.99,8,1,0.29209534,0.2149372494790485,-0.7851,-0.0981
8478470,Samuel Montembeault,MTL,1,0,22.5,12.99,7,0,0.230558716,0.16942750045123767,0.1694,0.0242
8478470,Samuel Montembeault,MTL,1,1,22.5,38.97,8,0,0.142482488,0.101239174229114,0.1012,0.0126
8478470,Samuel Montembeault,MTL,2,-3,45.0,-51.96,2,0,0.037798345,0.02723529114407656,0.0272,0.0136
8478470,Samuel Montembeault,MTL,2,-2,45.0,-25.98,26,1,1.303819967,0.9905121929131504,-0.0095,-0.0004
8478470,Samuel Montembeault,MTL,2,-1,45.0,0.0,17,0,1.246953255,0.970558697936051,0.9706,0.0571
8478470,Samuel Montembeault,MTL,2,0,45.0,25.98,24,2,0.682965856,0.4994336298478219,-1.5006,-0.0625
8478470,Samuel Montembeault,MTL,2,1,45.0,51.96,4,0,0.310382913,0.25414453270921716,0.2541,0.0635
8478470,Samuel Montembeault,MTL,3,-3,67.5,-38.97,11,0,0.337488166,0.24970890146328498,0.2497,0.0227
8478470,Samuel Montembeault,MTL,3,-2,67.5,-12.99,53,5,6.185845528,5.0090867962873435,0.0091,0.0002
8478470,Samuel Montembeault,MTL,3,-1,67.5,12.99,43,5,4.7179092423,3.782179363713409,-1.2178,-0.0283
8478470,Samuel Montembeault,MTL,3,0,67.5,38.97,13,0,0.334920988,0.2460058200044452,0.246,0.0189
8478470,Samuel Montembeault,MTL,4,-3,90.0,-25.98,7,0,0.258205253,0.19309581951960714,0.1931,0.0276
8478470,Samuel Montembeault,MTL,4,-2,90.0,0.0,73,10,10.774327809,8.774493370465565,-1.2255,-0.0168
8478470,Samuel Montembeault,MTL,4,-1,90.0,25.98,12,1,1.1594121689999999,0.9182441560709506,-0.0818,-0.0068
8478470,Samuel Montembeault,MTL,4,0,90.0,51.96,1,0,0.019303964,0.013881187188028728,0.0139,0.0139
8478499,Adin Hill,VGK,0,-1,0.0,-25.98,3,0,0.049988041999999996,0.03663849328355379,0.0366,0.0122
8478499,Adin Hill,VGK,1,-2,22.5,-38.97,9,0,0.17953052,0.1314140941295357,0.1314,0.0146
8478499,Adin Hill,VGK,1,-1,22.5,-12.99,6,0,0.237686887,0.18079414838899585,0.1808,0.0301
8478499,Adin Hill,VGK,1,0,22.5,12.99,6,0,0.152184976,0.11355867937347641,0.1136,0.0189
8478499,Adin Hill,VGK,1,1,22.5,38.97,7,0,0.127993721,0.09341019648404812,0.0934,0.0133
8478499,Adin Hill,VGK,2,-2,45.0,-25.98,28,0,1.050581216,0.807162975043035,0.8072,0.0288
8478499,Adin Hill,VGK,2,-1,45.0,0.0,23,2,1.438753306,1.1348706904592178,-0.8651,-0.0376
8478499,Adin Hill,VGK,2,0,45.0,25.98,19,0,0.476266286,0.3541505817411167,0.3542,0.0186
8478499,Adin Hill,VGK,2,1,45.0,51.96,5,0,0.11105356,0.08197882694734894,0.082,0.0164
8478499,Adin Hill,VGK,3,-3,67.5,-38.97,16,1,0.473612793,0.3542556145884871,-0.6457,-0.0404
8478499,Adin Hill,VGK,3,-2,67.5,-12.99,65,9,7.0855657023,5.8389210187009235,-3.1611,-0.0486
8478499,Adin Hill,VGK,3,-1,67.5,12.99,39,4,4.338308849,3.5946971800924987,-0.4053,-0.0104
8478499,Adin Hill,VGK,3,0,67.5,38.97,26,0,0.960090203,0.7395679059379437,0.7396,0.0284
8478499,Adin Hill,VGK,4,-3,90.0,-25.98,4,0,0.31221059500000004,0.25321521218866544,0.2532,0.0633
8478499,Adin Hill,VGK,4,-2,90.0,0.0,57,10,7.287947449,6.032822911208145,-3.9672,-0.0696
8478499,Adin Hill,VGK,4,-1,90.0,25.98,11,0,0.799595374,0.6378269534691751,0.6378,0.058
8478872,Karel Vejmelka,UTA,0,-2,0.0,-51.96,4,0,0.129128192,0.09519774047547717,0.0952,0.0238
8478872,Karel Vejmelka,UTA,0,-1,0.0,-25.98,7,0,0.148020852,0.10546749907723554,0.1055,0.0151
8478872,Karel Vejmelka,UTA,0,0,0.0,0.0,12,0,0.472622652,0.36180191243713516,0.3618,0.0302
8478872,Karel Vejmelka,UTA,0,1,0.0,25.98,9,0,0.735236673,0.62486232405938,0.6249,0.0694
8478872,Karel Vejmelka,UTA,0,2,0.0,51.96,1,0,0.026020246,0.018319641940303763,0.0183,0.0183
8478872,Karel Vejmelka,UTA,1,-2,22.5,-38.97,44,0,1.485063859,1.1211929355623684,1.1212,0.0255
8478872,Karel Vejmelka,UTA,1,-1,22.5,-12.99,32,0,1.176771203,0.8558070189443072,0.8558,0.0267
8478872,Karel Vejmelka,UTA,1,0,22.5,12.99,38,0,1.225050501,0.8870556415920583,0.8871,0.0233
8478872,Karel Vejmelka,UTA,1,1,22.5,38.97,23,0,1.060112715,0.8788686454442797,0.8789,0.0382
8478872,Karel Vejmelka,UTA,2,-3,45.0,-51.96,10,0,0.198053039,0.13924737221060562,0.1392,0.0139
8478872,Karel Vejmelka,UTA,2,-2,45.0,-25.98,101,1,4.1811684237,3.109034569873626,2.109,0.0209
8478872,Karel Vejmelka,UTA,2,-1,45.0,0.0,104,3,7.3029411244,5.591106964546617,2.5911,0.0249
8478872,Karel Vejmelka,UTA,2,0,45.0,25.98,65,0,1.9997035026,1.454548973908369,1.4545,0.0224
8478872,Karel Vejmelka,UTA,2,1,45.0,51.96,13,0,0.34199709899999997,0.2466000863478739,0.2466,0.019
8478872,Karel Vejmelka,UTA,3,-3,67.5,-38.97,40,0,1.655621316,1.2317032698923773,1.2317,0.0308
8478872,Karel Vejmelka,UTA,3,-2,67.5,-12.99,237,19,25.4491945725,20.17632912390612,1.1763,0.005
8478872,Karel Vejmelka,UTA,3,-1,67.5,12.99,157,13,15.9773377494,12.588808827811485,-0.4112,-0.0026
8478872,Karel Vejmelka,UTA,3,0,67.5,38.97,50,0,1.711235849,1.2523597801999506,1.2524,0.025
8478872,Karel Vejmelka,UTA,4,-3,90.0,-25.98,27,3,1.326559479,0.9969158467177808,-2.0031,-0.0742
8478872,Karel Vejmelka,UTA,4,-2,90.0,0.0,210,31,28.521987471,22.836964584974535,-8.163,-0.0389
8478872,Karel Vejmelka,UTA,4,-1,90.0,25.98,44,1,3.445802627,2.6638897347804384,1.6639,0.0378
8478872,Karel Vejmelka,UTA,4,0,90.0,51.96,4,0,0.09128035200000001,0.06422375027195663,0.0642,0.016
8478905,Ivan Fedotov,CBJ,1,-2,22.5,-38.97,1,0,0.011060768,0.00794038957831018,0.0079,0.0079
8478905,Ivan Fedotov,CBJ,1,0,22.5,12.99,2,0,0.043319768999999994,0.032067191900657994,0.0321,0.016
8478905,Ivan Fedotov,CBJ,2,-3,45.0,-51.96,1,0,0.019065559,0.01503506325545896,0.015,0.015
8478905,Ivan Fedotov,CBJ,2,-2,45.0,-25.98,3,0,0.098465318,0.07495259657264507,0.075,0.025
8478905,Ivan Fedotov,CBJ,2,-1,45.0,0.0,2,0,0.06951943199999999,0.052989697607839066,0.053,0.0265
8478905,Ivan Fedotov,CBJ,2,0,45.0,25.98,2,0,0.037712853000000005,0.027866165054146068,0.0279,0.014
8478905,Ivan Fedotov,CBJ,2,1,45.0,51.96,1,0,0.019627577,0.014466817467651513,0.0145,0.0145
8478905,Ivan Fedotov,CBJ,3,-2,67.5,-12.99,4,0,0.263469561,0.21172989125118796,0.2117,0.0529
8478905,Ivan Fedotov,CBJ,3,-1,67.5,12.99,2,0,0.165313485,0.13182844136049546,0.1318,0.0659
8478905,Ivan Fedotov,CBJ,4,-2,90.0,0.0,1,0,0.14664556,0.12196876648244151,0.122,0.122
8478916,Joey Daccord,SEA,0,-2,0.0,-51.96,5,0,0.624602604,0.5235766723334891,0.5236,0.1047
8478916,Joey Daccord,SEA,0,1,0.0,25.98,7,0,0.199772182,0.14323612658808554,0.1432,0.0205
8478916,Joey Daccord,SEA,1,-2,22.5,-38.97,28,0,1.087734958,0.8411630401864981,0.8412,0.03
8478916,Joey Daccord,SEA,1,-1,22.5,-12.99,24,0,0.992205384,0.722043097931051,0.722,0.0301
8478916,Joey Daccord,SEA,1,0,22.5,12.99,21,1,0.709856542,0.5203281767730326,-0.4797,-0.0228
8478916,Joey Daccord,SEA,1,1,22.5,38.97,11,0,0.1631770197,0.11204506035238052,0.112,0.0102
8478916,Joey Daccord,SEA,2,-3,45.0,-51.96,8,0,0.16368675900000001,0.11453754778740678,0.1145,0.0143
8478916,Joey Daccord,SEA,2,-2,45.0,-25.98,76,0,2.655530359,1.9360229546390173,1.936,0.0255
8478916,Joey Daccord,SEA,2,-1,45.0,0.0,64,2,3.999420237,3.0189292763224738,1.0189,0.0159
8478916,Joey Daccord,SEA,2,0,45.0,25.98,83,4,2.478509445,1.7862228270195004,-2.2138,-0.0267
8478916,Joey Daccord,SEA,2,1,45.0,51.96,9,1,0.454759364,0.3538155450210978,-0.6462,-0.0718
8478916,Joey Daccord,SEA,3,-3,67.5,-38.97,34,0,1.438119753,1.0696140560426952,1.0696,0.0315
8478916,Joey Daccord,SEA,3,-2,67.5,-12.99,141,9,13.7642948762,10.787808136016535,1.7878,0.0127
8478916,Joey Daccord,SEA,3,-1,67.5,12.99,107,12,9.7296394267,7.577310870628498,-4.4227,-0.0413
8478916,Joey Daccord,SEA,3,0,67.5,38.97,43,0,1.411454394,1.022834038431742,1.0228,0.0238
8478916,Joey Daccord,SEA,4,-3,90.0,-25.98,23,1,1.791046002,1.3740629703934277,0.3741,0.0163
8478916,Joey Daccord,SEA,4,-2,90.0,0.0,188,21,24.536678379,19.43045938263302,-1.5695,-0.0083
8478916,Joey Daccord,SEA,4,-1,90.0,25.98,38,3,2.343591451,1.7746688362181313,-1.2253,-0.0322
8478971,Connor Ingram,EDM,0,-1,0.0,-25.98,4,0,0.0808658817,0.059895627816376355,0.0599,0.015
8478971,Connor Ingram,EDM,0,0,0.0,0.0,4,0,0.3704573195,0.3184332243689416,0.3184,0.0796
8478971,Connor Ingram,EDM,0,1,0.0,25.98,4,0,0.127866373,0.09607805448411448,0.0961,0.024
8478971,Connor Ingram,EDM,1,-2,22.5,-38.97,10,0,0.2133506675,0.15631456495698073,0.1563,0.0156
8478971,Connor Ingram,EDM,1,-1,22.5,-12.99,21,0,0.895586143,0.688544457487781,0.6885,0.0328
8478971,Connor Ingram,EDM,1,0,22.5,12.99,19,0,0.49828679,0.3694642185326337,0.3695,0.0194
8478971,Connor Ingram,EDM,1,1,22.5,38.97,7,0,0.143417241,0.10461167317309301,0.1046,0.0149
8478971,Connor Ingram,EDM,2,-3,45.0,-51.96,5,0,0.097508748,0.070944355515835,0.0709,0.0142
8478971,Connor Ingram,EDM,2,-2,45.0,-25.98,52,3,2.239821364,1.729921077807791,-1.2701,-0.0244
8478971,Connor Ingram,EDM,2,-1,45.0,0.0,54,4,3.307568567,2.59366520603833,-1.4063,-0.026
8478971,Connor Ingram,EDM,2,0,45.0,25.98,47,0,1.484132321,1.124691453129811,1.1247,0.0239
8478971,Connor Ingram,EDM,2,1,45.0,51.96,8,0,0.173063177,0.12664015113277244,0.1266,0.0158
8478971,Connor Ingram,EDM,3,-3,67.5,-38.97,25,0,1.105584791,0.8475462960147896,0.8475,0.0339
8478971,Connor Ingram,EDM,3,-2,67.5,-12.99,109,9,10.082815986,8.233842815011958,-0.7662,-0.007
8478971,Connor Ingram,EDM,3,-1,67.5,12.99,79,8,7.689935079,6.232658918187047,-1.7673,-0.0224
8478971,Connor Ingram,EDM,3,0,67.5,38.97,39,0,1.557884156,1.20369706841838,1.2037,0.0309
8478971,Connor Ingram,EDM,4,-3,90.0,-25.98,18,0,1.00365365,0.7889107289836752,0.7889,0.0438
8478971,Connor Ingram,EDM,4,-2,90.0,0.0,117,13,15.240358333,12.6063111904157,-0.3937,-0.0034
8478971,Connor Ingram,EDM,4,-1,90.0,25.98,31,5,2.689863644,2.166044878625011,-2.834,-0.0914
8478971,Connor Ingram,EDM,4,0,90.0,51.96,2,0,0.03807084,0.027722536928467205,0.0277,0.0138
8479193,Casey DeSmith,DAL,0,-1,0.0,-25.98,2,0,0.050090466,0.03502493131989183,0.035,0.0175
8479193,Casey DeSmith,DAL,0,1,0.0,25.98,2,0,0.036654285,0.025933734404942503,0.0259,0.013
8479193,Casey DeSmith,DAL,1,-2,22.5,-38.97,15,0,0.334309413,0.2329191073799681,0.2329,0.0155
8479193,Casey DeSmith,DAL,1,-1,22.5,-12.99,10,0,0.433157422,0.3115230607207989,0.3115,0.0312
8479193,Casey DeSmith,DAL,1,0,22.5,12.99,13,0,0.502269206,0.3635355736945838,0.3635,0.028
8479193,Casey DeSmith,DAL,1,1,22.5,38.97,10,0,0.210410739,0.14579129222096268,0.1458,0.0146
8479193,Casey DeSmith,DAL,2,-3,45.0,-51.96,5,0,0.147356719,0.10448485157582965,0.1045,0.0209
8479193,Casey DeSmith,DAL,2,-2,45.0,-25.98,28,0,0.953341494,0.683924958237907,0.6839,0.0244
8479193,Casey DeSmith,DAL,2,-1,45.0,0.0,33,2,2.186770358,1.6472140907750001,-0.3528,-0.0107
8479193,Casey DeSmith,DAL,2,0,45.0,25.98,28,1,0.972921696,0.6979332444706219,-0.3021,-0.0108
8479193,Casey DeSmith,DAL,2,1,45.0,51.96,2,0,0.147688433,0.11177999184438436,0.1118,0.0559
8479193,Casey DeSmith,DAL,3,-3,67.5,-38.97,16,2,0.636780495,0.4644448662595807,-1.5356,-0.096
8479193,Casey DeSmith,DAL,3,-2,67.5,-12.99,65,7,6.985670288,5.480231612744294,-1.5198,-0.0234
8479193,Casey DeSmith,DAL,3,-1,67.5,12.99,53,6,6.092709832,4.781805180445197,-1.2182,-0.023
8479193,Casey DeSmith,DAL,3,0,67.5,38.97,22,1,0.742589222,0.5373332251740729,-0.4627,-0.021
8479193,Casey DeSmith,DAL,4,-3,90.0,-25.98,13,2,0.660981162,0.48597530095731184,-1.514,-0.1165
8479193,Casey DeSmith,DAL,4,-2,90.0,0.0,73,5,10.226915766,8.056717517391455,3.0567,0.0419
8479193,Casey DeSmith,DAL,4,-1,90.0,25.98,18,0,1.543491612,1.1772621720260834,1.1773,0.0654
8479193,Casey DeSmith,DAL,4,0,90.0,51.96,1,0,0.01730135,0.012039356773092836,0.012,0.012
8479292,Charlie Lindgren,WSH,0,0,0.0,0.0,1,0,0.008858346,0.0062287907952873044,0.0062,0.0062
8479292,Charlie Lindgren,WSH,0,1,0.0,25.98,2,0,0.021923204,0.015547971904857679,0.0155,0.0078
8479292,Charlie Lindgren,WSH,1,-2,22.5,-38.97,10,1,0.458779836,0.3645573020439909,-0.6354,-0.0635
8479292,Charlie Lindgren,WSH,1,-1,22.5,-12.99,9,1,0.268484028,0.20206354728628326,-0.7979,-0.0887
8479292,Charlie Lindgren,WSH,1,0,22.5,12.99,1,0,0.0287493,0.02121168958193603,0.0212,0.0212
8479292,Charlie Lindgren,WSH,1,1,22.5,38.97,5,0,0.104956327,0.07713153364572675,0.0771,0.0154
8479292,Charlie Lindgren,WSH,2,-3,45.0,-51.96,2,0,0.04309465,0.031895329326167704,0.0319,0.016
8479292,Charlie Lindgren,WSH,2,-2,45.0,-25.98,25,1,1.0014968975,0.7769571321258152,-0.223,-0.0089
8479292,Charlie Lindgren,WSH,2,-1,45.0,0.0,29,2,1.867582434,1.4774990394597405,-0.5225,-0.018
8479292,Charlie Lindgren,WSH,2,0,45.0,25.98,30,0,1.0148983213,0.7699731060164382,0.77,0.0257
8479292,Charlie Lindgren,WSH,2,1,45.0,51.96,4,0,0.07964003,0.05825711964884937,0.0583,0.0146
8479292,Charlie Lindgren,WSH,3,-3,67.5,-38.97,21,0,0.692070823,0.524780266360309,0.5248,0.025
8479292,Charlie Lindgren,WSH,3,-2,67.5,-12.99,65,9,7.3090364023,6.057872737033384,-2.9421,-0.0453
8479292,Charlie Lindgren,WSH,3,-1,67.5,12.99,39,3,3.6135309646000002,2.932216564810164,-0.0678,-0.0017
8479292,Charlie Lindgren,WSH,3,0,67.5,38.97,17,0,0.773188141,0.5997307677421208,0.5997,0.0353
8479292,Charlie Lindgren,WSH,4,-3,90.0,-25.98,6,0,0.272950062,0.21411701998862315,0.2141,0.0357
8479292,Charlie Lindgren,WSH,4,-2,90.0,0.0,64,8,9.014690777,7.485614396201253,-0.5144,-0.008
8479292,Charlie Lindgren,WSH,4,-1,90.0,25.98,17,1,1.502886785,1.2131422158944216,0.2131,0.0125
8479312,Alex Lyon,BUF,0,-2,0.0,-51.96,1,0,0.04084059,0.029981715835419684,0.03,0.03
8479312,Alex Lyon,BUF,0,-1,0.0,-25.98,3,0,0.075209361,0.05473603569120958,0.0547,0.0182
8479312,Alex Lyon,BUF,0,0,0.0,0.0,4,0,0.069889179,0.04927854955511483,0.0493,0.0123
8479312,Alex Lyon,BUF,0,1,0.0,25.98,4,0,0.096256219,0.07184280920651397,0.0718,0.018
8479312,Alex Lyon,BUF,1,-2,22.5,-38.97,32,0,0.8579459229999999,0.637242779700837,0.6372,0.0199
8479312,Alex Lyon,BUF,1,-1,22.5,-12.99,25,0,0.920296596,0.6771652202635612,0.6772,0.0271
8479312,Alex Lyon,BUF,1,0,22.5,12.99,22,0,0.653237149,0.47785702463018903,0.4779,0.0217
8479312,Alex Lyon,BUF,1,1,22.5,38.97,7,0,0.142175732,0.1017145559158475,0.1017,0.0145
8479312,Alex Lyon,BUF,2,-3,45.0,-51.96,4,0,0.08550925,0.06130750658456002,0.0613,0.0153
8479312,Alex Lyon,BUF,2,-2,45.0,-25.98,57,1,2.1464977445,1.5998341753151897,0.5998,0.0105
8479312,Alex Lyon,BUF,2,-1,45.0,0.0,66,1,5.009173998,3.9081828575396713,2.9082,0.0441
8479312,Alex Lyon,BUF,2,0,45.0,25.98,80,1,3.008843386,2.272643767459342,1.2726,0.0159
8479312,Alex Lyon,BUF,2,1,45.0,51.96,13,0,1.304569133,1.1182084483604906,1.1182,0.086
8479312,Alex Lyon,BUF,3,-3,67.5,-38.97,32,0,1.082817046,0.8028305543344078,0.8028,0.0251
8479312,Alex Lyon,BUF,3,-2,67.5,-12.99,134,11,14.2069550915,11.408308578153886,0.4083,0.003
8479312,Alex Lyon,BUF,3,-1,67.5,12.99,124,13,11.6975614885,9.305023439955418,-3.695,-0.0298
8479312,Alex Lyon,BUF,3,0,67.5,38.97,43,2,1.6499947045,1.2329602163508775,-0.767,-0.0178
8479312,Alex Lyon,BUF,4,-3,90.0,-25.98,21,0,1.069423299,0.8130200745231917,0.813,0.0387
8479312,Alex Lyon,BUF,4,-2,90.0,0.0,133,12,18.500221338,14.988286713988765,2.9883,0.0225
8479312,Alex Lyon,BUF,4,-1,90.0,25.98,20,1,1.307263623,1.0095979458925206,0.0096,0.0005
8479313,Zach Sawchenko,CBJ,1,0,22.5,12.99,1,0,0.034140695,0.02515379311227857,0.0252,0.0252
8479313,Zach Sawchenko,CBJ,2,-2,45.0,-25.98,1,0,0.023643713,0.017015134165094894,0.017,0.017
8479313,Zach Sawchenko,CBJ,2,-1,45.0,0.0,2,0,0.22551805600000002,0.1823426060123461,0.1823,0.0912
8479313,Zach Sawchenko,CBJ,2,1,45.0,51.96,2,0,0.04402591,0.03225570158826658,0.0323,0.0162
8479313,Zach Sawchenko,CBJ,3,-2,67.5,-12.99,1,0,0.1547805,0.12570606636563464,0.1257,0.1257
8479313,Zach Sawchenko,CBJ,4,-2,90.0,0.0,2,1,0.208263895,0.16503977532784408,-0.835,-0.4175
8479361,Joseph Woll,TOR,0,-2,0.0,-51.96,1,0,0.014567901,0.010393761707872215,0.0104,0.0104
8479361,Joseph Woll,TOR,0,0,0.0,0.0,2,0,0.048876068,0.03559947735894535,0.0356,0.0178
8479361,Joseph Woll,TOR,0,1,0.0,25.98,3,0,0.028051957000000002,0.019859958870462824,0.0199,0.0066
8479361,Joseph Woll,TOR,1,-2,22.5,-38.97,10,0,0.199778097,0.14538045624744717,0.1454,0.0145
8479361,Joseph Woll,TOR,1,-1,22.5,-12.99,17,0,0.56740004,0.42719308036243175,0.4272,0.0251
8479361,Joseph Woll,TOR,1,0,22.5,12.99,15,0,0.495083598,0.3731576884889008,0.3732,0.0249
8479361,Joseph Woll,TOR,1,1,22.5,38.97,7,0,0.145206903,0.10622679312275808,0.1062,0.0152
8479361,Joseph Woll,TOR,2,-3,45.0,-51.96,6,0,0.115773455,0.08417446552390247,0.0842,0.014
8479361,Joseph Woll,TOR,2,-2,45.0,-25.98,55,0,1.861903793,1.4063682957916261,1.4064,0.0256
8479361,Joseph Woll,TOR,2,-1,45.0,0.0,54,3,3.950897175,3.1355233270764393,0.1355,0.0025
8479361,Joseph Woll,TOR,2,0,45.0,25.98,43,2,1.124870187,0.8377909251380515,-1.1622,-0.027
8479361,Joseph Woll,TOR,2,1,45.0,51.96,7,0,0.150913868,0.1103446926058347,0.1103,0.0158
8479361,Joseph Woll,TOR,3,-3,67.5,-38.97,32,1,0.9611305975,0.7208199546508794,-0.2792,-0.0087
8479361,Joseph Woll,TOR,3,-2,67.5,-12.99,105,11,9.479090989,7.657583609272972,-3.3424,-0.0318
8479361,Joseph Woll,TOR,3,-1,67.5,12.99,67,8,6.695574267,5.46336322932601,-2.5366,-0.0379
8479361,Joseph Woll,TOR,3,0,67.5,38.97,31,0,0.964595377,0.7227673024310107,0.7228,0.0233
8479361,Joseph Woll,TOR,4,-3,90.0,-25.98,7,0,0.45866751,0.3564435822728374,0.3564,0.0509
8479361,Joseph Woll,TOR,4,-2,90.0,0.0,106,16,15.946429234,13.24575170038004,-2.7542,-0.026
8479361,Joseph Woll,TOR,4,-1,90.0,25.98,22,1,1.721550592,1.3839901407765853,0.384,0.0175
8479394,Carter Hart,VGK,0,-1,0.0,-25.98,4,0,0.055107274,0.039218603176915987,0.0392,0.0098
8479394,Carter Hart,VGK,0,1,0.0,25.98,2,0,0.017488212500000003,0.01212049341054247,0.0121,0.006
8479394,Carter Hart,VGK,1,-2,22.5,-38.97,19,0,0.36774918900000003,0.2645746080492588,0.2646,0.0139
8479394,Carter Hart,VGK,1,-1,22.5,-12.99,9,1,0.326672774,0.243112200111592,-0.7569,-0.0841
8479394,Carter Hart,VGK,1,0,22.5,12.99,14,2,0.45408455600000003,0.335910126238574,-1.6641,-0.1189
8479394,Carter Hart,VGK,1,1,22.5,38.97,9,0,0.196862068,0.14316827244865887,0.1432,0.0159
8479394,Carter Hart,VGK,2,-3,45.0,-51.96,6,1,0.126228379,0.09104046689742226,-0.909,-0.1515
8479394,Carter Hart,VGK,2,-2,45.0,-25.98,43,3,1.812136185,1.375668976436056,-1.6243,-0.0378
8479394,Carter Hart,VGK,2,-1,45.0,0.0,34,2,2.571290565,2.0170784669554367,0.0171,0.0005
8479394,Carter Hart,VGK,2,0,45.0,25.98,45,0,1.459704273,1.0964135033565403,1.0964,0.0244
8479394,Carter Hart,VGK,2,1,45.0,51.96,10,0,0.45593469799999997,0.36365299441965854,0.3637,0.0364
8479394,Carter Hart,VGK,3,-3,67.5,-38.97,25,1,0.947692521,0.7138775470164973,-0.2861,-0.0114
8479394,Carter Hart,VGK,3,-2,67.5,-12.99,89,6,9.0541771127,7.3255871271311515,1.3256,0.0149
8479394,Carter Hart,VGK,3,-1,67.5,12.99,80,8,7.500139132,5.993218854516031,-2.0068,-0.0251
8479394,Carter Hart,VGK,3,0,67.5,38.97,28,0,1.061462291,0.8074381841786437,0.8074,0.0288
8479394,Carter Hart,VGK,4,-3,90.0,-25.98,5,0,0.199120835,0.1503600812993409,0.1504,0.0301
8479394,Carter Hart,VGK,4,-2,90.0,0.0,87,9,11.198530612,9.12460274822024,0.1246,0.0014
8479394,Carter Hart,VGK,4,-1,90.0,25.98,27,1,2.810956255,2.26726842987259,1.2673,0.0469
8479394,Carter Hart,VGK,4,0,90.0,51.96,1,0,0.023680568,0.01738144691623401,0.0174,0.0174
8479406,Filip Gustavsson,MIN,0,-2,0.0,-51.96,1,0,0.0097474065,0.006590496150544492,0.0066,0.0066
8479406,Filip Gustavsson,MIN,0,-1,0.0,-25.98,1,0,0.02676878,0.019341607844365106,0.0193,0.0193
8479406,Filip Gustavsson,MIN,0,0,0.0,0.0,5,0,0.09130994199999999,0.06513275211103524,0.0651,0.013
8479406,Filip Gustavsson,MIN,0,1,0.0,25.98,2,0,0.0268970695,0.018850959041605022,0.0189,0.0094
8479406,Filip Gustavsson,MIN,1,-2,22.5,-38.97,21,0,0.46996547,0.3334486294481776,0.3334,0.0159
8479406,Filip Gustavsson,MIN,1,-1,22.5,-12.99,12,1,0.365177689,0.2642095857290297,-0.7358,-0.0613
8479406,Filip Gustavsson,MIN,1,0,22.5,12.99,25,1,0.740787434,0.5328240502831331,-0.4672,-0.0187
8479406,Filip Gustavsson,MIN,1,1,22.5,38.97,13,0,0.278788049,0.1979268797589969,0.1979,0.0152
8479406,Filip Gustavsson,MIN,2,-3,45.0,-51.96,5,0,0.102235174,0.07240032113461865,0.0724,0.0145
8479406,Filip Gustavsson,MIN,2,-2,45.0,-25.98,80,0,2.8801245764,2.1138528521009907,2.1139,0.0264
8479406,Filip Gustavsson,MIN,2,-1,45.0,0.0,60,3,4.047507181,3.094632124433189,0.0946,0.0016
8479406,Filip Gustavsson,MIN,2,0,45.0,25.98,57,1,1.664437884,1.2037802692927835,0.2038,0.0036
8479406,Filip Gustavsson,MIN,2,1,45.0,51.96,5,0,0.107718808,0.07594323956817342,0.0759,0.0152
8479406,Filip Gustavsson,MIN,3,-3,67.5,-38.97,36,2,1.281658532,0.9380882959228747,-1.0619,-0.0295
8479406,Filip Gustavsson,MIN,3,-2,67.5,-12.99,130,9,14.148879385,11.222033767521339,2.222,0.0171
8479406,Filip Gustavsson,MIN,3,-1,67.5,12.99,88,4,8.5589624456,6.771109466076059,2.7711,0.0315
8479406,Filip Gustavsson,MIN,3,0,67.5,38.97,41,0,1.51551779,1.1205325858976343,1.1205,0.0273
8479406,Filip Gustavsson,MIN,4,-3,90.0,-25.98,15,0,0.602231365,0.45026446145518195,0.4503,0.03
8479406,Filip Gustavsson,MIN,4,-2,90.0,0.0,140,17,17.728270872,14.08478743050078,-2.9152,-0.0208
8479406,Filip Gustavsson,MIN,4,-1,90.0,25.98,33,3,2.876212676,2.2543495755758753,-0.7457,-0.0226
8479496,David Rittich,NYI,0,-1,0.0,-25.98,2,0,0.052032418999999996,0.03838013887385004,0.0384,0.0192
8479496,David Rittich,NYI,0,0,0.0,0.0,3,0,0.078785246,0.05787417072852232,0.0579,0.0193
8479496,David Rittich,NYI,0,1,0.0,25.98,5,0,0.09069005429999999,0.06672963555207058,0.0667,0.0133
8479496,David Rittich,NYI,1,-2,22.5,-38.97,10,0,0.7952476698,0.6674659120895443,0.6675,0.0668
8479496,David Rittich,NYI,1,-1,22.5,-12.99,22,1,0.92123989,0.6943727908122308,-0.3056,-0.0139
8479496,David Rittich,NYI,1,0,22.5,12.99,19,0,0.673382516,0.5071278738379623,0.5071,0.0267
8479496,David Rittich,NYI,1,1,22.5,38.97,13,0,0.372318317,0.27913318437551854,0.2791,0.0215
8479496,David Rittich,NYI,2,-2,45.0,-25.98,49,0,1.941049213,1.4779746464733317,1.478,0.0302
8479496,David Rittich,NYI,2,-1,45.0,0.0,37,1,2.578837951,2.007748867080443,1.0077,0.0272
8479496,David Rittich,NYI,2,0,45.0,25.98,37,1,1.320020637,0.9918456558775289,-0.0082,-0.0002
8479496,David Rittich,NYI,2,1,45.0,51.96,2,0,0.032156176,0.022967488088065632,0.023,0.0115
8479496,David Rittich,NYI,3,-3,67.5,-38.97,14,0,0.485643226,0.36258301497107637,0.3626,0.0259
8479496,David Rittich,NYI,3,-2,67.5,-12.99,88,12,9.9758755091,8.15608572152485,-3.8439,-0.0437
8479496,David Rittich,NYI,3,-1,67.5,12.99,65,8,6.5050253775,5.252405115566602,-2.7476,-0.0423
8479496,David Rittich,NYI,3,0,67.5,38.97,28,0,0.976576878,0.7287103278921846,0.7287,0.026
8479496,David Rittich,NYI,4,-3,90.0,-25.98,14,0,0.760869464,0.5838014117519943,0.5838,0.0417
8479496,David Rittich,NYI,4,-2,90.0,0.0,105,10,14.466642249,11.824704519440447,1.8247,0.0174
8479496,David Rittich,NYI,4,-1,90.0,25.98,21,0,1.718723885,1.3522762783898163,1.3523,0.0644
8479496,David Rittich,NYI,4,0,90.0,51.96,1,0,0.016728397,0.011931550411017296,0.0119,0.0119
8479548,Filip Larsson,,1,-1,22.5,-12.99,1,0,0.046236828,0.035257619187430776,0.0353,0.0353
8479548,Filip Larsson,,3,-2,67.5,-12.99,3,0,0.45157872,0.37365328462306563,0.3737,0.1246
8479548,Filip Larsson,,3,-1,67.5,12.99,3,0,0.312317185,0.24942126830410455,0.2494,0.0831
8479973,Stuart Skinner,PIT,0,-2,0.0,-51.96,2,0,0.10418581,0.07899004727319679,0.079,0.0395
8479973,Stuart Skinner,PIT,0,-1,0.0,-25.98,5,0,0.14139228499999998,0.1054470636416554,0.1054,0.0211
8479973,Stuart Skinner,PIT,0,0,0.0,0.0,5,0,0.0944266003,0.06729745624823835,0.0673,0.0135
8479973,Stuart Skinner,PIT,0,1,0.0,25.98,2,0,0.036931062,0.02615570022927996,0.0262,0.0131
8479973,Stuart Skinner,PIT,1,-2,22.5,-38.97,25,0,0.89343701,0.6881753812378433,0.6882,0.0275
8479973,Stuart Skinner,PIT,1,-1,22.5,-12.99,27,1,1.021509749,0.7527758527190795,-0.2472,-0.0092
8479973,Stuart Skinner,PIT,1,0,22.5,12.99,23,2,0.707435298,0.5173523583617746,-1.4826,-0.0645
8479973,Stuart Skinner,PIT,1,1,22.5,38.97,12,0,0.7504528335,0.6340083038714066,0.634,0.0528
8479973,Stuart Skinner,PIT,2,-3,45.0,-51.96,10,0,0.282769695,0.21059256125747122,0.2106,0.0211
8479973,Stuart Skinner,PIT,2,-2,45.0,-25.98,86,1,3.3516392375,2.5061512042061755,1.5062,0.0175
8479973,Stuart Skinner,PIT,2,-1,45.0,0.0,65,1,3.900983205,2.98388448910378,1.9839,0.0305
8479973,Stuart Skinner,PIT,2,0,45.0,25.98,74,2,2.444857467,1.8075838410537357,-0.1924,-0.0026
8479973,Stuart Skinner,PIT,2,1,45.0,51.96,3,0,0.32383465800000005,0.2720275043436786,0.272,0.0907
8479973,Stuart Skinner,PIT,3,-3,67.5,-38.97,28,2,1.040403062,0.7752573683116907,-1.2247,-0.0437
8479973,Stuart Skinner,PIT,3,-2,67.5,-12.99,169,19,18.0940921196,14.473291156737014,-4.5267,-0.0268
8479973,Stuart Skinner,PIT,3,-1,67.5,12.99,136,12,13.8151717758,11.019324466181915,-0.9807,-0.0072
8479973,Stuart Skinner,PIT,3,0,67.5,38.97,31,2,1.201845746,0.8975790498449121,-1.1024,-0.0356
8479973,Stuart Skinner,PIT,4,-3,90.0,-25.98,21,0,1.223237137,0.9324651691831456,0.9325,0.0444
8479973,Stuart Skinner,PIT,4,-2,90.0,0.0,192,13,25.280027851,20.441877583920075,7.4419,0.0388
8479973,Stuart Skinner,PIT,4,-1,90.0,25.98,29,2,2.31993258,1.8105225086346701,-0.1895,-0.0065
8479973,Stuart Skinner,PIT,4,0,90.0,51.96,1,0,0.019751608,0.014094187985516916,0.0141,0.0141
8479979,Jake Oettinger,DAL,0,-2,0.0,-51.96,2,0,0.021154064,0.014453064331039125,0.0145,0.0072
8479979,Jake Oettinger,DAL,0,-1,0.0,-25.98,2,0,0.0179219415,0.012315850150897568,0.0123,0.0062
8479979,Jake Oettinger,DAL,0,0,0.0,0.0,1,0,0.020709926,0.014435557499985888,0.0144,0.0144
8479979,Jake Oettinger,DAL,0,1,0.0,25.98,2,0,0.024494041,0.016667812974764332,0.0167,0.0084
8479979,Jake Oettinger,DAL,1,-2,22.5,-38.97,25,0,0.58032382,0.4110142803050287,0.411,0.0164
8479979,Jake Oettinger,DAL,1,-1,22.5,-12.99,18,0,0.754639437,0.5518018512274436,0.5518,0.0307
8479979,Jake Oettinger,DAL,1,0,22.5,12.99,23,0,0.949678646,0.7202484537930409,0.7202,0.0313
8479979,Jake Oettinger,DAL,1,1,22.5,38.97,14,0,0.3040267525,0.21533177592163497,0.2153,0.0154
8479979,Jake Oettinger,DAL,2,-3,45.0,-51.96,9,1,0.192117279,0.1354673408750614,-0.8645,-0.0961
8479979,Jake Oettinger,DAL,2,-2,45.0,-25.98,74,2,2.880331884,2.119004110327843,0.119,0.0016
8479979,Jake Oettinger,DAL,2,-1,45.0,0.0,83,4,6.1064394016,4.673422544630126,0.6734,0.0081
8479979,Jake Oettinger,DAL,2,0,45.0,25.98,56,1,1.867336454,1.3570275769243891,0.357,0.0064
8479979,Jake Oettinger,DAL,2,1,45.0,51.96,7,0,0.298891199,0.22601500915776906,0.226,0.0323
8479979,Jake Oettinger,DAL,3,-3,67.5,-38.97,36,0,1.588143328,1.1915940349385585,1.1916,0.0331
8479979,Jake Oettinger,DAL,3,-2,67.5,-12.99,146,14,18.6603897844,14.980687741613908,0.9807,0.0067
8479979,Jake Oettinger,DAL,3,-1,67.5,12.99,103,13,11.2835512357,8.938529046051984,-4.0615,-0.0394
8479979,Jake Oettinger,DAL,3,0,67.5,38.97,45,1,1.512214237,1.0965316346287954,0.0965,0.0021
8479979,Jake Oettinger,DAL,4,-3,90.0,-25.98,15,0,0.797950422,0.5994161421122716,0.5994,0.04
8479979,Jake Oettinger,DAL,4,-2,90.0,0.0,150,18,19.88982025,15.820295255996719,-2.1797,-0.0145
8479979,Jake Oettinger,DAL,4,-1,90.0,25.98,22,0,1.40002163,1.0641749951384314,1.0642,0.0484
8479979,Jake Oettinger,DAL,4,0,90.0,51.96,1,0,0.022063838,0.015466009349601184,0.0155,0.0155
8480022,Michael DiPietro,BOS,1,0,22.5,12.99,3,0,0.082225929,0.06069643482434671,0.0607,0.0202
8480022,Michael DiPietro,BOS,1,1,22.5,38.97,2,0,0.031588904,0.02262198490251845,0.0226,0.0113
8480022,Michael DiPietro,BOS,2,-1,45.0,0.0,1,0,0.0047534355,0.003207013431867196,0.0032,0.0032
8480022,Michael DiPietro,BOS,3,-3,67.5,-38.97,3,0,0.077992296,0.05796557298971915,0.058,0.0193
8480022,Michael DiPietro,BOS,3,-2,67.5,-12.99,3,1,0.303838742,0.24845444550148965,-0.7515,-0.2505
8480022,Michael DiPietro,BOS,3,-1,67.5,12.99,4,2,0.558372308,0.4629317626621433,-1.5371,-0.3843
8480022,Michael DiPietro,BOS,4,-3,90.0,-25.98,2,0,0.143202265,0.11203874218196413,0.112,0.056
8480022,Michael DiPietro,BOS,4,-2,90.0,0.0,5,2,0.6428230699999999,0.5239482069866437,-1.4761,-0.2952
8480022,Michael DiPietro,BOS,4,-1,90.0,25.98,2,0,0.102030984,0.07748633503225644,0.0775,0.0388
8480045,Ukko-Pekka Luukkonen,BUF,0,-2,0.0,-51.96,1,0,0.042194843,0.03229031438936636,0.0323,0.0323
8480045,Ukko-Pekka Luukkonen,BUF,0,0,0.0,0.0,2,0,0.028531773,0.02074389079660615,0.0207,0.0104
8480045,Ukko-Pekka Luukkonen,BUF,0,1,0.0,25.98,7,0,0.671435509,0.6114403242032881,0.6114,0.0873
8480045,Ukko-Pekka Luukkonen,BUF,1,-2,22.5,-38.97,20,0,0.4611562595,0.3379792259943206,0.338,0.0169
8480045,Ukko-Pekka Luukkonen,BUF,1,-1,22.5,-12.99,20,0,0.814151079,0.61322395152604,0.6132,0.0307
8480045,Ukko-Pekka Luukkonen,BUF,1,0,22.5,12.99,15,0,0.618270367,0.47861352963663417,0.4786,0.0319
8480045,Ukko-Pekka Luukkonen,BUF,1,1,22.5,38.97,5,0,0.127860372,0.09454997853736215,0.0945,0.0189
8480045,Ukko-Pekka Luukkonen,BUF,2,-3,45.0,-51.96,9,0,0.261146799,0.19713061635090043,0.1971,0.0219
8480045,Ukko-Pekka Luukkonen,BUF,2,-2,45.0,-25.98,64,2,2.419928896,1.8348625677499948,-0.1651,-0.0026
8480045,Ukko-Pekka Luukkonen,BUF,2,-1,45.0,0.0,50,1,3.554454203,2.7946539933990304,1.7947,0.0359
8480045,Ukko-Pekka Luukkonen,BUF,2,0,45.0,25.98,63,1,1.991649225,1.4912600578038684,0.4913,0.0078
8480045,Ukko-Pekka Luukkonen,BUF,2,1,45.0,51.96,10,0,0.225445806,0.16386971964938063,0.1639,0.0164
8480045,Ukko-Pekka Luukkonen,BUF,3,-3,67.5,-38.97,31,0,0.92800419,0.6932749265786395,0.6933,0.0224
8480045,Ukko-Pekka Luukkonen,BUF,3,-2,67.5,-12.99,114,10,12.8098249973,10.461038285915611,0.461,0.004
8480045,Ukko-Pekka Luukkonen,BUF,3,-1,67.5,12.99,81,9,7.1982791371,5.7886828038613105,-3.2113,-0.0396
8480045,Ukko-Pekka Luukkonen,BUF,3,0,67.5,38.97,32,1,1.106945387,0.8340358379606019,-0.166,-0.0052
8480045,Ukko-Pekka Luukkonen,BUF,4,-3,90.0,-25.98,10,1,0.622786683,0.48488759001174164,-0.5151,-0.0515
8480045,Ukko-Pekka Luukkonen,BUF,4,-2,90.0,0.0,105,13,13.363702926,10.915856206010396,-2.0841,-0.0198
8480045,Ukko-Pekka Luukkonen,BUF,4,-1,90.0,25.98,22,1,1.673780371,1.3198631461786514,0.3199,0.0145
8480051,Cayden Primeau,CAR,0,1,0.0,25.98,1,0,0.009660636,0.006990281195479075,0.007,0.007
8480051,Cayden Primeau,CAR,1,-2,22.5,-38.97,1,0,0.013095215,0.009756639904119324,0.0098,0.0098
8480051,Cayden Primeau,CAR,1,-1,22.5,-12.99,1,0,0.026476435,0.02043108929386077,0.0204,0.0204
8480051,Cayden Primeau,CAR,1,0,22.5,12.99,1,0,0.02194268,0.01636748962900043,0.0164,0.0164
8480051,Cayden Primeau,CAR,2,-2,45.0,-25.98,7,1,0.24064729799999998,0.18640576856422436,-0.8136,-0.1162
8480051,Cayden Primeau,CAR,2,-1,45.0,0.0,1,0,0.03704063,0.02898711631077461,0.029,0.029
8480051,Cayden Primeau,CAR,2,0,45.0,25.98,8,1,0.255507706,0.19653530136936825,-0.8035,-0.1004
8480051,Cayden Primeau,CAR,3,-2,67.5,-12.99,13,1,1.443676818,1.2111473270615878,0.2111,0.0162
8480051,Cayden Primeau,CAR,3,-1,67.5,12.99,8,0,0.77883914,0.6449005185382304,0.6449,0.0806
8480051,Cayden Primeau,CAR,3,0,67.5,38.97,7,0,0.148999736,0.11214060652796075,0.1121,0.016
8480051,Cayden Primeau,CAR,4,-2,90.0,0.0,12,3,1.478445257,1.24045356297227,-1.7595,-0.1466
8480051,Cayden Primeau,CAR,4,-1,90.0,25.98,1,0,0.07701391,0.062259682020920214,0.0623,0.0623
8480193,Daniil Tarasov,FLA,0,-2,0.0,-51.96,1,0,0.006637817,0.004536052622555012,0.0045,0.0045
8480193,Daniil Tarasov,FLA,0,-1,0.0,-25.98,2,0,0.023675444,0.01714922197051664,0.0171,0.0086
8480193,Daniil Tarasov,FLA,0,0,0.0,0.0,3,0,0.04842858,0.03561851064845236,0.0356,0.0119
8480193,Daniil Tarasov,FLA,0,1,0.0,25.98,3,0,0.0360800261,0.025913762724236806,0.0259,0.0086
8480193,Daniil Tarasov,FLA,1,-2,22.5,-38.97,17,0,0.434744508,0.32492306980978236,0.3249,0.0191
8480193,Daniil Tarasov,FLA,1,-1,22.5,-12.99,16,1,0.580577905,0.44225816493662956,-0.5577,-0.0349
8480193,Daniil Tarasov,FLA,1,0,22.5,12.99,15,0,0.464563959,0.35423124360422253,0.3542,0.0236
8480193,Daniil Tarasov,FLA,1,1,22.5,38.97,6,0,0.1011975925,0.0746651863520101,0.0747,0.0125
8480193,Daniil Tarasov,FLA,2,-3,45.0,-51.96,1,0,0.027902903,0.020921857658527436,0.0209,0.0209
8480193,Daniil Tarasov,FLA,2,-2,45.0,-25.98,44,2,1.802067174,1.403972205455867,-0.596,-0.0135
8480193,Daniil Tarasov,FLA,2,-1,45.0,0.0,33,0,2.236356628,1.7793855318783294,1.7794,0.0539
8480193,Daniil Tarasov,FLA,2,0,45.0,25.98,32,2,0.860052418,0.6481811065650681,-1.3518,-0.0422
8480193,Daniil Tarasov,FLA,2,1,45.0,51.96,3,0,0.052013573,0.0381398503676738,0.0381,0.0127
8480193,Daniil Tarasov,FLA,3,-3,67.5,-38.97,22,0,0.627314943,0.47335302788884276,0.4734,0.0215
8480193,Daniil Tarasov,FLA,3,-2,67.5,-12.99,80,11,8.974063474,7.468736861861523,-3.5313,-0.0441
8480193,Daniil Tarasov,FLA,3,-1,67.5,12.99,81,11,8.924365795,7.38829671329993,-3.6117,-0.0446
8480193,Daniil Tarasov,FLA,3,0,67.5,38.97,20,0,0.819593409,0.6319018789165753,0.6319,0.0316
8480193,Daniil Tarasov,FLA,4,-3,90.0,-25.98,8,0,0.469863157,0.36737947580753627,0.3674,0.0459
8480193,Daniil Tarasov,FLA,4,-2,90.0,0.0,79,13,10.661781543,8.893937208362766,-4.1061,-0.052
8480193,Daniil Tarasov,FLA,4,-1,90.0,25.98,16,0,1.06580141,0.8533620350293162,0.8534,0.0533
8480238,Jiri Patera,VAN,1,-2,22.5,-38.97,2,0,0.047909662000000006,0.03481756048800227,0.0348,0.0174
8480238,Jiri Patera,VAN,1,0,22.5,12.99,2,0,0.034798626,0.02509249349998969,0.0251,0.0126
8480238,Jiri Patera,VAN,2,-2,45.0,-25.98,3,0,0.135339977,0.103742762403774,0.1037,0.0346
8480238,Jiri Patera,VAN,2,1,45.0,51.96,1,0,0.021925248,0.01596523932510396,0.016,0.016
8480238,Jiri Patera,VAN,3,-3,67.5,-38.97,1,0,0.01750745,0.012478596381085212,0.0125,0.0125
8480238,Jiri Patera,VAN,3,-2,67.5,-12.99,3,1,0.374931016,0.3088625522290049,-0.6911,-0.2304
8480238,Jiri Patera,VAN,3,0,67.5,38.97,2,0,0.046236733,0.03372174116994221,0.0337,0.0168
8480238,Jiri Patera,VAN,4,-2,90.0,0.0,5,2,0.6872302299999999,0.5606326319603728,-1.4394,-0.2879
8480280,Jeremy Swayman,BOS,0,-2,0.0,-51.96,1,0,0.019536193,0.013603069683481623,0.0136,0.0136
8480280,Jeremy Swayman,BOS,0,-1,0.0,-25.98,6,0,0.5691701697,0.4930838394563342,0.4931,0.0822
8480280,Jeremy Swayman,BOS,0,0,0.0,0.0,3,0,0.12037733,0.08743514423606985,0.0874,0.0291
8480280,Jeremy Swayman,BOS,0,1,0.0,25.98,4,0,0.133278228,0.09497096165040374,0.095,0.0238
8480280,Jeremy Swayman,BOS,1,-2,22.5,-38.97,37,0,0.9777226234,0.7012349191988148,0.7012,0.019
8480280,Jeremy Swayman,BOS,1,-1,22.5,-12.99,35,0,1.734350359,1.3031314315334832,1.3031,0.0372
8480280,Jeremy Swayman,BOS,1,0,22.5,12.99,25,1,0.756929692,0.5393450462626185,-0.4607,-0.0184
8480280,Jeremy Swayman,BOS,1,1,22.5,38.97,28,0,0.9237665445,0.7191847196468306,0.7192,0.0257
8480280,Jeremy Swayman,BOS,2,-3,45.0,-51.96,12,1,0.229360916,0.16017077506533592,-0.8398,-0.07
8480280,Jeremy Swayman,BOS,2,-2,45.0,-25.98,83,2,3.4120601389,2.5108371005816834,0.5108,0.0062
8480280,Jeremy Swayman,BOS,2,-1,45.0,0.0,87,6,5.77337607,4.355456359236853,-1.6445,-0.0189
8480280,Jeremy Swayman,BOS,2,0,45.0,25.98,81,1,2.846605938,2.0732246060473853,1.0732,0.0132
8480280,Jeremy Swayman,BOS,2,1,45.0,51.96,16,0,0.364425245,0.255606191660598,0.2556,0.016
8480280,Jeremy Swayman,BOS,3,-3,67.5,-38.97,40,2,1.659336329,1.224371193805023,-0.7756,-0.0194
8480280,Jeremy Swayman,BOS,3,-2,67.5,-12.99,189,11,22.0398024455,17.47327964823408,6.4733,0.0343
8480280,Jeremy Swayman,BOS,3,-1,67.5,12.99,152,15,15.8816000665,12.504255871831733,-2.4957,-0.0164
8480280,Jeremy Swayman,BOS,3,0,67.5,38.97,51,2,1.986452101,1.4535947972179475,-0.5464,-0.0107
8480280,Jeremy Swayman,BOS,4,-3,90.0,-25.98,21,0,1.172147278,0.8735694382013445,0.8736,0.0416
8480280,Jeremy Swayman,BOS,4,-2,90.0,0.0,237,18,33.082258112,26.263422565800113,8.2634,0.0349
8480280,Jeremy Swayman,BOS,4,-1,90.0,25.98,49,4,3.587021068,2.7355325756214315,-1.2645,-0.0258
8480280,Jeremy Swayman,BOS,4,0,90.0,51.96,2,0,0.042722588,0.029795583070121083,0.0298,0.0149
8480313,Logan Thompson,WSH,0,-2,0.0,-51.96,3,0,0.057922979,0.03852437858992103,0.0385,0.0128
8480313,Logan Thompson,WSH,0,-1,0.0,-25.98,2,0,0.060209506,0.04116881413003265,0.0412,0.0206
8480313,Logan Thompson,WSH,0,0,0.0,0.0,1,0,0.008806883,0.005501072543777007,0.0055,0.0055
8480313,Logan Thompson,WSH,0,1,0.0,25.98,5,0,0.120508955,0.0822364488332662,0.0822,0.0164
8480313,Logan Thompson,WSH,1,-2,22.5,-38.97,29,0,0.767051215,0.5171499776042331,0.5171,0.0178
8480313,Logan Thompson,WSH,1,-1,22.5,-12.99,19,2,0.723001582,0.49775826846474797,-1.5022,-0.0791
8480313,Logan Thompson,WSH,1,0,22.5,12.99,13,2,0.39240658100000003,0.2658210885443421,-1.7342,-0.1334
8480313,Logan Thompson,WSH,1,1,22.5,38.97,11,0,0.219894033,0.14536483744785578,0.1454,0.0132
8480313,Logan Thompson,WSH,2,-3,45.0,-51.96,3,0,0.056141462,0.03725561825431072,0.0373,0.0124
8480313,Logan Thompson,WSH,2,-2,45.0,-25.98,65,0,2.769438799,1.9342258411388538,1.9342,0.0298
8480313,Logan Thompson,WSH,2,-1,45.0,0.0,67,3,4.422306448,3.192692674649537,0.1927,0.0029
8480313,Logan Thompson,WSH,2,0,45.0,25.98,62,0,2.041930289,1.400062857980412,1.4001,0.0226
8480313,Logan Thompson,WSH,2,1,45.0,51.96,5,0,0.098383201,0.06496247178606299,0.065,0.013
8480313,Logan Thompson,WSH,3,-3,67.5,-38.97,32,0,1.325428572,0.9300337444485578,0.93,0.0291
8480313,Logan Thompson,WSH,3,-2,67.5,-12.99,146,14,16.7545556153,12.69699291345438,-1.303,-0.0089
8480313,Logan Thompson,WSH,3,-1,67.5,12.99,99,5,11.768765008,8.897499646311408,3.8975,0.0394
8480313,Logan Thompson,WSH,3,0,67.5,38.97,38,1,1.2222163704,0.8432212750224607,-0.1568,-0.0041
8480313,Logan Thompson,WSH,4,-3,90.0,-25.98,16,0,1.030589693,0.7485599192023429,0.7486,0.0468
8480313,Logan Thompson,WSH,4,-2,90.0,0.0,154,17,22.0349066,16.775722355783294,-0.2243,-0.0015
8480313,Logan Thompson,WSH,4,-1,90.0,25.98,30,2,2.316415243,1.6925108037235261,-0.3075,-0.0102
8480313,Logan Thompson,WSH,4,0,90.0,51.96,1,0,0.0193677,0.012977239149012944,0.013,0.013
8480382,Alexandar Georgiev,,0,-2,0.0,-51.96,1,0,0.05563094,0.043577786977759075,0.0436,0.0436
8480382,Alexandar Georgiev,,1,-2,22.5,-38.97,1,0,0.020497624,0.015133252510320605,0.0151,0.0151
8480382,Alexandar Georgiev,,1,1,22.5,38.97,1,0,0.01831886,0.013500960938819279,0.0135,0.0135
8480382,Alexandar Georgiev,,2,-2,45.0,-25.98,6,0,0.125621143,0.09303118980579508,0.093,0.0155
8480382,Alexandar Georgiev,,2,-1,45.0,0.0,3,0,0.163689434,0.1292763567873313,0.1293,0.0431
8480382,Alexandar Georgiev,,2,0,45.0,25.98,3,0,0.08228263499999999,0.06197461131194805,0.062,0.0207
8480382,Alexandar Georgiev,,2,1,45.0,51.96,1,0,0.021021243,0.015593257621885364,0.0156,0.0156
8480382,Alexandar Georgiev,,3,-3,67.5,-38.97,2,0,0.045571797,0.03380392474726165,0.0338,0.0169
8480382,Alexandar Georgiev,,3,-2,67.5,-12.99,13,0,1.54779548,1.2892308081002424,1.2892,0.0992
8480382,Alexandar Georgiev,,3,-1,67.5,12.99,11,0,0.915993889,0.7451423232690741,0.7451,0.0677
8480382,Alexandar Georgiev,,3,0,67.5,38.97,1,0,0.04395645,0.03391885659058539,0.0339,0.0339
8480382,Alexandar Georgiev,,4,-2,90.0,0.0,13,4,1.942429024,1.6219446071861199,-2.3781,-0.1829
8480382,Alexandar Georgiev,,4,-1,90.0,25.98,1,0,0.031359162,0.023642115701806916,0.0236,0.0236
8480481,Parker Gahagen,,0,0,0.0,0.0,1,0,0.5936676,0.5572022120794059,0.5572,0.5572
8480481,Parker Gahagen,,1,1,22.5,38.97,1,0,0.020311136,0.014530846060618142,0.0145,0.0145
8480481,Parker Gahagen,,2,-1,45.0,0.0,1,0,0.04643064,0.03479379534592486,0.0348,0.0348
8480481,Parker Gahagen,,2,0,45.0,25.98,1,0,0.019417692,0.013853541411423729,0.0139,0.0139
8480481,Parker Gahagen,,3,-2,67.5,-12.99,2,0,0.211418681,0.16796947278344704,0.168,0.084
8480481,Parker Gahagen,,4,-2,90.0,0.0,2,0,0.32408226,0.26448311841138455,0.2645,0.1322
8480819,Jakub Skarek,SJS,1,-2,22.5,-38.97,2,0,0.037596496,0.026725906035056847,0.0267,0.0134
8480819,Jakub Skarek,SJS,1,0,22.5,12.99,1,0,0.018892724,0.013467244049784978,0.0135,0.0135
8480819,Jakub Skarek,SJS,2,-3,45.0,-51.96,1,0,0.02234383,0.016301221070559934,0.0163,0.0163
8480819,Jakub Skarek,SJS,3,-3,67.5,-38.97,2,0,0.106228852,0.08096970559818498,0.081,0.0405
8480819,Jakub Skarek,SJS,3,-1,67.5,12.99,1,0,0.14434758,0.11661360303841731,0.1166,0.1166
8480819,Jakub Skarek,SJS,3,0,67.5,38.97,1,0,0.016797274,0.012103862899072117,0.0121,0.0121
8480819,Jakub Skarek,SJS,4,-2,90.0,0.0,1,0,0.03670355,0.027304277370457222,0.0273,0.0273
8480819,Jakub Skarek,SJS,4,-1,90.0,25.98,1,0,0.026150366,0.01897045605587536,0.019,0.019
8480843,Lukas Dostal,ANA,0,-2,0.0,-51.96,2,0,0.0177423893,0.011958420535726199,0.012,0.006
8480843,Lukas Dostal,ANA,0,-1,0.0,-25.98,5,0,0.113236115,0.08000006758559938,0.08,0.016
8480843,Lukas Dostal,ANA,0,0,0.0,0.0,4,0,0.0590418685,0.040871638877421124,0.0409,0.0102
8480843,Lukas Dostal,ANA,0,1,0.0,25.98,5,0,0.628818207,0.5462457896887432,0.5462,0.1092
8480843,Lukas Dostal,ANA,1,-2,22.5,-38.97,18,0,0.9828209845,0.8039031364120319,0.8039,0.0447
8480843,Lukas Dostal,ANA,1,-1,22.5,-12.99,33,1,1.189241277,0.8675350866753591,-0.1325,-0.004
8480843,Lukas Dostal,ANA,1,0,22.5,12.99,34,0,1.0024957447,0.7236528903473696,0.7237,0.0213
8480843,Lukas Dostal,ANA,1,1,22.5,38.97,12,0,0.541353543,0.43524613393733375,0.4352,0.0363
8480843,Lukas Dostal,ANA,2,-3,45.0,-51.96,13,0,0.278416194,0.19802941933279056,0.198,0.0152
8480843,Lukas Dostal,ANA,2,-2,45.0,-25.98,96,3,3.957236746,2.951810169851457,-0.0482,-0.0005
8480843,Lukas Dostal,ANA,2,-1,45.0,0.0,109,6,7.8398637653,6.0103508119401265,0.0104,0.0001
8480843,Lukas Dostal,ANA,2,0,45.0,25.98,94,2,3.07990025,2.2542326866033333,0.2542,0.0027
8480843,Lukas Dostal,ANA,2,1,45.0,51.96,9,0,0.176387775,0.12404235544306422,0.124,0.0138
8480843,Lukas Dostal,ANA,3,-3,67.5,-38.97,54,1,2.1556650485,1.6018976150403401,0.6019,0.0111
8480843,Lukas Dostal,ANA,3,-2,67.5,-12.99,175,22,19.5605115434,15.570293364828716,-6.4297,-0.0367
8480843,Lukas Dostal,ANA,3,-1,67.5,12.99,178,15,19.4061922885,15.459414908895486,0.4594,0.0026
8480843,Lukas Dostal,ANA,3,0,67.5,38.97,67,2,2.6218930129999998,1.9364129300753774,-0.0636,-0.0009
8480843,Lukas Dostal,ANA,4,-3,90.0,-25.98,23,2,1.445072651,1.1000982024060082,-0.8999,-0.0391
8480843,Lukas Dostal,ANA,4,-2,90.0,0.0,226,28,29.23501909,23.313783554414805,-4.6862,-0.0207
8480843,Lukas Dostal,ANA,4,-1,90.0,25.98,44,2,3.564452018,2.7691121359268047,0.7691,0.0175
8480843,Lukas Dostal,ANA,4,0,90.0,51.96,2,0,0.044731322000000004,0.03145493178175142,0.0315,0.0158
8480947,Kevin Lankinen,VAN,0,-2,0.0,-51.96,1,0,0.006934726,0.004866898266134521,0.0049,0.0049
8480947,Kevin Lankinen,VAN,0,-1,0.0,-25.98,3,0,0.036420591,0.026595287160244216,0.0266,0.0089
8480947,Kevin Lankinen,VAN,0,1,0.0,25.98,5,0,0.082897596,0.060799426031345846,0.0608,0.0122
8480947,Kevin Lankinen,VAN,1,-2,22.5,-38.97,18,0,0.692580618,0.5704203653652393,0.5704,0.0317
8480947,Kevin Lankinen,VAN,1,-1,22.5,-12.99,18,1,0.644460359,0.4937414984536729,-0.5063,-0.0281
8480947,Kevin Lankinen,VAN,1,0,22.5,12.99,21,0,0.594244105,0.44868208586118236,0.4487,0.0214
8480947,Kevin Lankinen,VAN,1,1,22.5,38.97,14,0,0.759971122,0.6363023951609827,0.6363,0.0454
8480947,Kevin Lankinen,VAN,2,-3,45.0,-51.96,6,0,0.122115805,0.09008723065615129,0.0901,0.015
8480947,Kevin Lankinen,VAN,2,-2,45.0,-25.98,49,5,1.962287107,1.5298653753405898,-3.4701,-0.0708
8480947,Kevin Lankinen,VAN,2,-1,45.0,0.0,44,1,2.520503064,2.001839392295139,1.0018,0.0228
8480947,Kevin Lankinen,VAN,2,0,45.0,25.98,43,1,1.279518026,0.9729356372561783,-0.0271,-0.0006
8480947,Kevin Lankinen,VAN,2,1,45.0,51.96,8,0,0.286319288,0.2236599652025135,0.2237,0.028
8480947,Kevin Lankinen,VAN,3,-3,67.5,-38.97,30,1,1.136608468,0.8844723602629119,-0.1155,-0.0038
8480947,Kevin Lankinen,VAN,3,-2,67.5,-12.99,146,19,16.566297131,13.797948261910374,-5.2021,-0.0356
8480947,Kevin Lankinen,VAN,3,-1,67.5,12.99,117,12,11.6287200124,9.599251122410978,-2.4007,-0.0205
8480947,Kevin Lankinen,VAN,3,0,67.5,38.97,43,0,1.702934088,1.3302751284986465,1.3303,0.0309
8480947,Kevin Lankinen,VAN,4,-3,90.0,-25.98,16,0,0.898702586,0.7116169276560559,0.7116,0.0445
8480947,Kevin Lankinen,VAN,4,-2,90.0,0.0,165,21,22.245436381,18.623090037928442,-2.3769,-0.0144
8480947,Kevin Lankinen,VAN,4,-1,90.0,25.98,27,2,2.11350906,1.706456615556561,-0.2935,-0.0109
8480981,Joel Hofer,STL,0,-2,0.0,-51.96,1,0,0.011175691,0.007749371586808932,0.0077,0.0077
8480981,Joel Hofer,STL,0,-1,0.0,-25.98,3,0,0.114166606,0.0839644300691372,0.084,0.028
8480981,Joel Hofer,STL,0,0,0.0,0.0,5,0,0.5161727083,0.448458941131179,0.4485,0.0897
8480981,Joel Hofer,STL,0,1,0.0,25.98,7,0,0.151409633,0.10825111873893412,0.1083,0.0155
8480981,Joel Hofer,STL,0,2,0.0,51.96,1,0,0.014064606,0.009717411062283915,0.0097,0.0097
8480981,Joel Hofer,STL,1,-2,22.5,-38.97,27,0,0.697357524,0.5105680520180296,0.5106,0.0189
8480981,Joel Hofer,STL,1,-1,22.5,-12.99,36,0,1.22023834,0.8981815581360385,0.8982,0.025
8480981,Joel Hofer,STL,1,0,22.5,12.99,23,0,0.728914295,0.5331049748358512,0.5331,0.0232
8480981,Joel Hofer,STL,1,1,22.5,38.97,16,0,0.342292842,0.24358384816433268,0.2436,0.0152
8480981,Joel Hofer,STL,2,-3,45.0,-51.96,16,0,0.350026584,0.24960361057560806,0.2496,0.0156
8480981,Joel Hofer,STL,2,-2,45.0,-25.98,85,2,3.2394637195,2.4195552288207334,0.4196,0.0049
8480981,Joel Hofer,STL,2,-1,45.0,0.0,69,4,4.0970426227,3.1329806552178656,-0.867,-0.0126
8480981,Joel Hofer,STL,2,0,45.0,25.98,62,0,1.830676335,1.3420844046790341,1.3421,0.0216
8480981,Joel Hofer,STL,2,1,45.0,51.96,12,0,0.277688208,0.1987933283332912,0.1988,0.0166
8480981,Joel Hofer,STL,3,-3,67.5,-38.97,39,0,1.312803988,0.9736087459164451,0.9736,0.025
8480981,Joel Hofer,STL,3,-2,67.5,-12.99,153,15,17.2265460087,13.849311363270212,-1.1507,-0.0075
8480981,Joel Hofer,STL,3,-1,67.5,12.99,120,12,11.7030345585,9.267632324745804,-2.7324,-0.0228
8480981,Joel Hofer,STL,3,0,67.5,38.97,36,0,1.177065447,0.8701014156289658,0.8701,0.0242
8480981,Joel Hofer,STL,4,-3,90.0,-25.98,10,0,0.5598434369999999,0.42650978093562036,0.4265,0.0426
8480981,Joel Hofer,STL,4,-2,90.0,0.0,141,21,19.844267026,16.022032142696055,-4.978,-0.0353
8480981,Joel Hofer,STL,4,-1,90.0,25.98,39,0,2.395647507,1.8327047823258267,1.8327,0.047
8480981,Joel Hofer,STL,4,0,90.0,51.96,1,0,0.0181985,0.012848329067042768,0.0128,0.0128
8480992,Magnus Chrona,NSH,1,-1,22.5,-12.99,1,0,0.028696882,0.02102073521273441,0.021,0.021
8480992,Magnus Chrona,NSH,2,-2,45.0,-25.98,2,0,0.054616971,0.03998659284002369,0.04,0.02
8480992,Magnus Chrona,NSH,2,0,45.0,25.98,1,0,0.03534972,0.026138519406128647,0.0261,0.0261
8480992,Magnus Chrona,NSH,2,1,45.0,51.96,1,0,0.030890048,0.02268955365355228,0.0227,0.0227
8480992,Magnus Chrona,NSH,3,-2,67.5,-12.99,5,1,0.7528151599999999,0.6211649353850605,-0.3788,-0.0758
8480992,Magnus Chrona,NSH,3,-1,67.5,12.99,1,0,0.14805914,0.11985052858821761,0.1199,0.1199
8480992,Magnus Chrona,NSH,4,-3,90.0,-25.98,1,0,0.025359713,0.0184205374254411,0.0184,0.0184
8480992,Magnus Chrona,NSH,4,-2,90.0,0.0,3,1,0.55517179,0.46421870639173124,-0.5358,-0.1786
8481020,Justus Annunen,NSH,0,-1,0.0,-25.98,2,0,0.034667218,0.02485636975946674,0.0249,0.0124
8481020,Justus Annunen,NSH,0,0,0.0,0.0,3,0,0.046386892,0.033518038939373176,0.0335,0.0112
8481020,Justus Annunen,NSH,0,1,0.0,25.98,1,0,0.008044713,0.005693104762610022,0.0057,0.0057
8481020,Justus Annunen,NSH,1,-2,22.5,-38.97,20,0,0.404249175,0.29094854926550173,0.2909,0.0145
8481020,Justus Annunen,NSH,1,-1,22.5,-12.99,19,0,0.674033425,0.5006462777079652,0.5006,0.0263
8481020,Justus Annunen,NSH,1,0,22.5,12.99,21,0,0.660887006,0.488460052483052,0.4885,0.0233
8481020,Justus Annunen,NSH,1,1,22.5,38.97,13,0,0.2740834577,0.1984331154368642,0.1984,0.0153
8481020,Justus Annunen,NSH,2,-3,45.0,-51.96,3,0,0.0600252,0.04317343754991684,0.0432,0.0144
8481020,Justus Annunen,NSH,2,-2,45.0,-25.98,41,1,1.889176472,1.4476009799704703,0.4476,0.0109
8481020,Justus Annunen,NSH,2,-1,45.0,0.0,33,2,1.93433703,1.4915975834205526,-0.5084,-0.0154
8481020,Justus Annunen,NSH,2,0,45.0,25.98,23,0,0.702955024,0.5214232475817666,0.5214,0.0227
8481020,Justus Annunen,NSH,2,1,45.0,51.96,4,0,0.07668820100000001,0.054958019069632554,0.055,0.0138
8481020,Justus Annunen,NSH,3,-3,67.5,-38.97,13,0,0.488733472,0.3712529099458941,0.3713,0.0286
8481020,Justus Annunen,NSH,3,-2,67.5,-12.99,73,7,9.001349822,7.337190896155291,0.3372,0.0046
8481020,Justus Annunen,NSH,3,-1,67.5,12.99,58,2,5.7509094247,4.653799250873586,2.6538,0.0458
8481020,Justus Annunen,NSH,3,0,67.5,38.97,26,0,0.813950713,0.6055541939488482,0.6056,0.0233
8481020,Justus Annunen,NSH,4,-3,90.0,-25.98,11,0,0.868694199,0.6829807223739892,0.683,0.0621
8481020,Justus Annunen,NSH,4,-2,90.0,0.0,92,12,11.820835992,9.619193562341119,-2.3808,-0.0259
8481020,Justus Annunen,NSH,4,-1,90.0,25.98,27,2,2.407189714,1.9129099723570437,-0.0871,-0.0032
8481031,Ivan Prosvetov,CGY,0,-2,0.0,-51.96,1,0,0.009542674,0.00663991583344341,0.0066,0.0066
8481031,Ivan Prosvetov,CGY,0,-1,0.0,-25.98,1,0,0.0093123745,0.00656851349667867,0.0066,0.0066
8481031,Ivan Prosvetov,CGY,0,0,0.0,0.0,1,0,0.0073668193,0.005063012064510719,0.0051,0.0051
8481031,Ivan Prosvetov,CGY,1,-1,22.5,-12.99,2,0,0.054841073000000004,0.040124121499693466,0.0401,0.02
8481031,Ivan Prosvetov,CGY,1,0,22.5,12.99,1,0,0.026213463,0.019279690727099247,0.0193,0.0193
8481031,Ivan Prosvetov,CGY,2,-2,45.0,-25.98,5,0,0.171652878,0.12794339568874952,0.1279,0.0256
8481031,Ivan Prosvetov,CGY,2,0,45.0,25.98,4,0,0.11300028100000001,0.0829318820542097,0.0829,0.0207
8481031,Ivan Prosvetov,CGY,3,-3,67.5,-38.97,4,0,0.22934376,0.17664134344934657,0.1766,0.0442
8481031,Ivan Prosvetov,CGY,3,-1,67.5,12.99,8,1,0.682785144,0.54886913278139,-0.4511,-0.0564
8481031,Ivan Prosvetov,CGY,3,0,67.5,38.97,2,0,0.053001373000000004,0.03855548385641588,0.0386,0.0193
8481031,Ivan Prosvetov,CGY,4,-3,90.0,-25.98,1,0,0.020556672,0.014930410324713372,0.0149,0.0149
8481031,Ivan Prosvetov,CGY,4,-1,90.0,25.98,1,0,0.10910925,0.0871692862343886,0.0872,0.0872
8481033,Akira Schmid,VGK,0,-2,0.0,-51.96,1,0,0.49303117,0.45049794389715425,0.4505,0.4505
8481033,Akira Schmid,VGK,0,-1,0.0,-25.98,2,0,0.030518328,0.021424531595359467,0.0214,0.0107
8481033,Akira Schmid,VGK,0,1,0.0,25.98,3,0,0.0346167155,0.023988792100775664,0.024,0.008
8481033,Akira Schmid,VGK,0,2,0.0,51.96,1,0,0.077418916,0.05923933274527529,0.0592,0.0592
8481033,Akira Schmid,VGK,1,-2,22.5,-38.97,13,0,0.244321757,0.1708299509547006,0.1708,0.0131
8481033,Akira Schmid,VGK,1,-1,22.5,-12.99,7,0,0.246709291,0.17797339882559932,0.178,0.0254
8481033,Akira Schmid,VGK,1,0,22.5,12.99,14,0,0.366929418,0.26195761833695963,0.262,0.0187
8481033,Akira Schmid,VGK,1,1,22.5,38.97,11,0,0.731026531,0.6293367450843267,0.6293,0.0572
8481033,Akira Schmid,VGK,2,-3,45.0,-51.96,3,0,0.062916927,0.044470692032734356,0.0445,0.0148
8481033,Akira Schmid,VGK,2,-2,45.0,-25.98,45,0,1.620650856,1.1906659866281342,1.1907,0.0265
8481033,Akira Schmid,VGK,2,-1,45.0,0.0,30,3,2.08262665,1.5986305769886826,-1.4014,-0.0467
8481033,Akira Schmid,VGK,2,0,45.0,25.98,39,1,1.05283737,0.7550385913522553,-0.245,-0.0063
8481033,Akira Schmid,VGK,2,1,45.0,51.96,6,0,0.127592289,0.08920307272044165,0.0892,0.0149
8481033,Akira Schmid,VGK,3,-3,67.5,-38.97,22,1,0.8820082285,0.6604413113024127,-0.3396,-0.0154
8481033,Akira Schmid,VGK,3,-2,67.5,-12.99,85,3,9.6114806265,7.636824257856499,4.6368,0.0546
8481033,Akira Schmid,VGK,3,-1,67.5,12.99,69,8,6.299155879,4.916625115513585,-3.0834,-0.0447
8481033,Akira Schmid,VGK,3,0,67.5,38.97,21,0,0.7171260230000001,0.5282687595649931,0.5283,0.0252
8481033,Akira Schmid,VGK,4,-3,90.0,-25.98,7,0,0.37695973,0.28090148170449736,0.2809,0.0401
8481033,Akira Schmid,VGK,4,-2,90.0,0.0,73,7,9.677292133,7.7554816851857105,0.7555,0.0103
8481033,Akira Schmid,VGK,4,-1,90.0,25.98,17,2,1.710822958,1.346931229611372,-0.6531,-0.0384
8481033,Akira Schmid,VGK,4,0,90.0,51.96,1,0,0.019666275,0.01378949205314325,0.0138,0.0138
8481035,Samuel Ersson,PHI,0,-1,0.0,-25.98,1,0,0.010371435,0.00755818351294633,0.0076,0.0076
8481035,Samuel Ersson,PHI,0,0,0.0,0.0,2,0,0.026326601,0.019606443786025406,0.0196,0.0098
8481035,Samuel Ersson,PHI,0,1,0.0,25.98,2,0,0.052355767,0.040224261488977404,0.0402,0.0201
8481035,Samuel Ersson,PHI,1,-2,22.5,-38.97,2,0,0.056795303,0.043654180150026825,0.0437,0.0218
8481035,Samuel Ersson,PHI,1,-1,22.5,-12.99,13,0,0.580415153,0.4613470594817234,0.4613,0.0355
8481035,Samuel Ersson,PHI,1,0,22.5,12.99,8,0,0.247803651,0.19194041787449814,0.1919,0.024
8481035,Samuel Ersson,PHI,1,1,22.5,38.97,8,0,0.155522205,0.11703918460860882,0.117,0.0146
8481035,Samuel Ersson,PHI,2,-3,45.0,-51.96,2,0,0.043656757000000004,0.03272319865422486,0.0327,0.0164
8481035,Samuel Ersson,PHI,2,-2,45.0,-25.98,31,2,1.344322011,1.0712036081362113,-0.9288,-0.03
8481035,Samuel Ersson,PHI,2,-1,45.0,0.0,30,1,2.219050966,1.8250096300683716,0.825,0.0275
8481035,Samuel Ersson,PHI,2,0,45.0,25.98,33,1,1.118716813,0.8744300135743617,-0.1256,-0.0038
8481035,Samuel Ersson,PHI,2,1,45.0,51.96,3,0,0.07118318600000001,0.054599117569098674,0.0546,0.0182
8481035,Samuel Ersson,PHI,3,-3,67.5,-38.97,14,0,0.541925455,0.43113310496653895,0.4311,0.0308
8481035,Samuel Ersson,PHI,3,-2,67.5,-12.99,101,13,10.9837380655,9.2877958903103,-3.7122,-0.0368
8481035,Samuel Ersson,PHI,3,-1,67.5,12.99,56,7,6.29223126,5.349125874175841,-1.6509,-0.0295
8481035,Samuel Ersson,PHI,3,0,67.5,38.97,25,1,0.723253015,0.5599435233987888,-0.4401,-0.0176
8481035,Samuel Ersson,PHI,4,-3,90.0,-25.98,11,0,0.508043753,0.4048511815844201,0.4049,0.0368
8481035,Samuel Ersson,PHI,4,-2,90.0,0.0,85,12,11.465251218,9.78603434448668,-2.214,-0.026
8481035,Samuel Ersson,PHI,4,-1,90.0,25.98,10,1,0.538096082,0.43705376125112544,-0.5629,-0.0563
8481035,Samuel Ersson,PHI,4,0,90.0,51.96,1,0,0.029778345,0.022831870523605233,0.0228,0.0228
8481519,Spencer Knight,CHI,0,-2,0.0,-51.96,1,0,0.066783674,0.05058844690419478,0.0506,0.0506
8481519,Spencer Knight,CHI,0,-1,0.0,-25.98,3,0,0.11355500300000002,0.08387563469483773,0.0839,0.028
8481519,Spencer Knight,CHI,0,0,0.0,0.0,2,0,0.023712103999999998,0.01644229255165435,0.0164,0.0082
8481519,Spencer Knight,CHI,0,1,0.0,25.98,1,0,0.008296619,0.005520706513417626,0.0055,0.0055
8481519,Spencer Knight,CHI,1,-2,22.5,-38.97,27,0,0.941501182,0.7226353964148036,0.7226,0.0268
8481519,Spencer Knight,CHI,1,-1,22.5,-12.99,22,1,0.771141215,0.559482010667062,-0.4405,-0.02
8481519,Spencer Knight,CHI,1,0,22.5,12.99,22,0,0.649281306,0.46715726957264536,0.4672,0.0212
8481519,Spencer Knight,CHI,1,1,22.5,38.97,19,0,0.3487766,0.24331536263690343,0.2433,0.0128
8481519,Spencer Knight,CHI,2,-3,45.0,-51.96,5,0,0.10310185200000001,0.0719818754630125,0.072,0.0144
8481519,Spencer Knight,CHI,2,-2,45.0,-25.98,63,2,2.466584547,1.8129567103599027,-0.187,-0.003
8481519,Spencer Knight,CHI,2,-1,45.0,0.0,58,2,3.6953765659999998,2.8101851918726233,0.8102,0.014
8481519,Spencer Knight,CHI,2,0,45.0,25.98,53,0,1.289812743,0.9198908757764135,0.9199,0.0174
8481519,Spencer Knight,CHI,2,1,45.0,51.96,6,0,0.142753046,0.101886124633938,0.1019,0.017
8481519,Spencer Knight,CHI,3,-3,67.5,-38.97,28,0,0.909729718,0.6656712949089721,0.6657,0.0238
8481519,Spencer Knight,CHI,3,-2,67.5,-12.99,163,17,18.795425624,14.942791532757623,-2.0572,-0.0126
8481519,Spencer Knight,CHI,3,-1,67.5,12.99,131,9,13.8912419545,10.955820883469956,1.9558,0.0149
8481519,Spencer Knight,CHI,3,0,67.5,38.97,35,0,1.101712237,0.804113215837476,0.8041,0.023
8481519,Spencer Knight,CHI,4,-3,90.0,-25.98,13,1,0.798133563,0.6012242038322131,-0.3988,-0.0307
8481519,Spencer Knight,CHI,4,-2,90.0,0.0,165,11,23.056987696,18.456550258113467,7.4566,0.0452
8481519,Spencer Knight,CHI,4,-1,90.0,25.98,47,5,4.264515993,3.3208387012049556,-1.6792,-0.0357
8481519,Spencer Knight,CHI,4,0,90.0,51.96,6,0,0.132695801,0.09388127816106634,0.0939,0.0156
8481529,Trent Miner,COL,0,1,0.0,25.98,1,0,0.016633913,0.012016906375098956,0.012,0.012
8481529,Trent Miner,COL,1,-2,22.5,-38.97,1,0,0.018321712,0.013269523733784832,0.0133,0.0133
8481529,Trent Miner,COL,1,-1,22.5,-12.99,3,0,0.09451216800000001,0.07015941846966423,0.0702,0.0234
8481529,Trent Miner,COL,2,-3,45.0,-51.96,1,0,0.0202649,0.014604156478921283,0.0146,0.0146
8481529,Trent Miner,COL,2,-2,45.0,-25.98,2,0,0.091477415,0.06947109934847522,0.0695,0.0348
8481529,Trent Miner,COL,2,-1,45.0,0.0,10,0,0.537611965,0.41280520795841424,0.4128,0.0413
8481529,Trent Miner,COL,2,0,45.0,25.98,9,0,0.249129194,0.1841888272122564,0.1842,0.0205
8481529,Trent Miner,COL,2,1,45.0,51.96,1,0,0.017473182,0.012495170089039121,0.0125,0.0125
8481529,Trent Miner,COL,3,-3,67.5,-38.97,5,0,0.18848494500000001,0.14280478901172936,0.1428,0.0286
8481529,Trent Miner,COL,3,-2,67.5,-12.99,13,3,1.4099342400000001,1.1449601083479608,-1.855,-0.1427
8481529,Trent Miner,COL,3,-1,67.5,12.99,15,3,1.180978639,0.9419881707096105,-2.058,-0.1372
8481529,Trent Miner,COL,3,0,67.5,38.97,4,0,0.129081375,0.0956508498004945,0.0957,0.0239
8481529,Trent Miner,COL,4,-3,90.0,-25.98,7,0,0.322017335,0.2436449054287787,0.2436,0.0348
8481529,Trent Miner,COL,4,-2,90.0,0.0,20,0,2.67674174,2.1874178683754546,2.1874,0.1094
8481529,Trent Miner,COL,4,-1,90.0,25.98,4,0,0.37025694,0.2937120927488051,0.2937,0.0734
8481544,Mads Sogaard,OTT,0,-1,0.0,-25.98,1,0,0.025198577,0.019061511447802007,0.0191,0.0191
8481544,Mads Sogaard,OTT,1,-2,22.5,-38.97,1,0,0.022285815,0.016286952776762138,0.0163,0.0163
8481544,Mads Sogaard,OTT,1,-1,22.5,-12.99,3,1,0.34814553,0.28726679999300897,-0.7127,-0.2376
8481544,Mads Sogaard,OTT,1,1,22.5,38.97,1,0,0.012090944,0.008521602821129131,0.0085,0.0085
8481544,Mads Sogaard,OTT,2,-2,45.0,-25.98,5,1,0.151944338,0.11260790544351168,-0.8874,-0.1775
8481544,Mads Sogaard,OTT,2,-1,45.0,0.0,7,0,0.341007458,0.2609071256229445,0.2609,0.0373
8481544,Mads Sogaard,OTT,2,0,45.0,25.98,3,0,0.046480383,0.03352379653610481,0.0335,0.0112
8481544,Mads Sogaard,OTT,3,-3,67.5,-38.97,1,0,0.018627293,0.013495140604153162,0.0135,0.0135
8481544,Mads Sogaard,OTT,3,-2,67.5,-12.99,6,1,0.81753299,0.6779269743550602,-0.3221,-0.0537
8481544,Mads Sogaard,OTT,3,-1,67.5,12.99,7,0,0.3727454865,0.29419216204893595,0.2942,0.042
8481544,Mads Sogaard,OTT,3,0,67.5,38.97,3,0,0.086608992,0.06428669785490972,0.0643,0.0214
8481544,Mads Sogaard,OTT,4,-2,90.0,0.0,8,2,1.332291073,1.1234233517584036,-0.8766,-0.1096
8481551,Colten Ellis,BUF,0,-2,0.0,-51.96,1,0,0.02471361,0.01793989555331202,0.0179,0.0179
8481551,Colten Ellis,BUF,0,-1,0.0,-25.98,1,0,0.021072783,0.01513457933456399,0.0151,0.0151
8481551,Colten Ellis,BUF,0,0,0.0,0.0,3,0,0.115291854,0.08476604311803243,0.0848,0.0283
8481551,Colten Ellis,BUF,0,1,0.0,25.98,1,0,0.0075237155,0.005018757588497131,0.005,0.005
8481551,Colten Ellis,BUF,1,-2,22.5,-38.97,8,0,0.148528298,0.10583715209571834,0.1058,0.0132
8481551,Colten Ellis,BUF,1,-1,22.5,-12.99,10,0,0.385809454,0.2862750146112669,0.2863,0.0286
8481551,Colten Ellis,BUF,1,0,22.5,12.99,12,0,0.356776247,0.26022931355581885,0.2602,0.0217
8481551,Colten Ellis,BUF,1,1,22.5,38.97,7,0,0.111533323,0.07908263770842355,0.0791,0.0113
8481551,Colten Ellis,BUF,2,-3,45.0,-51.96,3,0,0.074381161,0.05351172850386206,0.0535,0.0178
8481551,Colten Ellis,BUF,2,-2,45.0,-25.98,24,0,0.845462026,0.630800765358976,0.6308,0.0263
8481551,Colten Ellis,BUF,2,-1,45.0,0.0,20,0,1.5135117470000001,1.182977931696481,1.183,0.0592
8481551,Colten Ellis,BUF,2,0,45.0,25.98,22,0,0.7580019474999999,0.5706410315186954,0.5706,0.0259
8481551,Colten Ellis,BUF,2,1,45.0,51.96,1,0,0.025879046,0.01854450142935956,0.0185,0.0185
8481551,Colten Ellis,BUF,3,-3,67.5,-38.97,10,0,0.438453817,0.3361567024602257,0.3362,0.0336
8481551,Colten Ellis,BUF,3,-2,67.5,-12.99,58,7,6.166482795,4.932577101642361,-2.0674,-0.0356
8481551,Colten Ellis,BUF,3,-1,67.5,12.99,30,3,3.2371688637,2.6075667213603526,-0.3924,-0.0131
8481551,Colten Ellis,BUF,3,0,67.5,38.97,12,0,0.517359935,0.39384812696640137,0.3938,0.0328
8481551,Colten Ellis,BUF,4,-3,90.0,-25.98,4,0,0.195473048,0.14761743087330373,0.1476,0.0369
8481551,Colten Ellis,BUF,4,-2,90.0,0.0,52,11,7.571879154,6.180317614941457,-4.8197,-0.0927
8481551,Colten Ellis,BUF,4,-1,90.0,25.98,5,0,0.450939498,0.3514941285687061,0.3515,0.0703
8481611,Pyotr Kochetkov,CAR,0,-1,0.0,-25.98,1,0,0.025623081,0.01887849325710729,0.0189,0.0189
8481611,Pyotr Kochetkov,CAR,0,0,0.0,0.0,2,0,0.031811874000000004,0.022638673206758497,0.0226,0.0113
8481611,Pyotr Kochetkov,CAR,1,-2,22.5,-38.97,9,0,0.2282076805,0.16846544983735745,0.1685,0.0187
8481611,Pyotr Kochetkov,CAR,1,-1,22.5,-12.99,2,0,0.11807728499999999,0.09118101202311084,0.0912,0.0456
8481611,Pyotr Kochetkov,CAR,1,0,22.5,12.99,1,0,0.016722955,0.012559665919999055,0.0126,0.0126
8481611,Pyotr Kochetkov,CAR,1,1,22.5,38.97,4,0,0.086846129,0.06341658650345225,0.0634,0.0158
8481611,Pyotr Kochetkov,CAR,2,-2,45.0,-25.98,12,0,0.56968358,0.4404000445716058,0.4404,0.0367
8481611,Pyotr Kochetkov,CAR,2,-1,45.0,0.0,17,0,1.026066167,0.8001569537908237,0.8002,0.0471
8481611,Pyotr Kochetkov,CAR,2,0,45.0,25.98,8,0,0.24398429900000002,0.18473006798664868,0.1847,0.0231
8481611,Pyotr Kochetkov,CAR,2,1,45.0,51.96,1,0,0.019352872,0.014181128975267559,0.0142,0.0142
8481611,Pyotr Kochetkov,CAR,3,-3,67.5,-38.97,6,0,0.151222006,0.1104479072472877,0.1104,0.0184
8481611,Pyotr Kochetkov,CAR,3,-2,67.5,-12.99,21,1,2.309642998,1.8866553960317753,0.8867,0.0422
8481611,Pyotr Kochetkov,CAR,3,-1,67.5,12.99,14,0,1.288224889,1.0468391586871886,1.0468,0.0748
8481611,Pyotr Kochetkov,CAR,3,0,67.5,38.97,6,0,0.218091869,0.16721546693865127,0.1672,0.0279
8481611,Pyotr Kochetkov,CAR,4,-3,90.0,-25.98,2,0,0.12652577,0.09954907420984418,0.0995,0.0498
8481611,Pyotr Kochetkov,CAR,4,-2,90.0,0.0,34,3,4.526284248,3.7287315293974133,0.7287,0.0214
8481611,Pyotr Kochetkov,CAR,4,-1,90.0,25.98,5,0,0.5188879559999999,0.418282665522613,0.4183,0.0837
8481668,Arturs Silovs,PIT,0,-2,0.0,-51.96,2,0,0.5320831134,0.4937483629211705,0.4937,0.2468
8481668,Arturs Silovs,PIT,0,-1,0.0,-25.98,4,0,0.5491531342,0.5112509781262233,0.5113,0.1278
8481668,Arturs Silovs,PIT,0,0,0.0,0.0,4,0,0.154111808,0.11956694043033789,0.1196,0.0299
8481668,Arturs Silovs,PIT,0,1,0.0,25.98,3,0,0.0591029765,0.04368613062428693,0.0437,0.0146
8481668,Arturs Silovs,PIT,1,-2,22.5,-38.97,20,2,0.4019104,0.29865683153172706,-1.7013,-0.0851
8481668,Arturs Silovs,PIT,1,-1,22.5,-12.99,33,2,1.422088123,1.1176631084173931,-0.8823,-0.0267
8481668,Arturs Silovs,PIT,1,0,22.5,12.99,18,0,0.5226451616,0.39420213657783887,0.3942,0.0219
8481668,Arturs Silovs,PIT,1,1,22.5,38.97,16,0,1.2264460309999998,1.0949312386789463,1.0949,0.0684
8481668,Arturs Silovs,PIT,2,-3,45.0,-51.96,6,0,0.13108437,0.09791705908627527,0.0979,0.0163
8481668,Arturs Silovs,PIT,2,-2,45.0,-25.98,59,1,2.471929831,1.9274287737279507,0.9274,0.0157
8481668,Arturs Silovs,PIT,2,-1,45.0,0.0,64,4,3.895409134,3.0844753484698106,-0.9155,-0.0143
8481668,Arturs Silovs,PIT,2,0,45.0,25.98,66,2,1.970332537,1.5028148198759275,-0.4972,-0.0075
8481668,Arturs Silovs,PIT,2,1,45.0,51.96,12,0,0.424043217,0.3331347200143009,0.3331,0.0278
8481668,Arturs Silovs,PIT,3,-3,67.5,-38.97,25,1,0.955856265,0.7450638340251844,-0.2549,-0.0102
8481668,Arturs Silovs,PIT,3,-2,67.5,-12.99,125,14,13.4470650346,11.174625644980285,-2.8254,-0.0226
8481668,Arturs Silovs,PIT,3,-1,67.5,12.99,104,3,9.650315546,7.971886192505004,4.9719,0.0478
8481668,Arturs Silovs,PIT,3,0,67.5,38.97,40,1,1.3777430210000001,1.0668136769288745,0.0668,0.0017
8481668,Arturs Silovs,PIT,4,-3,90.0,-25.98,11,0,0.55601389,0.43644680581651407,0.4364,0.0397
8481668,Arturs Silovs,PIT,4,-2,90.0,0.0,156,20,21.378177702,17.96078102438366,-2.0392,-0.0131
8481668,Arturs Silovs,PIT,4,-1,90.0,25.98,33,4,2.04391118,1.647141544383206,-2.3529,-0.0713
8481668,Arturs Silovs,PIT,4,0,90.0,51.96,1,0,0.017911809,0.013304018951618765,0.0133,0.0133
8481689,Vadim Zherenko,STL,2,-2,45.0,-25.98,2,0,0.10872857600000001,0.08311808562763728,0.0831,0.0415
8481689,Vadim Zherenko,STL,3,-2,67.5,-12.99,5,1,0.42751713700000005,0.33933730071368917,-0.6607,-0.1321
8481689,Vadim Zherenko,STL,3,-1,67.5,12.99,1,0,0.10971877,0.08553052914324764,0.0855,0.0855
8481689,Vadim Zherenko,STL,3,0,67.5,38.97,1,0,0.021713883,0.015686143036620925,0.0157,0.0157
8481692,Dustin Wolf,CGY,0,-1,0.0,-25.98,2,0,0.30423977799999996,0.2539302749901638,0.2539,0.127
8481692,Dustin Wolf,CGY,0,0,0.0,0.0,4,0,0.060837707,0.044090828708030584,0.0441,0.011
8481692,Dustin Wolf,CGY,0,1,0.0,25.98,4,0,0.11346203499999999,0.08389860040784661,0.0839,0.021
8481692,Dustin Wolf,CGY,1,-2,22.5,-38.97,17,0,0.382251652,0.27438493069251846,0.2744,0.0161
8481692,Dustin Wolf,CGY,1,-1,22.5,-12.99,23,0,0.7880781474999999,0.5792603932836582,0.5793,0.0252
8481692,Dustin Wolf,CGY,1,0,22.5,12.99,18,1,0.4795721695,0.34750378080418987,-0.6525,-0.0362
8481692,Dustin Wolf,CGY,1,1,22.5,38.97,14,0,0.287953213,0.20801841735846527,0.208,0.0149
8481692,Dustin Wolf,CGY,2,-3,45.0,-51.96,5,0,0.104218528,0.07389501680998337,0.0739,0.0148
8481692,Dustin Wolf,CGY,2,-2,45.0,-25.98,57,0,2.077266262,1.5412351446458707,1.5412,0.027
8481692,Dustin Wolf,CGY,2,-1,45.0,0.0,52,3,3.243421057,2.4870877775270612,-0.5129,-0.0099
8481692,Dustin Wolf,CGY,2,0,45.0,25.98,55,0,1.582911606,1.1541831282208086,1.1542,0.021
8481692,Dustin Wolf,CGY,2,1,45.0,51.96,11,0,0.232434016,0.1653769366390108,0.1654,0.015
8481692,Dustin Wolf,CGY,3,-3,67.5,-38.97,36,1,1.168956341,0.8600618319707061,-0.1399,-0.0039
8481692,Dustin Wolf,CGY,3,-2,67.5,-12.99,165,19,19.3206434072,15.579707862533954,-3.4203,-0.0207
8481692,Dustin Wolf,CGY,3,-1,67.5,12.99,121,9,11.0962506765,8.775677687018668,-0.2243,-0.0019
8481692,Dustin Wolf,CGY,3,0,67.5,38.97,41,1,1.109845186,0.8044133291219432,-0.1956,-0.0048
8481692,Dustin Wolf,CGY,4,-3,90.0,-25.98,18,0,0.939169463,0.7091816264915275,0.7092,0.0394
8481692,Dustin Wolf,CGY,4,-2,90.0,0.0,138,22,18.117158248,14.588757891170282,-7.4112,-0.0537
8481692,Dustin Wolf,CGY,4,-1,90.0,25.98,39,3,3.230761986,2.539321421943119,-0.4607,-0.0118
8482076,Nico Daws,NJD,0,1,0.0,25.98,1,0,0.01413019,0.009885226753119345,0.0099,0.0099
8482076,Nico Daws,NJD,1,-2,22.5,-38.97,5,0,0.198028185,0.1500812125969733,0.1501,0.03
8482076,Nico Daws,NJD,1,-1,22.5,-12.99,2,0,0.064706575,0.04775160364709047,0.0478,0.0239
8482076,Nico Daws,NJD,1,0,22.5,12.99,2,0,0.070627239,0.05236345596906035,0.0524,0.0262
8482076,Nico Daws,NJD,1,1,22.5,38.97,3,0,0.089552663,0.06584618510208105,0.0658,0.0219
8482076,Nico Daws,NJD,2,-3,45.0,-51.96,1,0,0.02076249,0.014760093977485334,0.0148,0.0148
8482076,Nico Daws,NJD,2,-2,45.0,-25.98,2,0,0.152153082,0.11812039789036499,0.1181,0.059
8482076,Nico Daws,NJD,2,-1,45.0,0.0,5,0,0.391160844,0.3034332836631009,0.3034,0.0607
8482076,Nico Daws,NJD,2,0,45.0,25.98,2,0,0.072111338,0.053934500403961694,0.0539,0.027
8482076,Nico Daws,NJD,3,-2,67.5,-12.99,11,1,1.644610224,1.3584380448394051,0.3584,0.0326
8482076,Nico Daws,NJD,3,-1,67.5,12.99,11,3,1.096873572,0.876306099169626,-2.1237,-0.1931
8482076,Nico Daws,NJD,3,0,67.5,38.97,2,0,0.069447081,0.05171299567221042,0.0517,0.0258
8482076,Nico Daws,NJD,4,-3,90.0,-25.98,2,0,0.103552753,0.07795149061603927,0.078,0.039
8482076,Nico Daws,NJD,4,-2,90.0,0.0,17,1,2.570101604,2.112880985606017,1.1129,0.0655
8482076,Nico Daws,NJD,4,-1,90.0,25.98,2,0,0.15300533,0.11955559050134378,0.1196,0.0598
8482085,Samuel Hlavaj,MIN,1,0,22.5,12.99,1,0,0.018568775,0.0134350414567988,0.0134,0.0134
8482085,Samuel Hlavaj,MIN,2,-1,45.0,0.0,1,0,0.03872071,0.028969223052833087,0.029,0.029
8482085,Samuel Hlavaj,MIN,3,-2,67.5,-12.99,1,1,0.1409245,0.1154273278652366,-0.8846,-0.8846
8482085,Samuel Hlavaj,MIN,4,-2,90.0,0.0,1,0,0.06846449,0.052713831665332674,0.0527,0.0527
8482085,Samuel Hlavaj,MIN,4,-1,90.0,25.98,1,0,0.07896383,0.06154941983331455,0.0615,0.0615
8482123,Drew Commesso,CHI,1,-2,22.5,-38.97,3,0,0.061648112000000005,0.04425021964957975,0.0443,0.0148
8482123,Drew Commesso,CHI,1,-1,22.5,-12.99,3,0,0.100019157,0.07446201021569959,0.0745,0.0248
8482123,Drew Commesso,CHI,1,0,22.5,12.99,2,0,0.078923918,0.05919820862860074,0.0592,0.0296
8482123,Drew Commesso,CHI,1,1,22.5,38.97,1,0,0.020061316,0.014485660864197801,0.0145,0.0145
8482123,Drew Commesso,CHI,2,-2,45.0,-25.98,2,0,0.037762362,0.027385138820050628,0.0274,0.0137
8482123,Drew Commesso,CHI,2,-1,45.0,0.0,6,0,0.384441643,0.3021615473281498,0.3022,0.0504
8482123,Drew Commesso,CHI,2,0,45.0,25.98,4,0,0.16220315800000001,0.12151246590281367,0.1215,0.0304
8482123,Drew Commesso,CHI,3,-3,67.5,-38.97,1,0,0.017012592,0.012292593832247362,0.0123,0.0123
8482123,Drew Commesso,CHI,3,-2,67.5,-12.99,8,1,0.893154488,0.7180944995531221,-0.2819,-0.0352
8482123,Drew Commesso,CHI,3,-1,67.5,12.99,3,0,0.286525865,0.23065035729345107,0.2307,0.0769
8482123,Drew Commesso,CHI,3,0,67.5,38.97,4,0,0.22608817,0.17649866832640454,0.1765,0.0441
8482123,Drew Commesso,CHI,4,-3,90.0,-25.98,1,0,0.03846344,0.028738099178091326,0.0287,0.0287
8482123,Drew Commesso,CHI,4,-2,90.0,0.0,12,1,1.608457684,1.3135466090853887,0.3135,0.0261
8482123,Drew Commesso,CHI,4,-1,90.0,25.98,2,0,0.096210925,0.07236376692531599,0.0724,0.0362
8482137,Yaroslav Askarov,SJS,0,-1,0.0,-25.98,3,0,0.0373790669,0.027344202477176394,0.0273,0.0091
8482137,Yaroslav Askarov,SJS,0,0,0.0,0.0,3,0,0.069491685,0.05301620882138426,0.053,0.0177
8482137,Yaroslav Askarov,SJS,0,1,0.0,25.98,6,0,0.805440634,0.7650883772639145,0.7651,0.1275
8482137,Yaroslav Askarov,SJS,1,-2,22.5,-38.97,21,0,0.704187313,0.5575654672246706,0.5576,0.0266
8482137,Yaroslav Askarov,SJS,1,-1,22.5,-12.99,32,0,1.146417328,0.8812786204540046,0.8813,0.0275
8482137,Yaroslav Askarov,SJS,1,0,22.5,12.99,20,0,0.620257596,0.4734611597332379,0.4735,0.0237
8482137,Yaroslav Askarov,SJS,1,1,22.5,38.97,16,1,0.35436976,0.2661548100671693,-0.7338,-0.0459
8482137,Yaroslav Askarov,SJS,2,-3,45.0,-51.96,10,0,0.202078419,0.14968732553457018,0.1497,0.015
8482137,Yaroslav Askarov,SJS,2,-2,45.0,-25.98,80,1,3.186624799,2.4881528771159958,1.4882,0.0186
8482137,Yaroslav Askarov,SJS,2,-1,45.0,0.0,71,7,4.757687506,3.8307252591508565,-3.1693,-0.0446
8482137,Yaroslav Askarov,SJS,2,0,45.0,25.98,64,0,1.9918326149999999,1.5302637664124439,1.5303,0.0239
8482137,Yaroslav Askarov,SJS,2,1,45.0,51.96,9,1,0.247255583,0.18861994694782214,-0.8114,-0.0902
8482137,Yaroslav Askarov,SJS,3,-3,67.5,-38.97,35,2,1.459698602,1.151008092474629,-0.849,-0.0243
8482137,Yaroslav Askarov,SJS,3,-2,67.5,-12.99,127,16,14.248218856,11.880523197786069,-4.1195,-0.0324
8482137,Yaroslav Askarov,SJS,3,-1,67.5,12.99,121,16,11.421676985,9.439739859878607,-6.5603,-0.0542
8482137,Yaroslav Askarov,SJS,3,0,67.5,38.97,44,1,1.540275759,1.2000789369406002,0.2001,0.0045
8482137,Yaroslav Askarov,SJS,4,-3,90.0,-25.98,13,1,0.75433627,0.5979253534098738,-0.4021,-0.0309
8482137,Yaroslav Askarov,SJS,4,-2,90.0,0.0,148,19,20.564811644,17.304400250023573,-1.6956,-0.0115
8482137,Yaroslav Askarov,SJS,4,-1,90.0,25.98,33,1,2.178504937,1.7535128877794595,0.7535,0.0228
8482137,Yaroslav Askarov,SJS,4,0,90.0,51.96,3,0,0.055696466,0.041579445011505,0.0416,0.0139
8482188,Garin Bjorklund,WSH,0,1,0.0,25.98,1,0,0.024375113,0.017599168848166428,0.0176,0.0176
8482188,Garin Bjorklund,WSH,1,0,22.5,12.99,2,0,0.267251528,0.21911935525238713,0.2191,0.1096
8482188,Garin Bjorklund,WSH,2,-2,45.0,-25.98,1,0,0.045229398,0.03380374182612987,0.0338,0.0338
8482188,Garin Bjorklund,WSH,2,1,45.0,51.96,1,0,0.024305485,0.017376180362177612,0.0174,0.0174
8482188,Garin Bjorklund,WSH,3,-3,67.5,-38.97,1,0,0.028174492,0.020367588554513327,0.0204,0.0204
8482188,Garin Bjorklund,WSH,3,-2,67.5,-12.99,1,0,0.031204855,0.02274282119269431,0.0227,0.0227
8482188,Garin Bjorklund,WSH,3,-1,67.5,12.99,2,0,0.30355786,0.24652522758240492,0.2465,0.1232
8482188,Garin Bjorklund,WSH,3,0,67.5,38.97,2,0,0.12309569000000001,0.0939457455232135,0.0939,0.047
8482188,Garin Bjorklund,WSH,4,-2,90.0,0.0,4,0,0.7406757,0.6202327904176911,0.6202,0.155
8482193,Dylan Garand,NYR,0,-1,0.0,-25.98,1,0,0.018241784,0.013107132127742054,0.0131,0.0131
8482193,Dylan Garand,NYR,1,-2,22.5,-38.97,2,0,0.044286769000000004,0.03205481254802797,0.0321,0.016
8482193,Dylan Garand,NYR,1,-1,22.5,-12.99,6,0,0.253208609,0.1893394882693134,0.1893,0.0316
8482193,Dylan Garand,NYR,2,-3,45.0,-51.96,2,0,0.038927387,0.027909471945285057,0.0279,0.014
8482193,Dylan Garand,NYR,2,-2,45.0,-25.98,7,0,0.27923827,0.21181167904477358,0.2118,0.0303
8482193,Dylan Garand,NYR,2,-1,45.0,0.0,7,1,0.489060702,0.3871026392611053,-0.6129,-0.0876
8482193,Dylan Garand,NYR,2,0,45.0,25.98,11,0,0.2884858414,0.21132041646398533,0.2113,0.0192
8482193,Dylan Garand,NYR,2,1,45.0,51.96,2,0,0.041071495,0.029413821072661467,0.0294,0.0147
8482193,Dylan Garand,NYR,3,-3,67.5,-38.97,2,0,0.071952116,0.052629646639818284,0.0526,0.0263
8482193,Dylan Garand,NYR,3,-2,67.5,-12.99,8,0,0.82565067,0.6650882352951755,0.6651,0.0831
8482193,Dylan Garand,NYR,3,-1,67.5,12.99,9,1,0.991252409,0.7950981418813845,-0.2049,-0.0228
8482193,Dylan Garand,NYR,4,-2,90.0,0.0,9,0,1.515485186,1.2581439761211262,1.2581,0.1398
8482193,Dylan Garand,NYR,4,-1,90.0,25.98,1,0,0.027900904,0.020370382655778993,0.0204,0.0204
8482205,Will Cranley,STL,1,-2,22.5,-38.97,1,0,0.01669469,0.011952834196452341,0.012,0.012
8482205,Will Cranley,STL,1,-1,22.5,-12.99,1,0,0.017918915,0.012905318147212633,0.0129,0.0129
8482205,Will Cranley,STL,2,-2,45.0,-25.98,1,1,0.0298634,0.02206484212863497,-0.9779,-0.9779
8482205,Will Cranley,STL,3,-2,67.5,-12.99,3,1,0.510841485,0.4240386932287119,-0.576,-0.192
8482205,Will Cranley,STL,3,-1,67.5,12.99,1,1,0.14100482,0.11426787495327008,-0.8857,-0.8857
8482205,Will Cranley,STL,4,-3,90.0,-25.98,2,0,0.16092306,0.12629019675744046,0.1263,0.0632
8482205,Will Cranley,STL,4,0,90.0,51.96,1,0,0.05875779,0.045279037667806596,0.0453,0.0453
8482221,Devon Levi,BUF,2,-3,45.0,-51.96,1,0,0.1670353,0.13872028263811215,0.1387,0.1387
8482221,Devon Levi,BUF,2,-2,45.0,-25.98,3,0,0.320510595,0.2629004480126909,0.2629,0.0876
8482221,Devon Levi,BUF,2,-1,45.0,0.0,1,0,0.043259826,0.032824468358358026,0.0328,0.0328
8482221,Devon Levi,BUF,2,0,45.0,25.98,2,0,0.133018045,0.1053032498228009,0.1053,0.0526
8482221,Devon Levi,BUF,2,1,45.0,51.96,1,0,0.024429698,0.017902836734064852,0.0179,0.0179
8482221,Devon Levi,BUF,3,-3,67.5,-38.97,1,0,0.022789905,0.016714795654042783,0.0167,0.0167
8482221,Devon Levi,BUF,3,-2,67.5,-12.99,1,0,0.088221356,0.06963927642748759,0.0696,0.0696
8482221,Devon Levi,BUF,4,-3,90.0,-25.98,1,0,0.039775204,0.029959510717378096,0.03,0.03
8482411,Hunter Shepard,OTT,3,0,67.5,38.97,1,0,0.024191586,0.018017838160237495,0.018,0.018
8482445,Devin Cooley,CGY,0,-2,0.0,-51.96,1,0,0.013902765,0.009628723560615044,0.0096,0.0096
8482445,Devin Cooley,CGY,0,-1,0.0,-25.98,2,0,0.027393590000000002,0.019359198227143454,0.0194,0.0097
8482445,Devin Cooley,CGY,0,0,0.0,0.0,1,0,0.035164844,0.025477748213327156,0.0255,0.0255
8482445,Devin Cooley,CGY,0,1,0.0,25.98,2,0,0.016942358,0.011521724238768894,0.0115,0.0058
8482445,Devin Cooley,CGY,1,-2,22.5,-38.97,18,0,0.41637941300000003,0.29932724607903755,0.2993,0.0166
8482445,Devin Cooley,CGY,1,-1,22.5,-12.99,14,0,0.721247472,0.5686186733784242,0.5686,0.0406
8482445,Devin Cooley,CGY,1,0,22.5,12.99,9,0,0.260936344,0.19040312618465127,0.1904,0.0212
8482445,Devin Cooley,CGY,1,1,22.5,38.97,3,0,0.0485709415,0.034354670057276916,0.0344,0.0115
8482445,Devin Cooley,CGY,2,-3,45.0,-51.96,4,0,0.081664915,0.059146116584754674,0.0591,0.0148
8482445,Devin Cooley,CGY,2,-2,45.0,-25.98,35,1,1.348514727,1.0122806150117516,0.0123,0.0004
8482445,Devin Cooley,CGY,2,-1,45.0,0.0,24,2,1.439351578,1.0985644575081253,-0.9014,-0.0376
8482445,Devin Cooley,CGY,2,0,45.0,25.98,29,1,0.769977916,0.561179720185153,-0.4388,-0.0151
8482445,Devin Cooley,CGY,2,1,45.0,51.96,10,0,0.195928295,0.13954512975247002,0.1395,0.014
8482445,Devin Cooley,CGY,3,-3,67.5,-38.97,23,0,0.787133256,0.5830928136153574,0.5831,0.0254
8482445,Devin Cooley,CGY,3,-2,67.5,-12.99,74,6,7.980464964,6.415501906423428,0.4155,0.0056
8482445,Devin Cooley,CGY,3,-1,67.5,12.99,56,3,5.3214804117,4.266184842478521,1.2662,0.0226
8482445,Devin Cooley,CGY,3,0,67.5,38.97,20,0,0.666748409,0.4947075501399662,0.4947,0.0247
8482445,Devin Cooley,CGY,4,-3,90.0,-25.98,6,0,0.27664256600000003,0.20716955072960513,0.2072,0.0345
8482445,Devin Cooley,CGY,4,-2,90.0,0.0,63,8,8.322244196,6.719675317982105,-1.2803,-0.0203
8482445,Devin Cooley,CGY,4,-1,90.0,25.98,17,0,1.029533563,0.7900804089400689,0.7901,0.0465
8482445,Devin Cooley,CGY,4,0,90.0,51.96,2,0,0.038928069,0.027863433922586438,0.0279,0.014
8482446,Joel Blomqvist,PIT,1,-1,22.5,-12.99,1,0,0.03169938,0.023767415196220183,0.0238,0.0238
8482446,Joel Blomqvist,PIT,2,-2,45.0,-25.98,1,0,0.021883763,0.016127025235087324,0.0161,0.0161
8482446,Joel Blomqvist,PIT,2,0,45.0,25.98,1,0,0.021048304,0.015471634235350275,0.0155,0.0155
8482446,Joel Blomqvist,PIT,3,-2,67.5,-12.99,1,0,0.11216336,0.09115950780368329,0.0912,0.0912
8482447,Leevi Meriläinen,OTT,0,0,0.0,0.0,4,0,0.038639033,0.028239023351275223,0.0282,0.007
8482447,Leevi Meriläinen,OTT,0,1,0.0,25.98,1,0,0.111225694,0.0927927960371522,0.0928,0.0928
8482447,Leevi Meriläinen,OTT,1,-2,22.5,-38.97,4,0,0.0608066075,0.0449013005889265,0.0449,0.0112
8482447,Leevi Meriläinen,OTT,1,-1,22.5,-12.99,9,0,0.313285861,0.24329990746159347,0.2433,0.027
8482447,Leevi Meriläinen,OTT,1,0,22.5,12.99,13,0,0.8841534,0.7491876849142425,0.7492,0.0576
8482447,Leevi Meriläinen,OTT,1,1,22.5,38.97,7,0,0.37728802100000003,0.3210142188615468,0.321,0.0459
8482447,Leevi Meriläinen,OTT,2,-3,45.0,-51.96,3,0,0.066042348,0.04999370134002187,0.05,0.0167
8482447,Leevi Meriläinen,OTT,2,-2,45.0,-25.98,19,1,0.518333777,0.39451519979231015,-0.6055,-0.0319
8482447,Leevi Meriläinen,OTT,2,-1,45.0,0.0,22,2,1.384123143,1.1157007556537022,-0.8843,-0.0402
8482447,Leevi Meriläinen,OTT,2,0,45.0,25.98,24,0,0.691261854,0.532186440065567,0.5322,0.0222
8482447,Leevi Meriläinen,OTT,2,1,45.0,51.96,4,0,0.074467465,0.05515452614072581,0.0552,0.0138
8482447,Leevi Meriläinen,OTT,3,-3,67.5,-38.97,11,0,0.324060415,0.24963212149486833,0.2496,0.0227
8482447,Leevi Meriläinen,OTT,3,-2,67.5,-12.99,52,9,6.102432033,5.159877953165687,-3.8401,-0.0738
8482447,Leevi Meriläinen,OTT,3,-1,67.5,12.99,41,7,4.627533421,3.886462294074586,-3.1135,-0.0759
8482447,Leevi Meriläinen,OTT,3,0,67.5,38.97,20,3,0.662457601,0.5142477950061843,-2.4858,-0.1243
8482447,Leevi Meriläinen,OTT,4,-3,90.0,-25.98,8,0,0.45053331,0.3683116645418949,0.3683,0.046
8482447,Leevi Meriläinen,OTT,4,-2,90.0,0.0,72,10,9.381043153,7.924124514518681,-2.0759,-0.0288
8482447,Leevi Meriläinen,OTT,4,-1,90.0,25.98,11,1,0.72965263,0.5897060196664557,-0.4103,-0.0373
8482447,Leevi Meriläinen,OTT,4,0,90.0,51.96,1,0,0.01863523,0.014078266847592722,0.0141,0.0141
8482465,Rémi Poirier,DAL,1,-1,22.5,-12.99,1,0,0.050970785,0.03850699075116085,0.0385,0.0385
8482465,Rémi Poirier,DAL,3,-2,67.5,-12.99,1,0,0.1531833,0.12456980445169573,0.1246,0.1246
8482465,Rémi Poirier,DAL,3,-1,67.5,12.99,1,0,0.14981404,0.12268408293520264,0.1227,0.1227
8482465,Rémi Poirier,DAL,4,-2,90.0,0.0,1,0,0.1584078,0.12930001492907833,0.1293,0.1293
8482477,Calle Clang,ANA,0,1,0.0,25.98,1,0,0.12684183,0.1037061290094951,0.1037,0.1037
8482477,Calle Clang,ANA,1,-1,22.5,-12.99,1,0,0.031318687,0.023268053115501747,0.0233,0.0233
8482477,Calle Clang,ANA,1,0,22.5,12.99,2,0,0.090630271,0.06814005741347497,0.0681,0.034
8482477,Calle Clang,ANA,1,1,22.5,38.97,1,0,0.0103142755,0.007235628808593766,0.0072,0.0072
8482477,Calle Clang,ANA,2,-3,45.0,-51.96,1,0,0.021926524,0.015662780960000545,0.0157,0.0157
8482477,Calle Clang,ANA,2,-2,45.0,-25.98,3,1,0.176952537,0.13833347940658058,-0.8617,-0.2872
8482477,Calle Clang,ANA,2,-1,45.0,0.0,3,0,0.186210658,0.1447362834783132,0.1447,0.0482
8482477,Calle Clang,ANA,2,0,45.0,25.98,5,0,0.141727607,0.10389097863231664,0.1039,0.0208
8482477,Calle Clang,ANA,3,-2,67.5,-12.99,7,0,0.965134156,0.788279425119127,0.7883,0.1126
8482477,Calle Clang,ANA,3,-1,67.5,12.99,2,0,0.157861281,0.12330489636933803,0.1233,0.0616
8482477,Calle Clang,ANA,3,0,67.5,38.97,1,0,0.01884152,0.013722017683180333,0.0137,0.0137
8482477,Calle Clang,ANA,4,-2,90.0,0.0,7,2,0.877979804,0.7113070423874323,-1.2887,-0.1841
8482477,Calle Clang,ANA,4,-1,90.0,25.98,1,0,0.057300813,0.043281346662293725,0.0433,0.0433
8482484,Jesper Vikman,VGK,2,-2,45.0,-25.98,1,0,0.030458089,0.02236836497692853,0.0224,0.0224
8482484,Jesper Vikman,VGK,2,0,45.0,25.98,1,0,0.08449296,0.06595122937976744,0.066,0.066
8482484,Jesper Vikman,VGK,3,-1,67.5,12.99,2,0,0.166766216,0.13041874547038929,0.1304,0.0652
8482484,Jesper Vikman,VGK,3,0,67.5,38.97,1,0,0.020949218,0.015126788827591438,0.0151,0.0151
8482484,Jesper Vikman,VGK,4,-2,90.0,0.0,1,0,0.16783355,0.1394928897472056,0.1395,0.1395
8482487,Jakub Dobes,MTL,0,-2,0.0,-51.96,1,0,0.006628469,0.0042839450000381795,0.0043,0.0043
8482487,Jakub Dobes,MTL,0,0,0.0,0.0,1,0,0.082632706,0.06106844427150828,0.0611,0.0611
8482487,Jakub Dobes,MTL,0,1,0.0,25.98,4,0,0.085596919,0.05903063399530094,0.059,0.0148
8482487,Jakub Dobes,MTL,1,-2,22.5,-38.97,23,0,0.528448284,0.3644224936529497,0.3644,0.0158
8482487,Jakub Dobes,MTL,1,-1,22.5,-12.99,24,1,0.921831425,0.6528175023867162,-0.3472,-0.0145
8482487,Jakub Dobes,MTL,1,0,22.5,12.99,18,0,0.52659108,0.3690778304201941,0.3691,0.0205
8482487,Jakub Dobes,MTL,1,1,22.5,38.97,12,0,0.287364751,0.19861010933203285,0.1986,0.0166
8482487,Jakub Dobes,MTL,2,-3,45.0,-51.96,7,0,0.155148516,0.10700371008579793,0.107,0.0153
8482487,Jakub Dobes,MTL,2,-2,45.0,-25.98,83,0,3.416269508,2.4689572210220274,2.469,0.0297
8482487,Jakub Dobes,MTL,2,-1,45.0,0.0,76,7,5.30094256,3.9352604914085094,-3.0647,-0.0403
8482487,Jakub Dobes,MTL,2,0,45.0,25.98,61,3,1.8315976185,1.2869611822289653,-1.713,-0.0281
8482487,Jakub Dobes,MTL,2,1,45.0,51.96,8,0,0.179209898,0.12295889000076482,0.123,0.0154
8482487,Jakub Dobes,MTL,3,-3,67.5,-38.97,38,0,1.046817195,0.7323311551304512,0.7323,0.0193
8482487,Jakub Dobes,MTL,3,-2,67.5,-12.99,162,13,19.3277438046,15.042572155746319,2.0426,0.0126
8482487,Jakub Dobes,MTL,3,-1,67.5,12.99,103,7,11.9972902983,9.261864927399525,2.2619,0.022
8482487,Jakub Dobes,MTL,3,0,67.5,38.97,41,1,1.35325271,0.9616250595943396,-0.0384,-0.0009
8482487,Jakub Dobes,MTL,4,-3,90.0,-25.98,17,0,1.065640299,0.7896050798755392,0.7896,0.0464
8482487,Jakub Dobes,MTL,4,-2,90.0,0.0,172,12,26.001959922,20.423855132037797,8.4239,0.049
8482487,Jakub Dobes,MTL,4,-1,90.0,25.98,36,2,2.832653779,2.1266199962211583,0.1266,0.0035
8482501,Amir Miftakhov,CAR,1,-1,22.5,-12.99,1,0,0.05447139,0.04172146591314627,0.0417,0.0417
8482501,Amir Miftakhov,CAR,2,-3,45.0,-51.96,1,0,0.022254502,0.016149527036946606,0.0161,0.0161
8482501,Amir Miftakhov,CAR,2,-2,45.0,-25.98,1,0,0.028638141,0.02105790324125141,0.0211,0.0211
8482501,Amir Miftakhov,CAR,2,-1,45.0,0.0,2,0,0.16382534799999998,0.12823481036751,0.1282,0.0641
8482501,Amir Miftakhov,CAR,2,0,45.0,25.98,3,0,0.072809155,0.05344894067617305,0.0534,0.0178
8482501,Amir Miftakhov,CAR,3,-2,67.5,-12.99,3,1,0.516025025,0.4341516727791896,-0.5658,-0.1886
8482501,Amir Miftakhov,CAR,3,-1,67.5,12.99,1,0,0.10215679,0.08115260497386262,0.0812,0.0812
8482501,Amir Miftakhov,CAR,3,0,67.5,38.97,1,0,0.019356877,0.014090090636914373,0.0141,0.0141
8482501,Amir Miftakhov,CAR,4,-2,90.0,0.0,7,3,0.95060843,0.7776144795423967,-2.2224,-0.3175
8482501,Amir Miftakhov,CAR,4,-1,90.0,25.98,1,0,0.040408313,0.030443545354880336,0.0304,0.0304
8482515,Artur Akhtyamov,TOR,1,-2,22.5,-38.97,2,0,0.04544741,0.03294898312917085,0.0329,0.0164
8482515,Artur Akhtyamov,TOR,1,-1,22.5,-12.99,1,0,0.031096095,0.023567436345175507,0.0236,0.0236
8482515,Artur Akhtyamov,TOR,1,0,22.5,12.99,4,0,0.112714383,0.08161784952839264,0.0816,0.0204
8482515,Artur Akhtyamov,TOR,1,1,22.5,38.97,2,0,0.038173932,0.027446064605286653,0.0274,0.0137
8482515,Artur Akhtyamov,TOR,2,-3,45.0,-51.96,2,0,0.035310019,0.025186042774648115,0.0252,0.0126
8482515,Artur Akhtyamov,TOR,2,-2,45.0,-25.98,7,0,0.25697739399999997,0.1934341422955626,0.1934,0.0276
8482515,Artur Akhtyamov,TOR,2,-1,45.0,0.0,5,0,0.2904162095,0.22532012101220275,0.2253,0.0451
8482515,Artur Akhtyamov,TOR,2,0,45.0,25.98,6,0,0.143450257,0.10342403982929432,0.1034,0.0172
8482515,Artur Akhtyamov,TOR,3,-3,67.5,-38.97,3,0,0.12472627,0.0926171950916833,0.0926,0.0309
8482515,Artur Akhtyamov,TOR,3,-2,67.5,-12.99,12,2,1.635863336,1.343503421675282,-0.6565,-0.0547
8482515,Artur Akhtyamov,TOR,3,-1,67.5,12.99,5,0,0.559190564,0.4532800649861561,0.4533,0.0907
8482515,Artur Akhtyamov,TOR,3,0,67.5,38.97,1,0,0.017773446,0.012434951038892415,0.0124,0.0124
8482515,Artur Akhtyamov,TOR,4,-3,90.0,-25.98,3,0,0.079009303,0.05766307554878643,0.0577,0.0192
8482515,Artur Akhtyamov,TOR,4,-2,90.0,0.0,16,2,2.321629141,1.9096685218298348,-0.0903,-0.0056
8482515,Artur Akhtyamov,TOR,4,-1,90.0,25.98,2,1,0.18182501299999998,0.14398652608526763,-0.856,-0.428
8482657,Sebastian Cossa,DET,1,-2,22.5,-38.97,1,0,0.009300812,0.006434828011768682,0.0064,0.0064
8482657,Sebastian Cossa,DET,2,-3,45.0,-51.96,1,0,0.017772248,0.01316538473899635,0.0132,0.0132
8482657,Sebastian Cossa,DET,2,-2,45.0,-25.98,3,1,0.07476693300000001,0.05496309109320356,-0.945,-0.315
8482657,Sebastian Cossa,DET,2,-1,45.0,0.0,2,0,0.120081668,0.09644318248636068,0.0964,0.0482
8482657,Sebastian Cossa,DET,2,0,45.0,25.98,1,0,0.017279955,0.012363519696168725,0.0124,0.0124
8482657,Sebastian Cossa,DET,2,1,45.0,51.96,1,0,0.017700298,0.012699319909308891,0.0127,0.0127
8482657,Sebastian Cossa,DET,3,-2,67.5,-12.99,4,1,0.51284098,0.4170993082071515,-0.5829,-0.1457
8482657,Sebastian Cossa,DET,3,-1,67.5,12.99,4,0,0.383491058,0.30936078982533244,0.3094,0.0774
8482657,Sebastian Cossa,DET,3,0,67.5,38.97,1,0,0.01852943,0.013320337898476592,0.0133,0.0133
8482657,Sebastian Cossa,DET,4,-2,90.0,0.0,4,0,0.54314425,0.46425213935992776,0.4643,0.1161
8482661,Jesper Wallstedt,MIN,0,-2,0.0,-51.96,1,0,0.023376131,0.016558412108443242,0.0166,0.0166
8482661,Jesper Wallstedt,MIN,0,-1,0.0,-25.98,1,0,0.010787615,0.007367692786662504,0.0074,0.0074
8482661,Jesper Wallstedt,MIN,0,0,0.0,0.0,1,0,0.012063914,0.008541372456569473,0.0085,0.0085
8482661,Jesper Wallstedt,MIN,0,1,0.0,25.98,4,0,0.130770515,0.09750001366593036,0.0975,0.0244
8482661,Jesper Wallstedt,MIN,1,-2,22.5,-38.97,18,0,0.4304043455,0.30544019592098015,0.3054,0.017
8482661,Jesper Wallstedt,MIN,1,-1,22.5,-12.99,31,0,1.173199614,0.8535937807760574,0.8536,0.0275
8482661,Jesper Wallstedt,MIN,1,0,22.5,12.99,14,0,0.388943715,0.27927539204940327,0.2793,0.02
8482661,Jesper Wallstedt,MIN,1,1,22.5,38.97,19,1,0.38189568749999997,0.26962460887506234,-0.7304,-0.0384
8482661,Jesper Wallstedt,MIN,2,-3,45.0,-51.96,6,0,0.114348,0.08016594280414793,0.0802,0.0134
8482661,Jesper Wallstedt,MIN,2,-2,45.0,-25.98,61,3,2.4782402087,1.8172498283442775,-1.1828,-0.0194
8482661,Jesper Wallstedt,MIN,2,-1,45.0,0.0,76,2,4.464981499,3.363353830008335,1.3634,0.0179
8482661,Jesper Wallstedt,MIN,2,0,45.0,25.98,58,0,1.803936603,1.3061246455699562,1.3061,0.0225
8482661,Jesper Wallstedt,MIN,2,1,45.0,51.96,7,0,0.141797421,0.09937244918895012,0.0994,0.0142
8482661,Jesper Wallstedt,MIN,3,-3,67.5,-38.97,33,2,1.573083375,1.1797395045205163,-0.8203,-0.0249
8482661,Jesper Wallstedt,MIN,3,-2,67.5,-12.99,104,9,10.5844073107,8.368916747982865,-0.6311,-0.0061
8482661,Jesper Wallstedt,MIN,3,-1,67.5,12.99,87,8,8.977437221,7.095601912229245,-0.9044,-0.0104
8482661,Jesper Wallstedt,MIN,3,0,67.5,38.97,42,1,1.503624896,1.1066170610672272,0.1066,0.0025
8482661,Jesper Wallstedt,MIN,4,-3,90.0,-25.98,10,0,0.50767744,0.3802190255858217,0.3802,0.038
8482661,Jesper Wallstedt,MIN,4,-2,90.0,0.0,106,8,13.75900336,10.953015310681506,2.953,0.0279
8482661,Jesper Wallstedt,MIN,4,-1,90.0,25.98,25,0,1.903068291,1.4738964109373243,1.4739,0.059
8482668,Tristan Lennox,NYI,1,-1,22.5,-12.99,2,0,0.294751088,0.2425797098606331,0.2426,0.1213
8482668,Tristan Lennox,NYI,1,0,22.5,12.99,1,0,0.038055904,0.02798666136419016,0.028,0.028
8482668,Tristan Lennox,NYI,2,-2,45.0,-25.98,1,0,0.029268134,0.02121685634684271,0.0212,0.0212
8482668,Tristan Lennox,NYI,2,0,45.0,25.98,1,0,0.03708068,0.027354701624792664,0.0274,0.0274
8482668,Tristan Lennox,NYI,2,1,45.0,51.96,1,0,0.02494639,0.018173224379451867,0.0182,0.0182
8482668,Tristan Lennox,NYI,3,-2,67.5,-12.99,1,0,0.0492339,0.03631457718149314,0.0363,0.0363
8482668,Tristan Lennox,NYI,3,-1,67.5,12.99,2,1,0.21445973999999998,0.17203656539931117,-0.828,-0.414
8482668,Tristan Lennox,NYI,4,-2,90.0,0.0,2,0,0.14963729,0.11681531946331106,0.1168,0.0584
8482761,Carl Lindbom,VGK,0,0,0.0,0.0,1,0,0.14992169,0.12723588021147472,0.1272,0.1272
8482761,Carl Lindbom,VGK,0,1,0.0,25.98,1,0,0.009426128,0.006553358942632066,0.0066,0.0066
8482761,Carl Lindbom,VGK,1,-2,22.5,-38.97,2,0,0.032908225,0.023630600450789612,0.0236,0.0118
8482761,Carl Lindbom,VGK,1,-1,22.5,-12.99,4,0,0.146187014,0.11002654701476873,0.11,0.0275
8482761,Carl Lindbom,VGK,1,0,22.5,12.99,1,0,0.026106432,0.019163387438302124,0.0192,0.0192
8482761,Carl Lindbom,VGK,1,1,22.5,38.97,4,0,0.070120129,0.05048446900406455,0.0505,0.0126
8482761,Carl Lindbom,VGK,2,-3,45.0,-51.96,1,0,0.01860586,0.013624967724935731,0.0136,0.0136
8482761,Carl Lindbom,VGK,2,-2,45.0,-25.98,14,0,0.512620348,0.38555706464231726,0.3856,0.0275
8482761,Carl Lindbom,VGK,2,-1,45.0,0.0,8,0,0.617460481,0.48849145618752543,0.4885,0.0611
8482761,Carl Lindbom,VGK,2,0,45.0,25.98,6,0,0.121709994,0.08873719687516686,0.0887,0.0148
8482761,Carl Lindbom,VGK,3,-3,67.5,-38.97,6,0,0.201039465,0.15095967603110577,0.151,0.0252
8482761,Carl Lindbom,VGK,3,-2,67.5,-12.99,26,2,3.092608871,2.53116574132158,0.5312,0.0204
8482761,Carl Lindbom,VGK,3,-1,67.5,12.99,21,3,2.262296201,1.8615283588944593,-1.1385,-0.0542
8482761,Carl Lindbom,VGK,3,0,67.5,38.97,8,0,0.272900623,0.2074908999368662,0.2075,0.0259
8482761,Carl Lindbom,VGK,4,-2,90.0,0.0,32,5,4.307736911,3.5378933127503682,-1.4621,-0.0457
8482761,Carl Lindbom,VGK,4,-1,90.0,25.98,4,1,0.29511692,0.23919739330158168,-0.7608,-0.1902
8482761,Carl Lindbom,VGK,4,0,90.0,51.96,1,0,0.033636414,0.024791247185287312,0.0248,0.0248
8482783,Aleksei Kolosov,PHI,1,-2,22.5,-38.97,1,0,0.018851938,0.013729441971602894,0.0137,0.0137
8482783,Aleksei Kolosov,PHI,2,-3,45.0,-51.96,2,0,0.038846409,0.028404363460281936,0.0284,0.0142
8482783,Aleksei Kolosov,PHI,2,-1,45.0,0.0,3,0,0.231933623,0.1873375734256734,0.1873,0.0624
8482783,Aleksei Kolosov,PHI,2,0,45.0,25.98,1,1,0.026731983,0.020122424956063832,-0.9799,-0.9799
8482783,Aleksei Kolosov,PHI,3,-3,67.5,-38.97,3,0,0.1309308,0.10163074080076484,0.1016,0.0339
8482783,Aleksei Kolosov,PHI,3,-2,67.5,-12.99,7,1,0.6909492589999999,0.5615396403463125,-0.4385,-0.0626
8482783,Aleksei Kolosov,PHI,3,-1,67.5,12.99,3,1,0.38361341000000004,0.31585430840774603,-0.6841,-0.228
8482783,Aleksei Kolosov,PHI,3,0,67.5,38.97,2,0,0.063639585,0.0484005179673981,0.0484,0.0242
8482783,Aleksei Kolosov,PHI,4,-2,90.0,0.0,1,0,0.12734473,0.10465442086350828,0.1047,0.1047
8482783,Aleksei Kolosov,PHI,4,-1,90.0,25.98,1,0,0.061132345,0.04795493768067502,0.048,0.048
8482821,Arvid Soderblom,CHI,0,-2,0.0,-51.96,2,0,0.38949417799999997,0.35124928436122926,0.3512,0.1756
8482821,Arvid Soderblom,CHI,0,-1,0.0,-25.98,1,0,0.48271307,0.4494935715035269,0.4495,0.4495
8482821,Arvid Soderblom,CHI,0,0,0.0,0.0,1,0,0.03686642,0.02844150230629138,0.0284,0.0284
8482821,Arvid Soderblom,CHI,1,-2,22.5,-38.97,10,0,0.273315403,0.2074292465760894,0.2074,0.0207
8482821,Arvid Soderblom,CHI,1,-1,22.5,-12.99,8,0,0.278534524,0.2144508722597695,0.2145,0.0268
8482821,Arvid Soderblom,CHI,1,0,22.5,12.99,12,0,0.347544084,0.2651202931002856,0.2651,0.0221
8482821,Arvid Soderblom,CHI,1,1,22.5,38.97,5,0,0.084141056,0.06244157840652385,0.0624,0.0125
8482821,Arvid Soderblom,CHI,2,-3,45.0,-51.96,6,0,0.12458735,0.09263937771704427,0.0926,0.0154
8482821,Arvid Soderblom,CHI,2,-2,45.0,-25.98,41,1,1.383914792,1.0709001277736256,0.0709,0.0017
8482821,Arvid Soderblom,CHI,2,-1,45.0,0.0,39,0,2.427788016,1.9482170354542525,1.9482,0.05
8482821,Arvid Soderblom,CHI,2,0,45.0,25.98,43,1,1.228636034,0.9381625376333771,-0.0618,-0.0014
8482821,Arvid Soderblom,CHI,2,1,45.0,51.96,3,0,0.08074579800000001,0.06111211682957543,0.0611,0.0204
8482821,Arvid Soderblom,CHI,3,-3,67.5,-38.97,19,0,0.683980104,0.5309811955342656,0.531,0.0279
8482821,Arvid Soderblom,CHI,3,-2,67.5,-12.99,89,13,10.1670751432,8.55230142043229,-4.4477,-0.05
8482821,Arvid Soderblom,CHI,3,-1,67.5,12.99,56,10,6.401100577,5.346513419117233,-4.6535,-0.0831
8482821,Arvid Soderblom,CHI,3,0,67.5,38.97,20,0,0.605215693,0.46926368177515243,0.4693,0.0235
8482821,Arvid Soderblom,CHI,4,-3,90.0,-25.98,6,0,0.33981724199999996,0.27353616948525594,0.2735,0.0456
8482821,Arvid Soderblom,CHI,4,-2,90.0,0.0,105,19,14.699791066,12.406854875120706,-6.5931,-0.0628
8482821,Arvid Soderblom,CHI,4,-1,90.0,25.98,19,1,1.536652962,1.2550225971524316,0.255,0.0134
8482821,Arvid Soderblom,CHI,4,0,90.0,51.96,1,0,0.029498935,0.021948844388703856,0.0219,0.0219
8482867,Jakub Malek,NJD,2,-1,45.0,0.0,2,0,0.143773588,0.11137025590597917,0.1114,0.0557
8482867,Jakub Malek,NJD,2,1,45.0,51.96,1,0,0.03087521,0.022523763048117956,0.0225,0.0225
8482867,Jakub Malek,NJD,3,-3,67.5,-38.97,1,0,0.02811968,0.02048297892086503,0.0205,0.0205
8482867,Jakub Malek,NJD,3,-2,67.5,-12.99,3,0,0.21311681,0.1653160230730158,0.1653,0.0551
8482867,Jakub Malek,NJD,3,-1,67.5,12.99,4,0,0.357121761,0.2834225037715754,0.2834,0.0708
8482867,Jakub Malek,NJD,3,0,67.5,38.97,1,0,0.022405703,0.01617393594174441,0.0162,0.0162
8482867,Jakub Malek,NJD,4,-2,90.0,0.0,1,0,0.16224407,0.13087037646671368,0.1309,0.1309
8482869,Talyn Boyko,NYR,2,-1,45.0,0.0,1,0,0.087511875,0.0685821591561189,0.0686,0.0686
8482869,Talyn Boyko,NYR,2,0,45.0,25.98,1,0,0.03558252,0.026418344811428195,0.0264,0.0264
8482869,Talyn Boyko,NYR,3,-2,67.5,-12.99,1,1,0.15404597,0.1244688582198046,-0.8755,-0.8755
8482869,Talyn Boyko,NYR,3,-1,67.5,12.99,1,0,0.07236544,0.05648092688953791,0.0565,0.0565
8482914,Kirill Gerasimyuk,FLA,2,0,45.0,25.98,1,0,0.040491793,0.030055480530452577,0.0301,0.0301
8482914,Kirill Gerasimyuk,FLA,3,-3,67.5,-38.97,1,0,0.06276496,0.048332627196645266,0.0483,0.0483
8482914,Kirill Gerasimyuk,FLA,3,-2,67.5,-12.99,2,0,0.104637067,0.07975884628797604,0.0798,0.0399
8482914,Kirill Gerasimyuk,FLA,3,0,67.5,38.97,1,0,0.054742295,0.04186543608952526,0.0419,0.0419
8482914,Kirill Gerasimyuk,FLA,4,-2,90.0,0.0,2,2,0.24127579,0.19377943850205379,-1.8062,-0.9031
8482914,Kirill Gerasimyuk,FLA,4,-1,90.0,25.98,1,0,0.042279437,0.03188195703507004,0.0319,0.0319
8482940,Vyacheslav Peksa,TOR,2,-1,45.0,0.0,1,0,0.04866486,0.03646940355781036,0.0365,0.0365
8482940,Vyacheslav Peksa,TOR,2,0,45.0,25.98,1,0,0.025075527,0.018198620913322854,0.0182,0.0182
8482940,Vyacheslav Peksa,TOR,3,-3,67.5,-38.97,2,0,0.053409183,0.03900365360585452,0.039,0.0195
8482940,Vyacheslav Peksa,TOR,3,-2,67.5,-12.99,4,0,0.49112285200000005,0.3991685016429657,0.3992,0.0998
8482940,Vyacheslav Peksa,TOR,3,-1,67.5,12.99,2,0,0.184437864,0.14436176660203992,0.1444,0.0722
8482940,Vyacheslav Peksa,TOR,3,0,67.5,38.97,1,0,0.0542707,0.04122386578845351,0.0412,0.0412
8482940,Vyacheslav Peksa,TOR,4,-2,90.0,0.0,2,0,0.23299902,0.18387669462530104,0.1839,0.092
8482940,Vyacheslav Peksa,TOR,4,-1,90.0,25.98,1,0,0.053767525,0.04076058220823303,0.0408,0.0408
8482949,Arsenii Sergeev,CGY,2,-2,45.0,-25.98,1,0,0.022438826,0.016035145339206518,0.016,0.016
8482949,Arsenii Sergeev,CGY,2,0,45.0,25.98,1,0,0.021313773,0.015190726941013996,0.0152,0.0152
8482949,Arsenii Sergeev,CGY,3,-3,67.5,-38.97,1,0,0.018983942,0.013421147166998382,0.0134,0.0134
8482949,Arsenii Sergeev,CGY,3,-2,67.5,-12.99,2,0,0.296502426,0.2475138199681341,0.2475,0.1238
8482949,Arsenii Sergeev,CGY,3,-1,67.5,12.99,2,0,0.21342145,0.16732127028847488,0.1673,0.0836
8482949,Arsenii Sergeev,CGY,3,0,67.5,38.97,1,0,0.01859907,0.013221501685542598,0.0132,0.0132
8482949,Arsenii Sergeev,CGY,4,-2,90.0,0.0,5,1,0.574794492,0.4635596924183162,-0.5364,-0.1073
8482982,Jet Greaves,CBJ,0,-2,0.0,-51.96,2,0,0.03665322,0.025343561508493727,0.0253,0.0126
8482982,Jet Greaves,CBJ,0,-1,0.0,-25.98,5,0,0.0858279744,0.05931673956172812,0.0593,0.0119
8482982,Jet Greaves,CBJ,0,0,0.0,0.0,2,0,0.44029218200000003,0.38604420682158086,0.386,0.193
8482982,Jet Greaves,CBJ,0,1,0.0,25.98,6,0,0.6580333836000001,0.5854504837927823,0.5855,0.0976
8482982,Jet Greaves,CBJ,1,-2,22.5,-38.97,28,0,0.730352424,0.5102047886980122,0.5102,0.0182
8482982,Jet Greaves,CBJ,1,-1,22.5,-12.99,45,2,1.828118226,1.3091994802910145,-0.6908,-0.0154
8482982,Jet Greaves,CBJ,1,0,22.5,12.99,33,1,0.969521597,0.6849824162998961,-0.315,-0.0095
8482982,Jet Greaves,CBJ,1,1,22.5,38.97,25,1,0.4972378607,0.34318826308641653,-0.6568,-0.0263
8482982,Jet Greaves,CBJ,2,-3,45.0,-51.96,9,0,0.18547011,0.1280436039084133,0.128,0.0142
8482982,Jet Greaves,CBJ,2,-2,45.0,-25.98,101,4,3.834878022,2.755322386932245,-1.2447,-0.0123
8482982,Jet Greaves,CBJ,2,-1,45.0,0.0,105,2,7.3425847056,5.514164287209682,3.5142,0.0335
8482982,Jet Greaves,CBJ,2,0,45.0,25.98,90,1,2.5360542015,1.7833174496410542,0.7833,0.0087
8482982,Jet Greaves,CBJ,2,1,45.0,51.96,14,0,0.461999357,0.33686706873803274,0.3369,0.0241
8482982,Jet Greaves,CBJ,3,-3,67.5,-38.97,47,1,1.852251277,1.3469001508079312,0.3469,0.0074
8482982,Jet Greaves,CBJ,3,-2,67.5,-12.99,183,11,19.8960491042,15.49275018398098,4.4928,0.0246
8482982,Jet Greaves,CBJ,3,-1,67.5,12.99,157,9,14.8777204,11.468819853358895,2.4688,0.0157
8482982,Jet Greaves,CBJ,3,0,67.5,38.97,38,1,1.523177432,1.1019143298900667,0.1019,0.0027
8482982,Jet Greaves,CBJ,4,-3,90.0,-25.98,25,2,1.922049434,1.4435830363081277,-0.5564,-0.0223
8482982,Jet Greaves,CBJ,4,-2,90.0,0.0,171,20,23.230798053,18.162148952978317,-1.8379,-0.0107
8482982,Jet Greaves,CBJ,4,-1,90.0,25.98,47,2,3.734116597,2.8309534457244525,0.831,0.0177
8482982,Jet Greaves,CBJ,4,0,90.0,51.96,3,0,0.0550082,0.037445397221300455,0.0374,0.0125
8483114,Thomas Milic,WPG,1,-2,22.5,-38.97,2,0,0.048241749,0.035256930440644145,0.0353,0.0176
8483114,Thomas Milic,WPG,1,-1,22.5,-12.99,1,0,0.019585626,0.013893576033339345,0.0139,0.0139
8483114,Thomas Milic,WPG,1,1,22.5,38.97,1,0,0.024658706,0.017796953945995696,0.0178,0.0178
8483114,Thomas Milic,WPG,2,-2,45.0,-25.98,7,0,0.217765442,0.16244783506967522,0.1624,0.0232
8483114,Thomas Milic,WPG,2,-1,45.0,0.0,3,0,0.206634278,0.16144969174102397,0.1614,0.0538
8483114,Thomas Milic,WPG,3,-3,67.5,-38.97,2,0,0.13186962400000002,0.10667411011456607,0.1067,0.0534
8483114,Thomas Milic,WPG,3,-2,67.5,-12.99,7,0,0.876815919,0.7141304348502735,0.7141,0.102
8483114,Thomas Milic,WPG,3,-1,67.5,12.99,7,1,0.669813887,0.5432480665853423,-0.4568,-0.0653
8483114,Thomas Milic,WPG,3,0,67.5,38.97,2,0,0.120888967,0.09456191461275337,0.0946,0.0473
8483114,Thomas Milic,WPG,4,-2,90.0,0.0,6,2,0.91964227,0.7594166380476238,-1.2406,-0.2068
8483530,Jaxson Stauber,UTA,1,-2,22.5,-38.97,1,0,0.02617558,0.019269820931501407,0.0193,0.0193
8483530,Jaxson Stauber,UTA,1,-1,22.5,-12.99,2,0,0.08290438,0.06275166654174917,0.0628,0.0314
8483530,Jaxson Stauber,UTA,2,-2,45.0,-25.98,1,0,0.021760166,0.01606262555239337,0.0161,0.0161
8483530,Jaxson Stauber,UTA,2,0,45.0,25.98,2,0,0.069313668,0.052006287142949525,0.052,0.026
8483530,Jaxson Stauber,UTA,3,-3,67.5,-38.97,1,0,0.026834592,0.020142373528783716,0.0201,0.0201
8483530,Jaxson Stauber,UTA,3,-2,67.5,-12.99,3,2,0.227618798,0.18374814337884238,-1.8163,-0.6054
8483530,Jaxson Stauber,UTA,3,-1,67.5,12.99,2,1,0.15674595000000002,0.12646338980476635,-0.8735,-0.4368
8483530,Jaxson Stauber,UTA,3,0,67.5,38.97,1,0,0.030982764,0.02322543321744256,0.0232,0.0232
8483530,Jaxson Stauber,UTA,4,-2,90.0,0.0,2,0,0.172293645,0.13838999594688978,0.1384,0.0692
8483530,Jaxson Stauber,UTA,4,-1,90.0,25.98,1,0,0.035363447,0.026817123344532862,0.0268,0.0268
8483532,Clay Stevenson,WSH,0,-2,0.0,-51.96,1,0,0.038510583,0.02881298244015297,0.0288,0.0288
8483532,Clay Stevenson,WSH,0,1,0.0,25.98,1,0,0.006506267,0.004425332465206806,0.0044,0.0044
8483532,Clay Stevenson,WSH,1,-1,22.5,-12.99,2,0,0.08652285300000001,0.06478922342163576,0.0648,0.0324
8483532,Clay Stevenson,WSH,2,-2,45.0,-25.98,5,0,0.269716756,0.20592203792279562,0.2059,0.0412
8483532,Clay Stevenson,WSH,2,-1,45.0,0.0,3,0,0.146841842,0.11127260331660885,0.1113,0.0371
8483532,Clay Stevenson,WSH,2,0,45.0,25.98,8,1,0.282882032,0.2117596679698679,-0.7882,-0.0985
8483532,Clay Stevenson,WSH,2,1,45.0,51.96,1,0,0.09522926,0.07409875087344038,0.0741,0.0741
8483532,Clay Stevenson,WSH,3,-3,67.5,-38.97,3,0,0.154648719,0.11910053472433531,0.1191,0.0397
8483532,Clay Stevenson,WSH,3,-2,67.5,-12.99,10,0,1.887815675,1.5736210187674502,1.5736,0.1574
8483532,Clay Stevenson,WSH,3,-1,67.5,12.99,2,0,0.197107971,0.15825491208801226,0.1583,0.0792
8483532,Clay Stevenson,WSH,3,0,67.5,38.97,4,1,0.16012812399999998,0.12191726703137154,-0.8781,-0.2195
8483532,Clay Stevenson,WSH,4,-3,90.0,-25.98,2,0,0.14154622,0.10867650251315936,0.1087,0.0544
8483532,Clay Stevenson,WSH,4,-2,90.0,0.0,12,0,1.59184996,1.298114967779848,1.2981,0.1082
8483532,Clay Stevenson,WSH,4,-1,90.0,25.98,3,0,0.264693325,0.20842307068199303,0.2084,0.0695
8483534,Ryan Fanti,TBL,2,-2,45.0,-25.98,1,0,0.08276593,0.06529429571207344,0.0653,0.0653
8483534,Ryan Fanti,TBL,3,0,67.5,38.97,1,0,0.020073617,0.014312499595695383,0.0143,0.0143
8483548,Brandon Bussi,CAR,0,-1,0.0,-25.98,1,0,0.011234545,0.0076387100343158,0.0076,0.0076
8483548,Brandon Bussi,CAR,0,0,0.0,0.0,2,0,0.063968374,0.046312321322406445,0.0463,0.0232
8483548,Brandon Bussi,CAR,0,1,0.0,25.98,1,0,0.02375461,0.01670399592662214,0.0167,0.0167
8483548,Brandon Bussi,CAR,1,-2,22.5,-38.97,12,0,0.2778832605,0.19748901589915413,0.1975,0.0165
8483548,Brandon Bussi,CAR,1,-1,22.5,-12.99,7,0,0.280553454,0.20524156947180136,0.2052,0.0293
8483548,Brandon Bussi,CAR,1,0,22.5,12.99,14,0,0.327193452,0.23183197376848874,0.2318,0.0166
8483548,Brandon Bussi,CAR,1,1,22.5,38.97,3,0,0.07312239499999999,0.05185484466637305,0.0519,0.0173
8483548,Brandon Bussi,CAR,2,-3,45.0,-51.96,9,0,0.19921864,0.14126968337196905,0.1413,0.0157
8483548,Brandon Bussi,CAR,2,-2,45.0,-25.98,34,1,1.7283807,1.2931561487394125,0.2932,0.0086
8483548,Brandon Bussi,CAR,2,-1,45.0,0.0,28,4,1.910638129,1.4623488475340696,-2.5377,-0.0906
8483548,Brandon Bussi,CAR,2,0,45.0,25.98,31,0,0.9391405580000001,0.6810673053380851,0.6811,0.022
8483548,Brandon Bussi,CAR,2,1,45.0,51.96,2,0,0.045498038000000005,0.03176559020370963,0.0318,0.0159
8483548,Brandon Bussi,CAR,3,-3,67.5,-38.97,22,1,0.719838684,0.5213209001092692,-0.4787,-0.0218
8483548,Brandon Bussi,CAR,3,-2,67.5,-12.99,78,4,9.4971420185,7.55498171042529,3.555,0.0456
8483548,Brandon Bussi,CAR,3,-1,67.5,12.99,63,5,7.1383896407,5.6616386359917295,0.6616,0.0105
8483548,Brandon Bussi,CAR,3,0,67.5,38.97,14,0,0.428647524,0.310944648803801,0.3109,0.0222
8483548,Brandon Bussi,CAR,4,-3,90.0,-25.98,7,0,0.49747522,0.37810239282295444,0.3781,0.054
8483548,Brandon Bussi,CAR,4,-2,90.0,0.0,84,8,11.205376938,8.926382575829793,0.9264,0.011
8483548,Brandon Bussi,CAR,4,-1,90.0,25.98,20,0,1.909372559,1.4987042584571715,1.4987,0.0749
8483548,Brandon Bussi,CAR,4,0,90.0,51.96,3,0,0.059529200000000004,0.04188909824391549,0.0419,0.014
8483575,Matt Murray,NSH,1,-2,22.5,-38.97,1,0,0.3622725,0.320485854004833,0.3205,0.3205
8483575,Matt Murray,NSH,2,-2,45.0,-25.98,2,0,0.065892868,0.048608219350752074,0.0486,0.0243
8483575,Matt Murray,NSH,2,0,45.0,25.98,2,0,0.09152305699999999,0.06903668008950085,0.069,0.0345
8483575,Matt Murray,NSH,2,1,45.0,51.96,1,0,0.09995514,0.07882843285966759,0.0788,0.0788
8483575,Matt Murray,NSH,3,-2,67.5,-12.99,1,0,0.12929006,0.10360607536540443,0.1036,0.1036
8483575,Matt Murray,NSH,3,0,67.5,38.97,1,0,0.13338135,0.10743818290712231,0.1074,0.1074
8483575,Matt Murray,NSH,4,-3,90.0,-25.98,1,0,0.05339139,0.04046890976012081,0.0405,0.0405
8483575,Matt Murray,NSH,4,-1,90.0,25.98,1,0,0.10761427,0.08531040084294891,0.0853,0.0853
8483659,Isaac Poulter,WPG,3,-2,67.5,-12.99,2,1,0.4286636,0.35921711620841307,-0.6408,-0.3204
8483668,Nikke Kokko,SEA,0,-2,0.0,-51.96,1,0,0.016703097,0.011900732488315292,0.0119,0.0119
8483668,Nikke Kokko,SEA,0,-1,0.0,-25.98,1,0,0.012515739,0.008779206580191466,0.0088,0.0088
8483668,Nikke Kokko,SEA,0,1,0.0,25.98,1,0,0.031439435,0.02309601428495317,0.0231,0.0231
8483668,Nikke Kokko,SEA,1,-2,22.5,-38.97,1,0,0.0100903725,0.007054065256480413,0.0071,0.0071
8483668,Nikke Kokko,SEA,1,0,22.5,12.99,4,0,0.093674178,0.06815315104833798,0.0682,0.017
8483668,Nikke Kokko,SEA,1,1,22.5,38.97,3,0,0.065934895,0.04793846805374007,0.0479,0.016
8483668,Nikke Kokko,SEA,2,-2,45.0,-25.98,16,1,0.631666777,0.47858725536256225,-0.5214,-0.0326
8483668,Nikke Kokko,SEA,2,-1,45.0,0.0,6,0,0.399064337,0.3124942808265069,0.3125,0.0521
8483668,Nikke Kokko,SEA,2,0,45.0,25.98,11,0,0.349452906,0.26076165967308224,0.2608,0.0237
8483668,Nikke Kokko,SEA,3,-3,67.5,-38.97,4,0,0.11662597899999999,0.0876082778213713,0.0876,0.0219
8483668,Nikke Kokko,SEA,3,-2,67.5,-12.99,11,3,0.916177147,0.7427829632502223,-2.2572,-0.2052
8483668,Nikke Kokko,SEA,3,-1,67.5,12.99,7,0,0.437043633,0.33872158424613236,0.3387,0.0484
8483668,Nikke Kokko,SEA,3,0,67.5,38.97,3,0,0.069938561,0.051171076939746506,0.0512,0.0171
8483668,Nikke Kokko,SEA,4,-3,90.0,-25.98,2,0,0.056030005,0.04095235583220932,0.041,0.0205
8483668,Nikke Kokko,SEA,4,-2,90.0,0.0,14,2,2.1756223649999997,1.8036931100896587,-0.1963,-0.014
8483668,Nikke Kokko,SEA,4,-1,90.0,25.98,1,0,0.13704695,0.11129979943862532,0.1113,0.1113
8483703,Sergei Murashov,PIT,0,1,0.0,25.98,1,0,0.4183398,0.3783513819734368,0.3784,0.3784
8483703,Sergei Murashov,PIT,1,-1,22.5,-12.99,2,0,0.08063248,0.06013610804308872,0.0601,0.03
8483703,Sergei Murashov,PIT,1,0,22.5,12.99,3,0,0.105430398,0.07790052208777389,0.0779,0.026
8483703,Sergei Murashov,PIT,1,1,22.5,38.97,1,0,0.02567518,0.018712384558639127,0.0187,0.0187
8483703,Sergei Murashov,PIT,2,-3,45.0,-51.96,2,0,0.040980172999999995,0.02986930694652313,0.0299,0.015
8483703,Sergei Murashov,PIT,2,-2,45.0,-25.98,10,1,0.405905107,0.3093285404400108,-0.6907,-0.0691
8483703,Sergei Murashov,PIT,2,-1,45.0,0.0,12,0,0.744031324,0.5753515962142753,0.5754,0.048
8483703,Sergei Murashov,PIT,2,0,45.0,25.98,10,0,0.276991731,0.20520275812414235,0.2052,0.0205
8483703,Sergei Murashov,PIT,3,-3,67.5,-38.97,4,1,0.213772745,0.16673688106572027,-0.8333,-0.2083
8483703,Sergei Murashov,PIT,3,-2,67.5,-12.99,17,1,1.926513907,1.5640766940181252,0.5641,0.0332
8483703,Sergei Murashov,PIT,3,-1,67.5,12.99,15,1,1.7542138139999999,1.4278879894185361,0.4279,0.0285
8483703,Sergei Murashov,PIT,3,0,67.5,38.97,7,0,0.290282295,0.22228844690396007,0.2223,0.0318
8483703,Sergei Murashov,PIT,4,-3,90.0,-25.98,2,0,0.121757783,0.09357067567517095,0.0936,0.0468
8483703,Sergei Murashov,PIT,4,-2,90.0,0.0,24,2,2.917381975,2.360468718277763,0.3605,0.015
8483703,Sergei Murashov,PIT,4,-1,90.0,25.98,5,1,0.214174292,0.1610978104302393,-0.8389,-0.1678
8483710,Dennis Hildeby,TOR,0,0,0.0,0.0,1,0,0.011739117,0.00812472335210899,0.0081,0.0081
8483710,Dennis Hildeby,TOR,0,1,0.0,25.98,1,0,0.012331313,0.008448301657924194,0.0084,0.0084
8483710,Dennis Hildeby,TOR,1,-2,22.5,-38.97,14,1,0.31786132300000003,0.2285495622346922,-0.7715,-0.0551
8483710,Dennis Hildeby,TOR,1,-1,22.5,-12.99,4,0,0.136329627,0.1008267919917844,0.1008,0.0252
8483710,Dennis Hildeby,TOR,1,0,22.5,12.99,10,0,0.232376108,0.16723013440302933,0.1672,0.0167
8483710,Dennis Hildeby,TOR,1,1,22.5,38.97,3,0,0.063843295,0.04548745532617304,0.0455,0.0152
8483710,Dennis Hildeby,TOR,2,-3,45.0,-51.96,1,0,0.023200214,0.017347458812899504,0.0173,0.0173
8483710,Dennis Hildeby,TOR,2,-2,45.0,-25.98,21,0,0.564534969,0.41135988287231645,0.4114,0.0196
8483710,Dennis Hildeby,TOR,2,-1,45.0,0.0,26,1,1.642136528,1.2629035200783183,0.2629,0.0101
8483710,Dennis Hildeby,TOR,2,0,45.0,25.98,33,0,1.040746669,0.768045432337155,0.768,0.0233
8483710,Dennis Hildeby,TOR,2,1,45.0,51.96,4,0,0.08121901100000001,0.05787010662652532,0.0579,0.0145
8483710,Dennis Hildeby,TOR,3,-3,67.5,-38.97,12,0,0.604259121,0.4620738020498369,0.4621,0.0385
8483710,Dennis Hildeby,TOR,3,-2,67.5,-12.99,48,3,5.383644694,4.335400217268405,1.3354,0.0278
8483710,Dennis Hildeby,TOR,3,-1,67.5,12.99,51,3,5.399875954,4.319131154645807,1.3191,0.0259
8483710,Dennis Hildeby,TOR,3,0,67.5,38.97,16,1,0.592739905,0.43961698498287854,-0.5604,-0.035
8483710,Dennis Hildeby,TOR,4,-3,90.0,-25.98,6,0,0.341996159,0.26050209634299154,0.2605,0.0434
8483710,Dennis Hildeby,TOR,4,-2,90.0,0.0,54,9,7.484619503,6.081196015774296,-2.9188,-0.0541
8483710,Dennis Hildeby,TOR,4,-1,90.0,25.98,11,0,0.965734181,0.7574527449219535,0.7575,0.0689
8483711,Domenic DiVincentiis,WPG,1,-1,22.5,-12.99,1,0,0.029954476,0.021845763221402626,0.0218,0.0218
8483711,Domenic DiVincentiis,WPG,1,0,22.5,12.99,1,0,0.03984535,0.029518172037530738,0.0295,0.0295
8483711,Domenic DiVincentiis,WPG,1,1,22.5,38.97,1,0,0.02004134,0.01439313510679725,0.0144,0.0144
8483711,Domenic DiVincentiis,WPG,2,-2,45.0,-25.98,2,0,0.0371131205,0.02670059372999972,0.0267,0.0134
8483711,Domenic DiVincentiis,WPG,2,-1,45.0,0.0,1,0,0.0513556,0.03881886409261039,0.0388,0.0388
8483711,Domenic DiVincentiis,WPG,2,0,45.0,25.98,2,1,0.040455483,0.028837955742361324,-0.9712,-0.4856
8483711,Domenic DiVincentiis,WPG,3,-2,67.5,-12.99,5,0,0.433371716,0.3461990373148184,0.3462,0.0692
8483711,Domenic DiVincentiis,WPG,3,-1,67.5,12.99,1,0,0.12405722,0.09836923851730814,0.0984,0.0984
8483711,Domenic DiVincentiis,WPG,4,-3,90.0,-25.98,1,0,0.059784453,0.04584739272007007,0.0458,0.0458
8483711,Domenic DiVincentiis,WPG,4,-2,90.0,0.0,4,2,0.73822124,0.6210232950431566,-1.379,-0.3448
8483711,Domenic DiVincentiis,WPG,4,-1,90.0,25.98,1,0,0.06556581,0.050319270236381324,0.0503,0.0503
8483746,Vyacheslav Buteyets,ANA,1,-1,22.5,-12.99,1,0,0.06060389,0.04786261204953212,0.0479,0.0479
8483746,Vyacheslav Buteyets,ANA,2,-2,45.0,-25.98,1,0,0.08378754,0.06619248707160331,0.0662,0.0662
8483746,Vyacheslav Buteyets,ANA,2,-1,45.0,0.0,1,0,0.03061568,0.022531087021567617,0.0225,0.0225
8483746,Vyacheslav Buteyets,ANA,2,0,45.0,25.98,2,1,0.117264953,0.08921785381013936,-0.9108,-0.4554
8483746,Vyacheslav Buteyets,ANA,3,-2,67.5,-12.99,4,0,0.397733767,0.31645403069409184,0.3165,0.0791
8483746,Vyacheslav Buteyets,ANA,3,-1,67.5,12.99,3,0,0.50652743,0.4187181435572186,0.4187,0.1396
8483746,Vyacheslav Buteyets,ANA,3,0,67.5,38.97,2,0,0.040436593,0.028910696824907954,0.0289,0.0144
8483746,Vyacheslav Buteyets,ANA,4,-3,90.0,-25.98,1,1,0.09843838,0.07683741454610087,-0.9232,-0.9232
8483746,Vyacheslav Buteyets,ANA,4,-2,90.0,0.0,2,0,0.28124108999999997,0.231555941311622,0.2316,0.1158
8483746,Vyacheslav Buteyets,ANA,4,-1,90.0,25.98,1,0,0.039033383,0.028985003767049364,0.029,0.029
8483751,Ty Young,VAN,2,-3,45.0,-51.96,1,0,0.024918487,0.01824044233921844,0.0182,0.0182
8483751,Ty Young,VAN,2,-2,45.0,-25.98,1,0,0.119951434,0.09737003391040915,0.0974,0.0974
8483751,Ty Young,VAN,2,-1,45.0,0.0,2,0,0.10027502599999999,0.07671702813026446,0.0767,0.0384
8483751,Ty Young,VAN,2,0,45.0,25.98,1,0,0.035802368,0.0267133422646341,0.0267,0.0267
8483751,Ty Young,VAN,3,-2,67.5,-12.99,1,0,0.031251144,0.02330663692668495,0.0233,0.0233
8483751,Ty Young,VAN,3,-1,67.5,12.99,2,0,0.32068074,0.2656108688902856,0.2656,0.1328
8483751,Ty Young,VAN,4,-2,90.0,0.0,2,1,0.307104624,0.2553330345917988,-0.7447,-0.3724
8483769,Samuel Jonsson,EDM,2,-1,45.0,0.0,1,0,0.039161827,0.02905376804090303,0.0291,0.0291
8483769,Samuel Jonsson,EDM,2,0,45.0,25.98,1,0,0.0353654,0.025847786487561728,0.0258,0.0258
8483769,Samuel Jonsson,EDM,3,-2,67.5,-12.99,3,0,0.326350327,0.26163888526807916,0.2616,0.0872
8483769,Samuel Jonsson,EDM,3,-1,67.5,12.99,2,0,0.1510996747,0.12093021022617308,0.1209,0.0604
8483769,Samuel Jonsson,EDM,3,0,67.5,38.97,1,0,0.035534166,0.026442621907340286,0.0264,0.0264
8484147,Carson Bjarnason,PHI,1,1,22.5,38.97,1,0,0.017218787,0.012179373406938565,0.0122,0.0122
8484147,Carson Bjarnason,PHI,2,-1,45.0,0.0,2,0,0.09939032,0.07511346354238885,0.0751,0.0376
8484147,Carson Bjarnason,PHI,2,0,45.0,25.98,3,0,0.131079728,0.09826256754966625,0.0983,0.0328
8484147,Carson Bjarnason,PHI,3,-3,67.5,-38.97,1,0,0.043245625,0.03219636298594022,0.0322,0.0322
8484147,Carson Bjarnason,PHI,3,-2,67.5,-12.99,3,0,0.61807837,0.5159565467785537,0.516,0.172
8484147,Carson Bjarnason,PHI,3,-1,67.5,12.99,3,0,0.35233876199999997,0.2852026037224382,0.2852,0.0951
8484147,Carson Bjarnason,PHI,4,-2,90.0,0.0,1,0,0.13322544,0.10646004610394648,0.1065,0.1065
8484147,Carson Bjarnason,PHI,4,-1,90.0,25.98,1,0,0.18185225,0.14856207753452158,0.1486,0.1486
8484170,Jacob Fowler,MTL,0,-1,0.0,-25.98,2,0,0.041196067,0.028980855018147053,0.029,0.0145
8484170,Jacob Fowler,MTL,0,0,0.0,0.0,1,0,0.011212056,0.0077401024025153375,0.0077,0.0077
8484170,Jacob Fowler,MTL,0,1,0.0,25.98,2,0,0.067794526,0.050050864203599506,0.0501,0.025
8484170,Jacob Fowler,MTL,1,-2,22.5,-38.97,8,0,0.327880285,0.2526257875554864,0.2526,0.0316
8484170,Jacob Fowler,MTL,1,-1,22.5,-12.99,9,0,0.334657365,0.2447525313189564,0.2448,0.0272
8484170,Jacob Fowler,MTL,1,0,22.5,12.99,2,0,0.065903097,0.04763585286425547,0.0476,0.0238
8484170,Jacob Fowler,MTL,1,1,22.5,38.97,4,0,0.07807072000000001,0.055478797511377305,0.0555,0.0139
8484170,Jacob Fowler,MTL,2,-3,45.0,-51.96,3,0,0.403624468,0.3452279708663213,0.3452,0.1151
8484170,Jacob Fowler,MTL,2,-2,45.0,-25.98,20,0,0.7494739236,0.5553801725808644,0.5554,0.0278
8484170,Jacob Fowler,MTL,2,-1,45.0,0.0,24,1,2.050792179,1.5905155228401961,0.5905,0.0246
8484170,Jacob Fowler,MTL,2,0,45.0,25.98,16,1,0.49199527,0.355551026540045,-0.6444,-0.0403
8484170,Jacob Fowler,MTL,2,1,45.0,51.96,5,0,0.102533437,0.07280973434893406,0.0728,0.0146
8484170,Jacob Fowler,MTL,3,-3,67.5,-38.97,11,0,0.423265638,0.31071997458070694,0.3107,0.0282
8484170,Jacob Fowler,MTL,3,-2,67.5,-12.99,52,7,7.005609559,5.641639637155027,-1.3584,-0.0261
8484170,Jacob Fowler,MTL,3,-1,67.5,12.99,37,3,3.781081815,2.9903714386736535,-0.0096,-0.0003
8484170,Jacob Fowler,MTL,3,0,67.5,38.97,7,0,0.312102561,0.2312252996871288,0.2312,0.033
8484170,Jacob Fowler,MTL,4,-3,90.0,-25.98,5,1,0.315829638,0.2389680510521246,-0.761,-0.1522
8484170,Jacob Fowler,MTL,4,-2,90.0,0.0,41,4,5.544151422,4.448143960323467,0.4481,0.0109
8484170,Jacob Fowler,MTL,4,-1,90.0,25.98,10,0,0.667975109,0.5074987521435147,0.5075,0.0507
8484268,Nikita Tolopilo,VAN,0,-2,0.0,-51.96,2,0,0.018875651,0.01316425312384658,0.0132,0.0066
8484268,Nikita Tolopilo,VAN,1,-2,22.5,-38.97,5,0,0.0819141265,0.05844402807644078,0.0584,0.0117
8484268,Nikita Tolopilo,VAN,1,-1,22.5,-12.99,5,0,0.194731117,0.14509828349991552,0.1451,0.029
8484268,Nikita Tolopilo,VAN,1,0,22.5,12.99,3,0,0.076675559,0.05588166651018789,0.0559,0.0186
8484268,Nikita Tolopilo,VAN,1,1,22.5,38.97,1,0,0.02150197,0.015538510275067127,0.0155,0.0155
8484268,Nikita Tolopilo,VAN,2,-3,45.0,-51.96,3,0,0.063921561,0.04601249913907811,0.046,0.0153
8484268,Nikita Tolopilo,VAN,2,-2,45.0,-25.98,23,0,0.807808259,0.615963489521822,0.616,0.0268
8484268,Nikita Tolopilo,VAN,2,-1,45.0,0.0,20,1,1.3436677,1.0462811508570102,0.0463,0.0023
8484268,Nikita Tolopilo,VAN,2,0,45.0,25.98,20,0,0.617614667,0.458594818736902,0.4586,0.0229
8484268,Nikita Tolopilo,VAN,2,1,45.0,51.96,4,0,0.078150867,0.05607079969628069,0.0561,0.014
8484268,Nikita Tolopilo,VAN,3,-3,67.5,-38.97,6,0,0.146232553,0.10647329347392245,0.1065,0.0177
8484268,Nikita Tolopilo,VAN,3,-2,67.5,-12.99,66,6,7.143737189,5.822119123218733,-0.1779,-0.0027
8484268,Nikita Tolopilo,VAN,3,-1,67.5,12.99,47,4,5.810405896,4.743878326442471,0.7439,0.0158
8484268,Nikita Tolopilo,VAN,3,0,67.5,38.97,13,1,0.485792534,0.3657876954505557,-0.6342,-0.0488
8484268,Nikita Tolopilo,VAN,4,-3,90.0,-25.98,7,1,0.293286811,0.22525006028079508,-0.7747,-0.1107
8484268,Nikita Tolopilo,VAN,4,-2,90.0,0.0,58,9,8.174537351,6.72563758316856,-2.2744,-0.0392
8484268,Nikita Tolopilo,VAN,4,-1,90.0,25.98,10,1,0.816374079,0.6527120812749825,-0.3473,-0.0347
8484268,Nikita Tolopilo,VAN,4,0,90.0,51.96,2,0,0.037535109,0.02667521061425457,0.0267,0.0134
8484312,Georgi Romanov,STL,1,-2,22.5,-38.97,1,0,0.02415249,0.017724286536875324,0.0177,0.0177
8484312,Georgi Romanov,STL,1,-1,22.5,-12.99,1,0,0.33363423,0.2988813379846037,0.2989,0.2989
8484312,Georgi Romanov,STL,3,-2,67.5,-12.99,1,0,0.20151003,0.17242419235425374,0.1724,0.1724
8484312,Georgi Romanov,STL,3,-1,67.5,12.99,1,0,0.21271631,0.17994219559908375,0.1799,0.1799
8484312,Georgi Romanov,STL,4,-1,90.0,25.98,1,0,0.122410506,0.09958394689900066,0.0996,0.0996
8484455,Nathaniel Day,EDM,0,1,0.0,25.98,1,0,0.022321118,0.015955136405264886,0.016,0.016
8484455,Nathaniel Day,EDM,1,-2,22.5,-38.97,1,0,0.020251105,0.014369026439773341,0.0144,0.0144
8484455,Nathaniel Day,EDM,2,-1,45.0,0.0,1,0,0.034394335,0.025473434540716332,0.0255,0.0255
8484455,Nathaniel Day,EDM,3,-3,67.5,-38.97,1,0,0.029630607,0.021448202484464027,0.0214,0.0214
8484455,Nathaniel Day,EDM,4,-3,90.0,-25.98,1,0,0.06498281,0.04966747283668211,0.0497,0.0497
8484455,Nathaniel Day,EDM,4,-2,90.0,0.0,1,0,0.06187428,0.04695745874549,0.047,0.047
8484636,Harrison Meneghin,TBL,1,-2,22.5,-38.97,2,0,0.057435155,0.04213346353440417,0.0421,0.021
8484636,Harrison Meneghin,TBL,2,-3,45.0,-51.96,1,0,0.022017196,0.01592824531264098,0.0159,0.0159
8484636,Harrison Meneghin,TBL,2,-2,45.0,-25.98,2,0,0.142974615,0.1122571682162121,0.1123,0.0562
8484636,Harrison Meneghin,TBL,2,0,45.0,25.98,1,0,0.07033574,0.05444061143799288,0.0544,0.0544
8484636,Harrison Meneghin,TBL,3,-3,67.5,-38.97,1,0,0.021660384,0.015704683136208847,0.0157,0.0157
8484636,Harrison Meneghin,TBL,3,-2,67.5,-12.99,4,1,0.45977940500000003,0.3684192142092106,-0.6316,-0.1579
8484636,Harrison Meneghin,TBL,4,-2,90.0,0.0,4,2,0.614403892,0.5085711982154162,-1.4914,-0.3728
8484887,Gabriel Carriere,SJS,1,-2,22.5,-38.97,2,0,0.065012337,0.04780680547066607,0.0478,0.0239
8484887,Gabriel Carriere,SJS,2,-1,45.0,0.0,1,0,0.056955356,0.04315437264176971,0.0432,0.0432
8484887,Gabriel Carriere,SJS,2,0,45.0,25.98,3,0,0.063463678,0.04588100542676221,0.0459,0.0153
8484887,Gabriel Carriere,SJS,3,-2,67.5,-12.99,4,0,0.51068185,0.413816496827616,0.4138,0.1034
8484887,Gabriel Carriere,SJS,4,-1,90.0,25.98,1,0,0.12574315,0.10150181224648187,0.1015,0.1015
8484900,Cooper Black,FLA,1,0,22.5,12.99,1,0,0.025880717,0.019050071068367737,0.0191,0.0191
8484900,Cooper Black,FLA,2,-2,45.0,-25.98,3,0,0.088013066,0.06575695677010808,0.0658,0.0219
8484900,Cooper Black,FLA,3,-1,67.5,12.99,5,1,0.671300546,0.5550806516056297,-0.4449,-0.089
8484900,Cooper Black,FLA,3,0,67.5,38.97,2,1,0.08359394,0.0639280292677992,-0.9361,-0.468
8484900,Cooper Black,FLA,4,-2,90.0,0.0,4,0,0.55978325,0.4571343399181115,0.4571,0.1143
8484910,Victor Ostman,SEA,1,-1,22.5,-12.99,2,0,0.06786736,0.049923210559840586,0.0499,0.025
8484910,Victor Ostman,SEA,2,-2,45.0,-25.98,2,0,0.063461041,0.04666479392511789,0.0467,0.0234
8484910,Victor Ostman,SEA,2,-1,45.0,0.0,1,0,0.04169692,0.03086595241445409,0.0309,0.0309
8484910,Victor Ostman,SEA,2,0,45.0,25.98,3,0,0.074646948,0.05415738232395603,0.0542,0.0181
8484910,Victor Ostman,SEA,3,-3,67.5,-38.97,1,0,0.020354254,0.01429478838966839,0.0143,0.0143
8484910,Victor Ostman,SEA,3,-2,67.5,-12.99,4,0,0.15562271,0.1161803820199784,0.1162,0.029
8484910,Victor Ostman,SEA,3,-1,67.5,12.99,2,0,0.29281549,0.2356129441741652,0.2356,0.1178
8484910,Victor Ostman,SEA,3,0,67.5,38.97,1,0,0.03371761,0.024970897691236324,0.025,0.025
8484910,Victor Ostman,SEA,4,-2,90.0,0.0,2,1,0.19616805,0.15537896150431169,-0.8446,-0.4223
8484997,Evan Gardner,CBJ,1,0,22.5,12.99,1,0,0.034554794,0.02561273801730568,0.0256,0.0256
8484997,Evan Gardner,CBJ,1,1,22.5,38.97,1,0,0.087921396,0.06891974095571697,0.0689,0.0689
8484997,Evan Gardner,CBJ,2,-2,45.0,-25.98,1,0,0.016826106,0.012015319633057922,0.012,0.012
8484997,Evan Gardner,CBJ,2,-1,45.0,0.0,1,0,0.08949277,0.07022761763468366,0.0702,0.0702
8484997,Evan Gardner,CBJ,3,-2,67.5,-12.99,2,0,0.23560798,0.1885217403645293,0.1885,0.0942
8484997,Evan Gardner,CBJ,3,-1,67.5,12.99,1,0,0.1501834,0.12230800821660436,0.1223,0.1223
8484997,Evan Gardner,CBJ,4,-2,90.0,0.0,1,0,0.14668588,0.11899670492460797,0.119,0.119
8485538,Simon Zajicek,BOS,1,-2,22.5,-38.97,1,0,0.0378235,0.028142997104187648,0.0281,0.0281
8485538,Simon Zajicek,BOS,2,-3,45.0,-51.96,1,0,0.021712262,0.015684262622366857,0.0157,0.0157
8485538,Simon Zajicek,BOS,2,0,45.0,25.98,1,0,0.024591226,0.017906095112793233,0.0179,0.0179
8485538,Simon Zajicek,BOS,3,-2,67.5,-12.99,2,0,0.39312395,0.32853151017410975,0.3285,0.1642
8485545,Michal Postava,DET,1,-1,22.5,-12.99,1,0,0.037496984,0.02769728667833524,0.0277,0.0277
8485545,Michal Postava,DET,1,0,22.5,12.99,1,0,0.027212046,0.01978605972049951,0.0198,0.0198
8485545,Michal Postava,DET,2,0,45.0,25.98,1,0,0.035940003,0.02660494465874589,0.0266,0.0266
8485545,Michal Postava,DET,3,-3,67.5,-38.97,1,0,0.03578382,0.026535134278458425,0.0265,0.0265
8485545,Michal Postava,DET,3,-1,67.5,12.99,1,0,0.0828252,0.06417467395042854,0.0642,0.0642
8485545,Michal Postava,DET,4,-2,90.0,0.0,2,1,0.23210561000000002,0.18693731515582826,-0.8131,-0.4066
8485657,Caleb Heil,TBL,3,-3,67.5,-38.97,1,0,0.03245929,0.02390325139568401,0.0239,0.0239
8485657,Caleb Heil,TBL,3,-2,67.5,-12.99,1,0,0.039367244,0.028663576991047744,0.0287,0.0287
8485657,Caleb Heil,TBL,3,-1,67.5,12.99,1,0,0.012868719,0.008988821702455768,0.009,0.009
8485657,Caleb Heil,TBL,4,-2,90.0,0.0,1,0,0.09823662,0.07754472140933774,0.0775,0.0775
