player_name,team,goalie_id,week,phi,mu_phi,shots_that_week,phi_lo,phi_hi
Ukko-Pekka Luukkonen,BUF,8480045,0,0.012978281825780869,-0.011022754944860935,32,0.0095,0.0165
Ukko-Pekka Luukkonen,BUF,8480045,1,0.012966420501470566,-0.011022754944860935,34,0.0096,0.0164
Ukko-Pekka Luukkonen,BUF,8480045,2,0.01313098520040512,-0.011022754944860935,0,-0.0069,0.0331
Ukko-Pekka Luukkonen,BUF,8480045,3,0.013300311751663685,-0.011022754944860935,0,-0.0067,0.0333
Ukko-Pekka Luukkonen,BUF,8480045,4,0.0134733272716403,-0.011022754944860935,110,0.0116,0.0154
Ukko-Pekka Luukkonen,BUF,8480045,5,0.01349586620926857,-0.011022754944860935,48,0.0106,0.0164
Ukko-Pekka Luukkonen,BUF,8480045,6,0.013496661558747292,-0.011022754944860935,0,-0.0065,0.0335
Ukko-Pekka Luukkonen,BUF,8480045,7,0.013498451560735703,-0.011022754944860935,0,-0.0065,0.0335
Ukko-Pekka Luukkonen,BUF,8480045,8,0.013497683219611645,-0.011022754944860935,0,-0.0065,0.0335
Joel Blomqvist,PIT,8482446,0,-0.020923711359500885,-0.020004674792289734,0,-0.0409,-0.0009
Joel Blomqvist,PIT,8482446,1,-0.020937180146574974,-0.020004674792289734,0,-0.0409,-0.0009
Joel Blomqvist,PIT,8482446,2,-0.020944830030202866,-0.020004674792289734,0,-0.0409,-0.0009
Joel Blomqvist,PIT,8482446,3,-0.020947715267539024,-0.020004674792289734,0,-0.0409,-0.0009
Joel Blomqvist,PIT,8482446,4,-0.020946910604834557,-0.020004674792289734,0,-0.0409,-0.0009
Joel Blomqvist,PIT,8482446,5,-0.02094760164618492,-0.020004674792289734,0,-0.0409,-0.0009
Joel Blomqvist,PIT,8482446,6,-0.020946821197867393,-0.020004674792289734,0,-0.0409,-0.0009
Joel Blomqvist,PIT,8482446,7,-0.020945020020008087,-0.020004674792289734,0,-0.0409,-0.0009
Joel Blomqvist,PIT,8482446,8,-0.020945807918906212,-0.020004674792289734,0,-0.0409,-0.0009
Filip Larsson,,8479548,0,-0.0002350572613067925,0.0009590441477485001,0,-0.0202,0.0198
Filip Larsson,,8479548,1,-0.00024851219495758414,0.0009590441477485001,0,-0.0202,0.0198
Filip Larsson,,8479548,2,-0.00025615416234359145,0.0009590441477485001,0,-0.0203,0.0197
Filip Larsson,,8479548,3,-0.000259029446169734,0.0009590441477485001,0,-0.0203,0.0197
Filip Larsson,,8479548,4,-0.00025821878807619214,0.0009590441477485001,0,-0.0203,0.0197
Filip Larsson,,8479548,5,-0.0002589093055576086,0.0009590441477485001,0,-0.0203,0.0197
Filip Larsson,,8479548,6,-0.00025811471277847886,0.0009590441477485001,0,-0.0203,0.0197
Filip Larsson,,8479548,7,-0.0002563237212598324,0.0009590441477485001,0,-0.0203,0.0197
Filip Larsson,,8479548,8,-0.0002570947981439531,0.0009590441477485001,0,-0.0203,0.0197
Casey DeSmith,DAL,8479193,0,0.04428141564130783,0.03872277960181236,0,0.0243,0.0643
Casey DeSmith,DAL,8479193,1,0.044267959892749786,0.03872277960181236,0,0.0243,0.0643
Casey DeSmith,DAL,8479193,2,0.04426032304763794,0.03872277960181236,0,0.0243,0.0643
Casey DeSmith,DAL,8479193,3,0.04425743594765663,0.03872277960181236,0,0.0243,0.0643
Casey DeSmith,DAL,8479193,4,0.04425825923681259,0.03872277960181236,0,0.0243,0.0643
Casey DeSmith,DAL,8479193,5,0.04425755515694618,0.03872277960181236,0,0.0243,0.0643
Casey DeSmith,DAL,8479193,6,0.04425836354494095,0.03872277960181236,0,0.0243,0.0643
Casey DeSmith,DAL,8479193,7,0.04426014423370361,0.03872277960181236,0,0.0243,0.0643
Casey DeSmith,DAL,8479193,8,0.04425938054919243,0.03872277960181236,0,0.0243,0.0643
Jordan Binnington,STL,8476412,0,-0.07142649590969086,-0.042824387550354004,0,-0.0914,-0.0514
Jordan Binnington,STL,8476412,1,-0.07143997400999069,-0.042824387550354004,0,-0.0914,-0.0514
Jordan Binnington,STL,8476412,2,-0.07144758850336075,-0.042824387550354004,0,-0.0914,-0.0514
Jordan Binnington,STL,8476412,3,-0.07145047932863235,-0.042824387550354004,0,-0.0915,-0.0515
Jordan Binnington,STL,8476412,4,-0.07144967466592789,-0.042824387550354004,0,-0.0914,-0.0514
Jordan Binnington,STL,8476412,5,-0.0714503824710846,-0.042824387550354004,0,-0.0915,-0.0515
Jordan Binnington,STL,8476412,6,-0.07144954800605774,-0.042824387550354004,0,-0.0914,-0.0514
Jordan Binnington,STL,8476412,7,-0.07144781202077866,-0.042824387550354004,0,-0.0914,-0.0514
Jordan Binnington,STL,8476412,8,-0.07144853472709656,-0.042824387550354004,0,-0.0914,-0.0514
Colten Ellis,BUF,8481551,0,0.014382768422365189,0.010973473079502583,0,-0.0056,0.0344
Colten Ellis,BUF,8481551,1,0.014369318261742592,0.010973473079502583,0,-0.0056,0.0344
Colten Ellis,BUF,8481551,2,0.014361683279275894,0.010973473079502583,0,-0.0056,0.0344
Colten Ellis,BUF,8481551,3,0.014358816668391228,0.010973473079502583,0,-0.0056,0.0344
Colten Ellis,BUF,8481551,4,0.014359628781676292,0.010973473079502583,0,-0.0056,0.0344
Colten Ellis,BUF,8481551,5,0.014358943328261375,0.010973473079502583,0,-0.0056,0.0344
Colten Ellis,BUF,8481551,6,0.014359740540385246,0.010973473079502583,0,-0.0056,0.0344
Colten Ellis,BUF,8481551,7,0.014361532405018806,0.010973473079502583,0,-0.0056,0.0344
Colten Ellis,BUF,8481551,8,0.0143607622012496,0.010973473079502583,0,-0.0056,0.0344
8476433,,8476433,0,-0.0011545130982995033,2.7085498004453257e-05,0,-0.0212,0.0188
8476433,,8476433,1,-0.001167974667623639,2.7085498004453257e-05,0,-0.0212,0.0188
8476433,,8476433,2,-0.0011756224557757378,2.7085498004453257e-05,0,-0.0212,0.0188
8476433,,8476433,3,-0.0011785024544224143,2.7085498004453257e-05,0,-0.0212,0.0188
8476433,,8476433,4,-0.0011776959290727973,2.7085498004453257e-05,0,-0.0212,0.0188
8476433,,8476433,5,-0.0011783894151449203,2.7085498004453257e-05,0,-0.0212,0.0188
8476433,,8476433,6,-0.0011775970924645662,2.7085498004453257e-05,0,-0.0212,0.0188
8476433,,8476433,7,-0.0011758074397221208,2.7085498004453257e-05,0,-0.0212,0.0188
8476433,,8476433,8,-0.0011765790404751897,2.7085498004453257e-05,0,-0.0212,0.0188
Jesper Wallstedt,MIN,8482661,0,0.03869352117180824,0.023085003718733788,36,0.0354,0.042
Jesper Wallstedt,MIN,8482661,1,0.03865908458828926,0.023085003718733788,164,0.0371,0.0403
Jesper Wallstedt,MIN,8482661,2,0.038543131202459335,0.023085003718733788,132,0.0368,0.0402
Jesper Wallstedt,MIN,8482661,3,0.03881169855594635,0.023085003718733788,59,0.0362,0.0414
Jesper Wallstedt,MIN,8482661,4,0.03883760794997215,0.023085003718733788,115,0.0369,0.0407
Jesper Wallstedt,MIN,8482661,5,0.03883691877126694,0.023085003718733788,0,0.0188,0.0588
Jesper Wallstedt,MIN,8482661,6,0.03883770480751991,0.023085003718733788,0,0.0188,0.0588
Jesper Wallstedt,MIN,8482661,7,0.03883950039744377,0.023085003718733788,0,0.0188,0.0588
Jesper Wallstedt,MIN,8482661,8,0.03883873298764229,0.023085003718733788,0,0.0188,0.0588
Kaapo Kahkonen,MTL,8478039,0,-0.006112848408520222,-0.0050721303559839725,0,-0.0261,0.0139
Kaapo Kahkonen,MTL,8478039,1,-0.006126332096755505,-0.0050721303559839725,0,-0.0261,0.0139
Kaapo Kahkonen,MTL,8478039,2,-0.0061339992098510265,-0.0050721303559839725,0,-0.0261,0.0139
Kaapo Kahkonen,MTL,8478039,3,-0.006136896088719368,-0.0050721303559839725,0,-0.0261,0.0139
Kaapo Kahkonen,MTL,8478039,4,-0.006136102601885796,-0.0050721303559839725,0,-0.0261,0.0139
Kaapo Kahkonen,MTL,8478039,5,-0.006136806681752205,-0.0050721303559839725,0,-0.0261,0.0139
Kaapo Kahkonen,MTL,8478039,6,-0.006136021576821804,-0.0050721303559839725,0,-0.0261,0.0139
Kaapo Kahkonen,MTL,8478039,7,-0.0061342353001236916,-0.0050721303559839725,0,-0.0261,0.0139
Kaapo Kahkonen,MTL,8478039,8,-0.006135011091828346,-0.0050721303559839725,0,-0.0261,0.0139
Spencer Knight,CHI,8481519,0,0.03623693808913231,0.03142927214503288,0,0.0162,0.0562
Spencer Knight,CHI,8481519,1,0.036223478615283966,0.03142927214503288,0,0.0162,0.0562
Spencer Knight,CHI,8481519,2,0.03621583804488182,0.03142927214503288,0,0.0162,0.0562
Spencer Knight,CHI,8481519,3,0.03621295839548111,0.03142927214503288,0,0.0162,0.0562
Spencer Knight,CHI,8481519,4,0.03621376305818558,0.03142927214503288,0,0.0162,0.0562
Spencer Knight,CHI,8481519,5,0.03621307760477066,0.03142927214503288,0,0.0162,0.0562
Spencer Knight,CHI,8481519,6,0.036213863641023636,0.03142927214503288,0,0.0162,0.0562
Spencer Knight,CHI,8481519,7,0.03621566668152809,0.03142927214503288,0,0.0162,0.0562
Spencer Knight,CHI,8481519,8,0.036214880645275116,0.03142927214503288,0,0.0162,0.0562
Matt Murray,NSH,8483575,0,0.00036355573683977127,0.0013878017198294401,0,-0.0196,0.0204
Matt Murray,NSH,8483575,1,0.00035010173451155424,0.0013878017198294401,0,-0.0196,0.0204
Matt Murray,NSH,8483575,2,0.0003424591850489378,0.0013878017198294401,0,-0.0197,0.0203
Matt Murray,NSH,8483575,3,0.00033958477433770895,0.0013878017198294401,0,-0.0197,0.0203
Matt Murray,NSH,8483575,4,0.0003403950249776244,0.0013878017198294401,0,-0.0197,0.0203
Matt Murray,NSH,8483575,5,0.0003397050313651562,0.0013878017198294401,0,-0.0197,0.0203
Matt Murray,NSH,8483575,6,0.0003404992166906595,0.0013878017198294401,0,-0.0197,0.0203
Matt Murray,NSH,8483575,7,0.0003422906156629324,0.0013878017198294401,0,-0.0197,0.0203
Matt Murray,NSH,8483575,8,0.00034151936415582895,0.0013878017198294401,0,-0.0197,0.0203
8481749,,8481749,0,-0.002181488089263439,-0.0009989874670282006,0,-0.0222,0.0178
8481749,,8481749,1,-0.0021949601359665394,-0.0009989874670282006,0,-0.0222,0.0178
8481749,,8481749,2,-0.002202617470175028,-0.0009989874670282006,0,-0.0222,0.0178
8481749,,8481749,3,-0.002205505268648267,-0.0009989874670282006,0,-0.0222,0.0178
8481749,,8481749,4,-0.002204705262556672,-0.0009989874670282006,0,-0.0222,0.0178
8481749,,8481749,5,-0.00220540352165699,-0.0009989874670282006,0,-0.0222,0.0178
8481749,,8481749,6,-0.002204615157097578,-0.0009989874670282006,0,-0.0222,0.0178
8481749,,8481749,7,-0.0022028270177543163,-0.0009989874670282006,0,-0.0222,0.0178
8481749,,8481749,8,-0.002203600015491247,-0.0009989874670282006,0,-0.0222,0.0178
Cooper Black,FLA,8484900,0,-0.012452732771635056,-0.010306265205144882,0,-0.0325,0.0075
Cooper Black,FLA,8484900,1,-0.012466266751289368,-0.010306265205144882,0,-0.0325,0.0075
Cooper Black,FLA,8484900,2,-0.012473983690142632,-0.010306265205144882,0,-0.0325,0.0075
Cooper Black,FLA,8484900,3,-0.012476916424930096,-0.010306265205144882,0,-0.0325,0.0075
Cooper Black,FLA,8484900,4,-0.012476157397031784,-0.010306265205144882,0,-0.0325,0.0075
Cooper Black,FLA,8484900,5,-0.012476885691285133,-0.010306265205144882,0,-0.0325,0.0075
Cooper Black,FLA,8484900,6,-0.012476121075451374,-0.010306265205144882,0,-0.0325,0.0075
Cooper Black,FLA,8484900,7,-0.012474341318011284,-0.010306265205144882,0,-0.0325,0.0075
Cooper Black,FLA,8484900,8,-0.012475121766328812,-0.010306265205144882,0,-0.0325,0.0075
Ivan Fedotov,CBJ,8478905,0,-0.03249795362353325,-0.031852152198553085,0,-0.0525,-0.0125
Ivan Fedotov,CBJ,8478905,1,-0.03251143917441368,-0.031852152198553085,0,-0.0525,-0.0125
Ivan Fedotov,CBJ,8478905,2,-0.03251907601952553,-0.031852152198553085,0,-0.0525,-0.0125
Ivan Fedotov,CBJ,8478905,3,-0.03252198174595833,-0.031852152198553085,0,-0.0525,-0.0125
Ivan Fedotov,CBJ,8478905,4,-0.03252116218209267,-0.031852152198553085,0,-0.0525,-0.0125
Ivan Fedotov,CBJ,8478905,5,-0.03252187371253967,-0.031852152198553085,0,-0.0525,-0.0125
Ivan Fedotov,CBJ,8478905,6,-0.0325210765004158,-0.031852152198553085,0,-0.0525,-0.0125
Ivan Fedotov,CBJ,8478905,7,-0.03251929208636284,-0.031852152198553085,0,-0.0525,-0.0125
Ivan Fedotov,CBJ,8478905,8,-0.03252005577087402,-0.031852152198553085,0,-0.0525,-0.0125
Hunter Shepard,OTT,8482411,0,-0.02130703814327717,-0.01853344589471817,0,-0.0413,-0.0013
Hunter Shepard,OTT,8482411,1,-0.021320616826415062,-0.01853344589471817,0,-0.0413,-0.0013
Hunter Shepard,OTT,8482411,2,-0.021328339353203773,-0.01853344589471817,0,-0.0413,-0.0013
Hunter Shepard,OTT,8482411,3,-0.021331308409571648,-0.01853344589471817,0,-0.0413,-0.0013
Hunter Shepard,OTT,8482411,4,-0.02133055590093136,-0.01853344589471817,0,-0.0413,-0.0013
Hunter Shepard,OTT,8482411,5,-0.0213312990963459,-0.01853344589471817,0,-0.0413,-0.0013
Hunter Shepard,OTT,8482411,6,-0.021330539137125015,-0.01853344589471817,0,-0.0413,-0.0013
Hunter Shepard,OTT,8482411,7,-0.021328773349523544,-0.01853344589471817,0,-0.0413,-0.0013
Hunter Shepard,OTT,8482411,8,-0.021329550072550774,-0.01853344589471817,0,-0.0413,-0.0013
Clay Stevenson,WSH,8483532,0,0.009262376464903355,0.001015796442516148,0,-0.0107,0.0293
Clay Stevenson,WSH,8483532,1,0.009248906746506691,0.001015796442516148,0,-0.0108,0.0292
Clay Stevenson,WSH,8483532,2,0.009241253137588501,0.001015796442516148,0,-0.0108,0.0292
Clay Stevenson,WSH,8483532,3,0.00923837162554264,0.001015796442516148,0,-0.0108,0.0292
Clay Stevenson,WSH,8483532,4,0.009239173494279385,0.001015796442516148,0,-0.0108,0.0292
Clay Stevenson,WSH,8483532,5,0.009238477796316147,0.001015796442516148,0,-0.0108,0.0292
Clay Stevenson,WSH,8483532,6,0.00923926755785942,0.001015796442516148,0,-0.0108,0.0292
Clay Stevenson,WSH,8483532,7,0.009241059422492981,0.001015796442516148,0,-0.0108,0.0292
Clay Stevenson,WSH,8483532,8,0.009240281768143177,0.001015796442516148,0,-0.0108,0.0292
Carson Bjarnason,PHI,8484147,0,0.007375347428023815,0.008130180649459362,0,-0.0126,0.0274
Carson Bjarnason,PHI,8484147,1,0.00736194709315896,0.008130180649459362,0,-0.0126,0.0274
Carson Bjarnason,PHI,8484147,2,0.007354347966611385,0.008130180649459362,0,-0.0126,0.0274
Carson Bjarnason,PHI,8484147,3,0.007351511623710394,0.008130180649459362,0,-0.0126,0.0274
Carson Bjarnason,PHI,8484147,4,0.00735235121101141,0.008130180649459362,0,-0.0126,0.0274
Carson Bjarnason,PHI,8484147,5,0.007351686712354422,0.008130180649459362,0,-0.0126,0.0274
Carson Bjarnason,PHI,8484147,6,0.00735249649733305,0.008130180649459362,0,-0.0126,0.0274
Carson Bjarnason,PHI,8484147,7,0.0073543027974665165,0.008130180649459362,0,-0.0126,0.0274
Carson Bjarnason,PHI,8484147,8,0.007353527937084436,0.008130180649459362,0,-0.0126,0.0274
Brandon Bussi,CAR,8483548,0,0.04262874647974968,0.02371293678879738,0,0.0226,0.0626
Brandon Bussi,CAR,8483548,1,0.04313642904162407,0.02371293678879738,0,0.0231,0.0631
Brandon Bussi,CAR,8483548,2,0.04364991933107376,0.02371293678879738,0,0.0236,0.0636
Brandon Bussi,CAR,8483548,3,0.044168177992105484,0.02371293678879738,0,0.0242,0.0642
Brandon Bussi,CAR,8483548,4,0.044690124690532684,0.02371293678879738,0,0.0247,0.0647
Brandon Bussi,CAR,8483548,5,0.04521055892109871,0.02371293678879738,0,0.0252,0.0652
Brandon Bussi,CAR,8483548,6,0.045732494443655014,0.02371293678879738,0,0.0257,0.0657
Brandon Bussi,CAR,8483548,7,0.04625540226697922,0.02371293678879738,28,0.0425,0.0501
Brandon Bussi,CAR,8483548,8,0.046666715294122696,0.02371293678879738,122,0.0449,0.0485
8475839,,8475839,0,0.001971930731087923,0.003151313168928027,0,-0.018,0.022
8475839,,8475839,1,0.001958495704457164,0.003151313168928027,0,-0.018,0.022
8475839,,8475839,2,0.001950870850123465,0.003151313168928027,0,-0.018,0.022
8475839,,8475839,3,0.00194801006000489,0.003151313168928027,0,-0.0181,0.0219
8475839,,8475839,4,0.001948832650668919,0.003151313168928027,0,-0.0181,0.0219
8475839,,8475839,5,0.001948151271790266,0.003151313168928027,0,-0.0181,0.0219
8475839,,8475839,6,0.0019489526748657227,0.003151313168928027,0,-0.0181,0.0219
8475839,,8475839,7,0.0019507473334670067,0.003151313168928027,0,-0.018,0.022
8475839,,8475839,8,0.0019499779446050525,0.003151313168928027,0,-0.0181,0.0219
Dylan Garand,NYR,8482193,0,0.016766423359513283,0.0060074953362345695,0,-0.0032,0.0368
Dylan Garand,NYR,8482193,1,0.016752978786826134,0.0060074953362345695,0,-0.0032,0.0368
Dylan Garand,NYR,8482193,2,0.016745347529649734,0.0060074953362345695,0,-0.0033,0.0367
Dylan Garand,NYR,8482193,3,0.01674247533082962,0.0060074953362345695,0,-0.0033,0.0367
Dylan Garand,NYR,8482193,4,0.01674329675734043,0.0060074953362345695,0,-0.0033,0.0367
Dylan Garand,NYR,8482193,5,0.01674259826540947,0.0060074953362345695,0,-0.0033,0.0367
Dylan Garand,NYR,8482193,6,0.016743412241339684,0.0060074953362345695,0,-0.0033,0.0367
Dylan Garand,NYR,8482193,7,0.01674518547952175,0.0060074953362345695,0,-0.0033,0.0367
Dylan Garand,NYR,8482193,8,0.01674443483352661,0.0060074953362345695,0,-0.0033,0.0367
Michael DiPietro,BOS,8480022,0,-0.008930331096053123,-0.007557939272373915,0,-0.0289,0.0111
Michael DiPietro,BOS,8480022,1,-0.008943833410739899,-0.007557939272373915,0,-0.0289,0.0111
Michael DiPietro,BOS,8480022,2,-0.008951518684625626,-0.007557939272373915,0,-0.029,0.011
Michael DiPietro,BOS,8480022,3,-0.00895442720502615,-0.007557939272373915,0,-0.029,0.011
Michael DiPietro,BOS,8480022,4,-0.008953646756708622,-0.007557939272373915,0,-0.029,0.011
Michael DiPietro,BOS,8480022,5,-0.008954359218478203,-0.007557939272373915,0,-0.029,0.011
Michael DiPietro,BOS,8480022,6,-0.008953582495450974,-0.007557939272373915,0,-0.029,0.011
Michael DiPietro,BOS,8480022,7,-0.00895179808139801,-0.007557939272373915,0,-0.029,0.011
Michael DiPietro,BOS,8480022,8,-0.008952576667070389,-0.007557939272373915,0,-0.029,0.011
Scott Wedgewood,COL,8475809,0,0.05203072354197502,0.023592200130224228,43,0.049,0.055
Scott Wedgewood,COL,8475809,1,0.051761168986558914,0.023592200130224228,115,0.0499,0.0537
Scott Wedgewood,COL,8475809,2,0.05119853466749191,0.023592200130224228,49,0.0483,0.0541
Scott Wedgewood,COL,8475809,3,0.050933096557855606,0.023592200130224228,71,0.0485,0.0533
Scott Wedgewood,COL,8475809,4,0.05076855048537254,0.023592200130224228,13,0.0453,0.0563
Scott Wedgewood,COL,8475809,5,0.0505293533205986,0.023592200130224228,100,0.0485,0.0525
Scott Wedgewood,COL,8475809,6,0.050530169159173965,0.023592200130224228,0,0.0305,0.0705
Scott Wedgewood,COL,8475809,7,0.050531934946775436,0.023592200130224228,0,0.0305,0.0705
Scott Wedgewood,COL,8475809,8,0.05053118243813515,0.023592200130224228,0,0.0305,0.0705
Sergei Bobrovsky,FLA,8475683,0,-0.03773532807826996,-0.009644567966461182,0,-0.0577,-0.0177
Sergei Bobrovsky,FLA,8475683,1,-0.037748776376247406,-0.009644567966461182,0,-0.0577,-0.0177
Sergei Bobrovsky,FLA,8475683,2,-0.03775641694664955,-0.009644567966461182,0,-0.0578,-0.0178
Sergei Bobrovsky,FLA,8475683,3,-0.03775930032134056,-0.009644567966461182,0,-0.0578,-0.0178
Sergei Bobrovsky,FLA,8475683,4,-0.0377584733068943,-0.009644567966461182,0,-0.0578,-0.0178
Sergei Bobrovsky,FLA,8475683,5,-0.03775917366147041,-0.009644567966461182,0,-0.0578,-0.0178
Sergei Bobrovsky,FLA,8475683,6,-0.037758368998765945,-0.009644567966461182,0,-0.0578,-0.0178
Sergei Bobrovsky,FLA,8475683,7,-0.03775658831000328,-0.009644567966461182,0,-0.0578,-0.0178
Sergei Bobrovsky,FLA,8475683,8,-0.03775734454393387,-0.009644567966461182,0,-0.0578,-0.0178
8476904,,8476904,0,-0.0020797194447368383,-0.0008972923969849944,0,-0.0221,0.0179
8476904,,8476904,1,-0.0020931910257786512,-0.0008972923969849944,0,-0.0221,0.0179
8476904,,8476904,2,-0.0021008476614952087,-0.0008972923969849944,0,-0.0221,0.0179
8476904,,8476904,3,-0.0021037347614765167,-0.0008972923969849944,0,-0.0221,0.0179
8476904,,8476904,4,-0.0021029342897236347,-0.0008972923969849944,0,-0.0221,0.0179
8476904,,8476904,5,-0.002103632315993309,-0.0008972923969849944,0,-0.0221,0.0179
8476904,,8476904,6,-0.0021028434857726097,-0.0008972923969849944,0,-0.0221,0.0179
8476904,,8476904,7,-0.0021010555792599916,-0.0008972923969849944,0,-0.0221,0.0179
8476904,,8476904,8,-0.002101828344166279,-0.0008972923969849944,0,-0.0221,0.0179
8485011,,8485011,0,-0.0006596805760636926,0.0005216748104430735,0,-0.0207,0.0193
8485011,,8485011,1,-0.0006731394096277654,0.0005216748104430735,0,-0.0207,0.0193
8485011,,8485011,2,-0.0006807844038121402,0.0005216748104430735,0,-0.0207,0.0193
8485011,,8485011,3,-0.0006836626562289894,0.0005216748104430735,0,-0.0207,0.0193
8485011,,8485011,4,-0.0006828542100265622,0.0005216748104430735,0,-0.0207,0.0193
8485011,,8485011,5,-0.0006835464737378061,0.0005216748104430735,0,-0.0207,0.0193
8485011,,8485011,6,-0.0006827531615272164,0.0005216748104430735,0,-0.0207,0.0193
8485011,,8485011,7,-0.00068096281029284,0.0005216748104430735,0,-0.0207,0.0193
8485011,,8485011,8,-0.0006817342946305871,0.0005216748104430735,0,-0.0207,0.0193
8480885,,8480885,0,-0.020816070958971977,-0.019628126174211502,0,-0.0408,-0.0008
8480885,,8480885,1,-0.020829608663916588,-0.019628126174211502,0,-0.0408,-0.0008
8480885,,8480885,2,-0.020837323740124702,-0.019628126174211502,0,-0.0408,-0.0008
8480885,,8480885,3,-0.02084026113152504,-0.019628126174211502,0,-0.0408,-0.0008
8480885,,8480885,4,-0.020839495584368706,-0.019628126174211502,0,-0.0408,-0.0008
8480885,,8480885,5,-0.020840225741267204,-0.019628126174211502,0,-0.0408,-0.0008
8480885,,8480885,6,-0.020839456468820572,-0.019628126174211502,0,-0.0408,-0.0008
8480885,,8480885,7,-0.020837685093283653,-0.019628126174211502,0,-0.0408,-0.0008
8480885,,8480885,8,-0.020838459953665733,-0.019628126174211502,0,-0.0408,-0.0008
Eric Comrie,WPG,8477480,0,-0.004814275074750185,0.0004822565824724734,0,-0.0248,0.0152
Eric Comrie,WPG,8477480,1,-0.0048277308233082294,0.0004822565824724734,0,-0.0248,0.0152
Eric Comrie,WPG,8477480,2,-0.004835373256355524,0.0004822565824724734,0,-0.0248,0.0152
Eric Comrie,WPG,8477480,3,-0.004838249180465937,0.0004822565824724734,0,-0.0248,0.0152
Eric Comrie,WPG,8477480,4,-0.004837437998503447,0.0004822565824724734,0,-0.0248,0.0152
Eric Comrie,WPG,8477480,5,-0.004838129505515099,0.0004822565824724734,0,-0.0248,0.0152
Eric Comrie,WPG,8477480,6,-0.004837334156036377,0.0004822565824724734,0,-0.0248,0.0152
Eric Comrie,WPG,8477480,7,-0.004835544154047966,0.0004822565824724734,0,-0.0248,0.0152
Eric Comrie,WPG,8477480,8,-0.00483631482347846,0.0004822565824724734,0,-0.0248,0.0152
8480420,,8480420,0,-0.004469506908208132,-0.003285712096840143,0,-0.0245,0.0155
8480420,,8480420,1,-0.0044829947873950005,-0.003285712096840143,0,-0.0245,0.0155
8480420,,8480420,2,-0.004490664694458246,-0.003285712096840143,0,-0.0245,0.0155
8480420,,8480420,3,-0.0044935643672943115,-0.003285712096840143,0,-0.0245,0.0155
8480420,,8480420,4,-0.004492773674428463,-0.003285712096840143,0,-0.0245,0.0155
8480420,,8480420,5,-0.0044934796169400215,-0.003285712096840143,0,-0.0245,0.0155
8480420,,8480420,6,-0.004492695443332195,-0.003285712096840143,0,-0.0245,0.0155
8480420,,8480420,7,-0.004490911960601807,-0.003285712096840143,0,-0.0245,0.0155
8480420,,8480420,8,-0.0044916835613548756,-0.003285712096840143,0,-0.0245,0.0155
Marcus Hogberg,NYI,8477405,0,-0.013967348262667656,-0.010498874820768833,0,-0.034,0.006
Marcus Hogberg,NYI,8477405,1,-0.013980822637677193,-0.010498874820768833,0,-0.034,0.006
Marcus Hogberg,NYI,8477405,2,-0.01398848369717598,-0.010498874820768833,0,-0.034,0.006
Marcus Hogberg,NYI,8477405,3,-0.01399137545377016,-0.010498874820768833,0,-0.034,0.006
Marcus Hogberg,NYI,8477405,4,-0.013990575447678566,-0.010498874820768833,0,-0.034,0.006
Marcus Hogberg,NYI,8477405,5,-0.013991277664899826,-0.010498874820768833,0,-0.034,0.006
Marcus Hogberg,NYI,8477405,6,-0.013990489766001701,-0.010498874820768833,0,-0.034,0.006
Marcus Hogberg,NYI,8477405,7,-0.01398870162665844,-0.010498874820768833,0,-0.034,0.006
Marcus Hogberg,NYI,8477405,8,-0.01398947462439537,-0.010498874820768833,0,-0.034,0.006
Jacob Markstrom,NJD,8474593,0,-0.031042324379086494,-0.01458695437759161,0,-0.051,-0.011
Jacob Markstrom,NJD,8474593,1,-0.031055787578225136,-0.01458695437759161,0,-0.0511,-0.0111
Jacob Markstrom,NJD,8474593,2,-0.031063426285982132,-0.01458695437759161,0,-0.0511,-0.0111
Jacob Markstrom,NJD,8474593,3,-0.03106630966067314,-0.01458695437759161,0,-0.0511,-0.0111
Jacob Markstrom,NJD,8474593,4,-0.03106549195945263,-0.01458695437759161,0,-0.0511,-0.0111
Jacob Markstrom,NJD,8474593,5,-0.03106619231402874,-0.01458695437759161,0,-0.0511,-0.0111
Jacob Markstrom,NJD,8474593,6,-0.03106539323925972,-0.01458695437759161,0,-0.0511,-0.0111
Jacob Markstrom,NJD,8474593,7,-0.03106360323727131,-0.01458695437759161,0,-0.0511,-0.0111
Jacob Markstrom,NJD,8474593,8,-0.03106437623500824,-0.01458695437759161,0,-0.0511,-0.0111
Jakub Skarek,SJS,8480819,0,-0.007213285192847252,-0.005504055414348841,0,-0.0272,0.0128
Jakub Skarek,SJS,8480819,1,-0.0072267851792275906,-0.005504055414348841,0,-0.0272,0.0128
Jakub Skarek,SJS,8480819,2,-0.007234467193484306,-0.005504055414348841,0,-0.0272,0.0128
Jakub Skarek,SJS,8480819,3,-0.007237377110868692,-0.005504055414348841,0,-0.0272,0.0128
Jakub Skarek,SJS,8480819,4,-0.007236592937260866,-0.005504055414348841,0,-0.0272,0.0128
Jakub Skarek,SJS,8480819,5,-0.007237304467707872,-0.005504055414348841,0,-0.0272,0.0128
Jakub Skarek,SJS,8480819,6,-0.007236526347696781,-0.005504055414348841,0,-0.0272,0.0128
Jakub Skarek,SJS,8480819,7,-0.007234744727611542,-0.005504055414348841,0,-0.0272,0.0128
Jakub Skarek,SJS,8480819,8,-0.007235517725348473,-0.005504055414348841,0,-0.0272,0.0128
Nico Daws,NJD,8482076,0,0.011644033715128899,0.013960743322968483,0,-0.0084,0.0316
Nico Daws,NJD,8482076,1,0.011630609631538391,0.013960743322968483,0,-0.0084,0.0316
Nico Daws,NJD,8482076,2,0.011622987687587738,0.013960743322968483,0,-0.0084,0.0316
Nico Daws,NJD,8482076,3,0.01162013690918684,0.013960743322968483,0,-0.0084,0.0316
Nico Daws,NJD,8482076,4,0.011620963923633099,0.013960743322968483,0,-0.0084,0.0316
Nico Daws,NJD,8482076,5,0.011620284989476204,0.013960743322968483,0,-0.0084,0.0316
Nico Daws,NJD,8482076,6,0.011621088720858097,0.013960743322968483,0,-0.0084,0.0316
Nico Daws,NJD,8482076,7,0.01162288710474968,0.013960743322968483,0,-0.0084,0.0316
Nico Daws,NJD,8482076,8,0.011622115969657898,0.013960743322968483,0,-0.0084,0.0316
Joseph Woll,TOR,8479361,0,-0.015495403669774532,-0.0033849296160042286,0,-0.0355,0.0045
Joseph Woll,TOR,8479361,1,-0.01550886407494545,-0.0033849296160042286,0,-0.0355,0.0045
Joseph Woll,TOR,8479361,2,-0.01551650557667017,-0.0033849296160042286,0,-0.0355,0.0045
Joseph Woll,TOR,8479361,3,-0.015519382432103157,-0.0033849296160042286,0,-0.0355,0.0045
Joseph Woll,TOR,8479361,4,-0.015518573112785816,-0.0033849296160042286,0,-0.0355,0.0045
Joseph Woll,TOR,8479361,5,-0.015519265085458755,-0.0033849296160042286,0,-0.0355,0.0045
Joseph Woll,TOR,8479361,6,-0.015518469735980034,-0.0033849296160042286,0,-0.0355,0.0045
Joseph Woll,TOR,8479361,7,-0.015516679733991623,-0.0033849296160042286,0,-0.0355,0.0045
Joseph Woll,TOR,8479361,8,-0.015517450869083405,-0.0033849296160042286,0,-0.0355,0.0045
Mads Sogaard,OTT,8481544,0,-0.018824109807610512,-0.0129933450371027,0,-0.0388,0.0012
Mads Sogaard,OTT,8481544,1,-0.01883760839700699,-0.0129933450371027,0,-0.0388,0.0012
Mads Sogaard,OTT,8481544,2,-0.018845293670892715,-0.0129933450371027,0,-0.0388,0.0012
Mads Sogaard,OTT,8481544,3,-0.018848201259970665,-0.0129933450371027,0,-0.0388,0.0012
Mads Sogaard,OTT,8481544,4,-0.01884741708636284,-0.0129933450371027,0,-0.0388,0.0012
Mads Sogaard,OTT,8481544,5,-0.018848130479454994,-0.0129933450371027,0,-0.0388,0.0012
Mads Sogaard,OTT,8481544,6,-0.018847357481718063,-0.0129933450371027,0,-0.0388,0.0012
Mads Sogaard,OTT,8481544,7,-0.0188455730676651,-0.0129933450371027,0,-0.0388,0.0012
Mads Sogaard,OTT,8481544,8,-0.01884634420275688,-0.0129933450371027,0,-0.0388,0.0012
Matt Murray,SEA,8476899,0,-0.001307595637626946,-0.0028936888556927443,0,-0.0213,0.0187
Matt Murray,SEA,8476899,1,-0.0013210594188421965,-0.0028936888556927443,0,-0.0213,0.0187
Matt Murray,SEA,8476899,2,-0.001328709302470088,-0.0028936888556927443,0,-0.0213,0.0187
Matt Murray,SEA,8476899,3,-0.0013315911637619138,-0.0028936888556927443,0,-0.0213,0.0187
Matt Murray,SEA,8476899,4,-0.0013307859189808369,-0.0028936888556927443,0,-0.0213,0.0187
Matt Murray,SEA,8476899,5,-0.0013314805692061782,-0.0028936888556927443,0,-0.0213,0.0187
Matt Murray,SEA,8476899,6,-0.0013306890614330769,-0.0028936888556927443,0,-0.0213,0.0187
Matt Murray,SEA,8476899,7,-0.0013288998743519187,-0.0028936888556927443,0,-0.0213,0.0187
Matt Murray,SEA,8476899,8,-0.0013296713586896658,-0.0028936888556927443,0,-0.0213,0.0187
Mackenzie Blackwood,COL,8478406,0,0.04508291929960251,0.03669314086437225,0,0.0251,0.0651
Mackenzie Blackwood,COL,8478406,1,0.045088209211826324,0.03669314086437225,0,0.0251,0.0651
Mackenzie Blackwood,COL,8478406,2,0.045099303126335144,0.03669314086437225,0,0.0251,0.0651
Mackenzie Blackwood,COL,8478406,3,0.04511517286300659,0.03669314086437225,23,0.0409,0.0493
Mackenzie Blackwood,COL,8478406,4,0.04507353901863098,0.03669314086437225,58,0.0425,0.0477
Mackenzie Blackwood,COL,8478406,5,0.045118700712919235,0.03669314086437225,0,0.0251,0.0651
Mackenzie Blackwood,COL,8478406,6,0.045165322721004486,0.03669314086437225,43,0.0422,0.0482
Mackenzie Blackwood,COL,8478406,7,0.04516713321208954,0.03669314086437225,0,0.0252,0.0652
Mackenzie Blackwood,COL,8478406,8,0.045166343450546265,0.03669314086437225,0,0.0252,0.0652
Akira Schmid,VGK,8481033,0,0.020639609545469284,0.022799406200647354,0,0.0006,0.0406
Akira Schmid,VGK,8481033,1,0.020626157522201538,0.022799406200647354,0,0.0006,0.0406
Akira Schmid,VGK,8481033,2,0.020618516951799393,0.022799406200647354,0,0.0006,0.0406
Akira Schmid,VGK,8481033,3,0.020615648478269577,0.022799406200647354,0,0.0006,0.0406
Akira Schmid,VGK,8481033,4,0.020616447553038597,0.022799406200647354,0,0.0006,0.0406
Akira Schmid,VGK,8481033,5,0.020615771412849426,0.022799406200647354,0,0.0006,0.0406
Akira Schmid,VGK,8481033,6,0.02061655931174755,0.022799406200647354,0,0.0006,0.0406
Akira Schmid,VGK,8481033,7,0.020618358626961708,0.022799406200647354,0,0.0006,0.0406
Akira Schmid,VGK,8481033,8,0.02061757817864418,0.022799406200647354,0,0.0006,0.0406
8481520,,8481520,0,-0.0036751311272382736,-0.002491758204996586,0,-0.0237,0.0163
8481520,,8481520,1,-0.0036886129528284073,-0.002491758204996586,0,-0.0237,0.0163
8481520,,8481520,2,-0.003696280065923929,-0.002491758204996586,0,-0.0237,0.0163
8481520,,8481520,3,-0.003699174616485834,-0.002491758204996586,0,-0.0237,0.0163
8481520,,8481520,4,-0.0036983820609748363,-0.002491758204996586,0,-0.0237,0.0163
8481520,,8481520,5,-0.00369908451102674,-0.002491758204996586,0,-0.0237,0.0163
8481520,,8481520,6,-0.003698299638926983,-0.002491758204996586,0,-0.0237,0.0163
8481520,,8481520,7,-0.0036965140607208014,-0.002491758204996586,0,-0.0237,0.0163
8481520,,8481520,8,-0.003697287291288376,-0.002491758204996586,0,-0.0237,0.0163
Georgi Romanov,STL,8484312,0,-0.012114509008824825,-0.011036362498998642,0,-0.0321,0.0079
Georgi Romanov,STL,8484312,1,-0.012127978727221489,-0.011036362498998642,0,-0.0321,0.0079
Georgi Romanov,STL,8484312,2,-0.012135638855397701,-0.011036362498998642,0,-0.0321,0.0079
Georgi Romanov,STL,8484312,3,-0.01213852223008871,-0.011036362498998642,0,-0.0321,0.0079
Georgi Romanov,STL,8484312,4,-0.012137725949287415,-0.011036362498998642,0,-0.0321,0.0079
Georgi Romanov,STL,8484312,5,-0.012138420715928078,-0.011036362498998642,0,-0.0321,0.0079
Georgi Romanov,STL,8484312,6,-0.012137634679675102,-0.011036362498998642,0,-0.0321,0.0079
Georgi Romanov,STL,8484312,7,-0.012135844677686691,-0.011036362498998642,0,-0.0321,0.0079
Georgi Romanov,STL,8484312,8,-0.012136618606746197,-0.011036362498998642,0,-0.0321,0.0079
Dustin Wolf,CGY,8481692,0,0.031073490157723427,0.0227408055216074,0,0.0111,0.0511
Dustin Wolf,CGY,8481692,1,0.031060032546520233,0.0227408055216074,0,0.0111,0.0511
Dustin Wolf,CGY,8481692,2,0.031052391976118088,0.0227408055216074,0,0.0111,0.0511
Dustin Wolf,CGY,8481692,3,0.031049517914652824,0.0227408055216074,0,0.011,0.051
Dustin Wolf,CGY,8481692,4,0.031050322577357292,0.0227408055216074,0,0.0111,0.0511
Dustin Wolf,CGY,8481692,5,0.031049631536006927,0.0227408055216074,0,0.011,0.051
Dustin Wolf,CGY,8481692,6,0.0310504250228405,0.0227408055216074,0,0.0111,0.0511
Dustin Wolf,CGY,8481692,7,0.031052211299538612,0.0227408055216074,0,0.0111,0.0511
Dustin Wolf,CGY,8481692,8,0.03105144388973713,0.0227408055216074,0,0.0111,0.0511
Philipp Grubauer,SEA,8475831,0,-0.003390273777768016,-0.02078704722225666,0,-0.0234,0.0166
Philipp Grubauer,SEA,8475831,1,-0.0034037309233099222,-0.02078704722225666,0,-0.0234,0.0166
Philipp Grubauer,SEA,8475831,2,-0.0034113749861717224,-0.02078704722225666,0,-0.0234,0.0166
Philipp Grubauer,SEA,8475831,3,-0.0034142527729272842,-0.02078704722225666,0,-0.0234,0.0166
Philipp Grubauer,SEA,8475831,4,-0.003413442987948656,-0.02078704722225666,0,-0.0234,0.0166
Philipp Grubauer,SEA,8475831,5,-0.0034141335636377335,-0.02078704722225666,0,-0.0234,0.0166
Philipp Grubauer,SEA,8475831,6,-0.0034133405424654484,-0.02078704722225666,0,-0.0234,0.0166
Philipp Grubauer,SEA,8475831,7,-0.0034115503076463938,-0.02078704722225666,0,-0.0234,0.0166
Philipp Grubauer,SEA,8475831,8,-0.003412320278584957,-0.02078704722225666,0,-0.0234,0.0166
8478848,,8478848,0,-0.0029775798320770264,-0.0017949911998584867,0,-0.023,0.017
8478848,,8478848,1,-0.002991052344441414,-0.0017949911998584867,0,-0.023,0.017
8478848,,8478848,2,-0.0029987110756337643,-0.0017949911998584867,0,-0.023,0.017
8478848,,8478848,3,-0.003001599106937647,-0.0017949911998584867,0,-0.023,0.017
8478848,,8478848,4,-0.003000800032168627,-0.0017949911998584867,0,-0.023,0.017
8478848,,8478848,5,-0.003001498756930232,-0.0017949911998584867,0,-0.023,0.017
8478848,,8478848,6,-0.0030007108580321074,-0.0017949911998584867,0,-0.023,0.017
8478848,,8478848,7,-0.0029989234171807766,-0.0017949911998584867,0,-0.023,0.017
8478848,,8478848,8,-0.00299969594925642,-0.0017949911998584867,0,-0.023,0.017
Jet Greaves,CBJ,8482982,0,0.07626565545797348,0.05865047872066498,0,0.0563,0.0963
Jet Greaves,CBJ,8482982,1,0.07625222951173782,0.05865047872066498,0,0.0563,0.0963
Jet Greaves,CBJ,8482982,2,0.07624456286430359,0.05865047872066498,0,0.0562,0.0962
Jet Greaves,CBJ,8482982,3,0.07624170929193497,0.05865047872066498,0,0.0562,0.0962
Jet Greaves,CBJ,8482982,4,0.07624251395463943,0.05865047872066498,0,0.0562,0.0962
Jet Greaves,CBJ,8482982,5,0.07624183595180511,0.05865047872066498,0,0.0562,0.0962
Jet Greaves,CBJ,8482982,6,0.07624263316392899,0.05865047872066498,0,0.0562,0.0962
Jet Greaves,CBJ,8482982,7,0.07624441385269165,0.05865047872066498,0,0.0562,0.0962
Jet Greaves,CBJ,8482982,8,0.07624364644289017,0.05865047872066498,0,0.0562,0.0962
Devon Levi,BUF,8482221,0,-0.017293773591518402,-0.016461001709103584,0,-0.0373,0.0027
Devon Levi,BUF,8482221,1,-0.017307264730334282,-0.016461001709103584,0,-0.0373,0.0027
Devon Levi,BUF,8482221,2,-0.017314931377768517,-0.016461001709103584,0,-0.0373,0.0027
Devon Levi,BUF,8482221,3,-0.01731783337891102,-0.016461001709103584,0,-0.0373,0.0027
Devon Levi,BUF,8482221,4,-0.017317039892077446,-0.016461001709103584,0,-0.0373,0.0027
Devon Levi,BUF,8482221,5,-0.017317749559879303,-0.016461001709103584,0,-0.0373,0.0027
Devon Levi,BUF,8482221,6,-0.01731695979833603,-0.016461001709103584,0,-0.0373,0.0027
Devon Levi,BUF,8482221,7,-0.017315182834863663,-0.016461001709103584,0,-0.0373,0.0027
Devon Levi,BUF,8482221,8,-0.017315950244665146,-0.016461001709103584,0,-0.0373,0.0027
Evan Gardner,CBJ,8484997,0,-0.0029679713770747185,-0.001926969736814499,0,-0.023,0.017
Evan Gardner,CBJ,8484997,1,-0.002981449943035841,-0.001926969736814499,0,-0.023,0.017
Evan Gardner,CBJ,8484997,2,-0.00298911239951849,-0.001926969736814499,0,-0.023,0.017
Evan Gardner,CBJ,8484997,3,-0.0029920050874352455,-0.001926969736814499,0,-0.023,0.017
Evan Gardner,CBJ,8484997,4,-0.0029912088066339493,-0.001926969736814499,0,-0.023,0.017
Evan Gardner,CBJ,8484997,5,-0.0029919100925326347,-0.001926969736814499,0,-0.023,0.017
Evan Gardner,CBJ,8484997,6,-0.0029911238234490156,-0.001926969736814499,0,-0.023,0.017
Evan Gardner,CBJ,8484997,7,-0.0029893373139202595,-0.001926969736814499,0,-0.023,0.017
Evan Gardner,CBJ,8484997,8,-0.0029901100788265467,-0.001926969736814499,0,-0.023,0.017
Cayden Primeau,CAR,8480051,0,-0.04411750286817551,-0.038931041955947876,0,-0.0641,-0.0241
Cayden Primeau,CAR,8480051,1,-0.04413100332021713,-0.038931041955947876,0,-0.0641,-0.0241
Cayden Primeau,CAR,8480051,2,-0.04413870349526405,-0.038931041955947876,0,-0.0641,-0.0241
Cayden Primeau,CAR,8480051,3,-0.04414159804582596,-0.038931041955947876,0,-0.0641,-0.0241
Cayden Primeau,CAR,8480051,4,-0.04414081573486328,-0.038931041955947876,0,-0.0641,-0.0241
Cayden Primeau,CAR,8480051,5,-0.04414153844118118,-0.038931041955947876,0,-0.0641,-0.0241
Cayden Primeau,CAR,8480051,6,-0.04414075240492821,-0.038931041955947876,0,-0.0641,-0.0241
Cayden Primeau,CAR,8480051,7,-0.04413897544145584,-0.038931041955947876,0,-0.0641,-0.0241
Cayden Primeau,CAR,8480051,8,-0.04413974657654762,-0.038931041955947876,0,-0.0641,-0.0241
8480199,,8480199,0,0.00022113590966910124,0.0014017673674970865,0,-0.0198,0.0202
8480199,,8480199,1,0.00020768609829246998,0.0014017673674970865,0,-0.0198,0.0202
8480199,,8480199,2,0.0002000482054427266,0.0014017673674970865,0,-0.0198,0.0202
8480199,,8480199,3,0.0001971769379451871,0.0014017673674970865,0,-0.0198,0.0202
8480199,,8480199,4,0.00019799009896814823,0.0014017673674970865,0,-0.0198,0.0202
8480199,,8480199,5,0.00019730243366211653,0.0014017673674970865,0,-0.0198,0.0202
8480199,,8480199,6,0.00019809813238680363,0.0014017673674970865,0,-0.0198,0.0202
8480199,,8480199,7,0.00019989069551229477,0.0014017673674970865,0,-0.0198,0.0202
8480199,,8480199,8,0.0001991188619285822,0.0014017673674970865,0,-0.0198,0.0202
Jakub Dobes,MTL,8482487,0,0.1066555306315422,0.05570261552929878,37,0.1034,0.11
Jakub Dobes,MTL,8482487,1,0.10764212906360626,0.05570261552929878,125,0.1058,0.1094
Jakub Dobes,MTL,8482487,2,0.10863421112298965,0.05570261552929878,152,0.107,0.1102
Jakub Dobes,MTL,8482487,3,0.10898908972740173,0.05570261552929878,118,0.1072,0.1108
Jakub Dobes,MTL,8482487,4,0.10923289507627487,0.05570261552929878,141,0.1075,0.1109
Jakub Dobes,MTL,8482487,5,0.1096695214509964,0.05570261552929878,162,0.1081,0.1113
Jakub Dobes,MTL,8482487,6,0.1097632423043251,0.05570261552929878,57,0.1072,0.1124
Jakub Dobes,MTL,8482487,7,0.10976503044366837,0.05570261552929878,0,0.0898,0.1298
Jakub Dobes,MTL,8482487,8,0.10976426303386688,0.05570261552929878,0,0.0898,0.1298
Cal Petersen,MIN,8477361,0,-0.0031043109484016895,-0.0024716248735785484,0,-0.0231,0.0169
Cal Petersen,MIN,8477361,1,-0.00311778811737895,-0.0024716248735785484,0,-0.0231,0.0169
Cal Petersen,MIN,8477361,2,-0.003125449875369668,-0.0024716248735785484,0,-0.0231,0.0169
Cal Petersen,MIN,8477361,3,-0.0031283413991332054,-0.0024716248735785484,0,-0.0231,0.0169
Cal Petersen,MIN,8477361,4,-0.003127544652670622,-0.0024716248735785484,0,-0.0231,0.0169
Cal Petersen,MIN,8477361,5,-0.00312824547290802,-0.0024716248735785484,0,-0.0231,0.0169
Cal Petersen,MIN,8477361,6,-0.0031274582725018263,-0.0024716248735785484,0,-0.0231,0.0169
Cal Petersen,MIN,8477361,7,-0.003125671995803714,-0.0024716248735785484,0,-0.0231,0.0169
Cal Petersen,MIN,8477361,8,-0.0031264445278793573,-0.0024716248735785484,0,-0.0231,0.0169
Calvin Pickard,EDM,8475717,0,-0.030322371050715446,-0.02646554633975029,0,-0.0503,-0.0103
Calvin Pickard,EDM,8475717,1,-0.030335819348692894,-0.02646554633975029,0,-0.0503,-0.0103
Calvin Pickard,EDM,8475717,2,-0.03034346178174019,-0.02646554633975029,0,-0.0503,-0.0103
Calvin Pickard,EDM,8475717,3,-0.030346335843205452,-0.02646554633975029,0,-0.0503,-0.0103
Calvin Pickard,EDM,8475717,4,-0.030345521867275238,-0.02646554633975029,0,-0.0503,-0.0103
Calvin Pickard,EDM,8475717,5,-0.03034621849656105,-0.02646554633975029,0,-0.0503,-0.0103
Calvin Pickard,EDM,8475717,6,-0.030345413833856583,-0.02646554633975029,0,-0.0503,-0.0103
Calvin Pickard,EDM,8475717,7,-0.03034363128244877,-0.02646554633975029,0,-0.0503,-0.0103
Calvin Pickard,EDM,8475717,8,-0.030344396829605103,-0.02646554633975029,0,-0.0503,-0.0103
Devin Cooley,CGY,8482445,0,0.037813033908605576,0.024742167443037033,0,0.0178,0.0578
Devin Cooley,CGY,8482445,1,0.037799641489982605,0.024742167443037033,0,0.0178,0.0578
Devin Cooley,CGY,8482445,2,0.03779195249080658,0.024742167443037033,0,0.0178,0.0578
Devin Cooley,CGY,8482445,3,0.037789132446050644,0.024742167443037033,0,0.0178,0.0578
Devin Cooley,CGY,8482445,4,0.037789907306432724,0.024742167443037033,0,0.0178,0.0578
Devin Cooley,CGY,8482445,5,0.03778925910592079,0.024742167443037033,0,0.0178,0.0578
Devin Cooley,CGY,8482445,6,0.037790022790431976,0.024742167443037033,0,0.0178,0.0578
Devin Cooley,CGY,8482445,7,0.03779185190796852,0.024742167443037033,0,0.0178,0.0578
Devin Cooley,CGY,8482445,8,0.03779104724526405,0.024742167443037033,0,0.0178,0.0578
8482588,,8482588,0,-0.001875981455668807,-0.0006938938167877495,0,-0.0219,0.0181
8482588,,8482588,1,-0.0018894490785896778,-0.0006938938167877495,0,-0.0219,0.0181
8482588,,8482588,2,-0.0018971019890159369,-0.0006938938167877495,0,-0.0219,0.0181
8482588,,8482588,3,-0.0018999860621988773,-0.0006938938167877495,0,-0.0219,0.0181
8482588,,8482588,4,-0.0018991832621395588,-0.0006938938167877495,0,-0.0219,0.0181
8482588,,8482588,5,-0.0018998791929334402,-0.0006938938167877495,0,-0.0219,0.0181
8482588,,8482588,6,-0.0018990890821442008,-0.0006938938167877495,0,-0.0219,0.0181
8482588,,8482588,7,-0.00189730036072433,-0.0006938938167877495,0,-0.0219,0.0181
8482588,,8482588,8,-0.001898072543554008,-0.0006938938167877495,0,-0.0219,0.0181
Justus Annunen,NSH,8481020,0,0.030405843630433083,-0.004587817937135696,0,0.0104,0.0504
Justus Annunen,NSH,8481020,1,0.030392393469810486,-0.004587817937135696,0,0.0104,0.0504
Justus Annunen,NSH,8481020,2,0.03038475289940834,-0.004587817937135696,0,0.0104,0.0504
Justus Annunen,NSH,8481020,3,0.03038187511265278,-0.004587817937135696,0,0.0104,0.0504
Justus Annunen,NSH,8481020,4,0.030382683500647545,-0.004587817937135696,0,0.0104,0.0504
Justus Annunen,NSH,8481020,5,0.03038199245929718,-0.004587817937135696,0,0.0104,0.0504
Justus Annunen,NSH,8481020,6,0.03038278967142105,-0.004587817937135696,0,0.0104,0.0504
Justus Annunen,NSH,8481020,7,0.030384572222828865,-0.004587817937135696,0,0.0104,0.0504
Justus Annunen,NSH,8481020,8,0.03038380853831768,-0.004587817937135696,0,0.0104,0.0504
Trent Miner,COL,8481529,0,0.009825674816966057,0.006927056238055229,0,-0.0102,0.0298
Trent Miner,COL,8481529,1,0.009812235832214355,0.006927056238055229,0,-0.0102,0.0298
Trent Miner,COL,8481529,2,0.009804608300328255,0.006927056238055229,0,-0.0102,0.0298
Trent Miner,COL,8481529,3,0.009801742620766163,0.006927056238055229,0,-0.0102,0.0298
Trent Miner,COL,8481529,4,0.009802564047276974,0.006927056238055229,0,-0.0102,0.0298
Trent Miner,COL,8481529,5,0.009801877662539482,0.006927056238055229,0,-0.0102,0.0298
Trent Miner,COL,8481529,6,0.009802678599953651,0.006927056238055229,0,-0.0102,0.0298
Trent Miner,COL,8481529,7,0.00980447232723236,0.006927056238055229,0,-0.0102,0.0298
Trent Miner,COL,8481529,8,0.009803702123463154,0.006927056238055229,0,-0.0102,0.0298
Rémi Poirier,DAL,8482465,0,-0.00158711988478899,-9.129956015385687e-05,0,-0.0216,0.0184
Rémi Poirier,DAL,8482465,1,-0.0016005829675123096,-9.129956015385687e-05,0,-0.0216,0.0184
Rémi Poirier,DAL,8482465,2,-0.001608232269063592,-9.129956015385687e-05,0,-0.0216,0.0184
Rémi Poirier,DAL,8482465,3,-0.0016111134318634868,-9.129956015385687e-05,0,-0.0216,0.0184
Rémi Poirier,DAL,8482465,4,-0.001610308070667088,-9.129956015385687e-05,0,-0.0216,0.0184
Rémi Poirier,DAL,8482465,5,-0.0016110021388158202,-9.129956015385687e-05,0,-0.0216,0.0184
Rémi Poirier,DAL,8482465,6,-0.0016102106310427189,-9.129956015385687e-05,0,-0.0216,0.0184
Rémi Poirier,DAL,8482465,7,-0.0016084210947155952,-9.129956015385687e-05,0,-0.0216,0.0184
Rémi Poirier,DAL,8482465,8,-0.0016091929282993078,-9.129956015385687e-05,0,-0.0216,0.0184
Dan Vladar,PHI,8478435,0,0.06910120695829391,0.0319354347884655,29,0.0654,0.0728
Dan Vladar,PHI,8478435,1,0.06977924704551697,0.0319354347884655,143,0.0681,0.0715
Dan Vladar,PHI,8478435,2,0.07023964077234268,0.0319354347884655,146,0.0685,0.0719
Dan Vladar,PHI,8478435,3,0.07041381299495697,0.0319354347884655,171,0.0689,0.0719
Dan Vladar,PHI,8478435,4,0.07041461765766144,0.0319354347884655,0,0.0504,0.0904
Dan Vladar,PHI,8478435,5,0.07041392475366592,0.0319354347884655,0,0.0504,0.0904
Dan Vladar,PHI,8478435,6,0.0704147070646286,0.0319354347884655,0,0.0504,0.0904
Dan Vladar,PHI,8478435,7,0.07041652500629425,0.0319354347884655,0,0.0504,0.0904
Dan Vladar,PHI,8478435,8,0.07041573524475098,0.0319354347884655,0,0.0504,0.0904
Nathaniel Day,EDM,8484455,0,-0.0008408411522395909,0.00022876300499774516,0,-0.0208,0.0192
Nathaniel Day,EDM,8484455,1,-0.0008543035946786404,0.00022876300499774516,0,-0.0209,0.0191
Nathaniel Day,EDM,8484455,2,-0.0008619521977379918,0.00022876300499774516,0,-0.0209,0.0191
Nathaniel Day,EDM,8484455,3,-0.0008648330112919211,0.00022876300499774516,0,-0.0209,0.0191
Nathaniel Day,EDM,8484455,4,-0.0008640271262265742,0.00022876300499774516,0,-0.0209,0.0191
Nathaniel Day,EDM,8484455,5,-0.0008647209615446627,0.00022876300499774516,0,-0.0209,0.0191
Nathaniel Day,EDM,8484455,6,-0.0008639291045255959,0.00022876300499774516,0,-0.0209,0.0191
Nathaniel Day,EDM,8484455,7,-0.0008621393935754895,0.00022876300499774516,0,-0.0209,0.0191
Nathaniel Day,EDM,8484455,8,-0.000862911285366863,0.00022876300499774516,0,-0.0209,0.0191
8484939,,8484939,0,-0.0002944759908132255,0.0008866313146427274,0,-0.0203,0.0197
8484939,,8484939,1,-0.0003079314483329654,0.0008866313146427274,0,-0.0203,0.0197
8484939,,8484939,2,-0.0003155742888338864,0.0008866313146427274,0,-0.0203,0.0197
8484939,,8484939,3,-0.00031845009652897716,0.0008866313146427274,0,-0.0203,0.0197
8484939,,8484939,4,-0.00031764002051204443,0.0008866313146427274,0,-0.0203,0.0197
8484939,,8484939,5,-0.0003183305962011218,0.0008866313146427274,0,-0.0203,0.0197
8484939,,8484939,6,-0.000317536701913923,0.0008866313146427274,0,-0.0203,0.0197
8484939,,8484939,7,-0.00031574530294165015,0.0008866313146427274,0,-0.0203,0.0197
8484939,,8484939,8,-0.0003165169036947191,0.0008866313146427274,0,-0.0203,0.0197
Connor Ingram,EDM,8478971,0,-0.010088474489748478,-0.01374970842152834,0,-0.0301,0.0099
Connor Ingram,EDM,8478971,1,-0.010550584644079208,-0.01374970842152834,149,-0.0122,-0.009
Connor Ingram,EDM,8478971,2,-0.010520446114242077,-0.01374970842152834,87,-0.0126,-0.0084
Connor Ingram,EDM,8478971,3,-0.010523319244384766,-0.01374970842152834,0,-0.0305,0.0095
Connor Ingram,EDM,8478971,4,-0.010522507131099701,-0.01374970842152834,0,-0.0305,0.0095
Connor Ingram,EDM,8478971,5,-0.010523194447159767,-0.01374970842152834,0,-0.0305,0.0095
Connor Ingram,EDM,8478971,6,-0.01052240189164877,-0.01374970842152834,0,-0.0305,0.0095
Connor Ingram,EDM,8478971,7,-0.010520609095692635,-0.01374970842152834,0,-0.0305,0.0095
Connor Ingram,EDM,8478971,8,-0.010521378368139267,-0.01374970842152834,0,-0.0305,0.0095
8481707,,8481707,0,0.0038814807776361704,0.005060786381363869,0,-0.0161,0.0239
8481707,,8481707,1,0.003868045751005411,0.005060786381363869,0,-0.0161,0.0239
8481707,,8481707,2,0.003860422410070896,0.005060786381363869,0,-0.0161,0.0239
8481707,,8481707,3,0.0038575627841055393,0.005060786381363869,0,-0.0161,0.0239
8481707,,8481707,4,0.003858385141938925,0.005060786381363869,0,-0.0161,0.0239
8481707,,8481707,5,0.003857704345136881,0.005060786381363869,0,-0.0161,0.0239
8481707,,8481707,6,0.0038585064467042685,0.005060786381363869,0,-0.0161,0.0239
8481707,,8481707,7,0.003860301338136196,0.005060786381363869,0,-0.0161,0.0239
8481707,,8481707,8,0.003859530668705702,0.005060786381363869,0,-0.0161,0.0239
8480191,,8480191,0,0.0025580874644219875,0.0037374163512140512,0,-0.0174,0.0226
8480191,,8480191,1,0.0025446531362831593,0.0037374163512140512,0,-0.0175,0.0225
8480191,,8480191,2,0.002537029329687357,0.0037374163512140512,0,-0.0175,0.0225
8480191,,8480191,3,0.0025341687723994255,0.0037374163512140512,0,-0.0175,0.0225
8480191,,8480191,4,0.0025349920615553856,0.0037374163512140512,0,-0.0175,0.0225
8480191,,8480191,5,0.002534311031922698,0.0037374163512140512,0,-0.0175,0.0225
8480191,,8480191,6,0.0025351124349981546,0.0037374163512140512,0,-0.0175,0.0225
8480191,,8480191,7,0.0025369077920913696,0.0037374163512140512,0,-0.0175,0.0225
8480191,,8480191,8,0.00253613805398345,0.0037374163512140512,0,-0.0175,0.0225
8484857,,8484857,0,-0.0011993274092674255,-1.7521510017104447e-05,0,-0.0212,0.0188
8484857,,8484857,1,-0.0012127913068979979,-1.7521510017104447e-05,0,-0.0212,0.0188
8484857,,8484857,2,-0.0012204413069412112,-1.7521510017104447e-05,0,-0.0212,0.0188
8484857,,8484857,3,-0.001223323168233037,-1.7521510017104447e-05,0,-0.0212,0.0188
8484857,,8484857,4,-0.0012225181562826037,-1.7521510017104447e-05,0,-0.0212,0.0188
8484857,,8484857,5,-0.001223212806507945,-1.7521510017104447e-05,0,-0.0212,0.0188
8484857,,8484857,6,-0.0012224212987348437,-1.7521510017104447e-05,0,-0.0212,0.0188
8484857,,8484857,7,-0.0012206321116536856,-1.7521510017104447e-05,0,-0.0212,0.0188
8484857,,8484857,8,-0.0012214038288220763,-1.7521510017104447e-05,0,-0.0212,0.0188
8475920,,8475920,0,-0.0012435957323759794,-6.163331272546202e-05,0,-0.0212,0.0188
8475920,,8475920,1,-0.001257061492651701,-6.163331272546202e-05,0,-0.0213,0.0187
8475920,,8475920,2,-0.00126471312250942,-6.163331272546202e-05,0,-0.0213,0.0187
8475920,,8475920,3,-0.0012675963807851076,-6.163331272546202e-05,0,-0.0213,0.0187
8475920,,8475920,4,-0.0012667924165725708,-6.163331272546202e-05,0,-0.0213,0.0187
8475920,,8475920,5,-0.0012674879981204867,-6.163331272546202e-05,0,-0.0213,0.0187
8475920,,8475920,6,-0.0012666970724239945,-6.163331272546202e-05,0,-0.0213,0.0187
8475920,,8475920,7,-0.0012649082345888019,-6.163331272546202e-05,0,-0.0213,0.0187
8475920,,8475920,8,-0.0012656800681725144,-6.163331272546202e-05,0,-0.0213,0.0187
Alex Nedeljkovic,SJS,8477968,0,-0.010739866644144058,-0.015223311260342598,0,-0.0307,0.0093
Alex Nedeljkovic,SJS,8477968,1,-0.010753320530056953,-0.015223311260342598,0,-0.0308,0.0092
Alex Nedeljkovic,SJS,8477968,2,-0.010760963894426823,-0.015223311260342598,0,-0.0308,0.0092
Alex Nedeljkovic,SJS,8477968,3,-0.010763835161924362,-0.015223311260342598,0,-0.0308,0.0092
Alex Nedeljkovic,SJS,8477968,4,-0.01076302956789732,-0.015223311260342598,0,-0.0308,0.0092
Alex Nedeljkovic,SJS,8477968,5,-0.010763714089989662,-0.015223311260342598,0,-0.0308,0.0092
Alex Nedeljkovic,SJS,8477968,6,-0.010762927122414112,-0.015223311260342598,0,-0.0308,0.0092
Alex Nedeljkovic,SJS,8477968,7,-0.01076112687587738,-0.015223311260342598,0,-0.0308,0.0092
Alex Nedeljkovic,SJS,8477968,8,-0.010761904530227184,-0.015223311260342598,0,-0.0308,0.0092
8484218,,8484218,0,0.006237389519810677,0.007414734456688166,0,-0.0138,0.0262
8484218,,8484218,1,0.0062239766120910645,0.007414734456688166,0,-0.0138,0.0262
8484218,,8484218,2,0.006216374691575766,0.007414734456688166,0,-0.0138,0.0262
8484218,,8484218,3,0.006213531829416752,0.007414734456688166,0,-0.0138,0.0262
8484218,,8484218,4,0.0062143681570887566,0.007414734456688166,0,-0.0138,0.0262
8484218,,8484218,5,0.006213698070496321,0.007414734456688166,0,-0.0138,0.0262
8484218,,8484218,6,0.0062145087867975235,0.007414734456688166,0,-0.0138,0.0262
8484218,,8484218,7,0.006216307636350393,0.007414734456688166,0,-0.0138,0.0262
8484218,,8484218,8,0.00621554022654891,0.007414734456688166,0,-0.0138,0.0262
Matt Tomkins,EDM,8477035,0,-0.007705901749432087,-0.0060256910510361195,0,-0.0277,0.0123
Matt Tomkins,EDM,8477035,1,-0.007719408720731735,-0.0060256910510361195,0,-0.0277,0.0123
Matt Tomkins,EDM,8477035,2,-0.007727096322923899,-0.0060256910510361195,0,-0.0277,0.0123
Matt Tomkins,EDM,8477035,3,-0.007730011362582445,-0.0060256910510361195,0,-0.0277,0.0123
Matt Tomkins,EDM,8477035,4,-0.007729231845587492,-0.0060256910510361195,0,-0.0277,0.0123
Matt Tomkins,EDM,8477035,5,-0.007729947101324797,-0.0060256910510361195,0,-0.0277,0.0123
Matt Tomkins,EDM,8477035,6,-0.007729170843958855,-0.0060256910510361195,0,-0.0277,0.0123
Matt Tomkins,EDM,8477035,7,-0.007727388292551041,-0.0060256910510361195,0,-0.0277,0.0123
Matt Tomkins,EDM,8477035,8,-0.007728165946900845,-0.0060256910510361195,0,-0.0277,0.0123
Pyotr Kochetkov,CAR,8481611,0,-0.0017404952086508274,-0.0008124609012156725,0,-0.0217,0.0183
Pyotr Kochetkov,CAR,8481611,1,-0.001753952936269343,-0.0008124609012156725,0,-0.0218,0.0182
Pyotr Kochetkov,CAR,8481611,2,-0.0017615979304537177,-0.0008124609012156725,0,-0.0218,0.0182
Pyotr Kochetkov,CAR,8481611,3,-0.0017644752515479922,-0.0008124609012156725,0,-0.0218,0.0182
Pyotr Kochetkov,CAR,8481611,4,-0.0017636667471379042,-0.0008124609012156725,0,-0.0218,0.0182
Pyotr Kochetkov,CAR,8481611,5,-0.0017643584869801998,-0.0008124609012156725,0,-0.0218,0.0182
Pyotr Kochetkov,CAR,8481611,6,-0.001763565232977271,-0.0008124609012156725,0,-0.0218,0.0182
Pyotr Kochetkov,CAR,8481611,7,-0.0017617744160816073,-0.0008124609012156725,0,-0.0218,0.0182
Pyotr Kochetkov,CAR,8481611,8,-0.001762546133249998,-0.0008124609012156725,0,-0.0218,0.0182
Brandon Halverson,TBL,8477990,0,-0.014003065414726734,-0.007803577929735184,0,-0.034,0.006
Brandon Halverson,TBL,8477990,1,-0.014016576111316681,-0.007803577929735184,0,-0.034,0.006
Brandon Halverson,TBL,8477990,2,-0.014024262316524982,-0.007803577929735184,0,-0.034,0.006
Brandon Halverson,TBL,8477990,3,-0.014027179218828678,-0.007803577929735184,0,-0.034,0.006
Brandon Halverson,TBL,8477990,4,-0.014026399701833725,-0.007803577929735184,0,-0.034,0.006
Brandon Halverson,TBL,8477990,5,-0.014027116820216179,-0.007803577929735184,0,-0.034,0.006
Brandon Halverson,TBL,8477990,6,-0.01402634009718895,-0.007803577929735184,0,-0.034,0.006
Brandon Halverson,TBL,8477990,7,-0.014024559408426285,-0.007803577929735184,0,-0.034,0.006
Brandon Halverson,TBL,8477990,8,-0.01402533520013094,-0.007803577929735184,0,-0.034,0.006
Jake Allen,NJD,8474596,0,0.035855986177921295,0.025599313899874687,0,0.0159,0.0559
Jake Allen,NJD,8474596,1,0.035842541605234146,0.025599313899874687,0,0.0158,0.0558
Jake Allen,NJD,8474596,2,0.035834893584251404,0.025599313899874687,0,0.0158,0.0558
Jake Allen,NJD,8474596,3,0.03583202138543129,0.025599313899874687,0,0.0158,0.0558
Jake Allen,NJD,8474596,4,0.035832829773426056,0.025599313899874687,0,0.0158,0.0558
Jake Allen,NJD,8474596,5,0.03583214059472084,0.025599313899874687,0,0.0158,0.0558
Jake Allen,NJD,8474596,6,0.035832930356264114,0.025599313899874687,0,0.0158,0.0558
Jake Allen,NJD,8474596,7,0.035834722220897675,0.025599313899874687,0,0.0158,0.0558
Jake Allen,NJD,8474596,8,0.03583395481109619,0.025599313899874687,0,0.0158,0.0558
Samuel Montembeault,MTL,8478470,0,0.013801917433738708,0.01434419397264719,0,-0.0062,0.0338
Samuel Montembeault,MTL,8478470,1,0.013788459822535515,0.01434419397264719,0,-0.0062,0.0338
Samuel Montembeault,MTL,8478470,2,0.013780815526843071,0.01434419397264719,0,-0.0062,0.0338
Samuel Montembeault,MTL,8478470,3,0.013777936808764935,0.01434419397264719,0,-0.0062,0.0338
Samuel Montembeault,MTL,8478470,4,0.01377874705940485,0.01434419397264719,0,-0.0062,0.0338
Samuel Montembeault,MTL,8478470,5,0.01377805508673191,0.01434419397264719,0,-0.0062,0.0338
Samuel Montembeault,MTL,8478470,6,0.013778848573565483,0.01434419397264719,0,-0.0062,0.0338
Samuel Montembeault,MTL,8478470,7,0.013780638575553894,0.01434419397264719,0,-0.0062,0.0338
Samuel Montembeault,MTL,8478470,8,0.013779869303107262,0.01434419397264719,0,-0.0062,0.0338
8484968,,8484968,0,0.0019036708399653435,0.0030832188203930855,0,-0.0181,0.0219
8484968,,8484968,1,0.0018902337178587914,0.0030832188203930855,0,-0.0181,0.0219
8484968,,8484968,2,0.0018826070008799434,0.0030832188203930855,0,-0.0181,0.0219
8484968,,8484968,3,0.0018797445809468627,0.0030832188203930855,0,-0.0181,0.0219
8484968,,8484968,4,0.0018805667059496045,0.0030832188203930855,0,-0.0181,0.0219
8484968,,8484968,5,0.0018798836972564459,0.0030832188203930855,0,-0.0181,0.0219
8484968,,8484968,6,0.0018806853331625462,0.0030832188203930855,0,-0.0181,0.0219
8484968,,8484968,7,0.0018824783619493246,0.0030832188203930855,0,-0.0181,0.0219
8484968,,8484968,8,0.0018817101372405887,0.0030832188203930855,0,-0.0181,0.0219
8473575,,8473575,0,-0.004613354802131653,-0.0034315462689846754,0,-0.0246,0.0154
8473575,,8473575,1,-0.0046268184669315815,-0.0034315462689846754,0,-0.0246,0.0154
8473575,,8473575,2,-0.00463446881622076,-0.0034315462689846754,0,-0.0246,0.0154
8473575,,8473575,3,-0.004637351259589195,-0.0034315462689846754,0,-0.0246,0.0154
8473575,,8473575,4,-0.0046365451999008656,-0.0034315462689846754,0,-0.0246,0.0154
8473575,,8473575,5,-0.004637240897864103,-0.0034315462689846754,0,-0.0246,0.0154
8473575,,8473575,6,-0.004636448808014393,-0.0034315462689846754,0,-0.0246,0.0154
8473575,,8473575,7,-0.0046346597373485565,-0.0034315462689846754,0,-0.0246,0.0154
8473575,,8473575,8,-0.0046354313381016254,-0.0034315462689846754,0,-0.0246,0.0154
Igor Shesterkin,NYR,8478048,0,0.06895995140075684,0.04724935442209244,0,0.049,0.089
Igor Shesterkin,NYR,8478048,1,0.0689464583992958,0.04724935442209244,0,0.0489,0.0889
Igor Shesterkin,NYR,8478048,2,0.06893883645534515,0.04724935442209244,0,0.0489,0.0889
Igor Shesterkin,NYR,8478048,3,0.06893594563007355,0.04724935442209244,0,0.0489,0.0889
Igor Shesterkin,NYR,8478048,4,0.06893675029277802,0.04724935442209244,0,0.0489,0.0889
Igor Shesterkin,NYR,8478048,5,0.0689360648393631,0.04724935442209244,0,0.0489,0.0889
Igor Shesterkin,NYR,8478048,6,0.06893685460090637,0.04724935442209244,0,0.0489,0.0889
Igor Shesterkin,NYR,8478048,7,0.06893863528966904,0.04724935442209244,0,0.0489,0.0889
Igor Shesterkin,NYR,8478048,8,0.06893788278102875,0.04724935442209244,0,0.0489,0.0889
Jonathan Quick,NYR,8471734,0,-0.031929727643728256,-0.019182994961738586,0,-0.0519,-0.0119
Jonathan Quick,NYR,8471734,1,-0.0319431833922863,-0.019182994961738586,0,-0.0519,-0.0119
Jonathan Quick,NYR,8471734,2,-0.03195083141326904,-0.019182994961738586,0,-0.052,-0.012
Jonathan Quick,NYR,8471734,3,-0.031953707337379456,-0.019182994961738586,0,-0.052,-0.012
Jonathan Quick,NYR,8471734,4,-0.03195290267467499,-0.019182994961738586,0,-0.052,-0.012
Jonathan Quick,NYR,8471734,5,-0.0319535918533802,-0.019182994961738586,0,-0.052,-0.012
Jonathan Quick,NYR,8471734,6,-0.03195280209183693,-0.019182994961738586,0,-0.052,-0.012
Jonathan Quick,NYR,8471734,7,-0.03195101022720337,-0.019182994961738586,0,-0.052,-0.012
Jonathan Quick,NYR,8471734,8,-0.03195178136229515,-0.019182994961738586,0,-0.052,-0.012
8482472,,8482472,0,-0.010910776443779469,-0.009722580201923847,0,-0.0309,0.0091
8482472,,8482472,1,-0.010924318805336952,-0.009722580201923847,0,-0.0309,0.0091
8482472,,8482472,2,-0.010932032018899918,-0.009722580201923847,0,-0.0309,0.0091
8482472,,8482472,3,-0.010934972204267979,-0.009722580201923847,0,-0.0309,0.0091
8482472,,8482472,4,-0.010934210382401943,-0.009722580201923847,0,-0.0309,0.0091
8482472,,8482472,5,-0.010934943333268166,-0.009722580201923847,0,-0.0309,0.0091
8482472,,8482472,6,-0.010934174992144108,-0.009722580201923847,0,-0.0309,0.0091
8482472,,8482472,7,-0.010932400822639465,-0.009722580201923847,0,-0.0309,0.0091
8482472,,8482472,8,-0.010933179408311844,-0.009722580201923847,0,-0.0309,0.0091
Anton Forsberg,LAK,8476341,0,0.048576872795820236,0.024701913818717003,49,0.0457,0.0515
Anton Forsberg,LAK,8476341,1,0.04845800995826721,0.024701913818717003,143,0.0468,0.0502
Anton Forsberg,LAK,8476341,2,0.048450350761413574,0.024701913818717003,0,0.0285,0.0685
Anton Forsberg,LAK,8476341,3,0.04844747483730316,0.024701913818717003,0,0.0284,0.0684
Anton Forsberg,LAK,8476341,4,0.048448290675878525,0.024701913818717003,0,0.0284,0.0684
Anton Forsberg,LAK,8476341,5,0.04844759777188301,0.024701913818717003,0,0.0284,0.0684
Anton Forsberg,LAK,8476341,6,0.04844839125871658,0.024701913818717003,0,0.0284,0.0684
Anton Forsberg,LAK,8476341,7,0.048450175672769547,0.024701913818717003,0,0.0285,0.0685
Anton Forsberg,LAK,8476341,8,0.04844941943883896,0.024701913818717003,0,0.0284,0.0684
Anthony Stolarz,TOR,8476932,0,0.030001049861311913,0.03512011468410492,0,0.01,0.05
Anthony Stolarz,TOR,8476932,1,0.02998759225010872,0.03512011468410492,0,0.01,0.05
Anthony Stolarz,TOR,8476932,2,0.02997995726764202,0.03512011468410492,0,0.01,0.05
Anthony Stolarz,TOR,8476932,3,0.02997707761824131,0.03512011468410492,0,0.01,0.05
Anthony Stolarz,TOR,8476932,4,0.029977897182106972,0.03512011468410492,0,0.01,0.05
Anthony Stolarz,TOR,8476932,5,0.02997720055282116,0.03512011468410492,0,0.01,0.05
Anthony Stolarz,TOR,8476932,6,0.029978005215525627,0.03512011468410492,0,0.01,0.05
Anthony Stolarz,TOR,8476932,7,0.029979782178997993,0.03512011468410492,0,0.01,0.05
Anthony Stolarz,TOR,8476932,8,0.029979027807712555,0.03512011468410492,0,0.01,0.05
Dennis Hildeby,TOR,8483710,0,0.03165774047374725,0.016844848170876503,0,0.0117,0.0517
Dennis Hildeby,TOR,8483710,1,0.03164427727460861,0.016844848170876503,0,0.0116,0.0516
Dennis Hildeby,TOR,8483710,2,0.031636644154787064,0.016844848170876503,0,0.0116,0.0516
Dennis Hildeby,TOR,8483710,3,0.03163376450538635,0.016844848170876503,0,0.0116,0.0516
Dennis Hildeby,TOR,8483710,4,0.031634580343961716,0.016844848170876503,0,0.0116,0.0516
Dennis Hildeby,TOR,8483710,5,0.0316338837146759,0.016844848170876503,0,0.0116,0.0516
Dennis Hildeby,TOR,8483710,6,0.031634680926799774,0.016844848170876503,0,0.0116,0.0516
Dennis Hildeby,TOR,8483710,7,0.031636469066143036,0.016844848170876503,0,0.0116,0.0516
Dennis Hildeby,TOR,8483710,8,0.03163570165634155,0.016844848170876503,0,0.0116,0.0516
Joonas Korpisalo,BOS,8476914,0,0.021218521520495415,0.005916518159210682,0,0.0012,0.0412
Joonas Korpisalo,BOS,8476914,1,0.021262947469949722,0.005916518159210682,9,0.0146,0.028
Joonas Korpisalo,BOS,8476914,2,0.021255314350128174,0.005916518159210682,0,0.0013,0.0413
Joonas Korpisalo,BOS,8476914,3,0.021252429112792015,0.005916518159210682,0,0.0013,0.0413
Joonas Korpisalo,BOS,8476914,4,0.021253246814012527,0.005916518159210682,0,0.0013,0.0413
Joonas Korpisalo,BOS,8476914,5,0.021252548322081566,0.005916518159210682,0,0.0013,0.0413
Joonas Korpisalo,BOS,8476914,6,0.021253354847431183,0.005916518159210682,0,0.0013,0.0413
Joonas Korpisalo,BOS,8476914,7,0.02125513181090355,0.005916518159210682,0,0.0013,0.0413
Joonas Korpisalo,BOS,8476914,8,0.021254371851682663,0.005916518159210682,0,0.0013,0.0413
Vitek Vanecek,UTA,8477970,0,-0.04536476731300354,-0.03237597271800041,0,-0.0654,-0.0254
Vitek Vanecek,UTA,8477970,1,-0.045378223061561584,-0.03237597271800041,0,-0.0654,-0.0254
Vitek Vanecek,UTA,8477970,2,-0.04538586363196373,-0.03237597271800041,0,-0.0654,-0.0254
Vitek Vanecek,UTA,8477970,3,-0.04538875073194504,-0.03237597271800041,0,-0.0654,-0.0254
Vitek Vanecek,UTA,8477970,4,-0.045387931168079376,-0.03237597271800041,0,-0.0654,-0.0254
Vitek Vanecek,UTA,8477970,5,-0.045388635247945786,-0.03237597271800041,0,-0.0654,-0.0254
Vitek Vanecek,UTA,8477970,6,-0.04538782685995102,-0.03237597271800041,0,-0.0654,-0.0254
Vitek Vanecek,UTA,8477970,7,-0.04538605734705925,-0.03237597271800041,0,-0.0654,-0.0254
Vitek Vanecek,UTA,8477970,8,-0.04538680240511894,-0.03237597271800041,0,-0.0654,-0.0254
Calle Clang,ANA,8482477,0,-0.004666723310947418,-0.003577370196580887,0,-0.0247,0.0153
Calle Clang,ANA,8482477,1,-0.00468020886182785,-0.003577370196580887,0,-0.0247,0.0153
Calle Clang,ANA,8482477,2,-0.004687878768891096,-0.003577370196580887,0,-0.0247,0.0153
Calle Clang,ANA,8482477,3,-0.004690777510404587,-0.003577370196580887,0,-0.0247,0.0153
Calle Clang,ANA,8482477,4,-0.004689985886216164,-0.003577370196580887,0,-0.0247,0.0153
Calle Clang,ANA,8482477,5,-0.0046906908974051476,-0.003577370196580887,0,-0.0247,0.0153
Calle Clang,ANA,8482477,6,-0.004689907189458609,-0.003577370196580887,0,-0.0247,0.0153
Calle Clang,ANA,8482477,7,-0.004688122309744358,-0.003577370196580887,0,-0.0247,0.0153
Calle Clang,ANA,8482477,8,-0.0046888962388038635,-0.003577370196580887,0,-0.0247,0.0153
Gabriel Carriere,SJS,8484887,0,-0.00028008525259792805,0.00017766200471669436,0,-0.0203,0.0197
Gabriel Carriere,SJS,8484887,1,-0.00029354385333135724,0.00017766200471669436,0,-0.0203,0.0197
Gabriel Carriere,SJS,8484887,2,-0.00030118925496935844,0.00017766200471669436,0,-0.0203,0.0197
Gabriel Carriere,SJS,8484887,3,-0.0003040671581402421,0.00017766200471669436,0,-0.0203,0.0197
Gabriel Carriere,SJS,8484887,4,-0.00030325906118378043,0.00017766200471669436,0,-0.0203,0.0197
Gabriel Carriere,SJS,8484887,5,-0.00030395109206438065,0.00017766200471669436,0,-0.0203,0.0197
Gabriel Carriere,SJS,8484887,6,-0.00030315795447677374,0.00017766200471669436,0,-0.0203,0.0197
Gabriel Carriere,SJS,8484887,7,-0.00030136771965771914,0.00017766200471669436,0,-0.0203,0.0197
Gabriel Carriere,SJS,8484887,8,-0.0003021390293724835,0.00017766200471669436,0,-0.0203,0.0197
8476861,,8476861,0,-0.006263742223381996,-0.005078865215182304,0,-0.0263,0.0137
8476861,,8476861,1,-0.006277242675423622,-0.005078865215182304,0,-0.0263,0.0137
8476861,,8476861,2,-0.006284923758357763,-0.005078865215182304,0,-0.0263,0.0137
8476861,,8476861,3,-0.006287833675742149,-0.005078865215182304,0,-0.0263,0.0137
8476861,,8476861,4,-0.006287049036473036,-0.005078865215182304,0,-0.0263,0.0137
8476861,,8476861,5,-0.006287762429565191,-0.005078865215182304,0,-0.0263,0.0137
8476861,,8476861,6,-0.006286982446908951,-0.005078865215182304,0,-0.0263,0.0137
8476861,,8476861,7,-0.006285200826823711,-0.005078865215182304,0,-0.0263,0.0137
8476861,,8476861,8,-0.006285975221544504,-0.005078865215182304,0,-0.0263,0.0137
Joey Daccord,SEA,8478916,0,0.00826670229434967,0.012416104786098003,0,-0.0117,0.0283
Joey Daccord,SEA,8478916,1,0.008253246545791626,0.012416104786098003,0,-0.0117,0.0283
Joey Daccord,SEA,8478916,2,0.008245596662163734,0.012416104786098003,0,-0.0118,0.0282
Joey Daccord,SEA,8478916,3,0.008242721669375896,0.012416104786098003,0,-0.0118,0.0282
Joey Daccord,SEA,8478916,4,0.008243526332080364,0.012416104786098003,0,-0.0118,0.0282
Joey Daccord,SEA,8478916,5,0.008242836222052574,0.012416104786098003,0,-0.0118,0.0282
Joey Daccord,SEA,8478916,6,0.008243629708886147,0.012416104786098003,0,-0.0118,0.0282
Joey Daccord,SEA,8478916,7,0.008245417848229408,0.012416104786098003,0,-0.0118,0.0282
Joey Daccord,SEA,8478916,8,0.00824464950710535,0.012416104786098003,0,-0.0118,0.0282
Arturs Silovs,PIT,8481668,0,-0.023658469319343567,-0.019768517464399338,0,-0.0437,-0.0037
Arturs Silovs,PIT,8481668,1,-0.023346297442913055,-0.019768517464399338,42,-0.0264,-0.0202
Arturs Silovs,PIT,8481668,2,-0.023150207474827766,-0.019768517464399338,81,-0.0254,-0.021
Arturs Silovs,PIT,8481668,3,-0.023153085261583328,-0.019768517464399338,0,-0.0432,-0.0032
Arturs Silovs,PIT,8481668,4,-0.023152276873588562,-0.019768517464399338,0,-0.0432,-0.0032
Arturs Silovs,PIT,8481668,5,-0.023152969777584076,-0.019768517464399338,0,-0.0432,-0.0032
Arturs Silovs,PIT,8481668,6,-0.023152180016040802,-0.019768517464399338,0,-0.0432,-0.0032
Arturs Silovs,PIT,8481668,7,-0.023150386288762093,-0.019768517464399338,0,-0.0432,-0.0032
Arturs Silovs,PIT,8481668,8,-0.023151159286499023,-0.019768517464399338,0,-0.0432,-0.0032
Joel Hofer,STL,8480981,0,0.025241343304514885,0.003063265699893236,0,0.0052,0.0452
Joel Hofer,STL,8480981,1,0.025227898731827736,0.003063265699893236,0,0.0052,0.0452
Joel Hofer,STL,8480981,2,0.025220241397619247,0.003063265699893236,0,0.0052,0.0452
Joel Hofer,STL,8480981,3,0.02521737478673458,0.003063265699893236,0,0.0052,0.0452
Joel Hofer,STL,8480981,4,0.02521817572414875,0.003063265699893236,0,0.0052,0.0452
Joel Hofer,STL,8480981,5,0.025217488408088684,0.003063265699893236,0,0.0052,0.0452
Joel Hofer,STL,8480981,6,0.02521827444434166,0.003063265699893236,0,0.0052,0.0452
Joel Hofer,STL,8480981,7,0.025220073759555817,0.003063265699893236,0,0.0052,0.0452
Joel Hofer,STL,8480981,8,0.02521929331123829,0.003063265699893236,0,0.0052,0.0452
Elvis Merzlikins,CBJ,8478007,0,-0.024847639724612236,-0.020480245351791382,0,-0.0448,-0.0048
Elvis Merzlikins,CBJ,8478007,1,-0.02486109919846058,-0.020480245351791382,0,-0.0449,-0.0049
Elvis Merzlikins,CBJ,8478007,2,-0.024868739768862724,-0.020480245351791382,0,-0.0449,-0.0049
Elvis Merzlikins,CBJ,8478007,3,-0.024871619418263435,-0.020480245351791382,0,-0.0449,-0.0049
Elvis Merzlikins,CBJ,8478007,4,-0.02487080544233322,-0.020480245351791382,0,-0.0449,-0.0049
Elvis Merzlikins,CBJ,8478007,5,-0.024871503934264183,-0.020480245351791382,0,-0.0449,-0.0049
Elvis Merzlikins,CBJ,8478007,6,-0.024870702996850014,-0.020480245351791382,0,-0.0449,-0.0049
Elvis Merzlikins,CBJ,8478007,7,-0.0248689167201519,-0.020480245351791382,0,-0.0449,-0.0049
Elvis Merzlikins,CBJ,8478007,8,-0.024869684129953384,-0.020480245351791382,0,-0.0449,-0.0049
Zach Sawchenko,CBJ,8479313,0,0.0003335318760946393,0.0016376435523852706,0,-0.0197,0.0203
Zach Sawchenko,CBJ,8479313,1,0.0003200831124559045,0.0016376435523852706,0,-0.0197,0.0203
Zach Sawchenko,CBJ,8479313,2,0.0003124471986666322,0.0016376435523852706,0,-0.0197,0.0203
Zach Sawchenko,CBJ,8479313,3,0.0003095766296610236,0.0016376435523852706,0,-0.0197,0.0203
Zach Sawchenko,CBJ,8479313,4,0.00031039107125252485,0.0016376435523852706,0,-0.0197,0.0203
Zach Sawchenko,CBJ,8479313,5,0.00030970387160778046,0.0016376435523852706,0,-0.0197,0.0203
Zach Sawchenko,CBJ,8479313,6,0.00031050050165504217,0.0016376435523852706,0,-0.0197,0.0203
Zach Sawchenko,CBJ,8479313,7,0.00031229271553456783,0.0016376435523852706,0,-0.0197,0.0203
Zach Sawchenko,CBJ,8479313,8,0.000311522395350039,0.0016376435523852706,0,-0.0197,0.0203
Logan Thompson,WSH,8480313,0,0.12298337370157242,0.09333504736423492,0,0.103,0.143
Logan Thompson,WSH,8480313,1,0.12296992540359497,0.09333504736423492,0,0.103,0.143
Logan Thompson,WSH,8480313,2,0.12296225130558014,0.09333504736423492,0,0.103,0.143
Logan Thompson,WSH,8480313,3,0.12295940518379211,0.09333504736423492,0,0.103,0.143
Logan Thompson,WSH,8480313,4,0.12296018749475479,0.09333504736423492,0,0.103,0.143
Logan Thompson,WSH,8480313,5,0.12295952439308167,0.09333504736423492,0,0.103,0.143
Logan Thompson,WSH,8480313,6,0.12296029180288315,0.09333504736423492,0,0.103,0.143
Logan Thompson,WSH,8480313,7,0.1229621097445488,0.09333504736423492,0,0.103,0.143
Logan Thompson,WSH,8480313,8,0.12296129763126373,0.09333504736423492,0,0.103,0.143
Petr Mrazek,ANA,8475852,0,-0.051497843116521835,-0.042646169662475586,0,-0.0715,-0.0315
Petr Mrazek,ANA,8475852,1,-0.051511310040950775,-0.042646169662475586,0,-0.0715,-0.0315
Petr Mrazek,ANA,8475852,2,-0.051518943160772324,-0.042646169662475586,0,-0.0715,-0.0315
Petr Mrazek,ANA,8475852,3,-0.05152183771133423,-0.042646169662475586,0,-0.0715,-0.0315
Petr Mrazek,ANA,8475852,4,-0.05152101442217827,-0.042646169662475586,0,-0.0715,-0.0315
Petr Mrazek,ANA,8475852,5,-0.05152171850204468,-0.042646169662475586,0,-0.0715,-0.0315
Petr Mrazek,ANA,8475852,6,-0.05152091756463051,-0.042646169662475586,0,-0.0715,-0.0315
Petr Mrazek,ANA,8475852,7,-0.051519136875867844,-0.042646169662475586,0,-0.0715,-0.0315
Petr Mrazek,ANA,8475852,8,-0.05151990056037903,-0.042646169662475586,0,-0.0715,-0.0315
Ville Husso,ANA,8478024,0,-0.031979482620954514,-0.018005069345235825,0,-0.052,-0.012
Ville Husso,ANA,8478024,1,-0.03190135955810547,-0.018005069345235825,0,-0.0519,-0.0119
Ville Husso,ANA,8478024,2,-0.03181743249297142,-0.018005069345235825,19,-0.0364,-0.0272
Ville Husso,ANA,8478024,3,-0.031766247004270554,-0.018005069345235825,29,-0.0355,-0.0281
Ville Husso,ANA,8478024,4,-0.03176543489098549,-0.018005069345235825,0,-0.0518,-0.0118
Ville Husso,ANA,8478024,5,-0.0317661315202713,-0.018005069345235825,0,-0.0518,-0.0118
Ville Husso,ANA,8478024,6,-0.03176533430814743,-0.018005069345235825,0,-0.0518,-0.0118
Ville Husso,ANA,8478024,7,-0.03176354989409447,-0.018005069345235825,0,-0.0518,-0.0118
Ville Husso,ANA,8478024,8,-0.03176431357860565,-0.018005069345235825,0,-0.0518,-0.0118
Sebastian Cossa,DET,8482657,0,-0.008918041363358498,-0.006880518049001694,0,-0.0289,0.0111
Sebastian Cossa,DET,8482657,1,-0.008931535296142101,-0.006880518049001694,0,-0.0289,0.0111
Sebastian Cossa,DET,8482657,2,-0.008939214050769806,-0.006880518049001694,0,-0.0289,0.0111
Sebastian Cossa,DET,8482657,3,-0.008942117914557457,-0.006880518049001694,0,-0.0289,0.0111
Sebastian Cossa,DET,8482657,4,-0.008941332809627056,-0.006880518049001694,0,-0.0289,0.0111
Sebastian Cossa,DET,8482657,5,-0.008942041546106339,-0.006880518049001694,0,-0.0289,0.0111
Sebastian Cossa,DET,8482657,6,-0.00894126109778881,-0.006880518049001694,0,-0.0289,0.0111
Sebastian Cossa,DET,8482657,7,-0.008939478546380997,-0.006880518049001694,0,-0.0289,0.0111
Sebastian Cossa,DET,8482657,8,-0.008940252475440502,-0.006880518049001694,0,-0.0289,0.0111
8483611,,8483611,0,-0.005354223772883415,-0.004169160034507513,0,-0.0254,0.0146
8483611,,8483611,1,-0.005367726553231478,-0.004169160034507513,0,-0.0254,0.0146
8483611,,8483611,2,-0.00537541089579463,-0.004169160034507513,0,-0.0254,0.0146
8483611,,8483611,3,-0.005378321278840303,-0.004169160034507513,0,-0.0254,0.0146
8483611,,8483611,4,-0.005377541296184063,-0.004169160034507513,0,-0.0254,0.0146
8483611,,8483611,5,-0.005378251895308495,-0.004169160034507513,0,-0.0254,0.0146
8483611,,8483611,6,-0.005377475172281265,-0.004169160034507513,0,-0.0254,0.0146
8483611,,8483611,7,-0.005375692620873451,-0.004169160034507513,0,-0.0254,0.0146
8483611,,8483611,8,-0.005376467946916819,-0.004169160034507513,0,-0.0254,0.0146
Stuart Skinner,PIT,8479973,0,-0.005804923363029957,-0.004290697630494833,36,-0.0091,-0.0025
Stuart Skinner,PIT,8479973,1,-0.0059561822563409805,-0.004290697630494833,68,-0.0084,-0.0036
Stuart Skinner,PIT,8479973,2,-0.005963827483355999,-0.004290697630494833,0,-0.026,0.014
Stuart Skinner,PIT,8479973,3,-0.005966699682176113,-0.004290697630494833,0,-0.026,0.014
Stuart Skinner,PIT,8479973,4,-0.005965892691165209,-0.004290697630494833,0,-0.026,0.014
Stuart Skinner,PIT,8479973,5,-0.005966580472886562,-0.004290697630494833,0,-0.026,0.014
Stuart Skinner,PIT,8479973,6,-0.005965788848698139,-0.004290697630494833,0,-0.026,0.014
Stuart Skinner,PIT,8479973,7,-0.005963995587080717,-0.004290697630494833,0,-0.026,0.014
Stuart Skinner,PIT,8479973,8,-0.005964768584817648,-0.004290697630494833,0,-0.026,0.014
Filip Gustavsson,MIN,8479406,0,0.005153314210474491,0.017379792407155037,0,-0.0148,0.0252
Filip Gustavsson,MIN,8479406,1,0.0050016227178275585,0.017379792407155037,0,-0.015,0.025
Filip Gustavsson,MIN,8479406,2,0.00485574034973979,0.017379792407155037,0,-0.0151,0.0249
Filip Gustavsson,MIN,8479406,3,0.00471462681889534,0.017379792407155037,34,0.0013,0.0081
Filip Gustavsson,MIN,8479406,4,0.0047154356725513935,0.017379792407155037,0,-0.0153,0.0247
Filip Gustavsson,MIN,8479406,5,0.00471474276855588,0.017379792407155037,0,-0.0153,0.0247
Filip Gustavsson,MIN,8479406,6,0.004715540446341038,0.017379792407155037,0,-0.0153,0.0247
Filip Gustavsson,MIN,8479406,7,0.004717324394732714,0.017379792407155037,0,-0.0153,0.0247
Filip Gustavsson,MIN,8479406,8,0.004716560244560242,0.017379792407155037,0,-0.0153,0.0247
Jake Oettinger,DAL,8479979,0,0.03821178525686264,0.035634495317935944,36,0.0349,0.0415
Jake Oettinger,DAL,8479979,1,0.03817454352974892,0.035634495317935944,153,0.0366,0.0398
Jake Oettinger,DAL,8479979,2,0.03802575170993805,0.035634495317935944,70,0.0356,0.0404
Jake Oettinger,DAL,8479979,3,0.03802287206053734,0.035634495317935944,0,0.018,0.058
Jake Oettinger,DAL,8479979,4,0.0380236953496933,0.035634495317935944,0,0.018,0.058
Jake Oettinger,DAL,8479979,5,0.03802298754453659,0.035634495317935944,0,0.018,0.058
Jake Oettinger,DAL,8479979,6,0.038023799657821655,0.035634495317935944,0,0.018,0.058
Jake Oettinger,DAL,8479979,7,0.03802557662129402,0.035634495317935944,0,0.018,0.058
Jake Oettinger,DAL,8479979,8,0.03802482411265373,0.035634495317935944,0,0.018,0.058
Darcy Kuemper,LAK,8475311,0,0.00929992739111185,0.03400680050253868,0,-0.0107,0.0293
Darcy Kuemper,LAK,8475311,1,0.009286466985940933,0.03400680050253868,0,-0.0107,0.0293
Darcy Kuemper,LAK,8475311,2,0.009278827346861362,0.03400680050253868,0,-0.0107,0.0293
Darcy Kuemper,LAK,8475311,3,0.009275950491428375,0.03400680050253868,0,-0.0107,0.0293
Darcy Kuemper,LAK,8475311,4,0.009276757948100567,0.03400680050253868,0,-0.0107,0.0293
Darcy Kuemper,LAK,8475311,5,0.009276071563363075,0.03400680050253868,0,-0.0107,0.0293
Darcy Kuemper,LAK,8475311,6,0.009276863187551498,0.03400680050253868,0,-0.0107,0.0293
Darcy Kuemper,LAK,8475311,7,0.009278656914830208,0.03400680050253868,0,-0.0107,0.0293
Darcy Kuemper,LAK,8475311,8,0.009277882054448128,0.03400680050253868,0,-0.0107,0.0293
8478492,,8478492,0,-0.01066526398062706,-0.009483679197728634,0,-0.0307,0.0093
8478492,,8478492,1,-0.010678730905056,-0.009483679197728634,0,-0.0307,0.0093
8478492,,8478492,2,-0.01068637240678072,-0.009483679197728634,0,-0.0307,0.0093
8478492,,8478492,3,-0.010689258575439453,-0.009483679197728634,0,-0.0307,0.0093
8478492,,8478492,4,-0.01068844459950924,-0.009483679197728634,0,-0.0307,0.0093
8478492,,8478492,5,-0.0106891468167305,-0.009483679197728634,0,-0.0307,0.0093
8478492,,8478492,6,-0.01068834401667118,-0.009483679197728634,0,-0.0307,0.0093
8478492,,8478492,7,-0.010686563327908516,-0.009483679197728634,0,-0.0307,0.0093
8478492,,8478492,8,-0.0106873270124197,-0.009483679197728634,0,-0.0307,0.0093
8478433,,8478433,0,-0.0085489172488451,-0.007364047225564718,0,-0.0285,0.0115
8478433,,8478433,1,-0.008562418632209301,-0.007364047225564718,0,-0.0286,0.0114
8478433,,8478433,2,-0.00857010018080473,-0.007364047225564718,0,-0.0286,0.0114
8478433,,8478433,3,-0.008573008701205254,-0.007364047225564718,0,-0.0286,0.0114
8478433,,8478433,4,-0.008572225458920002,-0.007364047225564718,0,-0.0286,0.0114
8478433,,8478433,5,-0.008572936989367008,-0.007364047225564718,0,-0.0286,0.0114
8478433,,8478433,6,-0.008572159335017204,-0.007364047225564718,0,-0.0286,0.0114
8478433,,8478433,7,-0.00857037678360939,-0.007364047225564718,0,-0.0286,0.0114
8478433,,8478433,8,-0.008571149781346321,-0.007364047225564718,0,-0.0286,0.0114
Linus Ullmark,OTT,8476999,0,0.028676817193627357,0.004257542546838522,52,0.0259,0.0315
Linus Ullmark,OTT,8476999,1,0.02918195351958275,0.004257542546838522,174,0.0277,0.0307
Linus Ullmark,OTT,8476999,2,0.0291743166744709,0.004257542546838522,0,0.0092,0.0492
Linus Ullmark,OTT,8476999,3,0.02917143516242504,0.004257542546838522,0,0.0092,0.0492
Linus Ullmark,OTT,8476999,4,0.029172251001000404,0.004257542546838522,0,0.0092,0.0492
Linus Ullmark,OTT,8476999,5,0.02917156182229519,0.004257542546838522,0,0.0092,0.0492
Linus Ullmark,OTT,8476999,6,0.029172349721193314,0.004257542546838522,0,0.0092,0.0492
Linus Ullmark,OTT,8476999,7,0.029174145311117172,0.004257542546838522,0,0.0092,0.0492
Linus Ullmark,OTT,8476999,8,0.02917337603867054,0.004257542546838522,0,0.0092,0.0492
8474682,,8474682,0,-0.0037994736339896917,-0.0026177631225436926,0,-0.0238,0.0162
8474682,,8474682,1,-0.0038129366002976894,-0.0026177631225436926,0,-0.0238,0.0162
8474682,,8474682,2,-0.003820585086941719,-0.0026177631225436926,0,-0.0238,0.0162
8474682,,8474682,3,-0.0038234665989875793,-0.0026177631225436926,0,-0.0238,0.0162
8474682,,8474682,4,-0.003822661004960537,-0.0026177631225436926,0,-0.0238,0.0162
8474682,,8474682,5,-0.003823355073109269,-0.0026177631225436926,0,-0.0238,0.0162
8474682,,8474682,6,-0.003822563448920846,-0.0026177631225436926,0,-0.0238,0.0162
8474682,,8474682,7,-0.0038207732141017914,-0.0026177631225436926,0,-0.0238,0.0162
8474682,,8474682,8,-0.0038215462118387222,-0.0026177631225436926,0,-0.0238,0.0162
Samuel Ersson,PHI,8481035,0,-0.060213107615709305,-0.0493231825530529,0,-0.0802,-0.0402
Samuel Ersson,PHI,8481035,1,-0.060226574540138245,-0.0493231825530529,0,-0.0802,-0.0402
Samuel Ersson,PHI,8481035,2,-0.06023421511054039,-0.0493231825530529,0,-0.0802,-0.0402
Samuel Ersson,PHI,8481035,3,-0.060237105935811996,-0.0493231825530529,0,-0.0802,-0.0402
Samuel Ersson,PHI,8481035,4,-0.06023629009723663,-0.0493231825530529,0,-0.0802,-0.0402
Samuel Ersson,PHI,8481035,5,-0.06023699417710304,-0.0493231825530529,0,-0.0802,-0.0402
Samuel Ersson,PHI,8481035,6,-0.060236189514398575,-0.0493231825530529,0,-0.0802,-0.0402
Samuel Ersson,PHI,8481035,7,-0.06023441627621651,-0.0493231825530529,0,-0.0802,-0.0402
Samuel Ersson,PHI,8481035,8,-0.0602351613342762,-0.0493231825530529,0,-0.0802,-0.0402
Lukas Dostal,ANA,8480843,0,-0.016683844849467278,0.008494469337165356,0,-0.0367,0.0033
Lukas Dostal,ANA,8480843,1,-0.01740320399403572,0.008494469337165356,168,-0.0189,-0.0159
Lukas Dostal,ANA,8480843,2,-0.017794329673051834,0.008494469337165356,56,-0.0205,-0.0151
Lukas Dostal,ANA,8480843,3,-0.01804720051586628,0.008494469337165356,111,-0.0199,-0.0161
Lukas Dostal,ANA,8480843,4,-0.018220169469714165,0.008494469337165356,90,-0.0203,-0.0161
Lukas Dostal,ANA,8480843,5,-0.018220866098999977,0.008494469337165356,0,-0.0382,0.0018
Lukas Dostal,ANA,8480843,6,-0.018220070749521255,0.008494469337165356,0,-0.0382,0.0018
Lukas Dostal,ANA,8480843,7,-0.018218282610177994,0.008494469337165356,0,-0.0382,0.0018
Lukas Dostal,ANA,8480843,8,-0.018219051882624626,0.008494469337165356,0,-0.0382,0.0018
Alex Lyon,BUF,8479312,0,0.034670453518629074,0.020926598459482193,0,0.0147,0.0547
Alex Lyon,BUF,8479312,1,0.034790344536304474,0.020926598459482193,83,0.0326,0.037
Alex Lyon,BUF,8479312,2,0.03457578644156456,0.020926598459482193,85,0.0324,0.0368
Alex Lyon,BUF,8479312,3,0.0341343879699707,0.020926598459482193,129,0.0323,0.0359
Alex Lyon,BUF,8479312,4,0.033808279782533646,0.020926598459482193,8,0.0267,0.0409
Alex Lyon,BUF,8479312,5,0.03380758315324783,0.020926598459482193,0,0.0138,0.0538
Alex Lyon,BUF,8479312,6,0.033808380365371704,0.020926598459482193,0,0.0138,0.0538
Alex Lyon,BUF,8479312,7,0.033810172230005264,0.020926598459482193,0,0.0138,0.0538
Alex Lyon,BUF,8479312,8,0.033809397369623184,0.020926598459482193,0,0.0138,0.0538
Arvid Soderblom,CHI,8482821,0,-0.02163536474108696,-0.011832640506327152,0,-0.0416,-0.0016
Arvid Soderblom,CHI,8482821,1,-0.021648814901709557,-0.011832640506327152,0,-0.0416,-0.0016
Arvid Soderblom,CHI,8482821,2,-0.021656459197402,-0.011832640506327152,0,-0.0417,-0.0017
Arvid Soderblom,CHI,8482821,3,-0.021659329533576965,-0.011832640506327152,0,-0.0417,-0.0017
Arvid Soderblom,CHI,8482821,4,-0.02165852300822735,-0.011832640506327152,0,-0.0417,-0.0017
Arvid Soderblom,CHI,8482821,5,-0.021659206598997116,-0.011832640506327152,0,-0.0417,-0.0017
Arvid Soderblom,CHI,8482821,6,-0.021658411249518394,-0.011832640506327152,0,-0.0417,-0.0017
Arvid Soderblom,CHI,8482821,7,-0.02165662683546543,-0.011832640506327152,0,-0.0417,-0.0017
Arvid Soderblom,CHI,8482821,8,-0.021657392382621765,-0.011832640506327152,0,-0.0417,-0.0017
Cam Talbot,DET,8475660,0,-0.029246849939227104,-0.009745479561388493,0,-0.0492,-0.0092
Cam Talbot,DET,8475660,1,-0.029260313138365746,-0.009745479561388493,0,-0.0493,-0.0093
Cam Talbot,DET,8475660,2,-0.029267942532896996,-0.009745479561388493,0,-0.0493,-0.0093
Cam Talbot,DET,8475660,3,-0.029270829632878304,-0.009745479561388493,0,-0.0493,-0.0093
Cam Talbot,DET,8475660,4,-0.029270000755786896,-0.009745479561388493,0,-0.0493,-0.0093
Cam Talbot,DET,8475660,5,-0.029270702973008156,-0.009745479561388493,0,-0.0493,-0.0093
Cam Talbot,DET,8475660,6,-0.02926989458501339,-0.009745479561388493,0,-0.0493,-0.0093
Cam Talbot,DET,8475660,7,-0.029268117621541023,-0.009745479561388493,0,-0.0493,-0.0093
Cam Talbot,DET,8475660,8,-0.02926887571811676,-0.009745479561388493,0,-0.0493,-0.0093
Daniil Tarasov,FLA,8480193,0,-0.022293616086244583,-0.02421163022518158,0,-0.0423,-0.0023
Daniil Tarasov,FLA,8480193,1,-0.022307075560092926,-0.02421163022518158,0,-0.0423,-0.0023
Daniil Tarasov,FLA,8480193,2,-0.02231471799314022,-0.02421163022518158,0,-0.0423,-0.0023
Daniil Tarasov,FLA,8480193,3,-0.022317593917250633,-0.02421163022518158,0,-0.0423,-0.0023
Daniil Tarasov,FLA,8480193,4,-0.022316783666610718,-0.02421163022518158,0,-0.0423,-0.0023
Daniil Tarasov,FLA,8480193,5,-0.022317474707961082,-0.02421163022518158,0,-0.0423,-0.0023
Daniil Tarasov,FLA,8480193,6,-0.02231668308377266,-0.02421163022518158,0,-0.0423,-0.0023
Daniil Tarasov,FLA,8480193,7,-0.0223148874938488,-0.02421163022518158,0,-0.0423,-0.0023
Daniil Tarasov,FLA,8480193,8,-0.02231566794216633,-0.02421163022518158,0,-0.0423,-0.0023
Charlie Lindgren,WSH,8479292,0,-0.02458481676876545,-0.010925107635557652,0,-0.0446,-0.0046
Charlie Lindgren,WSH,8479292,1,-0.024598272517323494,-0.010925107635557652,0,-0.0446,-0.0046
Charlie Lindgren,WSH,8479292,2,-0.024605922400951385,-0.010925107635557652,0,-0.0446,-0.0046
Charlie Lindgren,WSH,8479292,3,-0.0246087945997715,-0.010925107635557652,0,-0.0446,-0.0046
Charlie Lindgren,WSH,8479292,4,-0.02460799179971218,-0.010925107635557652,0,-0.0446,-0.0046
Charlie Lindgren,WSH,8479292,5,-0.024608679115772247,-0.010925107635557652,0,-0.0446,-0.0046
Charlie Lindgren,WSH,8479292,6,-0.024607893079519272,-0.010925107635557652,0,-0.0446,-0.0046
Charlie Lindgren,WSH,8479292,7,-0.024606097489595413,-0.010925107635557652,0,-0.0446,-0.0046
Charlie Lindgren,WSH,8479292,8,-0.024606872349977493,-0.010925107635557652,0,-0.0446,-0.0046
8483805,,8483805,0,-0.000628003035672009,0.0005530584021471441,0,-0.0206,0.0194
8483805,,8483805,1,-0.0006414582603611052,0.0005530584021471441,0,-0.0206,0.0194
8483805,,8483805,2,-0.0006491002859547734,0.0005530584021471441,0,-0.0206,0.0194
8483805,,8483805,3,-0.0006519758608192205,0.0005530584021471441,0,-0.0207,0.0193
8483805,,8483805,4,-0.0006511653191410005,0.0005530584021471441,0,-0.0207,0.0193
8483805,,8483805,5,-0.0006518560112453997,0.0005530584021471441,0,-0.0207,0.0193
8483805,,8483805,6,-0.0006510612438432872,0.0005530584021471441,0,-0.0207,0.0193
8483805,,8483805,7,-0.0006492704851552844,0.0005530584021471441,0,-0.0206,0.0194
8483805,,8483805,8,-0.0006500415038317442,0.0005530584021471441,0,-0.0207,0.0193
Frederik Andersen,CAR,8475883,0,0.028825633227825165,0.01999361254274845,36,0.0255,0.0321
Frederik Andersen,CAR,8475883,1,0.029163815081119537,0.01999361254274845,142,0.0275,0.0309
Frederik Andersen,CAR,8475883,2,0.028898272663354874,0.01999361254274845,29,0.0252,0.0326
Frederik Andersen,CAR,8475883,3,0.028451185673475266,0.01999361254274845,101,0.0265,0.0305
Frederik Andersen,CAR,8475883,4,0.027764173224568367,0.01999361254274845,0,0.0078,0.0478
Frederik Andersen,CAR,8475883,5,0.02707567624747753,0.01999361254274845,49,0.0242,0.03
Frederik Andersen,CAR,8475883,6,0.026670701801776886,0.01999361254274845,28,0.0229,0.0305
Frederik Andersen,CAR,8475883,7,0.02629048004746437,0.01999361254274845,99,0.0243,0.0283
Frederik Andersen,CAR,8475883,8,0.02628970704972744,0.01999361254274845,0,0.0063,0.0463
Alexandar Georgiev,,8480382,0,-0.05801164358854294,-0.05652448907494545,0,-0.078,-0.038
Alexandar Georgiev,,8480382,1,-0.05802511051297188,-0.05652448907494545,0,-0.078,-0.038
Alexandar Georgiev,,8480382,2,-0.05803275108337402,-0.05652448907494545,0,-0.078,-0.038
Alexandar Georgiev,,8480382,3,-0.05803563818335533,-0.05652448907494545,0,-0.078,-0.038
Alexandar Georgiev,,8480382,4,-0.05803482234477997,-0.05652448907494545,0,-0.078,-0.038
Alexandar Georgiev,,8480382,5,-0.05803552642464638,-0.05652448907494545,0,-0.078,-0.038
Alexandar Georgiev,,8480382,6,-0.05803472548723221,-0.05652448907494545,0,-0.078,-0.038
Alexandar Georgiev,,8480382,7,-0.058032941073179245,-0.05652448907494545,0,-0.078,-0.038
Alexandar Georgiev,,8480382,8,-0.05803370475769043,-0.05652448907494545,0,-0.078,-0.038
8480867,,8480867,0,-0.001125256298109889,5.624814730254002e-05,0,-0.0211,0.0189
8480867,,8480867,1,-0.0011387165868654847,5.624814730254002e-05,0,-0.0211,0.0189
8480867,,8480867,2,-0.0011463634436950088,5.624814730254002e-05,0,-0.0211,0.0189
8480867,,8480867,3,-0.0011492426274344325,5.624814730254002e-05,0,-0.0211,0.0189
8480867,,8480867,4,-0.0011484354035928845,5.624814730254002e-05,0,-0.0211,0.0189
8480867,,8480867,5,-0.0011491284240037203,5.624814730254002e-05,0,-0.0211,0.0189
8480867,,8480867,6,-0.0011483357520774007,5.624814730254002e-05,0,-0.0211,0.0189
8480867,,8480867,7,-0.0011465457500889897,5.624814730254002e-05,0,-0.0211,0.0189
8480867,,8480867,8,-0.0011473172344267368,5.624814730254002e-05,0,-0.0211,0.0189
8484835,,8484835,0,0.0022204620763659477,0.0033998836297541857,0,-0.0178,0.0222
8484835,,8484835,1,0.002207027981057763,0.0033998836297541857,0,-0.0178,0.0222
8484835,,8484835,2,0.0021994016133248806,0.0033998836297541857,0,-0.0178,0.0222
8484835,,8484835,3,0.002196541056036949,0.0033998836297541857,0,-0.0178,0.0222
8484835,,8484835,4,0.0021973634138703346,0.0033998836297541857,0,-0.0178,0.0222
8484835,,8484835,5,0.0021966821514070034,0.0033998836297541857,0,-0.0178,0.0222
8484835,,8484835,6,0.0021974826231598854,0.0033998836297541857,0,-0.0178,0.0222
8484835,,8484835,7,0.002199278213083744,0.0033998836297541857,0,-0.0178,0.0222
8484835,,8484835,8,0.0021985075436532497,0.0033998836297541857,0,-0.0178,0.0222
Marc-Andre Fleury,,8470594,0,-0.012796198017895222,-0.011859947815537453,0,-0.0328,0.0072
Marc-Andre Fleury,,8470594,1,-0.012809664011001587,-0.011859947815537453,0,-0.0328,0.0072
Marc-Andre Fleury,,8470594,2,-0.012817318551242352,-0.011859947815537453,0,-0.0328,0.0072
Marc-Andre Fleury,,8470594,3,-0.012820199131965637,-0.011859947815537453,0,-0.0328,0.0072
Marc-Andre Fleury,,8470594,4,-0.012819398194551468,-0.011859947815537453,0,-0.0328,0.0072
Marc-Andre Fleury,,8470594,5,-0.012820092961192131,-0.011859947815537453,0,-0.0328,0.0072
Marc-Andre Fleury,,8470594,6,-0.012819304130971432,-0.011859947815537453,0,-0.0328,0.0072
Marc-Andre Fleury,,8470594,7,-0.012817511335015297,-0.011859947815537453,0,-0.0328,0.0072
Marc-Andre Fleury,,8470594,8,-0.012818286195397377,-0.011859947815537453,0,-0.0328,0.0072
Connor Hellebuyck,WPG,8476945,0,0.007457173429429531,0.028806760907173157,0,-0.0125,0.0275
Connor Hellebuyck,WPG,8476945,1,0.007443718146532774,0.028806760907173157,0,-0.0126,0.0274
Connor Hellebuyck,WPG,8476945,2,0.0074360789731144905,0.028806760907173157,0,-0.0126,0.0274
Connor Hellebuyck,WPG,8476945,3,0.007433201652020216,0.028806760907173157,0,-0.0126,0.0274
Connor Hellebuyck,WPG,8476945,4,0.007434012368321419,0.028806760907173157,0,-0.0126,0.0274
Connor Hellebuyck,WPG,8476945,5,0.007433322723954916,0.028806760907173157,0,-0.0126,0.0274
Connor Hellebuyck,WPG,8476945,6,0.007434115745127201,0.028806760907173157,0,-0.0126,0.0274
Connor Hellebuyck,WPG,8476945,7,0.007435909006744623,0.028806760907173157,0,-0.0126,0.0274
Connor Hellebuyck,WPG,8476945,8,0.007435136009007692,0.028806760907173157,0,-0.0126,0.0274
Thomas Milic,WPG,8483114,0,-0.005591444671154022,-0.002804120071232319,0,-0.0256,0.0144
Thomas Milic,WPG,8483114,1,-0.005604924634099007,-0.002804120071232319,0,-0.0256,0.0144
Thomas Milic,WPG,8483114,2,-0.005612591747194529,-0.002804120071232319,0,-0.0256,0.0144
Thomas Milic,WPG,8483114,3,-0.005615484435111284,-0.002804120071232319,0,-0.0256,0.0144
Thomas Milic,WPG,8483114,4,-0.005614690948277712,-0.002804120071232319,0,-0.0256,0.0144
Thomas Milic,WPG,8483114,5,-0.005615392234176397,-0.002804120071232319,0,-0.0256,0.0144
Thomas Milic,WPG,8483114,6,-0.005614607594907284,-0.002804120071232319,0,-0.0256,0.0144
Thomas Milic,WPG,8483114,7,-0.005612820386886597,-0.002804120071232319,0,-0.0256,0.0144
Thomas Milic,WPG,8483114,8,-0.0056135947816073895,-0.002804120071232319,0,-0.0256,0.0144
Adin Hill,VGK,8478499,0,-0.04139067232608795,-0.017768392339348793,0,-0.0614,-0.0214
Adin Hill,VGK,8478499,1,-0.0414041206240654,-0.017768392339348793,0,-0.0614,-0.0214
Adin Hill,VGK,8478499,2,-0.04141177237033844,-0.017768392339348793,0,-0.0614,-0.0214
Adin Hill,VGK,8478499,3,-0.041414644569158554,-0.017768392339348793,0,-0.0614,-0.0214
Adin Hill,VGK,8478499,4,-0.04141383245587349,-0.017768392339348793,0,-0.0614,-0.0214
Adin Hill,VGK,8478499,5,-0.041414525359869,-0.017768392339348793,0,-0.0614,-0.0214
Adin Hill,VGK,8478499,6,-0.041413724422454834,-0.017768392339348793,0,-0.0614,-0.0214
Adin Hill,VGK,8478499,7,-0.041411932557821274,-0.017768392339348793,0,-0.0614,-0.0214
Adin Hill,VGK,8478499,8,-0.041412703692913055,-0.017768392339348793,0,-0.0614,-0.0214
Jaxson Stauber,UTA,8483530,0,-0.0157571230083704,-0.013761069625616074,0,-0.0358,0.0042
Jaxson Stauber,UTA,8483530,1,-0.015770629048347473,-0.013761069625616074,0,-0.0358,0.0042
Jaxson Stauber,UTA,8483530,2,-0.0157783180475235,-0.013761069625616074,0,-0.0358,0.0042
Jaxson Stauber,UTA,8483530,3,-0.015781234949827194,-0.013761069625616074,0,-0.0358,0.0042
Jaxson Stauber,UTA,8483530,4,-0.015780452638864517,-0.013761069625616074,0,-0.0358,0.0042
Jaxson Stauber,UTA,8483530,5,-0.01578117161989212,-0.013761069625616074,0,-0.0358,0.0042
Jaxson Stauber,UTA,8483530,6,-0.01578039489686489,-0.013761069625616074,0,-0.0358,0.0042
Jaxson Stauber,UTA,8483530,7,-0.015778612345457077,-0.013761069625616074,0,-0.0358,0.0042
Jaxson Stauber,UTA,8483530,8,-0.015779390931129456,-0.013761069625616074,0,-0.0358,0.0042
Kevin Lankinen,VAN,8480947,0,-0.056224290281534195,-0.023406725376844406,0,-0.0762,-0.0362
Kevin Lankinen,VAN,8480947,1,-0.05623774230480194,-0.023406725376844406,0,-0.0762,-0.0362
Kevin Lankinen,VAN,8480947,2,-0.056245386600494385,-0.023406725376844406,0,-0.0762,-0.0362
Kevin Lankinen,VAN,8480947,3,-0.0562482587993145,-0.023406725376844406,0,-0.0762,-0.0362
Kevin Lankinen,VAN,8480947,4,-0.056247442960739136,-0.023406725376844406,0,-0.0762,-0.0362
Kevin Lankinen,VAN,8480947,5,-0.05624813586473465,-0.023406725376844406,0,-0.0762,-0.0362
Kevin Lankinen,VAN,8480947,6,-0.05624734237790108,-0.023406725376844406,0,-0.0762,-0.0362
Kevin Lankinen,VAN,8480947,7,-0.05624553933739662,-0.023406725376844406,0,-0.0762,-0.0362
Kevin Lankinen,VAN,8480947,8,-0.0562463141977787,-0.023406725376844406,0,-0.0762,-0.0362
Spencer Martin,NYR,8477484,0,-0.03706289082765579,-0.029631756246089935,0,-0.0571,-0.0171
Spencer Martin,NYR,8477484,1,-0.03707638755440712,-0.029631756246089935,0,-0.0571,-0.0171
Spencer Martin,NYR,8477484,2,-0.03708406165242195,-0.029631756246089935,0,-0.0571,-0.0171
Spencer Martin,NYR,8477484,3,-0.03708697855472565,-0.029631756246089935,0,-0.0571,-0.0171
Spencer Martin,NYR,8477484,4,-0.03708617761731148,-0.029631756246089935,0,-0.0571,-0.0171
Spencer Martin,NYR,8477484,5,-0.03708690032362938,-0.029631756246089935,0,-0.0571,-0.0171
Spencer Martin,NYR,8477484,6,-0.03708610311150551,-0.029631756246089935,0,-0.0571,-0.0171
Spencer Martin,NYR,8477484,7,-0.03708433359861374,-0.029631756246089935,0,-0.0571,-0.0171
Spencer Martin,NYR,8477484,8,-0.03708510100841522,-0.029631756246089935,0,-0.0571,-0.0171
Jonas Johansson,TBL,8477992,0,-0.021652495488524437,-0.010867154225707054,0,-0.0417,-0.0017
Jonas Johansson,TBL,8477992,1,-0.02166595496237278,-0.010867154225707054,0,-0.0417,-0.0017
Jonas Johansson,TBL,8477992,2,-0.021673601120710373,-0.010867154225707054,0,-0.0417,-0.0017
Jonas Johansson,TBL,8477992,3,-0.021676478907465935,-0.010867154225707054,0,-0.0417,-0.0017
Jonas Johansson,TBL,8477992,4,-0.021675676107406616,-0.010867154225707054,0,-0.0417,-0.0017
Jonas Johansson,TBL,8477992,5,-0.02167636528611183,-0.010867154225707054,0,-0.0417,-0.0017
Jonas Johansson,TBL,8477992,6,-0.02167557366192341,-0.010867154225707054,0,-0.0417,-0.0017
Jonas Johansson,TBL,8477992,7,-0.021673787385225296,-0.010867154225707054,0,-0.0417,-0.0017
Jonas Johansson,TBL,8477992,8,-0.02167455106973648,-0.010867154225707054,0,-0.0417,-0.0017
Juuse Saros,NSH,8477424,0,-0.021564260125160217,-0.016799693927168846,0,-0.0416,-0.0016
Juuse Saros,NSH,8477424,1,-0.02157772146165371,-0.016799693927168846,0,-0.0416,-0.0016
Juuse Saros,NSH,8477424,2,-0.021585358306765556,-0.016799693927168846,0,-0.0416,-0.0016
Juuse Saros,NSH,8477424,3,-0.021588236093521118,-0.016799693927168846,0,-0.0416,-0.0016
Juuse Saros,NSH,8477424,4,-0.02158743143081665,-0.016799693927168846,0,-0.0416,-0.0016
Juuse Saros,NSH,8477424,5,-0.02158811315894127,-0.016799693927168846,0,-0.0416,-0.0016
Juuse Saros,NSH,8477424,6,-0.021587327122688293,-0.016799693927168846,0,-0.0416,-0.0016
Juuse Saros,NSH,8477424,7,-0.021585533395409584,-0.016799693927168846,0,-0.0416,-0.0016
Juuse Saros,NSH,8477424,8,-0.021586304530501366,-0.016799693927168846,0,-0.0416,-0.0016
Nikita Tolopilo,VAN,8484268,0,-0.008617849089205265,0.0009808047907426953,0,-0.0286,0.0114
Nikita Tolopilo,VAN,8484268,1,-0.008631303906440735,0.0009808047907426953,0,-0.0286,0.0114
Nikita Tolopilo,VAN,8484268,2,-0.008638943545520306,0.0009808047907426953,0,-0.0286,0.0114
Nikita Tolopilo,VAN,8484268,3,-0.008641820400953293,0.0009808047907426953,0,-0.0286,0.0114
Nikita Tolopilo,VAN,8484268,4,-0.008641007356345654,0.0009808047907426953,0,-0.0286,0.0114
Nikita Tolopilo,VAN,8484268,5,-0.008641699329018593,0.0009808047907426953,0,-0.0286,0.0114
Nikita Tolopilo,VAN,8484268,6,-0.008640903048217297,0.0009808047907426953,0,-0.0286,0.0114
Nikita Tolopilo,VAN,8484268,7,-0.008639112114906311,0.0009808047907426953,0,-0.0286,0.0114
Nikita Tolopilo,VAN,8484268,8,-0.008639883249998093,0.0009808047907426953,0,-0.0286,0.0114
Karel Vejmelka,UTA,8478872,0,0.018782751634716988,0.014503639191389084,49,0.0159,0.0217
Karel Vejmelka,UTA,8478872,1,0.018641147762537003,0.014503639191389084,89,0.0165,0.0207
Karel Vejmelka,UTA,8478872,2,0.018330169841647148,0.014503639191389084,157,0.0167,0.0199
Karel Vejmelka,UTA,8478872,3,0.018327288329601288,0.014503639191389084,0,-0.0017,0.0383
Karel Vejmelka,UTA,8478872,4,0.01832810416817665,0.014503639191389084,0,-0.0017,0.0383
Karel Vejmelka,UTA,8478872,5,0.01832740567624569,0.014503639191389084,0,-0.0017,0.0383
Karel Vejmelka,UTA,8478872,6,0.01832820475101471,0.014503639191389084,0,-0.0017,0.0383
Karel Vejmelka,UTA,8478872,7,0.018329991027712822,0.014503639191389084,0,-0.0017,0.0383
Karel Vejmelka,UTA,8478872,8,0.01832922175526619,0.014503639191389084,0,-0.0017,0.0383
8475789,,8475789,0,0.00022050552070140839,0.0014012643368914723,0,-0.0198,0.0202
8475789,,8475789,1,0.00020705349743366241,0.0014012643368914723,0,-0.0198,0.0202
8475789,,8475789,2,0.0001994149060919881,0.0014012643368914723,0,-0.0198,0.0202
8475789,,8475789,3,0.00019654154311865568,0.0014012643368914723,0,-0.0198,0.0202
8475789,,8475789,4,0.00019735482055693865,0.0014012643368914723,0,-0.0198,0.0202
8475789,,8475789,5,0.0001966652926057577,0.0014012643368914723,0,-0.0198,0.0202
8475789,,8475789,6,0.00019746157340705395,0.0014012643368914723,0,-0.0198,0.0202
8475789,,8475789,7,0.000199252855964005,0.0014012643368914723,0,-0.0198,0.0202
8475789,,8475789,8,0.0001984823029488325,0.0014012643368914723,0,-0.0198,0.0202
8479609,,8479609,0,0.004793500527739525,0.005971875507384539,0,-0.0152,0.0248
8479609,,8479609,1,0.004780076444149017,0.005971875507384539,0,-0.0152,0.0248
8479609,,8479609,2,0.004772462882101536,0.005971875507384539,0,-0.0152,0.0248
8479609,,8479609,3,0.004769610241055489,0.005971875507384539,0,-0.0152,0.0248
8479609,,8479609,4,0.004770440049469471,0.005971875507384539,0,-0.0152,0.0248
8479609,,8479609,5,0.004769764840602875,0.005971875507384539,0,-0.0152,0.0248
8479609,,8479609,6,0.004770570434629917,0.005971875507384539,0,-0.0152,0.0248
8479609,,8479609,7,0.004772367887198925,0.005971875507384539,0,-0.0152,0.0248
8479609,,8479609,8,0.004771598149091005,0.005971875507384539,0,-0.0152,0.0248
Aleksei Kolosov,PHI,8482783,0,-0.04133825749158859,-0.034253861755132675,0,-0.0613,-0.0213
Aleksei Kolosov,PHI,8482783,1,-0.041351743042469025,-0.034253861755132675,0,-0.0614,-0.0214
Aleksei Kolosov,PHI,8482783,2,-0.041359420865774155,-0.034253861755132675,0,-0.0614,-0.0214
Aleksei Kolosov,PHI,8482783,3,-0.041362326592206955,-0.034253861755132675,0,-0.0614,-0.0214
Aleksei Kolosov,PHI,8482783,4,-0.041361529380083084,-0.034253861755132675,0,-0.0614,-0.0214
Aleksei Kolosov,PHI,8482783,5,-0.04136224091053009,-0.034253861755132675,0,-0.0614,-0.0214
Aleksei Kolosov,PHI,8482783,6,-0.041361454874277115,-0.034253861755132675,0,-0.0614,-0.0214
Aleksei Kolosov,PHI,8482783,7,-0.04135966673493385,-0.034253861755132675,0,-0.0614,-0.0214
Aleksei Kolosov,PHI,8482783,8,-0.04136045277118683,-0.034253861755132675,0,-0.0614,-0.0214
Tristan Jarry,EDM,8477465,0,-0.041003406047821045,-0.024040689691901207,0,-0.061,-0.021
Tristan Jarry,EDM,8477465,1,-0.0410677045583725,-0.024040689691901207,51,-0.0439,-0.0383
Tristan Jarry,EDM,8477465,2,-0.04107534512877464,-0.024040689691901207,0,-0.0611,-0.0211
Tristan Jarry,EDM,8477465,3,-0.04107821732759476,-0.024040689691901207,0,-0.0611,-0.0211
Tristan Jarry,EDM,8477465,4,-0.04107741266489029,-0.024040689691901207,0,-0.0611,-0.0211
Tristan Jarry,EDM,8477465,5,-0.04107809439301491,-0.024040689691901207,0,-0.0611,-0.0211
Tristan Jarry,EDM,8477465,6,-0.041077304631471634,-0.024040689691901207,0,-0.0611,-0.0211
Tristan Jarry,EDM,8477465,7,-0.041075512766838074,-0.024040689691901207,0,-0.0611,-0.0211
Tristan Jarry,EDM,8477465,8,-0.04107627272605896,-0.024040689691901207,0,-0.0611,-0.0211
Isaac Poulter,WPG,8483659,0,-0.011370975524187088,-0.010049629956483841,0,-0.0314,0.0086
Isaac Poulter,WPG,8483659,1,-0.011384494602680206,-0.010049629956483841,0,-0.0314,0.0086
Isaac Poulter,WPG,8483659,2,-0.011392194777727127,-0.010049629956483841,0,-0.0314,0.0086
Isaac Poulter,WPG,8483659,3,-0.01139511726796627,-0.010049629956483841,0,-0.0314,0.0086
Isaac Poulter,WPG,8483659,4,-0.011394345201551914,-0.010049629956483841,0,-0.0314,0.0086
Isaac Poulter,WPG,8483659,5,-0.011395066976547241,-0.010049629956483841,0,-0.0314,0.0086
Isaac Poulter,WPG,8483659,6,-0.01139429397881031,-0.010049629956483841,0,-0.0314,0.0086
Isaac Poulter,WPG,8483659,7,-0.011392517015337944,-0.010049629956483841,0,-0.0314,0.0086
Isaac Poulter,WPG,8483659,8,-0.01139329094439745,-0.010049629956483841,0,-0.0314,0.0086
8483426,,8483426,0,-0.002216339111328125,-0.0010338783031329513,0,-0.0222,0.0178
8483426,,8483426,1,-0.002229811158031225,-0.0010338783031329513,0,-0.0222,0.0178
8483426,,8483426,2,-0.0022374680265784264,-0.0010338783031329513,0,-0.0222,0.0178
8483426,,8483426,3,-0.0022403551265597343,-0.0010338783031329513,0,-0.0222,0.0178
8483426,,8483426,4,-0.0022395553532987833,-0.0010338783031329513,0,-0.0222,0.0178
8483426,,8483426,5,-0.0022402529139071703,-0.0010338783031329513,0,-0.0222,0.0178
8483426,,8483426,6,-0.002239464782178402,-0.0010338783031329513,0,-0.0222,0.0178
8483426,,8483426,7,-0.0022376766428351402,-0.0010338783031329513,0,-0.0222,0.0178
8483426,,8483426,8,-0.0022384491749107838,-0.0010338783031329513,0,-0.0222,0.0178
Drew Commesso,CHI,8482123,0,-0.00012521911412477493,-0.001477363402955234,0,-0.0201,0.0199
Drew Commesso,CHI,8482123,1,-0.00013869209215044975,-0.001477363402955234,0,-0.0201,0.0199
Drew Commesso,CHI,8482123,2,-0.00014634954277426004,-0.001477363402955234,0,-0.0201,0.0199
Drew Commesso,CHI,8482123,3,-0.00014923815615475178,-0.001477363402955234,0,-0.0201,0.0199
Drew Commesso,CHI,8482123,4,-0.00014843803364783525,-0.001477363402955234,0,-0.0201,0.0199
Drew Commesso,CHI,8482123,5,-0.00014913734048604965,-0.001477363402955234,0,-0.0201,0.0199
Drew Commesso,CHI,8482123,6,-0.00014834839385002851,-0.001477363402955234,0,-0.0201,0.0199
Drew Commesso,CHI,8482123,7,-0.0001465615350753069,-0.001477363402955234,0,-0.0201,0.0199
Drew Commesso,CHI,8482123,8,-0.000147333019413054,-0.001477363402955234,0,-0.0201,0.0199
Andrei Vasilevskiy,TBL,8476883,0,0.0830354169011116,0.05674681439995766,29,0.0793,0.0867
Andrei Vasilevskiy,TBL,8476883,1,0.08330276608467102,0.05674681439995766,111,0.0814,0.0852
Andrei Vasilevskiy,TBL,8476883,2,0.08351202309131622,0.05674681439995766,107,0.0816,0.0854
Andrei Vasilevskiy,TBL,8476883,3,0.08350913226604462,0.05674681439995766,0,0.0635,0.1035
Andrei Vasilevskiy,TBL,8476883,4,0.08350993692874908,0.05674681439995766,0,0.0635,0.1035
Andrei Vasilevskiy,TBL,8476883,5,0.08350924402475357,0.05674681439995766,0,0.0635,0.1035
Andrei Vasilevskiy,TBL,8476883,6,0.08351005613803864,0.05674681439995766,0,0.0635,0.1035
Andrei Vasilevskiy,TBL,8476883,7,0.0835118219256401,0.05674681439995766,0,0.0635,0.1035
Andrei Vasilevskiy,TBL,8476883,8,0.08351107686758041,0.05674681439995766,0,0.0635,0.1035
8484293,,8484293,0,-0.007670670747756958,-0.006484656594693661,0,-0.0277,0.0123
8484293,,8484293,1,-0.007684183772653341,-0.006484656594693661,0,-0.0277,0.0123
8484293,,8484293,2,-0.007691878359764814,-0.006484656594693661,0,-0.0277,0.0123
8484293,,8484293,3,-0.007694796193391085,-0.006484656594693661,0,-0.0277,0.0123
8484293,,8484293,4,-0.0076940227299928665,-0.006484656594693661,0,-0.0277,0.0123
8484293,,8484293,5,-0.007694738917052746,-0.006484656594693661,0,-0.0277,0.0123
8484293,,8484293,6,-0.007693965919315815,-0.006484656594693661,0,-0.0277,0.0123
8484293,,8484293,7,-0.007692186161875725,-0.006484656594693661,0,-0.0277,0.0123
8484293,,8484293,8,-0.007692962419241667,-0.006484656594693661,0,-0.0277,0.0123
Jeremy Swayman,BOS,8480280,0,0.04525265097618103,0.013979535549879074,54,0.0426,0.048
Jeremy Swayman,BOS,8480280,1,0.04533304646611214,0.013979535549879074,143,0.0436,0.047
Jeremy Swayman,BOS,8480280,2,0.04550795257091522,0.013979535549879074,90,0.0434,0.0476
Jeremy Swayman,BOS,8480280,3,0.045505065470933914,0.013979535549879074,0,0.0255,0.0655
Jeremy Swayman,BOS,8480280,4,0.045505888760089874,0.013979535549879074,0,0.0255,0.0655
Jeremy Swayman,BOS,8480280,5,0.04550518840551376,0.013979535549879074,0,0.0255,0.0655
Jeremy Swayman,BOS,8480280,6,0.045505981892347336,0.013979535549879074,0,0.0255,0.0655
Jeremy Swayman,BOS,8480280,7,0.045507777482271194,0.013979535549879074,0,0.0255,0.0655
Jeremy Swayman,BOS,8480280,8,0.04550700634717941,0.013979535549879074,0,0.0255,0.0655
James Reimer,OTT,8473503,0,0.007151113823056221,0.00760009465739131,0,-0.0128,0.0272
James Reimer,OTT,8473503,1,0.007137662265449762,0.00760009465739131,0,-0.0129,0.0271
James Reimer,OTT,8473503,2,0.007130020298063755,0.00760009465739131,0,-0.0129,0.0271
James Reimer,OTT,8473503,3,0.00712714483961463,0.00760009465739131,0,-0.0129,0.0271
James Reimer,OTT,8473503,4,0.0071279555559158325,0.00760009465739131,0,-0.0129,0.0271
James Reimer,OTT,8473503,5,0.007127267774194479,0.00760009465739131,0,-0.0129,0.0271
James Reimer,OTT,8473503,6,0.0071280598640441895,0.00760009465739131,0,-0.0129,0.0271
James Reimer,OTT,8473503,7,0.0071298531256616116,0.00760009465739131,0,-0.0129,0.0271
James Reimer,OTT,8473503,8,0.007129079196602106,0.00760009465739131,0,-0.0129,0.0271
Ilya Sorokin,NYI,8478009,0,0.06026708334684372,0.04465771093964577,0,0.0403,0.0803
Ilya Sorokin,NYI,8478009,1,0.06025363877415657,0.04465771093964577,0,0.0403,0.0803
Ilya Sorokin,NYI,8478009,2,0.06024599075317383,0.04465771093964577,0,0.0402,0.0802
Ilya Sorokin,NYI,8478009,3,0.060243118554353714,0.04465771093964577,0,0.0402,0.0802
Ilya Sorokin,NYI,8478009,4,0.06024392694234848,0.04465771093964577,0,0.0402,0.0802
Ilya Sorokin,NYI,8478009,5,0.06024324521422386,0.04465771093964577,0,0.0402,0.0802
Ilya Sorokin,NYI,8478009,6,0.060244034975767136,0.04465771093964577,0,0.0402,0.0802
Ilya Sorokin,NYI,8478009,7,0.06024583429098129,0.04465771093964577,0,0.0402,0.0802
Ilya Sorokin,NYI,8478009,8,0.06024505943059921,0.04465771093964577,0,0.0402,0.0802
David Rittich,NYI,8479496,0,-0.002581613603979349,-0.008662482723593712,0,-0.0226,0.0174
David Rittich,NYI,8479496,1,-0.0025950726121664047,-0.008662482723593712,0,-0.0226,0.0174
David Rittich,NYI,8479496,2,-0.0026027183048427105,-0.008662482723593712,0,-0.0226,0.0174
David Rittich,NYI,8479496,3,-0.0026055960915982723,-0.008662482723593712,0,-0.0226,0.0174
David Rittich,NYI,8479496,4,-0.0026047879364341497,-0.008662482723593712,0,-0.0226,0.0174
David Rittich,NYI,8479496,5,-0.0026054801419377327,-0.008662482723593712,0,-0.0226,0.0174
David Rittich,NYI,8479496,6,-0.0026046866551041603,-0.008662482723593712,0,-0.0226,0.0174
David Rittich,NYI,8479496,7,-0.0026028966531157494,-0.008662482723593712,0,-0.0226,0.0174
David Rittich,NYI,8479496,8,-0.002603667788207531,-0.008662482723593712,0,-0.0226,0.0174
Pheonix Copley,LAK,8477831,0,-0.0066146282479166985,-0.004219898954033852,0,-0.0266,0.0134
Pheonix Copley,LAK,8477831,1,-0.006628123112022877,-0.004219898954033852,0,-0.0266,0.0134
Pheonix Copley,LAK,8477831,2,-0.0066357990726828575,-0.004219898954033852,0,-0.0266,0.0134
Pheonix Copley,LAK,8477831,3,-0.006638704799115658,-0.004219898954033852,0,-0.0266,0.0134
Pheonix Copley,LAK,8477831,4,-0.006637916900217533,-0.004219898954033852,0,-0.0266,0.0134
Pheonix Copley,LAK,8477831,5,-0.006638627499341965,-0.004219898954033852,0,-0.0266,0.0134
Pheonix Copley,LAK,8477831,6,-0.0066378433257341385,-0.004219898954033852,0,-0.0266,0.0134
Pheonix Copley,LAK,8477831,7,-0.006636063568294048,-0.004219898954033852,0,-0.0266,0.0134
Pheonix Copley,LAK,8477831,8,-0.00663683470338583,-0.004219898954033852,0,-0.0266,0.0134
John Gibson,DET,8476434,0,0.040519021451473236,0.026751093566417694,0,0.0205,0.0605
John Gibson,DET,8476434,1,0.04050557315349579,0.026751093566417694,0,0.0205,0.0605
John Gibson,DET,8476434,2,0.04049793258309364,0.026751093566417694,0,0.0205,0.0605
John Gibson,DET,8476434,3,0.04049505293369293,0.026751093566417694,0,0.0205,0.0605
John Gibson,DET,8476434,4,0.040495872497558594,0.026751093566417694,0,0.0205,0.0605
John Gibson,DET,8476434,5,0.040495164692401886,0.026751093566417694,0,0.0205,0.0605
John Gibson,DET,8476434,6,0.04049598425626755,0.026751093566417694,0,0.0205,0.0605
John Gibson,DET,8476434,7,0.040497757494449615,0.026751093566417694,0,0.0205,0.0605
John Gibson,DET,8476434,8,0.04049699008464813,0.026751093566417694,0,0.0205,0.0605
Yaroslav Askarov,SJS,8482137,0,-0.07094167917966843,-0.036431461572647095,0,-0.0909,-0.0509
Yaroslav Askarov,SJS,8482137,1,-0.07095513492822647,-0.036431461572647095,0,-0.091,-0.051
Yaroslav Askarov,SJS,8482137,2,-0.07096277922391891,-0.036431461572647095,0,-0.091,-0.051
Yaroslav Askarov,SJS,8482137,3,-0.07096567004919052,-0.036431461572647095,0,-0.091,-0.051
Yaroslav Askarov,SJS,8482137,4,-0.07096484303474426,-0.036431461572647095,0,-0.091,-0.051
Yaroslav Askarov,SJS,8482137,5,-0.07096555829048157,-0.036431461572647095,0,-0.091,-0.051
Yaroslav Askarov,SJS,8482137,6,-0.0709647387266159,-0.036431461572647095,0,-0.091,-0.051
Yaroslav Askarov,SJS,8482137,7,-0.07096297293901443,-0.036431461572647095,0,-0.091,-0.051
Yaroslav Askarov,SJS,8482137,8,-0.07096371799707413,-0.036431461572647095,0,-0.091,-0.051
Thatcher Demko,VAN,8477967,0,-0.002074162010103464,0.0018991536926478148,0,-0.0221,0.0179
Thatcher Demko,VAN,8477967,1,-0.0020876224152743816,0.0018991536926478148,0,-0.0221,0.0179
Thatcher Demko,VAN,8477967,2,-0.002095269039273262,0.0018991536926478148,0,-0.0221,0.0179
Thatcher Demko,VAN,8477967,3,-0.0020981484558433294,0.0018991536926478148,0,-0.0221,0.0179
Thatcher Demko,VAN,8477967,4,-0.0020973412320017815,0.0018991536926478148,0,-0.0221,0.0179
Thatcher Demko,VAN,8477967,5,-0.0020980341359972954,0.0018991536926478148,0,-0.0221,0.0179
Thatcher Demko,VAN,8477967,6,-0.0020972415804862976,0.0018991536926478148,0,-0.0221,0.0179
Thatcher Demko,VAN,8477967,7,-0.0020954515784978867,0.0018991536926478148,0,-0.0221,0.0179
Thatcher Demko,VAN,8477967,8,-0.0020962231792509556,0.0018991536926478148,0,-0.0221,0.0179
Leevi Meriläinen,OTT,8482447,0,-0.06881808489561081,-0.041054174304008484,0,-0.0888,-0.0488
Leevi Meriläinen,OTT,8482447,1,-0.06883154064416885,-0.041054174304008484,0,-0.0888,-0.0488
Leevi Meriläinen,OTT,8482447,2,-0.0688391849398613,-0.041054174304008484,0,-0.0888,-0.0488
Leevi Meriläinen,OTT,8482447,3,-0.06884206831455231,-0.041054174304008484,0,-0.0888,-0.0488
Leevi Meriläinen,OTT,8482447,4,-0.06884125620126724,-0.041054174304008484,0,-0.0888,-0.0488
Leevi Meriläinen,OTT,8482447,5,-0.06884195655584335,-0.041054174304008484,0,-0.0888,-0.0488
Leevi Meriläinen,OTT,8482447,6,-0.06884115189313889,-0.041054174304008484,0,-0.0888,-0.0488
Leevi Meriläinen,OTT,8482447,7,-0.06883937120437622,-0.041054174304008484,0,-0.0888,-0.0488
Leevi Meriläinen,OTT,8482447,8,-0.0688401460647583,-0.041054174304008484,0,-0.0888,-0.0488
Nikke Kokko,SEA,8483668,0,-0.0027235010638833046,-0.0018607656238600612,0,-0.0227,0.0173
Nikke Kokko,SEA,8483668,1,-0.0027369752060621977,-0.0018607656238600612,0,-0.0227,0.0173
Nikke Kokko,SEA,8483668,2,-0.0027446351014077663,-0.0018607656238600612,0,-0.0227,0.0173
Nikke Kokko,SEA,8483668,3,-0.0027475240640342236,-0.0018607656238600612,0,-0.0227,0.0173
Nikke Kokko,SEA,8483668,4,-0.002746725920587778,-0.0018607656238600612,0,-0.0227,0.0173
Nikke Kokko,SEA,8483668,5,-0.0027474253438413143,-0.0018607656238600612,0,-0.0227,0.0173
Nikke Kokko,SEA,8483668,6,-0.0027466374449431896,-0.0018607656238600612,0,-0.0227,0.0173
Nikke Kokko,SEA,8483668,7,-0.002744850469753146,-0.0018607656238600612,0,-0.0227,0.0173
Nikke Kokko,SEA,8483668,8,-0.0027456225361675024,-0.0018607656238600612,0,-0.0227,0.0173
Victor Ostman,SEA,8484910,0,0.006685870699584484,0.005481347441673279,0,-0.0133,0.0267
Victor Ostman,SEA,8484910,1,0.0066724554635584354,0.005481347441673279,0,-0.0133,0.0267
Victor Ostman,SEA,8484910,2,0.0066648442298173904,0.005481347441673279,0,-0.0133,0.0267
Victor Ostman,SEA,8484910,3,0.006662000436335802,0.005481347441673279,0,-0.0133,0.0267
Victor Ostman,SEA,8484910,4,0.006662829779088497,0.005481347441673279,0,-0.0133,0.0267
Victor Ostman,SEA,8484910,5,0.006662159692496061,0.005481347441673279,0,-0.0133,0.0267
Victor Ostman,SEA,8484910,6,0.006662964820861816,0.005481347441673279,0,-0.0133,0.0267
Victor Ostman,SEA,8484910,7,0.0066647655330598354,0.005481347441673279,0,-0.0133,0.0267
Victor Ostman,SEA,8484910,8,0.006663996260613203,0.005481347441673279,0,-0.0133,0.0267
Tristan Lennox,NYI,8482668,0,-0.007580208592116833,-0.005924217402935028,0,-0.0276,0.0124
Tristan Lennox,NYI,8482668,1,-0.007593729067593813,-0.005924217402935028,0,-0.0276,0.0124
Tristan Lennox,NYI,8482668,2,-0.007601429242640734,-0.005924217402935028,0,-0.0276,0.0124
Tristan Lennox,NYI,8482668,3,-0.00760435126721859,-0.005924217402935028,0,-0.0276,0.0124
Tristan Lennox,NYI,8482668,4,-0.00760358152911067,-0.005924217402935028,0,-0.0276,0.0124
Tristan Lennox,NYI,8482668,5,-0.007604301441460848,-0.005924217402935028,0,-0.0276,0.0124
Tristan Lennox,NYI,8482668,6,-0.00760352797806263,-0.005924217402935028,0,-0.0276,0.0124
Tristan Lennox,NYI,8482668,7,-0.007601753808557987,-0.005924217402935028,0,-0.0276,0.0124
Tristan Lennox,NYI,8482668,8,-0.0076025258749723434,-0.005924217402935028,0,-0.0276,0.0124
Antoine Bibeau,,8477312,0,0.0005381079390645027,0.001582323107868433,0,-0.0195,0.0205
Antoine Bibeau,,8477312,1,0.0005246583605185151,0.001582323107868433,0,-0.0195,0.0205
Antoine Bibeau,,8477312,2,0.0005170204676687717,0.001582323107868433,0,-0.0195,0.0205
Antoine Bibeau,,8477312,3,0.0005141490837559104,0.001582323107868433,0,-0.0195,0.0205
Antoine Bibeau,,8477312,4,0.000514962594024837,0.001582323107868433,0,-0.0195,0.0205
Antoine Bibeau,,8477312,5,0.0005142748123034835,0.001582323107868433,0,-0.0195,0.0205
Antoine Bibeau,,8477312,6,0.0005150703946128488,0.001582323107868433,0,-0.0195,0.0205
Antoine Bibeau,,8477312,7,0.0005168633069843054,0.001582323107868433,0,-0.0195,0.0205
Antoine Bibeau,,8477312,8,0.0005160918226465583,0.001582323107868433,0,-0.0195,0.0205
Ivan Prosvetov,CGY,8481031,0,-0.011928018182516098,-0.009228415787220001,0,-0.0319,0.0081
Ivan Prosvetov,CGY,8481031,1,-0.011941546574234962,-0.009228415787220001,0,-0.0319,0.0081
Ivan Prosvetov,CGY,8481031,2,-0.011949250474572182,-0.009228415787220001,0,-0.0319,0.0081
Ivan Prosvetov,CGY,8481031,3,-0.011952180415391922,-0.009228415787220001,0,-0.032,0.008
Ivan Prosvetov,CGY,8481031,4,-0.011951412074267864,-0.009228415787220001,0,-0.032,0.008
Ivan Prosvetov,CGY,8481031,5,-0.011952139437198639,-0.009228415787220001,0,-0.032,0.008
Ivan Prosvetov,CGY,8481031,6,-0.011951365508139133,-0.009228415787220001,0,-0.032,0.008
Ivan Prosvetov,CGY,8481031,7,-0.01194959320127964,-0.009228415787220001,0,-0.0319,0.0081
Ivan Prosvetov,CGY,8481031,8,-0.011950363405048847,-0.009228415787220001,0,-0.032,0.008
Samuel Jonsson,EDM,8483769,0,0.0013874378055334091,0.0023559227120131254,0,-0.0186,0.0214
Samuel Jonsson,EDM,8483769,1,0.001373993931338191,0.0023559227120131254,0,-0.0186,0.0214
Samuel Jonsson,EDM,8483769,2,0.0013663616264238954,0.0023559227120131254,0,-0.0186,0.0214
Samuel Jonsson,EDM,8483769,3,0.0013634931528940797,0.0023559227120131254,0,-0.0186,0.0214
Samuel Jonsson,EDM,8483769,4,0.0013643110869452357,0.0023559227120131254,0,-0.0186,0.0214
Samuel Jonsson,EDM,8483769,5,0.0013636252842843533,0.0023559227120131254,0,-0.0186,0.0214
Samuel Jonsson,EDM,8483769,6,0.0013644236605614424,0.0023559227120131254,0,-0.0186,0.0214
Samuel Jonsson,EDM,8483769,7,0.0013662162236869335,0.0023559227120131254,0,-0.0186,0.0214
Samuel Jonsson,EDM,8483769,8,0.0013654468348249793,0.0023559227120131254,0,-0.0186,0.0214
Kirill Gerasimyuk,FLA,8482914,0,-0.007467970252037048,-0.00576453423127532,0,-0.0275,0.0125
Kirill Gerasimyuk,FLA,8482914,1,-0.007481477688997984,-0.00576453423127532,0,-0.0275,0.0125
Kirill Gerasimyuk,FLA,8482914,2,-0.007489168085157871,-0.00576453423127532,0,-0.0275,0.0125
Kirill Gerasimyuk,FLA,8482914,3,-0.007492083590477705,-0.00576453423127532,0,-0.0275,0.0125
Kirill Gerasimyuk,FLA,8482914,4,-0.007491305470466614,-0.00576453423127532,0,-0.0275,0.0125
Kirill Gerasimyuk,FLA,8482914,5,-0.0074920207262039185,-0.00576453423127532,0,-0.0275,0.0125
Kirill Gerasimyuk,FLA,8482914,6,-0.007491245865821838,-0.00576453423127532,0,-0.0275,0.0125
Kirill Gerasimyuk,FLA,8482914,7,-0.007489463314414024,-0.00576453423127532,0,-0.0275,0.0125
Kirill Gerasimyuk,FLA,8482914,8,-0.007490241900086403,-0.00576453423127532,0,-0.0275,0.0125
Magnus Chrona,NSH,8480992,0,-0.0013220269465819001,-0.0001287631457671523,0,-0.0213,0.0187
Magnus Chrona,NSH,8480992,1,-0.0013354893308132887,-0.0001287631457671523,0,-0.0213,0.0187
Magnus Chrona,NSH,8480992,2,-0.0013431381667032838,-0.0001287631457671523,0,-0.0213,0.0187
Magnus Chrona,NSH,8480992,3,-0.0013460188638418913,-0.0001287631457671523,0,-0.0213,0.0187
Magnus Chrona,NSH,8480992,4,-0.0013452130369842052,-0.0001287631457671523,0,-0.0213,0.0187
Magnus Chrona,NSH,8480992,5,-0.0013459068723022938,-0.0001287631457671523,0,-0.0213,0.0187
Magnus Chrona,NSH,8480992,6,-0.0013451148988679051,-0.0001287631457671523,0,-0.0213,0.0187
Magnus Chrona,NSH,8480992,7,-0.0013433254789561033,-0.0001287631457671523,0,-0.0213,0.0187
Magnus Chrona,NSH,8480992,8,-0.0013440970797091722,-0.0001287631457671523,0,-0.0213,0.0187
Parker Gahagen,,8480481,0,0.0014796811155974865,0.002440548036247492,0,-0.0185,0.0215
Parker Gahagen,,8480481,1,0.001466237474232912,0.002440548036247492,0,-0.0185,0.0215
Parker Gahagen,,8480481,2,0.0014586042379960418,0.002440548036247492,0,-0.0185,0.0215
Parker Gahagen,,8480481,3,0.0014557369286194444,0.002440548036247492,0,-0.0185,0.0215
Parker Gahagen,,8480481,4,0.0014565548626706004,0.002440548036247492,0,-0.0185,0.0215
Parker Gahagen,,8480481,5,0.0014558681286871433,0.002440548036247492,0,-0.0185,0.0215
Parker Gahagen,,8480481,6,0.001456667436286807,0.002440548036247492,0,-0.0185,0.0215
Parker Gahagen,,8480481,7,0.001458459533751011,0.002440548036247492,0,-0.0185,0.0215
Parker Gahagen,,8480481,8,0.001457689912058413,0.002440548036247492,0,-0.0185,0.0215
Vadim Zherenko,STL,8481689,0,-0.0024009146727621555,-0.0011179294670000672,0,-0.0224,0.0176
Vadim Zherenko,STL,8481689,1,-0.0024143876507878304,-0.0011179294670000672,0,-0.0224,0.0176
Vadim Zherenko,STL,8481689,2,-0.0024220463819801807,-0.0011179294670000672,0,-0.0224,0.0176
Vadim Zherenko,STL,8481689,3,-0.0024249344132840633,-0.0011179294670000672,0,-0.0224,0.0176
Vadim Zherenko,STL,8481689,4,-0.0024241358041763306,-0.0011179294670000672,0,-0.0224,0.0176
Vadim Zherenko,STL,8481689,5,-0.002424834528937936,-0.0011179294670000672,0,-0.0224,0.0176
Vadim Zherenko,STL,8481689,6,-0.002424046630039811,-0.0011179294670000672,0,-0.0224,0.0176
Vadim Zherenko,STL,8481689,7,-0.0024222591891884804,-0.0011179294670000672,0,-0.0224,0.0176
Vadim Zherenko,STL,8481689,8,-0.0024230312556028366,-0.0011179294670000672,0,-0.0224,0.0176
Artur Akhtyamov,TOR,8482515,0,-0.014395656064152718,-0.005999965127557516,0,-0.0344,0.0056
Artur Akhtyamov,TOR,8482515,1,-0.014409130439162254,-0.005999965127557516,0,-0.0344,0.0056
Artur Akhtyamov,TOR,8482515,2,-0.01441679522395134,-0.005999965127557516,0,-0.0344,0.0056
Artur Akhtyamov,TOR,8482515,3,-0.014419683255255222,-0.005999965127557516,0,-0.0344,0.0056
Artur Akhtyamov,TOR,8482515,4,-0.0144188879057765,-0.005999965127557516,0,-0.0344,0.0056
Artur Akhtyamov,TOR,8482515,5,-0.014419591054320335,-0.005999965127557516,0,-0.0344,0.0056
Artur Akhtyamov,TOR,8482515,6,-0.014418804086744785,-0.005999965127557516,0,-0.0344,0.0056
Artur Akhtyamov,TOR,8482515,7,-0.014417016878724098,-0.005999965127557516,0,-0.0344,0.0056
Artur Akhtyamov,TOR,8482515,8,-0.014417790807783604,-0.005999965127557516,0,-0.0344,0.0056
Vyacheslav Peksa,TOR,8482940,0,-0.0010429387912154198,0.00012735794007312506,0,-0.021,0.019
Vyacheslav Peksa,TOR,8482940,1,-0.0010564025724306703,0.00012735794007312506,0,-0.0211,0.0189
Vyacheslav Peksa,TOR,8482940,2,-0.0010640524560585618,0.00012735794007312506,0,-0.0211,0.0189
Vyacheslav Peksa,TOR,8482940,3,-0.0010669342009350657,0.00012735794007312506,0,-0.0211,0.0189
Vyacheslav Peksa,TOR,8482940,4,-0.0010661291889846325,0.00012735794007312506,0,-0.0211,0.0189
Vyacheslav Peksa,TOR,8482940,5,-0.001066823722794652,0.00012735794007312506,0,-0.0211,0.0189
Vyacheslav Peksa,TOR,8482940,6,-0.0010660320986062288,0.00012735794007312506,0,-0.0211,0.0189
Vyacheslav Peksa,TOR,8482940,7,-0.0010642429115250707,0.00012735794007312506,0,-0.0211,0.0189
Vyacheslav Peksa,TOR,8482940,8,-0.0010650146286934614,0.00012735794007312506,0,-0.0211,0.0189
Ty Young,VAN,8483751,0,-0.008403086103498936,-0.0066221184097230434,0,-0.0284,0.0116
Ty Young,VAN,8483751,1,-0.008416599594056606,-0.0066221184097230434,0,-0.0284,0.0116
Ty Young,VAN,8483751,2,-0.00842429418116808,-0.0066221184097230434,0,-0.0284,0.0116
Ty Young,VAN,8483751,3,-0.008427212946116924,-0.0066221184097230434,0,-0.0284,0.0116
Ty Young,VAN,8483751,4,-0.008426439017057419,-0.0066221184097230434,0,-0.0284,0.0116
Ty Young,VAN,8483751,5,-0.008427157998085022,-0.0066221184097230434,0,-0.0284,0.0116
Ty Young,VAN,8483751,6,-0.008426383137702942,-0.0066221184097230434,0,-0.0284,0.0116
Ty Young,VAN,8483751,7,-0.008424604311585426,-0.0066221184097230434,0,-0.0284,0.0116
Ty Young,VAN,8483751,8,-0.008425379171967506,-0.0066221184097230434,0,-0.0284,0.0116
Carl Lindbom,VGK,8482761,0,-0.009997069835662842,-0.006289564538747072,0,-0.03,0.01
Carl Lindbom,VGK,8482761,1,-0.010010529309511185,-0.006289564538747072,0,-0.03,0.01
Carl Lindbom,VGK,8482761,2,-0.010018173605203629,-0.006289564538747072,0,-0.03,0.01
Carl Lindbom,VGK,8482761,3,-0.010021050460636616,-0.006289564538747072,0,-0.03,0.01
Carl Lindbom,VGK,8482761,4,-0.010020243003964424,-0.006289564538747072,0,-0.03,0.01
Carl Lindbom,VGK,8482761,5,-0.010020934045314789,-0.006289564538747072,0,-0.03,0.01
Carl Lindbom,VGK,8482761,6,-0.010020141489803791,-0.006289564538747072,0,-0.03,0.01
Carl Lindbom,VGK,8482761,7,-0.010018348693847656,-0.006289564538747072,0,-0.03,0.01
Carl Lindbom,VGK,8482761,8,-0.010019123554229736,-0.006289564538747072,0,-0.03,0.01
Jesper Vikman,VGK,8482484,0,-0.0014510253677144647,-0.0002470097388140857,0,-0.0215,0.0185
Jesper Vikman,VGK,8482484,1,-0.0014644896145910025,-0.0002470097388140857,0,-0.0215,0.0185
Jesper Vikman,VGK,8482484,2,-0.0014721397310495377,-0.0002470097388140857,0,-0.0215,0.0185
Jesper Vikman,VGK,8482484,3,-0.001475021941587329,-0.0002470097388140857,0,-0.0215,0.0185
Jesper Vikman,VGK,8482484,4,-0.0014742169296368957,-0.0002470097388140857,0,-0.0215,0.0185
Jesper Vikman,VGK,8482484,5,-0.0014749118126928806,-0.0002470097388140857,0,-0.0215,0.0185
Jesper Vikman,VGK,8482484,6,-0.0014741204213351011,-0.0002470097388140857,0,-0.0215,0.0185
Jesper Vikman,VGK,8482484,7,-0.001472331234253943,-0.0002470097388140857,0,-0.0215,0.0185
Jesper Vikman,VGK,8482484,8,-0.0014731029514223337,-0.0002470097388140857,0,-0.0215,0.0185
Garin Bjorklund,WSH,8482188,0,0.004363623447716236,0.005085285287350416,0,-0.0156,0.0244
Garin Bjorklund,WSH,8482188,1,0.004350196570158005,0.005085285287350416,0,-0.0156,0.0244
Garin Bjorklund,WSH,8482188,2,0.004342581145465374,0.005085285287350416,0,-0.0157,0.0243
Garin Bjorklund,WSH,8482188,3,0.0043397266417741776,0.005085285287350416,0,-0.0157,0.0243
Garin Bjorklund,WSH,8482188,4,0.004340555518865585,0.005085285287350416,0,-0.0157,0.0243
Garin Bjorklund,WSH,8482188,5,0.004339878913015127,0.005085285287350416,0,-0.0157,0.0243
Garin Bjorklund,WSH,8482188,6,0.004340683110058308,0.005085285287350416,0,-0.0157,0.0243
Garin Bjorklund,WSH,8482188,7,0.00434248149394989,0.005085285287350416,0,-0.0157,0.0243
Garin Bjorklund,WSH,8482188,8,0.004341711290180683,0.005085285287350416,0,-0.0157,0.0243
Simon Zajicek,BOS,8485538,0,0.0002612596144899726,0.0013231252087280154,0,-0.0197,0.0203
Simon Zajicek,BOS,8485538,1,0.00024780898820608854,0.0013231252087280154,0,-0.0198,0.0202
Simon Zajicek,BOS,8485538,2,0.0002401702804490924,0.0013231252087280154,0,-0.0198,0.0202
Simon Zajicek,BOS,8485538,3,0.0002372978487983346,0.0013231252087280154,0,-0.0198,0.0202
Simon Zajicek,BOS,8485538,4,0.00023811077699065208,0.0013231252087280154,0,-0.0198,0.0202
Simon Zajicek,BOS,8485538,5,0.0002374222967773676,0.0013231252087280154,0,-0.0198,0.0202
Simon Zajicek,BOS,8485538,6,0.0002382179955020547,0.0013231252087280154,0,-0.0198,0.0202
Simon Zajicek,BOS,8485538,7,0.0002400099765509367,0.0013231252087280154,0,-0.0198,0.0202
Simon Zajicek,BOS,8485538,8,0.00023923884145915508,0.0013231252087280154,0,-0.0198,0.0202
Kyle Keyser,,8480356,0,-0.002982925157994032,-0.0016515563474968076,0,-0.023,0.017
Kyle Keyser,,8480356,1,-0.002996404655277729,-0.0016515563474968076,0,-0.023,0.017
Kyle Keyser,,8480356,2,-0.003004067577421665,-0.0016515563474968076,0,-0.023,0.017
Kyle Keyser,,8480356,3,-0.003006960963830352,-0.0016515563474968076,0,-0.023,0.017
Kyle Keyser,,8480356,4,-0.0030061646830290556,-0.0016515563474968076,0,-0.023,0.017
Kyle Keyser,,8480356,5,-0.0030068669002503157,-0.0016515563474968076,0,-0.023,0.017
Kyle Keyser,,8480356,6,-0.0030060801655054092,-0.0016515563474968076,0,-0.023,0.017
Kyle Keyser,,8480356,7,-0.003004294354468584,-0.0016515563474968076,0,-0.023,0.017
Kyle Keyser,,8480356,8,-0.0030050668865442276,-0.0016515563474968076,0,-0.023,0.017
Jacob Fowler,MTL,8484170,0,0.04104919731616974,0.023679640144109726,0,0.021,0.061
Jacob Fowler,MTL,8484170,1,0.040962863713502884,0.023679640144109726,0,0.021,0.061
Jacob Fowler,MTL,8484170,2,0.04088234156370163,0.023679640144109726,0,0.0209,0.0609
Jacob Fowler,MTL,8484170,3,0.04080657288432121,0.023679640144109726,0,0.0208,0.0608
Jacob Fowler,MTL,8484170,4,0.04073450341820717,0.023679640144109726,3,0.0292,0.0522
Jacob Fowler,MTL,8484170,5,0.04073382169008255,0.023679640144109726,0,0.0207,0.0607
Jacob Fowler,MTL,8484170,6,0.04073461517691612,0.023679640144109726,0,0.0207,0.0607
Jacob Fowler,MTL,8484170,7,0.04073641449213028,0.023679640144109726,0,0.0207,0.0607
Jacob Fowler,MTL,8484170,8,0.040735647082328796,0.023679640144109726,0,0.0207,0.0607
Sergei Murashov,PIT,8483703,0,0.0035896182525902987,0.005135190207511187,0,-0.0164,0.0236
Sergei Murashov,PIT,8483703,1,0.0035761743783950806,0.005135190207511187,0,-0.0164,0.0236
Sergei Murashov,PIT,8483703,2,0.003568540792912245,0.005135190207511187,0,-0.0164,0.0236
Sergei Murashov,PIT,8483703,3,0.003565672319382429,0.005135190207511187,0,-0.0164,0.0236
Sergei Murashov,PIT,8483703,4,0.0035664900206029415,0.005135190207511187,0,-0.0164,0.0236
Sergei Murashov,PIT,8483703,5,0.0035658027045428753,0.005135190207511187,0,-0.0164,0.0236
Sergei Murashov,PIT,8483703,6,0.0035666029434651136,0.005135190207511187,0,-0.0164,0.0236
Sergei Murashov,PIT,8483703,7,0.00356839457526803,0.005135190207511187,0,-0.0164,0.0236
Sergei Murashov,PIT,8483703,8,0.0035676253028213978,0.005135190207511187,0,-0.0164,0.0236
Talyn Boyko,NYR,8482869,0,-0.005540909245610237,-0.0038561872206628323,0,-0.0255,0.0145
Talyn Boyko,NYR,8482869,1,-0.005554405506700277,-0.0038561872206628323,0,-0.0256,0.0144
Talyn Boyko,NYR,8482869,2,-0.005562083330005407,-0.0038561872206628323,0,-0.0256,0.0144
Talyn Boyko,NYR,8482869,3,-0.005564987193793058,-0.0038561872206628323,0,-0.0256,0.0144
Talyn Boyko,NYR,8482869,4,-0.005564200691878796,-0.0038561872206628323,0,-0.0256,0.0144
Talyn Boyko,NYR,8482869,5,-0.005564908962696791,-0.0038561872206628323,0,-0.0256,0.0144
Talyn Boyko,NYR,8482869,6,-0.00556412898004055,-0.0038561872206628323,0,-0.0256,0.0144
Talyn Boyko,NYR,8482869,7,-0.005562345962971449,-0.0038561872206628323,0,-0.0256,0.0144
Talyn Boyko,NYR,8482869,8,-0.005563120357692242,-0.0038561872206628323,0,-0.0256,0.0144
Owen Say,CGY,8485465,0,0.0010158456861972809,0.001943917595781386,0,-0.019,0.021
Owen Say,CGY,8485465,1,0.0010024006478488445,0.001943917595781386,0,-0.019,0.021
Owen Say,CGY,8485465,2,0.000994765548966825,0.001943917595781386,0,-0.019,0.021
Owen Say,CGY,8485465,3,0.0009918977739289403,0.001943917595781386,0,-0.019,0.021
Owen Say,CGY,8485465,4,0.0009927124483510852,0.001943917595781386,0,-0.019,0.021
Owen Say,CGY,8485465,5,0.0009920273441821337,0.001943917595781386,0,-0.019,0.021
Owen Say,CGY,8485465,6,0.0009928245563060045,0.001943917595781386,0,-0.019,0.021
Owen Say,CGY,8485465,7,0.0009946173522621393,0.001943917595781386,0,-0.019,0.021
Owen Say,CGY,8485465,8,0.0009938470320776105,0.001943917595781386,0,-0.019,0.021
Caleb Heil,TBL,8485657,0,0.001675737788900733,0.002527731703594327,0,-0.0183,0.0217
Caleb Heil,TBL,8485657,1,0.001662293914705515,0.002527731703594327,0,-0.0183,0.0217
Caleb Heil,TBL,8485657,2,0.0016546637052670121,0.002527731703594327,0,-0.0183,0.0217
Caleb Heil,TBL,8485657,3,0.0016517966287210584,0.002527731703594327,0,-0.0183,0.0217
Caleb Heil,TBL,8485657,4,0.0016526159597560763,0.002527731703594327,0,-0.0183,0.0217
Caleb Heil,TBL,8485657,5,0.0016519299242645502,0.002527731703594327,0,-0.0183,0.0217
Caleb Heil,TBL,8485657,6,0.001652729930356145,0.002527731703594327,0,-0.0183,0.0217
Caleb Heil,TBL,8485657,7,0.0016545222606509924,0.002527731703594327,0,-0.0183,0.0217
Caleb Heil,TBL,8485657,8,0.0016537533374503255,0.002527731703594327,0,-0.0183,0.0217
Amir Miftakhov,CAR,8482501,0,-0.013144899159669876,-0.010583777911961079,0,-0.0331,0.0069
Amir Miftakhov,CAR,8482501,1,-0.013158425688743591,-0.010583777911961079,0,-0.0332,0.0068
Amir Miftakhov,CAR,8482501,2,-0.013166135177016258,-0.010583777911961079,0,-0.0332,0.0068
Amir Miftakhov,CAR,8482501,3,-0.013169062323868275,-0.010583777911961079,0,-0.0332,0.0068
Amir Miftakhov,CAR,8482501,4,-0.01316829677671194,-0.010583777911961079,0,-0.0332,0.0068
Amir Miftakhov,CAR,8482501,5,-0.013169022276997566,-0.010583777911961079,0,-0.0332,0.0068
Amir Miftakhov,CAR,8482501,6,-0.013168251141905785,-0.010583777911961079,0,-0.0332,0.0068
Amir Miftakhov,CAR,8482501,7,-0.013166476041078568,-0.010583777911961079,0,-0.0332,0.0068
Amir Miftakhov,CAR,8482501,8,-0.013167250901460648,-0.010583777911961079,0,-0.0332,0.0068
Michal Postava,DET,8485545,0,-0.0026551480405032635,-0.0013033050345256925,0,-0.0227,0.0173
Michal Postava,DET,8485545,1,-0.002668624045327306,-0.0013033050345256925,0,-0.0227,0.0173
Michal Postava,DET,8485545,2,-0.002676284871995449,-0.0013033050345256925,0,-0.0227,0.0173
Michal Postava,DET,8485545,3,-0.002679175464436412,-0.0013033050345256925,0,-0.0227,0.0173
Michal Postava,DET,8485545,4,-0.002678378252312541,-0.0013033050345256925,0,-0.0227,0.0173
Michal Postava,DET,8485545,5,-0.002679078374058008,-0.0013033050345256925,0,-0.0227,0.0173
Michal Postava,DET,8485545,6,-0.002678290940821171,-0.0013033050345256925,0,-0.0227,0.0173
Michal Postava,DET,8485545,7,-0.002676504198461771,-0.0013033050345256925,0,-0.0227,0.0173
Michal Postava,DET,8485545,8,-0.002677276963368058,-0.0013033050345256925,0,-0.0227,0.0173
Samuel Hlavaj,MIN,8482085,0,-0.009148604236543179,-0.007047545630484819,0,-0.0291,0.0109
Samuel Hlavaj,MIN,8482085,1,-0.009162131696939468,-0.007047545630484819,0,-0.0292,0.0108
Samuel Hlavaj,MIN,8482085,2,-0.009169826284050941,-0.007047545630484819,0,-0.0292,0.0108
Samuel Hlavaj,MIN,8482085,3,-0.009172756224870682,-0.007047545630484819,0,-0.0292,0.0108
Samuel Hlavaj,MIN,8482085,4,-0.009171982295811176,-0.007047545630484819,0,-0.0292,0.0108
Samuel Hlavaj,MIN,8482085,5,-0.009172707796096802,-0.007047545630484819,0,-0.0292,0.0108
Samuel Hlavaj,MIN,8482085,6,-0.009171932004392147,-0.007047545630484819,0,-0.0292,0.0108
Samuel Hlavaj,MIN,8482085,7,-0.009170157834887505,-0.007047545630484819,0,-0.0292,0.0108
Samuel Hlavaj,MIN,8482085,8,-0.00917092990130186,-0.007047545630484819,0,-0.0292,0.0108
Harrison Meneghin,TBL,8484636,0,-0.006850050762295723,-0.005014336202293634,0,-0.0269,0.0131
Harrison Meneghin,TBL,8484636,1,-0.006863555405288935,-0.005014336202293634,0,-0.0269,0.0131
Harrison Meneghin,TBL,8484636,2,-0.0068712374195456505,-0.005014336202293634,0,-0.0269,0.0131
Harrison Meneghin,TBL,8484636,3,-0.006874150596559048,-0.005014336202293634,0,-0.0269,0.0131
Harrison Meneghin,TBL,8484636,4,-0.006873366888612509,-0.005014336202293634,0,-0.0269,0.0131
Harrison Meneghin,TBL,8484636,5,-0.0068740807473659515,-0.005014336202293634,0,-0.0269,0.0131
Harrison Meneghin,TBL,8484636,6,-0.006873302161693573,-0.005014336202293634,0,-0.0269,0.0131
Harrison Meneghin,TBL,8484636,7,-0.006871521007269621,-0.005014336202293634,0,-0.0269,0.0131
Harrison Meneghin,TBL,8484636,8,-0.006872294936329126,-0.005014336202293634,0,-0.0269,0.0131
Jakub Malek,NJD,8482867,0,0.0010718340054154396,0.0019935625605285168,0,-0.0189,0.0211
Jakub Malek,NJD,8482867,1,0.0010583859402686357,0.0019935625605285168,0,-0.0189,0.0211
Jakub Malek,NJD,8482867,2,0.0010507506085559726,0.0019935625605285168,0,-0.0189,0.0211
Jakub Malek,NJD,8482867,3,0.001047879341058433,0.0019935625605285168,0,-0.019,0.021
Jakub Malek,NJD,8482867,4,0.0010486944811418653,0.0019935625605285168,0,-0.019,0.021
Jakub Malek,NJD,8482867,5,0.0010480075143277645,0.0019935625605285168,0,-0.019,0.021
Jakub Malek,NJD,8482867,6,0.001048804260790348,0.0019935625605285168,0,-0.019,0.021
Jakub Malek,NJD,8482867,7,0.0010505965910851955,0.0019935625605285168,0,-0.0189,0.0211
Jakub Malek,NJD,8482867,8,0.0010498262709006667,0.0019935625605285168,0,-0.019,0.021
Domenic DiVincentiis,WPG,8483711,0,-0.006068991497159004,-0.004323528613895178,0,-0.0261,0.0139
Domenic DiVincentiis,WPG,8483711,1,-0.0060824863612651825,-0.004323528613895178,0,-0.0261,0.0139
Domenic DiVincentiis,WPG,8483711,2,-0.006090161856263876,-0.004323528613895178,0,-0.0261,0.0139
Domenic DiVincentiis,WPG,8483711,3,-0.006093068514019251,-0.004323528613895178,0,-0.0261,0.0139
Domenic DiVincentiis,WPG,8483711,4,-0.0060922796837985516,-0.004323528613895178,0,-0.0261,0.0139
Domenic DiVincentiis,WPG,8483711,5,-0.0060929907485842705,-0.004323528613895178,0,-0.0261,0.0139
Domenic DiVincentiis,WPG,8483711,6,-0.006092206574976444,-0.004323528613895178,0,-0.0261,0.0139
Domenic DiVincentiis,WPG,8483711,7,-0.006090425420552492,-0.004323528613895178,0,-0.0261,0.0139
Domenic DiVincentiis,WPG,8483711,8,-0.00609119888395071,-0.004323528613895178,0,-0.0261,0.0139
Will Cranley,STL,8482205,0,-0.0070915380492806435,-0.005227886606007814,0,-0.0271,0.0129
Will Cranley,STL,8482205,1,-0.007105041295289993,-0.005227886606007814,0,-0.0271,0.0129
Will Cranley,STL,8482205,2,-0.007112731225788593,-0.005227886606007814,0,-0.0271,0.0129
Will Cranley,STL,8482205,3,-0.007115640677511692,-0.005227886606007814,0,-0.0271,0.0129
Will Cranley,STL,8482205,4,-0.007114863954484463,-0.005227886606007814,0,-0.0271,0.0129
Will Cranley,STL,8482205,5,-0.007115575019270182,-0.005227886606007814,0,-0.0271,0.0129
Will Cranley,STL,8482205,6,-0.007114800624549389,-0.005227886606007814,0,-0.0271,0.0129
Will Cranley,STL,8482205,7,-0.0071130176074802876,-0.005227886606007814,0,-0.0271,0.0129
Will Cranley,STL,8482205,8,-0.007113794796168804,-0.005227886606007814,0,-0.0271,0.0129
Ryan Fanti,TBL,8483534,0,0.002234938321635127,0.003022334771230817,0,-0.0178,0.0222
Ryan Fanti,TBL,8483534,1,0.002221502363681793,0.003022334771230817,0,-0.0178,0.0222
Ryan Fanti,TBL,8483534,2,0.0022138748317956924,0.003022334771230817,0,-0.0178,0.0222
Ryan Fanti,TBL,8483534,3,0.002211012877523899,0.003022334771230817,0,-0.0178,0.0222
Ryan Fanti,TBL,8483534,4,0.00221183430403471,0.003022334771230817,0,-0.0178,0.0222
Ryan Fanti,TBL,8483534,5,0.002211152808740735,0.003022334771230817,0,-0.0178,0.0222
Ryan Fanti,TBL,8483534,6,0.0022119528148323298,0.003022334771230817,0,-0.0178,0.0222
Ryan Fanti,TBL,8483534,7,0.0022137474734336138,0.003022334771230817,0,-0.0178,0.0222
Ryan Fanti,TBL,8483534,8,0.0022129775024950504,0.003022334771230817,0,-0.0178,0.0222
Nikita Quapp,CAR,8482895,0,-0.0009888018248602748,0.0001648370671318844,0,-0.021,0.019
Nikita Quapp,CAR,8482895,1,-0.0010022640926763415,0.0001648370671318844,0,-0.021,0.019
Nikita Quapp,CAR,8482895,2,-0.001009912695735693,0.0001648370671318844,0,-0.021,0.019
Nikita Quapp,CAR,8482895,3,-0.0010127932764589787,0.0001648370671318844,0,-0.021,0.019
Nikita Quapp,CAR,8482895,4,-0.0010119873331859708,0.0001648370671318844,0,-0.021,0.019
Nikita Quapp,CAR,8482895,5,-0.0010126810520887375,0.0001648370671318844,0,-0.021,0.019
Nikita Quapp,CAR,8482895,6,-0.0010118891950696707,0.0001648370671318844,0,-0.021,0.019
Nikita Quapp,CAR,8482895,7,-0.0010100995423272252,0.0001648370671318844,0,-0.021,0.019
Nikita Quapp,CAR,8482895,8,-0.001010871259495616,0.0001648370671318844,0,-0.021,0.019
Jiri Patera,VAN,8480238,0,-0.01349353976547718,-0.008491763845086098,0,-0.0335,0.0065
Jiri Patera,VAN,8480238,1,-0.013507058843970299,-0.008491763845086098,0,-0.0335,0.0065
Jiri Patera,VAN,8480238,2,-0.013514756225049496,-0.008491763845086098,0,-0.0335,0.0065
Jiri Patera,VAN,8480238,3,-0.013517679646611214,-0.008491763845086098,0,-0.0335,0.0065
Jiri Patera,VAN,8480238,4,-0.013516905717551708,-0.008491763845086098,0,-0.0335,0.0065
Jiri Patera,VAN,8480238,5,-0.013517627492547035,-0.008491763845086098,0,-0.0335,0.0065
Jiri Patera,VAN,8480238,6,-0.01351685356348753,-0.008491763845086098,0,-0.0335,0.0065
Jiri Patera,VAN,8480238,7,-0.013515075668692589,-0.008491763845086098,0,-0.0335,0.0065
Jiri Patera,VAN,8480238,8,-0.013515851460397243,-0.008491763845086098,0,-0.0335,0.0065
Carter Hart,VGK,8479394,0,0.023557955399155617,0.009071147069334984,45,0.0206,0.0266
Carter Hart,VGK,8479394,1,0.02395753748714924,0.009071147069334984,77,0.0217,0.0263
Carter Hart,VGK,8479394,2,0.024574562907218933,0.009071147069334984,152,0.023,0.0262
Carter Hart,VGK,8479394,3,0.02512187696993351,0.009071147069334984,182,0.0236,0.0266
Carter Hart,VGK,8479394,4,0.025486430153250694,0.009071147069334984,111,0.0236,0.0274
Carter Hart,VGK,8479394,5,0.02550918236374855,0.009071147069334984,152,0.0239,0.0271
Carter Hart,VGK,8479394,6,0.02511420287191868,0.009071147069334984,29,0.0214,0.0288
Carter Hart,VGK,8479394,7,0.024656809866428375,0.009071147069334984,154,0.0231,0.0263
Carter Hart,VGK,8479394,8,0.024381984025239944,0.009071147069334984,116,0.0225,0.0263
Vyacheslav Buteyets,ANA,8483746,0,-0.006764736957848072,-0.0036499719135463238,0,-0.0268,0.0132
Vyacheslav Buteyets,ANA,8483746,1,-0.006778234615921974,-0.0036499719135463238,0,-0.0268,0.0132
Vyacheslav Buteyets,ANA,8483746,2,-0.006785913836210966,-0.0036499719135463238,0,-0.0268,0.0132
Vyacheslav Buteyets,ANA,8483746,3,-0.006788818631321192,-0.0036499719135463238,0,-0.0268,0.0132
Vyacheslav Buteyets,ANA,8483746,4,-0.00678803538903594,-0.0036499719135463238,0,-0.0268,0.0132
Vyacheslav Buteyets,ANA,8483746,5,-0.006788745056837797,-0.0036499719135463238,0,-0.0268,0.0132
Vyacheslav Buteyets,ANA,8483746,6,-0.006787965074181557,-0.0036499719135463238,0,-0.0268,0.0132
Vyacheslav Buteyets,ANA,8483746,7,-0.006786182057112455,-0.0036499719135463238,0,-0.0268,0.0132
Vyacheslav Buteyets,ANA,8483746,8,-0.006786957383155823,-0.0036499719135463238,0,-0.0268,0.0132
Laurent Brossoit,SJS,8476316,0,-0.015320255421102047,-0.007181114517152309,0,-0.0353,0.0047
Laurent Brossoit,SJS,8476316,1,-0.015333777293562889,-0.007181114517152309,0,-0.0353,0.0047
Laurent Brossoit,SJS,8476316,2,-0.015341472811996937,-0.007181114517152309,0,-0.0353,0.0047
Laurent Brossoit,SJS,8476316,3,-0.015344398096203804,-0.007181114517152309,0,-0.0353,0.0047
Laurent Brossoit,SJS,8476316,4,-0.015343624167144299,-0.007181114517152309,0,-0.0353,0.0047
Laurent Brossoit,SJS,8476316,5,-0.015344347804784775,-0.007181114517152309,0,-0.0353,0.0047
Laurent Brossoit,SJS,8476316,6,-0.015343572944402695,-0.007181114517152309,0,-0.0353,0.0047
Laurent Brossoit,SJS,8476316,7,-0.015341795980930328,-0.007181114517152309,0,-0.0353,0.0047
Laurent Brossoit,SJS,8476316,8,-0.015342573635280132,-0.007181114517152309,0,-0.0353,0.0047
Arsenii Sergeev,CGY,8482949,0,0.01400379091501236,0.00700215483084321,0,-0.006,0.034
Arsenii Sergeev,CGY,8482949,1,0.013990378007292747,0.00700215483084321,0,-0.006,0.034
Arsenii Sergeev,CGY,8482949,2,0.013982770033180714,0.00700215483084321,0,-0.006,0.034
Arsenii Sergeev,CGY,8482949,3,0.013979927636682987,0.00700215483084321,0,-0.006,0.034
Arsenii Sergeev,CGY,8482949,4,0.013980764895677567,0.00700215483084321,0,-0.006,0.034
Arsenii Sergeev,CGY,8482949,5,0.013980090618133545,0.00700215483084321,0,-0.006,0.034
Arsenii Sergeev,CGY,8482949,6,0.01398090273141861,0.00700215483084321,0,-0.006,0.034
Arsenii Sergeev,CGY,8482949,7,0.013982700183987617,0.00700215483084321,0,-0.006,0.034
Arsenii Sergeev,CGY,8482949,8,0.01398193184286356,0.00700215483084321,0,-0.006,0.034
