player_name,team,goalie_id,week,phi,mu_phi,shots_that_week,phi_lo,phi_hi
Ukko-Pekka Luukkonen,BUF,8480045,0,-0.008814843371510506,-0.011086395010352135,0,-0.0288,0.0112
Ukko-Pekka Luukkonen,BUF,8480045,1,-0.007809850852936506,-0.011086395010352135,0,-0.0278,0.0122
Ukko-Pekka Luukkonen,BUF,8480045,2,-0.006802432704716921,-0.011086395010352135,17,-0.0117,-0.0019
Ukko-Pekka Luukkonen,BUF,8480045,3,-0.005785924848169088,-0.011086395010352135,0,-0.0258,0.0142
Ukko-Pekka Luukkonen,BUF,8480045,4,-0.004771573003381491,-0.011086395010352135,0,-0.0248,0.0152
Ukko-Pekka Luukkonen,BUF,8480045,5,-0.0037536327727138996,-0.011086395010352135,36,-0.0071,-0.0005
Ukko-Pekka Luukkonen,BUF,8480045,6,-0.00257047638297081,-0.011086395010352135,50,-0.0054,0.0002
Ukko-Pekka Luukkonen,BUF,8480045,7,-0.0014141029678285122,-0.011086395010352135,25,-0.0054,0.0026
Ukko-Pekka Luukkonen,BUF,8480045,8,-0.00018889515195041895,-0.011086395010352135,50,-0.003,0.0026
Ukko-Pekka Luukkonen,BUF,8480045,9,0.001040744362398982,-0.011086395010352135,90,-0.0011,0.0031
Ukko-Pekka Luukkonen,BUF,8480045,10,0.0021114095579832792,-0.011086395010352135,29,-0.0016,0.0058
Ukko-Pekka Luukkonen,BUF,8480045,11,0.0033164045307785273,-0.011086395010352135,70,0.0009,0.0057
Ukko-Pekka Luukkonen,BUF,8480045,12,0.004434937611222267,-0.011086395010352135,30,0.0007,0.0081
Ukko-Pekka Luukkonen,BUF,8480045,13,0.00585255166515708,-0.011086395010352135,47,0.003,0.0088
Ukko-Pekka Luukkonen,BUF,8480045,14,0.007044610567390919,-0.011086395010352135,43,0.004,0.01
Ukko-Pekka Luukkonen,BUF,8480045,15,0.008023076690733433,-0.011086395010352135,86,0.0058,0.0102
Ukko-Pekka Luukkonen,BUF,8480045,16,0.008854972198605537,-0.011086395010352135,111,0.007,0.0108
Ukko-Pekka Luukkonen,BUF,8480045,17,0.009615850634872913,-0.011086395010352135,91,0.0075,0.0117
Ukko-Pekka Luukkonen,BUF,8480045,18,0.010369304567575455,-0.011086395010352135,85,0.0082,0.0126
Ukko-Pekka Luukkonen,BUF,8480045,19,0.010961951687932014,-0.011086395010352135,6,0.0028,0.0192
Ukko-Pekka Luukkonen,BUF,8480045,20,0.011707830242812634,-0.011086395010352135,0,-0.0083,0.0317
Ukko-Pekka Luukkonen,BUF,8480045,21,0.01244946476072073,-0.011086395010352135,97,0.0104,0.0144
Ukko-Pekka Luukkonen,BUF,8480045,22,0.012817642651498318,-0.011086395010352135,39,0.0096,0.016
Ukko-Pekka Luukkonen,BUF,8480045,23,0.013124600052833557,-0.011086395010352135,85,0.0109,0.0153
Ukko-Pekka Luukkonen,BUF,8480045,24,0.013032402843236923,-0.011086395010352135,93,0.0109,0.0151
Ukko-Pekka Luukkonen,BUF,8480045,25,0.012967807240784168,-0.011086395010352135,73,0.0107,0.0153
Ukko-Pekka Luukkonen,BUF,8480045,26,0.012897973880171776,-0.011086395010352135,70,0.0105,0.0153
Ukko-Pekka Luukkonen,BUF,8480045,27,0.012866336852312088,-0.011086395010352135,61,0.0103,0.0155
Ukko-Pekka Luukkonen,BUF,8480045,28,0.012853909283876419,-0.011086395010352135,34,0.0095,0.0163
Ukko-Pekka Luukkonen,BUF,8480045,29,0.013016358017921448,-0.011086395010352135,0,-0.007,0.033
Ukko-Pekka Luukkonen,BUF,8480045,30,0.013185366988182068,-0.011086395010352135,0,-0.0068,0.0332
Ukko-Pekka Luukkonen,BUF,8480045,31,0.0133552560582757,-0.011086395010352135,110,0.0115,0.0153
Ukko-Pekka Luukkonen,BUF,8480045,32,0.013378085568547249,-0.011086395010352135,48,0.0105,0.0163
Ukko-Pekka Luukkonen,BUF,8480045,33,0.013375493697822094,-0.011086395010352135,0,-0.0066,0.0334
Joel Blomqvist,PIT,8482446,0,-0.01997610740363598,-0.020025236532092094,0,-0.04,0.0
Joel Blomqvist,PIT,8482446,1,-0.01995980553328991,-0.020025236532092094,15,-0.0252,-0.0148
Joel Blomqvist,PIT,8482446,2,-0.020020635798573494,-0.020025236532092094,0,-0.04,-0.0
Joel Blomqvist,PIT,8482446,3,-0.020087894052267075,-0.020025236532092094,0,-0.0401,-0.0001
Joel Blomqvist,PIT,8482446,4,-0.020156648010015488,-0.020025236532092094,0,-0.0402,-0.0002
Joel Blomqvist,PIT,8482446,5,-0.02022220753133297,-0.020025236532092094,0,-0.0402,-0.0002
Joel Blomqvist,PIT,8482446,6,-0.020291566848754883,-0.020025236532092094,0,-0.0403,-0.0003
Joel Blomqvist,PIT,8482446,7,-0.02036486193537712,-0.020025236532092094,0,-0.0404,-0.0004
Joel Blomqvist,PIT,8482446,8,-0.02043367363512516,-0.020025236532092094,0,-0.0404,-0.0004
Joel Blomqvist,PIT,8482446,9,-0.020500047132372856,-0.020025236532092094,0,-0.0405,-0.0005
Joel Blomqvist,PIT,8482446,10,-0.02055603452026844,-0.020025236532092094,0,-0.0406,-0.0006
Joel Blomqvist,PIT,8482446,11,-0.0206136517226696,-0.020025236532092094,0,-0.0406,-0.0006
Joel Blomqvist,PIT,8482446,12,-0.0206507109105587,-0.020025236532092094,0,-0.0407,-0.0007
Joel Blomqvist,PIT,8482446,13,-0.02068694494664669,-0.020025236532092094,0,-0.0407,-0.0007
Joel Blomqvist,PIT,8482446,14,-0.020715514197945595,-0.020025236532092094,0,-0.0407,-0.0007
Joel Blomqvist,PIT,8482446,15,-0.020733188837766647,-0.020025236532092094,0,-0.0407,-0.0007
Joel Blomqvist,PIT,8482446,16,-0.02076904848217964,-0.020025236532092094,0,-0.0408,-0.0008
Joel Blomqvist,PIT,8482446,17,-0.02079828456044197,-0.020025236532092094,0,-0.0408,-0.0008
Joel Blomqvist,PIT,8482446,18,-0.020833272486925125,-0.020025236532092094,0,-0.0408,-0.0008
Joel Blomqvist,PIT,8482446,19,-0.020854247733950615,-0.020025236532092094,0,-0.0409,-0.0009
Joel Blomqvist,PIT,8482446,20,-0.020890124142169952,-0.020025236532092094,0,-0.0409,-0.0009
Joel Blomqvist,PIT,8482446,21,-0.020919550210237503,-0.020025236532092094,0,-0.0409,-0.0009
Joel Blomqvist,PIT,8482446,22,-0.020945705473423004,-0.020025236532092094,0,-0.0409,-0.0009
Joel Blomqvist,PIT,8482446,23,-0.020950673148036003,-0.020025236532092094,0,-0.041,-0.001
Joel Blomqvist,PIT,8482446,24,-0.02094762958586216,-0.020025236532092094,0,-0.0409,-0.0009
Joel Blomqvist,PIT,8482446,25,-0.020937221124768257,-0.020025236532092094,0,-0.0409,-0.0009
Joel Blomqvist,PIT,8482446,26,-0.020955009385943413,-0.020025236532092094,0,-0.041,-0.001
Joel Blomqvist,PIT,8482446,27,-0.020970076322555542,-0.020025236532092094,0,-0.041,-0.001
Joel Blomqvist,PIT,8482446,28,-0.020982198417186737,-0.020025236532092094,0,-0.041,-0.001
Joel Blomqvist,PIT,8482446,29,-0.020993376150727272,-0.020025236532092094,0,-0.041,-0.001
Joel Blomqvist,PIT,8482446,30,-0.020995598286390305,-0.020025236532092094,0,-0.041,-0.001
Joel Blomqvist,PIT,8482446,31,-0.02099856175482273,-0.020025236532092094,0,-0.041,-0.001
Joel Blomqvist,PIT,8482446,32,-0.02099822275340557,-0.020025236532092094,0,-0.041,-0.001
Joel Blomqvist,PIT,8482446,33,-0.021001456305384636,-0.020025236532092094,0,-0.041,-0.001
Filip Larsson,,8479548,0,0.0008149639470502734,0.0009577093878760934,0,-0.0192,0.0208
Filip Larsson,,8479548,1,0.0007481736247427762,0.0009577093878760934,13,-0.0048,0.0062
Filip Larsson,,8479548,2,0.0006858446868136525,0.0009577093878760934,0,-0.0193,0.0207
Filip Larsson,,8479548,3,0.0006191706052049994,0.0009577093878760934,0,-0.0194,0.0206
Filip Larsson,,8479548,4,0.0005500257830135524,0.0009577093878760934,0,-0.0194,0.0206
Filip Larsson,,8479548,5,0.00048523274017497897,0.0009577093878760934,0,-0.0195,0.0205
Filip Larsson,,8479548,6,0.00041505577974021435,0.0009577093878760934,0,-0.0196,0.0204
Filip Larsson,,8479548,7,0.00034334929659962654,0.0009577093878760934,0,-0.0197,0.0203
Filip Larsson,,8479548,8,0.0002719785552471876,0.0009577093878760934,0,-0.0197,0.0203
Filip Larsson,,8479548,9,0.00020836398471146822,0.0009577093878760934,0,-0.0198,0.0202
Filip Larsson,,8479548,10,0.00014982192078605294,0.0009577093878760934,0,-0.0199,0.0201
Filip Larsson,,8479548,11,9.497965220361948e-05,0.0009577093878760934,0,-0.0199,0.0201
Filip Larsson,,8479548,12,5.579780554398894e-05,0.0009577093878760934,0,-0.0199,0.0201
Filip Larsson,,8479548,13,1.9596540369093418e-05,0.0009577093878760934,0,-0.02,0.02
Filip Larsson,,8479548,14,-6.362737622112036e-06,0.0009577093878760934,0,-0.02,0.02
Filip Larsson,,8479548,15,-2.825987758114934e-05,0.0009577093878760934,0,-0.02,0.02
Filip Larsson,,8479548,16,-5.929201142862439e-05,0.0009577093878760934,0,-0.0201,0.0199
Filip Larsson,,8479548,17,-9.343679994344711e-05,0.0009577093878760934,0,-0.0201,0.0199
Filip Larsson,,8479548,18,-0.00012360926484689116,0.0009577093878760934,0,-0.0201,0.0199
Filip Larsson,,8479548,19,-0.0001492469455115497,0.0009577093878760934,0,-0.0201,0.0199
Filip Larsson,,8479548,20,-0.00018026214092969894,0.0009577093878760934,0,-0.0202,0.0198
Filip Larsson,,8479548,21,-0.00021467683836817741,0.0009577093878760934,0,-0.0202,0.0198
Filip Larsson,,8479548,22,-0.0002359640202485025,0.0009577093878760934,0,-0.0202,0.0198
Filip Larsson,,8479548,23,-0.0002450038446113467,0.0009577093878760934,0,-0.0202,0.0198
Filip Larsson,,8479548,24,-0.0002392306923866272,0.0009577093878760934,0,-0.0202,0.0198
Filip Larsson,,8479548,25,-0.0002301749773323536,0.0009577093878760934,0,-0.0202,0.0198
Filip Larsson,,8479548,26,-0.00024810509057715535,0.0009577093878760934,0,-0.0202,0.0198
Filip Larsson,,8479548,27,-0.00026134250219911337,0.0009577093878760934,0,-0.0203,0.0197
Filip Larsson,,8479548,28,-0.00027604540809988976,0.0009577093878760934,0,-0.0203,0.0197
Filip Larsson,,8479548,29,-0.00028492551064118743,0.0009577093878760934,0,-0.0203,0.0197
Filip Larsson,,8479548,30,-0.00028913147980347276,0.0009577093878760934,0,-0.0203,0.0197
Filip Larsson,,8479548,31,-0.0002899662940762937,0.0009577093878760934,0,-0.0203,0.0197
Filip Larsson,,8479548,32,-0.0002921947743743658,0.0009577093878760934,0,-0.0203,0.0197
Filip Larsson,,8479548,33,-0.00029312906553968787,0.0009577093878760934,0,-0.0203,0.0197
Casey DeSmith,DAL,8479193,0,0.040011994540691376,0.03868725523352623,0,0.02,0.06
Casey DeSmith,DAL,8479193,1,0.04060651734471321,0.03868725523352623,33,0.0371,0.0441
Casey DeSmith,DAL,8479193,2,0.041137054562568665,0.03868725523352623,30,0.0374,0.0448
Casey DeSmith,DAL,8479193,3,0.041750483214855194,0.03868725523352623,0,0.0218,0.0618
Casey DeSmith,DAL,8479193,4,0.042353566735982895,0.03868725523352623,40,0.0392,0.0456
Casey DeSmith,DAL,8479193,5,0.04321230575442314,0.03868725523352623,41,0.0401,0.0463
Casey DeSmith,DAL,8479193,6,0.04398646950721741,0.03868725523352623,44,0.041,0.047
Casey DeSmith,DAL,8479193,7,0.0447460375726223,0.03868725523352623,82,0.0425,0.0469
Casey DeSmith,DAL,8479193,8,0.045296985656023026,0.03868725523352623,39,0.0421,0.0485
Casey DeSmith,DAL,8479193,9,0.04558175057172775,0.03868725523352623,47,0.0427,0.0485
Casey DeSmith,DAL,8479193,10,0.045771077275276184,0.03868725523352623,75,0.0435,0.0481
Casey DeSmith,DAL,8479193,11,0.045782312750816345,0.03868725523352623,54,0.0431,0.0485
Casey DeSmith,DAL,8479193,12,0.04579927772283554,0.03868725523352623,46,0.0429,0.0487
Casey DeSmith,DAL,8479193,13,0.04583030566573143,0.03868725523352623,85,0.0436,0.048
Casey DeSmith,DAL,8479193,14,0.045752838253974915,0.03868725523352623,38,0.0426,0.049
Casey DeSmith,DAL,8479193,15,0.0458071231842041,0.03868725523352623,46,0.0429,0.0487
Casey DeSmith,DAL,8479193,16,0.04592757299542427,0.03868725523352623,107,0.044,0.0478
Casey DeSmith,DAL,8479193,17,0.04600419104099274,0.03868725523352623,47,0.0431,0.0489
Casey DeSmith,DAL,8479193,18,0.04594945162534714,0.03868725523352623,36,0.0426,0.0492
Casey DeSmith,DAL,8479193,19,0.0458412729203701,0.03868725523352623,26,0.0419,0.0497
Casey DeSmith,DAL,8479193,20,0.04570045322179794,0.03868725523352623,0,0.0257,0.0657
Casey DeSmith,DAL,8479193,21,0.04556378722190857,0.03868725523352623,35,0.0422,0.049
Casey DeSmith,DAL,8479193,22,0.04526585340499878,0.03868725523352623,0,0.0253,0.0653
Casey DeSmith,DAL,8479193,23,0.04498227685689926,0.03868725523352623,73,0.0427,0.0473
Casey DeSmith,DAL,8479193,24,0.04498279467225075,0.03868725523352623,66,0.0425,0.0475
Casey DeSmith,DAL,8479193,25,0.04481000080704689,0.03868725523352623,36,0.0415,0.0481
Casey DeSmith,DAL,8479193,26,0.04450950026512146,0.03868725523352623,0,0.0245,0.0645
Casey DeSmith,DAL,8479193,27,0.0442126989364624,0.03868725523352623,40,0.041,0.0474
Casey DeSmith,DAL,8479193,28,0.04419782757759094,0.03868725523352623,0,0.0242,0.0642
Casey DeSmith,DAL,8479193,29,0.04419231787323952,0.03868725523352623,0,0.0242,0.0642
Casey DeSmith,DAL,8479193,30,0.04418320953845978,0.03868725523352623,0,0.0242,0.0642
Casey DeSmith,DAL,8479193,31,0.044185761362314224,0.03868725523352623,0,0.0242,0.0642
Casey DeSmith,DAL,8479193,32,0.044183194637298584,0.03868725523352623,0,0.0242,0.0642
Casey DeSmith,DAL,8479193,33,0.044181033968925476,0.03868725523352623,0,0.0242,0.0642
Jordan Binnington,STL,8476412,0,-0.04692312702536583,-0.042892493307590485,28,-0.0507,-0.0431
Jordan Binnington,STL,8476412,1,-0.04876335337758064,-0.042892493307590485,22,-0.0531,-0.0445
Jordan Binnington,STL,8476412,2,-0.05072367191314697,-0.042892493307590485,54,-0.0534,-0.048
Jordan Binnington,STL,8476412,3,-0.05292871966958046,-0.042892493307590485,32,-0.0564,-0.0494
Jordan Binnington,STL,8476412,4,-0.054829034954309464,-0.042892493307590485,81,-0.057,-0.0526
Jordan Binnington,STL,8476412,5,-0.05691912770271301,-0.042892493307590485,101,-0.0589,-0.0549
Jordan Binnington,STL,8476412,6,-0.058657221496105194,-0.042892493307590485,68,-0.0611,-0.0563
Jordan Binnington,STL,8476412,7,-0.0601898729801178,-0.042892493307590485,61,-0.0628,-0.0576
Jordan Binnington,STL,8476412,8,-0.06155892089009285,-0.042892493307590485,92,-0.0637,-0.0595
Jordan Binnington,STL,8476412,9,-0.06293145567178726,-0.042892493307590485,86,-0.0651,-0.0607
Jordan Binnington,STL,8476412,10,-0.06446591764688492,-0.042892493307590485,83,-0.0667,-0.0623
Jordan Binnington,STL,8476412,11,-0.06605944037437439,-0.042892493307590485,81,-0.0683,-0.0639
Jordan Binnington,STL,8476412,12,-0.06719967722892761,-0.042892493307590485,35,-0.0706,-0.0638
Jordan Binnington,STL,8476412,13,-0.06803178042173386,-0.042892493307590485,44,-0.071,-0.065
Jordan Binnington,STL,8476412,14,-0.06893455982208252,-0.042892493307590485,31,-0.0725,-0.0653
Jordan Binnington,STL,8476412,15,-0.06969565153121948,-0.042892493307590485,103,-0.0717,-0.0677
Jordan Binnington,STL,8476412,16,-0.07055045664310455,-0.042892493307590485,80,-0.0728,-0.0684
Jordan Binnington,STL,8476412,17,-0.07094734162092209,-0.042892493307590485,38,-0.0741,-0.0677
Jordan Binnington,STL,8476412,18,-0.0711907148361206,-0.042892493307590485,30,-0.0749,-0.0675
Jordan Binnington,STL,8476412,19,-0.07132085412740707,-0.042892493307590485,80,-0.0735,-0.0691
Jordan Binnington,STL,8476412,20,-0.07119929045438766,-0.042892493307590485,37,-0.0745,-0.0679
Jordan Binnington,STL,8476412,21,-0.0709470808506012,-0.042892493307590485,45,-0.0739,-0.0679
Jordan Binnington,STL,8476412,22,-0.0707709789276123,-0.042892493307590485,77,-0.0731,-0.0685
Jordan Binnington,STL,8476412,23,-0.07077018916606903,-0.042892493307590485,22,-0.0751,-0.0665
Jordan Binnington,STL,8476412,24,-0.07086697220802307,-0.042892493307590485,27,-0.0747,-0.0671
Jordan Binnington,STL,8476412,25,-0.0710228979587555,-0.042892493307590485,36,-0.0743,-0.0677
Jordan Binnington,STL,8476412,26,-0.07129427045583725,-0.042892493307590485,44,-0.0743,-0.0683
Jordan Binnington,STL,8476412,27,-0.07154864817857742,-0.042892493307590485,35,-0.0749,-0.0681
Jordan Binnington,STL,8476412,28,-0.07155898213386536,-0.042892493307590485,0,-0.0916,-0.0516
Jordan Binnington,STL,8476412,29,-0.07157398760318756,-0.042892493307590485,0,-0.0916,-0.0516
Jordan Binnington,STL,8476412,30,-0.07157329469919205,-0.042892493307590485,0,-0.0916,-0.0516
Jordan Binnington,STL,8476412,31,-0.07157717645168304,-0.042892493307590485,0,-0.0916,-0.0516
Jordan Binnington,STL,8476412,32,-0.07157760113477707,-0.042892493307590485,0,-0.0916,-0.0516
Jordan Binnington,STL,8476412,33,-0.07157915830612183,-0.042892493307590485,0,-0.0916,-0.0516
Colten Ellis,BUF,8481551,0,0.011427181772887707,0.010955424048006535,17,0.0065,0.0163
Colten Ellis,BUF,8481551,1,0.011536074802279472,0.010955424048006535,0,-0.0085,0.0315
Colten Ellis,BUF,8481551,2,0.011646196246147156,0.010955424048006535,11,0.0056,0.0176
Colten Ellis,BUF,8481551,3,0.01168013270944357,0.010955424048006535,0,-0.0083,0.0317
Colten Ellis,BUF,8481551,4,0.011712265200912952,0.010955424048006535,0,-0.0083,0.0317
Colten Ellis,BUF,8481551,5,0.011748554185032845,0.010955424048006535,51,0.0089,0.0145
Colten Ellis,BUF,8481551,6,0.01161841582506895,0.010955424048006535,0,-0.0084,0.0316
Colten Ellis,BUF,8481551,7,0.01148859690874815,0.010955424048006535,0,-0.0085,0.0315
Colten Ellis,BUF,8481551,8,0.011356707662343979,0.010955424048006535,91,0.0093,0.0135
Colten Ellis,BUF,8481551,9,0.01138975191861391,0.010955424048006535,94,0.0093,0.0135
Colten Ellis,BUF,8481551,10,0.011584705673158169,0.010955424048006535,36,0.0083,0.0149
Colten Ellis,BUF,8481551,11,0.011753895319998264,0.010955424048006535,47,0.0089,0.0147
Colten Ellis,BUF,8481551,12,0.012002945877611637,0.010955424048006535,9,0.0053,0.0187
Colten Ellis,BUF,8481551,13,0.012208803556859493,0.010955424048006535,0,-0.0078,0.0322
Colten Ellis,BUF,8481551,14,0.01242349948734045,0.010955424048006535,0,-0.0076,0.0324
Colten Ellis,BUF,8481551,15,0.012644650414586067,0.010955424048006535,0,-0.0074,0.0326
Colten Ellis,BUF,8481551,16,0.012854166328907013,0.010955424048006535,45,0.0099,0.0159
Colten Ellis,BUF,8481551,17,0.012953831814229488,0.010955424048006535,85,0.0108,0.0152
Colten Ellis,BUF,8481551,18,0.01307629980146885,0.010955424048006535,0,-0.0069,0.0331
Colten Ellis,BUF,8481551,19,0.013203003443777561,0.010955424048006535,27,0.0094,0.017
Colten Ellis,BUF,8481551,20,0.01330732274800539,0.010955424048006535,49,0.0104,0.0162
Colten Ellis,BUF,8481551,21,0.01345356646925211,0.010955424048006535,0,-0.0065,0.0335
Colten Ellis,BUF,8481551,22,0.0136133823543787,0.010955424048006535,0,-0.0064,0.0336
Colten Ellis,BUF,8481551,23,0.013785198330879211,0.010955424048006535,0,-0.0062,0.0338
Colten Ellis,BUF,8481551,24,0.013972143642604351,0.010955424048006535,0,-0.006,0.034
Colten Ellis,BUF,8481551,25,0.014162126928567886,0.010955424048006535,37,0.0109,0.0175
Colten Ellis,BUF,8481551,26,0.014401988126337528,0.010955424048006535,57,0.0118,0.017
Colten Ellis,BUF,8481551,27,0.014330355450510979,0.010955424048006535,37,0.011,0.0176
Colten Ellis,BUF,8481551,28,0.014315800741314888,0.010955424048006535,0,-0.0057,0.0343
Colten Ellis,BUF,8481551,29,0.014306928031146526,0.010955424048006535,0,-0.0057,0.0343
Colten Ellis,BUF,8481551,30,0.014302491210401058,0.010955424048006535,0,-0.0057,0.0343
Colten Ellis,BUF,8481551,31,0.014302060008049011,0.010955424048006535,0,-0.0057,0.0343
Colten Ellis,BUF,8481551,32,0.014299416914582253,0.010955424048006535,0,-0.0057,0.0343
Colten Ellis,BUF,8481551,33,0.01429870817810297,0.010955424048006535,0,-0.0057,0.0343
8476433,,8476433,0,-0.00010794011177495122,2.5820920200203545e-05,0,-0.0201,0.0199
8476433,,8476433,1,-0.0001706873154034838,2.5820920200203545e-05,0,-0.0202,0.0198
8476433,,8476433,2,-0.0002329873968847096,2.5820920200203545e-05,0,-0.0202,0.0198
8476433,,8476433,3,-0.0002997785632032901,2.5820920200203545e-05,0,-0.0203,0.0197
8476433,,8476433,4,-0.00036882655695080757,2.5820920200203545e-05,0,-0.0204,0.0196
8476433,,8476433,5,-0.0004337510035838932,2.5820920200203545e-05,0,-0.0204,0.0196
8476433,,8476433,6,-0.0005038664094172418,2.5820920200203545e-05,0,-0.0205,0.0195
8476433,,8476433,7,-0.0005756202735938132,2.5820920200203545e-05,0,-0.0206,0.0194
8476433,,8476433,8,-0.0006470115622505546,2.5820920200203545e-05,0,-0.0206,0.0194
8476433,,8476433,9,-0.0007106167613528669,2.5820920200203545e-05,0,-0.0207,0.0193
8476433,,8476433,10,-0.0007692051003687084,2.5820920200203545e-05,0,-0.0208,0.0192
8476433,,8476433,11,-0.0008240396273322403,2.5820920200203545e-05,0,-0.0208,0.0192
8476433,,8476433,12,-0.0008632414392195642,2.5820920200203545e-05,0,-0.0209,0.0191
8476433,,8476433,13,-0.0008994625532068312,2.5820920200203545e-05,0,-0.0209,0.0191
8476433,,8476433,14,-0.0009254143224097788,2.5820920200203545e-05,0,-0.0209,0.0191
8476433,,8476433,15,-0.0009473698446527123,2.5820920200203545e-05,0,-0.0209,0.0191
8476433,,8476433,16,-0.0009783245623111725,2.5820920200203545e-05,0,-0.021,0.019
8476433,,8476433,17,-0.001012595952488482,2.5820920200203545e-05,0,-0.021,0.019
8476433,,8476433,18,-0.0010426822118461132,2.5820920200203545e-05,0,-0.021,0.019
8476433,,8476433,19,-0.0010683974251151085,2.5820920200203545e-05,0,-0.0211,0.0189
8476433,,8476433,20,-0.0010993605246767402,2.5820920200203545e-05,0,-0.0211,0.0189
8476433,,8476433,21,-0.0011338390177115798,2.5820920200203545e-05,0,-0.0211,0.0189
8476433,,8476433,22,-0.0011550828348845243,2.5820920200203545e-05,0,-0.0212,0.0188
8476433,,8476433,23,-0.0011641824385151267,2.5820920200203545e-05,0,-0.0212,0.0188
8476433,,8476433,24,-0.0011583722662180662,2.5820920200203545e-05,0,-0.0212,0.0188
8476433,,8476433,25,-0.0011493454221636057,2.5820920200203545e-05,0,-0.0211,0.0189
8476433,,8476433,26,-0.0011672737309709191,2.5820920200203545e-05,0,-0.0212,0.0188
8476433,,8476433,27,-0.001180513994768262,2.5820920200203545e-05,0,-0.0212,0.0188
8476433,,8476433,28,-0.0011952206259593368,2.5820920200203545e-05,0,-0.0212,0.0188
8476433,,8476433,29,-0.0012041103327646852,2.5820920200203545e-05,0,-0.0212,0.0188
8476433,,8476433,30,-0.0012083136243745685,2.5820920200203545e-05,0,-0.0212,0.0188
8476433,,8476433,31,-0.0012091421522200108,2.5820920200203545e-05,0,-0.0212,0.0188
8476433,,8476433,32,-0.0012113903649151325,2.5820920200203545e-05,0,-0.0212,0.0188
8476433,,8476433,33,-0.0012123355409130454,2.5820920200203545e-05,0,-0.0212,0.0188
Jesper Wallstedt,MIN,8482661,0,0.025563741102814674,0.023042922839522362,41,0.0225,0.0287
Jesper Wallstedt,MIN,8482661,1,0.02662007324397564,0.023042922839522362,19,0.022,0.0312
Jesper Wallstedt,MIN,8482661,2,0.027584537863731384,0.023042922839522362,43,0.0246,0.0306
Jesper Wallstedt,MIN,8482661,3,0.028477942571043968,0.023042922839522362,0,0.0085,0.0485
Jesper Wallstedt,MIN,8482661,4,0.029372025281190872,0.023042922839522362,84,0.0272,0.0316
Jesper Wallstedt,MIN,8482661,5,0.030139075592160225,0.023042922839522362,32,0.0266,0.0336
Jesper Wallstedt,MIN,8482661,6,0.03125550225377083,0.023042922839522362,0,0.0113,0.0513
Jesper Wallstedt,MIN,8482661,7,0.032368775457143784,0.023042922839522362,87,0.0303,0.0345
Jesper Wallstedt,MIN,8482661,8,0.03322891518473625,0.023042922839522362,41,0.0301,0.0363
Jesper Wallstedt,MIN,8482661,9,0.03384457156062126,0.023042922839522362,112,0.0319,0.0357
Jesper Wallstedt,MIN,8482661,10,0.034146394580602646,0.023042922839522362,60,0.0315,0.0367
Jesper Wallstedt,MIN,8482661,11,0.03429260104894638,0.023042922839522362,84,0.0321,0.0365
Jesper Wallstedt,MIN,8482661,12,0.03433939442038536,0.023042922839522362,55,0.0316,0.037
Jesper Wallstedt,MIN,8482661,13,0.03413347527384758,0.023042922839522362,102,0.0321,0.0361
Jesper Wallstedt,MIN,8482661,14,0.033913347870111465,0.023042922839522362,41,0.0308,0.037
Jesper Wallstedt,MIN,8482661,15,0.03374306485056877,0.023042922839522362,101,0.0317,0.0357
Jesper Wallstedt,MIN,8482661,16,0.03363458812236786,0.023042922839522362,54,0.0309,0.0363
Jesper Wallstedt,MIN,8482661,17,0.03341923654079437,0.023042922839522362,70,0.031,0.0358
Jesper Wallstedt,MIN,8482661,18,0.03388267010450363,0.023042922839522362,49,0.031,0.0368
Jesper Wallstedt,MIN,8482661,19,0.03448027744889259,0.023042922839522362,110,0.0326,0.0364
Jesper Wallstedt,MIN,8482661,20,0.03486040234565735,0.023042922839522362,0,0.0149,0.0549
Jesper Wallstedt,MIN,8482661,21,0.03523404151201248,0.023042922839522362,53,0.0325,0.0379
Jesper Wallstedt,MIN,8482661,22,0.03579375147819519,0.023042922839522362,74,0.0335,0.0381
Jesper Wallstedt,MIN,8482661,23,0.036471523344516754,0.023042922839522362,44,0.0335,0.0395
Jesper Wallstedt,MIN,8482661,24,0.037116002291440964,0.023042922839522362,32,0.0336,0.0406
Jesper Wallstedt,MIN,8482661,25,0.03773001953959465,0.023042922839522362,45,0.0347,0.0407
Jesper Wallstedt,MIN,8482661,26,0.03819333389401436,0.023042922839522362,77,0.0359,0.0405
Jesper Wallstedt,MIN,8482661,27,0.038602564483881,0.023042922839522362,99,0.0366,0.0406
Jesper Wallstedt,MIN,8482661,28,0.038572587072849274,0.023042922839522362,164,0.037,0.0402
Jesper Wallstedt,MIN,8482661,29,0.038449402898550034,0.023042922839522362,132,0.0367,0.0401
Jesper Wallstedt,MIN,8482661,30,0.03872203826904297,0.023042922839522362,59,0.0361,0.0413
Jesper Wallstedt,MIN,8482661,31,0.03874058648943901,0.023042922839522362,115,0.0368,0.0406
Jesper Wallstedt,MIN,8482661,32,0.038746241480112076,0.023042922839522362,0,0.0187,0.0587
Jesper Wallstedt,MIN,8482661,33,0.03873826935887337,0.023042922839522362,0,0.0187,0.0587
Kaapo Kahkonen,MTL,8478039,0,-0.005110723897814751,-0.005075435619801283,0,-0.0251,0.0149
Kaapo Kahkonen,MTL,8478039,1,-0.005129727069288492,-0.005075435619801283,58,-0.0077,-0.0025
Kaapo Kahkonen,MTL,8478039,2,-0.005191916134208441,-0.005075435619801283,0,-0.0252,0.0148
Kaapo Kahkonen,MTL,8478039,3,-0.005258763208985329,-0.005075435619801283,0,-0.0253,0.0147
Kaapo Kahkonen,MTL,8478039,4,-0.0053281402215361595,-0.005075435619801283,0,-0.0253,0.0147
Kaapo Kahkonen,MTL,8478039,5,-0.00539275212213397,-0.005075435619801283,0,-0.0254,0.0146
Kaapo Kahkonen,MTL,8478039,6,-0.005463344044983387,-0.005075435619801283,0,-0.0255,0.0145
Kaapo Kahkonen,MTL,8478039,7,-0.005534578114748001,-0.005075435619801283,0,-0.0255,0.0145
Kaapo Kahkonen,MTL,8478039,8,-0.005606645718216896,-0.005075435619801283,0,-0.0256,0.0144
Kaapo Kahkonen,MTL,8478039,9,-0.005669921170920134,-0.005075435619801283,0,-0.0257,0.0143
Kaapo Kahkonen,MTL,8478039,10,-0.005728475749492645,-0.005075435619801283,0,-0.0257,0.0143
Kaapo Kahkonen,MTL,8478039,11,-0.005783834494650364,-0.005075435619801283,0,-0.0258,0.0142
Kaapo Kahkonen,MTL,8478039,12,-0.00582242151722312,-0.005075435619801283,0,-0.0258,0.0142
Kaapo Kahkonen,MTL,8478039,13,-0.005859301425516605,-0.005075435619801283,0,-0.0259,0.0141
Kaapo Kahkonen,MTL,8478039,14,-0.005884956568479538,-0.005075435619801283,0,-0.0259,0.0141
Kaapo Kahkonen,MTL,8478039,15,-0.005906911101192236,-0.005075435619801283,0,-0.0259,0.0141
Kaapo Kahkonen,MTL,8478039,16,-0.005938169080764055,-0.005075435619801283,0,-0.0259,0.0141
Kaapo Kahkonen,MTL,8478039,17,-0.0059721400029957294,-0.005075435619801283,0,-0.026,0.014
Kaapo Kahkonen,MTL,8478039,18,-0.006002677138894796,-0.005075435619801283,0,-0.026,0.014
Kaapo Kahkonen,MTL,8478039,19,-0.006027887109667063,-0.005075435619801283,0,-0.026,0.014
Kaapo Kahkonen,MTL,8478039,20,-0.006059500854462385,-0.005075435619801283,0,-0.0261,0.0139
Kaapo Kahkonen,MTL,8478039,21,-0.006093310192227364,-0.005075435619801283,0,-0.0261,0.0139
Kaapo Kahkonen,MTL,8478039,22,-0.006115199066698551,-0.005075435619801283,0,-0.0261,0.0139
Kaapo Kahkonen,MTL,8478039,23,-0.00612393394112587,-0.005075435619801283,0,-0.0261,0.0139
Kaapo Kahkonen,MTL,8478039,24,-0.006118417251855135,-0.005075435619801283,0,-0.0261,0.0139
Kaapo Kahkonen,MTL,8478039,25,-0.006109132431447506,-0.005075435619801283,0,-0.0261,0.0139
Kaapo Kahkonen,MTL,8478039,26,-0.0061272806487977505,-0.005075435619801283,0,-0.0261,0.0139
Kaapo Kahkonen,MTL,8478039,27,-0.006140446290373802,-0.005075435619801283,0,-0.0261,0.0139
Kaapo Kahkonen,MTL,8478039,28,-0.006155102513730526,-0.005075435619801283,0,-0.0262,0.0138
Kaapo Kahkonen,MTL,8478039,29,-0.0061642201617360115,-0.005075435619801283,0,-0.0262,0.0138
Kaapo Kahkonen,MTL,8478039,30,-0.006168173160403967,-0.005075435619801283,0,-0.0262,0.0138
Kaapo Kahkonen,MTL,8478039,31,-0.00616922602057457,-0.005075435619801283,0,-0.0262,0.0138
Kaapo Kahkonen,MTL,8478039,32,-0.006171224173158407,-0.005075435619801283,0,-0.0262,0.0138
Kaapo Kahkonen,MTL,8478039,33,-0.006172508932650089,-0.005075435619801283,0,-0.0262,0.0138
Spencer Knight,CHI,8481519,0,0.03358990326523781,0.031365085393190384,0,0.0136,0.0536
Spencer Knight,CHI,8481519,1,0.034575507044792175,0.031365085393190384,37,0.0313,0.0379
Spencer Knight,CHI,8481519,2,0.0354883074760437,0.031365085393190384,67,0.0331,0.0379
Spencer Knight,CHI,8481519,3,0.03656985983252525,0.031365085393190384,93,0.0345,0.0387
Spencer Knight,CHI,8481519,4,0.037535086274147034,0.031365085393190384,151,0.0359,0.0391
Spencer Knight,CHI,8481519,5,0.0378551110625267,0.031365085393190384,54,0.0352,0.0406
Spencer Knight,CHI,8481519,6,0.03803613781929016,0.031365085393190384,131,0.0363,0.0397
Spencer Knight,CHI,8481519,7,0.038564443588256836,0.031365085393190384,109,0.0367,0.0405
Spencer Knight,CHI,8481519,8,0.03857151418924332,0.031365085393190384,103,0.0366,0.0406
Spencer Knight,CHI,8481519,9,0.038514651358127594,0.031365085393190384,81,0.0363,0.0407
Spencer Knight,CHI,8481519,10,0.038430795073509216,0.031365085393190384,82,0.0362,0.0406
Spencer Knight,CHI,8481519,11,0.03850893676280975,0.031365085393190384,131,0.0368,0.0402
Spencer Knight,CHI,8481519,12,0.03870376944541931,0.031365085393190384,75,0.0364,0.041
Spencer Knight,CHI,8481519,13,0.038727741688489914,0.031365085393190384,94,0.0366,0.0408
Spencer Knight,CHI,8481519,14,0.03874939680099487,0.031365085393190384,51,0.0359,0.0415
Spencer Knight,CHI,8481519,15,0.03905518725514412,0.031365085393190384,120,0.0373,0.0409
Spencer Knight,CHI,8481519,16,0.03919345140457153,0.031365085393190384,46,0.0363,0.0421
Spencer Knight,CHI,8481519,17,0.039301685988903046,0.031365085393190384,84,0.0371,0.0415
Spencer Knight,CHI,8481519,18,0.03929165378212929,0.031365085393190384,134,0.0376,0.041
Spencer Knight,CHI,8481519,19,0.03906574100255966,0.031365085393190384,83,0.0369,0.0413
Spencer Knight,CHI,8481519,20,0.03889529034495354,0.031365085393190384,76,0.0366,0.0412
Spencer Knight,CHI,8481519,21,0.038756612688302994,0.031365085393190384,88,0.0367,0.0409
Spencer Knight,CHI,8481519,22,0.038596779108047485,0.031365085393190384,103,0.0366,0.0406
Spencer Knight,CHI,8481519,23,0.038280945271253586,0.031365085393190384,137,0.0366,0.04
Spencer Knight,CHI,8481519,24,0.03776179254055023,0.031365085393190384,128,0.036,0.0396
Spencer Knight,CHI,8481519,25,0.03713105618953705,0.031365085393190384,86,0.0349,0.0393
Spencer Knight,CHI,8481519,26,0.036368291825056076,0.031365085393190384,74,0.0341,0.0387
Spencer Knight,CHI,8481519,27,0.0361209437251091,0.031365085393190384,68,0.0337,0.0385
Spencer Knight,CHI,8481519,28,0.03610427305102348,0.031365085393190384,0,0.0161,0.0561
Spencer Knight,CHI,8481519,29,0.03609907254576683,0.031365085393190384,0,0.0161,0.0561
Spencer Knight,CHI,8481519,30,0.03608904406428337,0.031365085393190384,0,0.0161,0.0561
Spencer Knight,CHI,8481519,31,0.03609557822346687,0.031365085393190384,0,0.0161,0.0561
Spencer Knight,CHI,8481519,32,0.03608504682779312,0.031365085393190384,0,0.0161,0.0561
Spencer Knight,CHI,8481519,33,0.036090534180402756,0.031365085393190384,0,0.0161,0.0561
Matt Murray,NSH,8483575,0,0.001460994710214436,0.0013859550235792994,18,-0.0032,0.0062
Matt Murray,NSH,8483575,1,0.0013461299240589142,0.0013859550235792994,6,-0.0069,0.0095
Matt Murray,NSH,8483575,2,0.0012839068658649921,0.0013859550235792994,0,-0.0187,0.0213
Matt Murray,NSH,8483575,3,0.0012170275440439582,0.0013859550235792994,0,-0.0188,0.0212
Matt Murray,NSH,8483575,4,0.001148083945736289,0.0013859550235792994,0,-0.0189,0.0211
Matt Murray,NSH,8483575,5,0.0010831286199390888,0.0013859550235792994,0,-0.0189,0.0211
Matt Murray,NSH,8483575,6,0.0010130906011909246,0.0013859550235792994,0,-0.019,0.021
Matt Murray,NSH,8483575,7,0.0009413174702785909,0.0013859550235792994,0,-0.0191,0.0209
Matt Murray,NSH,8483575,8,0.0008698944584466517,0.0013859550235792994,0,-0.0191,0.0209
Matt Murray,NSH,8483575,9,0.0008064285502769053,0.0013859550235792994,0,-0.0192,0.0208
Matt Murray,NSH,8483575,10,0.0007477098843082786,0.0013859550235792994,0,-0.0193,0.0207
Matt Murray,NSH,8483575,11,0.0006930066156201065,0.0013859550235792994,0,-0.0193,0.0207
Matt Murray,NSH,8483575,12,0.0006537340814247727,0.0013859550235792994,0,-0.0193,0.0207
Matt Murray,NSH,8483575,13,0.0006176192546263337,0.0013859550235792994,0,-0.0194,0.0206
Matt Murray,NSH,8483575,14,0.0005915502551943064,0.0013859550235792994,0,-0.0194,0.0206
Matt Murray,NSH,8483575,15,0.0005697537562809885,0.0013859550235792994,0,-0.0194,0.0206
Matt Murray,NSH,8483575,16,0.0005386691773310304,0.0013859550235792994,0,-0.0195,0.0205
Matt Murray,NSH,8483575,17,0.0005045629804953933,0.0013859550235792994,0,-0.0195,0.0205
Matt Murray,NSH,8483575,18,0.00047429988626390696,0.0013859550235792994,0,-0.0195,0.0205
Matt Murray,NSH,8483575,19,0.00044881540816277266,0.0013859550235792994,0,-0.0196,0.0204
Matt Murray,NSH,8483575,20,0.0004176617367193103,0.0013859550235792994,0,-0.0196,0.0204
Matt Murray,NSH,8483575,21,0.0003832950023934245,0.0013859550235792994,0,-0.0196,0.0204
Matt Murray,NSH,8483575,22,0.0003620702773332596,0.0013859550235792994,0,-0.0196,0.0204
Matt Murray,NSH,8483575,23,0.00035285833291709423,0.0013859550235792994,0,-0.0196,0.0204
Matt Murray,NSH,8483575,24,0.00035888038109987974,0.0013859550235792994,0,-0.0196,0.0204
Matt Murray,NSH,8483575,25,0.0003676826599985361,0.0013859550235792994,0,-0.0196,0.0204
Matt Murray,NSH,8483575,26,0.0003499584272503853,0.0013859550235792994,0,-0.0197,0.0203
Matt Murray,NSH,8483575,27,0.0003365919692441821,0.0013859550235792994,0,-0.0197,0.0203
Matt Murray,NSH,8483575,28,0.00032195134554058313,0.0013859550235792994,0,-0.0197,0.0203
Matt Murray,NSH,8483575,29,0.00031299947295337915,0.0013859550235792994,0,-0.0197,0.0203
Matt Murray,NSH,8483575,30,0.0003089035162702203,0.0013859550235792994,0,-0.0197,0.0203
Matt Murray,NSH,8483575,31,0.0003080114256590605,0.0013859550235792994,0,-0.0197,0.0203
Matt Murray,NSH,8483575,32,0.0003057208377867937,0.0013859550235792994,0,-0.0197,0.0203
Matt Murray,NSH,8483575,33,0.00030488683842122555,0.0013859550235792994,0,-0.0197,0.0203
8481749,,8481749,0,-0.0011324292281642556,-0.0009986525401473045,0,-0.0211,0.0189
8481749,,8481749,1,-0.0011952663771808147,-0.0009986525401473045,0,-0.0212,0.0188
8481749,,8481749,2,-0.0012574719730764627,-0.0009986525401473045,0,-0.0213,0.0187
8481749,,8481749,3,-0.001324431854300201,-0.0009986525401473045,0,-0.0213,0.0187
8481749,,8481749,4,-0.0013934066519141197,-0.0009986525401473045,0,-0.0214,0.0186
8481749,,8481749,5,-0.0014583916636183858,-0.0009986525401473045,0,-0.0215,0.0185
8481749,,8481749,6,-0.0015285918489098549,-0.0009986525401473045,0,-0.0215,0.0185
8481749,,8481749,7,-0.0016002384945750237,-0.0009986525401473045,0,-0.0216,0.0184
8481749,,8481749,8,-0.00167183973826468,-0.0009986525401473045,0,-0.0217,0.0183
8481749,,8481749,9,-0.0017352814320474863,-0.0009986525401473045,0,-0.0217,0.0183
8481749,,8481749,10,-0.0017940414836630225,-0.0009986525401473045,0,-0.0218,0.0182
8481749,,8481749,11,-0.0018487840425223112,-0.0009986525401473045,0,-0.0218,0.0182
8481749,,8481749,12,-0.001888123108074069,-0.0009986525401473045,0,-0.0219,0.0181
8481749,,8481749,13,-0.0019242550479248166,-0.0009986525401473045,0,-0.0219,0.0181
8481749,,8481749,14,-0.0019503204384818673,-0.0009986525401473045,0,-0.022,0.018
8481749,,8481749,15,-0.00197222619317472,-0.0009986525401473045,0,-0.022,0.018
8481749,,8481749,16,-0.0020032464526593685,-0.0009986525401473045,0,-0.022,0.018
8481749,,8481749,17,-0.0020374967716634274,-0.0009986525401473045,0,-0.022,0.018
8481749,,8481749,18,-0.002067653927952051,-0.0009986525401473045,0,-0.0221,0.0179
8481749,,8481749,19,-0.0020932790357619524,-0.0009986525401473045,0,-0.0221,0.0179
8481749,,8481749,20,-0.0021243994124233723,-0.0009986525401473045,0,-0.0221,0.0179
8481749,,8481749,21,-0.002158769639208913,-0.0009986525401473045,0,-0.0222,0.0178
8481749,,8481749,22,-0.0021801108960062265,-0.0009986525401473045,0,-0.0222,0.0178
8481749,,8481749,23,-0.002189159858971834,-0.0009986525401473045,0,-0.0222,0.0178
8481749,,8481749,24,-0.002183375181630254,-0.0009986525401473045,0,-0.0222,0.0178
8481749,,8481749,25,-0.002174406312406063,-0.0009986525401473045,0,-0.0222,0.0178
8481749,,8481749,26,-0.0021922686137259007,-0.0009986525401473045,0,-0.0222,0.0178
8481749,,8481749,27,-0.0022055511362850666,-0.0009986525401473045,0,-0.0222,0.0178
8481749,,8481749,28,-0.002220307243987918,-0.0009986525401473045,0,-0.0222,0.0178
8481749,,8481749,29,-0.0022291047498583794,-0.0009986525401473045,0,-0.0222,0.0178
8481749,,8481749,30,-0.0022333981469273567,-0.0009986525401473045,0,-0.0222,0.0178
8481749,,8481749,31,-0.002234160900115967,-0.0009986525401473045,0,-0.0222,0.0178
8481749,,8481749,32,-0.0022365120239555836,-0.0009986525401473045,0,-0.0222,0.0178
8481749,,8481749,33,-0.002237394917756319,-0.0009986525401473045,0,-0.0222,0.0178
Cooper Black,FLA,8484900,0,-0.010928219184279442,-0.010303632356226444,16,-0.0159,-0.0059
Cooper Black,FLA,8484900,1,-0.011226036585867405,-0.010303632356226444,0,-0.0312,0.0088
Cooper Black,FLA,8484900,2,-0.011521058157086372,-0.010303632356226444,10,-0.0178,-0.0052
Cooper Black,FLA,8484900,3,-0.01158884633332491,-0.010303632356226444,0,-0.0316,0.0084
Cooper Black,FLA,8484900,4,-0.0116573516279459,-0.010303632356226444,0,-0.0317,0.0083
Cooper Black,FLA,8484900,5,-0.011723420582711697,-0.010303632356226444,0,-0.0317,0.0083
Cooper Black,FLA,8484900,6,-0.011792977340519428,-0.010303632356226444,0,-0.0318,0.0082
Cooper Black,FLA,8484900,7,-0.011865238659083843,-0.010303632356226444,0,-0.0319,0.0081
Cooper Black,FLA,8484900,8,-0.01193698775023222,-0.010303632356226444,0,-0.0319,0.0081
Cooper Black,FLA,8484900,9,-0.012000094167888165,-0.010303632356226444,0,-0.032,0.008
Cooper Black,FLA,8484900,10,-0.012060081586241722,-0.010303632356226444,0,-0.0321,0.0079
Cooper Black,FLA,8484900,11,-0.01211334764957428,-0.010303632356226444,0,-0.0321,0.0079
Cooper Black,FLA,8484900,12,-0.012154619209468365,-0.010303632356226444,0,-0.0322,0.0078
Cooper Black,FLA,8484900,13,-0.012189318425953388,-0.010303632356226444,0,-0.0322,0.0078
Cooper Black,FLA,8484900,14,-0.012216882780194283,-0.010303632356226444,0,-0.0322,0.0078
Cooper Black,FLA,8484900,15,-0.01223768014460802,-0.010303632356226444,0,-0.0322,0.0078
Cooper Black,FLA,8484900,16,-0.012269459664821625,-0.010303632356226444,0,-0.0323,0.0077
Cooper Black,FLA,8484900,17,-0.012303944677114487,-0.010303632356226444,0,-0.0323,0.0077
Cooper Black,FLA,8484900,18,-0.012333842925727367,-0.010303632356226444,0,-0.0323,0.0077
Cooper Black,FLA,8484900,19,-0.012359672226011753,-0.010303632356226444,0,-0.0324,0.0076
Cooper Black,FLA,8484900,20,-0.012390980497002602,-0.010303632356226444,0,-0.0324,0.0076
Cooper Black,FLA,8484900,21,-0.012425320222973824,-0.010303632356226444,0,-0.0324,0.0076
Cooper Black,FLA,8484900,22,-0.012446893379092216,-0.010303632356226444,0,-0.0324,0.0076
Cooper Black,FLA,8484900,23,-0.012455766089260578,-0.010303632356226444,0,-0.0325,0.0075
Cooper Black,FLA,8484900,24,-0.012450342997908592,-0.010303632356226444,0,-0.0325,0.0075
Cooper Black,FLA,8484900,25,-0.012441068887710571,-0.010303632356226444,0,-0.0324,0.0076
Cooper Black,FLA,8484900,26,-0.012459222227334976,-0.010303632356226444,0,-0.0325,0.0075
Cooper Black,FLA,8484900,27,-0.012472654692828655,-0.010303632356226444,0,-0.0325,0.0075
Cooper Black,FLA,8484900,28,-0.01248711347579956,-0.010303632356226444,0,-0.0325,0.0075
Cooper Black,FLA,8484900,29,-0.012496104463934898,-0.010303632356226444,0,-0.0325,0.0075
Cooper Black,FLA,8484900,30,-0.012500574812293053,-0.010303632356226444,0,-0.0325,0.0075
Cooper Black,FLA,8484900,31,-0.012501182965934277,-0.010303632356226444,0,-0.0325,0.0075
Cooper Black,FLA,8484900,32,-0.0125036109238863,-0.010303632356226444,0,-0.0325,0.0075
Cooper Black,FLA,8484900,33,-0.012504709884524345,-0.010303632356226444,0,-0.0325,0.0075
Ivan Fedotov,CBJ,8478905,0,-0.03162005543708801,-0.03188302740454674,21,-0.036,-0.0272
Ivan Fedotov,CBJ,8478905,1,-0.031546298414468765,-0.03188302740454674,39,-0.0347,-0.0283
Ivan Fedotov,CBJ,8478905,2,-0.031599897891283035,-0.03188302740454674,0,-0.0516,-0.0116
Ivan Fedotov,CBJ,8478905,3,-0.03167589008808136,-0.03188302740454674,0,-0.0517,-0.0117
Ivan Fedotov,CBJ,8478905,4,-0.031736087054014206,-0.03188302740454674,0,-0.0517,-0.0117
Ivan Fedotov,CBJ,8478905,5,-0.03180808573961258,-0.03188302740454674,0,-0.0518,-0.0118
Ivan Fedotov,CBJ,8478905,6,-0.03187485411763191,-0.03188302740454674,0,-0.0519,-0.0119
Ivan Fedotov,CBJ,8478905,7,-0.031946323812007904,-0.03188302740454674,0,-0.0519,-0.0119
Ivan Fedotov,CBJ,8478905,8,-0.032019585371017456,-0.03188302740454674,0,-0.052,-0.012
Ivan Fedotov,CBJ,8478905,9,-0.03208167850971222,-0.03188302740454674,0,-0.0521,-0.0121
Ivan Fedotov,CBJ,8478905,10,-0.0321405865252018,-0.03188302740454674,0,-0.0521,-0.0121
Ivan Fedotov,CBJ,8478905,11,-0.03219607099890709,-0.03188302740454674,0,-0.0522,-0.0122
Ivan Fedotov,CBJ,8478905,12,-0.03223558887839317,-0.03188302740454674,0,-0.0522,-0.0122
Ivan Fedotov,CBJ,8478905,13,-0.03226907551288605,-0.03188302740454674,0,-0.0523,-0.0123
Ivan Fedotov,CBJ,8478905,14,-0.032299336045980453,-0.03188302740454674,0,-0.0523,-0.0123
Ivan Fedotov,CBJ,8478905,15,-0.03231732174754143,-0.03188302740454674,0,-0.0523,-0.0123
Ivan Fedotov,CBJ,8478905,16,-0.032351355999708176,-0.03188302740454674,0,-0.0524,-0.0124
Ivan Fedotov,CBJ,8478905,17,-0.0323835089802742,-0.03188302740454674,0,-0.0524,-0.0124
Ivan Fedotov,CBJ,8478905,18,-0.03241421654820442,-0.03188302740454674,0,-0.0524,-0.0124
Ivan Fedotov,CBJ,8478905,19,-0.03244177997112274,-0.03188302740454674,0,-0.0524,-0.0124
Ivan Fedotov,CBJ,8478905,20,-0.03246847912669182,-0.03188302740454674,0,-0.0525,-0.0125
Ivan Fedotov,CBJ,8478905,21,-0.03250754997134209,-0.03188302740454674,0,-0.0525,-0.0125
Ivan Fedotov,CBJ,8478905,22,-0.03252636268734932,-0.03188302740454674,0,-0.0525,-0.0125
Ivan Fedotov,CBJ,8478905,23,-0.032535769045352936,-0.03188302740454674,0,-0.0525,-0.0125
Ivan Fedotov,CBJ,8478905,24,-0.032530587166547775,-0.03188302740454674,0,-0.0525,-0.0125
Ivan Fedotov,CBJ,8478905,25,-0.0325215607881546,-0.03188302740454674,0,-0.0525,-0.0125
Ivan Fedotov,CBJ,8478905,26,-0.032537367194890976,-0.03188302740454674,0,-0.0525,-0.0125
Ivan Fedotov,CBJ,8478905,27,-0.032553963363170624,-0.03188302740454674,0,-0.0526,-0.0126
Ivan Fedotov,CBJ,8478905,28,-0.03256654739379883,-0.03188302740454674,0,-0.0526,-0.0126
Ivan Fedotov,CBJ,8478905,29,-0.032575737684965134,-0.03188302740454674,0,-0.0526,-0.0126
Ivan Fedotov,CBJ,8478905,30,-0.03258056938648224,-0.03188302740454674,0,-0.0526,-0.0126
Ivan Fedotov,CBJ,8478905,31,-0.032579854130744934,-0.03188302740454674,0,-0.0526,-0.0126
Ivan Fedotov,CBJ,8478905,32,-0.032585181295871735,-0.03188302740454674,0,-0.0526,-0.0126
Ivan Fedotov,CBJ,8478905,33,-0.03258306533098221,-0.03188302740454674,0,-0.0526,-0.0126
Hunter Shepard,OTT,8482411,0,-0.01867927424609661,-0.018531549721956253,0,-0.0387,0.0013
Hunter Shepard,OTT,8482411,1,-0.01875082030892372,-0.018531549721956253,9,-0.0255,-0.0121
Hunter Shepard,OTT,8482411,2,-0.018915856257081032,-0.018531549721956253,0,-0.0389,0.0011
Hunter Shepard,OTT,8482411,3,-0.01908738911151886,-0.018531549721956253,0,-0.0391,0.0009
Hunter Shepard,OTT,8482411,4,-0.01926148310303688,-0.018531549721956253,0,-0.0393,0.0007
Hunter Shepard,OTT,8482411,5,-0.019429771229624748,-0.018531549721956253,0,-0.0394,0.0006
Hunter Shepard,OTT,8482411,6,-0.019606444984674454,-0.018531549721956253,0,-0.0396,0.0004
Hunter Shepard,OTT,8482411,7,-0.019778933376073837,-0.018531549721956253,0,-0.0398,0.0002
Hunter Shepard,OTT,8482411,8,-0.019958864897489548,-0.018531549721956253,0,-0.04,0.0
Hunter Shepard,OTT,8482411,9,-0.020123492926359177,-0.018531549721956253,0,-0.0401,-0.0001
Hunter Shepard,OTT,8482411,10,-0.020288443192839622,-0.018531549721956253,0,-0.0403,-0.0003
Hunter Shepard,OTT,8482411,11,-0.020447207614779472,-0.018531549721956253,0,-0.0404,-0.0004
Hunter Shepard,OTT,8482411,12,-0.02058999612927437,-0.018531549721956253,0,-0.0406,-0.0006
Hunter Shepard,OTT,8482411,13,-0.02073149010539055,-0.018531549721956253,0,-0.0407,-0.0007
Hunter Shepard,OTT,8482411,14,-0.020861640572547913,-0.018531549721956253,0,-0.0409,-0.0009
Hunter Shepard,OTT,8482411,15,-0.02098700776696205,-0.018531549721956253,0,-0.041,-0.001
Hunter Shepard,OTT,8482411,16,-0.021123895421624184,-0.018531549721956253,18,-0.0258,-0.0164
Hunter Shepard,OTT,8482411,17,-0.021156733855605125,-0.018531549721956253,0,-0.0412,-0.0012
Hunter Shepard,OTT,8482411,18,-0.021187588572502136,-0.018531549721956253,0,-0.0412,-0.0012
Hunter Shepard,OTT,8482411,19,-0.02121421881020069,-0.018531549721956253,0,-0.0412,-0.0012
Hunter Shepard,OTT,8482411,20,-0.021243952214717865,-0.018531549721956253,0,-0.0412,-0.0012
Hunter Shepard,OTT,8482411,21,-0.021279627457261086,-0.018531549721956253,0,-0.0413,-0.0013
Hunter Shepard,OTT,8482411,22,-0.021300233900547028,-0.018531549721956253,0,-0.0413,-0.0013
Hunter Shepard,OTT,8482411,23,-0.021309744566679,-0.018531549721956253,0,-0.0413,-0.0013
Hunter Shepard,OTT,8482411,24,-0.021304650232195854,-0.018531549721956253,0,-0.0413,-0.0013
Hunter Shepard,OTT,8482411,25,-0.021294482052326202,-0.018531549721956253,0,-0.0413,-0.0013
Hunter Shepard,OTT,8482411,26,-0.021313725039362907,-0.018531549721956253,0,-0.0413,-0.0013
Hunter Shepard,OTT,8482411,27,-0.021326104179024696,-0.018531549721956253,0,-0.0413,-0.0013
Hunter Shepard,OTT,8482411,28,-0.02134103700518608,-0.018531549721956253,0,-0.0413,-0.0013
Hunter Shepard,OTT,8482411,29,-0.021350575610995293,-0.018531549721956253,0,-0.0414,-0.0014
Hunter Shepard,OTT,8482411,30,-0.021353445947170258,-0.018531549721956253,0,-0.0414,-0.0014
Hunter Shepard,OTT,8482411,31,-0.021356279030442238,-0.018531549721956253,0,-0.0414,-0.0014
Hunter Shepard,OTT,8482411,32,-0.021357489749789238,-0.018531549721956253,0,-0.0414,-0.0014
Hunter Shepard,OTT,8482411,33,-0.021358439698815346,-0.018531549721956253,0,-0.0414,-0.0014
Clay Stevenson,WSH,8483532,0,0.0016865107463672757,0.0010050238342955709,0,-0.0183,0.0217
Clay Stevenson,WSH,8483532,1,0.001985887298360467,0.0010050238342955709,0,-0.018,0.022
Clay Stevenson,WSH,8483532,2,0.0022860420867800713,0.0010050238342955709,0,-0.0177,0.0223
Clay Stevenson,WSH,8483532,3,0.002581294160336256,0.0010050238342955709,0,-0.0174,0.0226
Clay Stevenson,WSH,8483532,4,0.002875015139579773,0.0010050238342955709,0,-0.0171,0.0229
Clay Stevenson,WSH,8483532,5,0.0031718704849481583,0.0010050238342955709,0,-0.0168,0.0232
Clay Stevenson,WSH,8483532,6,0.0034643167164176702,0.0010050238342955709,0,-0.0165,0.0235
Clay Stevenson,WSH,8483532,7,0.0037548153195530176,0.0010050238342955709,0,-0.0162,0.0238
Clay Stevenson,WSH,8483532,8,0.004045587964355946,0.0010050238342955709,0,-0.016,0.024
Clay Stevenson,WSH,8483532,9,0.004344582092016935,0.0010050238342955709,0,-0.0157,0.0243
Clay Stevenson,WSH,8483532,10,0.004647830501198769,0.0010050238342955709,0,-0.0154,0.0246
Clay Stevenson,WSH,8483532,11,0.0049559250473976135,0.0010050238342955709,0,-0.015,0.025
Clay Stevenson,WSH,8483532,12,0.00527822133153677,0.0010050238342955709,0,-0.0147,0.0253
Clay Stevenson,WSH,8483532,13,0.00560494139790535,0.0010050238342955709,0,-0.0144,0.0256
Clay Stevenson,WSH,8483532,14,0.0059409732930362225,0.0010050238342955709,0,-0.0141,0.0259
Clay Stevenson,WSH,8483532,15,0.006281430367380381,0.0010050238342955709,0,-0.0137,0.0263
Clay Stevenson,WSH,8483532,16,0.006612771190702915,0.0010050238342955709,0,-0.0134,0.0266
Clay Stevenson,WSH,8483532,17,0.006940637715160847,0.0010050238342955709,0,-0.0131,0.0269
Clay Stevenson,WSH,8483532,18,0.007272965274751186,0.0010050238342955709,0,-0.0127,0.0273
Clay Stevenson,WSH,8483532,19,0.007609787862747908,0.0010050238342955709,44,0.0046,0.0106
Clay Stevenson,WSH,8483532,20,0.007975157350301743,0.0010050238342955709,85,0.0058,0.0102
Clay Stevenson,WSH,8483532,21,0.008130266331136227,0.0010050238342955709,0,-0.0119,0.0281
Clay Stevenson,WSH,8483532,22,0.008297914639115334,0.0010050238342955709,0,-0.0117,0.0283
Clay Stevenson,WSH,8483532,23,0.008478177711367607,0.0010050238342955709,0,-0.0115,0.0285
Clay Stevenson,WSH,8483532,24,0.008673497475683689,0.0010050238342955709,0,-0.0113,0.0287
Clay Stevenson,WSH,8483532,25,0.00887097418308258,0.0010050238342955709,0,-0.0111,0.0289
Clay Stevenson,WSH,8483532,26,0.009043390862643719,0.0010050238342955709,0,-0.011,0.029
Clay Stevenson,WSH,8483532,27,0.00921792071312666,0.0010050238342955709,37,0.0059,0.0125
Clay Stevenson,WSH,8483532,28,0.009204572066664696,0.0010050238342955709,0,-0.0108,0.0292
Clay Stevenson,WSH,8483532,29,0.009194618090987206,0.0010050238342955709,0,-0.0108,0.0292
Clay Stevenson,WSH,8483532,30,0.009191551245748997,0.0010050238342955709,0,-0.0108,0.0292
Clay Stevenson,WSH,8483532,31,0.009189278818666935,0.0010050238342955709,0,-0.0108,0.0292
Clay Stevenson,WSH,8483532,32,0.009188469499349594,0.0010050238342955709,0,-0.0108,0.0292
Clay Stevenson,WSH,8483532,33,0.009186534211039543,0.0010050238342955709,0,-0.0108,0.0292
Carson Bjarnason,PHI,8484147,0,0.008413238450884819,0.008125405758619308,20,0.0039,0.0129
Carson Bjarnason,PHI,8484147,1,0.008351430296897888,0.008125405758619308,0,-0.0116,0.0284
Carson Bjarnason,PHI,8484147,2,0.008288521319627762,0.008125405758619308,0,-0.0117,0.0283
Carson Bjarnason,PHI,8484147,3,0.008222516626119614,0.008125405758619308,0,-0.0118,0.0282
Carson Bjarnason,PHI,8484147,4,0.008152942173182964,0.008125405758619308,0,-0.0118,0.0282
Carson Bjarnason,PHI,8484147,5,0.0080888532102108,0.008125405758619308,0,-0.0119,0.0281
Carson Bjarnason,PHI,8484147,6,0.008018587715923786,0.008125405758619308,0,-0.012,0.028
Carson Bjarnason,PHI,8484147,7,0.007946677505970001,0.008125405758619308,0,-0.0121,0.0279
Carson Bjarnason,PHI,8484147,8,0.007876032032072544,0.008125405758619308,0,-0.0121,0.0279
Carson Bjarnason,PHI,8484147,9,0.007812104653567076,0.008125405758619308,0,-0.0122,0.0278
Carson Bjarnason,PHI,8484147,10,0.007753657177090645,0.008125405758619308,0,-0.0122,0.0278
Carson Bjarnason,PHI,8484147,11,0.007699161767959595,0.008125405758619308,0,-0.0123,0.0277
Carson Bjarnason,PHI,8484147,12,0.0076601700857281685,0.008125405758619308,0,-0.0123,0.0277
Carson Bjarnason,PHI,8484147,13,0.00762352766469121,0.008125405758619308,0,-0.0124,0.0276
Carson Bjarnason,PHI,8484147,14,0.007598293945193291,0.008125405758619308,0,-0.0124,0.0276
Carson Bjarnason,PHI,8484147,15,0.007575987838208675,0.008125405758619308,0,-0.0124,0.0276
Carson Bjarnason,PHI,8484147,16,0.007545519154518843,0.008125405758619308,0,-0.0125,0.0275
Carson Bjarnason,PHI,8484147,17,0.00751102901995182,0.008125405758619308,0,-0.0125,0.0275
Carson Bjarnason,PHI,8484147,18,0.007481343112885952,0.008125405758619308,0,-0.0125,0.0275
Carson Bjarnason,PHI,8484147,19,0.007455100771039724,0.008125405758619308,0,-0.0125,0.0275
Carson Bjarnason,PHI,8484147,20,0.007424972951412201,0.008125405758619308,0,-0.0126,0.0274
Carson Bjarnason,PHI,8484147,21,0.007390039041638374,0.008125405758619308,0,-0.0126,0.0274
Carson Bjarnason,PHI,8484147,22,0.007369006983935833,0.008125405758619308,0,-0.0126,0.0274
Carson Bjarnason,PHI,8484147,23,0.007360279560089111,0.008125405758619308,0,-0.0126,0.0274
Carson Bjarnason,PHI,8484147,24,0.007365682628005743,0.008125405758619308,0,-0.0126,0.0274
Carson Bjarnason,PHI,8484147,25,0.007374768145382404,0.008125405758619308,0,-0.0126,0.0274
Carson Bjarnason,PHI,8484147,26,0.007357330992817879,0.008125405758619308,0,-0.0126,0.0274
Carson Bjarnason,PHI,8484147,27,0.00734360609203577,0.008125405758619308,0,-0.0127,0.0273
Carson Bjarnason,PHI,8484147,28,0.007329300045967102,0.008125405758619308,0,-0.0127,0.0273
Carson Bjarnason,PHI,8484147,29,0.007320295553654432,0.008125405758619308,0,-0.0127,0.0273
Carson Bjarnason,PHI,8484147,30,0.007316179573535919,0.008125405758619308,0,-0.0127,0.0273
Carson Bjarnason,PHI,8484147,31,0.007315070368349552,0.008125405758619308,0,-0.0127,0.0273
Carson Bjarnason,PHI,8484147,32,0.007313581649214029,0.008125405758619308,0,-0.0127,0.0273
Carson Bjarnason,PHI,8484147,33,0.007312035653740168,0.008125405758619308,0,-0.0127,0.0273
Brandon Bussi,CAR,8483548,0,0.015606241300702095,0.014359102584421635,27,0.0118,0.0194
Brandon Bussi,CAR,8483548,1,0.016204947605729103,0.014359102584421635,0,-0.0038,0.0362
Brandon Bussi,CAR,8483548,2,0.016802409663796425,0.014359102584421635,0,-0.0032,0.0368
Brandon Bussi,CAR,8483548,3,0.01739739067852497,0.014359102584421635,0,-0.0026,0.0374
Brandon Bussi,CAR,8483548,4,0.01798681542277336,0.014359102584421635,68,0.0156,0.0204
Brandon Bussi,CAR,8483548,5,0.018540741875767708,0.014359102584421635,40,0.0153,0.0217
Brandon Bussi,CAR,8483548,6,0.01902347430586815,0.014359102584421635,42,0.0159,0.0221
Brandon Bussi,CAR,8483548,7,0.019423022866249084,0.014359102584421635,25,0.0154,0.0234
Brandon Bussi,CAR,8483548,8,0.020043447613716125,0.014359102584421635,0,0.0,0.04
Brandon Bussi,CAR,8483548,9,0.02067422866821289,0.014359102584421635,40,0.0175,0.0239
Brandon Bussi,CAR,8483548,10,0.02132917009294033,0.014359102584421635,55,0.0186,0.024
Brandon Bussi,CAR,8483548,11,0.021685177460312843,0.014359102584421635,38,0.0185,0.0249
Brandon Bussi,CAR,8483548,12,0.022128259763121605,0.014359102584421635,110,0.0202,0.024
Brandon Bussi,CAR,8483548,13,0.02212771214544773,0.014359102584421635,55,0.0194,0.0248
Brandon Bussi,CAR,8483548,14,0.02201385237276554,0.014359102584421635,33,0.0185,0.0255
Brandon Bussi,CAR,8483548,15,0.021867362782359123,0.014359102584421635,103,0.0199,0.0239
Brandon Bussi,CAR,8483548,16,0.02180766500532627,0.014359102584421635,68,0.0194,0.0242
Brandon Bussi,CAR,8483548,17,0.021783364936709404,0.014359102584421635,65,0.0193,0.0243
Brandon Bussi,CAR,8483548,18,0.02178548276424408,0.014359102584421635,77,0.0195,0.0241
Brandon Bussi,CAR,8483548,19,0.02143327333033085,0.014359102584421635,60,0.0188,0.024
Brandon Bussi,CAR,8483548,20,0.021239981055259705,0.014359102584421635,71,0.0188,0.0236
Brandon Bussi,CAR,8483548,21,0.020830225199460983,0.014359102584421635,40,0.0176,0.024
Brandon Bussi,CAR,8483548,22,0.020496046170592308,0.014359102584421635,22,0.0162,0.0248
Brandon Bussi,CAR,8483548,23,0.020214317366480827,0.014359102584421635,74,0.0179,0.0225
Brandon Bussi,CAR,8483548,24,0.020273881033062935,0.014359102584421635,30,0.0166,0.024
Brandon Bussi,CAR,8483548,25,0.020335204899311066,0.014359102584421635,64,0.0178,0.0228
Brandon Bussi,CAR,8483548,26,0.020366327837109566,0.014359102584421635,33,0.0169,0.0239
Brandon Bussi,CAR,8483548,27,0.02070806734263897,0.014359102584421635,70,0.0183,0.0231
Brandon Bussi,CAR,8483548,28,0.020692186430096626,0.014359102584421635,0,0.0007,0.0407
Brandon Bussi,CAR,8483548,29,0.020684998482465744,0.014359102584421635,0,0.0007,0.0407
Brandon Bussi,CAR,8483548,30,0.020677726715803146,0.014359102584421635,0,0.0007,0.0407
Brandon Bussi,CAR,8483548,31,0.020680584013462067,0.014359102584421635,0,0.0007,0.0407
Brandon Bussi,CAR,8483548,32,0.020675718784332275,0.014359102584421635,0,0.0007,0.0407
Brandon Bussi,CAR,8483548,33,0.020676003769040108,0.014359102584421635,0,0.0007,0.0407
8475839,,8475839,0,0.003014569403603673,0.003148195333778858,0,-0.017,0.023
8475839,,8475839,1,0.0029518548399209976,0.003148195333778858,0,-0.017,0.023
8475839,,8475839,2,0.0028896955773234367,0.003148195333778858,0,-0.0171,0.0229
8475839,,8475839,3,0.002822797978296876,0.003148195333778858,0,-0.0172,0.0228
8475839,,8475839,4,0.0027540160808712244,0.003148195333778858,0,-0.0172,0.0228
8475839,,8475839,5,0.0026890579611063004,0.003148195333778858,0,-0.0173,0.0227
8475839,,8475839,6,0.0026191307697445154,0.003148195333778858,0,-0.0174,0.0226
8475839,,8475839,7,0.002547255950048566,0.003148195333778858,0,-0.0175,0.0225
8475839,,8475839,8,0.0024761315435171127,0.003148195333778858,0,-0.0175,0.0225
8475839,,8475839,9,0.0024124360643327236,0.003148195333778858,0,-0.0176,0.0224
8475839,,8475839,10,0.0023538973182439804,0.003148195333778858,0,-0.0176,0.0224
8475839,,8475839,11,0.0022993336897343397,0.003148195333778858,0,-0.0177,0.0223
8475839,,8475839,12,0.002259874250739813,0.003148195333778858,0,-0.0177,0.0223
8475839,,8475839,13,0.0022240295074880123,0.003148195333778858,0,-0.0178,0.0222
8475839,,8475839,14,0.0021978365257382393,0.003148195333778858,0,-0.0178,0.0222
8475839,,8475839,15,0.002176163252443075,0.003148195333778858,0,-0.0178,0.0222
8475839,,8475839,16,0.0021450656931847334,0.003148195333778858,0,-0.0179,0.0221
8475839,,8475839,17,0.0021109445951879025,0.003148195333778858,0,-0.0179,0.0221
8475839,,8475839,18,0.0020809038542211056,0.003148195333778858,0,-0.0179,0.0221
8475839,,8475839,19,0.0020551327615976334,0.003148195333778858,0,-0.0179,0.0221
8475839,,8475839,20,0.002024388639256358,0.003148195333778858,0,-0.018,0.022
8475839,,8475839,21,0.0019896836020052433,0.003148195333778858,0,-0.018,0.022
8475839,,8475839,22,0.0019687116146087646,0.003148195333778858,0,-0.018,0.022
8475839,,8475839,23,0.001959549728780985,0.003148195333778858,0,-0.018,0.022
8475839,,8475839,24,0.0019652657210826874,0.003148195333778858,0,-0.018,0.022
8475839,,8475839,25,0.001974573126062751,0.003148195333778858,0,-0.018,0.022
8475839,,8475839,26,0.001956385560333729,0.003148195333778858,0,-0.018,0.022
8475839,,8475839,27,0.0019433863926678896,0.003148195333778858,0,-0.0181,0.0219
8475839,,8475839,28,0.001928546465933323,0.003148195333778858,0,-0.0181,0.0219
8475839,,8475839,29,0.0019197185756638646,0.003148195333778858,0,-0.0181,0.0219
8475839,,8475839,30,0.0019156299531459808,0.003148195333778858,0,-0.0181,0.0219
8475839,,8475839,31,0.0019144940888509154,0.003148195333778858,0,-0.0181,0.0219
8475839,,8475839,32,0.0019126750994473696,0.003148195333778858,0,-0.0181,0.0219
8475839,,8475839,33,0.0019115462200716138,0.003148195333778858,0,-0.0181,0.0219
Dylan Garand,NYR,8482193,0,0.00656927889212966,0.006000056397169828,33,0.0031,0.0101
Dylan Garand,NYR,8482193,1,0.006774670910090208,0.006000056397169828,15,0.0016,0.012
Dylan Garand,NYR,8482193,2,0.007179612293839455,0.006000056397169828,15,0.002,0.0124
Dylan Garand,NYR,8482193,3,0.007569752633571625,0.006000056397169828,0,-0.0124,0.0276
Dylan Garand,NYR,8482193,4,0.00795682705938816,0.006000056397169828,0,-0.012,0.028
Dylan Garand,NYR,8482193,5,0.008349119685590267,0.006000056397169828,0,-0.0117,0.0283
Dylan Garand,NYR,8482193,6,0.008735167793929577,0.006000056397169828,0,-0.0113,0.0287
Dylan Garand,NYR,8482193,7,0.009120333008468151,0.006000056397169828,0,-0.0109,0.0291
Dylan Garand,NYR,8482193,8,0.009505012072622776,0.006000056397169828,0,-0.0105,0.0295
Dylan Garand,NYR,8482193,9,0.009898706339299679,0.006000056397169828,0,-0.0101,0.0299
Dylan Garand,NYR,8482193,10,0.010296276770532131,0.006000056397169828,0,-0.0097,0.0303
Dylan Garand,NYR,8482193,11,0.010698186233639717,0.006000056397169828,0,-0.0093,0.0307
Dylan Garand,NYR,8482193,12,0.011116147972643375,0.006000056397169828,0,-0.0089,0.0311
Dylan Garand,NYR,8482193,13,0.01153491996228695,0.006000056397169828,0,-0.0085,0.0315
Dylan Garand,NYR,8482193,14,0.011967713013291359,0.006000056397169828,0,-0.008,0.032
Dylan Garand,NYR,8482193,15,0.012400602921843529,0.006000056397169828,0,-0.0076,0.0324
Dylan Garand,NYR,8482193,16,0.012827020138502121,0.006000056397169828,0,-0.0072,0.0328
Dylan Garand,NYR,8482193,17,0.013249881565570831,0.006000056397169828,0,-0.0068,0.0332
Dylan Garand,NYR,8482193,18,0.013674944639205933,0.006000056397169828,0,-0.0063,0.0337
Dylan Garand,NYR,8482193,19,0.014107821509242058,0.006000056397169828,0,-0.0059,0.0341
Dylan Garand,NYR,8482193,20,0.014530387707054615,0.006000056397169828,0,-0.0055,0.0345
Dylan Garand,NYR,8482193,21,0.014956953935325146,0.006000056397169828,0,-0.005,0.035
Dylan Garand,NYR,8482193,22,0.01538709457963705,0.006000056397169828,0,-0.0046,0.0354
Dylan Garand,NYR,8482193,23,0.01584010384976864,0.006000056397169828,54,0.0131,0.0185
Dylan Garand,NYR,8482193,24,0.016176966950297356,0.006000056397169828,39,0.013,0.0194
Dylan Garand,NYR,8482193,25,0.016382263973355293,0.006000056397169828,0,-0.0036,0.0364
Dylan Garand,NYR,8482193,26,0.016550110653042793,0.006000056397169828,0,-0.0034,0.0366
Dylan Garand,NYR,8482193,27,0.016731448471546173,0.006000056397169828,50,0.0139,0.0195
Dylan Garand,NYR,8482193,28,0.016714075580239296,0.006000056397169828,0,-0.0033,0.0367
Dylan Garand,NYR,8482193,29,0.016706274822354317,0.006000056397169828,0,-0.0033,0.0367
Dylan Garand,NYR,8482193,30,0.016702525317668915,0.006000056397169828,0,-0.0033,0.0367
Dylan Garand,NYR,8482193,31,0.016700640320777893,0.006000056397169828,0,-0.0033,0.0367
Dylan Garand,NYR,8482193,32,0.01669929549098015,0.006000056397169828,0,-0.0033,0.0367
Dylan Garand,NYR,8482193,33,0.016697898507118225,0.006000056397169828,0,-0.0033,0.0367
Michael DiPietro,BOS,8480022,0,-0.008312853053212166,-0.007558639161288738,24,-0.0124,-0.0042
Michael DiPietro,BOS,8480022,1,-0.008293920196592808,-0.007558639161288738,41,-0.0114,-0.0052
Michael DiPietro,BOS,8480022,2,-0.008339283987879753,-0.007558639161288738,0,-0.0283,0.0117
Michael DiPietro,BOS,8480022,3,-0.008388031274080276,-0.007558639161288738,0,-0.0284,0.0116
Michael DiPietro,BOS,8480022,4,-0.008440110832452774,-0.007558639161288738,0,-0.0284,0.0116
Michael DiPietro,BOS,8480022,5,-0.008487614803016186,-0.007558639161288738,0,-0.0285,0.0115
Michael DiPietro,BOS,8480022,6,-0.008539756760001183,-0.007558639161288738,0,-0.0285,0.0115
Michael DiPietro,BOS,8480022,7,-0.008594988845288754,-0.007558639161288738,0,-0.0286,0.0114
Michael DiPietro,BOS,8480022,8,-0.008647953160107136,-0.007558639161288738,0,-0.0286,0.0114
Michael DiPietro,BOS,8480022,9,-0.008694879710674286,-0.007558639161288738,0,-0.0287,0.0113
Michael DiPietro,BOS,8480022,10,-0.008735246025025845,-0.007558639161288738,0,-0.0287,0.0113
Michael DiPietro,BOS,8480022,11,-0.008773486129939556,-0.007558639161288738,0,-0.0288,0.0112
Michael DiPietro,BOS,8480022,12,-0.008794530294835567,-0.007558639161288738,0,-0.0288,0.0112
Michael DiPietro,BOS,8480022,13,-0.00881382916122675,-0.007558639161288738,0,-0.0288,0.0112
Michael DiPietro,BOS,8480022,14,-0.008821710012853146,-0.007558639161288738,0,-0.0288,0.0112
Michael DiPietro,BOS,8480022,15,-0.008826728910207748,-0.007558639161288738,0,-0.0288,0.0112
Michael DiPietro,BOS,8480022,16,-0.008840056136250496,-0.007558639161288738,0,-0.0288,0.0112
Michael DiPietro,BOS,8480022,17,-0.008856667205691338,-0.007558639161288738,0,-0.0289,0.0111
Michael DiPietro,BOS,8480022,18,-0.008869344368577003,-0.007558639161288738,0,-0.0289,0.0111
Michael DiPietro,BOS,8480022,19,-0.008877918124198914,-0.007558639161288738,0,-0.0289,0.0111
Michael DiPietro,BOS,8480022,20,-0.00889075081795454,-0.007558639161288738,0,-0.0289,0.0111
Michael DiPietro,BOS,8480022,21,-0.008908276446163654,-0.007558639161288738,3,-0.0204,0.0026
Michael DiPietro,BOS,8480022,22,-0.008929372765123844,-0.007558639161288738,0,-0.0289,0.0111
Michael DiPietro,BOS,8480022,23,-0.008938473649322987,-0.007558639161288738,0,-0.0289,0.0111
Michael DiPietro,BOS,8480022,24,-0.00893278606235981,-0.007558639161288738,0,-0.0289,0.0111
Michael DiPietro,BOS,8480022,25,-0.008923671208322048,-0.007558639161288738,0,-0.0289,0.0111
Michael DiPietro,BOS,8480022,26,-0.008941719308495522,-0.007558639161288738,0,-0.0289,0.0111
Michael DiPietro,BOS,8480022,27,-0.00895516574382782,-0.007558639161288738,0,-0.029,0.011
Michael DiPietro,BOS,8480022,28,-0.00896949041634798,-0.007558639161288738,0,-0.029,0.011
Michael DiPietro,BOS,8480022,29,-0.008978617377579212,-0.007558639161288738,0,-0.029,0.011
Michael DiPietro,BOS,8480022,30,-0.008983074687421322,-0.007558639161288738,0,-0.029,0.011
Michael DiPietro,BOS,8480022,31,-0.008983290754258633,-0.007558639161288738,0,-0.029,0.011
Michael DiPietro,BOS,8480022,32,-0.008986248634755611,-0.007558639161288738,0,-0.029,0.011
Michael DiPietro,BOS,8480022,33,-0.008986922912299633,-0.007558639161288738,0,-0.029,0.011
Scott Wedgewood,COL,8475809,0,0.026801947504281998,0.023530825972557068,0,0.0068,0.0468
Scott Wedgewood,COL,8475809,1,0.028252040967345238,0.023530825972557068,14,0.023,0.0336
Scott Wedgewood,COL,8475809,2,0.029726114124059677,0.023530825972557068,70,0.0273,0.0321
Scott Wedgewood,COL,8475809,3,0.031142862513661385,0.023530825972557068,123,0.0293,0.0329
Scott Wedgewood,COL,8475809,4,0.03241526335477829,0.023530825972557068,106,0.0305,0.0343
Scott Wedgewood,COL,8475809,5,0.03342588245868683,0.023530825972557068,90,0.0313,0.0355
Scott Wedgewood,COL,8475809,6,0.034976206719875336,0.023530825972557068,87,0.0329,0.0371
Scott Wedgewood,COL,8475809,7,0.036591365933418274,0.023530825972557068,78,0.0343,0.0389
Scott Wedgewood,COL,8475809,8,0.038057841360569,0.023530825972557068,90,0.036,0.0402
Scott Wedgewood,COL,8475809,9,0.03916052728891373,0.023530825972557068,66,0.0367,0.0417
Scott Wedgewood,COL,8475809,10,0.04018047824501991,0.023530825972557068,54,0.0375,0.0429
Scott Wedgewood,COL,8475809,11,0.04104053974151611,0.023530825972557068,21,0.0366,0.0454
Scott Wedgewood,COL,8475809,12,0.04187984764575958,0.023530825972557068,86,0.0397,0.0441
Scott Wedgewood,COL,8475809,13,0.04261372238397598,0.023530825972557068,33,0.0391,0.0461
Scott Wedgewood,COL,8475809,14,0.04341031610965729,0.023530825972557068,77,0.0411,0.0457
Scott Wedgewood,COL,8475809,15,0.044186435639858246,0.023530825972557068,85,0.042,0.0464
Scott Wedgewood,COL,8475809,16,0.044884584844112396,0.023530825972557068,87,0.0428,0.047
Scott Wedgewood,COL,8475809,17,0.04556218907237053,0.023530825972557068,0,0.0256,0.0656
Scott Wedgewood,COL,8475809,18,0.046245649456977844,0.023530825972557068,73,0.0439,0.0485
Scott Wedgewood,COL,8475809,19,0.04678308591246605,0.023530825972557068,43,0.0438,0.0498
Scott Wedgewood,COL,8475809,20,0.047736961394548416,0.023530825972557068,0,0.0277,0.0677
Scott Wedgewood,COL,8475809,21,0.0486922562122345,0.023530825972557068,47,0.0458,0.0516
Scott Wedgewood,COL,8475809,22,0.04948711767792702,0.023530825972557068,47,0.0466,0.0524
Scott Wedgewood,COL,8475809,23,0.05015269294381142,0.023530825972557068,41,0.0471,0.0533
Scott Wedgewood,COL,8475809,24,0.050900157541036606,0.023530825972557068,47,0.048,0.0538
Scott Wedgewood,COL,8475809,25,0.05152686685323715,0.023530825972557068,88,0.0494,0.0536
Scott Wedgewood,COL,8475809,26,0.05179823562502861,0.023530825972557068,31,0.0482,0.0554
Scott Wedgewood,COL,8475809,27,0.05190986022353172,0.023530825972557068,119,0.0501,0.0537
Scott Wedgewood,COL,8475809,28,0.05163905769586563,0.023530825972557068,115,0.0497,0.0535
Scott Wedgewood,COL,8475809,29,0.05107440426945686,0.023530825972557068,49,0.0482,0.054
Scott Wedgewood,COL,8475809,30,0.05080799758434296,0.023530825972557068,71,0.0484,0.0532
Scott Wedgewood,COL,8475809,31,0.050640396773815155,0.023530825972557068,13,0.0451,0.0561
Scott Wedgewood,COL,8475809,32,0.050398144870996475,0.023530825972557068,100,0.0484,0.0524
Scott Wedgewood,COL,8475809,33,0.0503992922604084,0.023530825972557068,0,0.0304,0.0704
Sergei Bobrovsky,FLA,8475683,0,-0.012934195809066296,-0.009740917943418026,0,-0.0329,0.0071
Sergei Bobrovsky,FLA,8475683,1,-0.014356952160596848,-0.009740917943418026,0,-0.0344,0.0056
Sergei Bobrovsky,FLA,8475683,2,-0.01577768288552761,-0.009740917943418026,41,-0.0189,-0.0127
Sergei Bobrovsky,FLA,8475683,3,-0.01743895560503006,-0.009740917943418026,101,-0.0194,-0.0154
Sergei Bobrovsky,FLA,8475683,4,-0.01924198307096958,-0.009740917943418026,86,-0.0214,-0.017
Sergei Bobrovsky,FLA,8475683,5,-0.021130291745066643,-0.009740917943418026,110,-0.023,-0.0192
Sergei Bobrovsky,FLA,8475683,6,-0.02284763753414154,-0.009740917943418026,30,-0.0265,-0.0191
Sergei Bobrovsky,FLA,8475683,7,-0.024485429748892784,-0.009740917943418026,83,-0.0267,-0.0223
Sergei Bobrovsky,FLA,8475683,8,-0.025793831795454025,-0.009740917943418026,78,-0.0281,-0.0235
Sergei Bobrovsky,FLA,8475683,9,-0.027264175936579704,-0.009740917943418026,97,-0.0293,-0.0253
Sergei Bobrovsky,FLA,8475683,10,-0.02845468558371067,-0.009740917943418026,35,-0.0319,-0.0251
Sergei Bobrovsky,FLA,8475683,11,-0.029468094930052757,-0.009740917943418026,134,-0.0312,-0.0278
Sergei Bobrovsky,FLA,8475683,12,-0.030410561710596085,-0.009740917943418026,70,-0.0328,-0.028
Sergei Bobrovsky,FLA,8475683,13,-0.03159404918551445,-0.009740917943418026,89,-0.0337,-0.0295
Sergei Bobrovsky,FLA,8475683,14,-0.03280346840620041,-0.009740917943418026,75,-0.0351,-0.0305
Sergei Bobrovsky,FLA,8475683,15,-0.03400200232863426,-0.009740917943418026,75,-0.0363,-0.0317
Sergei Bobrovsky,FLA,8475683,16,-0.03502652421593666,-0.009740917943418026,111,-0.0369,-0.0331
Sergei Bobrovsky,FLA,8475683,17,-0.03589683398604393,-0.009740917943418026,94,-0.038,-0.0338
Sergei Bobrovsky,FLA,8475683,18,-0.03626621514558792,-0.009740917943418026,67,-0.0387,-0.0339
Sergei Bobrovsky,FLA,8475683,19,-0.03662244975566864,-0.009740917943418026,56,-0.0393,-0.0339
Sergei Bobrovsky,FLA,8475683,20,-0.036892592906951904,-0.009740917943418026,83,-0.0391,-0.0347
Sergei Bobrovsky,FLA,8475683,21,-0.036814067512750626,-0.009740917943418026,41,-0.0399,-0.0337
Sergei Bobrovsky,FLA,8475683,22,-0.036896079778671265,-0.009740917943418026,42,-0.04,-0.0338
Sergei Bobrovsky,FLA,8475683,23,-0.03721800819039345,-0.009740917943418026,66,-0.0397,-0.0347
Sergei Bobrovsky,FLA,8475683,24,-0.037533000111579895,-0.009740917943418026,74,-0.0398,-0.0352
Sergei Bobrovsky,FLA,8475683,25,-0.03776960074901581,-0.009740917943418026,77,-0.0401,-0.0355
Sergei Bobrovsky,FLA,8475683,26,-0.037884388118982315,-0.009740917943418026,43,-0.0409,-0.0349
Sergei Bobrovsky,FLA,8475683,27,-0.037896089255809784,-0.009740917943418026,0,-0.0579,-0.0179
Sergei Bobrovsky,FLA,8475683,28,-0.03791050612926483,-0.009740917943418026,0,-0.0579,-0.0179
Sergei Bobrovsky,FLA,8475683,29,-0.037919070571660995,-0.009740917943418026,0,-0.0579,-0.0179
Sergei Bobrovsky,FLA,8475683,30,-0.037925735116004944,-0.009740917943418026,0,-0.0579,-0.0179
Sergei Bobrovsky,FLA,8475683,31,-0.0379219576716423,-0.009740917943418026,0,-0.0579,-0.0179
Sergei Bobrovsky,FLA,8475683,32,-0.03792942315340042,-0.009740917943418026,0,-0.0579,-0.0179
Sergei Bobrovsky,FLA,8475683,33,-0.037926994264125824,-0.009740917943418026,0,-0.0579,-0.0179
8476904,,8476904,0,-0.001032819040119648,-0.0008990243659354746,0,-0.021,0.019
8476904,,8476904,1,-0.0010955892503261566,-0.0008990243659354746,0,-0.0211,0.0189
8476904,,8476904,2,-0.001157934544607997,-0.0008990243659354746,0,-0.0212,0.0188
8476904,,8476904,3,-0.0012247090926393867,-0.0008990243659354746,0,-0.0212,0.0188
8476904,,8476904,4,-0.0012938000727444887,-0.0008990243659354746,0,-0.0213,0.0187
8476904,,8476904,5,-0.0013587815919891,-0.0008990243659354746,0,-0.0214,0.0186
8476904,,8476904,6,-0.0014288827078416944,-0.0008990243659354746,0,-0.0214,0.0186
8476904,,8476904,7,-0.0015006889589130878,-0.0008990243659354746,0,-0.0215,0.0185
8476904,,8476904,8,-0.0015720766969025135,-0.0008990243659354746,0,-0.0216,0.0184
8476904,,8476904,9,-0.0016357259592041373,-0.0008990243659354746,0,-0.0216,0.0184
8476904,,8476904,10,-0.0016943298978731036,-0.0008990243659354746,0,-0.0217,0.0183
8476904,,8476904,11,-0.0017491655889898539,-0.0008990243659354746,0,-0.0217,0.0183
8476904,,8476904,12,-0.0017884206026792526,-0.0008990243659354746,0,-0.0218,0.0182
8476904,,8476904,13,-0.0018246457912027836,-0.0008990243659354746,0,-0.0218,0.0182
8476904,,8476904,14,-0.0018506082706153393,-0.0008990243659354746,0,-0.0219,0.0181
8476904,,8476904,15,-0.0018725739791989326,-0.0008990243659354746,0,-0.0219,0.0181
8476904,,8476904,16,-0.001903587020933628,-0.0008990243659354746,0,-0.0219,0.0181
8476904,,8476904,17,-0.0019378067227080464,-0.0008990243659354746,0,-0.0219,0.0181
8476904,,8476904,18,-0.001967990305274725,-0.0008990243659354746,0,-0.022,0.018
8476904,,8476904,19,-0.0019936426542699337,-0.0008990243659354746,0,-0.022,0.018
8476904,,8476904,20,-0.00202466594055295,-0.0008990243659354746,0,-0.022,0.018
8476904,,8476904,21,-0.0020591348875313997,-0.0008990243659354746,0,-0.0221,0.0179
8476904,,8476904,22,-0.002080388367176056,-0.0008990243659354746,0,-0.0221,0.0179
8476904,,8476904,23,-0.002089522313326597,-0.0008990243659354746,0,-0.0221,0.0179
8476904,,8476904,24,-0.002083688508719206,-0.0008990243659354746,0,-0.0221,0.0179
8476904,,8476904,25,-0.002074690070003271,-0.0008990243659354746,0,-0.0221,0.0179
8476904,,8476904,26,-0.002092628041282296,-0.0008990243659354746,0,-0.0221,0.0179
8476904,,8476904,27,-0.002105847466737032,-0.0008990243659354746,0,-0.0221,0.0179
8476904,,8476904,28,-0.0021206028759479523,-0.0008990243659354746,0,-0.0221,0.0179
8476904,,8476904,29,-0.002129447413608432,-0.0008990243659354746,0,-0.0221,0.0179
8476904,,8476904,30,-0.0021337070502340794,-0.0008990243659354746,0,-0.0221,0.0179
8476904,,8476904,31,-0.002134493552148342,-0.0008990243659354746,0,-0.0221,0.0179
8476904,,8476904,32,-0.0021367580629885197,-0.0008990243659354746,0,-0.0221,0.0179
8476904,,8476904,33,-0.0021377508528530598,-0.0008990243659354746,0,-0.0221,0.0179
8485011,,8485011,0,0.00038764142664149404,0.0005214158445596695,0,-0.0196,0.0204
8485011,,8485011,1,0.0003249451983720064,0.0005214158445596695,0,-0.0197,0.0203
8485011,,8485011,2,0.00026262400206178427,0.0005214158445596695,0,-0.0197,0.0203
8485011,,8485011,3,0.00019584878464229405,0.0005214158445596695,0,-0.0198,0.0202
8485011,,8485011,4,0.000126803875900805,0.0005214158445596695,0,-0.0199,0.0201
8485011,,8485011,5,6.189104169607162e-05,0.0005214158445596695,0,-0.0199,0.0201
8485011,,8485011,6,-8.214148692786694e-06,0.0005214158445596695,0,-0.02,0.02
8485011,,8485011,7,-7.995375199243426e-05,0.0005214158445596695,0,-0.0201,0.0199
8485011,,8485011,8,-0.00015134771820157766,0.0005214158445596695,0,-0.0202,0.0198
8485011,,8485011,9,-0.00021494209067896008,0.0005214158445596695,0,-0.0202,0.0198
8485011,,8485011,10,-0.00027354503981769085,0.0005214158445596695,0,-0.0203,0.0197
8485011,,8485011,11,-0.00032831390853971243,0.0005214158445596695,0,-0.0203,0.0197
8485011,,8485011,12,-0.00036758946953341365,0.0005214158445596695,0,-0.0204,0.0196
8485011,,8485011,13,-0.00040371669456362724,0.0005214158445596695,0,-0.0204,0.0196
8485011,,8485011,14,-0.0004297546111047268,0.0005214158445596695,0,-0.0204,0.0196
8485011,,8485011,15,-0.00045161054003983736,0.0005214158445596695,0,-0.0205,0.0195
8485011,,8485011,16,-0.00048263929784297943,0.0005214158445596695,0,-0.0205,0.0195
8485011,,8485011,17,-0.0005168616189621389,0.0005214158445596695,0,-0.0205,0.0195
8485011,,8485011,18,-0.0005469487514346838,0.0005214158445596695,0,-0.0205,0.0195
8485011,,8485011,19,-0.0005726873641833663,0.0005214158445596695,0,-0.0206,0.0194
8485011,,8485011,20,-0.0006035878323018551,0.0005214158445596695,0,-0.0206,0.0194
8485011,,8485011,21,-0.0006381410057656467,0.0005214158445596695,0,-0.0206,0.0194
8485011,,8485011,22,-0.0006592983263544738,0.0005214158445596695,0,-0.0207,0.0193
8485011,,8485011,23,-0.0006684566615149379,0.0005214158445596695,0,-0.0207,0.0193
8485011,,8485011,24,-0.0006626343820244074,0.0005214158445596695,0,-0.0207,0.0193
8485011,,8485011,25,-0.0006535578868351877,0.0005214158445596695,0,-0.0207,0.0193
8485011,,8485011,26,-0.0006715576746501029,0.0005214158445596695,0,-0.0207,0.0193
8485011,,8485011,27,-0.0006847112672403455,0.0005214158445596695,0,-0.0207,0.0193
8485011,,8485011,28,-0.0006995119038037956,0.0005214158445596695,0,-0.0207,0.0193
8485011,,8485011,29,-0.0007083075470291078,0.0005214158445596695,0,-0.0207,0.0193
8485011,,8485011,30,-0.0007125770207494497,0.0005214158445596695,0,-0.0207,0.0193
8485011,,8485011,31,-0.0007133648614399135,0.0005214158445596695,0,-0.0207,0.0193
8485011,,8485011,32,-0.0007156369392760098,0.0005214158445596695,0,-0.0207,0.0193
8485011,,8485011,33,-0.0007165570859797299,0.0005214158445596695,0,-0.0207,0.0193
8480885,,8480885,0,-0.019762510433793068,-0.01962806098163128,0,-0.0398,0.0002
8480885,,8480885,1,-0.0198233500123024,-0.01962806098163128,0,-0.0398,0.0002
8480885,,8480885,2,-0.01989002339541912,-0.01962806098163128,0,-0.0399,0.0001
8480885,,8480885,3,-0.019951362162828445,-0.01962806098163128,0,-0.04,0.0
8480885,,8480885,4,-0.02002597786486149,-0.01962806098163128,0,-0.04,-0.0
8480885,,8480885,5,-0.02008698508143425,-0.01962806098163128,0,-0.0401,-0.0001
8480885,,8480885,6,-0.02016112580895424,-0.01962806098163128,0,-0.0402,-0.0002
8480885,,8480885,7,-0.02022801712155342,-0.01962806098163128,0,-0.0402,-0.0002
8480885,,8480885,8,-0.020306186750531197,-0.01962806098163128,0,-0.0403,-0.0003
8480885,,8480885,9,-0.020363083109259605,-0.01962806098163128,0,-0.0404,-0.0004
8480885,,8480885,10,-0.02042750082910061,-0.01962806098163128,0,-0.0404,-0.0004
8480885,,8480885,11,-0.0204783845692873,-0.01962806098163128,0,-0.0405,-0.0005
8480885,,8480885,12,-0.020520644262433052,-0.01962806098163128,0,-0.0405,-0.0005
8480885,,8480885,13,-0.02055487595498562,-0.01962806098163128,0,-0.0406,-0.0006
8480885,,8480885,14,-0.020582817494869232,-0.01962806098163128,0,-0.0406,-0.0006
8480885,,8480885,15,-0.020602764561772346,-0.01962806098163128,0,-0.0406,-0.0006
8480885,,8480885,16,-0.020636295899748802,-0.01962806098163128,0,-0.0406,-0.0006
8480885,,8480885,17,-0.020668862387537956,-0.01962806098163128,0,-0.0407,-0.0007
8480885,,8480885,18,-0.020700134336948395,-0.01962806098163128,0,-0.0407,-0.0007
8480885,,8480885,19,-0.02072458155453205,-0.01962806098163128,0,-0.0407,-0.0007
8480885,,8480885,20,-0.020757336169481277,-0.01962806098163128,0,-0.0408,-0.0008
8480885,,8480885,21,-0.020790524780750275,-0.01962806098163128,0,-0.0408,-0.0008
8480885,,8480885,22,-0.02081354893743992,-0.01962806098163128,0,-0.0408,-0.0008
8480885,,8480885,23,-0.02081981487572193,-0.01962806098163128,0,-0.0408,-0.0008
8480885,,8480885,24,-0.020817602053284645,-0.01962806098163128,0,-0.0408,-0.0008
8480885,,8480885,25,-0.020805723965168,-0.01962806098163128,0,-0.0408,-0.0008
8480885,,8480885,26,-0.02082555554807186,-0.01962806098163128,0,-0.0408,-0.0008
8480885,,8480885,27,-0.020837455987930298,-0.01962806098163128,0,-0.0408,-0.0008
8480885,,8480885,28,-0.020854055881500244,-0.01962806098163128,0,-0.0409,-0.0009
8480885,,8480885,29,-0.020860671997070312,-0.01962806098163128,0,-0.0409,-0.0009
8480885,,8480885,30,-0.020867209881544113,-0.01962806098163128,0,-0.0409,-0.0009
8480885,,8480885,31,-0.020865902304649353,-0.01962806098163128,0,-0.0409,-0.0009
8480885,,8480885,32,-0.020870015025138855,-0.01962806098163128,0,-0.0409,-0.0009
8480885,,8480885,33,-0.020870041102170944,-0.01962806098163128,0,-0.0409,-0.0009
Eric Comrie,WPG,8477480,0,-0.00037397415144369006,0.00044202859862707555,0,-0.0204,0.0196
Eric Comrie,WPG,8477480,1,-0.0007394698332063854,0.00044202859862707555,68,-0.0031,0.0017
Eric Comrie,WPG,8477480,2,-0.0009819652186706662,0.00044202859862707555,0,-0.021,0.019
Eric Comrie,WPG,8477480,3,-0.0012283165706321597,0.00044202859862707555,0,-0.0212,0.0188
Eric Comrie,WPG,8477480,4,-0.0014773537404835224,0.00044202859862707555,58,-0.0041,0.0011
Eric Comrie,WPG,8477480,5,-0.0018813336500898004,0.00044202859862707555,44,-0.0049,0.0011
Eric Comrie,WPG,8477480,6,-0.0023566230665892363,0.00044202859862707555,44,-0.0054,0.0006
Eric Comrie,WPG,8477480,7,-0.0029756352305412292,0.00044202859862707555,45,-0.006,0.0
Eric Comrie,WPG,8477480,8,-0.0034786169417202473,0.00044202859862707555,0,-0.0235,0.0165
Eric Comrie,WPG,8477480,9,-0.003972353879362345,0.00044202859862707555,114,-0.0059,-0.0021
Eric Comrie,WPG,8477480,10,-0.004211367107927799,0.00044202859862707555,83,-0.0064,-0.002
Eric Comrie,WPG,8477480,11,-0.004325396381318569,0.00044202859862707555,142,-0.006,-0.0026
Eric Comrie,WPG,8477480,12,-0.004550918471068144,0.00044202859862707555,65,-0.0071,-0.0021
Eric Comrie,WPG,8477480,13,-0.004407246597111225,0.00044202859862707555,0,-0.0244,0.0156
Eric Comrie,WPG,8477480,14,-0.004254888277500868,0.00044202859862707555,0,-0.0243,0.0157
Eric Comrie,WPG,8477480,15,-0.004096947144716978,0.00044202859862707555,42,-0.0072,-0.001
Eric Comrie,WPG,8477480,16,-0.003604164347052574,0.00044202859862707555,56,-0.0063,-0.0009
Eric Comrie,WPG,8477480,17,-0.0033804948907345533,0.00044202859862707555,0,-0.0234,0.0166
Eric Comrie,WPG,8477480,18,-0.0031537851318717003,0.00044202859862707555,45,-0.0062,-0.0002
Eric Comrie,WPG,8477480,19,-0.0030942456796765327,0.00044202859862707555,41,-0.0062,0.0
Eric Comrie,WPG,8477480,20,-0.0031857674475759268,0.00044202859862707555,0,-0.0232,0.0168
Eric Comrie,WPG,8477480,21,-0.0032801837660372257,0.00044202859862707555,35,-0.0067,0.0001
Eric Comrie,WPG,8477480,22,-0.0033809314481914043,0.00044202859862707555,44,-0.0064,-0.0004
Eric Comrie,WPG,8477480,23,-0.0036267407704144716,0.00044202859862707555,48,-0.0065,-0.0007
Eric Comrie,WPG,8477480,24,-0.003962898626923561,0.00044202859862707555,0,-0.024,0.016
Eric Comrie,WPG,8477480,25,-0.004295906983315945,0.00044202859862707555,0,-0.0243,0.0157
Eric Comrie,WPG,8477480,26,-0.0046557653695344925,0.00044202859862707555,9,-0.0114,0.002
Eric Comrie,WPG,8477480,27,-0.004893339239060879,0.00044202859862707555,104,-0.0069,-0.0029
Eric Comrie,WPG,8477480,28,-0.004908018745481968,0.00044202859862707555,0,-0.0249,0.0151
Eric Comrie,WPG,8477480,29,-0.004916665144264698,0.00044202859862707555,0,-0.0249,0.0151
Eric Comrie,WPG,8477480,30,-0.004921124316751957,0.00044202859862707555,0,-0.0249,0.0151
Eric Comrie,WPG,8477480,31,-0.004921825602650642,0.00044202859862707555,0,-0.0249,0.0151
Eric Comrie,WPG,8477480,32,-0.004924164153635502,0.00044202859862707555,0,-0.0249,0.0151
Eric Comrie,WPG,8477480,33,-0.004924988839775324,0.00044202859862707555,0,-0.0249,0.0151
8480420,,8480420,0,-0.0034192942548543215,-0.0032854971941560507,0,-0.0234,0.0166
8480420,,8480420,1,-0.003482106374576688,-0.0032854971941560507,0,-0.0235,0.0165
8480420,,8480420,2,-0.003544618608430028,-0.0032854971941560507,0,-0.0235,0.0165
8480420,,8480420,3,-0.0036113294772803783,-0.0032854971941560507,0,-0.0236,0.0164
8480420,,8480420,4,-0.003680397989228368,-0.0032854971941560507,0,-0.0237,0.0163
8480420,,8480420,5,-0.003745637834072113,-0.0032854971941560507,0,-0.0237,0.0163
8480420,,8480420,6,-0.0038154982030391693,-0.0032854971941560507,0,-0.0238,0.0162
8480420,,8480420,7,-0.00388770317658782,-0.0032854971941560507,0,-0.0239,0.0161
8480420,,8480420,8,-0.003958828281611204,-0.0032854971941560507,0,-0.024,0.016
8480420,,8480420,9,-0.004022730048745871,-0.0032854971941560507,0,-0.024,0.016
8480420,,8480420,10,-0.004081106279045343,-0.0032854971941560507,0,-0.0241,0.0159
8480420,,8480420,11,-0.004136305768042803,-0.0032854971941560507,0,-0.0241,0.0159
8480420,,8480420,12,-0.004175383131951094,-0.0032854971941560507,0,-0.0242,0.0158
8480420,,8480420,13,-0.004211701452732086,-0.0032854971941560507,0,-0.0242,0.0158
8480420,,8480420,14,-0.004237692803144455,-0.0032854971941560507,0,-0.0242,0.0158
8480420,,8480420,15,-0.0042596193961799145,-0.0032854971941560507,0,-0.0243,0.0157
8480420,,8480420,16,-0.004290810786187649,-0.0032854971941560507,0,-0.0243,0.0157
8480420,,8480420,17,-0.0043249065056443214,-0.0032854971941560507,0,-0.0243,0.0157
8480420,,8480420,18,-0.004355241544544697,-0.0032854971941560507,0,-0.0244,0.0156
8480420,,8480420,19,-0.0043808999471366405,-0.0032854971941560507,0,-0.0244,0.0156
8480420,,8480420,20,-0.004411832429468632,-0.0032854971941560507,0,-0.0244,0.0156
8480420,,8480420,21,-0.004446452483534813,-0.0032854971941560507,0,-0.0244,0.0156
8480420,,8480420,22,-0.004467659629881382,-0.0032854971941560507,0,-0.0245,0.0155
8480420,,8480420,23,-0.004476840607821941,-0.0032854971941560507,0,-0.0245,0.0155
8480420,,8480420,24,-0.004470928106456995,-0.0032854971941560507,0,-0.0245,0.0155
8480420,,8480420,25,-0.00446218391880393,-0.0032854971941560507,0,-0.0245,0.0155
8480420,,8480420,26,-0.00447978125885129,-0.0032854971941560507,0,-0.0245,0.0155
8480420,,8480420,27,-0.004493371117860079,-0.0032854971941560507,0,-0.0245,0.0155
8480420,,8480420,28,-0.00450785830616951,-0.0032854971941560507,0,-0.0245,0.0155
8480420,,8480420,29,-0.0045168641954660416,-0.0032854971941560507,0,-0.0245,0.0155
8480420,,8480420,30,-0.0045211827382445335,-0.0032854971941560507,0,-0.0245,0.0155
8480420,,8480420,31,-0.004521701484918594,-0.0032854971941560507,0,-0.0245,0.0155
8480420,,8480420,32,-0.004524332005530596,-0.0032854971941560507,0,-0.0245,0.0155
8480420,,8480420,33,-0.004525120370090008,-0.0032854971941560507,0,-0.0245,0.0155
Marcus Hogberg,NYI,8477405,0,-0.01103400532156229,-0.010512526147067547,0,-0.031,0.009
Marcus Hogberg,NYI,8477405,1,-0.011269450187683105,-0.010512526147067547,43,-0.0143,-0.0083
Marcus Hogberg,NYI,8477405,2,-0.011454589664936066,-0.010512526147067547,0,-0.0315,0.0085
Marcus Hogberg,NYI,8477405,3,-0.01164535153657198,-0.010512526147067547,0,-0.0316,0.0084
Marcus Hogberg,NYI,8477405,4,-0.01183684729039669,-0.010512526147067547,0,-0.0318,0.0082
Marcus Hogberg,NYI,8477405,5,-0.012025760486721992,-0.010512526147067547,0,-0.032,0.008
Marcus Hogberg,NYI,8477405,6,-0.012218774296343327,-0.010512526147067547,0,-0.0322,0.0078
Marcus Hogberg,NYI,8477405,7,-0.012413964606821537,-0.010512526147067547,0,-0.0324,0.0076
Marcus Hogberg,NYI,8477405,8,-0.012609033845365047,-0.010512526147067547,0,-0.0326,0.0074
Marcus Hogberg,NYI,8477405,9,-0.012794853188097477,-0.010512526147067547,0,-0.0328,0.0072
Marcus Hogberg,NYI,8477405,10,-0.012977632693946362,-0.010512526147067547,0,-0.033,0.007
Marcus Hogberg,NYI,8477405,11,-0.013155841268599033,-0.010512526147067547,0,-0.0332,0.0068
Marcus Hogberg,NYI,8477405,12,-0.013317165896296501,-0.010512526147067547,0,-0.0333,0.0067
Marcus Hogberg,NYI,8477405,13,-0.01347842626273632,-0.010512526147067547,0,-0.0335,0.0065
Marcus Hogberg,NYI,8477405,14,-0.013625824823975563,-0.010512526147067547,0,-0.0336,0.0064
Marcus Hogberg,NYI,8477405,15,-0.013772455044090748,-0.010512526147067547,8,-0.0209,-0.0067
Marcus Hogberg,NYI,8477405,16,-0.013802718371152878,-0.010512526147067547,0,-0.0338,0.0062
Marcus Hogberg,NYI,8477405,17,-0.013837096281349659,-0.010512526147067547,0,-0.0338,0.0062
Marcus Hogberg,NYI,8477405,18,-0.013867274858057499,-0.010512526147067547,0,-0.0339,0.0061
Marcus Hogberg,NYI,8477405,19,-0.013893390074372292,-0.010512526147067547,0,-0.0339,0.0061
Marcus Hogberg,NYI,8477405,20,-0.013923538848757744,-0.010512526147067547,0,-0.0339,0.0061
Marcus Hogberg,NYI,8477405,21,-0.013958868570625782,-0.010512526147067547,0,-0.034,0.006
Marcus Hogberg,NYI,8477405,22,-0.013979447074234486,-0.010512526147067547,0,-0.034,0.006
Marcus Hogberg,NYI,8477405,23,-0.013988937251269817,-0.010512526147067547,0,-0.034,0.006
Marcus Hogberg,NYI,8477405,24,-0.01398329809308052,-0.010512526147067547,0,-0.034,0.006
Marcus Hogberg,NYI,8477405,25,-0.013973814435303211,-0.010512526147067547,0,-0.034,0.006
Marcus Hogberg,NYI,8477405,26,-0.013992071151733398,-0.010512526147067547,0,-0.034,0.006
Marcus Hogberg,NYI,8477405,27,-0.014005306176841259,-0.010512526147067547,0,-0.034,0.006
Marcus Hogberg,NYI,8477405,28,-0.014019805938005447,-0.010512526147067547,0,-0.034,0.006
Marcus Hogberg,NYI,8477405,29,-0.014028996229171753,-0.010512526147067547,0,-0.034,0.006
Marcus Hogberg,NYI,8477405,30,-0.014033060520887375,-0.010512526147067547,0,-0.034,0.006
Marcus Hogberg,NYI,8477405,31,-0.014033574610948563,-0.010512526147067547,0,-0.034,0.006
Marcus Hogberg,NYI,8477405,32,-0.014036834239959717,-0.010512526147067547,0,-0.034,0.006
Marcus Hogberg,NYI,8477405,33,-0.01403670571744442,-0.010512526147067547,0,-0.034,0.006
Jacob Markstrom,NJD,8474593,0,-0.01737520657479763,-0.014690079726278782,0,-0.0374,0.0026
Jacob Markstrom,NJD,8474593,1,-0.01857186108827591,-0.014690079726278782,25,-0.0226,-0.0146
Jacob Markstrom,NJD,8474593,2,-0.019582828506827354,-0.014690079726278782,34,-0.023,-0.0162
Jacob Markstrom,NJD,8474593,3,-0.02067672833800316,-0.014690079726278782,80,-0.0229,-0.0185
Jacob Markstrom,NJD,8474593,4,-0.021577777341008186,-0.014690079726278782,17,-0.0265,-0.0167
Jacob Markstrom,NJD,8474593,5,-0.0225454680621624,-0.014690079726278782,0,-0.0425,-0.0025
Jacob Markstrom,NJD,8474593,6,-0.023515768349170685,-0.014690079726278782,117,-0.0253,-0.0217
Jacob Markstrom,NJD,8474593,7,-0.024324750527739525,-0.014690079726278782,28,-0.0281,-0.0205
Jacob Markstrom,NJD,8474593,8,-0.025049079209566116,-0.014690079726278782,61,-0.0276,-0.0224
Jacob Markstrom,NJD,8474593,9,-0.025645246729254723,-0.014690079726278782,43,-0.0286,-0.0226
Jacob Markstrom,NJD,8474593,10,-0.026065124198794365,-0.014690079726278782,134,-0.0278,-0.0244
Jacob Markstrom,NJD,8474593,11,-0.026581361889839172,-0.014690079726278782,70,-0.029,-0.0242
Jacob Markstrom,NJD,8474593,12,-0.026966257020831108,-0.014690079726278782,94,-0.0291,-0.0249
Jacob Markstrom,NJD,8474593,13,-0.02713887393474579,-0.014690079726278782,45,-0.0301,-0.0241
Jacob Markstrom,NJD,8474593,14,-0.027534764260053635,-0.014690079726278782,46,-0.0304,-0.0246
Jacob Markstrom,NJD,8474593,15,-0.028057005256414413,-0.014690079726278782,88,-0.0302,-0.026
Jacob Markstrom,NJD,8474593,16,-0.028901081532239914,-0.014690079726278782,29,-0.0326,-0.0252
Jacob Markstrom,NJD,8474593,17,-0.029041526839137077,-0.014690079726278782,129,-0.0308,-0.0272
Jacob Markstrom,NJD,8474593,18,-0.029401661828160286,-0.014690079726278782,97,-0.0314,-0.0274
Jacob Markstrom,NJD,8474593,19,-0.029585039243102074,-0.014690079726278782,49,-0.0325,-0.0267
Jacob Markstrom,NJD,8474593,20,-0.029882781207561493,-0.014690079726278782,36,-0.0332,-0.0266
Jacob Markstrom,NJD,8474593,21,-0.030187373980879784,-0.014690079726278782,88,-0.0323,-0.0281
Jacob Markstrom,NJD,8474593,22,-0.03068935126066208,-0.014690079726278782,34,-0.0341,-0.0273
Jacob Markstrom,NJD,8474593,23,-0.030903760343790054,-0.014690079726278782,64,-0.0334,-0.0284
Jacob Markstrom,NJD,8474593,24,-0.03092457540333271,-0.014690079726278782,83,-0.0331,-0.0287
Jacob Markstrom,NJD,8474593,25,-0.030952049419283867,-0.014690079726278782,85,-0.0332,-0.0288
Jacob Markstrom,NJD,8474593,26,-0.031202217563986778,-0.014690079726278782,23,-0.0354,-0.027
Jacob Markstrom,NJD,8474593,27,-0.031214339658617973,-0.014690079726278782,0,-0.0512,-0.0112
Jacob Markstrom,NJD,8474593,28,-0.03123135305941105,-0.014690079726278782,0,-0.0512,-0.0112
Jacob Markstrom,NJD,8474593,29,-0.031237628310918808,-0.014690079726278782,0,-0.0512,-0.0112
Jacob Markstrom,NJD,8474593,30,-0.031243368983268738,-0.014690079726278782,0,-0.0512,-0.0112
Jacob Markstrom,NJD,8474593,31,-0.03124433569610119,-0.014690079726278782,0,-0.0512,-0.0112
Jacob Markstrom,NJD,8474593,32,-0.031245987862348557,-0.014690079726278782,0,-0.0512,-0.0112
Jacob Markstrom,NJD,8474593,33,-0.031246928498148918,-0.014690079726278782,0,-0.0512,-0.0112
Jakub Skarek,SJS,8480819,0,-0.005916208494454622,-0.005505381617695093,0,-0.0259,0.0141
Jakub Skarek,SJS,8480819,1,-0.006103392690420151,-0.005505381617695093,0,-0.0261,0.0139
Jakub Skarek,SJS,8480819,2,-0.006288277916610241,-0.005505381617695093,26,-0.0102,-0.0024
Jakub Skarek,SJS,8480819,3,-0.006356010679155588,-0.005505381617695093,0,-0.0264,0.0136
Jakub Skarek,SJS,8480819,4,-0.006424140650779009,-0.005505381617695093,0,-0.0264,0.0136
Jakub Skarek,SJS,8480819,5,-0.006490526720881462,-0.005505381617695093,0,-0.0265,0.0135
Jakub Skarek,SJS,8480819,6,-0.006559140048921108,-0.005505381617695093,0,-0.0266,0.0134
Jakub Skarek,SJS,8480819,7,-0.006632757373154163,-0.005505381617695093,0,-0.0266,0.0134
Jakub Skarek,SJS,8480819,8,-0.00670253811404109,-0.005505381617695093,0,-0.0267,0.0133
Jakub Skarek,SJS,8480819,9,-0.006767542567104101,-0.005505381617695093,0,-0.0268,0.0132
Jakub Skarek,SJS,8480819,10,-0.006825451739132404,-0.005505381617695093,0,-0.0268,0.0132
Jakub Skarek,SJS,8480819,11,-0.006880776956677437,-0.005505381617695093,0,-0.0269,0.0131
Jakub Skarek,SJS,8480819,12,-0.006919824983924627,-0.005505381617695093,0,-0.0269,0.0131
Jakub Skarek,SJS,8480819,13,-0.006956361699849367,-0.005505381617695093,0,-0.027,0.013
Jakub Skarek,SJS,8480819,14,-0.006981938611716032,-0.005505381617695093,0,-0.027,0.013
Jakub Skarek,SJS,8480819,15,-0.007004616782069206,-0.005505381617695093,0,-0.027,0.013
Jakub Skarek,SJS,8480819,16,-0.007034951355308294,-0.005505381617695093,0,-0.027,0.013
Jakub Skarek,SJS,8480819,17,-0.007069910876452923,-0.005505381617695093,0,-0.0271,0.0129
Jakub Skarek,SJS,8480819,18,-0.007099673617631197,-0.005505381617695093,0,-0.0271,0.0129
Jakub Skarek,SJS,8480819,19,-0.007125562522560358,-0.005505381617695093,0,-0.0271,0.0129
Jakub Skarek,SJS,8480819,20,-0.007156512700021267,-0.005505381617695093,0,-0.0272,0.0128
Jakub Skarek,SJS,8480819,21,-0.007191073149442673,-0.005505381617695093,0,-0.0272,0.0128
Jakub Skarek,SJS,8480819,22,-0.007212487049400806,-0.005505381617695093,0,-0.0272,0.0128
Jakub Skarek,SJS,8480819,23,-0.007221548818051815,-0.005505381617695093,0,-0.0272,0.0128
Jakub Skarek,SJS,8480819,24,-0.007215514779090881,-0.005505381617695093,0,-0.0272,0.0128
Jakub Skarek,SJS,8480819,25,-0.0072070881724357605,-0.005505381617695093,0,-0.0272,0.0128
Jakub Skarek,SJS,8480819,26,-0.007224408909678459,-0.005505381617695093,0,-0.0272,0.0128
Jakub Skarek,SJS,8480819,27,-0.007238275371491909,-0.005505381617695093,0,-0.0272,0.0128
Jakub Skarek,SJS,8480819,28,-0.007252291776239872,-0.005505381617695093,0,-0.0273,0.0127
Jakub Skarek,SJS,8480819,29,-0.007262145634740591,-0.005505381617695093,0,-0.0273,0.0127
Jakub Skarek,SJS,8480819,30,-0.007265378721058369,-0.005505381617695093,0,-0.0273,0.0127
Jakub Skarek,SJS,8480819,31,-0.007266972213983536,-0.005505381617695093,0,-0.0273,0.0127
Jakub Skarek,SJS,8480819,32,-0.007268744055181742,-0.005505381617695093,0,-0.0273,0.0127
Jakub Skarek,SJS,8480819,33,-0.0072701070457696915,-0.005505381617695093,0,-0.0273,0.0127
Nico Daws,NJD,8482076,0,0.0137230409309268,0.013950391672551632,18,0.009,0.0184
Nico Daws,NJD,8482076,1,0.013889661990106106,0.013950391672551632,7,0.0063,0.0215
Nico Daws,NJD,8482076,2,0.013992080464959145,0.013950391672551632,0,-0.006,0.034
Nico Daws,NJD,8482076,3,0.014085745438933372,0.013950391672551632,0,-0.0059,0.0341
Nico Daws,NJD,8482076,4,0.014181353151798248,0.013950391672551632,0,-0.0058,0.0342
Nico Daws,NJD,8482076,5,0.014277772977948189,0.013950391672551632,44,0.0113,0.0173
Nico Daws,NJD,8482076,6,0.014122617430984974,0.013950391672551632,0,-0.0059,0.0341
Nico Daws,NJD,8482076,7,0.013963214121758938,0.013950391672551632,0,-0.006,0.034
Nico Daws,NJD,8482076,8,0.013806376606225967,0.013950391672551632,0,-0.0062,0.0338
Nico Daws,NJD,8482076,9,0.01365587580949068,0.013950391672551632,0,-0.0063,0.0337
Nico Daws,NJD,8482076,10,0.013511470519006252,0.013950391672551632,0,-0.0065,0.0335
Nico Daws,NJD,8482076,11,0.013369718566536903,0.013950391672551632,0,-0.0066,0.0334
Nico Daws,NJD,8482076,12,0.013244467787444592,0.013950391672551632,0,-0.0068,0.0332
Nico Daws,NJD,8482076,13,0.013121873140335083,0.013950391672551632,0,-0.0069,0.0331
Nico Daws,NJD,8482076,14,0.013009237125515938,0.013950391672551632,0,-0.007,0.033
Nico Daws,NJD,8482076,15,0.012901289388537407,0.013950391672551632,0,-0.0071,0.0329
Nico Daws,NJD,8482076,16,0.012783573940396309,0.013950391672551632,0,-0.0072,0.0328
Nico Daws,NJD,8482076,17,0.012663369998335838,0.013950391672551632,0,-0.0073,0.0327
Nico Daws,NJD,8482076,18,0.012546594254672527,0.013950391672551632,0,-0.0075,0.0325
Nico Daws,NJD,8482076,19,0.01243433728814125,0.013950391672551632,0,-0.0076,0.0324
Nico Daws,NJD,8482076,20,0.012317661195993423,0.013950391672551632,0,-0.0077,0.0323
Nico Daws,NJD,8482076,21,0.01219572126865387,0.013950391672551632,0,-0.0078,0.0322
Nico Daws,NJD,8482076,22,0.012089294381439686,0.013950391672551632,0,-0.0079,0.0321
Nico Daws,NJD,8482076,23,0.011992494575679302,0.013950391672551632,0,-0.008,0.032
Nico Daws,NJD,8482076,24,0.011913499794900417,0.013950391672551632,0,-0.0081,0.0319
Nico Daws,NJD,8482076,25,0.011833982542157173,0.013950391672551632,0,-0.0082,0.0318
Nico Daws,NJD,8482076,26,0.01173222903162241,0.013950391672551632,39,0.0085,0.0149
Nico Daws,NJD,8482076,27,0.011603833176195621,0.013950391672551632,41,0.0085,0.0147
Nico Daws,NJD,8482076,28,0.011593029834330082,0.013950391672551632,0,-0.0084,0.0316
Nico Daws,NJD,8482076,29,0.011580110527575016,0.013950391672551632,0,-0.0084,0.0316
Nico Daws,NJD,8482076,30,0.01157973799854517,0.013950391672551632,0,-0.0084,0.0316
Nico Daws,NJD,8482076,31,0.011575178243219852,0.013950391672551632,0,-0.0084,0.0316
Nico Daws,NJD,8482076,32,0.011576671153306961,0.013950391672551632,0,-0.0084,0.0316
Nico Daws,NJD,8482076,33,0.011573133990168571,0.013950391672551632,0,-0.0084,0.0316
Joseph Woll,TOR,8479361,0,-0.0040109301917254925,-0.003441446227952838,0,-0.024,0.016
Joseph Woll,TOR,8479361,1,-0.004268139135092497,-0.003441446227952838,0,-0.0243,0.0157
Joseph Woll,TOR,8479361,2,-0.004523333627730608,-0.003441446227952838,0,-0.0245,0.0155
Joseph Woll,TOR,8479361,3,-0.004784873221069574,-0.003441446227952838,0,-0.0248,0.0152
Joseph Woll,TOR,8479361,4,-0.005046955309808254,-0.003441446227952838,0,-0.025,0.015
Joseph Woll,TOR,8479361,5,-0.005305996164679527,-0.003441446227952838,0,-0.0253,0.0147
Joseph Woll,TOR,8479361,6,-0.005570099223405123,-0.003441446227952838,0,-0.0256,0.0144
Joseph Woll,TOR,8479361,7,-0.0058351922780275345,-0.003441446227952838,0,-0.0258,0.0142
Joseph Woll,TOR,8479361,8,-0.006100750528275967,-0.003441446227952838,52,-0.0089,-0.0033
Joseph Woll,TOR,8479361,9,-0.006351166870445013,-0.003441446227952838,130,-0.0082,-0.0046
Joseph Woll,TOR,8479361,10,-0.006558580324053764,-0.003441446227952838,102,-0.0086,-0.0046
Joseph Woll,TOR,8479361,11,-0.007037119474261999,-0.003441446227952838,80,-0.0092,-0.0048
Joseph Woll,TOR,8479361,12,-0.007742296904325485,-0.003441446227952838,0,-0.0277,0.0123
Joseph Woll,TOR,8479361,13,-0.008445902727544308,-0.003441446227952838,76,-0.0107,-0.0061
Joseph Woll,TOR,8479361,14,-0.009120317175984383,-0.003441446227952838,94,-0.0112,-0.007
Joseph Woll,TOR,8479361,15,-0.009655607864260674,-0.003441446227952838,115,-0.0116,-0.0078
Joseph Woll,TOR,8479361,16,-0.010068658739328384,-0.003441446227952838,106,-0.012,-0.0082
Joseph Woll,TOR,8479361,17,-0.010991569608449936,-0.003441446227952838,94,-0.0131,-0.0089
Joseph Woll,TOR,8479361,18,-0.0117091229185462,-0.003441446227952838,147,-0.0133,-0.0101
Joseph Woll,TOR,8479361,19,-0.012372216209769249,-0.003441446227952838,89,-0.0145,-0.0103
Joseph Woll,TOR,8479361,20,-0.012833979912102222,-0.003441446227952838,43,-0.0158,-0.0098
Joseph Woll,TOR,8479361,21,-0.01335237268358469,-0.003441446227952838,93,-0.0155,-0.0113
Joseph Woll,TOR,8479361,22,-0.013670749962329865,-0.003441446227952838,119,-0.0155,-0.0119
Joseph Woll,TOR,8479361,23,-0.014252389781177044,-0.003441446227952838,173,-0.0158,-0.0128
Joseph Woll,TOR,8479361,24,-0.014814628288149834,-0.003441446227952838,106,-0.0167,-0.0129
Joseph Woll,TOR,8479361,25,-0.015312972478568554,-0.003441446227952838,67,-0.0177,-0.0129
Joseph Woll,TOR,8479361,26,-0.015585052780807018,-0.003441446227952838,69,-0.018,-0.0132
Joseph Woll,TOR,8479361,27,-0.01559966616332531,-0.003441446227952838,0,-0.0356,0.0044
Joseph Woll,TOR,8479361,28,-0.015612700954079628,-0.003441446227952838,0,-0.0356,0.0044
Joseph Woll,TOR,8479361,29,-0.015622802078723907,-0.003441446227952838,0,-0.0356,0.0044
Joseph Woll,TOR,8479361,30,-0.015626629814505577,-0.003441446227952838,0,-0.0356,0.0044
Joseph Woll,TOR,8479361,31,-0.01562744565308094,-0.003441446227952838,0,-0.0356,0.0044
Joseph Woll,TOR,8479361,32,-0.01562955603003502,-0.003441446227952838,0,-0.0356,0.0044
Joseph Woll,TOR,8479361,33,-0.015630723908543587,-0.003441446227952838,0,-0.0356,0.0044
Mads Sogaard,OTT,8481544,0,-0.013755626045167446,-0.012998495250940323,16,-0.0188,-0.0088
Mads Sogaard,OTT,8481544,1,-0.01408190093934536,-0.012998495250940323,0,-0.0341,0.0059
Mads Sogaard,OTT,8481544,2,-0.014404749497771263,-0.012998495250940323,10,-0.0207,-0.0081
Mads Sogaard,OTT,8481544,3,-0.014737125486135483,-0.012998495250940323,0,-0.0347,0.0053
Mads Sogaard,OTT,8481544,4,-0.015070564113557339,-0.012998495250940323,0,-0.0351,0.0049
Mads Sogaard,OTT,8481544,5,-0.015400041826069355,-0.012998495250940323,0,-0.0354,0.0046
Mads Sogaard,OTT,8481544,6,-0.015735378488898277,-0.012998495250940323,0,-0.0357,0.0043
Mads Sogaard,OTT,8481544,7,-0.016070213168859482,-0.012998495250940323,0,-0.0361,0.0039
Mads Sogaard,OTT,8481544,8,-0.0164082869887352,-0.012998495250940323,0,-0.0364,0.0036
Mads Sogaard,OTT,8481544,9,-0.01673496887087822,-0.012998495250940323,0,-0.0367,0.0033
Mads Sogaard,OTT,8481544,10,-0.017058148980140686,-0.012998495250940323,0,-0.0371,0.0029
Mads Sogaard,OTT,8481544,11,-0.017378823831677437,-0.012998495250940323,0,-0.0374,0.0026
Mads Sogaard,OTT,8481544,12,-0.017681075260043144,-0.012998495250940323,0,-0.0377,0.0023
Mads Sogaard,OTT,8481544,13,-0.017983267083764076,-0.012998495250940323,0,-0.038,0.002
Mads Sogaard,OTT,8481544,14,-0.018272891640663147,-0.012998495250940323,0,-0.0383,0.0017
Mads Sogaard,OTT,8481544,15,-0.018559275195002556,-0.012998495250940323,0,-0.0386,0.0014
Mads Sogaard,OTT,8481544,16,-0.018856389448046684,-0.012998495250940323,18,-0.0236,-0.0142
Mads Sogaard,OTT,8481544,17,-0.01878403127193451,-0.012998495250940323,0,-0.0388,0.0012
Mads Sogaard,OTT,8481544,18,-0.018715031445026398,-0.012998495250940323,31,-0.0223,-0.0151
Mads Sogaard,OTT,8481544,19,-0.01873590238392353,-0.012998495250940323,0,-0.0387,0.0013
Mads Sogaard,OTT,8481544,20,-0.018771063536405563,-0.012998495250940323,0,-0.0388,0.0012
Mads Sogaard,OTT,8481544,21,-0.018802829086780548,-0.012998495250940323,0,-0.0388,0.0012
Mads Sogaard,OTT,8481544,22,-0.01882581040263176,-0.012998495250940323,0,-0.0388,0.0012
Mads Sogaard,OTT,8481544,23,-0.018833724781870842,-0.012998495250940323,0,-0.0388,0.0012
Mads Sogaard,OTT,8481544,24,-0.018828723579645157,-0.012998495250940323,0,-0.0388,0.0012
Mads Sogaard,OTT,8481544,25,-0.018819568678736687,-0.012998495250940323,0,-0.0388,0.0012
Mads Sogaard,OTT,8481544,26,-0.018837539479136467,-0.012998495250940323,0,-0.0388,0.0012
Mads Sogaard,OTT,8481544,27,-0.018850641325116158,-0.012998495250940323,0,-0.0389,0.0011
Mads Sogaard,OTT,8481544,28,-0.018865231424570084,-0.012998495250940323,0,-0.0389,0.0011
Mads Sogaard,OTT,8481544,29,-0.01887458749115467,-0.012998495250940323,0,-0.0389,0.0011
Mads Sogaard,OTT,8481544,30,-0.018878508359193802,-0.012998495250940323,0,-0.0389,0.0011
Mads Sogaard,OTT,8481544,31,-0.018879488110542297,-0.012998495250940323,0,-0.0389,0.0011
Mads Sogaard,OTT,8481544,32,-0.018882066011428833,-0.012998495250940323,0,-0.0389,0.0011
Mads Sogaard,OTT,8481544,33,-0.018882397562265396,-0.012998495250940323,0,-0.0389,0.0011
Matt Murray,SEA,8476899,0,-0.00236128200776875,-0.002901146188378334,0,-0.0224,0.0176
Matt Murray,SEA,8476899,1,-0.0021246406249701977,-0.002901146188378334,66,-0.0046,0.0004
Matt Murray,SEA,8476899,2,-0.0019165725680068135,-0.002901146188378334,0,-0.0219,0.0181
Matt Murray,SEA,8476899,3,-0.0017132400535047054,-0.002901146188378334,0,-0.0217,0.0183
Matt Murray,SEA,8476899,4,-0.0015118129085749388,-0.002901146188378334,0,-0.0215,0.0185
Matt Murray,SEA,8476899,5,-0.0013066700194031,-0.002901146188378334,49,-0.0042,0.0016
Matt Murray,SEA,8476899,6,-0.0011097677052021027,-0.002901146188378334,0,-0.0211,0.0189
Matt Murray,SEA,8476899,7,-0.0009147614473477006,-0.002901146188378334,47,-0.0038,0.002
Matt Murray,SEA,8476899,8,-0.000807761971373111,-0.002901146188378334,68,-0.0032,0.0016
Matt Murray,SEA,8476899,9,-0.0008713259012438357,-0.002901146188378334,0,-0.0209,0.0191
Matt Murray,SEA,8476899,10,-0.0009298520162701607,-0.002901146188378334,0,-0.0209,0.0191
Matt Murray,SEA,8476899,11,-0.000984862563200295,-0.002901146188378334,0,-0.021,0.019
Matt Murray,SEA,8476899,12,-0.001023940509185195,-0.002901146188378334,0,-0.021,0.019
Matt Murray,SEA,8476899,13,-0.0010601681424304843,-0.002901146188378334,0,-0.0211,0.0189
Matt Murray,SEA,8476899,14,-0.0010862459894269705,-0.002901146188378334,0,-0.0211,0.0189
Matt Murray,SEA,8476899,15,-0.0011081029660999775,-0.002901146188378334,0,-0.0211,0.0189
Matt Murray,SEA,8476899,16,-0.0011390447616577148,-0.002901146188378334,0,-0.0211,0.0189
Matt Murray,SEA,8476899,17,-0.0011734410654753447,-0.002901146188378334,0,-0.0212,0.0188
Matt Murray,SEA,8476899,18,-0.0012034540995955467,-0.002901146188378334,0,-0.0212,0.0188
Matt Murray,SEA,8476899,19,-0.0012291620951145887,-0.002901146188378334,0,-0.0212,0.0188
Matt Murray,SEA,8476899,20,-0.0012601626804098487,-0.002901146188378334,0,-0.0213,0.0187
Matt Murray,SEA,8476899,21,-0.0012946800561621785,-0.002901146188378334,0,-0.0213,0.0187
Matt Murray,SEA,8476899,22,-0.0013158584479242563,-0.002901146188378334,0,-0.0213,0.0187
Matt Murray,SEA,8476899,23,-0.0013249687617644668,-0.002901146188378334,0,-0.0213,0.0187
Matt Murray,SEA,8476899,24,-0.0013192471815273166,-0.002901146188378334,0,-0.0213,0.0187
Matt Murray,SEA,8476899,25,-0.0013101259246468544,-0.002901146188378334,0,-0.0213,0.0187
Matt Murray,SEA,8476899,26,-0.0013281172141432762,-0.002901146188378334,0,-0.0213,0.0187
Matt Murray,SEA,8476899,27,-0.0013413119595497847,-0.002901146188378334,0,-0.0213,0.0187
Matt Murray,SEA,8476899,28,-0.0013560773804783821,-0.002901146188378334,0,-0.0214,0.0186
Matt Murray,SEA,8476899,29,-0.0013649207539856434,-0.002901146188378334,0,-0.0214,0.0186
Matt Murray,SEA,8476899,30,-0.0013691619969904423,-0.002901146188378334,0,-0.0214,0.0186
Matt Murray,SEA,8476899,31,-0.0013699517585337162,-0.002901146188378334,0,-0.0214,0.0186
Matt Murray,SEA,8476899,32,-0.0013722586445510387,-0.002901146188378334,0,-0.0214,0.0186
Matt Murray,SEA,8476899,33,-0.0013731673825532198,-0.002901146188378334,0,-0.0214,0.0186
Mackenzie Blackwood,COL,8478406,0,0.03812059387564659,0.036637917160987854,0,0.0181,0.0581
Mackenzie Blackwood,COL,8478406,1,0.03877776488661766,0.036637917160987854,0,0.0188,0.0588
Mackenzie Blackwood,COL,8478406,2,0.03943049907684326,0.036637917160987854,0,0.0194,0.0594
Mackenzie Blackwood,COL,8478406,3,0.040086109191179276,0.036637917160987854,0,0.0201,0.0601
Mackenzie Blackwood,COL,8478406,4,0.040731482207775116,0.036637917160987854,0,0.0207,0.0607
Mackenzie Blackwood,COL,8478406,5,0.04138863459229469,0.036637917160987854,0,0.0214,0.0614
Mackenzie Blackwood,COL,8478406,6,0.04203582927584648,0.036637917160987854,29,0.0383,0.0457
Mackenzie Blackwood,COL,8478406,7,0.04276492819190025,0.036637917160987854,55,0.0401,0.0455
Mackenzie Blackwood,COL,8478406,8,0.04352375492453575,0.036637917160987854,39,0.0403,0.0467
Mackenzie Blackwood,COL,8478406,9,0.04432803764939308,0.036637917160987854,53,0.0416,0.047
Mackenzie Blackwood,COL,8478406,10,0.044860679656267166,0.036637917160987854,73,0.0426,0.0472
Mackenzie Blackwood,COL,8478406,11,0.04509484022855759,0.036637917160987854,152,0.0435,0.0467
Mackenzie Blackwood,COL,8478406,12,0.0452171191573143,0.036637917160987854,34,0.0418,0.0486
Mackenzie Blackwood,COL,8478406,13,0.045326557010412216,0.036637917160987854,105,0.0433,0.0473
Mackenzie Blackwood,COL,8478406,14,0.045139823108911514,0.036637917160987854,0,0.0251,0.0651
Mackenzie Blackwood,COL,8478406,15,0.04494377225637436,0.036637917160987854,64,0.0424,0.0474
Mackenzie Blackwood,COL,8478406,16,0.04472963139414787,0.036637917160987854,0,0.0247,0.0647
Mackenzie Blackwood,COL,8478406,17,0.04450717568397522,0.036637917160987854,36,0.0412,0.0478
Mackenzie Blackwood,COL,8478406,18,0.044586144387722015,0.036637917160987854,82,0.0424,0.0468
Mackenzie Blackwood,COL,8478406,19,0.044765494763851166,0.036637917160987854,73,0.0425,0.0471
Mackenzie Blackwood,COL,8478406,20,0.04475816339254379,0.036637917160987854,77,0.0425,0.0471
Mackenzie Blackwood,COL,8478406,21,0.044602058827877045,0.036637917160987854,76,0.0423,0.0469
Mackenzie Blackwood,COL,8478406,22,0.04432317614555359,0.036637917160987854,63,0.0418,0.0468
Mackenzie Blackwood,COL,8478406,23,0.04425759240984917,0.036637917160987854,92,0.0422,0.0464
Mackenzie Blackwood,COL,8478406,24,0.044267572462558746,0.036637917160987854,70,0.0419,0.0467
Mackenzie Blackwood,COL,8478406,25,0.044392503798007965,0.036637917160987854,76,0.0421,0.0467
Mackenzie Blackwood,COL,8478406,26,0.04479491710662842,0.036637917160987854,100,0.0428,0.0468
Mackenzie Blackwood,COL,8478406,27,0.04499392583966255,0.036637917160987854,42,0.0419,0.0481
Mackenzie Blackwood,COL,8478406,28,0.0449984185397625,0.036637917160987854,0,0.025,0.065
Mackenzie Blackwood,COL,8478406,29,0.04500642418861389,0.036637917160987854,0,0.025,0.065
Mackenzie Blackwood,COL,8478406,30,0.045023635029792786,0.036637917160987854,23,0.0408,0.0492
Mackenzie Blackwood,COL,8478406,31,0.04497738555073738,0.036637917160987854,58,0.0424,0.0476
Mackenzie Blackwood,COL,8478406,32,0.0450231097638607,0.036637917160987854,0,0.025,0.065
Mackenzie Blackwood,COL,8478406,33,0.04506735876202583,0.036637917160987854,43,0.0421,0.0481
Akira Schmid,VGK,8481033,0,0.02319457195699215,0.02277000993490219,0,0.0032,0.0432
Akira Schmid,VGK,8481033,1,0.023377973586320877,0.02277000993490219,53,0.0207,0.0261
Akira Schmid,VGK,8481033,2,0.02342863380908966,0.02277000993490219,46,0.0205,0.0263
Akira Schmid,VGK,8481033,3,0.023300401866436005,0.02277000993490219,34,0.0199,0.0267
Akira Schmid,VGK,8481033,4,0.023201437667012215,0.02277000993490219,71,0.0208,0.0256
Akira Schmid,VGK,8481033,5,0.02323327586054802,0.02277000993490219,75,0.0209,0.0255
Akira Schmid,VGK,8481033,6,0.02310371585190296,0.02277000993490219,38,0.0199,0.0263
Akira Schmid,VGK,8481033,7,0.02303718775510788,0.02277000993490219,93,0.0209,0.0251
Akira Schmid,VGK,8481033,8,0.02289726957678795,0.02277000993490219,76,0.0206,0.0252
Akira Schmid,VGK,8481033,9,0.022787505760788918,0.02277000993490219,132,0.0211,0.0245
Akira Schmid,VGK,8481033,10,0.022480599582195282,0.02277000993490219,71,0.0201,0.0249
Akira Schmid,VGK,8481033,11,0.02230134792625904,0.02277000993490219,38,0.0191,0.0255
Akira Schmid,VGK,8481033,12,0.021932030096650124,0.02277000993490219,32,0.0184,0.0254
Akira Schmid,VGK,8481033,13,0.02154502458870411,0.02277000993490219,41,0.0184,0.0246
Akira Schmid,VGK,8481033,14,0.021459270268678665,0.02277000993490219,0,0.0015,0.0415
Akira Schmid,VGK,8481033,15,0.021378301084041595,0.02277000993490219,97,0.0194,0.0234
Akira Schmid,VGK,8481033,16,0.021374868229031563,0.02277000993490219,69,0.019,0.0238
Akira Schmid,VGK,8481033,17,0.02123483270406723,0.02277000993490219,84,0.019,0.0234
Akira Schmid,VGK,8481033,18,0.020968731492757797,0.02277000993490219,42,0.0179,0.0241
Akira Schmid,VGK,8481033,19,0.020829563960433006,0.02277000993490219,79,0.0185,0.0231
Akira Schmid,VGK,8481033,20,0.0207325741648674,0.02277000993490219,33,0.0172,0.0242
Akira Schmid,VGK,8481033,21,0.02066548727452755,0.02277000993490219,44,0.0177,0.0237
Akira Schmid,VGK,8481033,22,0.02062031254172325,0.02277000993490219,0,0.0006,0.0406
Akira Schmid,VGK,8481033,23,0.020590845495462418,0.02277000993490219,52,0.0178,0.0234
Akira Schmid,VGK,8481033,24,0.020595571026206017,0.02277000993490219,0,0.0006,0.0406
Akira Schmid,VGK,8481033,25,0.020605381578207016,0.02277000993490219,0,0.0006,0.0406
Akira Schmid,VGK,8481033,26,0.0205865316092968,0.02277000993490219,0,0.0006,0.0406
Akira Schmid,VGK,8481033,27,0.020574532449245453,0.02277000993490219,0,0.0006,0.0406
Akira Schmid,VGK,8481033,28,0.020558591932058334,0.02277000993490219,0,0.0006,0.0406
Akira Schmid,VGK,8481033,29,0.020550789311528206,0.02277000993490219,0,0.0006,0.0406
Akira Schmid,VGK,8481033,30,0.020545661449432373,0.02277000993490219,0,0.0005,0.0405
Akira Schmid,VGK,8481033,31,0.02054576575756073,0.02277000993490219,0,0.0005,0.0405
Akira Schmid,VGK,8481033,32,0.020542124286293983,0.02277000993490219,0,0.0005,0.0405
Akira Schmid,VGK,8481033,33,0.02054271288216114,0.02277000993490219,0,0.0005,0.0405
8481520,,8481520,0,-0.0026246351189911366,-0.0024909055791795254,0,-0.0226,0.0174
8481520,,8481520,1,-0.002687767380848527,-0.0024909055791795254,0,-0.0227,0.0173
8481520,,8481520,2,-0.00274963048286736,-0.0024909055791795254,0,-0.0227,0.0173
8481520,,8481520,3,-0.002816916676238179,-0.0024909055791795254,0,-0.0228,0.0172
8481520,,8481520,4,-0.0028856617864221334,-0.0024909055791795254,0,-0.0229,0.0171
8481520,,8481520,5,-0.0029509617015719414,-0.0024909055791795254,0,-0.023,0.017
8481520,,8481520,6,-0.00302094011567533,-0.0024909055791795254,0,-0.023,0.017
8481520,,8481520,7,-0.003092842875048518,-0.0024909055791795254,0,-0.0231,0.0169
8481520,,8481520,8,-0.003164124907925725,-0.0024909055791795254,0,-0.0232,0.0168
8481520,,8481520,9,-0.003228050423786044,-0.0024909055791795254,0,-0.0232,0.0168
8481520,,8481520,10,-0.003286355407908559,-0.0024909055791795254,0,-0.0233,0.0167
8481520,,8481520,11,-0.0033415802754461765,-0.0024909055791795254,0,-0.0233,0.0167
8481520,,8481520,12,-0.0033804718405008316,-0.0024909055791795254,0,-0.0234,0.0166
8481520,,8481520,13,-0.0034170839935541153,-0.0024909055791795254,0,-0.0234,0.0166
8481520,,8481520,14,-0.0034427959471940994,-0.0024909055791795254,0,-0.0234,0.0166
8481520,,8481520,15,-0.003464921610429883,-0.0024909055791795254,0,-0.0235,0.0165
8481520,,8481520,16,-0.0034958734177052975,-0.0024909055791795254,0,-0.0235,0.0165
8481520,,8481520,17,-0.0035302459727972746,-0.0024909055791795254,0,-0.0235,0.0165
8481520,,8481520,18,-0.0035602273419499397,-0.0024909055791795254,0,-0.0236,0.0164
8481520,,8481520,19,-0.003586145117878914,-0.0024909055791795254,0,-0.0236,0.0164
8481520,,8481520,20,-0.003616973292082548,-0.0024909055791795254,0,-0.0236,0.0164
8481520,,8481520,21,-0.0036515856627374887,-0.0024909055791795254,0,-0.0237,0.0163
8481520,,8481520,22,-0.003672843100503087,-0.0024909055791795254,0,-0.0237,0.0163
8481520,,8481520,23,-0.0036819223314523697,-0.0024909055791795254,0,-0.0237,0.0163
8481520,,8481520,24,-0.0036761569790542126,-0.0024909055791795254,0,-0.0237,0.0163
8481520,,8481520,25,-0.003667082404717803,-0.0024909055791795254,0,-0.0237,0.0163
8481520,,8481520,26,-0.0036851726472377777,-0.0024909055791795254,0,-0.0237,0.0163
8481520,,8481520,27,-0.0036982994060963392,-0.0024909055791795254,0,-0.0237,0.0163
8481520,,8481520,28,-0.003713032463565469,-0.0024909055791795254,0,-0.0237,0.0163
8481520,,8481520,29,-0.0037219971418380737,-0.0024909055791795254,0,-0.0237,0.0163
8481520,,8481520,30,-0.003726141294464469,-0.0024909055791795254,0,-0.0237,0.0163
8481520,,8481520,31,-0.003726963885128498,-0.0024909055791795254,0,-0.0237,0.0163
8481520,,8481520,32,-0.0037293259520083666,-0.0024909055791795254,0,-0.0237,0.0163
8481520,,8481520,33,-0.0037302477285265923,-0.0024909055791795254,0,-0.0237,0.0163
Georgi Romanov,STL,8484312,0,-0.011104672215878963,-0.011041443794965744,0,-0.0311,0.0089
Georgi Romanov,STL,8484312,1,-0.011133668944239616,-0.011041443794965744,15,-0.0163,-0.0059
Georgi Romanov,STL,8484312,2,-0.011197719722986221,-0.011041443794965744,0,-0.0312,0.0088
Georgi Romanov,STL,8484312,3,-0.011262926273047924,-0.011041443794965744,0,-0.0313,0.0087
Georgi Romanov,STL,8484312,4,-0.011333074420690536,-0.011041443794965744,0,-0.0313,0.0087
Georgi Romanov,STL,8484312,5,-0.01139780692756176,-0.011041443794965744,0,-0.0314,0.0086
Georgi Romanov,STL,8484312,6,-0.01146779302507639,-0.011041443794965744,0,-0.0315,0.0085
Georgi Romanov,STL,8484312,7,-0.011539878323674202,-0.011041443794965744,0,-0.0315,0.0085
Georgi Romanov,STL,8484312,8,-0.011610692366957664,-0.011041443794965744,0,-0.0316,0.0084
Georgi Romanov,STL,8484312,9,-0.011675012297928333,-0.011041443794965744,0,-0.0317,0.0083
Georgi Romanov,STL,8484312,10,-0.011732927523553371,-0.011041443794965744,0,-0.0317,0.0083
Georgi Romanov,STL,8484312,11,-0.01178856659680605,-0.011041443794965744,0,-0.0318,0.0082
Georgi Romanov,STL,8484312,12,-0.011826937086880207,-0.011041443794965744,0,-0.0318,0.0082
Georgi Romanov,STL,8484312,13,-0.011864099651575089,-0.011041443794965744,0,-0.0319,0.0081
Georgi Romanov,STL,8484312,14,-0.011889158748090267,-0.011041443794965744,0,-0.0319,0.0081
Georgi Romanov,STL,8484312,15,-0.011911665089428425,-0.011041443794965744,0,-0.0319,0.0081
Georgi Romanov,STL,8484312,16,-0.011942865327000618,-0.011041443794965744,0,-0.0319,0.0081
Georgi Romanov,STL,8484312,17,-0.011976320296525955,-0.011041443794965744,0,-0.032,0.008
Georgi Romanov,STL,8484312,18,-0.012007259763777256,-0.011041443794965744,0,-0.032,0.008
Georgi Romanov,STL,8484312,19,-0.012032452039420605,-0.011041443794965744,0,-0.032,0.008
Georgi Romanov,STL,8484312,20,-0.012063667178153992,-0.011041443794965744,0,-0.0321,0.0079
Georgi Romanov,STL,8484312,21,-0.012098150327801704,-0.011041443794965744,0,-0.0321,0.0079
Georgi Romanov,STL,8484312,22,-0.012119644321501255,-0.011041443794965744,0,-0.0321,0.0079
Georgi Romanov,STL,8484312,23,-0.012127677910029888,-0.011041443794965744,0,-0.0321,0.0079
Georgi Romanov,STL,8484312,24,-0.01212364248931408,-0.011041443794965744,0,-0.0321,0.0079
Georgi Romanov,STL,8484312,25,-0.01211300864815712,-0.011041443794965744,0,-0.0321,0.0079
Georgi Romanov,STL,8484312,26,-0.012131951749324799,-0.011041443794965744,0,-0.0321,0.0079
Georgi Romanov,STL,8484312,27,-0.01214442029595375,-0.011041443794965744,0,-0.0321,0.0079
Georgi Romanov,STL,8484312,28,-0.012160065583884716,-0.011041443794965744,0,-0.0322,0.0078
Georgi Romanov,STL,8484312,29,-0.012168030254542828,-0.011041443794965744,0,-0.0322,0.0078
Georgi Romanov,STL,8484312,30,-0.012173011898994446,-0.011041443794965744,0,-0.0322,0.0078
Georgi Romanov,STL,8484312,31,-0.012172989547252655,-0.011041443794965744,0,-0.0322,0.0078
Georgi Romanov,STL,8484312,32,-0.01217624917626381,-0.011041443794965744,0,-0.0322,0.0078
Georgi Romanov,STL,8484312,33,-0.012176500633358955,-0.011041443794965744,0,-0.0322,0.0078
Dustin Wolf,CGY,8481692,0,0.022735949605703354,0.022677958011627197,0,0.0027,0.0427
Dustin Wolf,CGY,8481692,1,0.02276233211159706,0.022677958011627197,18,0.0181,0.0275
Dustin Wolf,CGY,8481692,2,0.022801075130701065,0.022677958011627197,105,0.0208,0.0248
Dustin Wolf,CGY,8481692,3,0.022588646039366722,0.022677958011627197,120,0.0208,0.0244
Dustin Wolf,CGY,8481692,4,0.022763051092624664,0.022677958011627197,74,0.0205,0.0251
Dustin Wolf,CGY,8481692,5,0.023329084739089012,0.022677958011627197,160,0.0217,0.0249
Dustin Wolf,CGY,8481692,6,0.023626916110515594,0.022677958011627197,98,0.0216,0.0256
Dustin Wolf,CGY,8481692,7,0.02418082393705845,0.022677958011627197,95,0.0221,0.0263
Dustin Wolf,CGY,8481692,8,0.0246964693069458,0.022677958011627197,112,0.0228,0.0266
Dustin Wolf,CGY,8481692,9,0.02509486861526966,0.022677958011627197,84,0.0229,0.0273
Dustin Wolf,CGY,8481692,10,0.02561023458838463,0.022677958011627197,4,0.0156,0.0356
Dustin Wolf,CGY,8481692,11,0.026407895609736443,0.022677958011627197,98,0.0244,0.0284
Dustin Wolf,CGY,8481692,12,0.026757249608635902,0.022677958011627197,90,0.0247,0.0289
Dustin Wolf,CGY,8481692,13,0.027020005509257317,0.022677958011627197,71,0.0246,0.0294
Dustin Wolf,CGY,8481692,14,0.027485711500048637,0.022677958011627197,97,0.0255,0.0295
Dustin Wolf,CGY,8481692,15,0.027871152386069298,0.022677958011627197,129,0.0261,0.0297
Dustin Wolf,CGY,8481692,16,0.028115199878811836,0.022677958011627197,139,0.0264,0.0298
Dustin Wolf,CGY,8481692,17,0.028577493503689766,0.022677958011627197,120,0.0268,0.0304
Dustin Wolf,CGY,8481692,18,0.028867676854133606,0.022677958011627197,83,0.0267,0.0311
Dustin Wolf,CGY,8481692,19,0.02940768003463745,0.022677958011627197,35,0.026,0.0328
Dustin Wolf,CGY,8481692,20,0.029855549335479736,0.022677958011627197,34,0.0265,0.0333
Dustin Wolf,CGY,8481692,21,0.030386697500944138,0.022677958011627197,99,0.0284,0.0324
Dustin Wolf,CGY,8481692,22,0.03052017278969288,0.022677958011627197,78,0.0282,0.0328
Dustin Wolf,CGY,8481692,23,0.030508389696478844,0.022677958011627197,76,0.0282,0.0328
Dustin Wolf,CGY,8481692,24,0.030494026839733124,0.022677958011627197,88,0.0284,0.0326
Dustin Wolf,CGY,8481692,25,0.030396679416298866,0.022677958011627197,66,0.0279,0.0329
Dustin Wolf,CGY,8481692,26,0.030842473730444908,0.022677958011627197,103,0.0288,0.0328
Dustin Wolf,CGY,8481692,27,0.030967721715569496,0.022677958011627197,52,0.0282,0.0338
Dustin Wolf,CGY,8481692,28,0.030953049659729004,0.022677958011627197,0,0.011,0.051
Dustin Wolf,CGY,8481692,29,0.030942948535084724,0.022677958011627197,0,0.0109,0.0509
Dustin Wolf,CGY,8481692,30,0.030940573662519455,0.022677958011627197,0,0.0109,0.0509
Dustin Wolf,CGY,8481692,31,0.03093884326517582,0.022677958011627197,0,0.0109,0.0509
Dustin Wolf,CGY,8481692,32,0.030935660004615784,0.022677958011627197,0,0.0109,0.0509
Dustin Wolf,CGY,8481692,33,0.03093625232577324,0.022677958011627197,0,0.0109,0.0509
Philipp Grubauer,SEA,8475831,0,-0.018241036683321,-0.020825248211622238,0,-0.0382,0.0018
Philipp Grubauer,SEA,8475831,1,-0.017096661031246185,-0.020825248211622238,25,-0.0211,-0.0131
Philipp Grubauer,SEA,8475831,2,-0.01591295190155506,-0.020825248211622238,27,-0.0197,-0.0121
Philipp Grubauer,SEA,8475831,3,-0.014803794212639332,-0.020825248211622238,0,-0.0348,0.0052
Philipp Grubauer,SEA,8475831,4,-0.013698305934667587,-0.020825248211622238,46,-0.0166,-0.0108
Philipp Grubauer,SEA,8475831,5,-0.012555919587612152,-0.020825248211622238,9,-0.0193,-0.0059
Philipp Grubauer,SEA,8475831,6,-0.011482280679047108,-0.020825248211622238,0,-0.0315,0.0085
Philipp Grubauer,SEA,8475831,7,-0.010417788289487362,-0.020825248211622238,29,-0.0141,-0.0067
Philipp Grubauer,SEA,8475831,8,-0.00924450159072876,-0.020825248211622238,70,-0.0116,-0.0068
Philipp Grubauer,SEA,8475831,9,-0.008180443197488785,-0.020825248211622238,53,-0.0109,-0.0055
Philipp Grubauer,SEA,8475831,10,-0.007325850427150726,-0.020825248211622238,0,-0.0273,0.0127
Philipp Grubauer,SEA,8475831,11,-0.006468806881457567,-0.020825248211622238,24,-0.0106,-0.0024
Philipp Grubauer,SEA,8475831,12,-0.005420660134404898,-0.020825248211622238,88,-0.0075,-0.0033
Philipp Grubauer,SEA,8475831,13,-0.004475591238588095,-0.020825248211622238,56,-0.0072,-0.0018
Philipp Grubauer,SEA,8475831,14,-0.00348520465195179,-0.020825248211622238,113,-0.0054,-0.0016
Philipp Grubauer,SEA,8475831,15,-0.003044687444344163,-0.020825248211622238,43,-0.006,-0.0
Philipp Grubauer,SEA,8475831,16,-0.0028242128901183605,-0.020825248211622238,105,-0.0048,-0.0008
Philipp Grubauer,SEA,8475831,17,-0.002875980921089649,-0.020825248211622238,122,-0.0047,-0.0011
Philipp Grubauer,SEA,8475831,18,-0.0028274147771298885,-0.020825248211622238,91,-0.0049,-0.0007
Philipp Grubauer,SEA,8475831,19,-0.002967474050819874,-0.020825248211622238,29,-0.0067,0.0007
Philipp Grubauer,SEA,8475831,20,-0.0032145974691957235,-0.020825248211622238,49,-0.0061,-0.0003
Philipp Grubauer,SEA,8475831,21,-0.0033753535244613886,-0.020825248211622238,42,-0.0065,-0.0003
Philipp Grubauer,SEA,8475831,22,-0.003405769355595112,-0.020825248211622238,70,-0.0058,-0.001
Philipp Grubauer,SEA,8475831,23,-0.003497186815366149,-0.020825248211622238,38,-0.0067,-0.0003
Philipp Grubauer,SEA,8475831,24,-0.003313446417450905,-0.020825248211622238,100,-0.0053,-0.0013
Philipp Grubauer,SEA,8475831,25,-0.003350425511598587,-0.020825248211622238,83,-0.0056,-0.0012
Philipp Grubauer,SEA,8475831,26,-0.0034523415379226208,-0.020825248211622238,33,-0.007,0.0
Philipp Grubauer,SEA,8475831,27,-0.0034655798226594925,-0.020825248211622238,0,-0.0235,0.0165
Philipp Grubauer,SEA,8475831,28,-0.0034805857576429844,-0.020825248211622238,0,-0.0235,0.0165
Philipp Grubauer,SEA,8475831,29,-0.003488812129944563,-0.020825248211622238,0,-0.0235,0.0165
Philipp Grubauer,SEA,8475831,30,-0.0034936743322759867,-0.020825248211622238,0,-0.0235,0.0165
Philipp Grubauer,SEA,8475831,31,-0.003494011703878641,-0.020825248211622238,0,-0.0235,0.0165
Philipp Grubauer,SEA,8475831,32,-0.0034969246480613947,-0.020825248211622238,0,-0.0235,0.0165
Philipp Grubauer,SEA,8475831,33,-0.0034971381537616253,-0.020825248211622238,0,-0.0235,0.0165
8478848,,8478848,0,-0.0019298468250781298,-0.00179605046287179,0,-0.0219,0.0181
8478848,,8478848,1,-0.0019926719833165407,-0.00179605046287179,0,-0.022,0.018
8478848,,8478848,2,-0.002054956741631031,-0.00179605046287179,0,-0.0221,0.0179
8478848,,8478848,3,-0.0021217758767306805,-0.00179605046287179,0,-0.0221,0.0179
8478848,,8478848,4,-0.002190887462347746,-0.00179605046287179,0,-0.0222,0.0178
8478848,,8478848,5,-0.002255760133266449,-0.00179605046287179,0,-0.0223,0.0177
8478848,,8478848,6,-0.002326086862012744,-0.00179605046287179,0,-0.0223,0.0177
8478848,,8478848,7,-0.002397640375420451,-0.00179605046287179,0,-0.0224,0.0176
8478848,,8478848,8,-0.0024692341685295105,-0.00179605046287179,0,-0.0225,0.0175
8478848,,8478848,9,-0.002532840706408024,-0.00179605046287179,0,-0.0225,0.0175
8478848,,8478848,10,-0.002591334981843829,-0.00179605046287179,0,-0.0226,0.0174
8478848,,8478848,11,-0.0026463763788342476,-0.00179605046287179,0,-0.0226,0.0174
8478848,,8478848,12,-0.0026854206807911396,-0.00179605046287179,0,-0.0227,0.0173
8478848,,8478848,13,-0.0027218128088861704,-0.00179605046287179,0,-0.0227,0.0173
8478848,,8478848,14,-0.002747688442468643,-0.00179605046287179,0,-0.0227,0.0173
8478848,,8478848,15,-0.002769758924841881,-0.00179605046287179,0,-0.0228,0.0172
8478848,,8478848,16,-0.0028005889616906643,-0.00179605046287179,0,-0.0228,0.0172
8478848,,8478848,17,-0.002835041843354702,-0.00179605046287179,0,-0.0228,0.0172
8478848,,8478848,18,-0.0028650090098381042,-0.00179605046287179,0,-0.0229,0.0171
8478848,,8478848,19,-0.0028908746317029,-0.00179605046287179,0,-0.0229,0.0171
8478848,,8478848,20,-0.00292171910405159,-0.00179605046287179,0,-0.0229,0.0171
8478848,,8478848,21,-0.0029563293792307377,-0.00179605046287179,0,-0.023,0.017
8478848,,8478848,22,-0.002977489959448576,-0.00179605046287179,0,-0.023,0.017
8478848,,8478848,23,-0.0029866548720747232,-0.00179605046287179,0,-0.023,0.017
8478848,,8478848,24,-0.002980861347168684,-0.00179605046287179,0,-0.023,0.017
8478848,,8478848,25,-0.0029718170408159494,-0.00179605046287179,0,-0.023,0.017
8478848,,8478848,26,-0.0029897470958530903,-0.00179605046287179,0,-0.023,0.017
8478848,,8478848,27,-0.0030030205380171537,-0.00179605046287179,0,-0.023,0.017
8478848,,8478848,28,-0.0030177482403814793,-0.00179605046287179,0,-0.023,0.017
8478848,,8478848,29,-0.003026603488251567,-0.00179605046287179,0,-0.023,0.017
8478848,,8478848,30,-0.0030308114364743233,-0.00179605046287179,0,-0.023,0.017
8478848,,8478848,31,-0.0030316892080008984,-0.00179605046287179,0,-0.023,0.017
8478848,,8478848,32,-0.0030338966753333807,-0.00179605046287179,0,-0.023,0.017
8478848,,8478848,33,-0.0030349039006978273,-0.00179605046287179,0,-0.023,0.017
Jet Greaves,CBJ,8482982,0,0.06098313629627228,0.058581676334142685,0,0.041,0.081
Jet Greaves,CBJ,8482982,1,0.062037393450737,0.058581676334142685,67,0.0596,0.0644
Jet Greaves,CBJ,8482982,2,0.06278138607740402,0.058581676334142685,34,0.0594,0.0662
Jet Greaves,CBJ,8482982,3,0.0637429729104042,0.058581676334142685,45,0.0607,0.0667
Jet Greaves,CBJ,8482982,4,0.064661905169487,0.058581676334142685,84,0.0625,0.0669
Jet Greaves,CBJ,8482982,5,0.0654137060046196,0.058581676334142685,44,0.0624,0.0684
Jet Greaves,CBJ,8482982,6,0.06632811576128006,0.058581676334142685,105,0.0643,0.0683
Jet Greaves,CBJ,8482982,7,0.06704676896333694,0.058581676334142685,33,0.0635,0.0705
Jet Greaves,CBJ,8482982,8,0.06798095256090164,0.058581676334142685,182,0.0665,0.0695
Jet Greaves,CBJ,8482982,9,0.06880483031272888,0.058581676334142685,136,0.0671,0.0705
Jet Greaves,CBJ,8482982,10,0.06963585317134857,0.058581676334142685,81,0.0674,0.0718
Jet Greaves,CBJ,8482982,11,0.07052683085203171,0.058581676334142685,56,0.0678,0.0732
Jet Greaves,CBJ,8482982,12,0.07117315381765366,0.058581676334142685,123,0.0694,0.073
Jet Greaves,CBJ,8482982,13,0.07182580232620239,0.058581676334142685,83,0.0696,0.074
Jet Greaves,CBJ,8482982,14,0.072629913687706,0.058581676334142685,75,0.0703,0.0749
Jet Greaves,CBJ,8482982,15,0.07333654165267944,0.058581676334142685,216,0.0719,0.0747
Jet Greaves,CBJ,8482982,16,0.07369710505008698,0.058581676334142685,123,0.0719,0.0755
Jet Greaves,CBJ,8482982,17,0.07423914968967438,0.058581676334142685,44,0.0712,0.0772
Jet Greaves,CBJ,8482982,18,0.07473977655172348,0.058581676334142685,109,0.0728,0.0766
Jet Greaves,CBJ,8482982,19,0.07518685609102249,0.058581676334142685,47,0.0723,0.0781
Jet Greaves,CBJ,8482982,20,0.07565892487764359,0.058581676334142685,43,0.0727,0.0787
Jet Greaves,CBJ,8482982,21,0.07581759989261627,0.058581676334142685,44,0.0728,0.0788
Jet Greaves,CBJ,8482982,22,0.07614647597074509,0.058581676334142685,32,0.0726,0.0796
Jet Greaves,CBJ,8482982,23,0.0763450413942337,0.058581676334142685,112,0.0744,0.0782
Jet Greaves,CBJ,8482982,24,0.07639513164758682,0.058581676334142685,132,0.0747,0.0781
Jet Greaves,CBJ,8482982,25,0.07620029151439667,0.058581676334142685,95,0.0741,0.0783
Jet Greaves,CBJ,8482982,26,0.0760791003704071,0.058581676334142685,163,0.0745,0.0777
Jet Greaves,CBJ,8482982,27,0.07612540572881699,0.058581676334142685,36,0.0728,0.0794
Jet Greaves,CBJ,8482982,28,0.07612064480781555,0.058581676334142685,0,0.0561,0.0961
Jet Greaves,CBJ,8482982,29,0.0761050283908844,0.058581676334142685,0,0.0561,0.0961
Jet Greaves,CBJ,8482982,30,0.07610265165567398,0.058581676334142685,0,0.0561,0.0961
Jet Greaves,CBJ,8482982,31,0.07610489428043365,0.058581676334142685,0,0.0561,0.0961
Jet Greaves,CBJ,8482982,32,0.07609711587429047,0.058581676334142685,0,0.0561,0.0961
Jet Greaves,CBJ,8482982,33,0.07610107213258743,0.058581676334142685,0,0.0561,0.0961
Devon Levi,BUF,8482221,0,-0.016361190006136894,-0.016471173614263535,0,-0.0364,0.0036
Devon Levi,BUF,8482221,1,-0.016317443922162056,-0.016471173614263535,15,-0.0215,-0.0111
Devon Levi,BUF,8482221,2,-0.01637854054570198,-0.016471173614263535,0,-0.0364,0.0036
Devon Levi,BUF,8482221,3,-0.016445700079202652,-0.016471173614263535,0,-0.0364,0.0036
Devon Levi,BUF,8482221,4,-0.016515428200364113,-0.016471173614263535,0,-0.0365,0.0035
Devon Levi,BUF,8482221,5,-0.016579357907176018,-0.016471173614263535,0,-0.0366,0.0034
Devon Levi,BUF,8482221,6,-0.016650913283228874,-0.016471173614263535,0,-0.0367,0.0033
Devon Levi,BUF,8482221,7,-0.01672104373574257,-0.016471173614263535,0,-0.0367,0.0033
Devon Levi,BUF,8482221,8,-0.016793882474303246,-0.016471173614263535,0,-0.0368,0.0032
Devon Levi,BUF,8482221,9,-0.016857393085956573,-0.016471173614263535,0,-0.0369,0.0031
Devon Levi,BUF,8482221,10,-0.01691480539739132,-0.016471173614263535,0,-0.0369,0.0031
Devon Levi,BUF,8482221,11,-0.016971701756119728,-0.016471173614263535,0,-0.037,0.003
Devon Levi,BUF,8482221,12,-0.017008187249302864,-0.016471173614263535,0,-0.037,0.003
Devon Levi,BUF,8482221,13,-0.017047980800271034,-0.016471173614263535,0,-0.037,0.003
Devon Levi,BUF,8482221,14,-0.017070312052965164,-0.016471173614263535,0,-0.0371,0.0029
Devon Levi,BUF,8482221,15,-0.01709583029150963,-0.016471173614263535,0,-0.0371,0.0029
Devon Levi,BUF,8482221,16,-0.0171231497079134,-0.016471173614263535,0,-0.0371,0.0029
Devon Levi,BUF,8482221,17,-0.017161142081022263,-0.016471173614263535,0,-0.0372,0.0028
Devon Levi,BUF,8482221,18,-0.01718835160136223,-0.016471173614263535,0,-0.0372,0.0028
Devon Levi,BUF,8482221,19,-0.017215479165315628,-0.016471173614263535,0,-0.0372,0.0028
Devon Levi,BUF,8482221,20,-0.01724724844098091,-0.016471173614263535,0,-0.0372,0.0028
Devon Levi,BUF,8482221,21,-0.017278997227549553,-0.016471173614263535,0,-0.0373,0.0027
Devon Levi,BUF,8482221,22,-0.017303334549069405,-0.016471173614263535,0,-0.0373,0.0027
Devon Levi,BUF,8482221,23,-0.01731138490140438,-0.016471173614263535,0,-0.0373,0.0027
Devon Levi,BUF,8482221,24,-0.017303921282291412,-0.016471173614263535,0,-0.0373,0.0027
Devon Levi,BUF,8482221,25,-0.017297815531492233,-0.016471173614263535,0,-0.0373,0.0027
Devon Levi,BUF,8482221,26,-0.01731332205235958,-0.016471173614263535,0,-0.0373,0.0027
Devon Levi,BUF,8482221,27,-0.017328251153230667,-0.016471173614263535,0,-0.0373,0.0027
Devon Levi,BUF,8482221,28,-0.017341608181595802,-0.016471173614263535,0,-0.0373,0.0027
Devon Levi,BUF,8482221,29,-0.017352182418107986,-0.016471173614263535,0,-0.0374,0.0026
Devon Levi,BUF,8482221,30,-0.01735379919409752,-0.016471173614263535,0,-0.0374,0.0026
Devon Levi,BUF,8482221,31,-0.01735799014568329,-0.016471173614263535,0,-0.0374,0.0026
Devon Levi,BUF,8482221,32,-0.017357351258397102,-0.016471173614263535,0,-0.0374,0.0026
Devon Levi,BUF,8482221,33,-0.017359822988510132,-0.016471173614263535,0,-0.0374,0.0026
Evan Gardner,CBJ,8484997,0,-0.0019188496517017484,-0.0019270272459834814,8,-0.009,0.0052
Evan Gardner,CBJ,8484997,1,-0.001981704495847225,-0.0019270272459834814,0,-0.022,0.018
Evan Gardner,CBJ,8484997,2,-0.00204393919557333,-0.0019270272459834814,0,-0.022,0.018
Evan Gardner,CBJ,8484997,3,-0.002110889181494713,-0.0019270272459834814,0,-0.0221,0.0179
Evan Gardner,CBJ,8484997,4,-0.0021798822563141584,-0.0019270272459834814,0,-0.0222,0.0178
Evan Gardner,CBJ,8484997,5,-0.0022449232637882233,-0.0019270272459834814,0,-0.0222,0.0178
Evan Gardner,CBJ,8484997,6,-0.0023150925990194082,-0.0019270272459834814,0,-0.0223,0.0177
Evan Gardner,CBJ,8484997,7,-0.002386794425547123,-0.0019270272459834814,0,-0.0224,0.0176
Evan Gardner,CBJ,8484997,8,-0.002458344679325819,-0.0019270272459834814,0,-0.0225,0.0175
Evan Gardner,CBJ,8484997,9,-0.002521945396438241,-0.0019270272459834814,0,-0.0225,0.0175
Evan Gardner,CBJ,8484997,10,-0.002580519299954176,-0.0019270272459834814,0,-0.0226,0.0174
Evan Gardner,CBJ,8484997,11,-0.002635486889630556,-0.0019270272459834814,0,-0.0226,0.0174
Evan Gardner,CBJ,8484997,12,-0.0026746196672320366,-0.0019270272459834814,0,-0.0227,0.0173
Evan Gardner,CBJ,8484997,13,-0.0027109943330287933,-0.0019270272459834814,0,-0.0227,0.0173
Evan Gardner,CBJ,8484997,14,-0.002736832946538925,-0.0019270272459834814,0,-0.0227,0.0173
Evan Gardner,CBJ,8484997,15,-0.0027589707169681787,-0.0019270272459834814,0,-0.0228,0.0172
Evan Gardner,CBJ,8484997,16,-0.002789839170873165,-0.0019270272459834814,0,-0.0228,0.0172
Evan Gardner,CBJ,8484997,17,-0.0028241865802556276,-0.0019270272459834814,0,-0.0228,0.0172
Evan Gardner,CBJ,8484997,18,-0.0028543248772621155,-0.0019270272459834814,0,-0.0229,0.0171
Evan Gardner,CBJ,8484997,19,-0.0028800074942409992,-0.0019270272459834814,0,-0.0229,0.0171
Evan Gardner,CBJ,8484997,20,-0.002911060117185116,-0.0019270272459834814,0,-0.0229,0.0171
Evan Gardner,CBJ,8484997,21,-0.0029454673640429974,-0.0019270272459834814,0,-0.0229,0.0171
Evan Gardner,CBJ,8484997,22,-0.0029668447095900774,-0.0019270272459834814,0,-0.023,0.017
Evan Gardner,CBJ,8484997,23,-0.0029758336022496223,-0.0019270272459834814,0,-0.023,0.017
Evan Gardner,CBJ,8484997,24,-0.0029701509047299623,-0.0019270272459834814,0,-0.023,0.017
Evan Gardner,CBJ,8484997,25,-0.002961063291877508,-0.0019270272459834814,0,-0.023,0.017
Evan Gardner,CBJ,8484997,26,-0.002979083452373743,-0.0019270272459834814,0,-0.023,0.017
Evan Gardner,CBJ,8484997,27,-0.0029922269750386477,-0.0019270272459834814,0,-0.023,0.017
Evan Gardner,CBJ,8484997,28,-0.003007063176482916,-0.0019270272459834814,0,-0.023,0.017
Evan Gardner,CBJ,8484997,29,-0.003015873022377491,-0.0019270272459834814,0,-0.023,0.017
Evan Gardner,CBJ,8484997,30,-0.00302010215818882,-0.0019270272459834814,0,-0.023,0.017
Evan Gardner,CBJ,8484997,31,-0.0030209622345864773,-0.0019270272459834814,0,-0.023,0.017
Evan Gardner,CBJ,8484997,32,-0.003023151308298111,-0.0019270272459834814,0,-0.023,0.017
Evan Gardner,CBJ,8484997,33,-0.0030242446810007095,-0.0019270272459834814,0,-0.023,0.017
Cayden Primeau,CAR,8480051,0,-0.04012381285429001,-0.03894294798374176,0,-0.0601,-0.0201
Cayden Primeau,CAR,8480051,1,-0.04065495356917381,-0.03894294798374176,59,-0.0433,-0.0381
Cayden Primeau,CAR,8480051,2,-0.041275497525930405,-0.03894294798374176,0,-0.0613,-0.0213
Cayden Primeau,CAR,8480051,3,-0.04190577566623688,-0.03894294798374176,0,-0.0619,-0.0219
Cayden Primeau,CAR,8480051,4,-0.0425332672894001,-0.03894294798374176,44,-0.0455,-0.0395
Cayden Primeau,CAR,8480051,5,-0.04303397610783577,-0.03894294798374176,35,-0.0464,-0.0396
Cayden Primeau,CAR,8480051,6,-0.043474044650793076,-0.03894294798374176,36,-0.0468,-0.0402
Cayden Primeau,CAR,8480051,7,-0.04354899749159813,-0.03894294798374176,0,-0.0635,-0.0235
Cayden Primeau,CAR,8480051,8,-0.04361528903245926,-0.03894294798374176,0,-0.0636,-0.0236
Cayden Primeau,CAR,8480051,9,-0.043686944991350174,-0.03894294798374176,0,-0.0637,-0.0237
Cayden Primeau,CAR,8480051,10,-0.04373643547296524,-0.03894294798374176,0,-0.0637,-0.0237
Cayden Primeau,CAR,8480051,11,-0.04379994794726372,-0.03894294798374176,0,-0.0638,-0.0238
Cayden Primeau,CAR,8480051,12,-0.04383217915892601,-0.03894294798374176,0,-0.0638,-0.0238
Cayden Primeau,CAR,8480051,13,-0.04387430474162102,-0.03894294798374176,0,-0.0639,-0.0239
Cayden Primeau,CAR,8480051,14,-0.04389452189207077,-0.03894294798374176,0,-0.0639,-0.0239
Cayden Primeau,CAR,8480051,15,-0.043922364711761475,-0.03894294798374176,0,-0.0639,-0.0239
Cayden Primeau,CAR,8480051,16,-0.04394787549972534,-0.03894294798374176,0,-0.0639,-0.0239
Cayden Primeau,CAR,8480051,17,-0.04398803785443306,-0.03894294798374176,0,-0.064,-0.024
Cayden Primeau,CAR,8480051,18,-0.044011443853378296,-0.03894294798374176,0,-0.064,-0.024
Cayden Primeau,CAR,8480051,19,-0.044043950736522675,-0.03894294798374176,0,-0.064,-0.024
Cayden Primeau,CAR,8480051,20,-0.044070690870285034,-0.03894294798374176,0,-0.0641,-0.0241
Cayden Primeau,CAR,8480051,21,-0.0441061295568943,-0.03894294798374176,0,-0.0641,-0.0241
Cayden Primeau,CAR,8480051,22,-0.04412773251533508,-0.03894294798374176,0,-0.0641,-0.0241
Cayden Primeau,CAR,8480051,23,-0.04413778707385063,-0.03894294798374176,0,-0.0641,-0.0241
Cayden Primeau,CAR,8480051,24,-0.04413018748164177,-0.03894294798374176,0,-0.0641,-0.0241
Cayden Primeau,CAR,8480051,25,-0.04412179812788963,-0.03894294798374176,0,-0.0641,-0.0241
Cayden Primeau,CAR,8480051,26,-0.044140685349702835,-0.03894294798374176,0,-0.0641,-0.0241
Cayden Primeau,CAR,8480051,27,-0.04415271431207657,-0.03894294798374176,0,-0.0642,-0.0242
Cayden Primeau,CAR,8480051,28,-0.0441683754324913,-0.03894294798374176,0,-0.0642,-0.0242
Cayden Primeau,CAR,8480051,29,-0.044176965951919556,-0.03894294798374176,0,-0.0642,-0.0242
Cayden Primeau,CAR,8480051,30,-0.04418119788169861,-0.03894294798374176,0,-0.0642,-0.0242
Cayden Primeau,CAR,8480051,31,-0.04418110474944115,-0.03894294798374176,0,-0.0642,-0.0242
Cayden Primeau,CAR,8480051,32,-0.044184595346450806,-0.03894294798374176,0,-0.0642,-0.0242
Cayden Primeau,CAR,8480051,33,-0.04418553411960602,-0.03894294798374176,0,-0.0642,-0.0242
8480199,,8480199,0,0.0012667037080973387,0.0014003707328811288,0,-0.0187,0.0213
8480199,,8480199,1,0.0012039062567055225,0.0014003707328811288,0,-0.0188,0.0212
8480199,,8480199,2,0.0011417485075071454,0.0014003707328811288,0,-0.0189,0.0211
8480199,,8480199,3,0.0010748248314484954,0.0014003707328811288,0,-0.0189,0.0211
8480199,,8480199,4,0.0010059801861643791,0.0014003707328811288,0,-0.019,0.021
8480199,,8480199,5,0.0009409701451659203,0.0014003707328811288,0,-0.0191,0.0209
8480199,,8480199,6,0.0008709539542905986,0.0014003707328811288,0,-0.0191,0.0209
8480199,,8480199,7,0.0007991541060619056,0.0014003707328811288,0,-0.0192,0.0208
8480199,,8480199,8,0.0007278761477209628,0.0014003707328811288,0,-0.0193,0.0207
8480199,,8480199,9,0.0006642392254434526,0.0014003707328811288,0,-0.0193,0.0207
8480199,,8480199,10,0.0006056840065866709,0.0014003707328811288,0,-0.0194,0.0206
8480199,,8480199,11,0.0005508950562216341,0.0014003707328811288,0,-0.0194,0.0206
8480199,,8480199,12,0.0005116895772516727,0.0014003707328811288,0,-0.0195,0.0205
8480199,,8480199,13,0.00047551689203828573,0.0014003707328811288,0,-0.0195,0.0205
8480199,,8480199,14,0.0004495522007346153,0.0014003707328811288,0,-0.0196,0.0204
8480199,,8480199,15,0.00042769714491441846,0.0014003707328811288,0,-0.0196,0.0204
8480199,,8480199,16,0.000396601390093565,0.0014003707328811288,0,-0.0196,0.0204
8480199,,8480199,17,0.0003625695826485753,0.0014003707328811288,0,-0.0196,0.0204
8480199,,8480199,18,0.00033226562663912773,0.0014003707328811288,0,-0.0197,0.0203
8480199,,8480199,19,0.00030678778421133757,0.0014003707328811288,0,-0.0197,0.0203
8480199,,8480199,20,0.0002756401663646102,0.0014003707328811288,0,-0.0197,0.0203
8480199,,8480199,21,0.00024133664555847645,0.0014003707328811288,0,-0.0198,0.0202
8480199,,8480199,22,0.00022000225726515055,0.0014003707328811288,0,-0.0198,0.0202
8480199,,8480199,23,0.00021100579760968685,0.0014003707328811288,0,-0.0198,0.0202
8480199,,8480199,24,0.00021668779663741589,0.0014003707328811288,0,-0.0198,0.0202
8480199,,8480199,25,0.00022588635329157114,0.0014003707328811288,0,-0.0198,0.0202
8480199,,8480199,26,0.00020780193153768778,0.0014003707328811288,0,-0.0198,0.0202
8480199,,8480199,27,0.00019477331079542637,0.0014003707328811288,0,-0.0198,0.0202
8480199,,8480199,28,0.00017980998381972313,0.0014003707328811288,0,-0.0198,0.0202
8480199,,8480199,29,0.00017122388817369938,0.0014003707328811288,0,-0.0198,0.0202
8480199,,8480199,30,0.00016669905744493008,0.0014003707328811288,0,-0.0198,0.0202
8480199,,8480199,31,0.0001662194263190031,0.0014003707328811288,0,-0.0198,0.0202
8480199,,8480199,32,0.00016364234033972025,0.0014003707328811288,0,-0.0198,0.0202
8480199,,8480199,33,0.0001629713224247098,0.0014003707328811288,0,-0.0198,0.0202
Jakub Dobes,MTL,8482487,0,0.05940982326865196,0.05560862645506859,0,0.0394,0.0794
Jakub Dobes,MTL,8482487,1,0.0611075758934021,0.05560862645506859,16,0.0561,0.0661
Jakub Dobes,MTL,8482487,2,0.06271068751811981,0.05560862645506859,0,0.0427,0.0827
Jakub Dobes,MTL,8482487,3,0.06432246416807175,0.05560862645506859,44,0.0613,0.0673
Jakub Dobes,MTL,8482487,4,0.0657479390501976,0.05560862645506859,34,0.0623,0.0691
Jakub Dobes,MTL,8482487,5,0.06712790578603745,0.05560862645506859,151,0.0655,0.0687
Jakub Dobes,MTL,8482487,6,0.06820206344127655,0.05560862645506859,31,0.0646,0.0718
Jakub Dobes,MTL,8482487,7,0.06940300762653351,0.05560862645506859,39,0.0662,0.0726
Jakub Dobes,MTL,8482487,8,0.07081101089715958,0.05560862645506859,21,0.0664,0.0752
Jakub Dobes,MTL,8482487,9,0.07254113256931305,0.05560862645506859,106,0.0706,0.0744
Jakub Dobes,MTL,8482487,10,0.07461175322532654,0.05560862645506859,107,0.0727,0.0765
Jakub Dobes,MTL,8482487,11,0.07693115621805191,0.05560862645506859,114,0.075,0.0788
Jakub Dobes,MTL,8482487,12,0.07916664332151413,0.05560862645506859,65,0.0767,0.0817
Jakub Dobes,MTL,8482487,13,0.08133627474308014,0.05560862645506859,84,0.0791,0.0835
Jakub Dobes,MTL,8482487,14,0.08341065794229507,0.05560862645506859,0,0.0634,0.1034
Jakub Dobes,MTL,8482487,15,0.08547268807888031,0.05560862645506859,38,0.0823,0.0887
Jakub Dobes,MTL,8482487,16,0.08775590360164642,0.05560862645506859,0,0.0678,0.1078
Jakub Dobes,MTL,8482487,17,0.09002996236085892,0.05560862645506859,34,0.0866,0.0934
Jakub Dobes,MTL,8482487,18,0.09232845157384872,0.05560862645506859,34,0.0889,0.0957
Jakub Dobes,MTL,8482487,19,0.09471854567527771,0.05560862645506859,141,0.093,0.0964
Jakub Dobes,MTL,8482487,20,0.09662873297929764,0.05560862645506859,50,0.0938,0.0994
Jakub Dobes,MTL,8482487,21,0.09862371534109116,0.05560862645506859,42,0.0955,0.1017
Jakub Dobes,MTL,8482487,22,0.10049626976251602,0.05560862645506859,40,0.0973,0.1037
Jakub Dobes,MTL,8482487,23,0.10238272696733475,0.05560862645506859,88,0.1003,0.1045
Jakub Dobes,MTL,8482487,24,0.10411976277828217,0.05560862645506859,174,0.1026,0.1056
Jakub Dobes,MTL,8482487,25,0.10512121766805649,0.05560862645506859,96,0.1031,0.1071
Jakub Dobes,MTL,8482487,26,0.10580876469612122,0.05560862645506859,121,0.104,0.1076
Jakub Dobes,MTL,8482487,27,0.10644551366567612,0.05560862645506859,66,0.1039,0.1089
Jakub Dobes,MTL,8482487,28,0.10742320865392685,0.05560862645506859,125,0.1056,0.1092
Jakub Dobes,MTL,8482487,29,0.10841511189937592,0.05560862645506859,152,0.1068,0.11
Jakub Dobes,MTL,8482487,30,0.10876898467540741,0.05560862645506859,118,0.107,0.1106
Jakub Dobes,MTL,8482487,31,0.10900407284498215,0.05560862645506859,141,0.1073,0.1107
Jakub Dobes,MTL,8482487,32,0.10944084823131561,0.05560862645506859,162,0.1078,0.111
Jakub Dobes,MTL,8482487,33,0.10952995717525482,0.05560862645506859,57,0.1069,0.1121
Cal Petersen,MIN,8477361,0,-0.002226610668003559,-0.0024734141770750284,0,-0.0222,0.0178
Cal Petersen,MIN,8477361,1,-0.0021199313923716545,-0.0024734141770750284,53,-0.0048,0.0006
Cal Petersen,MIN,8477361,2,-0.0021825646981596947,-0.0024734141770750284,0,-0.0222,0.0178
Cal Petersen,MIN,8477361,3,-0.002249050186946988,-0.0024734141770750284,0,-0.0222,0.0178
Cal Petersen,MIN,8477361,4,-0.0023184590972959995,-0.0024734141770750284,0,-0.0223,0.0177
Cal Petersen,MIN,8477361,5,-0.002383236540481448,-0.0024734141770750284,0,-0.0224,0.0176
Cal Petersen,MIN,8477361,6,-0.0024535255506634712,-0.0024734141770750284,0,-0.0225,0.0175
Cal Petersen,MIN,8477361,7,-0.002525136573240161,-0.0024734141770750284,0,-0.0225,0.0175
Cal Petersen,MIN,8477361,8,-0.0025967780966311693,-0.0024734141770750284,0,-0.0226,0.0174
Cal Petersen,MIN,8477361,9,-0.0026602596044540405,-0.0024734141770750284,0,-0.0227,0.0173
Cal Petersen,MIN,8477361,10,-0.002718915231525898,-0.0024734141770750284,0,-0.0227,0.0173
Cal Petersen,MIN,8477361,11,-0.002773888409137726,-0.0024734141770750284,0,-0.0228,0.0172
Cal Petersen,MIN,8477361,12,-0.002812931314110756,-0.0024734141770750284,0,-0.0228,0.0172
Cal Petersen,MIN,8477361,13,-0.002849359530955553,-0.0024734141770750284,0,-0.0228,0.0172
Cal Petersen,MIN,8477361,14,-0.002875261940062046,-0.0024734141770750284,0,-0.0229,0.0171
Cal Petersen,MIN,8477361,15,-0.0028972337022423744,-0.0024734141770750284,0,-0.0229,0.0171
Cal Petersen,MIN,8477361,16,-0.0029282234609127045,-0.0024734141770750284,0,-0.0229,0.0171
Cal Petersen,MIN,8477361,17,-0.0029625678434967995,-0.0024734141770750284,0,-0.023,0.017
Cal Petersen,MIN,8477361,18,-0.002992616966366768,-0.0024734141770750284,0,-0.023,0.017
Cal Petersen,MIN,8477361,19,-0.0030183736234903336,-0.0024734141770750284,0,-0.023,0.017
Cal Petersen,MIN,8477361,20,-0.003049375955015421,-0.0024734141770750284,0,-0.023,0.017
Cal Petersen,MIN,8477361,21,-0.0030838476959615946,-0.0024734141770750284,0,-0.0231,0.0169
Cal Petersen,MIN,8477361,22,-0.0031051370315253735,-0.0024734141770750284,0,-0.0231,0.0169
Cal Petersen,MIN,8477361,23,-0.0031142099760472775,-0.0024734141770750284,0,-0.0231,0.0169
Cal Petersen,MIN,8477361,24,-0.0031084681395441294,-0.0024734141770750284,0,-0.0231,0.0169
Cal Petersen,MIN,8477361,25,-0.0030993884429335594,-0.0024734141770750284,0,-0.0231,0.0169
Cal Petersen,MIN,8477361,26,-0.003117416985332966,-0.0024734141770750284,0,-0.0231,0.0169
Cal Petersen,MIN,8477361,27,-0.003130559343844652,-0.0024734141770750284,0,-0.0231,0.0169
Cal Petersen,MIN,8477361,28,-0.003145365510135889,-0.0024734141770750284,0,-0.0231,0.0169
Cal Petersen,MIN,8477361,29,-0.0031542032957077026,-0.0024734141770750284,0,-0.0232,0.0168
Cal Petersen,MIN,8477361,30,-0.00315846037119627,-0.0024734141770750284,0,-0.0232,0.0168
Cal Petersen,MIN,8477361,31,-0.0031592529267072678,-0.0024734141770750284,0,-0.0232,0.0168
Cal Petersen,MIN,8477361,32,-0.003161547239869833,-0.0024734141770750284,0,-0.0232,0.0168
Cal Petersen,MIN,8477361,33,-0.0031625069677829742,-0.0024734141770750284,0,-0.0232,0.0168
Calvin Pickard,EDM,8475717,0,-0.027402285486459732,-0.02650882489979267,0,-0.0474,-0.0074
Calvin Pickard,EDM,8475717,1,-0.027805324643850327,-0.02650882489979267,45,-0.0308,-0.0248
Calvin Pickard,EDM,8475717,2,-0.028459833934903145,-0.02650882489979267,72,-0.0309,-0.0261
Calvin Pickard,EDM,8475717,3,-0.028956040740013123,-0.02650882489979267,26,-0.0329,-0.0251
Calvin Pickard,EDM,8475717,4,-0.029545968398451805,-0.02650882489979267,36,-0.0328,-0.0262
Calvin Pickard,EDM,8475717,5,-0.03002782166004181,-0.02650882489979267,83,-0.0322,-0.0278
Calvin Pickard,EDM,8475717,6,-0.030312079936265945,-0.02650882489979267,0,-0.0503,-0.0103
Calvin Pickard,EDM,8475717,7,-0.03059752658009529,-0.02650882489979267,64,-0.0331,-0.0281
Calvin Pickard,EDM,8475717,8,-0.030645478516817093,-0.02650882489979267,40,-0.0338,-0.0274
Calvin Pickard,EDM,8475717,9,-0.030552102252840996,-0.02650882489979267,45,-0.0336,-0.0276
Calvin Pickard,EDM,8475717,10,-0.03065904788672924,-0.02650882489979267,31,-0.0343,-0.0271
Calvin Pickard,EDM,8475717,11,-0.03059174306690693,-0.02650882489979267,52,-0.0334,-0.0278
Calvin Pickard,EDM,8475717,12,-0.03048054501414299,-0.02650882489979267,34,-0.0339,-0.0271
Calvin Pickard,EDM,8475717,13,-0.030278725549578667,-0.02650882489979267,64,-0.0328,-0.0278
Calvin Pickard,EDM,8475717,14,-0.0301758274435997,-0.02650882489979267,0,-0.0502,-0.0102
Calvin Pickard,EDM,8475717,15,-0.030069220811128616,-0.02650882489979267,106,-0.032,-0.0282
Calvin Pickard,EDM,8475717,16,-0.030194846913218498,-0.02650882489979267,31,-0.0338,-0.0266
Calvin Pickard,EDM,8475717,17,-0.03023008070886135,-0.02650882489979267,0,-0.0502,-0.0102
Calvin Pickard,EDM,8475717,18,-0.030259232968091965,-0.02650882489979267,0,-0.0503,-0.0103
Calvin Pickard,EDM,8475717,19,-0.030285241082310677,-0.02650882489979267,0,-0.0503,-0.0103
Calvin Pickard,EDM,8475717,20,-0.030316509306430817,-0.02650882489979267,0,-0.0503,-0.0103
Calvin Pickard,EDM,8475717,21,-0.030350202694535255,-0.02650882489979267,0,-0.0504,-0.0104
Calvin Pickard,EDM,8475717,22,-0.03037266805768013,-0.02650882489979267,0,-0.0504,-0.0104
Calvin Pickard,EDM,8475717,23,-0.030380379408597946,-0.02650882489979267,0,-0.0504,-0.0104
Calvin Pickard,EDM,8475717,24,-0.030375638976693153,-0.02650882489979267,0,-0.0504,-0.0104
Calvin Pickard,EDM,8475717,25,-0.03036598488688469,-0.02650882489979267,0,-0.0504,-0.0104
Calvin Pickard,EDM,8475717,26,-0.030384069308638573,-0.02650882489979267,0,-0.0504,-0.0104
Calvin Pickard,EDM,8475717,27,-0.030397139489650726,-0.02650882489979267,0,-0.0504,-0.0104
Calvin Pickard,EDM,8475717,28,-0.03041231445968151,-0.02650882489979267,0,-0.0504,-0.0104
Calvin Pickard,EDM,8475717,29,-0.030420882627367973,-0.02650882489979267,0,-0.0504,-0.0104
Calvin Pickard,EDM,8475717,30,-0.03042478859424591,-0.02650882489979267,0,-0.0504,-0.0104
Calvin Pickard,EDM,8475717,31,-0.030426518991589546,-0.02650882489979267,0,-0.0504,-0.0104
Calvin Pickard,EDM,8475717,32,-0.030427711084485054,-0.02650882489979267,0,-0.0504,-0.0104
Calvin Pickard,EDM,8475717,33,-0.030429262667894363,-0.02650882489979267,0,-0.0504,-0.0104
Devin Cooley,CGY,8482445,0,0.02635510452091694,0.02470356412231922,39,0.0232,0.0296
Devin Cooley,CGY,8482445,1,0.02713909186422825,0.02470356412231922,40,0.0239,0.0303
Devin Cooley,CGY,8482445,2,0.028160355985164642,0.02470356412231922,12,0.0224,0.034
Devin Cooley,CGY,8482445,3,0.029375527054071426,0.02470356412231922,0,0.0094,0.0494
Devin Cooley,CGY,8482445,4,0.030589433386921883,0.02470356412231922,58,0.028,0.0332
Devin Cooley,CGY,8482445,5,0.03166844695806503,0.02470356412231922,0,0.0117,0.0517
Devin Cooley,CGY,8482445,6,0.032742179930210114,0.02470356412231922,72,0.0303,0.0351
Devin Cooley,CGY,8482445,7,0.03361745551228523,0.02470356412231922,34,0.0302,0.037
Devin Cooley,CGY,8482445,8,0.03440080210566521,0.02470356412231922,0,0.0144,0.0544
Devin Cooley,CGY,8482445,9,0.03519211709499359,0.02470356412231922,84,0.033,0.0374
Devin Cooley,CGY,8482445,10,0.03580670431256294,0.02470356412231922,143,0.0341,0.0375
Devin Cooley,CGY,8482445,11,0.03591197729110718,0.02470356412231922,24,0.0318,0.04
Devin Cooley,CGY,8482445,12,0.036288827657699585,0.02470356412231922,36,0.033,0.0396
Devin Cooley,CGY,8482445,13,0.03677351772785187,0.02470356412231922,57,0.0342,0.0394
Devin Cooley,CGY,8482445,14,0.037157684564590454,0.02470356412231922,0,0.0172,0.0572
Devin Cooley,CGY,8482445,15,0.03755216673016548,0.02470356412231922,0,0.0176,0.0576
Devin Cooley,CGY,8482445,16,0.0379345677793026,0.02470356412231922,39,0.0347,0.0411
Devin Cooley,CGY,8482445,17,0.03815160319209099,0.02470356412231922,35,0.0348,0.0416
Devin Cooley,CGY,8482445,18,0.038290031254291534,0.02470356412231922,98,0.0363,0.0403
Devin Cooley,CGY,8482445,19,0.0381566621363163,0.02470356412231922,38,0.035,0.0414
Devin Cooley,CGY,8482445,20,0.03808058798313141,0.02470356412231922,46,0.0352,0.041
Devin Cooley,CGY,8482445,21,0.03795557841658592,0.02470356412231922,0,0.018,0.058
Devin Cooley,CGY,8482445,22,0.03785613551735878,0.02470356412231922,16,0.0329,0.0429
Devin Cooley,CGY,8482445,23,0.03793595731258392,0.02470356412231922,87,0.0358,0.04
Devin Cooley,CGY,8482445,24,0.0378749780356884,0.02470356412231922,51,0.0351,0.0407
Devin Cooley,CGY,8482445,25,0.037792470306158066,0.02470356412231922,117,0.036,0.0396
Devin Cooley,CGY,8482445,26,0.037744902074337006,0.02470356412231922,73,0.0354,0.04
Devin Cooley,CGY,8482445,27,0.03772694617509842,0.02470356412231922,0,0.0177,0.0577
Devin Cooley,CGY,8482445,28,0.03771713003516197,0.02470356412231922,0,0.0177,0.0577
Devin Cooley,CGY,8482445,29,0.03770427778363228,0.02470356412231922,0,0.0177,0.0577
Devin Cooley,CGY,8482445,30,0.0377037413418293,0.02470356412231922,0,0.0177,0.0577
Devin Cooley,CGY,8482445,31,0.037699565291404724,0.02470356412231922,0,0.0177,0.0577
Devin Cooley,CGY,8482445,32,0.03769944980740547,0.02470356412231922,0,0.0177,0.0577
Devin Cooley,CGY,8482445,33,0.03769759088754654,0.02470356412231922,0,0.0177,0.0577
8482588,,8482588,0,-0.0008285363437607884,-0.000694254064001143,0,-0.0208,0.0192
8482588,,8482588,1,-0.000890560622792691,-0.000694254064001143,0,-0.0209,0.0191
8482588,,8482588,2,-0.000953751034103334,-0.000694254064001143,0,-0.021,0.019
8482588,,8482588,3,-0.001019667717628181,-0.000694254064001143,0,-0.021,0.019
8482588,,8482588,4,-0.0010896234307438135,-0.000694254064001143,0,-0.0211,0.0189
8482588,,8482588,5,-0.0011536760721355677,-0.000694254064001143,0,-0.0212,0.0188
8482588,,8482588,6,-0.0012246810365468264,-0.000694254064001143,0,-0.0212,0.0188
8482588,,8482588,7,-0.0012956068385392427,-0.000694254064001143,0,-0.0213,0.0187
8482588,,8482588,8,-0.0013678031973540783,-0.000694254064001143,0,-0.0214,0.0186
8482588,,8482588,9,-0.001430706586688757,-0.000694254064001143,0,-0.0214,0.0186
8482588,,8482588,10,-0.0014899477828294039,-0.000694254064001143,0,-0.0215,0.0185
8482588,,8482588,11,-0.0015441864961758256,-0.000694254064001143,0,-0.0215,0.0185
8482588,,8482588,12,-0.0015840076375752687,-0.000694254064001143,0,-0.0216,0.0184
8482588,,8482588,13,-0.0016196414362639189,-0.000694254064001143,0,-0.0216,0.0184
8482588,,8482588,14,-0.0016462089261040092,-0.000694254064001143,0,-0.0216,0.0184
8482588,,8482588,15,-0.0016675505321472883,-0.000694254064001143,0,-0.0217,0.0183
8482588,,8482588,16,-0.0016991263255476952,-0.000694254064001143,0,-0.0217,0.0183
8482588,,8482588,17,-0.001732823089696467,-0.000694254064001143,0,-0.0217,0.0183
8482588,,8482588,18,-0.0017634936375543475,-0.000694254064001143,0,-0.0218,0.0182
8482588,,8482588,19,-0.0017886331770569086,-0.000694254064001143,0,-0.0218,0.0182
8482588,,8482588,20,-0.0018202204955741763,-0.000694254064001143,0,-0.0218,0.0182
8482588,,8482588,21,-0.0018540627788752317,-0.000694254064001143,0,-0.0219,0.0181
8482588,,8482588,22,-0.001875957939773798,-0.000694254064001143,0,-0.0219,0.0181
8482588,,8482588,23,-0.0018844082951545715,-0.000694254064001143,0,-0.0219,0.0181
8482588,,8482588,24,-0.0018792932387441397,-0.000694254064001143,0,-0.0219,0.0181
8482588,,8482588,25,-0.0018695452017709613,-0.000694254064001143,0,-0.0219,0.0181
8482588,,8482588,26,-0.001888231374323368,-0.000694254064001143,0,-0.0219,0.0181
8482588,,8482588,27,-0.001900702016428113,-0.000694254064001143,0,-0.0219,0.0181
8482588,,8482588,28,-0.0019161871168762445,-0.000694254064001143,0,-0.0219,0.0181
8482588,,8482588,29,-0.001924321986734867,-0.000694254064001143,0,-0.0219,0.0181
8482588,,8482588,30,-0.001929278951138258,-0.000694254064001143,0,-0.0219,0.0181
8482588,,8482588,31,-0.0019293370423838496,-0.000694254064001143,0,-0.0219,0.0181
8482588,,8482588,32,-0.0019323904998600483,-0.000694254064001143,0,-0.0219,0.0181
8482588,,8482588,33,-0.001932737766765058,-0.000694254064001143,0,-0.0219,0.0181
Justus Annunen,NSH,8481020,0,-0.0022180445957928896,-0.004621597472578287,13,-0.0077,0.0033
Justus Annunen,NSH,8481020,1,-0.0012036843691021204,-0.004621597472578287,77,-0.0035,0.0011
Justus Annunen,NSH,8481020,2,-0.0002214215201092884,-0.004621597472578287,0,-0.0202,0.0198
Justus Annunen,NSH,8481020,3,0.0007553193718194962,-0.004621597472578287,0,-0.0192,0.0208
Justus Annunen,NSH,8481020,4,0.0017321202903985977,-0.004621597472578287,43,-0.0013,0.0047
Justus Annunen,NSH,8481020,5,0.0029088081791996956,-0.004621597472578287,44,-0.0001,0.0059
Justus Annunen,NSH,8481020,6,0.004039941821247339,-0.004621597472578287,0,-0.016,0.024
Justus Annunen,NSH,8481020,7,0.00516605656594038,-0.004621597472578287,77,0.0029,0.0075
Justus Annunen,NSH,8481020,8,0.006509790662676096,-0.004621597472578287,10,0.0002,0.0128
Justus Annunen,NSH,8481020,9,0.007875357754528522,-0.004621597472578287,0,-0.0121,0.0279
Justus Annunen,NSH,8481020,10,0.009245304390788078,-0.004621597472578287,100,0.0072,0.0112
Justus Annunen,NSH,8481020,11,0.010946559719741344,-0.004621597472578287,5,0.002,0.0198
Justus Annunen,NSH,8481020,12,0.012647096067667007,-0.004621597472578287,54,0.0099,0.0153
Justus Annunen,NSH,8481020,13,0.01423155888915062,-0.004621597472578287,30,0.0105,0.0179
Justus Annunen,NSH,8481020,14,0.015740321949124336,-0.004621597472578287,0,-0.0043,0.0357
Justus Annunen,NSH,8481020,15,0.017251139506697655,-0.004621597472578287,48,0.0144,0.0202
Justus Annunen,NSH,8481020,16,0.01860489509999752,-0.004621597472578287,50,0.0158,0.0214
Justus Annunen,NSH,8481020,17,0.01981557533144951,-0.004621597472578287,46,0.0169,0.0227
Justus Annunen,NSH,8481020,18,0.02140473574399948,-0.004621597472578287,18,0.0167,0.0261
Justus Annunen,NSH,8481020,19,0.022886069491505623,-0.004621597472578287,58,0.0203,0.0255
Justus Annunen,NSH,8481020,20,0.024325620383024216,-0.004621597472578287,61,0.0217,0.0269
Justus Annunen,NSH,8481020,21,0.025692060589790344,-0.004621597472578287,31,0.0221,0.0293
Justus Annunen,NSH,8481020,22,0.026998434215784073,-0.004621597472578287,40,0.0238,0.0302
Justus Annunen,NSH,8481020,23,0.02818349003791809,-0.004621597472578287,106,0.0263,0.0301
Justus Annunen,NSH,8481020,24,0.028919024392962456,-0.004621597472578287,93,0.0268,0.031
Justus Annunen,NSH,8481020,25,0.029632803052663803,-0.004621597472578287,0,0.0096,0.0496
Justus Annunen,NSH,8481020,26,0.030305838212370872,-0.004621597472578287,107,0.0284,0.0322
Justus Annunen,NSH,8481020,27,0.030347945168614388,-0.004621597472578287,40,0.0271,0.0335
Justus Annunen,NSH,8481020,28,0.030324842780828476,-0.004621597472578287,0,0.0103,0.0503
Justus Annunen,NSH,8481020,29,0.03032453916966915,-0.004621597472578287,0,0.0103,0.0503
Justus Annunen,NSH,8481020,30,0.030311446636915207,-0.004621597472578287,0,0.0103,0.0503
Justus Annunen,NSH,8481020,31,0.030320124700665474,-0.004621597472578287,0,0.0103,0.0503
Justus Annunen,NSH,8481020,32,0.030308369547128677,-0.004621597472578287,0,0.0103,0.0503
Justus Annunen,NSH,8481020,33,0.030314162373542786,-0.004621597472578287,0,0.0103,0.0503
Trent Miner,COL,8481529,0,0.00780098419636488,0.006919247098267078,33,0.0043,0.0113
Trent Miner,COL,8481529,1,0.008094392716884613,0.006919247098267078,10,0.0018,0.0144
Trent Miner,COL,8481529,2,0.008314250037074089,0.006919247098267078,51,0.0055,0.0111
Trent Miner,COL,8481529,3,0.008468734100461006,0.006919247098267078,0,-0.0115,0.0285
Trent Miner,COL,8481529,4,0.008621766231954098,0.006919247098267078,0,-0.0114,0.0286
Trent Miner,COL,8481529,5,0.008777895011007786,0.006919247098267078,69,0.0064,0.0112
Trent Miner,COL,8481529,6,0.008880304172635078,0.006919247098267078,0,-0.0111,0.0289
Trent Miner,COL,8481529,7,0.00898036453872919,0.006919247098267078,0,-0.011,0.029
Trent Miner,COL,8481529,8,0.009081843309104443,0.006919247098267078,0,-0.0109,0.0291
Trent Miner,COL,8481529,9,0.009189587086439133,0.006919247098267078,0,-0.0108,0.0292
Trent Miner,COL,8481529,10,0.009303808212280273,0.006919247098267078,0,-0.0107,0.0293
Trent Miner,COL,8481529,11,0.009420914575457573,0.006919247098267078,0,-0.0106,0.0294
Trent Miner,COL,8481529,12,0.009553985670208931,0.006919247098267078,0,-0.0104,0.0296
Trent Miner,COL,8481529,13,0.00968971662223339,0.006919247098267078,0,-0.0103,0.0297
Trent Miner,COL,8481529,14,0.009836478158831596,0.006919247098267078,0,-0.0102,0.0298
Trent Miner,COL,8481529,15,0.009985939599573612,0.006919247098267078,0,-0.01,0.03
Trent Miner,COL,8481529,16,0.010127732530236244,0.006919247098267078,53,0.0074,0.0128
Trent Miner,COL,8481529,17,0.009958239272236824,0.006919247098267078,42,0.0069,0.0131
Trent Miner,COL,8481529,18,0.009928226470947266,0.006919247098267078,0,-0.0101,0.0299
Trent Miner,COL,8481529,19,0.009902541525661945,0.006919247098267078,0,-0.0101,0.0299
Trent Miner,COL,8481529,20,0.009871290996670723,0.006919247098267078,0,-0.0101,0.0299
Trent Miner,COL,8481529,21,0.009837457910180092,0.006919247098267078,0,-0.0102,0.0298
Trent Miner,COL,8481529,22,0.00981561653316021,0.006919247098267078,0,-0.0102,0.0298
Trent Miner,COL,8481529,23,0.009806772693991661,0.006919247098267078,0,-0.0102,0.0298
Trent Miner,COL,8481529,24,0.00981267262250185,0.006919247098267078,0,-0.0102,0.0298
Trent Miner,COL,8481529,25,0.009821802377700806,0.006919247098267078,0,-0.0102,0.0298
Trent Miner,COL,8481529,26,0.009803648106753826,0.006919247098267078,0,-0.0102,0.0298
Trent Miner,COL,8481529,27,0.009790587238967419,0.006919247098267078,0,-0.0102,0.0298
Trent Miner,COL,8481529,28,0.009775723330676556,0.006919247098267078,0,-0.0102,0.0298
Trent Miner,COL,8481529,29,0.009767083451151848,0.006919247098267078,0,-0.0102,0.0298
Trent Miner,COL,8481529,30,0.009762724861502647,0.006919247098267078,0,-0.0102,0.0298
Trent Miner,COL,8481529,31,0.009761912748217583,0.006919247098267078,0,-0.0102,0.0298
Trent Miner,COL,8481529,32,0.009759882465004921,0.006919247098267078,0,-0.0102,0.0298
Trent Miner,COL,8481529,33,0.00975863914936781,0.006919247098267078,0,-0.0102,0.0298
Rémi Poirier,DAL,8482465,0,-0.00041950069135054946,-9.24350752029568e-05,16,-0.0054,0.0046
Rémi Poirier,DAL,8482465,1,-0.0006031107623130083,-9.24350752029568e-05,11,-0.0066,0.0054
Rémi Poirier,DAL,8482465,2,-0.0006654247990809381,-9.24350752029568e-05,0,-0.0207,0.0193
Rémi Poirier,DAL,8482465,3,-0.0007322038291022182,-9.24350752029568e-05,0,-0.0207,0.0193
Rémi Poirier,DAL,8482465,4,-0.0008012736798264086,-9.24350752029568e-05,0,-0.0208,0.0192
Rémi Poirier,DAL,8482465,5,-0.0008661774918437004,-9.24350752029568e-05,0,-0.0209,0.0191
Rémi Poirier,DAL,8482465,6,-0.0009363307035528123,-9.24350752029568e-05,0,-0.0209,0.0191
Rémi Poirier,DAL,8482465,7,-0.0010080462088808417,-9.24350752029568e-05,0,-0.021,0.019
Rémi Poirier,DAL,8482465,8,-0.001079487381502986,-9.24350752029568e-05,0,-0.0211,0.0189
Rémi Poirier,DAL,8482465,9,-0.001143049681559205,-9.24350752029568e-05,0,-0.0211,0.0189
Rémi Poirier,DAL,8482465,10,-0.0012016799300909042,-9.24350752029568e-05,0,-0.0212,0.0188
Rémi Poirier,DAL,8482465,11,-0.0012564852368086576,-9.24350752029568e-05,0,-0.0213,0.0187
Rémi Poirier,DAL,8482465,12,-0.001295720343478024,-9.24350752029568e-05,0,-0.0213,0.0187
Rémi Poirier,DAL,8482465,13,-0.0013319142162799835,-9.24350752029568e-05,0,-0.0213,0.0187
Rémi Poirier,DAL,8482465,14,-0.0013578988146036863,-9.24350752029568e-05,0,-0.0214,0.0186
Rémi Poirier,DAL,8482465,15,-0.0013798254076391459,-9.24350752029568e-05,0,-0.0214,0.0186
Rémi Poirier,DAL,8482465,16,-0.0014108071336522698,-9.24350752029568e-05,0,-0.0214,0.0186
Rémi Poirier,DAL,8482465,17,-0.0014450729358941317,-9.24350752029568e-05,0,-0.0214,0.0186
Rémi Poirier,DAL,8482465,18,-0.001475150347687304,-9.24350752029568e-05,0,-0.0215,0.0185
Rémi Poirier,DAL,8482465,19,-0.0015008908230811357,-9.24350752029568e-05,0,-0.0215,0.0185
Rémi Poirier,DAL,8482465,20,-0.0015318309888243675,-9.24350752029568e-05,0,-0.0215,0.0185
Rémi Poirier,DAL,8482465,21,-0.0015663349768146873,-9.24350752029568e-05,0,-0.0216,0.0184
Rémi Poirier,DAL,8482465,22,-0.001587555045261979,-9.24350752029568e-05,0,-0.0216,0.0184
Rémi Poirier,DAL,8482465,23,-0.0015966752544045448,-9.24350752029568e-05,0,-0.0216,0.0184
Rémi Poirier,DAL,8482465,24,-0.001590857282280922,-9.24350752029568e-05,0,-0.0216,0.0184
Rémi Poirier,DAL,8482465,25,-0.0015818373067304492,-9.24350752029568e-05,0,-0.0216,0.0184
Rémi Poirier,DAL,8482465,26,-0.001599759329110384,-9.24350752029568e-05,0,-0.0216,0.0184
Rémi Poirier,DAL,8482465,27,-0.0016130069270730019,-9.24350752029568e-05,0,-0.0216,0.0184
Rémi Poirier,DAL,8482465,28,-0.0016277143731713295,-9.24350752029568e-05,0,-0.0216,0.0184
Rémi Poirier,DAL,8482465,29,-0.0016365934861823916,-9.24350752029568e-05,0,-0.0216,0.0184
Rémi Poirier,DAL,8482465,30,-0.0016408191295340657,-9.24350752029568e-05,0,-0.0216,0.0184
Rémi Poirier,DAL,8482465,31,-0.00164162483997643,-9.24350752029568e-05,0,-0.0216,0.0184
Rémi Poirier,DAL,8482465,32,-0.0016438857419416308,-9.24350752029568e-05,0,-0.0216,0.0184
Rémi Poirier,DAL,8482465,33,-0.0016448348760604858,-9.24350752029568e-05,0,-0.0216,0.0184
Dan Vladar,PHI,8478435,0,0.03558073192834854,0.031843673437833786,0,0.0156,0.0556
Dan Vladar,PHI,8478435,1,0.03724026307463646,0.031843673437833786,0,0.0172,0.0572
Dan Vladar,PHI,8478435,2,0.03889722377061844,0.031843673437833786,71,0.0365,0.0413
Dan Vladar,PHI,8478435,3,0.04057443514466286,0.031843673437833786,50,0.0378,0.0434
Dan Vladar,PHI,8478435,4,0.04215473309159279,0.031843673437833786,71,0.0398,0.0446
Dan Vladar,PHI,8478435,5,0.04357421025633812,0.031843673437833786,76,0.0413,0.0459
Dan Vladar,PHI,8478435,6,0.0449749156832695,0.031843673437833786,75,0.0427,0.0473
Dan Vladar,PHI,8478435,7,0.046373698860406876,0.031843673437833786,84,0.0442,0.0486
Dan Vladar,PHI,8478435,8,0.047682203352451324,0.031843673437833786,88,0.0456,0.0498
Dan Vladar,PHI,8478435,9,0.049096107482910156,0.031843673437833786,95,0.047,0.0512
Dan Vladar,PHI,8478435,10,0.050447896122932434,0.031843673437833786,91,0.0483,0.0525
Dan Vladar,PHI,8478435,11,0.05177433416247368,0.031843673437833786,40,0.0486,0.055
Dan Vladar,PHI,8478435,12,0.05333949625492096,0.031843673437833786,121,0.0515,0.0551
Dan Vladar,PHI,8478435,13,0.05471888929605484,0.031843673437833786,44,0.0517,0.0577
Dan Vladar,PHI,8478435,14,0.055911652743816376,0.031843673437833786,63,0.0534,0.0584
Dan Vladar,PHI,8478435,15,0.05712992697954178,0.031843673437833786,92,0.055,0.0592
Dan Vladar,PHI,8478435,16,0.058257125318050385,0.031843673437833786,78,0.056,0.0606
Dan Vladar,PHI,8478435,17,0.059278279542922974,0.031843673437833786,49,0.0564,0.0622
Dan Vladar,PHI,8478435,18,0.060505397617816925,0.031843673437833786,0,0.0405,0.0805
Dan Vladar,PHI,8478435,19,0.061730582267045975,0.031843673437833786,87,0.0596,0.0638
Dan Vladar,PHI,8478435,20,0.0631374642252922,0.031843673437833786,78,0.0608,0.0654
Dan Vladar,PHI,8478435,21,0.06435927748680115,0.031843673437833786,84,0.0622,0.0666
Dan Vladar,PHI,8478435,22,0.06536325067281723,0.031843673437833786,81,0.0632,0.0676
Dan Vladar,PHI,8478435,23,0.06618528068065643,0.031843673437833786,91,0.0641,0.0683
Dan Vladar,PHI,8478435,24,0.06673450767993927,0.031843673437833786,80,0.0645,0.0689
Dan Vladar,PHI,8478435,25,0.06741499155759811,0.031843673437833786,94,0.0653,0.0695
Dan Vladar,PHI,8478435,26,0.06819116324186325,0.031843673437833786,100,0.0662,0.0702
Dan Vladar,PHI,8478435,27,0.06890126317739487,0.031843673437833786,74,0.0666,0.0712
Dan Vladar,PHI,8478435,28,0.06957587599754333,0.031843673437833786,143,0.0679,0.0713
Dan Vladar,PHI,8478435,29,0.07003467530012131,0.031843673437833786,146,0.0683,0.0717
Dan Vladar,PHI,8478435,30,0.07020233571529388,0.031843673437833786,171,0.0687,0.0717
Dan Vladar,PHI,8478435,31,0.07020307332277298,0.031843673437833786,0,0.0502,0.0902
Dan Vladar,PHI,8478435,32,0.0702032595872879,0.031843673437833786,0,0.0502,0.0902
Dan Vladar,PHI,8478435,33,0.07019804418087006,0.031843673437833786,0,0.0502,0.0902
Nathaniel Day,EDM,8484455,0,0.0002068618923658505,0.0002284455404151231,12,-0.0056,0.006
Nathaniel Day,EDM,8484455,1,0.00014395915786735713,0.0002284455404151231,0,-0.0199,0.0201
Nathaniel Day,EDM,8484455,2,8.184544276446104e-05,0.0002284455404151231,0,-0.0199,0.0201
Nathaniel Day,EDM,8484455,3,1.4854565961286426e-05,0.0002284455404151231,0,-0.02,0.02
Nathaniel Day,EDM,8484455,4,-5.400614463724196e-05,0.0002284455404151231,0,-0.0201,0.0199
Nathaniel Day,EDM,8484455,5,-0.0001191003539133817,0.0002284455404151231,0,-0.0201,0.0199
Nathaniel Day,EDM,8484455,6,-0.00018908033962361515,0.0002284455404151231,0,-0.0202,0.0198
Nathaniel Day,EDM,8484455,7,-0.0002609552175272256,0.0002284455404151231,0,-0.0203,0.0197
Nathaniel Day,EDM,8484455,8,-0.0003322352422401309,0.0002284455404151231,0,-0.0203,0.0197
Nathaniel Day,EDM,8484455,9,-0.000395956973079592,0.0002284455404151231,0,-0.0204,0.0196
Nathaniel Day,EDM,8484455,10,-0.0004544428375083953,0.0002284455404151231,0,-0.0205,0.0195
Nathaniel Day,EDM,8484455,11,-0.0005093694198876619,0.0002284455404151231,0,-0.0205,0.0195
Nathaniel Day,EDM,8484455,12,-0.0005484792636707425,0.0002284455404151231,0,-0.0205,0.0195
Nathaniel Day,EDM,8484455,13,-0.0005848135333508253,0.0002284455404151231,0,-0.0206,0.0194
Nathaniel Day,EDM,8484455,14,-0.0006106563378125429,0.0002284455404151231,0,-0.0206,0.0194
Nathaniel Day,EDM,8484455,15,-0.0006327065639197826,0.0002284455404151231,0,-0.0206,0.0194
Nathaniel Day,EDM,8484455,16,-0.0006635872414335608,0.0002284455404151231,0,-0.0207,0.0193
Nathaniel Day,EDM,8484455,17,-0.000697919400408864,0.0002284455404151231,0,-0.0207,0.0193
Nathaniel Day,EDM,8484455,18,-0.0007279723649844527,0.0002284455404151231,0,-0.0207,0.0193
Nathaniel Day,EDM,8484455,19,-0.0007537027704529464,0.0002284455404151231,0,-0.0208,0.0192
Nathaniel Day,EDM,8484455,20,-0.0007846567896194756,0.0002284455404151231,0,-0.0208,0.0192
Nathaniel Day,EDM,8484455,21,-0.0008191578672267497,0.0002284455404151231,0,-0.0208,0.0192
Nathaniel Day,EDM,8484455,22,-0.0008403703104704618,0.0002284455404151231,0,-0.0208,0.0192
Nathaniel Day,EDM,8484455,23,-0.0008495021029375494,0.0002284455404151231,0,-0.0208,0.0192
Nathaniel Day,EDM,8484455,24,-0.0008436742937192321,0.0002284455404151231,0,-0.0208,0.0192
Nathaniel Day,EDM,8484455,25,-0.0008346564136445522,0.0002284455404151231,0,-0.0208,0.0192
Nathaniel Day,EDM,8484455,26,-0.0008525780285708606,0.0002284455404151231,0,-0.0209,0.0191
Nathaniel Day,EDM,8484455,27,-0.0008658301667310297,0.0002284455404151231,0,-0.0209,0.0191
Nathaniel Day,EDM,8484455,28,-0.0008805254474282265,0.0002284455404151231,0,-0.0209,0.0191
Nathaniel Day,EDM,8484455,29,-0.0008894259226508439,0.0002284455404151231,0,-0.0209,0.0191
Nathaniel Day,EDM,8484455,30,-0.0008936155354604125,0.0002284455404151231,0,-0.0209,0.0191
Nathaniel Day,EDM,8484455,31,-0.0008944738656282425,0.0002284455404151231,0,-0.0209,0.0191
Nathaniel Day,EDM,8484455,32,-0.0008966749301180243,0.0002284455404151231,0,-0.0209,0.0191
Nathaniel Day,EDM,8484455,33,-0.000897664693184197,0.0002284455404151231,0,-0.0209,0.0191
8484939,,8484939,0,0.0007523716776631773,0.0008861229289323092,0,-0.0192,0.0208
8484939,,8484939,1,0.0006896457052789629,0.0008861229289323092,0,-0.0193,0.0207
8484939,,8484939,2,0.0006273566395975649,0.0008861229289323092,0,-0.0194,0.0206
8484939,,8484939,3,0.0005605941405519843,0.0008861229289323092,0,-0.0194,0.0206
8484939,,8484939,4,0.0004915426834486425,0.0008861229289323092,0,-0.0195,0.0205
8484939,,8484939,5,0.0004266518517397344,0.0008861229289323092,0,-0.0196,0.0204
8484939,,8484939,6,0.0003565109218470752,0.0008861229289323092,0,-0.0196,0.0204
8484939,,8484939,7,0.00028483569622039795,0.0008861229289323092,0,-0.0197,0.0203
8484939,,8484939,8,0.0002134342212229967,0.0008861229289323092,0,-0.0198,0.0202
8484939,,8484939,9,0.00014980341074988246,0.0008861229289323092,0,-0.0199,0.0201
8484939,,8484939,10,9.129301179200411e-05,0.0008861229289323092,0,-0.0199,0.0201
8484939,,8484939,11,3.640586510300636e-05,0.0008861229289323092,0,-0.02,0.02
8484939,,8484939,12,-2.725166268646717e-06,0.0008861229289323092,0,-0.02,0.02
8484939,,8484939,13,-3.896630369126797e-05,0.0008861229289323092,0,-0.02,0.02
8484939,,8484939,14,-6.489356746897101e-05,0.0008861229289323092,0,-0.0201,0.0199
8484939,,8484939,15,-8.687830995768309e-05,0.0008861229289323092,0,-0.0201,0.0199
8484939,,8484939,16,-0.00011775403982028365,0.0008861229289323092,0,-0.0201,0.0199
8484939,,8484939,17,-0.00015208666445687413,0.0008861229289323092,0,-0.0202,0.0198
8484939,,8484939,18,-0.00018210249254480004,0.0008861229289323092,0,-0.0202,0.0198
8484939,,8484939,19,-0.0002078370307572186,0.0008861229289323092,0,-0.0202,0.0198
8484939,,8484939,20,-0.00023882463574409485,0.0008861229289323092,0,-0.0202,0.0198
8484939,,8484939,21,-0.00027322123060002923,0.0008861229289323092,0,-0.0203,0.0197
8484939,,8484939,22,-0.0002945236046798527,0.0008861229289323092,0,-0.0203,0.0197
8484939,,8484939,23,-0.000303597713354975,0.0008861229289323092,0,-0.0203,0.0197
8484939,,8484939,24,-0.00029775837901979685,0.0008861229289323092,0,-0.0203,0.0197
8484939,,8484939,25,-0.0002887703012675047,0.0008861229289323092,0,-0.0203,0.0197
8484939,,8484939,26,-0.0003066483768634498,0.0008861229289323092,0,-0.0203,0.0197
8484939,,8484939,27,-0.0003199197817593813,0.0008861229289323092,0,-0.0203,0.0197
8484939,,8484939,28,-0.00033459917176514864,0.0008861229289323092,0,-0.0203,0.0197
8484939,,8484939,29,-0.0003435227554291487,0.0008861229289323092,0,-0.0203,0.0197
8484939,,8484939,30,-0.000347666849847883,0.0008861229289323092,0,-0.0203,0.0197
8484939,,8484939,31,-0.00034854485420510173,0.0008861229289323092,0,-0.0203,0.0197
8484939,,8484939,32,-0.00035076867789030075,0.0008861229289323092,0,-0.0204,0.0196
8484939,,8484939,33,-0.0003516934812068939,0.0008861229289323092,0,-0.0204,0.0196
Connor Ingram,EDM,8478971,0,-0.013420933857560158,-0.013783132657408714,0,-0.0334,0.0066
Connor Ingram,EDM,8478971,1,-0.01326337456703186,-0.013783132657408714,0,-0.0333,0.0067
Connor Ingram,EDM,8478971,2,-0.01310497522354126,-0.013783132657408714,0,-0.0331,0.0069
Connor Ingram,EDM,8478971,3,-0.012951198033988476,-0.013783132657408714,0,-0.033,0.007
Connor Ingram,EDM,8478971,4,-0.012799912132322788,-0.013783132657408714,0,-0.0328,0.0072
Connor Ingram,EDM,8478971,5,-0.012644287198781967,-0.013783132657408714,0,-0.0326,0.0074
Connor Ingram,EDM,8478971,6,-0.012493991293013096,-0.013783132657408714,0,-0.0325,0.0075
Connor Ingram,EDM,8478971,7,-0.012345491908490658,-0.013783132657408714,0,-0.0323,0.0077
Connor Ingram,EDM,8478971,8,-0.012195565737783909,-0.013783132657408714,0,-0.0322,0.0078
Connor Ingram,EDM,8478971,9,-0.012040146626532078,-0.013783132657408714,0,-0.032,0.008
Connor Ingram,EDM,8478971,10,-0.011876409873366356,-0.013783132657408714,0,-0.0319,0.0081
Connor Ingram,EDM,8478971,11,-0.011712465435266495,-0.013783132657408714,0,-0.0317,0.0083
Connor Ingram,EDM,8478971,12,-0.011530027724802494,-0.013783132657408714,0,-0.0315,0.0085
Connor Ingram,EDM,8478971,13,-0.011346610262989998,-0.013783132657408714,46,-0.0142,-0.0084
Connor Ingram,EDM,8478971,14,-0.011220109649002552,-0.013783132657408714,73,-0.0135,-0.0089
Connor Ingram,EDM,8478971,15,-0.01119829248636961,-0.013783132657408714,41,-0.0143,-0.0081
Connor Ingram,EDM,8478971,16,-0.010845024138689041,-0.013783132657408714,86,-0.013,-0.0086
Connor Ingram,EDM,8478971,17,-0.010494710877537727,-0.013783132657408714,118,-0.0123,-0.0087
Connor Ingram,EDM,8478971,18,-0.010814939625561237,-0.013783132657408714,22,-0.0151,-0.0065
Connor Ingram,EDM,8478971,19,-0.010960731655359268,-0.013783132657408714,42,-0.0141,-0.0079
Connor Ingram,EDM,8478971,20,-0.010897866450250149,-0.013783132657408714,37,-0.0142,-0.0076
Connor Ingram,EDM,8478971,21,-0.010732278227806091,-0.013783132657408714,90,-0.0128,-0.0086
Connor Ingram,EDM,8478971,22,-0.010535147972404957,-0.013783132657408714,111,-0.0124,-0.0086
Connor Ingram,EDM,8478971,23,-0.010549445636570454,-0.013783132657408714,133,-0.0122,-0.0088
Connor Ingram,EDM,8478971,24,-0.010330709628760815,-0.013783132657408714,85,-0.0125,-0.0081
Connor Ingram,EDM,8478971,25,-0.010219581425189972,-0.013783132657408714,86,-0.0124,-0.008
Connor Ingram,EDM,8478971,26,-0.010159645229578018,-0.013783132657408714,49,-0.0131,-0.0073
Connor Ingram,EDM,8478971,27,-0.010159087367355824,-0.013783132657408714,75,-0.0125,-0.0079
Connor Ingram,EDM,8478971,28,-0.010622397065162659,-0.013783132657408714,149,-0.0122,-0.009
Connor Ingram,EDM,8478971,29,-0.010594066232442856,-0.013783132657408714,87,-0.0127,-0.0085
Connor Ingram,EDM,8478971,30,-0.010597091168165207,-0.013783132657408714,0,-0.0306,0.0094
Connor Ingram,EDM,8478971,31,-0.010599667206406593,-0.013783132657408714,0,-0.0306,0.0094
Connor Ingram,EDM,8478971,32,-0.010599557310342789,-0.013783132657408714,0,-0.0306,0.0094
Connor Ingram,EDM,8478971,33,-0.01060248352587223,-0.013783132657408714,0,-0.0306,0.0094
8481707,,8481707,0,0.004924110136926174,0.00505738565698266,0,-0.0151,0.0249
8481707,,8481707,1,0.004860863089561462,0.00505738565698266,0,-0.0151,0.0249
8481707,,8481707,2,0.004799317102879286,0.00505738565698266,0,-0.0152,0.0248
8481707,,8481707,3,0.004731922876089811,0.00505738565698266,0,-0.0153,0.0247
8481707,,8481707,4,0.004663410130888224,0.00505738565698266,0,-0.0153,0.0247
8481707,,8481707,5,0.0045983572490513325,0.00505738565698266,0,-0.0154,0.0246
8481707,,8481707,6,0.004528392571955919,0.00505738565698266,0,-0.0155,0.0245
8481707,,8481707,7,0.004456671420484781,0.00505738565698266,0,-0.0155,0.0245
8481707,,8481707,8,0.004385375417768955,0.00505738565698266,0,-0.0156,0.0244
8481707,,8481707,9,0.004321757238358259,0.00505738565698266,0,-0.0157,0.0243
8481707,,8481707,10,0.0042633917182683945,0.00505738565698266,0,-0.0157,0.0243
8481707,,8481707,11,0.004208370111882687,0.00505738565698266,0,-0.0158,0.0242
8481707,,8481707,12,0.004169465973973274,0.00505738565698266,0,-0.0158,0.0242
8481707,,8481707,13,0.004133105278015137,0.00505738565698266,0,-0.0159,0.0241
8481707,,8481707,14,0.00410743011161685,0.00505738565698266,0,-0.0159,0.0241
8481707,,8481707,15,0.004085183143615723,0.00505738565698266,0,-0.0159,0.0241
8481707,,8481707,16,0.00405466090887785,0.00505738565698266,0,-0.0159,0.0241
8481707,,8481707,17,0.004020042717456818,0.00505738565698266,0,-0.016,0.024
8481707,,8481707,18,0.003990384750068188,0.00505738565698266,0,-0.016,0.024
8481707,,8481707,19,0.003964519128203392,0.00505738565698266,0,-0.016,0.024
8481707,,8481707,20,0.003933546599000692,0.00505738565698266,0,-0.0161,0.0239
8481707,,8481707,21,0.0038990715984255075,0.00505738565698266,0,-0.0161,0.0239
8481707,,8481707,22,0.0038780809845775366,0.00505738565698266,0,-0.0161,0.0239
8481707,,8481707,23,0.0038687854539602995,0.00505738565698266,0,-0.0161,0.0239
8481707,,8481707,24,0.0038747317157685757,0.00505738565698266,0,-0.0161,0.0239
8481707,,8481707,25,0.003883675904944539,0.00505738565698266,0,-0.0161,0.0239
8481707,,8481707,26,0.0038660624995827675,0.00505738565698266,0,-0.0161,0.0239
8481707,,8481707,27,0.003852355992421508,0.00505738565698266,0,-0.0161,0.0239
8481707,,8481707,28,0.003838032716885209,0.00505738565698266,0,-0.0162,0.0238
8481707,,8481707,29,0.003829128574579954,0.00505738565698266,0,-0.0162,0.0238
8481707,,8481707,30,0.0038246572948992252,0.00505738565698266,0,-0.0162,0.0238
8481707,,8481707,31,0.003824420738965273,0.00505738565698266,0,-0.0162,0.0238
8481707,,8481707,32,0.0038212821818888187,0.00505738565698266,0,-0.0162,0.0238
8481707,,8481707,33,0.0038212239742279053,0.00505738565698266,0,-0.0162,0.0238
8480191,,8480191,0,0.0036007652524858713,0.00373435253277421,0,-0.0164,0.0236
8480191,,8480191,1,0.003538099117577076,0.00373435253277421,0,-0.0165,0.0235
8480191,,8480191,2,0.003475980134680867,0.00373435253277421,0,-0.0165,0.0235
8480191,,8480191,3,0.003408989403396845,0.00373435253277421,0,-0.0166,0.0234
8480191,,8480191,4,0.003340228693559766,0.00373435253277421,0,-0.0167,0.0233
8480191,,8480191,5,0.0032753683626651764,0.00373435253277421,0,-0.0167,0.0233
8480191,,8480191,6,0.0032052327878773212,0.00373435253277421,0,-0.0168,0.0232
8480191,,8480191,7,0.0031335896346718073,0.00373435253277421,0,-0.0169,0.0231
8480191,,8480191,8,0.0030622754711657763,0.00373435253277421,0,-0.0169,0.0231
8480191,,8480191,9,0.002998811425641179,0.00373435253277421,0,-0.017,0.023
8480191,,8480191,10,0.00293998746201396,0.00373435253277421,0,-0.0171,0.0229
8480191,,8480191,11,0.0028857511933892965,0.00373435253277421,0,-0.0171,0.0229
8480191,,8480191,12,0.0028458917513489723,0.00373435253277421,0,-0.0172,0.0228
8480191,,8480191,13,0.0028104884549975395,0.00373435253277421,0,-0.0172,0.0228
8480191,,8480191,14,0.0027838763780891895,0.00373435253277421,0,-0.0172,0.0228
8480191,,8480191,15,0.0027626061346381903,0.00373435253277421,0,-0.0172,0.0228
8480191,,8480191,16,0.002731127431616187,0.00373435253277421,0,-0.0173,0.0227
8480191,,8480191,17,0.002697390504181385,0.00373435253277421,0,-0.0173,0.0227
8480191,,8480191,18,0.0026669874787330627,0.00373435253277421,0,-0.0173,0.0227
8480191,,8480191,19,0.002641504630446434,0.00373435253277421,0,-0.0174,0.0226
8480191,,8480191,20,0.0026105705182999372,0.00373435253277421,0,-0.0174,0.0226
8480191,,8480191,21,0.002575943246483803,0.00373435253277421,0,-0.0174,0.0226
8480191,,8480191,22,0.0025549912825226784,0.00373435253277421,0,-0.0174,0.0226
8480191,,8480191,23,0.0025457346346229315,0.00373435253277421,0,-0.0175,0.0225
8480191,,8480191,24,0.0025516427122056484,0.00373435253277421,0,-0.0174,0.0226
8480191,,8480191,25,0.002560702385380864,0.00373435253277421,0,-0.0174,0.0226
8480191,,8480191,26,0.0025427453219890594,0.00373435253277421,0,-0.0175,0.0225
8480191,,8480191,27,0.002529555233195424,0.00373435253277421,0,-0.0175,0.0225
8480191,,8480191,28,0.002514830557629466,0.00373435253277421,0,-0.0175,0.0225
8480191,,8480191,29,0.002506021875888109,0.00373435253277421,0,-0.0175,0.0225
8480191,,8480191,30,0.0025017804000526667,0.00373435253277421,0,-0.0175,0.0225
8480191,,8480191,31,0.0025009126402437687,0.00373435253277421,0,-0.0175,0.0225
8480191,,8480191,32,0.002498806919902563,0.00373435253277421,0,-0.0175,0.0225
8480191,,8480191,33,0.0024978499859571457,0.00373435253277421,0,-0.0175,0.0225
8484857,,8484857,0,-0.00015122668992262334,-1.7456737623433582e-05,0,-0.0202,0.0198
8484857,,8484857,1,-0.0002139768039342016,-1.7456737623433582e-05,0,-0.0202,0.0198
8484857,,8484857,2,-0.0002762844960670918,-1.7456737623433582e-05,0,-0.0203,0.0197
8484857,,8484857,3,-0.000343084306223318,-1.7456737623433582e-05,0,-0.0203,0.0197
8484857,,8484857,4,-0.00041213384247384965,-1.7456737623433582e-05,0,-0.0204,0.0196
8484857,,8484857,5,-0.0004770687664858997,-1.7456737623433582e-05,0,-0.0205,0.0195
8484857,,8484857,6,-0.0005471884505823255,-1.7456737623433582e-05,0,-0.0205,0.0195
8484857,,8484857,7,-0.0006189504056237638,-1.7456737623433582e-05,0,-0.0206,0.0194
8484857,,8484857,8,-0.0006903409375809133,-1.7456737623433582e-05,0,-0.0207,0.0193
8484857,,8484857,9,-0.0007539629586972296,-1.7456737623433582e-05,0,-0.0208,0.0192
8484857,,8484857,10,-0.0008125437889248133,-1.7456737623433582e-05,0,-0.0208,0.0192
8484857,,8484857,11,-0.0008673954289406538,-1.7456737623433582e-05,0,-0.0209,0.0191
8484857,,8484857,12,-0.0009065927588380873,-1.7456737623433582e-05,0,-0.0209,0.0191
8484857,,8484857,13,-0.0009428245830349624,-1.7456737623433582e-05,0,-0.0209,0.0191
8484857,,8484857,14,-0.0009687765850685537,-1.7456737623433582e-05,0,-0.021,0.019
8484857,,8484857,15,-0.0009907408384606242,-1.7456737623433582e-05,0,-0.021,0.019
8484857,,8484857,16,-0.001021695090457797,-1.7456737623433582e-05,0,-0.021,0.019
8484857,,8484857,17,-0.0010559729998931289,-1.7456737623433582e-05,0,-0.0211,0.0189
8484857,,8484857,18,-0.0010860622860491276,-1.7456737623433582e-05,0,-0.0211,0.0189
8484857,,8484857,19,-0.0011117808753624558,-1.7456737623433582e-05,0,-0.0211,0.0189
8484857,,8484857,20,-0.0011427471181377769,-1.7456737623433582e-05,0,-0.0211,0.0189
8484857,,8484857,21,-0.0011772284051403403,-1.7456737623433582e-05,0,-0.0212,0.0188
8484857,,8484857,22,-0.0011984746670350432,-1.7456737623433582e-05,0,-0.0212,0.0188
8484857,,8484857,23,-0.001207577297464013,-1.7456737623433582e-05,0,-0.0212,0.0188
8484857,,8484857,24,-0.0012017699191346765,-1.7456737623433582e-05,0,-0.0212,0.0188
8484857,,8484857,25,-0.0011927428422495723,-1.7456737623433582e-05,0,-0.0212,0.0188
8484857,,8484857,26,-0.0012106761569157243,-1.7456737623433582e-05,0,-0.0212,0.0188
8484857,,8484857,27,-0.0012239128118380904,-1.7456737623433582e-05,0,-0.0212,0.0188
8484857,,8484857,28,-0.0012386293383315206,-1.7456737623433582e-05,0,-0.0212,0.0188
8484857,,8484857,29,-0.00124750891700387,-1.7456737623433582e-05,0,-0.0212,0.0188
8484857,,8484857,30,-0.0012517248978838325,-1.7456737623433582e-05,0,-0.0213,0.0187
8484857,,8484857,31,-0.001252541784197092,-1.7456737623433582e-05,0,-0.0213,0.0187
8484857,,8484857,32,-0.0012548024533316493,-1.7456737623433582e-05,0,-0.0213,0.0187
8484857,,8484857,33,-0.001255749142728746,-1.7456737623433582e-05,0,-0.0213,0.0187
8475920,,8475920,0,-0.00019599872757680714,-6.223292439244688e-05,0,-0.0202,0.0198
8475920,,8475920,1,-0.00025877795997075737,-6.223292439244688e-05,0,-0.0203,0.0197
8475920,,8475920,2,-0.00032105838181450963,-6.223292439244688e-05,0,-0.0203,0.0197
8475920,,8475920,3,-0.000387893378501758,-6.223292439244688e-05,0,-0.0204,0.0196
8475920,,8475920,4,-0.00045692321145907044,-6.223292439244688e-05,0,-0.0205,0.0195
8475920,,8475920,5,-0.0005218873266130686,-6.223292439244688e-05,0,-0.0205,0.0195
8475920,,8475920,6,-0.0005919892573729157,-6.223292439244688e-05,0,-0.0206,0.0194
8475920,,8475920,7,-0.0006637758342549205,-6.223292439244688e-05,0,-0.0207,0.0193
8475920,,8475920,8,-0.0007351533276960254,-6.223292439244688e-05,0,-0.0207,0.0193
8475920,,8475920,9,-0.0007987987482920289,-6.223292439244688e-05,0,-0.0208,0.0192
8475920,,8475920,10,-0.0008573646773584187,-6.223292439244688e-05,0,-0.0209,0.0191
8475920,,8475920,11,-0.0009122376213781536,-6.223292439244688e-05,0,-0.0209,0.0191
8475920,,8475920,12,-0.0009514258126728237,-6.223292439244688e-05,0,-0.021,0.019
8475920,,8475920,13,-0.0009876717813313007,-6.223292439244688e-05,0,-0.021,0.019
8475920,,8475920,14,-0.0010136173805221915,-6.223292439244688e-05,0,-0.021,0.019
8475920,,8475920,15,-0.0010355948470532894,-6.223292439244688e-05,0,-0.021,0.019
8475920,,8475920,16,-0.0010665436275303364,-6.223292439244688e-05,0,-0.0211,0.0189
8475920,,8475920,17,-0.0011008334113284945,-6.223292439244688e-05,0,-0.0211,0.0189
8475920,,8475920,18,-0.0011309180408716202,-6.223292439244688e-05,0,-0.0211,0.0189
8475920,,8475920,19,-0.0011566460598260164,-6.223292439244688e-05,0,-0.0212,0.0188
8475920,,8475920,20,-0.001187606481835246,-6.223292439244688e-05,0,-0.0212,0.0188
8475920,,8475920,21,-0.001222101622261107,-6.223292439244688e-05,0,-0.0212,0.0188
8475920,,8475920,22,-0.0012433371739462018,-6.223292439244688e-05,0,-0.0212,0.0188
8475920,,8475920,23,-0.0012524527264758945,-6.223292439244688e-05,0,-0.0213,0.0187
8475920,,8475920,24,-0.0012466389453038573,-6.223292439244688e-05,0,-0.0212,0.0188
8475920,,8475920,25,-0.0012376203667372465,-6.223292439244688e-05,0,-0.0212,0.0188
8475920,,8475920,26,-0.0012555511202663183,-6.223292439244688e-05,0,-0.0213,0.0187
8475920,,8475920,27,-0.001268788822926581,-6.223292439244688e-05,0,-0.0213,0.0187
8475920,,8475920,28,-0.0012835081433877349,-6.223292439244688e-05,0,-0.0213,0.0187
8475920,,8475920,29,-0.0012923873728141189,-6.223292439244688e-05,0,-0.0213,0.0187
8475920,,8475920,30,-0.0012966081267222762,-6.223292439244688e-05,0,-0.0213,0.0187
8475920,,8475920,31,-0.0012974165147170424,-6.223292439244688e-05,0,-0.0213,0.0187
8475920,,8475920,32,-0.001299689756706357,-6.223292439244688e-05,0,-0.0213,0.0187
8475920,,8475920,33,-0.0013006343506276608,-6.223292439244688e-05,0,-0.0213,0.0187
Alex Nedeljkovic,SJS,8477968,0,-0.014521395787596703,-0.015293261036276817,32,-0.018,-0.011
Alex Nedeljkovic,SJS,8477968,1,-0.014369002543389797,-0.015293261036276817,0,-0.0344,0.0056
Alex Nedeljkovic,SJS,8477968,2,-0.014214636757969856,-0.015293261036276817,40,-0.0174,-0.011
Alex Nedeljkovic,SJS,8477968,3,-0.014253799803555012,-0.015293261036276817,47,-0.0172,-0.0114
Alex Nedeljkovic,SJS,8477968,4,-0.014183665625751019,-0.015293261036276817,100,-0.0162,-0.0122
Alex Nedeljkovic,SJS,8477968,5,-0.014027428813278675,-0.015293261036276817,42,-0.0171,-0.0109
Alex Nedeljkovic,SJS,8477968,6,-0.013664023950695992,-0.015293261036276817,88,-0.0158,-0.0116
Alex Nedeljkovic,SJS,8477968,7,-0.013445140793919563,-0.015293261036276817,42,-0.0165,-0.0103
Alex Nedeljkovic,SJS,8477968,8,-0.013457946479320526,-0.015293261036276817,32,-0.017,-0.01
Alex Nedeljkovic,SJS,8477968,9,-0.013384652324020863,-0.015293261036276817,42,-0.0165,-0.0103
Alex Nedeljkovic,SJS,8477968,10,-0.013312515802681446,-0.015293261036276817,69,-0.0157,-0.0109
Alex Nedeljkovic,SJS,8477968,11,-0.013180428184568882,-0.015293261036276817,83,-0.0154,-0.011
Alex Nedeljkovic,SJS,8477968,12,-0.013142148964107037,-0.015293261036276817,85,-0.0153,-0.0109
Alex Nedeljkovic,SJS,8477968,13,-0.013137612491846085,-0.015293261036276817,39,-0.0163,-0.0099
Alex Nedeljkovic,SJS,8477968,14,-0.012945599853992462,-0.015293261036276817,19,-0.0175,-0.0083
Alex Nedeljkovic,SJS,8477968,15,-0.012618287466466427,-0.015293261036276817,29,-0.0163,-0.0089
Alex Nedeljkovic,SJS,8477968,16,-0.012133616954088211,-0.015293261036276817,79,-0.0144,-0.0098
Alex Nedeljkovic,SJS,8477968,17,-0.01167314499616623,-0.015293261036276817,38,-0.0149,-0.0085
Alex Nedeljkovic,SJS,8477968,18,-0.011263612657785416,-0.015293261036276817,91,-0.0134,-0.0092
Alex Nedeljkovic,SJS,8477968,19,-0.011319187469780445,-0.015293261036276817,61,-0.0139,-0.0087
Alex Nedeljkovic,SJS,8477968,20,-0.011486015282571316,-0.015293261036276817,12,-0.0173,-0.0057
Alex Nedeljkovic,SJS,8477968,21,-0.011556883342564106,-0.015293261036276817,0,-0.0316,0.0084
Alex Nedeljkovic,SJS,8477968,22,-0.011612270958721638,-0.015293261036276817,105,-0.0136,-0.0096
Alex Nedeljkovic,SJS,8477968,23,-0.011950546875596046,-0.015293261036276817,109,-0.0139,-0.0101
Alex Nedeljkovic,SJS,8477968,24,-0.011949623934924603,-0.015293261036276817,84,-0.0141,-0.0097
Alex Nedeljkovic,SJS,8477968,25,-0.011525639332830906,-0.015293261036276817,38,-0.0147,-0.0083
Alex Nedeljkovic,SJS,8477968,26,-0.011263923719525337,-0.015293261036276817,81,-0.0135,-0.0091
Alex Nedeljkovic,SJS,8477968,27,-0.010865633375942707,-0.015293261036276817,92,-0.013,-0.0088
Alex Nedeljkovic,SJS,8477968,28,-0.010880355723202229,-0.015293261036276817,0,-0.0309,0.0091
Alex Nedeljkovic,SJS,8477968,29,-0.0108893858268857,-0.015293261036276817,0,-0.0309,0.0091
Alex Nedeljkovic,SJS,8477968,30,-0.010893060825765133,-0.015293261036276817,0,-0.0309,0.0091
Alex Nedeljkovic,SJS,8477968,31,-0.010894641280174255,-0.015293261036276817,0,-0.0309,0.0091
Alex Nedeljkovic,SJS,8477968,32,-0.010896136984229088,-0.015293261036276817,0,-0.0309,0.0091
Alex Nedeljkovic,SJS,8477968,33,-0.010897688567638397,-0.015293261036276817,0,-0.0309,0.0091
8484218,,8484218,0,0.00727720744907856,0.007410448044538498,0,-0.0127,0.0273
8484218,,8484218,1,0.007214412093162537,0.007410448044538498,0,-0.0128,0.0272
8484218,,8484218,2,0.007152210455387831,0.007410448044538498,0,-0.0128,0.0272
8484218,,8484218,3,0.007085574325174093,0.007410448044538498,0,-0.0129,0.0271
8484218,,8484218,4,0.007016745861619711,0.007410448044538498,0,-0.013,0.027
8484218,,8484218,5,0.006951835472136736,0.007410448044538498,0,-0.013,0.027
8484218,,8484218,6,0.006882010493427515,0.007410448044538498,0,-0.0131,0.0269
8484218,,8484218,7,0.006810350809246302,0.007410448044538498,0,-0.0132,0.0268
8484218,,8484218,8,0.00673892255872488,0.007410448044538498,0,-0.0133,0.0267
8484218,,8484218,9,0.006675706710666418,0.007410448044538498,0,-0.0133,0.0267
8484218,,8484218,10,0.006616783328354359,0.007410448044538498,0,-0.0134,0.0266
8484218,,8484218,11,0.0065626949071884155,0.007410448044538498,0,-0.0134,0.0266
8484218,,8484218,12,0.0065230377949774265,0.007410448044538498,0,-0.0135,0.0265
8484218,,8484218,13,0.006487070582807064,0.007410448044538498,0,-0.0135,0.0265
8484218,,8484218,14,0.006461441051214933,0.007410448044538498,0,-0.0135,0.0265
8484218,,8484218,15,0.0064393142238259315,0.007410448044538498,0,-0.0136,0.0264
8484218,,8484218,16,0.006408527493476868,0.007410448044538498,0,-0.0136,0.0264
8484218,,8484218,17,0.006374369841068983,0.007410448044538498,0,-0.0136,0.0264
8484218,,8484218,18,0.006344405468553305,0.007410448044538498,0,-0.0137,0.0263
8484218,,8484218,19,0.0063185361213982105,0.007410448044538498,0,-0.0137,0.0263
8484218,,8484218,20,0.0062879398465156555,0.007410448044538498,0,-0.0137,0.0263
8484218,,8484218,21,0.0062531884759664536,0.007410448044538498,0,-0.0137,0.0263
8484218,,8484218,22,0.006232493557035923,0.007410448044538498,0,-0.0138,0.0262
8484218,,8484218,23,0.006222840398550034,0.007410448044538498,0,-0.0138,0.0262
8484218,,8484218,24,0.006229345686733723,0.007410448044538498,0,-0.0138,0.0262
8484218,,8484218,25,0.006237736903131008,0.007410448044538498,0,-0.0138,0.0262
8484218,,8484218,26,0.006220448296517134,0.007410448044538498,0,-0.0138,0.0262
8484218,,8484218,27,0.006206833757460117,0.007410448044538498,0,-0.0138,0.0262
8484218,,8484218,28,0.006192255765199661,0.007410448044538498,0,-0.0138,0.0262
8484218,,8484218,29,0.0061835539527237415,0.007410448044538498,0,-0.0138,0.0262
8484218,,8484218,30,0.006179091054946184,0.007410448044538498,0,-0.0138,0.0262
8484218,,8484218,31,0.006178669165819883,0.007410448044538498,0,-0.0138,0.0262
8484218,,8484218,32,0.006175916641950607,0.007410448044538498,0,-0.0138,0.0262
8484218,,8484218,33,0.006175592541694641,0.007410448044538498,0,-0.0138,0.0262
Matt Tomkins,EDM,8477035,0,-0.006577722728252411,-0.00602473272010684,27,-0.0104,-0.0028
Matt Tomkins,EDM,8477035,1,-0.006716464646160603,-0.00602473272010684,22,-0.011,-0.0024
Matt Tomkins,EDM,8477035,2,-0.00677892891690135,-0.00602473272010684,0,-0.0268,0.0132
Matt Tomkins,EDM,8477035,3,-0.006845585070550442,-0.00602473272010684,0,-0.0268,0.0132
Matt Tomkins,EDM,8477035,4,-0.006915190257132053,-0.00602473272010684,0,-0.0269,0.0131
Matt Tomkins,EDM,8477035,5,-0.00697983568534255,-0.00602473272010684,0,-0.027,0.013
Matt Tomkins,EDM,8477035,6,-0.007050343789160252,-0.00602473272010684,0,-0.0271,0.0129
Matt Tomkins,EDM,8477035,7,-0.007122257724404335,-0.00602473272010684,0,-0.0271,0.0129
Matt Tomkins,EDM,8477035,8,-0.00719343451783061,-0.00602473272010684,0,-0.0272,0.0128
Matt Tomkins,EDM,8477035,9,-0.0072575765661895275,-0.00602473272010684,0,-0.0273,0.0127
Matt Tomkins,EDM,8477035,10,-0.007315808907151222,-0.00602473272010684,0,-0.0273,0.0127
Matt Tomkins,EDM,8477035,11,-0.007371149957180023,-0.00602473272010684,0,-0.0274,0.0126
Matt Tomkins,EDM,8477035,12,-0.007410290185362101,-0.00602473272010684,0,-0.0274,0.0126
Matt Tomkins,EDM,8477035,13,-0.007446497678756714,-0.00602473272010684,0,-0.0274,0.0126
Matt Tomkins,EDM,8477035,14,-0.0074727777391672134,-0.00602473272010684,0,-0.0275,0.0125
Matt Tomkins,EDM,8477035,15,-0.007494436111301184,-0.00602473272010684,0,-0.0275,0.0125
Matt Tomkins,EDM,8477035,16,-0.007525969762355089,-0.00602473272010684,0,-0.0275,0.0125
Matt Tomkins,EDM,8477035,17,-0.007559945806860924,-0.00602473272010684,0,-0.0276,0.0124
Matt Tomkins,EDM,8477035,18,-0.007590217981487513,-0.00602473272010684,0,-0.0276,0.0124
Matt Tomkins,EDM,8477035,19,-0.007616078481078148,-0.00602473272010684,0,-0.0276,0.0124
Matt Tomkins,EDM,8477035,20,-0.0076470389030873775,-0.00602473272010684,0,-0.0276,0.0124
Matt Tomkins,EDM,8477035,21,-0.0076813409104943275,-0.00602473272010684,0,-0.0277,0.0123
Matt Tomkins,EDM,8477035,22,-0.007703222334384918,-0.00602473272010684,0,-0.0277,0.0123
Matt Tomkins,EDM,8477035,23,-0.007711832411587238,-0.00602473272010684,0,-0.0277,0.0123
Matt Tomkins,EDM,8477035,24,-0.007706265430897474,-0.00602473272010684,0,-0.0277,0.0123
Matt Tomkins,EDM,8477035,25,-0.007697194814682007,-0.00602473272010684,0,-0.0277,0.0123
Matt Tomkins,EDM,8477035,26,-0.0077152862213552,-0.00602473272010684,0,-0.0277,0.0123
Matt Tomkins,EDM,8477035,27,-0.007728506810963154,-0.00602473272010684,0,-0.0277,0.0123
Matt Tomkins,EDM,8477035,28,-0.0077431779354810715,-0.00602473272010684,0,-0.0277,0.0123
Matt Tomkins,EDM,8477035,29,-0.007752193138003349,-0.00602473272010684,0,-0.0278,0.0122
Matt Tomkins,EDM,8477035,30,-0.007756385486572981,-0.00602473272010684,0,-0.0278,0.0122
Matt Tomkins,EDM,8477035,31,-0.007757177576422691,-0.00602473272010684,0,-0.0278,0.0122
Matt Tomkins,EDM,8477035,32,-0.007759294472634792,-0.00602473272010684,0,-0.0278,0.0122
Matt Tomkins,EDM,8477035,33,-0.0077607338316738605,-0.00602473272010684,0,-0.0278,0.0122
Pyotr Kochetkov,CAR,8481611,0,-0.0007504174718633294,-0.0008590023498982191,0,-0.0208,0.0192
Pyotr Kochetkov,CAR,8481611,1,-0.0007053386070765555,-0.0008590023498982191,0,-0.0207,0.0193
Pyotr Kochetkov,CAR,8481611,2,-0.0006599760381504893,-0.0008590023498982191,42,-0.0038,0.0024
Pyotr Kochetkov,CAR,8481611,3,-0.000686031358782202,-0.0008590023498982191,0,-0.0207,0.0193
Pyotr Kochetkov,CAR,8481611,4,-0.00071441859472543,-0.0008590023498982191,0,-0.0207,0.0193
Pyotr Kochetkov,CAR,8481611,5,-0.0007386839715763927,-0.0008590023498982191,0,-0.0207,0.0193
Pyotr Kochetkov,CAR,8481611,6,-0.000768166733905673,-0.0008590023498982191,0,-0.0208,0.0192
Pyotr Kochetkov,CAR,8481611,7,-0.0007992862956598401,-0.0008590023498982191,74,-0.0031,0.0015
Pyotr Kochetkov,CAR,8481611,8,-0.001040319912135601,-0.0008590023498982191,24,-0.0051,0.0031
Pyotr Kochetkov,CAR,8481611,9,-0.0011248242808505893,-0.0008590023498982191,38,-0.0043,0.0021
Pyotr Kochetkov,CAR,8481611,10,-0.001299891620874405,-0.0008590023498982191,0,-0.0213,0.0187
Pyotr Kochetkov,CAR,8481611,11,-0.0014715258730575442,-0.0008590023498982191,30,-0.0052,0.0022
Pyotr Kochetkov,CAR,8481611,12,-0.0015415328089147806,-0.0008590023498982191,27,-0.0053,0.0023
Pyotr Kochetkov,CAR,8481611,13,-0.0015334377530962229,-0.0008590023498982191,85,-0.0037,0.0007
Pyotr Kochetkov,CAR,8481611,14,-0.0015594393480569124,-0.0008590023498982191,0,-0.0216,0.0184
Pyotr Kochetkov,CAR,8481611,15,-0.00158135243691504,-0.0008590023498982191,0,-0.0216,0.0184
Pyotr Kochetkov,CAR,8481611,16,-0.001612266176380217,-0.0008590023498982191,0,-0.0216,0.0184
Pyotr Kochetkov,CAR,8481611,17,-0.0016466029919683933,-0.0008590023498982191,0,-0.0216,0.0184
Pyotr Kochetkov,CAR,8481611,18,-0.001676637213677168,-0.0008590023498982191,0,-0.0217,0.0183
Pyotr Kochetkov,CAR,8481611,19,-0.0017023326363414526,-0.0008590023498982191,0,-0.0217,0.0183
Pyotr Kochetkov,CAR,8481611,20,-0.0017333619762212038,-0.0008590023498982191,0,-0.0217,0.0183
Pyotr Kochetkov,CAR,8481611,21,-0.0017677666619420052,-0.0008590023498982191,0,-0.0218,0.0182
Pyotr Kochetkov,CAR,8481611,22,-0.0017890145536512136,-0.0008590023498982191,0,-0.0218,0.0182
Pyotr Kochetkov,CAR,8481611,23,-0.0017981871496886015,-0.0008590023498982191,0,-0.0218,0.0182
Pyotr Kochetkov,CAR,8481611,24,-0.0017922595143318176,-0.0008590023498982191,0,-0.0218,0.0182
Pyotr Kochetkov,CAR,8481611,25,-0.0017833119491115212,-0.0008590023498982191,0,-0.0218,0.0182
Pyotr Kochetkov,CAR,8481611,26,-0.001801211154088378,-0.0008590023498982191,0,-0.0218,0.0182
Pyotr Kochetkov,CAR,8481611,27,-0.0018144412897527218,-0.0008590023498982191,0,-0.0218,0.0182
Pyotr Kochetkov,CAR,8481611,28,-0.0018291748128831387,-0.0008590023498982191,0,-0.0218,0.0182
Pyotr Kochetkov,CAR,8481611,29,-0.001838003983721137,-0.0008590023498982191,0,-0.0218,0.0182
Pyotr Kochetkov,CAR,8481611,30,-0.0018422972643747926,-0.0008590023498982191,0,-0.0218,0.0182
Pyotr Kochetkov,CAR,8481611,31,-0.0018429988995194435,-0.0008590023498982191,0,-0.0218,0.0182
Pyotr Kochetkov,CAR,8481611,32,-0.0018454145174473524,-0.0008590023498982191,0,-0.0218,0.0182
Pyotr Kochetkov,CAR,8481611,33,-0.0018462010193616152,-0.0008590023498982191,0,-0.0218,0.0182
Brandon Halverson,TBL,8477990,0,-0.008294861763715744,-0.0078053041361272335,0,-0.0283,0.0117
Brandon Halverson,TBL,8477990,1,-0.008517109788954258,-0.0078053041361272335,57,-0.0111,-0.0059
Brandon Halverson,TBL,8477990,2,-0.008767710998654366,-0.0078053041361272335,29,-0.0125,-0.0051
Brandon Halverson,TBL,8477990,3,-0.009008732624351978,-0.0078053041361272335,0,-0.029,0.011
Brandon Halverson,TBL,8477990,4,-0.009249060414731503,-0.0078053041361272335,0,-0.0292,0.0108
Brandon Halverson,TBL,8477990,5,-0.009487185627222061,-0.0078053041361272335,0,-0.0295,0.0105
Brandon Halverson,TBL,8477990,6,-0.009729868732392788,-0.0078053041361272335,0,-0.0297,0.0103
Brandon Halverson,TBL,8477990,7,-0.009973959997296333,-0.0078053041361272335,0,-0.03,0.01
Brandon Halverson,TBL,8477990,8,-0.010218155570328236,-0.0078053041361272335,0,-0.0302,0.0098
Brandon Halverson,TBL,8477990,9,-0.010454092174768448,-0.0078053041361272335,0,-0.0305,0.0095
Brandon Halverson,TBL,8477990,10,-0.01068530511111021,-0.0078053041361272335,0,-0.0307,0.0093
Brandon Halverson,TBL,8477990,11,-0.01091255433857441,-0.0078053041361272335,0,-0.0309,0.0091
Brandon Halverson,TBL,8477990,12,-0.011124905198812485,-0.0078053041361272335,0,-0.0311,0.0089
Brandon Halverson,TBL,8477990,13,-0.011332598514854908,-0.0078053041361272335,0,-0.0313,0.0087
Brandon Halverson,TBL,8477990,14,-0.011532550677657127,-0.0078053041361272335,0,-0.0315,0.0085
Brandon Halverson,TBL,8477990,15,-0.01172504760324955,-0.0078053041361272335,0,-0.0317,0.0083
Brandon Halverson,TBL,8477990,16,-0.011930670589208603,-0.0078053041361272335,0,-0.0319,0.0081
Brandon Halverson,TBL,8477990,17,-0.01213571522384882,-0.0078053041361272335,0,-0.0321,0.0079
Brandon Halverson,TBL,8477990,18,-0.012339695356786251,-0.0078053041361272335,0,-0.0323,0.0077
Brandon Halverson,TBL,8477990,19,-0.012536546215415001,-0.0078053041361272335,0,-0.0325,0.0075
Brandon Halverson,TBL,8477990,20,-0.012741637416183949,-0.0078053041361272335,0,-0.0327,0.0073
Brandon Halverson,TBL,8477990,21,-0.012946853414177895,-0.0078053041361272335,0,-0.0329,0.0071
Brandon Halverson,TBL,8477990,22,-0.013142136856913567,-0.0078053041361272335,0,-0.0331,0.0069
Brandon Halverson,TBL,8477990,23,-0.013322580605745316,-0.0078053041361272335,0,-0.0333,0.0067
Brandon Halverson,TBL,8477990,24,-0.013490261510014534,-0.0078053041361272335,0,-0.0335,0.0065
Brandon Halverson,TBL,8477990,25,-0.013652641326189041,-0.0078053041361272335,0,-0.0337,0.0063
Brandon Halverson,TBL,8477990,26,-0.013844366185367107,-0.0078053041361272335,0,-0.0338,0.0062
Brandon Halverson,TBL,8477990,27,-0.014028545469045639,-0.0078053041361272335,34,-0.0174,-0.0106
Brandon Halverson,TBL,8477990,28,-0.014044665731489658,-0.0078053041361272335,0,-0.034,0.006
Brandon Halverson,TBL,8477990,29,-0.014052724465727806,-0.0078053041361272335,0,-0.0341,0.0059
Brandon Halverson,TBL,8477990,30,-0.014056877233088017,-0.0078053041361272335,0,-0.0341,0.0059
Brandon Halverson,TBL,8477990,31,-0.01405885349959135,-0.0078053041361272335,0,-0.0341,0.0059
Brandon Halverson,TBL,8477990,32,-0.014059441164135933,-0.0078053041361272335,0,-0.0341,0.0059
Brandon Halverson,TBL,8477990,33,-0.014061836525797844,-0.0078053041361272335,0,-0.0341,0.0059
Jake Allen,NJD,8474596,0,0.02757185697555542,0.025553477928042412,14,0.0223,0.0329
Jake Allen,NJD,8474596,1,0.028448663651943207,0.025553477928042412,15,0.0232,0.0336
Jake Allen,NJD,8474596,2,0.029327858239412308,0.025553477928042412,57,0.0267,0.0319
Jake Allen,NJD,8474596,3,0.030082019045948982,0.025553477928042412,0,0.0101,0.0501
Jake Allen,NJD,8474596,4,0.030831648036837578,0.025553477928042412,108,0.0289,0.0327
Jake Allen,NJD,8474596,5,0.03136579692363739,0.025553477928042412,111,0.0295,0.0333
Jake Allen,NJD,8474596,6,0.0317378044128418,0.025553477928042412,78,0.0294,0.034
Jake Allen,NJD,8474596,7,0.03235073760151863,0.025553477928042412,46,0.0295,0.0353
Jake Allen,NJD,8474596,8,0.032760247588157654,0.025553477928042412,46,0.0299,0.0357
Jake Allen,NJD,8474596,9,0.03308100625872612,0.025553477928042412,90,0.031,0.0352
Jake Allen,NJD,8474596,10,0.0334598608314991,0.025553477928042412,64,0.031,0.036
Jake Allen,NJD,8474596,11,0.03348721191287041,0.025553477928042412,65,0.031,0.036
Jake Allen,NJD,8474596,12,0.03386644273996353,0.025553477928042412,82,0.0317,0.0361
Jake Allen,NJD,8474596,13,0.03432592377066612,0.025553477928042412,88,0.0322,0.0364
Jake Allen,NJD,8474596,14,0.03450164571404457,0.025553477928042412,46,0.0316,0.0374
Jake Allen,NJD,8474596,15,0.0346483550965786,0.025553477928042412,98,0.0326,0.0366
Jake Allen,NJD,8474596,16,0.03465646132826805,0.025553477928042412,85,0.0325,0.0369
Jake Allen,NJD,8474596,17,0.03489173203706741,0.025553477928042412,0,0.0149,0.0549
Jake Allen,NJD,8474596,18,0.03513487055897713,0.025553477928042412,43,0.0321,0.0381
Jake Allen,NJD,8474596,19,0.03515106812119484,0.025553477928042412,81,0.033,0.0374
Jake Allen,NJD,8474596,20,0.035344600677490234,0.025553477928042412,27,0.0315,0.0391
Jake Allen,NJD,8474596,21,0.03553399443626404,0.025553477928042412,46,0.0326,0.0384
Jake Allen,NJD,8474596,22,0.03563259541988373,0.025553477928042412,53,0.0329,0.0383
Jake Allen,NJD,8474596,23,0.0358157753944397,0.025553477928042412,39,0.0326,0.039
Jake Allen,NJD,8474596,24,0.03582421690225601,0.025553477928042412,91,0.0337,0.0379
Jake Allen,NJD,8474596,25,0.03588498383760452,0.025553477928042412,99,0.0339,0.0379
Jake Allen,NJD,8474596,26,0.03577887639403343,0.025553477928042412,87,0.0337,0.0379
Jake Allen,NJD,8474596,27,0.03576347231864929,0.025553477928042412,0,0.0158,0.0558
Jake Allen,NJD,8474596,28,0.03575028479099274,0.025553477928042412,0,0.0158,0.0558
Jake Allen,NJD,8474596,29,0.03574049100279808,0.025553477928042412,0,0.0157,0.0557
Jake Allen,NJD,8474596,30,0.035735972225666046,0.025553477928042412,0,0.0157,0.0557
Jake Allen,NJD,8474596,31,0.035736992955207825,0.025553477928042412,0,0.0157,0.0557
Jake Allen,NJD,8474596,32,0.035732585936784744,0.025553477928042412,0,0.0157,0.0557
Jake Allen,NJD,8474596,33,0.035732872784137726,0.025553477928042412,0,0.0157,0.0557
Samuel Montembeault,MTL,8478470,0,0.012502256780862808,0.01428444217890501,0,-0.0075,0.0325
Samuel Montembeault,MTL,8478470,1,0.011707649566233158,0.01428444217890501,48,0.0088,0.0146
Samuel Montembeault,MTL,8478470,2,0.011196592822670937,0.01428444217890501,37,0.0079,0.0145
Samuel Montembeault,MTL,8478470,3,0.010599419474601746,0.01428444217890501,67,0.0082,0.013
Samuel Montembeault,MTL,8478470,4,0.010105399414896965,0.01428444217890501,71,0.0077,0.0125
Samuel Montembeault,MTL,8478470,5,0.009947060607373714,0.01428444217890501,44,0.0069,0.0129
Samuel Montembeault,MTL,8478470,6,0.010023077949881554,0.01428444217890501,34,0.0066,0.0134
Samuel Montembeault,MTL,8478470,7,0.01019224338233471,0.01428444217890501,96,0.0082,0.0122
Samuel Montembeault,MTL,8478470,8,0.010189562104642391,0.01428444217890501,89,0.0081,0.0123
Samuel Montembeault,MTL,8478470,9,0.010376534424722195,0.01428444217890501,16,0.0054,0.0154
Samuel Montembeault,MTL,8478470,10,0.01076593715697527,0.01428444217890501,50,0.008,0.0136
Samuel Montembeault,MTL,8478470,11,0.010940994136035442,0.01428444217890501,44,0.0079,0.0139
Samuel Montembeault,MTL,8478470,12,0.01126338355243206,0.01428444217890501,20,0.0068,0.0158
Samuel Montembeault,MTL,8478470,13,0.011724771000444889,0.01428444217890501,0,-0.0083,0.0317
Samuel Montembeault,MTL,8478470,14,0.012194663286209106,0.01428444217890501,0,-0.0078,0.0322
Samuel Montembeault,MTL,8478470,15,0.01266961544752121,0.01428444217890501,77,0.0104,0.015
Samuel Montembeault,MTL,8478470,16,0.012970220297574997,0.01428444217890501,43,0.01,0.016
Samuel Montembeault,MTL,8478470,17,0.013134731911122799,0.01428444217890501,102,0.0111,0.0151
Samuel Montembeault,MTL,8478470,18,0.013244685716927052,0.01428444217890501,64,0.0107,0.0157
Samuel Montembeault,MTL,8478470,19,0.013543649576604366,0.01428444217890501,0,-0.0065,0.0335
Samuel Montembeault,MTL,8478470,20,0.013837172649800777,0.01428444217890501,62,0.0113,0.0163
Samuel Montembeault,MTL,8478470,21,0.013756314292550087,0.01428444217890501,43,0.0108,0.0168
Samuel Montembeault,MTL,8478470,22,0.013735204003751278,0.01428444217890501,0,-0.0063,0.0337
Samuel Montembeault,MTL,8478470,23,0.013726343400776386,0.01428444217890501,0,-0.0063,0.0337
Samuel Montembeault,MTL,8478470,24,0.01373108010739088,0.01428444217890501,0,-0.0063,0.0337
Samuel Montembeault,MTL,8478470,25,0.013742109760642052,0.01428444217890501,0,-0.0063,0.0337
Samuel Montembeault,MTL,8478470,26,0.013721570372581482,0.01428444217890501,0,-0.0063,0.0337
Samuel Montembeault,MTL,8478470,27,0.013711178675293922,0.01428444217890501,0,-0.0063,0.0337
Samuel Montembeault,MTL,8478470,28,0.013693474233150482,0.01428444217890501,0,-0.0063,0.0337
Samuel Montembeault,MTL,8478470,29,0.013687582686543465,0.01428444217890501,0,-0.0063,0.0337
Samuel Montembeault,MTL,8478470,30,0.013680845499038696,0.01428444217890501,0,-0.0063,0.0337
Samuel Montembeault,MTL,8478470,31,0.013681636191904545,0.01428444217890501,0,-0.0063,0.0337
Samuel Montembeault,MTL,8478470,32,0.013678684830665588,0.01428444217890501,0,-0.0063,0.0337
Samuel Montembeault,MTL,8478470,33,0.013677974231541157,0.01428444217890501,0,-0.0063,0.0337
8484968,,8484968,0,0.0029477369971573353,0.0030814786441624165,0,-0.0171,0.0229
8484968,,8484968,1,0.002885319758206606,0.0030814786441624165,0,-0.0171,0.0229
8484968,,8484968,2,0.0028226778376847506,0.0030814786441624165,0,-0.0172,0.0228
8484968,,8484968,3,0.0027563886251300573,0.0030814786441624165,0,-0.0172,0.0228
8484968,,8484968,4,0.002686990424990654,0.0030814786441624165,0,-0.0173,0.0227
8484968,,8484968,5,0.00262250704690814,0.0030814786441624165,0,-0.0174,0.0226
8484968,,8484968,6,0.00255219335667789,0.0030814786441624165,0,-0.0174,0.0226
8484968,,8484968,7,0.002480678725987673,0.0030814786441624165,0,-0.0175,0.0225
8484968,,8484968,8,0.0024092255625873804,0.0030814786441624165,0,-0.0176,0.0224
8484968,,8484968,9,0.0023457373026758432,0.0030814786441624165,0,-0.0177,0.0223
8484968,,8484968,10,0.002287214621901512,0.0030814786441624165,0,-0.0177,0.0223
8484968,,8484968,11,0.002232322935014963,0.0030814786441624165,0,-0.0178,0.0222
8484968,,8484968,12,0.0021933959797024727,0.0030814786441624165,0,-0.0178,0.0222
8484968,,8484968,13,0.0021570129320025444,0.0030814786441624165,0,-0.0178,0.0222
8484968,,8484968,14,0.0021312194876372814,0.0030814786441624165,0,-0.0179,0.0221
8484968,,8484968,15,0.0021092374809086323,0.0030814786441624165,0,-0.0179,0.0221
8484968,,8484968,16,0.002078366931527853,0.0030814786441624165,0,-0.0179,0.0221
8484968,,8484968,17,0.0020442053209990263,0.0030814786441624165,0,-0.018,0.022
8484968,,8484968,18,0.0020140097476541996,0.0030814786441624165,0,-0.018,0.022
8484968,,8484968,19,0.001988446805626154,0.0030814786441624165,0,-0.018,0.022
8484968,,8484968,20,0.0019575292244553566,0.0030814786441624165,0,-0.018,0.022
8484968,,8484968,21,0.001922879833728075,0.0030814786441624165,0,-0.0181,0.0219
8484968,,8484968,22,0.0019020210020244122,0.0030814786441624165,0,-0.0181,0.0219
8484968,,8484968,23,0.0018925131298601627,0.0030814786441624165,0,-0.0181,0.0219
8484968,,8484968,24,0.0018988786032423377,0.0030814786441624165,0,-0.0181,0.0219
8484968,,8484968,25,0.0019072857685387135,0.0030814786441624165,0,-0.0181,0.0219
8484968,,8484968,26,0.0018899965798482299,0.0030814786441624165,0,-0.0181,0.0219
8484968,,8484968,27,0.001876326510682702,0.0030814786441624165,0,-0.0181,0.0219
8484968,,8484968,28,0.0018618686590343714,0.0030814786441624165,0,-0.0181,0.0219
8484968,,8484968,29,0.0018529061926528811,0.0030814786441624165,0,-0.0181,0.0219
8484968,,8484968,30,0.0018487214110791683,0.0030814786441624165,0,-0.0182,0.0218
8484968,,8484968,31,0.0018479105783626437,0.0030814786441624165,0,-0.0182,0.0218
8484968,,8484968,32,0.0018456706311553717,0.0030814786441624165,0,-0.0182,0.0218
8484968,,8484968,33,0.0018448092741891742,0.0030814786441624165,0,-0.0182,0.0218
8473575,,8473575,0,-0.0035745673812925816,-0.0034408033825457096,0,-0.0236,0.0164
8473575,,8473575,1,-0.0036374987103044987,-0.0034408033825457096,0,-0.0236,0.0164
8473575,,8473575,2,-0.0036994963884353638,-0.0034408033825457096,0,-0.0237,0.0163
8473575,,8473575,3,-0.0037665548734366894,-0.0034408033825457096,0,-0.0238,0.0162
8473575,,8473575,4,-0.003835476003587246,-0.0034408033825457096,0,-0.0238,0.0162
8473575,,8473575,5,-0.003900513518601656,-0.0034408033825457096,0,-0.0239,0.0161
8473575,,8473575,6,-0.003970479592680931,-0.0034408033825457096,0,-0.024,0.016
8473575,,8473575,7,-0.004042390733957291,-0.0034408033825457096,0,-0.024,0.016
8473575,,8473575,8,-0.0041137211956083775,-0.0034408033825457096,0,-0.0241,0.0159
8473575,,8473575,9,-0.004177314229309559,-0.0034408033825457096,0,-0.0242,0.0158
8473575,,8473575,10,-0.004235919564962387,-0.0034408033825457096,0,-0.0242,0.0158
8473575,,8473575,11,-0.0042908345349133015,-0.0034408033825457096,0,-0.0243,0.0157
8473575,,8473575,12,-0.004329858347773552,-0.0034408033825457096,0,-0.0243,0.0157
8473575,,8473575,13,-0.004366317298263311,-0.0034408033825457096,0,-0.0244,0.0156
8473575,,8473575,14,-0.004391991999000311,-0.0034408033825457096,0,-0.0244,0.0156
8473575,,8473575,15,-0.004414273891597986,-0.0034408033825457096,0,-0.0244,0.0156
8473575,,8473575,16,-0.004444943740963936,-0.0034408033825457096,0,-0.0244,0.0156
8473575,,8473575,17,-0.0044794571585953236,-0.0034408033825457096,0,-0.0245,0.0155
8473575,,8473575,18,-0.004509351681917906,-0.0034408033825457096,0,-0.0245,0.0155
8473575,,8473575,19,-0.004535184241831303,-0.0034408033825457096,0,-0.0245,0.0155
8473575,,8473575,20,-0.004566139541566372,-0.0034408033825457096,0,-0.0246,0.0154
8473575,,8473575,21,-0.004600498825311661,-0.0034408033825457096,0,-0.0246,0.0154
8473575,,8473575,22,-0.00462200166657567,-0.0034408033825457096,0,-0.0246,0.0154
8473575,,8473575,23,-0.004630811512470245,-0.0034408033825457096,0,-0.0246,0.0154
8473575,,8473575,24,-0.004625277128070593,-0.0034408033825457096,0,-0.0246,0.0154
8473575,,8473575,25,-0.0046159373596310616,-0.0034408033825457096,0,-0.0246,0.0154
8473575,,8473575,26,-0.004634223412722349,-0.0034408033825457096,0,-0.0246,0.0154
8473575,,8473575,27,-0.004647126886993647,-0.0034408033825457096,0,-0.0246,0.0154
8473575,,8473575,28,-0.004662155173718929,-0.0034408033825457096,0,-0.0247,0.0153
8473575,,8473575,29,-0.004670728463679552,-0.0034408033825457096,0,-0.0247,0.0153
8473575,,8473575,30,-0.0046751913614571095,-0.0034408033825457096,0,-0.0247,0.0153
8473575,,8473575,31,-0.0046758754178881645,-0.0034408033825457096,0,-0.0247,0.0153
8473575,,8473575,32,-0.0046781194396317005,-0.0034408033825457096,0,-0.0247,0.0153
8473575,,8473575,33,-0.004679173696786165,-0.0034408033825457096,0,-0.0247,0.0153
Igor Shesterkin,NYR,8478048,0,0.05014365166425705,0.04716954380273819,0,0.0301,0.0701
Igor Shesterkin,NYR,8478048,1,0.051467686891555786,0.04716954380273819,15,0.0463,0.0567
Igor Shesterkin,NYR,8478048,2,0.052826013416051865,0.04716954380273819,60,0.0502,0.0554
Igor Shesterkin,NYR,8478048,3,0.05427030101418495,0.04716954380273819,125,0.0525,0.0561
Igor Shesterkin,NYR,8478048,4,0.055143896490335464,0.04716954380273819,70,0.0527,0.0575
Igor Shesterkin,NYR,8478048,5,0.05588069185614586,0.04716954380273819,131,0.0542,0.0576
Igor Shesterkin,NYR,8478048,6,0.057093944400548935,0.04716954380273819,73,0.0548,0.0594
Igor Shesterkin,NYR,8478048,7,0.05830702930688858,0.04716954380273819,87,0.0562,0.0604
Igor Shesterkin,NYR,8478048,8,0.05964553356170654,0.04716954380273819,147,0.058,0.0612
Igor Shesterkin,NYR,8478048,9,0.06065589189529419,0.04716954380273819,91,0.0586,0.0628
Igor Shesterkin,NYR,8478048,10,0.061870284378528595,0.04716954380273819,174,0.0604,0.0634
Igor Shesterkin,NYR,8478048,11,0.06277844309806824,0.04716954380273819,130,0.061,0.0646
Igor Shesterkin,NYR,8478048,12,0.0635858029127121,0.04716954380273819,75,0.0613,0.0659
Igor Shesterkin,NYR,8478048,13,0.06457500904798508,0.04716954380273819,127,0.0628,0.0664
Igor Shesterkin,NYR,8478048,14,0.06555744260549545,0.04716954380273819,90,0.0635,0.0677
Igor Shesterkin,NYR,8478048,15,0.06631509959697723,0.04716954380273819,117,0.0645,0.0681
Igor Shesterkin,NYR,8478048,16,0.06671921163797379,0.04716954380273819,12,0.0609,0.0725
Igor Shesterkin,NYR,8478048,17,0.0670430064201355,0.04716954380273819,0,0.047,0.087
Igor Shesterkin,NYR,8478048,18,0.06737823784351349,0.04716954380273819,0,0.0474,0.0874
Igor Shesterkin,NYR,8478048,19,0.06771231442689896,0.04716954380273819,0,0.0477,0.0877
Igor Shesterkin,NYR,8478048,20,0.06804176419973373,0.04716954380273819,0,0.048,0.088
Igor Shesterkin,NYR,8478048,21,0.068370521068573,0.04716954380273819,80,0.0662,0.0706
Igor Shesterkin,NYR,8478048,22,0.06856042146682739,0.04716954380273819,105,0.0666,0.0706
Igor Shesterkin,NYR,8478048,23,0.06854541599750519,0.04716954380273819,85,0.0663,0.0707
Igor Shesterkin,NYR,8478048,24,0.06874454766511917,0.04716954380273819,116,0.0668,0.0706
Igor Shesterkin,NYR,8478048,25,0.0689096450805664,0.04716954380273819,114,0.067,0.0708
Igor Shesterkin,NYR,8478048,26,0.06884947419166565,0.04716954380273819,69,0.0664,0.0712
Igor Shesterkin,NYR,8478048,27,0.0688282772898674,0.04716954380273819,0,0.0488,0.0888
Igor Shesterkin,NYR,8478048,28,0.06882274895906448,0.04716954380273819,0,0.0488,0.0888
Igor Shesterkin,NYR,8478048,29,0.06880468130111694,0.04716954380273819,0,0.0488,0.0888
Igor Shesterkin,NYR,8478048,30,0.06880966573953629,0.04716954380273819,0,0.0488,0.0888
Igor Shesterkin,NYR,8478048,31,0.06879660487174988,0.04716954380273819,0,0.0488,0.0888
Igor Shesterkin,NYR,8478048,32,0.068808414041996,0.04716954380273819,0,0.0488,0.0888
Igor Shesterkin,NYR,8478048,33,0.06879829615354538,0.04716954380273819,0,0.0488,0.0888
Jonathan Quick,NYR,8471734,0,-0.01996741257607937,-0.0192318893969059,18,-0.0247,-0.0153
Jonathan Quick,NYR,8471734,1,-0.020279278978705406,-0.0192318893969059,19,-0.0249,-0.0157
Jonathan Quick,NYR,8471734,2,-0.020524296909570694,-0.0192318893969059,33,-0.024,-0.017
Jonathan Quick,NYR,8471734,3,-0.02076716348528862,-0.0192318893969059,32,-0.0243,-0.0173
Jonathan Quick,NYR,8471734,4,-0.021124517545104027,-0.0192318893969059,37,-0.0244,-0.0178
Jonathan Quick,NYR,8471734,5,-0.021429982036352158,-0.0192318893969059,0,-0.0414,-0.0014
Jonathan Quick,NYR,8471734,6,-0.021742019802331924,-0.0192318893969059,43,-0.0247,-0.0187
Jonathan Quick,NYR,8471734,7,-0.022305238991975784,-0.0192318893969059,43,-0.0253,-0.0193
Jonathan Quick,NYR,8471734,8,-0.023031961172819138,-0.0192318893969059,56,-0.0257,-0.0203
Jonathan Quick,NYR,8471734,9,-0.023988470435142517,-0.0192318893969059,49,-0.0269,-0.0211
Jonathan Quick,NYR,8471734,10,-0.024978479370474815,-0.0192318893969059,0,-0.045,-0.005
Jonathan Quick,NYR,8471734,11,-0.025962546467781067,-0.0192318893969059,47,-0.0289,-0.0231
Jonathan Quick,NYR,8471734,12,-0.026959575712680817,-0.0192318893969059,0,-0.047,-0.007
Jonathan Quick,NYR,8471734,13,-0.027952080592513084,-0.0192318893969059,68,-0.0304,-0.0256
Jonathan Quick,NYR,8471734,14,-0.02907566912472248,-0.0192318893969059,0,-0.0491,-0.0091
Jonathan Quick,NYR,8471734,15,-0.030194951221346855,-0.0192318893969059,41,-0.0333,-0.0271
Jonathan Quick,NYR,8471734,16,-0.031155897304415703,-0.0192318893969059,103,-0.0332,-0.0292
Jonathan Quick,NYR,8471734,17,-0.031665898859500885,-0.0192318893969059,62,-0.0342,-0.0292
Jonathan Quick,NYR,8471734,18,-0.03176330775022507,-0.0192318893969059,46,-0.0347,-0.0289
Jonathan Quick,NYR,8471734,19,-0.031754761934280396,-0.0192318893969059,127,-0.0336,-0.03
Jonathan Quick,NYR,8471734,20,-0.031631067395210266,-0.0192318893969059,62,-0.0341,-0.0291
Jonathan Quick,NYR,8471734,21,-0.03176780417561531,-0.0192318893969059,0,-0.0518,-0.0118
Jonathan Quick,NYR,8471734,22,-0.03188913315534592,-0.0192318893969059,0,-0.0519,-0.0119
Jonathan Quick,NYR,8471734,23,-0.032000843435525894,-0.0192318893969059,57,-0.0346,-0.0294
Jonathan Quick,NYR,8471734,24,-0.031877998262643814,-0.0192318893969059,0,-0.0519,-0.0119
Jonathan Quick,NYR,8471734,25,-0.03175291419029236,-0.0192318893969059,55,-0.0345,-0.0291
Jonathan Quick,NYR,8471734,26,-0.03189322352409363,-0.0192318893969059,0,-0.0519,-0.0119
Jonathan Quick,NYR,8471734,27,-0.03203008323907852,-0.0192318893969059,31,-0.0356,-0.0284
Jonathan Quick,NYR,8471734,28,-0.03204459324479103,-0.0192318893969059,0,-0.052,-0.012
Jonathan Quick,NYR,8471734,29,-0.0320536233484745,-0.0192318893969059,0,-0.0521,-0.0121
Jonathan Quick,NYR,8471734,30,-0.03205707296729088,-0.0192318893969059,0,-0.0521,-0.0121
Jonathan Quick,NYR,8471734,31,-0.032059572637081146,-0.0192318893969059,0,-0.0521,-0.0121
Jonathan Quick,NYR,8471734,32,-0.032059233635663986,-0.0192318893969059,0,-0.0521,-0.0121
Jonathan Quick,NYR,8471734,33,-0.03206246718764305,-0.0192318893969059,0,-0.0521,-0.0121
8482472,,8482472,0,-0.009852026589214802,-0.00971849076449871,0,-0.0299,0.0101
8482472,,8482472,1,-0.009915846399962902,-0.00971849076449871,0,-0.0299,0.0101
8482472,,8482472,2,-0.009977860376238823,-0.00971849076449871,0,-0.03,0.01
8482472,,8482472,3,-0.010044565424323082,-0.00971849076449871,0,-0.03,0.01
8482472,,8482472,4,-0.010114217177033424,-0.00971849076449871,0,-0.0301,0.0099
8482472,,8482472,5,-0.010179365985095501,-0.00971849076449871,0,-0.0302,0.0098
8482472,,8482472,6,-0.010249840095639229,-0.00971849076449871,0,-0.0302,0.0098
8482472,,8482472,7,-0.01032087579369545,-0.00971849076449871,0,-0.0303,0.0097
8482472,,8482472,8,-0.010394077748060226,-0.00971849076449871,0,-0.0304,0.0096
8482472,,8482472,9,-0.010455806739628315,-0.00971849076449871,0,-0.0305,0.0095
8482472,,8482472,10,-0.010516327805817127,-0.00971849076449871,0,-0.0305,0.0095
8482472,,8482472,11,-0.010570663027465343,-0.00971849076449871,0,-0.0306,0.0094
8482472,,8482472,12,-0.010609562508761883,-0.00971849076449871,0,-0.0306,0.0094
8482472,,8482472,13,-0.010646939277648926,-0.00971849076449871,0,-0.0306,0.0094
8482472,,8482472,14,-0.010672054253518581,-0.00971849076449871,0,-0.0307,0.0093
8482472,,8482472,15,-0.010694916360080242,-0.00971849076449871,0,-0.0307,0.0093
8482472,,8482472,16,-0.010725393891334534,-0.00971849076449871,0,-0.0307,0.0093
8482472,,8482472,17,-0.010760262608528137,-0.00971849076449871,0,-0.0308,0.0092
8482472,,8482472,18,-0.010790083557367325,-0.00971849076449871,0,-0.0308,0.0092
8482472,,8482472,19,-0.01081644743680954,-0.00971849076449871,0,-0.0308,0.0092
8482472,,8482472,20,-0.010846761055290699,-0.00971849076449871,0,-0.0308,0.0092
8482472,,8482472,21,-0.010881943628191948,-0.00971849076449871,0,-0.0309,0.0091
8482472,,8482472,22,-0.01090305671095848,-0.00971849076449871,0,-0.0309,0.0091
8482472,,8482472,23,-0.010912158526480198,-0.00971849076449871,0,-0.0309,0.0091
8482472,,8482472,24,-0.010906736366450787,-0.00971849076449871,0,-0.0309,0.0091
8482472,,8482472,25,-0.010897232219576836,-0.00971849076449871,0,-0.0309,0.0091
8482472,,8482472,26,-0.010915691964328289,-0.00971849076449871,0,-0.0309,0.0091
8482472,,8482472,27,-0.01092881802469492,-0.00971849076449871,0,-0.0309,0.0091
8482472,,8482472,28,-0.010943583212792873,-0.00971849076449871,0,-0.0309,0.0091
8482472,,8482472,29,-0.010952421464025974,-0.00971849076449871,0,-0.031,0.009
8482472,,8482472,30,-0.01095681544393301,-0.00971849076449871,0,-0.031,0.009
8482472,,8482472,31,-0.010957347229123116,-0.00971849076449871,0,-0.031,0.009
8482472,,8482472,32,-0.010960079729557037,-0.00971849076449871,0,-0.031,0.009
8482472,,8482472,33,-0.010961025953292847,-0.00971849076449871,0,-0.031,0.009
Anton Forsberg,LAK,8476341,0,0.027028264477849007,0.02466443181037903,0,0.007,0.047
Anton Forsberg,LAK,8476341,1,0.028070352971553802,0.02466443181037903,46,0.0252,0.031
Anton Forsberg,LAK,8476341,2,0.028925597667694092,0.02466443181037903,26,0.025,0.0328
Anton Forsberg,LAK,8476341,3,0.02975345030426979,0.02466443181037903,49,0.0269,0.0327
Anton Forsberg,LAK,8476341,4,0.030728986486792564,0.02466443181037903,93,0.0286,0.0328
Anton Forsberg,LAK,8476341,5,0.03179582580924034,0.02466443181037903,33,0.0283,0.0353
Anton Forsberg,LAK,8476341,6,0.032762493938207626,0.02466443181037903,0,0.0128,0.0528
Anton Forsberg,LAK,8476341,7,0.033730365335941315,0.02466443181037903,34,0.0303,0.0371
Anton Forsberg,LAK,8476341,8,0.034980885684490204,0.02466443181037903,36,0.0317,0.0383
Anton Forsberg,LAK,8476341,9,0.03596913442015648,0.02466443181037903,37,0.0327,0.0393
Anton Forsberg,LAK,8476341,10,0.03699664771556854,0.02466443181037903,40,0.0338,0.0402
Anton Forsberg,LAK,8476341,11,0.03793724626302719,0.02466443181037903,0,0.0179,0.0579
Anton Forsberg,LAK,8476341,12,0.038893721997737885,0.02466443181037903,50,0.0361,0.0417
Anton Forsberg,LAK,8476341,13,0.03984973579645157,0.02466443181037903,120,0.038,0.0416
Anton Forsberg,LAK,8476341,14,0.04074839875102043,0.02466443181037903,86,0.0385,0.0429
Anton Forsberg,LAK,8476341,15,0.04153727740049362,0.02466443181037903,46,0.0386,0.0444
Anton Forsberg,LAK,8476341,16,0.04246504604816437,0.02466443181037903,46,0.0396,0.0454
Anton Forsberg,LAK,8476341,17,0.043370120227336884,0.02466443181037903,48,0.0405,0.0463
Anton Forsberg,LAK,8476341,18,0.044124577194452286,0.02466443181037903,37,0.0408,0.0474
Anton Forsberg,LAK,8476341,19,0.04467698931694031,0.02466443181037903,103,0.0427,0.0467
Anton Forsberg,LAK,8476341,20,0.04485427588224411,0.02466443181037903,34,0.0415,0.0483
Anton Forsberg,LAK,8476341,21,0.04520659148693085,0.02466443181037903,123,0.0434,0.047
Anton Forsberg,LAK,8476341,22,0.0457114540040493,0.02466443181037903,42,0.0426,0.0488
Anton Forsberg,LAK,8476341,23,0.04649334028363228,0.02466443181037903,42,0.0434,0.0496
Anton Forsberg,LAK,8476341,24,0.047323402017354965,0.02466443181037903,12,0.0415,0.0531
Anton Forsberg,LAK,8476341,25,0.048066239804029465,0.02466443181037903,41,0.045,0.0512
Anton Forsberg,LAK,8476341,26,0.04858575016260147,0.02466443181037903,133,0.0469,0.0503
Anton Forsberg,LAK,8476341,27,0.048513833433389664,0.02466443181037903,131,0.0468,0.0502
Anton Forsberg,LAK,8476341,28,0.04838203638792038,0.02466443181037903,143,0.0467,0.0501
Anton Forsberg,LAK,8476341,29,0.048384349793195724,0.02466443181037903,0,0.0284,0.0684
Anton Forsberg,LAK,8476341,30,0.04837064445018768,0.02466443181037903,0,0.0284,0.0684
Anton Forsberg,LAK,8476341,31,0.048378705978393555,0.02466443181037903,0,0.0284,0.0684
Anton Forsberg,LAK,8476341,32,0.048366956412792206,0.02466443181037903,0,0.0284,0.0684
Anton Forsberg,LAK,8476341,33,0.04837335646152496,0.02466443181037903,0,0.0284,0.0684
Anthony Stolarz,TOR,8476932,0,0.033629827201366425,0.03508549928665161,0,0.0136,0.0536
Anthony Stolarz,TOR,8476932,1,0.0329786017537117,0.03508549928665161,26,0.0291,0.0369
Anthony Stolarz,TOR,8476932,2,0.03247108310461044,0.03508549928665161,67,0.0301,0.0349
Anthony Stolarz,TOR,8476932,3,0.031713008880615234,0.03508549928665161,95,0.0296,0.0338
Anthony Stolarz,TOR,8476932,4,0.03089466504752636,0.03508549928665161,110,0.029,0.0328
Anthony Stolarz,TOR,8476932,5,0.030150156468153,0.03508549928665161,90,0.0281,0.0323
Anthony Stolarz,TOR,8476932,6,0.029773131012916565,0.03508549928665161,91,0.0277,0.0319
Anthony Stolarz,TOR,8476932,7,0.029268454760313034,0.03508549928665161,119,0.0275,0.0311
Anthony Stolarz,TOR,8476932,8,0.02904430218040943,0.03508549928665161,20,0.0245,0.0335
Anthony Stolarz,TOR,8476932,9,0.02899857424199581,0.03508549928665161,0,0.009,0.049
Anthony Stolarz,TOR,8476932,10,0.028959834948182106,0.03508549928665161,0,0.009,0.049
Anthony Stolarz,TOR,8476932,11,0.028921758756041527,0.03508549928665161,0,0.0089,0.0489
Anthony Stolarz,TOR,8476932,12,0.028902560472488403,0.03508549928665161,0,0.0089,0.0489
Anthony Stolarz,TOR,8476932,13,0.028884030878543854,0.03508549928665161,0,0.0089,0.0489
Anthony Stolarz,TOR,8476932,14,0.028876839205622673,0.03508549928665161,0,0.0089,0.0489
Anthony Stolarz,TOR,8476932,15,0.02887212112545967,0.03508549928665161,0,0.0089,0.0489
Anthony Stolarz,TOR,8476932,16,0.028861921280622482,0.03508549928665161,0,0.0089,0.0489
Anthony Stolarz,TOR,8476932,17,0.028843954205513,0.03508549928665161,0,0.0088,0.0488
Anthony Stolarz,TOR,8476932,18,0.028834320604801178,0.03508549928665161,40,0.0256,0.032
Anthony Stolarz,TOR,8476932,19,0.02905210666358471,0.03508549928665161,28,0.0253,0.0329
Anthony Stolarz,TOR,8476932,20,0.02951536700129509,0.03508549928665161,47,0.0266,0.0324
Anthony Stolarz,TOR,8476932,21,0.029840970411896706,0.03508549928665161,74,0.0275,0.0321
Anthony Stolarz,TOR,8476932,22,0.02997608482837677,0.03508549928665161,57,0.0274,0.0326
Anthony Stolarz,TOR,8476932,23,0.02997349016368389,0.03508549928665161,0,0.01,0.05
Anthony Stolarz,TOR,8476932,24,0.02998940460383892,0.03508549928665161,40,0.0268,0.0332
Anthony Stolarz,TOR,8476932,25,0.02994685433804989,0.03508549928665161,98,0.0279,0.0319
Anthony Stolarz,TOR,8476932,26,0.029952675104141235,0.03508549928665161,4,0.02,0.04
Anthony Stolarz,TOR,8476932,27,0.029939569532871246,0.03508549928665161,0,0.0099,0.0499
Anthony Stolarz,TOR,8476932,28,0.02992439456284046,0.03508549928665161,0,0.0099,0.0499
Anthony Stolarz,TOR,8476932,29,0.029915979132056236,0.03508549928665161,0,0.0099,0.0499
Anthony Stolarz,TOR,8476932,30,0.029911309480667114,0.03508549928665161,0,0.0099,0.0499
Anthony Stolarz,TOR,8476932,31,0.02991141378879547,0.03508549928665161,0,0.0099,0.0499
Anthony Stolarz,TOR,8476932,32,0.029908081516623497,0.03508549928665161,0,0.0099,0.0499
Anthony Stolarz,TOR,8476932,33,0.029907602816820145,0.03508549928665161,0,0.0099,0.0499
Dennis Hildeby,TOR,8483710,0,0.01898430474102497,0.01680944301187992,0,-0.001,0.039
Dennis Hildeby,TOR,8483710,1,0.01994961127638817,0.01680944301187992,59,0.0173,0.0225
Dennis Hildeby,TOR,8483710,2,0.020798496901988983,0.01680944301187992,18,0.0161,0.0255
Dennis Hildeby,TOR,8483710,3,0.021717669442296028,0.01680944301187992,0,0.0017,0.0417
Dennis Hildeby,TOR,8483710,4,0.022633053362369537,0.01680944301187992,0,0.0026,0.0426
Dennis Hildeby,TOR,8483710,5,0.02355530671775341,0.01680944301187992,0,0.0036,0.0436
Dennis Hildeby,TOR,8483710,6,0.02446855790913105,0.01680944301187992,0,0.0045,0.0445
Dennis Hildeby,TOR,8483710,7,0.025383690372109413,0.01680944301187992,90,0.0233,0.0275
Dennis Hildeby,TOR,8483710,8,0.026310177519917488,0.01680944301187992,96,0.0243,0.0283
Dennis Hildeby,TOR,8483710,9,0.027143631130456924,0.01680944301187992,8,0.02,0.0342
Dennis Hildeby,TOR,8483710,10,0.02793065831065178,0.01680944301187992,58,0.0253,0.0305
Dennis Hildeby,TOR,8483710,11,0.028570234775543213,0.01680944301187992,69,0.0262,0.031
Dennis Hildeby,TOR,8483710,12,0.028815897181630135,0.01680944301187992,128,0.027,0.0306
Dennis Hildeby,TOR,8483710,13,0.029110126197338104,0.01680944301187992,84,0.0269,0.0313
Dennis Hildeby,TOR,8483710,14,0.029582122340798378,0.01680944301187992,55,0.0269,0.0323
Dennis Hildeby,TOR,8483710,15,0.03001522459089756,0.01680944301187992,31,0.0264,0.0336
Dennis Hildeby,TOR,8483710,16,0.030346704646945,0.01680944301187992,45,0.0273,0.0333
Dennis Hildeby,TOR,8483710,17,0.030427761375904083,0.01680944301187992,121,0.0286,0.0322
Dennis Hildeby,TOR,8483710,18,0.030610529705882072,0.01680944301187992,14,0.0253,0.0359
Dennis Hildeby,TOR,8483710,19,0.03070547804236412,0.01680944301187992,0,0.0107,0.0507
Dennis Hildeby,TOR,8483710,20,0.03080185130238533,0.01680944301187992,0,0.0108,0.0508
Dennis Hildeby,TOR,8483710,21,0.03088676929473877,0.01680944301187992,0,0.0109,0.0509
Dennis Hildeby,TOR,8483710,22,0.030992256477475166,0.01680944301187992,0,0.011,0.051
Dennis Hildeby,TOR,8483710,23,0.031103158369660378,0.01680944301187992,0,0.0111,0.0511
Dennis Hildeby,TOR,8483710,24,0.031236305832862854,0.01680944301187992,0,0.0112,0.0512
Dennis Hildeby,TOR,8483710,25,0.031364426016807556,0.01680944301187992,0,0.0114,0.0514
Dennis Hildeby,TOR,8483710,26,0.03147444128990173,0.01680944301187992,0,0.0115,0.0515
Dennis Hildeby,TOR,8483710,27,0.03157923370599747,0.01680944301187992,55,0.0289,0.0343
Dennis Hildeby,TOR,8483710,28,0.031570471823215485,0.01680944301187992,0,0.0116,0.0516
Dennis Hildeby,TOR,8483710,29,0.03155547380447388,0.01680944301187992,0,0.0116,0.0516
Dennis Hildeby,TOR,8483710,30,0.031557079404592514,0.01680944301187992,0,0.0116,0.0516
Dennis Hildeby,TOR,8483710,31,0.0315510556101799,0.01680944301187992,0,0.0116,0.0516
Dennis Hildeby,TOR,8483710,32,0.031554002314805984,0.01680944301187992,0,0.0116,0.0516
Dennis Hildeby,TOR,8483710,33,0.03154877945780754,0.01680944301187992,0,0.0115,0.0515
Joonas Korpisalo,BOS,8476914,0,0.007065312005579472,0.0058741215616464615,0,-0.0129,0.0271
Joonas Korpisalo,BOS,8476914,1,0.007591332774609327,0.0058741215616464615,47,0.0047,0.0105
Joonas Korpisalo,BOS,8476914,2,0.008164342492818832,0.0058741215616464615,51,0.0054,0.011
Joonas Korpisalo,BOS,8476914,3,0.008434250019490719,0.0058741215616464615,35,0.005,0.0118
Joonas Korpisalo,BOS,8476914,4,0.008741500787436962,0.0058741215616464615,81,0.0065,0.0109
Joonas Korpisalo,BOS,8476914,5,0.009162761270999908,0.0058741215616464615,47,0.0063,0.0121
Joonas Korpisalo,BOS,8476914,6,0.009880329482257366,0.0058741215616464615,107,0.008,0.0118
Joonas Korpisalo,BOS,8476914,7,0.010326514020562172,0.0058741215616464615,34,0.0069,0.0137
Joonas Korpisalo,BOS,8476914,8,0.010704749263823032,0.0058741215616464615,29,0.007,0.0144
Joonas Korpisalo,BOS,8476914,9,0.011340364813804626,0.0058741215616464615,45,0.0083,0.0143
Joonas Korpisalo,BOS,8476914,10,0.012082050554454327,0.0058741215616464615,51,0.0093,0.0149
Joonas Korpisalo,BOS,8476914,11,0.012934037484228611,0.0058741215616464615,68,0.0105,0.0153
Joonas Korpisalo,BOS,8476914,12,0.013515930622816086,0.0058741215616464615,41,0.0104,0.0166
Joonas Korpisalo,BOS,8476914,13,0.014139581471681595,0.0058741215616464615,25,0.0101,0.0181
Joonas Korpisalo,BOS,8476914,14,0.015055577270686626,0.0058741215616464615,42,0.012,0.0182
Joonas Korpisalo,BOS,8476914,15,0.016009796410799026,0.0058741215616464615,0,-0.004,0.036
Joonas Korpisalo,BOS,8476914,16,0.0169528778642416,0.0058741215616464615,82,0.0148,0.0192
Joonas Korpisalo,BOS,8476914,17,0.01749352179467678,0.0058741215616464615,43,0.0145,0.0205
Joonas Korpisalo,BOS,8476914,18,0.018016286194324493,0.0058741215616464615,51,0.0152,0.0208
Joonas Korpisalo,BOS,8476914,19,0.018354084342718124,0.0058741215616464615,43,0.0154,0.0214
Joonas Korpisalo,BOS,8476914,20,0.018830642104148865,0.0058741215616464615,45,0.0158,0.0218
Joonas Korpisalo,BOS,8476914,21,0.019308123737573624,0.0058741215616464615,52,0.0165,0.0221
Joonas Korpisalo,BOS,8476914,22,0.019607149064540863,0.0058741215616464615,0,-0.0004,0.0396
Joonas Korpisalo,BOS,8476914,23,0.019919682294130325,0.0058741215616464615,51,0.0171,0.0227
Joonas Korpisalo,BOS,8476914,24,0.020295608788728714,0.0058741215616464615,38,0.0171,0.0235
Joonas Korpisalo,BOS,8476914,25,0.02073541469871998,0.0058741215616464615,70,0.0183,0.0231
Joonas Korpisalo,BOS,8476914,26,0.02108674868941307,0.0058741215616464615,80,0.0189,0.0233
Joonas Korpisalo,BOS,8476914,27,0.021133942529559135,0.0058741215616464615,0,0.0011,0.0411
Joonas Korpisalo,BOS,8476914,28,0.021174738183617592,0.0058741215616464615,9,0.0145,0.0279
Joonas Korpisalo,BOS,8476914,29,0.02116762287914753,0.0058741215616464615,0,0.0012,0.0412
Joonas Korpisalo,BOS,8476914,30,0.02116142213344574,0.0058741215616464615,0,0.0012,0.0412
Joonas Korpisalo,BOS,8476914,31,0.021163513883948326,0.0058741215616464615,0,0.0012,0.0412
Joonas Korpisalo,BOS,8476914,32,0.021157730370759964,0.0058741215616464615,0,0.0012,0.0412
Joonas Korpisalo,BOS,8476914,33,0.021159544587135315,0.0058741215616464615,0,0.0012,0.0412
Vitek Vanecek,UTA,8477970,0,-0.033619225025177,-0.03241245821118355,25,-0.0376,-0.0296
Vitek Vanecek,UTA,8477970,1,-0.034128494560718536,-0.03241245821118355,31,-0.0377,-0.0305
Vitek Vanecek,UTA,8477970,2,-0.03454342484474182,-0.03241245821118355,48,-0.0374,-0.0316
Vitek Vanecek,UTA,8477970,3,-0.035237137228250504,-0.03241245821118355,0,-0.0552,-0.0152
Vitek Vanecek,UTA,8477970,4,-0.03594479337334633,-0.03241245821118355,57,-0.0385,-0.0333
Vitek Vanecek,UTA,8477970,5,-0.03661954402923584,-0.03241245821118355,46,-0.0395,-0.0337
Vitek Vanecek,UTA,8477970,6,-0.03746319189667702,-0.03241245821118355,0,-0.0575,-0.0175
Vitek Vanecek,UTA,8477970,7,-0.03830248489975929,-0.03241245821118355,67,-0.0407,-0.0359
Vitek Vanecek,UTA,8477970,8,-0.0388401634991169,-0.03241245821118355,0,-0.0588,-0.0188
Vitek Vanecek,UTA,8477970,9,-0.03937094658613205,-0.03241245821118355,29,-0.0431,-0.0357
Vitek Vanecek,UTA,8477970,10,-0.03978000953793526,-0.03241245821118355,35,-0.0432,-0.0364
Vitek Vanecek,UTA,8477970,11,-0.040116067975759506,-0.03241245821118355,71,-0.0425,-0.0377
Vitek Vanecek,UTA,8477970,12,-0.04056445509195328,-0.03241245821118355,0,-0.0606,-0.0206
Vitek Vanecek,UTA,8477970,13,-0.0410122275352478,-0.03241245821118355,35,-0.0444,-0.0376
Vitek Vanecek,UTA,8477970,14,-0.04127168282866478,-0.03241245821118355,36,-0.0446,-0.038
Vitek Vanecek,UTA,8477970,15,-0.0417090468108654,-0.03241245821118355,36,-0.045,-0.0384
Vitek Vanecek,UTA,8477970,16,-0.04200519993901253,-0.03241245821118355,53,-0.0447,-0.0393
Vitek Vanecek,UTA,8477970,17,-0.042412105947732925,-0.03241245821118355,0,-0.0624,-0.0224
Vitek Vanecek,UTA,8477970,18,-0.04280438274145126,-0.03241245821118355,0,-0.0628,-0.0228
Vitek Vanecek,UTA,8477970,19,-0.04320238158106804,-0.03241245821118355,48,-0.0461,-0.0403
Vitek Vanecek,UTA,8477970,20,-0.04358331114053726,-0.03241245821118355,0,-0.0636,-0.0236
Vitek Vanecek,UTA,8477970,21,-0.043977223336696625,-0.03241245821118355,0,-0.064,-0.024
Vitek Vanecek,UTA,8477970,22,-0.04435056820511818,-0.03241245821118355,0,-0.0644,-0.0244
Vitek Vanecek,UTA,8477970,23,-0.044716931879520416,-0.03241245821118355,76,-0.047,-0.0424
Vitek Vanecek,UTA,8477970,24,-0.04513506218791008,-0.03241245821118355,48,-0.048,-0.0422
Vitek Vanecek,UTA,8477970,25,-0.04525651037693024,-0.03241245821118355,0,-0.0653,-0.0253
Vitek Vanecek,UTA,8477970,26,-0.04540134221315384,-0.03241245821118355,34,-0.0488,-0.042
Vitek Vanecek,UTA,8477970,27,-0.0454348623752594,-0.03241245821118355,14,-0.0507,-0.0401
Vitek Vanecek,UTA,8477970,28,-0.045450177043676376,-0.03241245821118355,0,-0.0655,-0.0255
Vitek Vanecek,UTA,8477970,29,-0.04545630142092705,-0.03241245821118355,0,-0.0655,-0.0255
Vitek Vanecek,UTA,8477970,30,-0.045464493334293365,-0.03241245821118355,0,-0.0655,-0.0255
Vitek Vanecek,UTA,8477970,31,-0.045460719615221024,-0.03241245821118355,0,-0.0655,-0.0255
Vitek Vanecek,UTA,8477970,32,-0.045467570424079895,-0.03241245821118355,0,-0.0655,-0.0255
Vitek Vanecek,UTA,8477970,33,-0.04546545073390007,-0.03241245821118355,0,-0.0655,-0.0255
Calle Clang,ANA,8482477,0,-0.003693560604006052,-0.0035785529762506485,0,-0.0237,0.0163
Calle Clang,ANA,8482477,1,-0.0037482993211597204,-0.0035785529762506485,21,-0.0081,0.0007
Calle Clang,ANA,8482477,2,-0.003743276931345463,-0.0035785529762506485,41,-0.0068,-0.0006
Calle Clang,ANA,8482477,3,-0.003810176160186529,-0.0035785529762506485,0,-0.0238,0.0162
Calle Clang,ANA,8482477,4,-0.0038792756386101246,-0.0035785529762506485,0,-0.0239,0.0161
Calle Clang,ANA,8482477,5,-0.003944202326238155,-0.0035785529762506485,0,-0.0239,0.0161
Calle Clang,ANA,8482477,6,-0.0040146298706531525,-0.0035785529762506485,0,-0.024,0.016
Calle Clang,ANA,8482477,7,-0.004086005967110395,-0.0035785529762506485,0,-0.0241,0.0159
Calle Clang,ANA,8482477,8,-0.004157889634370804,-0.0035785529762506485,0,-0.0242,0.0158
Calle Clang,ANA,8482477,9,-0.0042213257402181625,-0.0035785529762506485,0,-0.0242,0.0158
Calle Clang,ANA,8482477,10,-0.004279963672161102,-0.0035785529762506485,0,-0.0243,0.0157
Calle Clang,ANA,8482477,11,-0.004334947094321251,-0.0035785529762506485,0,-0.0243,0.0157
Calle Clang,ANA,8482477,12,-0.004374152515083551,-0.0035785529762506485,0,-0.0244,0.0156
Calle Clang,ANA,8482477,13,-0.004410350229591131,-0.0035785529762506485,0,-0.0244,0.0156
Calle Clang,ANA,8482477,14,-0.00443656649440527,-0.0035785529762506485,0,-0.0244,0.0156
Calle Clang,ANA,8482477,15,-0.004458296578377485,-0.0035785529762506485,0,-0.0245,0.0155
Calle Clang,ANA,8482477,16,-0.004489407408982515,-0.0035785529762506485,0,-0.0245,0.0155
Calle Clang,ANA,8482477,17,-0.004523823969066143,-0.0035785529762506485,0,-0.0245,0.0155
Calle Clang,ANA,8482477,18,-0.0045537338592112064,-0.0035785529762506485,0,-0.0246,0.0154
Calle Clang,ANA,8482477,19,-0.004579656291753054,-0.0035785529762506485,0,-0.0246,0.0154
Calle Clang,ANA,8482477,20,-0.004610604140907526,-0.0035785529762506485,0,-0.0246,0.0154
Calle Clang,ANA,8482477,21,-0.004645087290555239,-0.0035785529762506485,0,-0.0246,0.0154
Calle Clang,ANA,8482477,22,-0.0046663484536111355,-0.0035785529762506485,0,-0.0247,0.0153
Calle Clang,ANA,8482477,23,-0.0046755652874708176,-0.0035785529762506485,0,-0.0247,0.0153
Calle Clang,ANA,8482477,24,-0.004669669549912214,-0.0035785529762506485,0,-0.0247,0.0153
Calle Clang,ANA,8482477,25,-0.004660732112824917,-0.0035785529762506485,0,-0.0247,0.0153
Calle Clang,ANA,8482477,26,-0.0046785566955804825,-0.0035785529762506485,0,-0.0247,0.0153
Calle Clang,ANA,8482477,27,-0.004691991489380598,-0.0035785529762506485,0,-0.0247,0.0153
Calle Clang,ANA,8482477,28,-0.004706592299044132,-0.0035785529762506485,0,-0.0247,0.0153
Calle Clang,ANA,8482477,29,-0.004715577699244022,-0.0035785529762506485,0,-0.0247,0.0153
Calle Clang,ANA,8482477,30,-0.004719666205346584,-0.0035785529762506485,0,-0.0247,0.0153
Calle Clang,ANA,8482477,31,-0.0047205849550664425,-0.0035785529762506485,0,-0.0247,0.0153
Calle Clang,ANA,8482477,32,-0.004722909070551395,-0.0035785529762506485,0,-0.0247,0.0153
Calle Clang,ANA,8482477,33,-0.004723812453448772,-0.0035785529762506485,0,-0.0247,0.0153
Gabriel Carriere,SJS,8484887,0,0.00042572699021548033,0.0001764472108334303,0,-0.0196,0.0204
Gabriel Carriere,SJS,8484887,1,0.0005332696018740535,0.0001764472108334303,0,-0.0195,0.0205
Gabriel Carriere,SJS,8484887,2,0.0006411768845282495,0.0001764472108334303,22,-0.0037,0.0049
Gabriel Carriere,SJS,8484887,3,0.0005744139198213816,0.0001764472108334303,0,-0.0194,0.0206
Gabriel Carriere,SJS,8484887,4,0.0005053769564256072,0.0001764472108334303,0,-0.0195,0.0205
Gabriel Carriere,SJS,8484887,5,0.00044043385423719883,0.0001764472108334303,0,-0.0196,0.0204
Gabriel Carriere,SJS,8484887,6,0.0003703654510900378,0.0001764472108334303,0,-0.0196,0.0204
Gabriel Carriere,SJS,8484887,7,0.00029858609195798635,0.0001764472108334303,0,-0.0197,0.0203
Gabriel Carriere,SJS,8484887,8,0.000227229087613523,0.0001764472108334303,0,-0.0198,0.0202
Gabriel Carriere,SJS,8484887,9,0.0001635854714550078,0.0001764472108334303,0,-0.0198,0.0202
Gabriel Carriere,SJS,8484887,10,0.00010505301179364324,0.0001764472108334303,0,-0.0199,0.0201
Gabriel Carriere,SJS,8484887,11,5.019200034439564e-05,0.0001764472108334303,0,-0.0199,0.0201
Gabriel Carriere,SJS,8484887,12,1.1006137356162071e-05,0.0001764472108334303,0,-0.02,0.02
Gabriel Carriere,SJS,8484887,13,-2.5203509721904993e-05,0.0001764472108334303,0,-0.02,0.02
Gabriel Carriere,SJS,8484887,14,-5.116115789860487e-05,0.0001764472108334303,0,-0.0201,0.0199
Gabriel Carriere,SJS,8484887,15,-7.31137115508318e-05,0.0001764472108334303,0,-0.0201,0.0199
Gabriel Carriere,SJS,8484887,16,-0.0001040622009895742,0.0001764472108334303,0,-0.0201,0.0199
Gabriel Carriere,SJS,8484887,17,-0.0001383093767799437,0.0001764472108334303,0,-0.0201,0.0199
Gabriel Carriere,SJS,8484887,18,-0.00016841647448018193,0.0001764472108334303,0,-0.0202,0.0198
Gabriel Carriere,SJS,8484887,19,-0.00019413197878748178,0.0001764472108334303,0,-0.0202,0.0198
Gabriel Carriere,SJS,8484887,20,-0.00022505712695419788,0.0001764472108334303,0,-0.0202,0.0198
Gabriel Carriere,SJS,8484887,21,-0.00025956309400498867,0.0001764472108334303,0,-0.0203,0.0197
Gabriel Carriere,SJS,8484887,22,-0.0002808167482726276,0.0001764472108334303,0,-0.0203,0.0197
Gabriel Carriere,SJS,8484887,23,-0.0002898513921536505,0.0001764472108334303,0,-0.0203,0.0197
Gabriel Carriere,SJS,8484887,24,-0.00028411095263436437,0.0001764472108334303,0,-0.0203,0.0197
Gabriel Carriere,SJS,8484887,25,-0.00027504441095516086,0.0001764472108334303,0,-0.0203,0.0197
Gabriel Carriere,SJS,8484887,26,-0.0002929585170932114,0.0001764472108334303,0,-0.0203,0.0197
Gabriel Carriere,SJS,8484887,27,-0.00030625128420069814,0.0001764472108334303,0,-0.0203,0.0197
Gabriel Carriere,SJS,8484887,28,-0.00032087514409795403,0.0001764472108334303,0,-0.0203,0.0197
Gabriel Carriere,SJS,8484887,29,-0.0003298528608866036,0.0001764472108334303,0,-0.0203,0.0197
Gabriel Carriere,SJS,8484887,30,-0.00033397896913811564,0.0001764472108334303,0,-0.0203,0.0197
Gabriel Carriere,SJS,8484887,31,-0.0003348674508742988,0.0001764472108334303,0,-0.0203,0.0197
Gabriel Carriere,SJS,8484887,32,-0.000337048782967031,0.0001764472108334303,0,-0.0203,0.0197
Gabriel Carriere,SJS,8484887,33,-0.0003380454145371914,0.0001764472108334303,0,-0.0203,0.0197
8476861,,8476861,0,-0.005211855750530958,-0.0050780330784618855,0,-0.0252,0.0148
8476861,,8476861,1,-0.005274770315736532,-0.0050780330784618855,0,-0.0253,0.0147
8476861,,8476861,2,-0.005337016191333532,-0.0050780330784618855,0,-0.0253,0.0147
8476861,,8476861,3,-0.005404109600931406,-0.0050780330784618855,0,-0.0254,0.0146
8476861,,8476861,4,-0.005473119672387838,-0.0050780330784618855,0,-0.0255,0.0145
8476861,,8476861,5,-0.005538242403417826,-0.0050780330784618855,0,-0.0255,0.0145
8476861,,8476861,6,-0.005608540028333664,-0.0050780330784618855,0,-0.0256,0.0144
8476861,,8476861,7,-0.005680090747773647,-0.0050780330784618855,0,-0.0257,0.0143
8476861,,8476861,8,-0.005752052646130323,-0.0050780330784618855,0,-0.0258,0.0142
8476861,,8476861,9,-0.005815143696963787,-0.0050780330784618855,0,-0.0258,0.0142
8476861,,8476861,10,-0.005874430760741234,-0.0050780330784618855,0,-0.0259,0.0141
8476861,,8476861,11,-0.005928798578679562,-0.0050780330784618855,0,-0.0259,0.0141
8476861,,8476861,12,-0.0059686885215342045,-0.0050780330784618855,0,-0.026,0.014
8476861,,8476861,13,-0.006004382856190205,-0.0050780330784618855,0,-0.026,0.014
8476861,,8476861,14,-0.0060308403335511684,-0.0050780330784618855,0,-0.026,0.014
8476861,,8476861,15,-0.006052637938410044,-0.0050780330784618855,0,-0.0261,0.0139
8476861,,8476861,16,-0.006083738058805466,-0.0050780330784618855,0,-0.0261,0.0139
8476861,,8476861,17,-0.006118046585470438,-0.0050780330784618855,0,-0.0261,0.0139
8476861,,8476861,18,-0.006148345302790403,-0.0050780330784618855,0,-0.0261,0.0139
8476861,,8476861,19,-0.006173812784254551,-0.0050780330784618855,0,-0.0262,0.0138
8476861,,8476861,20,-0.006205183919519186,-0.0050780330784618855,0,-0.0262,0.0138
8476861,,8476861,21,-0.006239400245249271,-0.0050780330784618855,0,-0.0262,0.0138
8476861,,8476861,22,-0.006260928697884083,-0.0050780330784618855,0,-0.0263,0.0137
8476861,,8476861,23,-0.006269798614084721,-0.0050780330784618855,0,-0.0263,0.0137
8476861,,8476861,24,-0.006264415103942156,-0.0050780330784618855,0,-0.0263,0.0137
8476861,,8476861,25,-0.006254994310438633,-0.0050780330784618855,0,-0.0263,0.0137
8476861,,8476861,26,-0.006273309234529734,-0.0050780330784618855,0,-0.0263,0.0137
8476861,,8476861,27,-0.006286296062171459,-0.0050780330784618855,0,-0.0263,0.0137
8476861,,8476861,28,-0.006301230750977993,-0.0050780330784618855,0,-0.0263,0.0137
8476861,,8476861,29,-0.00631001265719533,-0.0050780330784618855,0,-0.0263,0.0137
8476861,,8476861,30,-0.006314393598586321,-0.0050780330784618855,0,-0.0263,0.0137
8476861,,8476861,31,-0.006314953789114952,-0.0050780330784618855,0,-0.0263,0.0137
8476861,,8476861,32,-0.006317529361695051,-0.0050780330784618855,0,-0.0263,0.0137
8476861,,8476861,33,-0.006318395026028156,-0.0050780330784618855,0,-0.0263,0.0137
Joey Daccord,SEA,8478916,0,0.012697609141469002,0.012360242195427418,21,0.0083,0.0171
Joey Daccord,SEA,8478916,1,0.012949751690030098,0.012360242195427418,27,0.0091,0.0167
Joey Daccord,SEA,8478916,2,0.013034630566835403,0.012360242195427418,43,0.01,0.016
Joey Daccord,SEA,8478916,3,0.013006400316953659,0.012360242195427418,104,0.011,0.015
Joey Daccord,SEA,8478916,4,0.012522387318313122,0.012360242195427418,76,0.0102,0.0148
Joey Daccord,SEA,8478916,5,0.012363048270344734,0.012360242195427418,124,0.0106,0.0142
Joey Daccord,SEA,8478916,6,0.012223383411765099,0.012360242195427418,84,0.01,0.0144
Joey Daccord,SEA,8478916,7,0.012250116094946861,0.012360242195427418,68,0.0099,0.0147
Joey Daccord,SEA,8478916,8,0.012401606887578964,0.012360242195427418,0,-0.0076,0.0324
Joey Daccord,SEA,8478916,9,0.012560774572193623,0.012360242195427418,137,0.0109,0.0143
Joey Daccord,SEA,8478916,10,0.01222354918718338,0.012360242195427418,69,0.0098,0.0146
Joey Daccord,SEA,8478916,11,0.012108206748962402,0.012360242195427418,61,0.0095,0.0147
Joey Daccord,SEA,8478916,12,0.012499951757490635,0.012360242195427418,83,0.0103,0.0147
Joey Daccord,SEA,8478916,13,0.012722783721983433,0.012360242195427418,117,0.0109,0.0145
Joey Daccord,SEA,8478916,14,0.012700220569968224,0.012360242195427418,56,0.01,0.0154
Joey Daccord,SEA,8478916,15,0.012486225925385952,0.012360242195427418,101,0.0105,0.0145
Joey Daccord,SEA,8478916,16,0.012155134230852127,0.012360242195427418,115,0.0103,0.0141
Joey Daccord,SEA,8478916,17,0.0117825698107481,0.012360242195427418,32,0.0083,0.0153
Joey Daccord,SEA,8478916,18,0.011496900580823421,0.012360242195427418,95,0.0094,0.0136
Joey Daccord,SEA,8478916,19,0.011303767561912537,0.012360242195427418,93,0.0092,0.0134
Joey Daccord,SEA,8478916,20,0.010848257690668106,0.012360242195427418,44,0.0078,0.0138
Joey Daccord,SEA,8478916,21,0.010350489057600498,0.012360242195427418,97,0.0084,0.0124
Joey Daccord,SEA,8478916,22,0.009722637943923473,0.012360242195427418,114,0.0078,0.0116
Joey Daccord,SEA,8478916,23,0.009218060411512852,0.012360242195427418,86,0.007,0.0114
Joey Daccord,SEA,8478916,24,0.008738560602068901,0.012360242195427418,38,0.0055,0.0119
Joey Daccord,SEA,8478916,25,0.008343261666595936,0.012360242195427418,48,0.0054,0.0112
Joey Daccord,SEA,8478916,26,0.00819302722811699,0.012360242195427418,103,0.0062,0.0102
Joey Daccord,SEA,8478916,27,0.008179866708815098,0.012360242195427418,0,-0.0118,0.0282
Joey Daccord,SEA,8478916,28,0.008165376260876656,0.012360242195427418,0,-0.0118,0.0282
Joey Daccord,SEA,8478916,29,0.00815634522587061,0.012360242195427418,0,-0.0118,0.0282
Joey Daccord,SEA,8478916,30,0.008151980116963387,0.012360242195427418,0,-0.0118,0.0282
Joey Daccord,SEA,8478916,31,0.008151622489094734,0.012360242195427418,0,-0.0118,0.0282
Joey Daccord,SEA,8478916,32,0.00814882293343544,0.012360242195427418,0,-0.0119,0.0281
Joey Daccord,SEA,8478916,33,0.008148266933858395,0.012360242195427418,0,-0.0119,0.0281
Arturs Silovs,PIT,8481668,0,-0.019696464762091637,-0.019801640883088112,0,-0.0397,0.0003
Arturs Silovs,PIT,8481668,1,-0.019650941714644432,-0.019801640883088112,35,-0.0231,-0.0163
Arturs Silovs,PIT,8481668,2,-0.019638994708657265,-0.019801640883088112,49,-0.0225,-0.0167
Arturs Silovs,PIT,8481668,3,-0.019679302349686623,-0.019801640883088112,76,-0.022,-0.0174
Arturs Silovs,PIT,8481668,4,-0.019659344106912613,-0.019801640883088112,44,-0.0227,-0.0167
Arturs Silovs,PIT,8481668,5,-0.019752465188503265,-0.019801640883088112,108,-0.0217,-0.0179
Arturs Silovs,PIT,8481668,6,-0.02009381353855133,-0.019801640883088112,96,-0.0221,-0.0181
Arturs Silovs,PIT,8481668,7,-0.020518500357866287,-0.019801640883088112,78,-0.0228,-0.0182
Arturs Silovs,PIT,8481668,8,-0.021125636994838715,-0.019801640883088112,47,-0.024,-0.0182
Arturs Silovs,PIT,8481668,9,-0.021932551637291908,-0.019801640883088112,14,-0.0272,-0.0166
Arturs Silovs,PIT,8481668,10,-0.022420352324843407,-0.019801640883088112,10,-0.0287,-0.0161
Arturs Silovs,PIT,8481668,11,-0.02261311560869217,-0.019801640883088112,0,-0.0426,-0.0026
Arturs Silovs,PIT,8481668,12,-0.022783227264881134,-0.019801640883088112,89,-0.0249,-0.0207
Arturs Silovs,PIT,8481668,13,-0.022738751024007797,-0.019801640883088112,79,-0.025,-0.0204
Arturs Silovs,PIT,8481668,14,-0.022581931203603745,-0.019801640883088112,46,-0.0255,-0.0197
Arturs Silovs,PIT,8481668,15,-0.022469060495495796,-0.019801640883088112,84,-0.0247,-0.0203
Arturs Silovs,PIT,8481668,16,-0.02221844717860222,-0.019801640883088112,35,-0.0256,-0.0188
Arturs Silovs,PIT,8481668,17,-0.0219260361045599,-0.019801640883088112,84,-0.0241,-0.0197
Arturs Silovs,PIT,8481668,18,-0.021862458437681198,-0.019801640883088112,45,-0.0249,-0.0189
Arturs Silovs,PIT,8481668,19,-0.021886533126235008,-0.019801640883088112,31,-0.0255,-0.0183
Arturs Silovs,PIT,8481668,20,-0.021950092166662216,-0.019801640883088112,97,-0.024,-0.02
Arturs Silovs,PIT,8481668,21,-0.022228050976991653,-0.019801640883088112,77,-0.0245,-0.0199
Arturs Silovs,PIT,8481668,22,-0.02297208458185196,-0.019801640883088112,26,-0.0269,-0.0191
Arturs Silovs,PIT,8481668,23,-0.02337038703262806,-0.019801640883088112,91,-0.0255,-0.0213
Arturs Silovs,PIT,8481668,24,-0.023817626759409904,-0.019801640883088112,39,-0.027,-0.0206
Arturs Silovs,PIT,8481668,25,-0.023941216990351677,-0.019801640883088112,119,-0.0257,-0.0221
Arturs Silovs,PIT,8481668,26,-0.0239613875746727,-0.019801640883088112,47,-0.0269,-0.0211
Arturs Silovs,PIT,8481668,27,-0.023731514811515808,-0.019801640883088112,13,-0.0292,-0.0182
Arturs Silovs,PIT,8481668,28,-0.02342364937067032,-0.019801640883088112,42,-0.0265,-0.0203
Arturs Silovs,PIT,8481668,29,-0.023227015510201454,-0.019801640883088112,81,-0.0254,-0.021
Arturs Silovs,PIT,8481668,30,-0.02323196455836296,-0.019801640883088112,0,-0.0432,-0.0032
Arturs Silovs,PIT,8481668,31,-0.023232782259583473,-0.019801640883088112,0,-0.0432,-0.0032
Arturs Silovs,PIT,8481668,32,-0.023234281688928604,-0.019801640883088112,0,-0.0432,-0.0032
Arturs Silovs,PIT,8481668,33,-0.023236138746142387,-0.019801640883088112,0,-0.0432,-0.0032
Joel Hofer,STL,8480981,0,0.004219344817101955,0.003018046263605356,23,0.0,0.0084
Joel Hofer,STL,8480981,1,0.004780728369951248,0.003018046263605356,0,-0.0152,0.0248
Joel Hofer,STL,8480981,2,0.005341244861483574,0.003018046263605356,51,0.0025,0.0081
Joel Hofer,STL,8480981,3,0.005925590638071299,0.003018046263605356,49,0.003,0.0088
Joel Hofer,STL,8480981,4,0.0064043099991977215,0.003018046263605356,36,0.0031,0.0097
Joel Hofer,STL,8480981,5,0.007316794712096453,0.003018046263605356,8,0.0002,0.0144
Joel Hofer,STL,8480981,6,0.00847604963928461,0.003018046263605356,78,0.0062,0.0108
Joel Hofer,STL,8480981,7,0.009834939613938332,0.003018046263605356,106,0.0079,0.0117
Joel Hofer,STL,8480981,8,0.011088128201663494,0.003018046263605356,55,0.0084,0.0138
Joel Hofer,STL,8480981,9,0.012441984377801418,0.003018046263605356,46,0.0095,0.0153
Joel Hofer,STL,8480981,10,0.013776946812868118,0.003018046263605356,71,0.0114,0.0162
Joel Hofer,STL,8480981,11,0.01498439535498619,0.003018046263605356,88,0.0129,0.0171
Joel Hofer,STL,8480981,12,0.015873778611421585,0.003018046263605356,98,0.0139,0.0179
Joel Hofer,STL,8480981,13,0.01687680371105671,0.003018046263605356,123,0.0151,0.0187
Joel Hofer,STL,8480981,14,0.017833635210990906,0.003018046263605356,52,0.015,0.0206
Joel Hofer,STL,8480981,15,0.018635962158441544,0.003018046263605356,87,0.0165,0.0207
Joel Hofer,STL,8480981,16,0.01947191171348095,0.003018046263605356,40,0.0163,0.0227
Joel Hofer,STL,8480981,17,0.02043178491294384,0.003018046263605356,120,0.0186,0.0222
Joel Hofer,STL,8480981,18,0.02091347426176071,0.003018046263605356,77,0.0186,0.0232
Joel Hofer,STL,8480981,19,0.021520482376217842,0.003018046263605356,38,0.0183,0.0247
Joel Hofer,STL,8480981,20,0.022225260734558105,0.003018046263605356,48,0.0193,0.0251
Joel Hofer,STL,8480981,21,0.023225784301757812,0.003018046263605356,41,0.0201,0.0263
Joel Hofer,STL,8480981,22,0.024090340360999107,0.003018046263605356,115,0.0222,0.026
Joel Hofer,STL,8480981,23,0.024707740172743797,0.003018046263605356,40,0.0215,0.0279
Joel Hofer,STL,8480981,24,0.025142377242445946,0.003018046263605356,74,0.0228,0.0274
Joel Hofer,STL,8480981,25,0.025170588865876198,0.003018046263605356,133,0.0235,0.0269
Joel Hofer,STL,8480981,26,0.025167236104607582,0.003018046263605356,103,0.0232,0.0272
Joel Hofer,STL,8480981,27,0.02515215426683426,0.003018046263605356,87,0.0231,0.0273
Joel Hofer,STL,8480981,28,0.02513633668422699,0.003018046263605356,0,0.0051,0.0451
Joel Hofer,STL,8480981,29,0.02512914128601551,0.003018046263605356,0,0.0051,0.0451
Joel Hofer,STL,8480981,30,0.02512355148792267,0.003018046263605356,0,0.0051,0.0451
Joel Hofer,STL,8480981,31,0.02512304298579693,0.003018046263605356,0,0.0051,0.0451
Joel Hofer,STL,8480981,32,0.02512139081954956,0.003018046263605356,0,0.0051,0.0451
Joel Hofer,STL,8480981,33,0.02511983923614025,0.003018046263605356,0,0.0051,0.0451
Elvis Merzlikins,CBJ,8478007,0,-0.021353306248784065,-0.020538803189992905,0,-0.0414,-0.0014
Elvis Merzlikins,CBJ,8478007,1,-0.021715272217988968,-0.020538803189992905,60,-0.0243,-0.0191
Elvis Merzlikins,CBJ,8478007,2,-0.022047463804483414,-0.020538803189992905,35,-0.0254,-0.0186
Elvis Merzlikins,CBJ,8478007,3,-0.022404730319976807,-0.020538803189992905,69,-0.0248,-0.02
Elvis Merzlikins,CBJ,8478007,4,-0.022765561938285828,-0.020538803189992905,53,-0.0255,-0.0201
Elvis Merzlikins,CBJ,8478007,5,-0.023169610649347305,-0.020538803189992905,83,-0.0254,-0.021
Elvis Merzlikins,CBJ,8478007,6,-0.023718059062957764,-0.020538803189992905,104,-0.0257,-0.0217
Elvis Merzlikins,CBJ,8478007,7,-0.024492377415299416,-0.020538803189992905,41,-0.0276,-0.0214
Elvis Merzlikins,CBJ,8478007,8,-0.025144919753074646,-0.020538803189992905,0,-0.0451,-0.0051
Elvis Merzlikins,CBJ,8478007,9,-0.025782762095332146,-0.020538803189992905,46,-0.0287,-0.0229
Elvis Merzlikins,CBJ,8478007,10,-0.026199717074632645,-0.020538803189992905,46,-0.0291,-0.0233
Elvis Merzlikins,CBJ,8478007,11,-0.026432910934090614,-0.020538803189992905,149,-0.028,-0.0248
Elvis Merzlikins,CBJ,8478007,12,-0.02634117752313614,-0.020538803189992905,8,-0.0334,-0.0192
Elvis Merzlikins,CBJ,8478007,13,-0.025997344404459,-0.020538803189992905,49,-0.0289,-0.0231
Elvis Merzlikins,CBJ,8478007,14,-0.025593673810362816,-0.020538803189992905,0,-0.0456,-0.0056
Elvis Merzlikins,CBJ,8478007,15,-0.025187859311699867,-0.020538803189992905,0,-0.0452,-0.0052
Elvis Merzlikins,CBJ,8478007,16,-0.024791834875941277,-0.020538803189992905,45,-0.0278,-0.0218
Elvis Merzlikins,CBJ,8478007,17,-0.024317540228366852,-0.020538803189992905,97,-0.0263,-0.0223
Elvis Merzlikins,CBJ,8478007,18,-0.024237947538495064,-0.020538803189992905,16,-0.0292,-0.0192
Elvis Merzlikins,CBJ,8478007,19,-0.02403600700199604,-0.020538803189992905,83,-0.0262,-0.0218
Elvis Merzlikins,CBJ,8478007,20,-0.02398107945919037,-0.020538803189992905,38,-0.0272,-0.0208
Elvis Merzlikins,CBJ,8478007,21,-0.024118755012750626,-0.020538803189992905,39,-0.0273,-0.0209
Elvis Merzlikins,CBJ,8478007,22,-0.02423767000436783,-0.020538803189992905,45,-0.0272,-0.0212
Elvis Merzlikins,CBJ,8478007,23,-0.02443353459239006,-0.020538803189992905,31,-0.028,-0.0208
Elvis Merzlikins,CBJ,8478007,24,-0.02464132569730282,-0.020538803189992905,50,-0.0274,-0.0218
Elvis Merzlikins,CBJ,8478007,25,-0.02491866983473301,-0.020538803189992905,37,-0.0282,-0.0216
Elvis Merzlikins,CBJ,8478007,26,-0.024935197085142136,-0.020538803189992905,0,-0.0449,-0.0049
Elvis Merzlikins,CBJ,8478007,27,-0.02495010755956173,-0.020538803189992905,0,-0.045,-0.005
Elvis Merzlikins,CBJ,8478007,28,-0.02496252954006195,-0.020538803189992905,0,-0.045,-0.005
Elvis Merzlikins,CBJ,8478007,29,-0.02497415989637375,-0.020538803189992905,0,-0.045,-0.005
Elvis Merzlikins,CBJ,8478007,30,-0.02497592195868492,-0.020538803189992905,0,-0.045,-0.005
Elvis Merzlikins,CBJ,8478007,31,-0.024978727102279663,-0.020538803189992905,0,-0.045,-0.005
Elvis Merzlikins,CBJ,8478007,32,-0.024978846311569214,-0.020538803189992905,0,-0.045,-0.005
Elvis Merzlikins,CBJ,8478007,33,-0.024981772527098656,-0.020538803189992905,0,-0.045,-0.005
Zach Sawchenko,CBJ,8479313,0,0.001417007646523416,0.001636363216675818,0,-0.0186,0.0214
Zach Sawchenko,CBJ,8479313,1,0.0013163124676793814,0.001636363216675818,11,-0.0047,0.0073
Zach Sawchenko,CBJ,8479313,2,0.0012539824238047004,0.001636363216675818,0,-0.0187,0.0213
Zach Sawchenko,CBJ,8479313,3,0.0011873053153976798,0.001636363216675818,0,-0.0188,0.0212
Zach Sawchenko,CBJ,8479313,4,0.001118180574849248,0.001636363216675818,0,-0.0189,0.0211
Zach Sawchenko,CBJ,8479313,5,0.001053416752256453,0.001636363216675818,0,-0.0189,0.0211
Zach Sawchenko,CBJ,8479313,6,0.0009832538198679686,0.001636363216675818,0,-0.019,0.021
Zach Sawchenko,CBJ,8479313,7,0.0009115848806686699,0.001636363216675818,0,-0.0191,0.0209
Zach Sawchenko,CBJ,8479313,8,0.0008401984232477844,0.001636363216675818,0,-0.0192,0.0208
Zach Sawchenko,CBJ,8479313,9,0.0007766344933770597,0.001636363216675818,0,-0.0192,0.0208
Zach Sawchenko,CBJ,8479313,10,0.0007180658867582679,0.001636363216675818,0,-0.0193,0.0207
Zach Sawchenko,CBJ,8479313,11,0.000663272978272289,0.001636363216675818,0,-0.0193,0.0207
Zach Sawchenko,CBJ,8479313,12,0.0006240918301045895,0.001636363216675818,0,-0.0194,0.0206
Zach Sawchenko,CBJ,8479313,13,0.0005879050586372614,0.001636363216675818,0,-0.0194,0.0206
Zach Sawchenko,CBJ,8479313,14,0.0005619836738333106,0.001636363216675818,0,-0.0194,0.0206
Zach Sawchenko,CBJ,8479313,15,0.0005400374648161232,0.001636363216675818,0,-0.0195,0.0205
Zach Sawchenko,CBJ,8479313,16,0.0005091087659820914,0.001636363216675818,0,-0.0195,0.0205
Zach Sawchenko,CBJ,8479313,17,0.0004748802166432142,0.001636363216675818,0,-0.0195,0.0205
Zach Sawchenko,CBJ,8479313,18,0.00044478103518486023,0.001636363216675818,0,-0.0196,0.0204
Zach Sawchenko,CBJ,8479313,19,0.00041914416942745447,0.001636363216675818,0,-0.0196,0.0204
Zach Sawchenko,CBJ,8479313,20,0.00038809573743492365,0.001636363216675818,0,-0.0196,0.0204
Zach Sawchenko,CBJ,8479313,21,0.0003537281882017851,0.001636363216675818,0,-0.0196,0.0204
Zach Sawchenko,CBJ,8479313,22,0.00033248274121433496,0.001636363216675818,0,-0.0197,0.0203
Zach Sawchenko,CBJ,8479313,23,0.00032339326571673155,0.001636363216675818,0,-0.0197,0.0203
Zach Sawchenko,CBJ,8479313,24,0.0003291445318609476,0.001636363216675818,0,-0.0197,0.0203
Zach Sawchenko,CBJ,8479313,25,0.00033834518399089575,0.001636363216675818,0,-0.0197,0.0203
Zach Sawchenko,CBJ,8479313,26,0.000320234103128314,0.001636363216675818,0,-0.0197,0.0203
Zach Sawchenko,CBJ,8479313,27,0.0003071592655032873,0.001636363216675818,0,-0.0197,0.0203
Zach Sawchenko,CBJ,8479313,28,0.00029234064277261496,0.001636363216675818,0,-0.0197,0.0203
Zach Sawchenko,CBJ,8479313,29,0.00028355466201901436,0.001636363216675818,0,-0.0197,0.0203
Zach Sawchenko,CBJ,8479313,30,0.00027931772638112307,0.001636363216675818,0,-0.0197,0.0203
Zach Sawchenko,CBJ,8479313,31,0.00027846568264067173,0.001636363216675818,0,-0.0197,0.0203
Zach Sawchenko,CBJ,8479313,32,0.00027630047407001257,0.001636363216675818,0,-0.0197,0.0203
Zach Sawchenko,CBJ,8479313,33,0.0002753143198788166,0.001636363216675818,0,-0.0197,0.0203
Logan Thompson,WSH,8480313,0,0.09804076701402664,0.09326722472906113,24,0.0939,0.1021
Logan Thompson,WSH,8480313,1,0.10025069117546082,0.09326722472906113,0,0.0803,0.1203
Logan Thompson,WSH,8480313,2,0.10244257748126984,0.09326722472906113,101,0.1004,0.1044
Logan Thompson,WSH,8480313,3,0.10442416369915009,0.09326722472906113,92,0.1023,0.1065
Logan Thompson,WSH,8480313,4,0.10632910579442978,0.09326722472906113,57,0.1037,0.1089
Logan Thompson,WSH,8480313,5,0.10815335810184479,0.09326722472906113,87,0.1061,0.1103
Logan Thompson,WSH,8480313,6,0.10956104844808578,0.09326722472906113,69,0.1072,0.112
Logan Thompson,WSH,8480313,7,0.1108110174536705,0.09326722472906113,65,0.1083,0.1133
Logan Thompson,WSH,8480313,8,0.11202820390462875,0.09326722472906113,139,0.1103,0.1137
Logan Thompson,WSH,8480313,9,0.11310357600450516,0.09326722472906113,59,0.1105,0.1157
Logan Thompson,WSH,8480313,10,0.11449891328811646,0.09326722472906113,122,0.1127,0.1163
Logan Thompson,WSH,8480313,11,0.11544965207576752,0.09326722472906113,151,0.1138,0.117
Logan Thompson,WSH,8480313,12,0.11586198210716248,0.09326722472906113,109,0.114,0.1178
Logan Thompson,WSH,8480313,13,0.11634301394224167,0.09326722472906113,85,0.1141,0.1185
Logan Thompson,WSH,8480313,14,0.11658557504415512,0.09326722472906113,83,0.1144,0.1188
Logan Thompson,WSH,8480313,15,0.11718907952308655,0.09326722472906113,131,0.1155,0.1189
Logan Thompson,WSH,8480313,16,0.11794165521860123,0.09326722472906113,85,0.1157,0.1201
Logan Thompson,WSH,8480313,17,0.11855605989694595,0.09326722472906113,121,0.1168,0.1204
Logan Thompson,WSH,8480313,18,0.1191922053694725,0.09326722472906113,80,0.117,0.1214
Logan Thompson,WSH,8480313,19,0.1198955699801445,0.09326722472906113,47,0.117,0.1228
Logan Thompson,WSH,8480313,20,0.12081075459718704,0.09326722472906113,43,0.1178,0.1238
Logan Thompson,WSH,8480313,21,0.12158472090959549,0.09326722472906113,81,0.1194,0.1238
Logan Thompson,WSH,8480313,22,0.12202246487140656,0.09326722472906113,78,0.1197,0.1243
Logan Thompson,WSH,8480313,23,0.1224358081817627,0.09326722472906113,148,0.1208,0.124
Logan Thompson,WSH,8480313,24,0.12247815728187561,0.09326722472906113,159,0.1209,0.1241
Logan Thompson,WSH,8480313,25,0.12251200526952744,0.09326722472906113,128,0.1207,0.1243
Logan Thompson,WSH,8480313,26,0.12288497388362885,0.09326722472906113,115,0.121,0.1248
Logan Thompson,WSH,8480313,27,0.12288225442171097,0.09326722472906113,0,0.1029,0.1429
Logan Thompson,WSH,8480313,28,0.12286019325256348,0.09326722472906113,0,0.1029,0.1429
Logan Thompson,WSH,8480313,29,0.12285437434911728,0.09326722472906113,0,0.1029,0.1429
Logan Thompson,WSH,8480313,30,0.12284893542528152,0.09326722472906113,0,0.1028,0.1428
Logan Thompson,WSH,8480313,31,0.12285180389881134,0.09326722472906113,0,0.1029,0.1429
Logan Thompson,WSH,8480313,32,0.12284158170223236,0.09326722472906113,0,0.1028,0.1428
Logan Thompson,WSH,8480313,33,0.12284798175096512,0.09326722472906113,0,0.1028,0.1428
Petr Mrazek,ANA,8475852,0,-0.0439276248216629,-0.04268430918455124,0,-0.0639,-0.0239
Petr Mrazek,ANA,8475852,1,-0.04448632150888443,-0.04268430918455124,38,-0.0477,-0.0413
Petr Mrazek,ANA,8475852,2,-0.04521440342068672,-0.04268430918455124,0,-0.0652,-0.0252
Petr Mrazek,ANA,8475852,3,-0.04595028609037399,-0.04268430918455124,30,-0.0497,-0.0423
Petr Mrazek,ANA,8475852,4,-0.046325985342264175,-0.04268430918455124,0,-0.0663,-0.0263
Petr Mrazek,ANA,8475852,5,-0.04669685289263725,-0.04268430918455124,56,-0.0494,-0.044
Petr Mrazek,ANA,8475852,6,-0.04696754738688469,-0.04268430918455124,0,-0.067,-0.027
Petr Mrazek,ANA,8475852,7,-0.04724011570215225,-0.04268430918455124,53,-0.0499,-0.0445
Petr Mrazek,ANA,8475852,8,-0.047675974667072296,-0.04268430918455124,44,-0.0507,-0.0447
Petr Mrazek,ANA,8475852,9,-0.04826934263110161,-0.04268430918455124,39,-0.0515,-0.0451
Petr Mrazek,ANA,8475852,10,-0.04888606444001198,-0.04268430918455124,80,-0.0511,-0.0467
Petr Mrazek,ANA,8475852,11,-0.0494157150387764,-0.04268430918455124,0,-0.0694,-0.0294
Petr Mrazek,ANA,8475852,12,-0.04993228614330292,-0.04268430918455124,0,-0.0699,-0.0299
Petr Mrazek,ANA,8475852,13,-0.05043933540582657,-0.04268430918455124,24,-0.0545,-0.0463
Petr Mrazek,ANA,8475852,14,-0.05076948180794716,-0.04268430918455124,0,-0.0708,-0.0308
Petr Mrazek,ANA,8475852,15,-0.05108637362718582,-0.04268430918455124,6,-0.0593,-0.0429
Petr Mrazek,ANA,8475852,16,-0.051362812519073486,-0.04268430918455124,34,-0.0548,-0.048
Petr Mrazek,ANA,8475852,17,-0.05139554291963577,-0.04268430918455124,0,-0.0714,-0.0314
Petr Mrazek,ANA,8475852,18,-0.051426541060209274,-0.04268430918455124,0,-0.0714,-0.0314
Petr Mrazek,ANA,8475852,19,-0.05145224928855896,-0.04268430918455124,0,-0.0715,-0.0315
Petr Mrazek,ANA,8475852,20,-0.0514829158782959,-0.04268430918455124,0,-0.0715,-0.0315
Petr Mrazek,ANA,8475852,21,-0.051516465842723846,-0.04268430918455124,0,-0.0715,-0.0315
Petr Mrazek,ANA,8475852,22,-0.051539551466703415,-0.04268430918455124,0,-0.0715,-0.0315
Petr Mrazek,ANA,8475852,23,-0.051547110080718994,-0.04268430918455124,0,-0.0715,-0.0315
Petr Mrazek,ANA,8475852,24,-0.051542531698942184,-0.04268430918455124,0,-0.0715,-0.0315
Petr Mrazek,ANA,8475852,25,-0.05153226852416992,-0.04268430918455124,0,-0.0715,-0.0315
Petr Mrazek,ANA,8475852,26,-0.05155174061655998,-0.04268430918455124,0,-0.0716,-0.0316
Petr Mrazek,ANA,8475852,27,-0.05156313255429268,-0.04268430918455124,0,-0.0716,-0.0316
Petr Mrazek,ANA,8475852,28,-0.051578156650066376,-0.04268430918455124,0,-0.0716,-0.0316
Petr Mrazek,ANA,8475852,29,-0.05158917233347893,-0.04268430918455124,0,-0.0716,-0.0316
Petr Mrazek,ANA,8475852,30,-0.05159032717347145,-0.04268430918455124,0,-0.0716,-0.0316
Petr Mrazek,ANA,8475852,31,-0.051593899726867676,-0.04268430918455124,0,-0.0716,-0.0316
Petr Mrazek,ANA,8475852,32,-0.0515943244099617,-0.04268430918455124,0,-0.0716,-0.0316
Petr Mrazek,ANA,8475852,33,-0.05159587785601616,-0.04268430918455124,0,-0.0716,-0.0316
Ville Husso,ANA,8478024,0,-0.01931329071521759,-0.01803738623857498,0,-0.0393,0.0007
Ville Husso,ANA,8478024,1,-0.019885068759322166,-0.01803738623857498,0,-0.0399,0.0001
Ville Husso,ANA,8478024,2,-0.02045399881899357,-0.01803738623857498,35,-0.0239,-0.0171
Ville Husso,ANA,8478024,3,-0.021076958626508713,-0.01803738623857498,0,-0.0411,-0.0011
Ville Husso,ANA,8478024,4,-0.02170010842382908,-0.01803738623857498,0,-0.0417,-0.0017
Ville Husso,ANA,8478024,5,-0.02232220023870468,-0.01803738623857498,0,-0.0423,-0.0023
Ville Husso,ANA,8478024,6,-0.022945497184991837,-0.01803738623857498,0,-0.0429,-0.0029
Ville Husso,ANA,8478024,7,-0.023574868217110634,-0.01803738623857498,0,-0.0436,-0.0036
Ville Husso,ANA,8478024,8,-0.024198997765779495,-0.01803738623857498,0,-0.0442,-0.0042
Ville Husso,ANA,8478024,9,-0.024820834398269653,-0.01803738623857498,0,-0.0448,-0.0048
Ville Husso,ANA,8478024,10,-0.025431456044316292,-0.01803738623857498,42,-0.0285,-0.0223
Ville Husso,ANA,8478024,11,-0.025873683393001556,-0.01803738623857498,132,-0.0276,-0.0242
Ville Husso,ANA,8478024,12,-0.02627710811793804,-0.01803738623857498,122,-0.0281,-0.0245
Ville Husso,ANA,8478024,13,-0.026776745915412903,-0.01803738623857498,36,-0.0301,-0.0235
Ville Husso,ANA,8478024,14,-0.027185309678316116,-0.01803738623857498,0,-0.0472,-0.0072
Ville Husso,ANA,8478024,15,-0.02759382501244545,-0.01803738623857498,0,-0.0476,-0.0076
Ville Husso,ANA,8478024,16,-0.028009025380015373,-0.01803738623857498,52,-0.0308,-0.0252
Ville Husso,ANA,8478024,17,-0.028428630903363228,-0.01803738623857498,37,-0.0317,-0.0251
Ville Husso,ANA,8478024,18,-0.028968315571546555,-0.01803738623857498,0,-0.049,-0.009
Ville Husso,ANA,8478024,19,-0.02950441651046276,-0.01803738623857498,40,-0.0327,-0.0263
Ville Husso,ANA,8478024,20,-0.02989456057548523,-0.01803738623857498,0,-0.0499,-0.0099
Ville Husso,ANA,8478024,21,-0.03028891794383526,-0.01803738623857498,0,-0.0503,-0.0103
Ville Husso,ANA,8478024,22,-0.030670173466205597,-0.01803738623857498,42,-0.0338,-0.0276
Ville Husso,ANA,8478024,23,-0.03115505538880825,-0.01803738623857498,52,-0.034,-0.0284
Ville Husso,ANA,8478024,24,-0.031451478600502014,-0.01803738623857498,39,-0.0347,-0.0283
Ville Husso,ANA,8478024,25,-0.03181443735957146,-0.01803738623857498,78,-0.0341,-0.0295
Ville Husso,ANA,8478024,26,-0.031934704631567,-0.01803738623857498,0,-0.0519,-0.0119
Ville Husso,ANA,8478024,27,-0.03204689919948578,-0.01803738623857498,30,-0.0357,-0.0283
Ville Husso,ANA,8478024,28,-0.03197142481803894,-0.01803738623857498,0,-0.052,-0.012
Ville Husso,ANA,8478024,29,-0.03188713639974594,-0.01803738623857498,19,-0.0365,-0.0273
Ville Husso,ANA,8478024,30,-0.03183905780315399,-0.01803738623857498,29,-0.0355,-0.0281
Ville Husso,ANA,8478024,31,-0.031837861984968185,-0.01803738623857498,0,-0.0518,-0.0118
Ville Husso,ANA,8478024,32,-0.031841959804296494,-0.01803738623857498,0,-0.0518,-0.0118
Ville Husso,ANA,8478024,33,-0.03184137120842934,-0.01803738623857498,0,-0.0518,-0.0118
Sebastian Cossa,DET,8482657,0,-0.007605691906064749,-0.006881318520754576,0,-0.0276,0.0124
Sebastian Cossa,DET,8482657,1,-0.007931498810648918,-0.006881318520754576,55,-0.0106,-0.0052
Sebastian Cossa,DET,8482657,2,-0.007993423379957676,-0.006881318520754576,0,-0.028,0.012
Sebastian Cossa,DET,8482657,3,-0.00806064810603857,-0.006881318520754576,0,-0.0281,0.0119
Sebastian Cossa,DET,8482657,4,-0.008129523135721684,-0.006881318520754576,0,-0.0281,0.0119
Sebastian Cossa,DET,8482657,5,-0.008194741792976856,-0.006881318520754576,0,-0.0282,0.0118
Sebastian Cossa,DET,8482657,6,-0.008264790289103985,-0.006881318520754576,0,-0.0283,0.0117
Sebastian Cossa,DET,8482657,7,-0.008336743339896202,-0.006881318520754576,0,-0.0283,0.0117
Sebastian Cossa,DET,8482657,8,-0.008408036082983017,-0.006881318520754576,0,-0.0284,0.0116
Sebastian Cossa,DET,8482657,9,-0.008472028188407421,-0.006881318520754576,0,-0.0285,0.0115
Sebastian Cossa,DET,8482657,10,-0.008530303835868835,-0.006881318520754576,0,-0.0285,0.0115
Sebastian Cossa,DET,8482657,11,-0.008585612289607525,-0.006881318520754576,0,-0.0286,0.0114
Sebastian Cossa,DET,8482657,12,-0.008624414913356304,-0.006881318520754576,0,-0.0286,0.0114
Sebastian Cossa,DET,8482657,13,-0.008661281317472458,-0.006881318520754576,0,-0.0287,0.0113
Sebastian Cossa,DET,8482657,14,-0.008686653338372707,-0.006881318520754576,0,-0.0287,0.0113
Sebastian Cossa,DET,8482657,15,-0.008709240704774857,-0.006881318520754576,0,-0.0287,0.0113
Sebastian Cossa,DET,8482657,16,-0.008739715442061424,-0.006881318520754576,0,-0.0287,0.0113
Sebastian Cossa,DET,8482657,17,-0.008774739690124989,-0.006881318520754576,0,-0.0288,0.0112
Sebastian Cossa,DET,8482657,18,-0.008804031647741795,-0.006881318520754576,0,-0.0288,0.0112
Sebastian Cossa,DET,8482657,19,-0.008830560371279716,-0.006881318520754576,0,-0.0288,0.0112
Sebastian Cossa,DET,8482657,20,-0.008860927075147629,-0.006881318520754576,0,-0.0289,0.0111
Sebastian Cossa,DET,8482657,21,-0.008896051906049252,-0.006881318520754576,0,-0.0289,0.0111
Sebastian Cossa,DET,8482657,22,-0.008916730061173439,-0.006881318520754576,0,-0.0289,0.0111
Sebastian Cossa,DET,8482657,23,-0.008926434442400932,-0.006881318520754576,0,-0.0289,0.0111
Sebastian Cossa,DET,8482657,24,-0.008920125663280487,-0.006881318520754576,0,-0.0289,0.0111
Sebastian Cossa,DET,8482657,25,-0.008911654353141785,-0.006881318520754576,0,-0.0289,0.0111
Sebastian Cossa,DET,8482657,26,-0.008929122239351273,-0.006881318520754576,0,-0.0289,0.0111
Sebastian Cossa,DET,8482657,27,-0.008942639455199242,-0.006881318520754576,0,-0.0289,0.0111
Sebastian Cossa,DET,8482657,28,-0.0089574558660388,-0.006881318520754576,0,-0.029,0.011
Sebastian Cossa,DET,8482657,29,-0.008966081775724888,-0.006881318520754576,0,-0.029,0.011
Sebastian Cossa,DET,8482657,30,-0.008970499038696289,-0.006881318520754576,0,-0.029,0.011
Sebastian Cossa,DET,8482657,31,-0.00897124782204628,-0.006881318520754576,0,-0.029,0.011
Sebastian Cossa,DET,8482657,32,-0.008973553776741028,-0.006881318520754576,0,-0.029,0.011
Sebastian Cossa,DET,8482657,33,-0.008974610827863216,-0.006881318520754576,0,-0.029,0.011
8483611,,8483611,0,-0.004300521221011877,-0.004166601225733757,0,-0.0243,0.0157
8483611,,8483611,1,-0.004363619722425938,-0.004166601225733757,0,-0.0244,0.0156
8483611,,8483611,2,-0.004425710067152977,-0.004166601225733757,0,-0.0244,0.0156
8483611,,8483611,3,-0.004492763429880142,-0.004166601225733757,0,-0.0245,0.0155
8483611,,8483611,4,-0.0045617325231432915,-0.004166601225733757,0,-0.0246,0.0154
8483611,,8483611,5,-0.0046271211467683315,-0.004166601225733757,0,-0.0246,0.0154
8483611,,8483611,6,-0.00469699501991272,-0.004166601225733757,0,-0.0247,0.0153
8483611,,8483611,7,-0.0047690412029623985,-0.004166601225733757,0,-0.0248,0.0152
8483611,,8483611,8,-0.004840465262532234,-0.004166601225733757,0,-0.0248,0.0152
8483611,,8483611,9,-0.004904051776975393,-0.004166601225733757,0,-0.0249,0.0151
8483611,,8483611,10,-0.004962915554642677,-0.004166601225733757,0,-0.025,0.015
8483611,,8483611,11,-0.0050177788361907005,-0.004166601225733757,0,-0.025,0.015
8483611,,8483611,12,-0.005056978203356266,-0.004166601225733757,0,-0.0251,0.0149
8483611,,8483611,13,-0.005093474872410297,-0.004166601225733757,0,-0.0251,0.0149
8483611,,8483611,14,-0.005119242239743471,-0.004166601225733757,0,-0.0251,0.0149
8483611,,8483611,15,-0.005141344852745533,-0.004166601225733757,0,-0.0251,0.0149
8483611,,8483611,16,-0.005172558128833771,-0.004166601225733757,0,-0.0252,0.0148
8483611,,8483611,17,-0.005206521134823561,-0.004166601225733757,0,-0.0252,0.0148
8483611,,8483611,18,-0.005237201228737831,-0.004166601225733757,0,-0.0252,0.0148
8483611,,8483611,19,-0.005262323189526796,-0.004166601225733757,0,-0.0253,0.0147
8483611,,8483611,20,-0.005293999798595905,-0.004166601225733757,0,-0.0253,0.0147
8483611,,8483611,21,-0.00532790832221508,-0.004166601225733757,0,-0.0253,0.0147
8483611,,8483611,22,-0.005349665880203247,-0.004166601225733757,0,-0.0253,0.0147
8483611,,8483611,23,-0.005358650349080563,-0.004166601225733757,0,-0.0254,0.0146
8483611,,8483611,24,-0.005352730397135019,-0.004166601225733757,0,-0.0254,0.0146
8483611,,8483611,25,-0.005343958735466003,-0.004166601225733757,0,-0.0253,0.0147
8483611,,8483611,26,-0.0053617763333022594,-0.004166601225733757,0,-0.0254,0.0146
8483611,,8483611,27,-0.005375145003199577,-0.004166601225733757,0,-0.0254,0.0146
8483611,,8483611,28,-0.005389658734202385,-0.004166601225733757,0,-0.0254,0.0146
8483611,,8483611,29,-0.0053989761509001255,-0.004166601225733757,0,-0.0254,0.0146
8483611,,8483611,30,-0.005402629729360342,-0.004166601225733757,0,-0.0254,0.0146
8483611,,8483611,31,-0.005404146388173103,-0.004166601225733757,0,-0.0254,0.0146
8483611,,8483611,32,-0.005405534990131855,-0.004166601225733757,0,-0.0254,0.0146
8483611,,8483611,33,-0.005407432559877634,-0.004166601225733757,0,-0.0254,0.0146
Stuart Skinner,PIT,8479973,0,-0.004365369211882353,-0.00437821913510561,0,-0.0244,0.0156
Stuart Skinner,PIT,8479973,1,-0.004362998530268669,-0.00437821913510561,68,-0.0068,-0.002
Stuart Skinner,PIT,8479973,2,-0.004255318082869053,-0.00437821913510561,0,-0.0243,0.0157
Stuart Skinner,PIT,8479973,3,-0.00415216526016593,-0.00437821913510561,36,-0.0075,-0.0009
Stuart Skinner,PIT,8479973,4,-0.00398053927347064,-0.00437821913510561,128,-0.0058,-0.0022
Stuart Skinner,PIT,8479973,5,-0.004061202518641949,-0.00437821913510561,66,-0.0066,-0.0016
Stuart Skinner,PIT,8479973,6,-0.004040150437504053,-0.00437821913510561,133,-0.0057,-0.0023
Stuart Skinner,PIT,8479973,7,-0.004102469887584448,-0.00437821913510561,56,-0.0068,-0.0014
Stuart Skinner,PIT,8479973,8,-0.003992829006165266,-0.00437821913510561,133,-0.0057,-0.0023
Stuart Skinner,PIT,8479973,9,-0.0039733098819851875,-0.00437821913510561,146,-0.0057,-0.0023
Stuart Skinner,PIT,8479973,10,-0.003855832852423191,-0.00437821913510561,52,-0.0067,-0.0011
Stuart Skinner,PIT,8479973,11,-0.003695435356348753,-0.00437821913510561,71,-0.0061,-0.0013
Stuart Skinner,PIT,8479973,12,-0.0036966674961149693,-0.00437821913510561,86,-0.0059,-0.0015
Stuart Skinner,PIT,8479973,13,-0.003783823922276497,-0.00437821913510561,76,-0.0061,-0.0015
Stuart Skinner,PIT,8479973,14,-0.0035803704522550106,-0.00437821913510561,44,-0.0066,-0.0006
Stuart Skinner,PIT,8479973,15,-0.003306671744212508,-0.00437821913510561,70,-0.0057,-0.0009
Stuart Skinner,PIT,8479973,16,-0.0032172412611544132,-0.00437821913510561,78,-0.0055,-0.0009
Stuart Skinner,PIT,8479973,17,-0.0034401335287839174,-0.00437821913510561,56,-0.0061,-0.0007
Stuart Skinner,PIT,8479973,18,-0.0037597729824483395,-0.00437821913510561,130,-0.0056,-0.002
Stuart Skinner,PIT,8479973,19,-0.004309546202421188,-0.00437821913510561,30,-0.008,-0.0006
Stuart Skinner,PIT,8479973,20,-0.004572320729494095,-0.00437821913510561,35,-0.008,-0.0012
Stuart Skinner,PIT,8479973,21,-0.004581623710691929,-0.00437821913510561,47,-0.0075,-0.0017
Stuart Skinner,PIT,8479973,22,-0.004713979549705982,-0.00437821913510561,99,-0.0067,-0.0027
Stuart Skinner,PIT,8479973,23,-0.005066526122391224,-0.00437821913510561,114,-0.007,-0.0032
Stuart Skinner,PIT,8479973,24,-0.0052366373129189014,-0.00437821913510561,85,-0.0074,-0.003
Stuart Skinner,PIT,8479973,25,-0.005373042076826096,-0.00437821913510561,89,-0.0075,-0.0033
Stuart Skinner,PIT,8479973,26,-0.00558696361258626,-0.00437821913510561,73,-0.0079,-0.0033
Stuart Skinner,PIT,8479973,27,-0.005961131304502487,-0.00437821913510561,66,-0.0085,-0.0035
Stuart Skinner,PIT,8479973,28,-0.006113915704190731,-0.00437821913510561,68,-0.0085,-0.0037
Stuart Skinner,PIT,8479973,29,-0.006122746504843235,-0.00437821913510561,0,-0.0261,0.0139
Stuart Skinner,PIT,8479973,30,-0.006126727908849716,-0.00437821913510561,0,-0.0261,0.0139
Stuart Skinner,PIT,8479973,31,-0.006127811502665281,-0.00437821913510561,0,-0.0261,0.0139
Stuart Skinner,PIT,8479973,32,-0.006130035500973463,-0.00437821913510561,0,-0.0261,0.0139
Stuart Skinner,PIT,8479973,33,-0.006130783818662167,-0.00437821913510561,0,-0.0261,0.0139
Filip Gustavsson,MIN,8479406,0,0.01702687330543995,0.01732013374567032,0,-0.003,0.037
Filip Gustavsson,MIN,8479406,1,0.016895979642868042,0.01732013374567032,29,0.0132,0.0206
Filip Gustavsson,MIN,8479406,2,0.01686953566968441,0.01732013374567032,40,0.0137,0.0201
Filip Gustavsson,MIN,8479406,3,0.01678076572716236,0.01732013374567032,86,0.0146,0.019
Filip Gustavsson,MIN,8479406,4,0.016758913174271584,0.01732013374567032,88,0.0147,0.0189
Filip Gustavsson,MIN,8479406,5,0.01695401407778263,0.01732013374567032,143,0.0153,0.0187
Filip Gustavsson,MIN,8479406,6,0.0170937180519104,0.01732013374567032,130,0.0153,0.0189
Filip Gustavsson,MIN,8479406,7,0.017403803765773773,0.01732013374567032,109,0.0155,0.0193
Filip Gustavsson,MIN,8479406,8,0.017552008852362633,0.01732013374567032,69,0.0152,0.02
Filip Gustavsson,MIN,8479406,9,0.017531616613268852,0.01732013374567032,36,0.0142,0.0208
Filip Gustavsson,MIN,8479406,10,0.017321964725852013,0.01732013374567032,103,0.0153,0.0193
Filip Gustavsson,MIN,8479406,11,0.016922572627663612,0.01732013374567032,43,0.0139,0.0199
Filip Gustavsson,MIN,8479406,12,0.01654326170682907,0.01732013374567032,123,0.0147,0.0183
Filip Gustavsson,MIN,8479406,13,0.016061851754784584,0.01732013374567032,86,0.0139,0.0183
Filip Gustavsson,MIN,8479406,14,0.015211435966193676,0.01732013374567032,42,0.0121,0.0183
Filip Gustavsson,MIN,8479406,15,0.014387978240847588,0.01732013374567032,79,0.0121,0.0167
Filip Gustavsson,MIN,8479406,16,0.013426339253783226,0.01732013374567032,88,0.0113,0.0155
Filip Gustavsson,MIN,8479406,17,0.012563979253172874,0.01732013374567032,51,0.0098,0.0154
Filip Gustavsson,MIN,8479406,18,0.011723656207323074,0.01732013374567032,137,0.01,0.0134
Filip Gustavsson,MIN,8479406,19,0.011005476117134094,0.01732013374567032,47,0.0081,0.0139
Filip Gustavsson,MIN,8479406,20,0.01006536465138197,0.01732013374567032,76,0.0078,0.0124
Filip Gustavsson,MIN,8479406,21,0.009427356533706188,0.01732013374567032,65,0.0069,0.0119
Filip Gustavsson,MIN,8479406,22,0.008574113249778748,0.01732013374567032,69,0.0062,0.011
Filip Gustavsson,MIN,8479406,23,0.007712149061262608,0.01732013374567032,84,0.0055,0.0099
Filip Gustavsson,MIN,8479406,24,0.006717834156006575,0.01732013374567032,99,0.0047,0.0087
Filip Gustavsson,MIN,8479406,25,0.006031397730112076,0.01732013374567032,88,0.0039,0.0081
Filip Gustavsson,MIN,8479406,26,0.0053950645960867405,0.01732013374567032,30,0.0017,0.0091
Filip Gustavsson,MIN,8479406,27,0.00505619402974844,0.01732013374567032,35,0.0017,0.0085
Filip Gustavsson,MIN,8479406,28,0.004901801235973835,0.01732013374567032,0,-0.0151,0.0249
Filip Gustavsson,MIN,8479406,29,0.004755883011966944,0.01732013374567032,0,-0.0152,0.0248
Filip Gustavsson,MIN,8479406,30,0.004612871911376715,0.01732013374567032,34,0.0012,0.008
Filip Gustavsson,MIN,8479406,31,0.004612245596945286,0.01732013374567032,0,-0.0154,0.0246
Filip Gustavsson,MIN,8479406,32,0.004609561990946531,0.01732013374567032,0,-0.0154,0.0246
Filip Gustavsson,MIN,8479406,33,0.004609271883964539,0.01732013374567032,0,-0.0154,0.0246
Jake Oettinger,DAL,8479979,0,0.03660741448402405,0.035569433122873306,0,0.0166,0.0566
Jake Oettinger,DAL,8479979,1,0.03706129267811775,0.035569433122873306,34,0.0337,0.0405
Jake Oettinger,DAL,8479979,2,0.03751709312200546,0.035569433122873306,33,0.034,0.041
Jake Oettinger,DAL,8479979,3,0.037929635494947433,0.035569433122873306,94,0.0358,0.04
Jake Oettinger,DAL,8479979,4,0.03846907243132591,0.035569433122873306,83,0.0363,0.0407
Jake Oettinger,DAL,8479979,5,0.038912054151296616,0.035569433122873306,126,0.0371,0.0407
Jake Oettinger,DAL,8479979,6,0.03940940648317337,0.035569433122873306,99,0.0374,0.0414
Jake Oettinger,DAL,8479979,7,0.03934905305504799,0.035569433122873306,70,0.0369,0.0417
Jake Oettinger,DAL,8479979,8,0.0398196280002594,0.035569433122873306,71,0.0374,0.0422
Jake Oettinger,DAL,8479979,9,0.04015885666012764,0.035569433122873306,89,0.0381,0.0423
Jake Oettinger,DAL,8479979,10,0.040341269224882126,0.035569433122873306,76,0.038,0.0426
Jake Oettinger,DAL,8479979,11,0.040580034255981445,0.035569433122873306,116,0.0387,0.0425
Jake Oettinger,DAL,8479979,12,0.04035854712128639,0.035569433122873306,83,0.0382,0.0426
Jake Oettinger,DAL,8479979,13,0.040105536580085754,0.035569433122873306,96,0.0381,0.0421
Jake Oettinger,DAL,8479979,14,0.0395573265850544,0.035569433122873306,41,0.0365,0.0427
Jake Oettinger,DAL,8479979,15,0.039025068283081055,0.035569433122873306,78,0.0367,0.0413
Jake Oettinger,DAL,8479979,16,0.03871254622936249,0.035569433122873306,28,0.0349,0.0425
Jake Oettinger,DAL,8479979,17,0.038704510778188705,0.035569433122873306,116,0.0368,0.0406
Jake Oettinger,DAL,8479979,18,0.038562413305044174,0.035569433122873306,59,0.036,0.0412
Jake Oettinger,DAL,8479979,19,0.03838900849223137,0.035569433122873306,72,0.036,0.0408
Jake Oettinger,DAL,8479979,20,0.03845931217074394,0.035569433122873306,63,0.036,0.041
Jake Oettinger,DAL,8479979,21,0.03876513987779617,0.035569433122873306,35,0.0354,0.0422
Jake Oettinger,DAL,8479979,22,0.039070285856723785,0.035569433122873306,122,0.0373,0.0409
Jake Oettinger,DAL,8479979,23,0.03907507285475731,0.035569433122873306,92,0.037,0.0412
Jake Oettinger,DAL,8479979,24,0.03872360289096832,0.035569433122873306,80,0.0365,0.0409
Jake Oettinger,DAL,8479979,25,0.038663893938064575,0.035569433122873306,73,0.0364,0.041
Jake Oettinger,DAL,8479979,26,0.038431618362665176,0.035569433122873306,113,0.0365,0.0403
Jake Oettinger,DAL,8479979,27,0.03810602053999901,0.035569433122873306,79,0.0358,0.0404
Jake Oettinger,DAL,8479979,28,0.03806760162115097,0.035569433122873306,153,0.0365,0.0397
Jake Oettinger,DAL,8479979,29,0.03791841119527817,0.035569433122873306,70,0.0355,0.0403
Jake Oettinger,DAL,8479979,30,0.03791330009698868,0.035569433122873306,0,0.0179,0.0579
Jake Oettinger,DAL,8479979,31,0.037912484258413315,0.035569433122873306,0,0.0179,0.0579
Jake Oettinger,DAL,8479979,32,0.037911754101514816,0.035569433122873306,0,0.0179,0.0579
Jake Oettinger,DAL,8479979,33,0.03790867701172829,0.035569433122873306,0,0.0179,0.0579
Darcy Kuemper,LAK,8475311,0,0.032303933054208755,0.033955469727516174,0,0.0123,0.0523
Darcy Kuemper,LAK,8475311,1,0.0315735898911953,0.033955469727516174,22,0.0273,0.0359
Darcy Kuemper,LAK,8475311,2,0.03073936142027378,0.033955469727516174,40,0.0275,0.0339
Darcy Kuemper,LAK,8475311,3,0.030114196240901947,0.033955469727516174,77,0.0278,0.0324
Darcy Kuemper,LAK,8475311,4,0.029751507565379143,0.033955469727516174,38,0.0266,0.033
Darcy Kuemper,LAK,8475311,5,0.02950032241642475,0.033955469727516174,103,0.0275,0.0315
Darcy Kuemper,LAK,8475311,6,0.0290520116686821,0.033955469727516174,123,0.0273,0.0309
Darcy Kuemper,LAK,8475311,7,0.028557175770401955,0.033955469727516174,88,0.0265,0.0307
Darcy Kuemper,LAK,8475311,8,0.02773253805935383,0.033955469727516174,66,0.0252,0.0302
Darcy Kuemper,LAK,8475311,9,0.026869574561715126,0.033955469727516174,83,0.0247,0.0291
Darcy Kuemper,LAK,8475311,10,0.025865696370601654,0.033955469727516174,92,0.0238,0.028
Darcy Kuemper,LAK,8475311,11,0.024732140824198723,0.033955469727516174,116,0.0228,0.0266
Darcy Kuemper,LAK,8475311,12,0.023338742554187775,0.033955469727516174,81,0.0211,0.0255
Darcy Kuemper,LAK,8475311,13,0.02181534469127655,0.033955469727516174,9,0.0151,0.0285
Darcy Kuemper,LAK,8475311,14,0.02024875208735466,0.033955469727516174,0,0.0002,0.0402
Darcy Kuemper,LAK,8475311,15,0.018681880086660385,0.033955469727516174,88,0.0166,0.0208
Darcy Kuemper,LAK,8475311,16,0.017268922179937363,0.033955469727516174,125,0.0155,0.0191
Darcy Kuemper,LAK,8475311,17,0.016039790585637093,0.033955469727516174,100,0.014,0.018
Darcy Kuemper,LAK,8475311,18,0.014823650009930134,0.033955469727516174,55,0.0121,0.0175
Darcy Kuemper,LAK,8475311,19,0.013814976438879967,0.033955469727516174,78,0.0115,0.0161
Darcy Kuemper,LAK,8475311,20,0.012800614349544048,0.033955469727516174,32,0.0093,0.0163
Darcy Kuemper,LAK,8475311,21,0.011940700933337212,0.033955469727516174,19,0.0073,0.0165
Darcy Kuemper,LAK,8475311,22,0.011386720463633537,0.033955469727516174,47,0.0085,0.0143
Darcy Kuemper,LAK,8475311,23,0.010774945840239525,0.033955469727516174,117,0.009,0.0126
Darcy Kuemper,LAK,8475311,24,0.010133360512554646,0.033955469727516174,96,0.0081,0.0121
Darcy Kuemper,LAK,8475311,25,0.00955735519528389,0.033955469727516174,85,0.0074,0.0118
Darcy Kuemper,LAK,8475311,26,0.009380960837006569,0.033955469727516174,0,-0.0106,0.0294
Darcy Kuemper,LAK,8475311,27,0.009210797958076,0.033955469727516174,35,0.0058,0.0126
Darcy Kuemper,LAK,8475311,28,0.009195723570883274,0.033955469727516174,0,-0.0108,0.0292
Darcy Kuemper,LAK,8475311,29,0.009186695329844952,0.033955469727516174,0,-0.0108,0.0292
Darcy Kuemper,LAK,8475311,30,0.009182562120258808,0.033955469727516174,0,-0.0108,0.0292
Darcy Kuemper,LAK,8475311,31,0.0091819753870368,0.033955469727516174,0,-0.0108,0.0292
Darcy Kuemper,LAK,8475311,32,0.009179636836051941,0.033955469727516174,0,-0.0108,0.0292
Darcy Kuemper,LAK,8475311,33,0.009178469888865948,0.033955469727516174,0,-0.0108,0.0292
8478492,,8478492,0,-0.009641316719353199,-0.009506328031420708,0,-0.0296,0.0104
8478492,,8478492,1,-0.009702379815280437,-0.009506328031420708,0,-0.0297,0.0103
8478492,,8478492,2,-0.009766608476638794,-0.009506328031420708,0,-0.0298,0.0102
8478492,,8478492,3,-0.009831325151026249,-0.009506328031420708,0,-0.0298,0.0102
8478492,,8478492,4,-0.00990259274840355,-0.009506328031420708,0,-0.0299,0.0101
8478492,,8478492,5,-0.009965001605451107,-0.009506328031420708,0,-0.03,0.01
8478492,,8478492,6,-0.010037945583462715,-0.009506328031420708,0,-0.03,0.01
8478492,,8478492,7,-0.010106940753757954,-0.009506328031420708,0,-0.0301,0.0099
8478492,,8478492,8,-0.010180714540183544,-0.009506328031420708,0,-0.0302,0.0098
8478492,,8478492,9,-0.010242407210171223,-0.009506328031420708,0,-0.0302,0.0098
8478492,,8478492,10,-0.010302212089300156,-0.009506328031420708,0,-0.0303,0.0097
8478492,,8478492,11,-0.010356295853853226,-0.009506328031420708,0,-0.0304,0.0096
8478492,,8478492,12,-0.010396481491625309,-0.009506328031420708,0,-0.0304,0.0096
8478492,,8478492,13,-0.010431710630655289,-0.009506328031420708,0,-0.0304,0.0096
8478492,,8478492,14,-0.010457897558808327,-0.009506328031420708,0,-0.0305,0.0095
8478492,,8478492,15,-0.010480385273694992,-0.009506328031420708,0,-0.0305,0.0095
8478492,,8478492,16,-0.010510265827178955,-0.009506328031420708,0,-0.0305,0.0095
8478492,,8478492,17,-0.010545692406594753,-0.009506328031420708,0,-0.0305,0.0095
8478492,,8478492,18,-0.010575084015727043,-0.009506328031420708,0,-0.0306,0.0094
8478492,,8478492,19,-0.010601256974041462,-0.009506328031420708,0,-0.0306,0.0094
8478492,,8478492,20,-0.010631769895553589,-0.009506328031420708,0,-0.0306,0.0094
8478492,,8478492,21,-0.010666393674910069,-0.009506328031420708,0,-0.0307,0.0093
8478492,,8478492,22,-0.010687874630093575,-0.009506328031420708,0,-0.0307,0.0093
8478492,,8478492,23,-0.01069666352123022,-0.009506328031420708,0,-0.0307,0.0093
8478492,,8478492,24,-0.010690858587622643,-0.009506328031420708,0,-0.0307,0.0093
8478492,,8478492,25,-0.010682203806936741,-0.009506328031420708,0,-0.0307,0.0093
8478492,,8478492,26,-0.010699454694986343,-0.009506328031420708,0,-0.0307,0.0093
8478492,,8478492,27,-0.010713753290474415,-0.009506328031420708,0,-0.0307,0.0093
8478492,,8478492,28,-0.010726943612098694,-0.009506328031420708,0,-0.0307,0.0093
8478492,,8478492,29,-0.010737812146544456,-0.009506328031420708,0,-0.0307,0.0093
8478492,,8478492,30,-0.010739728808403015,-0.009506328031420708,0,-0.0307,0.0093
8478492,,8478492,31,-0.010742995887994766,-0.009506328031420708,0,-0.0307,0.0093
8478492,,8478492,32,-0.010742580518126488,-0.009506328031420708,0,-0.0307,0.0093
8478492,,8478492,33,-0.010745660401880741,-0.009506328031420708,0,-0.0307,0.0093
8478433,,8478433,0,-0.007498517166823149,-0.007365269586443901,0,-0.0275,0.0125
8478433,,8478433,1,-0.0075622969307005405,-0.007365269586443901,0,-0.0276,0.0124
8478433,,8478433,2,-0.007623622193932533,-0.007365269586443901,0,-0.0276,0.0124
8478433,,8478433,3,-0.007691517472267151,-0.007365269586443901,0,-0.0277,0.0123
8478433,,8478433,4,-0.007759836968034506,-0.007365269586443901,0,-0.0278,0.0122
8478433,,8478433,5,-0.007825417444109917,-0.007365269586443901,0,-0.0278,0.0122
8478433,,8478433,6,-0.007895445451140404,-0.007365269586443901,0,-0.0279,0.0121
8478433,,8478433,7,-0.007967337965965271,-0.007365269586443901,0,-0.028,0.012
8478433,,8478433,8,-0.008038877509534359,-0.007365269586443901,0,-0.028,0.012
8478433,,8478433,9,-0.008102274499833584,-0.007365269586443901,0,-0.0281,0.0119
8478433,,8478433,10,-0.00816136784851551,-0.007365269586443901,0,-0.0282,0.0118
8478433,,8478433,11,-0.00821592565625906,-0.007365269586443901,0,-0.0282,0.0118
8478433,,8478433,12,-0.008255623281002045,-0.007365269586443901,0,-0.0283,0.0117
8478433,,8478433,13,-0.008291316218674183,-0.007365269586443901,0,-0.0283,0.0117
8478433,,8478433,14,-0.008318040519952774,-0.007365269586443901,0,-0.0283,0.0117
8478433,,8478433,15,-0.008339492604136467,-0.007365269586443901,0,-0.0283,0.0117
8478433,,8478433,16,-0.008370820432901382,-0.007365269586443901,0,-0.0284,0.0116
8478433,,8478433,17,-0.008405052125453949,-0.007365269586443901,0,-0.0284,0.0116
8478433,,8478433,18,-0.008435272611677647,-0.007365269586443901,0,-0.0284,0.0116
8478433,,8478433,19,-0.00846108328551054,-0.007365269586443901,0,-0.0285,0.0115
8478433,,8478433,20,-0.008491765707731247,-0.007365269586443901,0,-0.0285,0.0115
8478433,,8478433,21,-0.008526783436536789,-0.007365269586443901,0,-0.0285,0.0115
8478433,,8478433,22,-0.008547699078917503,-0.007365269586443901,0,-0.0285,0.0115
8478433,,8478433,23,-0.008557028137147427,-0.007365269586443901,0,-0.0286,0.0114
8478433,,8478433,24,-0.00855110865086317,-0.007365269586443901,0,-0.0286,0.0114
8478433,,8478433,25,-0.008542336523532867,-0.007365269586443901,0,-0.0285,0.0115
8478433,,8478433,26,-0.0085600009188056,-0.007365269586443901,0,-0.0286,0.0114
8478433,,8478433,27,-0.00857359915971756,-0.007365269586443901,0,-0.0286,0.0114
8478433,,8478433,28,-0.008588074706494808,-0.007365269586443901,0,-0.0286,0.0114
8478433,,8478433,29,-0.00859693344682455,-0.007365269586443901,0,-0.0286,0.0114
8478433,,8478433,30,-0.008601504378020763,-0.007365269586443901,0,-0.0286,0.0114
8478433,,8478433,31,-0.008602064102888107,-0.007365269586443901,0,-0.0286,0.0114
8478433,,8478433,32,-0.008604219183325768,-0.007365269586443901,0,-0.0286,0.0114
8478433,,8478433,33,-0.00860558170825243,-0.007365269586443901,0,-0.0286,0.0114
Linus Ullmark,OTT,8476999,0,0.0038203701842576265,0.00414289953187108,10,-0.0025,0.0101
Linus Ullmark,OTT,8476999,1,0.003913425840437412,0.00414289953187108,0,-0.0161,0.0239
Linus Ullmark,OTT,8476999,2,0.004007848910987377,0.00414289953187108,35,0.0006,0.0074
Linus Ullmark,OTT,8476999,3,0.003979112952947617,0.00414289953187108,74,0.0017,0.0063
Linus Ullmark,OTT,8476999,4,0.00443008728325367,0.00414289953187108,117,0.0026,0.0062
Linus Ullmark,OTT,8476999,5,0.004988046362996101,0.00414289953187108,97,0.003,0.007
Linus Ullmark,OTT,8476999,6,0.005335887894034386,0.00414289953187108,110,0.0034,0.0072
Linus Ullmark,OTT,8476999,7,0.0062434677965939045,0.00414289953187108,76,0.0039,0.0085
Linus Ullmark,OTT,8476999,8,0.007111096289008856,0.00414289953187108,68,0.0047,0.0095
Linus Ullmark,OTT,8476999,9,0.007924298755824566,0.00414289953187108,71,0.0055,0.0103
Linus Ullmark,OTT,8476999,10,0.008726900443434715,0.00414289953187108,78,0.0064,0.011
Linus Ullmark,OTT,8476999,11,0.009756305254995823,0.00414289953187108,60,0.0072,0.0124
Linus Ullmark,OTT,8476999,12,0.010843759402632713,0.00414289953187108,79,0.0085,0.0131
Linus Ullmark,OTT,8476999,13,0.012192076072096825,0.00414289953187108,124,0.0104,0.014
Linus Ullmark,OTT,8476999,14,0.013108404353260994,0.00414289953187108,50,0.0103,0.0159
Linus Ullmark,OTT,8476999,15,0.0144367516040802,0.00414289953187108,0,-0.0056,0.0344
Linus Ullmark,OTT,8476999,16,0.015757689252495766,0.00414289953187108,0,-0.0042,0.0358
Linus Ullmark,OTT,8476999,17,0.01707439497113228,0.00414289953187108,0,-0.0029,0.0371
Linus Ullmark,OTT,8476999,18,0.018396053463220596,0.00414289953187108,0,-0.0016,0.0384
Linus Ullmark,OTT,8476999,19,0.019721053540706635,0.00414289953187108,36,0.0164,0.023
Linus Ullmark,OTT,8476999,20,0.02096269652247429,0.00414289953187108,26,0.0171,0.0249
Linus Ullmark,OTT,8476999,21,0.0221895482391119,0.00414289953187108,70,0.0198,0.0246
Linus Ullmark,OTT,8476999,22,0.023466620594263077,0.00414289953187108,113,0.0216,0.0254
Linus Ullmark,OTT,8476999,23,0.024631669744849205,0.00414289953187108,61,0.022,0.0272
Linus Ullmark,OTT,8476999,24,0.025758126750588417,0.00414289953187108,118,0.024,0.0276
Linus Ullmark,OTT,8476999,25,0.026543106883764267,0.00414289953187108,134,0.0248,0.0282
Linus Ullmark,OTT,8476999,26,0.0277415718883276,0.00414289953187108,120,0.0259,0.0295
Linus Ullmark,OTT,8476999,27,0.028424246236681938,0.00414289953187108,52,0.0256,0.0312
Linus Ullmark,OTT,8476999,28,0.028924189507961273,0.00414289953187108,174,0.0274,0.0304
Linus Ullmark,OTT,8476999,29,0.02891675755381584,0.00414289953187108,0,0.0089,0.0489
Linus Ullmark,OTT,8476999,30,0.028911933302879333,0.00414289953187108,0,0.0089,0.0489
Linus Ullmark,OTT,8476999,31,0.028910815715789795,0.00414289953187108,0,0.0089,0.0489
Linus Ullmark,OTT,8476999,32,0.028909163549542427,0.00414289953187108,0,0.0089,0.0489
Linus Ullmark,OTT,8476999,33,0.028907766565680504,0.00414289953187108,0,0.0089,0.0489
8474682,,8474682,0,-0.0027574733830988407,-0.002623938489705324,0,-0.0228,0.0172
8474682,,8474682,1,-0.0028205295093357563,-0.002623938489705324,0,-0.0228,0.0172
8474682,,8474682,2,-0.0028824859764426947,-0.002623938489705324,0,-0.0229,0.0171
8474682,,8474682,3,-0.002949656918644905,-0.002623938489705324,0,-0.0229,0.0171
8474682,,8474682,4,-0.003018327057361603,-0.002623938489705324,0,-0.023,0.017
8474682,,8474682,5,-0.003083514980971813,-0.002623938489705324,0,-0.0231,0.0169
8474682,,8474682,6,-0.0031535744201391935,-0.002623938489705324,0,-0.0232,0.0168
8474682,,8474682,7,-0.003225272987037897,-0.002623938489705324,0,-0.0232,0.0168
8474682,,8474682,8,-0.0032967545557767153,-0.002623938489705324,0,-0.0233,0.0167
8474682,,8474682,9,-0.003360230475664139,-0.002623938489705324,0,-0.0234,0.0166
8474682,,8474682,10,-0.003418987151235342,-0.002623938489705324,0,-0.0234,0.0166
8474682,,8474682,11,-0.0034736893139779568,-0.002623938489705324,0,-0.0235,0.0165
8474682,,8474682,12,-0.0035129981115460396,-0.002623938489705324,0,-0.0235,0.0165
8474682,,8474682,13,-0.003549110610038042,-0.002623938489705324,0,-0.0235,0.0165
8474682,,8474682,14,-0.0035751094110310078,-0.002623938489705324,0,-0.0236,0.0164
8474682,,8474682,15,-0.0035972173791378736,-0.002623938489705324,0,-0.0236,0.0164
8474682,,8474682,16,-0.003627828322350979,-0.002623938489705324,0,-0.0236,0.0164
8474682,,8474682,17,-0.003662473987787962,-0.002623938489705324,0,-0.0237,0.0163
8474682,,8474682,18,-0.003692309372127056,-0.002623938489705324,0,-0.0237,0.0163
8474682,,8474682,19,-0.003718217369168997,-0.002623938489705324,0,-0.0237,0.0163
8474682,,8474682,20,-0.0037489612586796284,-0.002623938489705324,0,-0.0237,0.0163
8474682,,8474682,21,-0.0037836444098502398,-0.002623938489705324,0,-0.0238,0.0162
8474682,,8474682,22,-0.0038047637790441513,-0.002623938489705324,0,-0.0238,0.0162
8474682,,8474682,23,-0.0038139557000249624,-0.002623938489705324,0,-0.0238,0.0162
8474682,,8474682,24,-0.0038080564700067043,-0.002623938489705324,0,-0.0238,0.0162
8474682,,8474682,25,-0.0037990412674844265,-0.002623938489705324,0,-0.0238,0.0162
8474682,,8474682,26,-0.0038170968182384968,-0.002623938489705324,0,-0.0238,0.0162
8474682,,8474682,27,-0.003830153029412031,-0.002623938489705324,0,-0.0238,0.0162
8474682,,8474682,28,-0.0038450281135737896,-0.002623938489705324,0,-0.0238,0.0162
8474682,,8474682,29,-0.0038537541404366493,-0.002623938489705324,0,-0.0239,0.0161
8474682,,8474682,30,-0.0038580824621021748,-0.002623938489705324,0,-0.0239,0.0161
8474682,,8474682,31,-0.0038589192554354668,-0.002623938489705324,0,-0.0239,0.0161
8474682,,8474682,32,-0.003861048724502325,-0.002623938489705324,0,-0.0239,0.0161
8474682,,8474682,33,-0.0038621029816567898,-0.002623938489705324,0,-0.0239,0.0161
Samuel Ersson,PHI,8481035,0,-0.051934245973825455,-0.0493876188993454,0,-0.0719,-0.0319
Samuel Ersson,PHI,8481035,1,-0.05306188017129898,-0.0493876188993454,48,-0.056,-0.0502
Samuel Ersson,PHI,8481035,2,-0.05392130836844444,-0.0493876188993454,31,-0.0575,-0.0503
Samuel Ersson,PHI,8481035,3,-0.05454790219664574,-0.0493876188993454,65,-0.057,-0.052
Samuel Ersson,PHI,8481035,4,-0.0553540475666523,-0.0493876188993454,21,-0.0598,-0.051
Samuel Ersson,PHI,8481035,5,-0.05587241053581238,-0.0493876188993454,45,-0.0589,-0.0529
Samuel Ersson,PHI,8481035,6,-0.05645123869180679,-0.0493876188993454,37,-0.0598,-0.0532
Samuel Ersson,PHI,8481035,7,-0.05709483474493027,-0.0493876188993454,29,-0.0608,-0.0534
Samuel Ersson,PHI,8481035,8,-0.057684849947690964,-0.0493876188993454,29,-0.0614,-0.054
Samuel Ersson,PHI,8481035,9,-0.05803818255662918,-0.0493876188993454,0,-0.078,-0.038
Samuel Ersson,PHI,8481035,10,-0.05837621912360191,-0.0493876188993454,82,-0.0606,-0.0562
Samuel Ersson,PHI,8481035,11,-0.05892849713563919,-0.0493876188993454,94,-0.061,-0.0568
Samuel Ersson,PHI,8481035,12,-0.05966705456376076,-0.0493876188993454,47,-0.0626,-0.0568
Samuel Ersson,PHI,8481035,13,-0.060471318662166595,-0.0493876188993454,86,-0.0627,-0.0583
Samuel Ersson,PHI,8481035,14,-0.061039265245199203,-0.0493876188993454,37,-0.0643,-0.0577
Samuel Ersson,PHI,8481035,15,-0.061715904623270035,-0.0493876188993454,45,-0.0647,-0.0587
Samuel Ersson,PHI,8481035,16,-0.06222530081868172,-0.0493876188993454,37,-0.0655,-0.0589
Samuel Ersson,PHI,8481035,17,-0.06234676390886307,-0.0493876188993454,79,-0.0646,-0.06
Samuel Ersson,PHI,8481035,18,-0.06229366734623909,-0.0493876188993454,138,-0.064,-0.0606
Samuel Ersson,PHI,8481035,19,-0.062237706035375595,-0.0493876188993454,56,-0.0649,-0.0595
Samuel Ersson,PHI,8481035,20,-0.0616973452270031,-0.0493876188993454,0,-0.0817,-0.0417
Samuel Ersson,PHI,8481035,21,-0.061150066554546356,-0.0493876188993454,40,-0.0644,-0.058
Samuel Ersson,PHI,8481035,22,-0.06067514419555664,-0.0493876188993454,52,-0.0635,-0.0579
Samuel Ersson,PHI,8481035,23,-0.060461223125457764,-0.0493876188993454,44,-0.0635,-0.0575
Samuel Ersson,PHI,8481035,24,-0.06033538654446602,-0.0493876188993454,64,-0.0628,-0.0578
Samuel Ersson,PHI,8481035,25,-0.06047753244638443,-0.0493876188993454,29,-0.0642,-0.0568
Samuel Ersson,PHI,8481035,26,-0.06044938042759895,-0.0493876188993454,17,-0.0653,-0.0555
Samuel Ersson,PHI,8481035,27,-0.06032503768801689,-0.0493876188993454,42,-0.0634,-0.0572
Samuel Ersson,PHI,8481035,28,-0.06033267825841904,-0.0493876188993454,0,-0.0803,-0.0403
Samuel Ersson,PHI,8481035,29,-0.060347989201545715,-0.0493876188993454,0,-0.0803,-0.0403
Samuel Ersson,PHI,8481035,30,-0.06034577265381813,-0.0493876188993454,0,-0.0803,-0.0403
Samuel Ersson,PHI,8481035,31,-0.06035332754254341,-0.0493876188993454,0,-0.0804,-0.0404
Samuel Ersson,PHI,8481035,32,-0.06034885346889496,-0.0493876188993454,0,-0.0803,-0.0403
Samuel Ersson,PHI,8481035,33,-0.06035469099879265,-0.0493876188993454,0,-0.0804,-0.0404
Lukas Dostal,ANA,8480843,0,0.006847739219665527,0.008427241817116737,0,-0.0132,0.0268
Lukas Dostal,ANA,8480843,1,0.006142903584986925,0.008427241817116737,26,0.0022,0.01
Lukas Dostal,ANA,8480843,2,0.005379969719797373,0.008427241817116737,42,0.0023,0.0085
Lukas Dostal,ANA,8480843,3,0.004812323022633791,0.008427241817116737,45,0.0018,0.0078
Lukas Dostal,ANA,8480843,4,0.004269254393875599,0.008427241817116737,128,0.0025,0.0061
Lukas Dostal,ANA,8480843,5,0.003676244057714939,0.008427241817116737,97,0.0017,0.0057
Lukas Dostal,ANA,8480843,6,0.003025106154382229,0.008427241817116737,156,0.0014,0.0046
Lukas Dostal,ANA,8480843,7,0.0016928550321608782,0.008427241817116737,115,-0.0002,0.0036
Lukas Dostal,ANA,8480843,8,0.0004739430150948465,0.008427241817116737,93,-0.0016,0.0026
Lukas Dostal,ANA,8480843,9,-0.0005734108854085207,0.008427241817116737,125,-0.0024,0.0012
Lukas Dostal,ANA,8480843,10,-0.001665095565840602,0.008427241817116737,0,-0.0217,0.0183
Lukas Dostal,ANA,8480843,11,-0.002753820503130555,0.008427241817116737,0,-0.0228,0.0172
Lukas Dostal,ANA,8480843,12,-0.003826371394097805,0.008427241817116737,38,-0.007,-0.0006
Lukas Dostal,ANA,8480843,13,-0.004929742775857449,0.008427241817116737,97,-0.0069,-0.0029
Lukas Dostal,ANA,8480843,14,-0.005877346731722355,0.008427241817116737,84,-0.0081,-0.0037
Lukas Dostal,ANA,8480843,15,-0.006533261854201555,0.008427241817116737,119,-0.0083,-0.0047
Lukas Dostal,ANA,8480843,16,-0.0067372811026871204,0.008427241817116737,96,-0.0087,-0.0047
Lukas Dostal,ANA,8480843,17,-0.006824360229074955,0.008427241817116737,82,-0.009,-0.0046
Lukas Dostal,ANA,8480843,18,-0.007241524290293455,0.008427241817116737,186,-0.0087,-0.0057
Lukas Dostal,ANA,8480843,19,-0.00806490983814001,0.008427241817116737,87,-0.0102,-0.006
Lukas Dostal,ANA,8480843,20,-0.009052332490682602,0.008427241817116737,43,-0.0121,-0.0061
Lukas Dostal,ANA,8480843,21,-0.010141455568373203,0.008427241817116737,101,-0.0121,-0.0081
Lukas Dostal,ANA,8480843,22,-0.011168602854013443,0.008427241817116737,116,-0.0131,-0.0093
Lukas Dostal,ANA,8480843,23,-0.012155896052718163,0.008427241817116737,97,-0.0142,-0.0102
Lukas Dostal,ANA,8480843,24,-0.013520214706659317,0.008427241817116737,95,-0.0156,-0.0114
Lukas Dostal,ANA,8480843,25,-0.014982404187321663,0.008427241817116737,71,-0.0174,-0.0126
Lukas Dostal,ANA,8480843,26,-0.016026105731725693,0.008427241817116737,102,-0.018,-0.014
Lukas Dostal,ANA,8480843,27,-0.016797196120023727,0.008427241817116737,34,-0.0202,-0.0134
Lukas Dostal,ANA,8480843,28,-0.017519472166895866,0.008427241817116737,168,-0.019,-0.016
Lukas Dostal,ANA,8480843,29,-0.01791013963520527,0.008427241817116737,56,-0.0206,-0.0152
Lukas Dostal,ANA,8480843,30,-0.018166758120059967,0.008427241817116737,111,-0.0201,-0.0163
Lukas Dostal,ANA,8480843,31,-0.0183384008705616,0.008427241817116737,90,-0.0204,-0.0162
Lukas Dostal,ANA,8480843,32,-0.018343886360526085,0.008427241817116737,0,-0.0383,0.0017
Lukas Dostal,ANA,8480843,33,-0.01834222674369812,0.008427241817116737,0,-0.0383,0.0017
Alex Lyon,BUF,8479312,0,0.022785937413573265,0.020872019231319427,0,0.0028,0.0428
Alex Lyon,BUF,8479312,1,0.02363426983356476,0.020872019231319427,62,0.0211,0.0261
Alex Lyon,BUF,8479312,2,0.02441900223493576,0.020872019231319427,17,0.0195,0.0293
Alex Lyon,BUF,8479312,3,0.0252982247620821,0.020872019231319427,93,0.0232,0.0274
Alex Lyon,BUF,8479312,4,0.02613510563969612,0.020872019231319427,159,0.0245,0.0277
Alex Lyon,BUF,8479312,5,0.02665092423558235,0.020872019231319427,90,0.0246,0.0288
Alex Lyon,BUF,8479312,6,0.02716841734945774,0.020872019231319427,96,0.0252,0.0292
Alex Lyon,BUF,8479312,7,0.027849111706018448,0.020872019231319427,104,0.0258,0.0298
Alex Lyon,BUF,8479312,8,0.028413068503141403,0.020872019231319427,6,0.0202,0.0366
Alex Lyon,BUF,8479312,9,0.029139844700694084,0.020872019231319427,0,0.0091,0.0491
Alex Lyon,BUF,8479312,10,0.029874088242650032,0.020872019231319427,29,0.0262,0.0336
Alex Lyon,BUF,8479312,11,0.030924558639526367,0.020872019231319427,0,0.0109,0.0509
Alex Lyon,BUF,8479312,12,0.0319899246096611,0.020872019231319427,145,0.0303,0.0337
Alex Lyon,BUF,8479312,13,0.03272712975740433,0.020872019231319427,93,0.0306,0.0348
Alex Lyon,BUF,8479312,14,0.03333016857504845,0.020872019231319427,45,0.0303,0.0363
Alex Lyon,BUF,8479312,15,0.033802345395088196,0.020872019231319427,27,0.03,0.0376
Alex Lyon,BUF,8479312,16,0.034309010952711105,0.020872019231319427,0,0.0143,0.0543
Alex Lyon,BUF,8479312,17,0.03481082245707512,0.020872019231319427,0,0.0148,0.0548
Alex Lyon,BUF,8479312,18,0.03531888499855995,0.020872019231319427,104,0.0333,0.0373
Alex Lyon,BUF,8479312,19,0.03539504483342171,0.020872019231319427,92,0.0333,0.0375
Alex Lyon,BUF,8479312,20,0.03532460331916809,0.020872019231319427,99,0.0333,0.0373
Alex Lyon,BUF,8479312,21,0.035210020840168,0.020872019231319427,48,0.0323,0.0381
Alex Lyon,BUF,8479312,22,0.034964293241500854,0.020872019231319427,28,0.0312,0.0388
Alex Lyon,BUF,8479312,23,0.03471680358052254,0.020872019231319427,87,0.0326,0.0368
Alex Lyon,BUF,8479312,24,0.034430909901857376,0.020872019231319427,28,0.0306,0.0382
Alex Lyon,BUF,8479312,25,0.03433559834957123,0.020872019231319427,8,0.0272,0.0414
Alex Lyon,BUF,8479312,26,0.03445219621062279,0.020872019231319427,0,0.0145,0.0545
Alex Lyon,BUF,8479312,27,0.034571241587400436,0.020872019231319427,0,0.0146,0.0546
Alex Lyon,BUF,8479312,28,0.03468966484069824,0.020872019231319427,83,0.0325,0.0369
Alex Lyon,BUF,8479312,29,0.034474506974220276,0.020872019231319427,85,0.0323,0.0367
Alex Lyon,BUF,8479312,30,0.034031644463539124,0.020872019231319427,129,0.0322,0.0358
Alex Lyon,BUF,8479312,31,0.03370245546102524,0.020872019231319427,8,0.0266,0.0408
Alex Lyon,BUF,8479312,32,0.03370251506567001,0.020872019231319427,0,0.0137,0.0537
Alex Lyon,BUF,8479312,33,0.03369974344968796,0.020872019231319427,0,0.0137,0.0537
Arvid Soderblom,CHI,8482821,0,-0.01338281761854887,-0.01187749020755291,0,-0.0334,0.0066
Arvid Soderblom,CHI,8482821,1,-0.014056243933737278,-0.01187749020755291,53,-0.0168,-0.0114
Arvid Soderblom,CHI,8482821,2,-0.014830732718110085,-0.01187749020755291,40,-0.018,-0.0116
Arvid Soderblom,CHI,8482821,3,-0.015529465861618519,-0.01187749020755291,48,-0.0184,-0.0126
Arvid Soderblom,CHI,8482821,4,-0.0162640567868948,-0.01187749020755291,43,-0.0193,-0.0133
Arvid Soderblom,CHI,8482821,5,-0.016963470727205276,-0.01187749020755291,36,-0.0203,-0.0137
Arvid Soderblom,CHI,8482821,6,-0.017665129154920578,-0.01187749020755291,0,-0.0377,0.0023
Arvid Soderblom,CHI,8482821,7,-0.01836860552430153,-0.01187749020755291,99,-0.0204,-0.0164
Arvid Soderblom,CHI,8482821,8,-0.01936613768339157,-0.01187749020755291,0,-0.0394,0.0006
Arvid Soderblom,CHI,8482821,9,-0.02035832218825817,-0.01187749020755291,74,-0.0227,-0.0181
Arvid Soderblom,CHI,8482821,10,-0.020755717530846596,-0.01187749020755291,44,-0.0238,-0.0178
Arvid Soderblom,CHI,8482821,11,-0.021062172949314117,-0.01187749020755291,72,-0.0235,-0.0187
Arvid Soderblom,CHI,8482821,12,-0.021175729110836983,-0.01187749020755291,33,-0.0247,-0.0177
Arvid Soderblom,CHI,8482821,13,-0.021220771595835686,-0.01187749020755291,61,-0.0238,-0.0186
Arvid Soderblom,CHI,8482821,14,-0.021131960675120354,-0.01187749020755291,68,-0.0235,-0.0187
Arvid Soderblom,CHI,8482821,15,-0.02107987180352211,-0.01187749020755291,31,-0.0247,-0.0175
Arvid Soderblom,CHI,8482821,16,-0.02107710763812065,-0.01187749020755291,0,-0.0411,-0.0011
Arvid Soderblom,CHI,8482821,17,-0.021082408726215363,-0.01187749020755291,36,-0.0244,-0.0178
Arvid Soderblom,CHI,8482821,18,-0.020873110741376877,-0.01187749020755291,57,-0.0235,-0.0183
Arvid Soderblom,CHI,8482821,19,-0.02098466455936432,-0.01187749020755291,66,-0.0235,-0.0185
Arvid Soderblom,CHI,8482821,20,-0.021043680608272552,-0.01187749020755291,0,-0.041,-0.001
Arvid Soderblom,CHI,8482821,21,-0.021108444780111313,-0.01187749020755291,0,-0.0411,-0.0011
Arvid Soderblom,CHI,8482821,22,-0.021159067749977112,-0.01187749020755291,0,-0.0412,-0.0012
Arvid Soderblom,CHI,8482821,23,-0.021197065711021423,-0.01187749020755291,65,-0.0237,-0.0187
Arvid Soderblom,CHI,8482821,24,-0.021279634907841682,-0.01187749020755291,134,-0.023,-0.0196
Arvid Soderblom,CHI,8482821,25,-0.021464606747031212,-0.01187749020755291,45,-0.0245,-0.0185
Arvid Soderblom,CHI,8482821,26,-0.021702729165554047,-0.01187749020755291,36,-0.025,-0.0184
Arvid Soderblom,CHI,8482821,27,-0.021713851019740105,-0.01187749020755291,0,-0.0417,-0.0017
Arvid Soderblom,CHI,8482821,28,-0.021730557084083557,-0.01187749020755291,0,-0.0417,-0.0017
Arvid Soderblom,CHI,8482821,29,-0.02173805423080921,-0.01187749020755291,0,-0.0417,-0.0017
Arvid Soderblom,CHI,8482821,30,-0.021742571145296097,-0.01187749020755291,0,-0.0417,-0.0017
Arvid Soderblom,CHI,8482821,31,-0.021744148805737495,-0.01187749020755291,0,-0.0417,-0.0017
Arvid Soderblom,CHI,8482821,32,-0.02174549549818039,-0.01187749020755291,0,-0.0417,-0.0017
Arvid Soderblom,CHI,8482821,33,-0.021746741607785225,-0.01187749020755291,0,-0.0417,-0.0017
Cam Talbot,DET,8475660,0,-0.011393913067877293,-0.009799034334719181,0,-0.0314,0.0086
Cam Talbot,DET,8475660,1,-0.012104617431759834,-0.009799034334719181,19,-0.0167,-0.0075
Cam Talbot,DET,8475660,2,-0.012761477380990982,-0.009799034334719181,69,-0.0152,-0.0104
Cam Talbot,DET,8475660,3,-0.013657853938639164,-0.009799034334719181,41,-0.0168,-0.0106
Cam Talbot,DET,8475660,4,-0.01454233005642891,-0.009799034334719181,92,-0.0166,-0.0124
Cam Talbot,DET,8475660,5,-0.01567903533577919,-0.009799034334719181,41,-0.0188,-0.0126
Cam Talbot,DET,8475660,6,-0.016436364501714706,-0.009799034334719181,92,-0.0185,-0.0143
Cam Talbot,DET,8475660,7,-0.017363617196679115,-0.009799034334719181,46,-0.0203,-0.0145
Cam Talbot,DET,8475660,8,-0.01821330189704895,-0.009799034334719181,56,-0.0209,-0.0155
Cam Talbot,DET,8475660,9,-0.019199566915631294,-0.009799034334719181,83,-0.0214,-0.017
Cam Talbot,DET,8475660,10,-0.020248467102646828,-0.009799034334719181,107,-0.0221,-0.0183
Cam Talbot,DET,8475660,11,-0.020909415557980537,-0.009799034334719181,51,-0.0237,-0.0181
Cam Talbot,DET,8475660,12,-0.0214267335832119,-0.009799034334719181,38,-0.0246,-0.0182
Cam Talbot,DET,8475660,13,-0.021879708394408226,-0.009799034334719181,96,-0.0239,-0.0199
Cam Talbot,DET,8475660,14,-0.022439274936914444,-0.009799034334719181,41,-0.0255,-0.0193
Cam Talbot,DET,8475660,15,-0.02305324375629425,-0.009799034334719181,46,-0.026,-0.0202
Cam Talbot,DET,8475660,16,-0.02360912412405014,-0.009799034334719181,0,-0.0436,-0.0036
Cam Talbot,DET,8475660,17,-0.024169452488422394,-0.009799034334719181,53,-0.0269,-0.0215
Cam Talbot,DET,8475660,18,-0.024911094456911087,-0.009799034334719181,50,-0.0277,-0.0221
Cam Talbot,DET,8475660,19,-0.025567585602402687,-0.009799034334719181,10,-0.0319,-0.0193
Cam Talbot,DET,8475660,20,-0.02621181681752205,-0.009799034334719181,0,-0.0462,-0.0062
Cam Talbot,DET,8475660,21,-0.02686369977891445,-0.009799034334719181,46,-0.0298,-0.024
Cam Talbot,DET,8475660,22,-0.027329523116350174,-0.009799034334719181,0,-0.0473,-0.0073
Cam Talbot,DET,8475660,23,-0.027786968275904655,-0.009799034334719181,0,-0.0478,-0.0078
Cam Talbot,DET,8475660,24,-0.02822549268603325,-0.009799034334719181,6,-0.0364,-0.02
Cam Talbot,DET,8475660,25,-0.028716670349240303,-0.009799034334719181,71,-0.0311,-0.0263
Cam Talbot,DET,8475660,26,-0.02903040684759617,-0.009799034334719181,15,-0.0342,-0.0238
Cam Talbot,DET,8475660,27,-0.02934020385146141,-0.009799034334719181,54,-0.032,-0.0266
Cam Talbot,DET,8475660,28,-0.029354700818657875,-0.009799034334719181,0,-0.0494,-0.0094
Cam Talbot,DET,8475660,29,-0.029362963512539864,-0.009799034334719181,0,-0.0494,-0.0094
Cam Talbot,DET,8475660,30,-0.029368702322244644,-0.009799034334719181,0,-0.0494,-0.0094
Cam Talbot,DET,8475660,31,-0.029368292540311813,-0.009799034334719181,0,-0.0494,-0.0094
Cam Talbot,DET,8475660,32,-0.02937055565416813,-0.009799034334719181,0,-0.0494,-0.0094
Cam Talbot,DET,8475660,33,-0.02937210537493229,-0.009799034334719181,0,-0.0494,-0.0094
Daniil Tarasov,FLA,8480193,0,-0.02379022166132927,-0.024257361888885498,24,-0.0279,-0.0197
Daniil Tarasov,FLA,8480193,1,-0.023494189605116844,-0.024257361888885498,61,-0.0261,-0.0209
Daniil Tarasov,FLA,8480193,2,-0.02352580986917019,-0.024257361888885498,46,-0.0264,-0.0206
Daniil Tarasov,FLA,8480193,3,-0.02343030646443367,-0.024257361888885498,0,-0.0434,-0.0034
Daniil Tarasov,FLA,8480193,4,-0.023338085040450096,-0.024257361888885498,86,-0.0255,-0.0211
Daniil Tarasov,FLA,8480193,5,-0.023244231939315796,-0.024257361888885498,0,-0.0432,-0.0032
Daniil Tarasov,FLA,8480193,6,-0.02315569669008255,-0.024257361888885498,31,-0.0268,-0.0196
Daniil Tarasov,FLA,8480193,7,-0.023121409118175507,-0.024257361888885498,28,-0.0269,-0.0193
Daniil Tarasov,FLA,8480193,8,-0.023043103516101837,-0.024257361888885498,62,-0.0255,-0.0205
Daniil Tarasov,FLA,8480193,9,-0.023043563589453697,-0.024257361888885498,21,-0.0274,-0.0186
Daniil Tarasov,FLA,8480193,10,-0.023221710696816444,-0.024257361888885498,97,-0.0252,-0.0212
Daniil Tarasov,FLA,8480193,11,-0.0232594832777977,-0.024257361888885498,36,-0.0266,-0.02
Daniil Tarasov,FLA,8480193,12,-0.023428741842508316,-0.024257361888885498,57,-0.026,-0.0208
Daniil Tarasov,FLA,8480193,13,-0.023394810035824776,-0.024257361888885498,87,-0.0255,-0.0213
Daniil Tarasov,FLA,8480193,14,-0.02325166016817093,-0.024257361888885498,0,-0.0433,-0.0033
Daniil Tarasov,FLA,8480193,15,-0.02310645394027233,-0.024257361888885498,98,-0.0251,-0.0211
Daniil Tarasov,FLA,8480193,16,-0.02320331707596779,-0.024257361888885498,0,-0.0432,-0.0032
Daniil Tarasov,FLA,8480193,17,-0.02330607920885086,-0.024257361888885498,45,-0.0263,-0.0203
Daniil Tarasov,FLA,8480193,18,-0.023479703813791275,-0.024257361888885498,66,-0.026,-0.021
Daniil Tarasov,FLA,8480193,19,-0.0238957479596138,-0.024257361888885498,41,-0.027,-0.0208
Daniil Tarasov,FLA,8480193,20,-0.02411649376153946,-0.024257361888885498,32,-0.0276,-0.0206
Daniil Tarasov,FLA,8480193,21,-0.024045979604125023,-0.024257361888885498,51,-0.0268,-0.0212
Daniil Tarasov,FLA,8480193,22,-0.024148618802428246,-0.024257361888885498,34,-0.0275,-0.0207
Daniil Tarasov,FLA,8480193,23,-0.023891586810350418,-0.024257361888885498,46,-0.0268,-0.021
Daniil Tarasov,FLA,8480193,24,-0.023555217310786247,-0.024257361888885498,124,-0.0254,-0.0218
Daniil Tarasov,FLA,8480193,25,-0.023312995210289955,-0.024257361888885498,97,-0.0253,-0.0213
Daniil Tarasov,FLA,8480193,26,-0.022728214040398598,-0.024257361888885498,83,-0.0249,-0.0205
Daniil Tarasov,FLA,8480193,27,-0.022381959483027458,-0.024257361888885498,85,-0.0246,-0.0202
Daniil Tarasov,FLA,8480193,28,-0.02239283360540867,-0.024257361888885498,0,-0.0424,-0.0024
Daniil Tarasov,FLA,8480193,29,-0.022405078634619713,-0.024257361888885498,0,-0.0424,-0.0024
Daniil Tarasov,FLA,8480193,30,-0.02240622788667679,-0.024257361888885498,0,-0.0424,-0.0024
Daniil Tarasov,FLA,8480193,31,-0.022410256788134575,-0.024257361888885498,0,-0.0424,-0.0024
Daniil Tarasov,FLA,8480193,32,-0.022408846765756607,-0.024257361888885498,0,-0.0424,-0.0024
Daniil Tarasov,FLA,8480193,33,-0.022412844002246857,-0.024257361888885498,0,-0.0424,-0.0024
Charlie Lindgren,WSH,8479292,0,-0.011828788556158543,-0.010974513366818428,0,-0.0318,0.0082
Charlie Lindgren,WSH,8479292,1,-0.01221107505261898,-0.010974513366818428,41,-0.0153,-0.0091
Charlie Lindgren,WSH,8479292,2,-0.012753820046782494,-0.010974513366818428,38,-0.016,-0.0096
Charlie Lindgren,WSH,8479292,3,-0.013366861268877983,-0.010974513366818428,53,-0.0161,-0.0107
Charlie Lindgren,WSH,8479292,4,-0.014312542043626308,-0.010974513366818428,35,-0.0177,-0.0109
Charlie Lindgren,WSH,8479292,5,-0.015138762071728706,-0.010974513366818428,45,-0.0181,-0.0121
Charlie Lindgren,WSH,8479292,6,-0.015646468847990036,-0.010974513366818428,40,-0.0188,-0.0124
Charlie Lindgren,WSH,8479292,7,-0.016145361587405205,-0.010974513366818428,50,-0.0189,-0.0133
Charlie Lindgren,WSH,8479292,8,-0.016572341322898865,-0.010974513366818428,0,-0.0366,0.0034
Charlie Lindgren,WSH,8479292,9,-0.01698738895356655,-0.010974513366818428,98,-0.019,-0.015
Charlie Lindgren,WSH,8479292,10,-0.017558662220835686,-0.010974513366818428,37,-0.0209,-0.0143
Charlie Lindgren,WSH,8479292,11,-0.01816239021718502,-0.010974513366818428,39,-0.0214,-0.015
Charlie Lindgren,WSH,8479292,12,-0.018885448575019836,-0.010974513366818428,0,-0.0389,0.0011
Charlie Lindgren,WSH,8479292,13,-0.019606083631515503,-0.010974513366818428,88,-0.0217,-0.0175
Charlie Lindgren,WSH,8479292,14,-0.02013644017279148,-0.010974513366818428,0,-0.0401,-0.0001
Charlie Lindgren,WSH,8479292,15,-0.020662667229771614,-0.010974513366818428,40,-0.0239,-0.0175
Charlie Lindgren,WSH,8479292,16,-0.021217189729213715,-0.010974513366818428,93,-0.0233,-0.0191
Charlie Lindgren,WSH,8479292,17,-0.021634964272379875,-0.010974513366818428,0,-0.0416,-0.0016
Charlie Lindgren,WSH,8479292,18,-0.022049695253372192,-0.010974513366818428,128,-0.0238,-0.0202
Charlie Lindgren,WSH,8479292,19,-0.022409910336136818,-0.010974513366818428,40,-0.0256,-0.0192
Charlie Lindgren,WSH,8479292,20,-0.022761020809412003,-0.010974513366818428,0,-0.0428,-0.0028
Charlie Lindgren,WSH,8479292,21,-0.023115310817956924,-0.010974513366818428,36,-0.0264,-0.0198
Charlie Lindgren,WSH,8479292,22,-0.02335747331380844,-0.010974513366818428,50,-0.0262,-0.0206
Charlie Lindgren,WSH,8479292,23,-0.0237941462546587,-0.010974513366818428,0,-0.0438,-0.0038
Charlie Lindgren,WSH,8479292,24,-0.02421775460243225,-0.010974513366818428,0,-0.0442,-0.0042
Charlie Lindgren,WSH,8479292,25,-0.024635357782244682,-0.010974513366818428,46,-0.0275,-0.0217
Charlie Lindgren,WSH,8479292,26,-0.024655764922499657,-0.010974513366818428,0,-0.0447,-0.0047
Charlie Lindgren,WSH,8479292,27,-0.024666236713528633,-0.010974513366818428,0,-0.0447,-0.0047
Charlie Lindgren,WSH,8479292,28,-0.024683251976966858,-0.010974513366818428,0,-0.0447,-0.0047
Charlie Lindgren,WSH,8479292,29,-0.024690905585885048,-0.010974513366818428,0,-0.0447,-0.0047
Charlie Lindgren,WSH,8479292,30,-0.02469542622566223,-0.010974513366818428,0,-0.0447,-0.0047
Charlie Lindgren,WSH,8479292,31,-0.02469593472778797,-0.010974513366818428,0,-0.0447,-0.0047
Charlie Lindgren,WSH,8479292,32,-0.024698656052350998,-0.010974513366818428,0,-0.0447,-0.0047
Charlie Lindgren,WSH,8479292,33,-0.024699442088603973,-0.010974513366818428,0,-0.0447,-0.0047
8483805,,8483805,0,0.00041837338358163834,0.000552136218175292,0,-0.0196,0.0204
8483805,,8483805,1,0.00035569671308621764,0.000552136218175292,0,-0.0196,0.0204
8483805,,8483805,2,0.0002933428040705621,0.000552136218175292,0,-0.0197,0.0203
8483805,,8483805,3,0.0002266397059429437,0.000552136218175292,0,-0.0198,0.0202
8483805,,8483805,4,0.00015753746265545487,0.000552136218175292,0,-0.0198,0.0202
8483805,,8483805,5,9.270099690183997e-05,0.000552136218175292,0,-0.0199,0.0201
8483805,,8483805,6,2.2542779333889484e-05,0.000552136218175292,0,-0.02,0.02
8483805,,8483805,7,-4.9144960939884186e-05,0.000552136218175292,0,-0.02,0.02
8483805,,8483805,8,-0.00012055912520736456,0.000552136218175292,0,-0.0201,0.0199
8483805,,8483805,9,-0.00018411182099953294,0.000552136218175292,0,-0.0202,0.0198
8483805,,8483805,10,-0.0002427259460091591,0.000552136218175292,0,-0.0202,0.0198
8483805,,8483805,11,-0.00029751588590443134,0.000552136218175292,0,-0.0203,0.0197
8483805,,8483805,12,-0.0003367219469510019,0.000552136218175292,0,-0.0203,0.0197
8483805,,8483805,13,-0.0003729331074282527,0.000552136218175292,0,-0.0204,0.0196
8483805,,8483805,14,-0.0003988112439401448,0.000552136218175292,0,-0.0204,0.0196
8483805,,8483805,15,-0.0004208952304907143,0.000552136218175292,0,-0.0204,0.0196
8483805,,8483805,16,-0.0004516501212492585,0.000552136218175292,0,-0.0205,0.0195
8483805,,8483805,17,-0.0004861060297116637,0.000552136218175292,0,-0.0205,0.0195
8483805,,8483805,18,-0.0005160107975825667,0.000552136218175292,0,-0.0205,0.0195
8483805,,8483805,19,-0.0005418448708951473,0.000552136218175292,0,-0.0205,0.0195
8483805,,8483805,20,-0.0005727071547880769,0.000552136218175292,0,-0.0206,0.0194
8483805,,8483805,21,-0.0006072415853850543,0.000552136218175292,0,-0.0206,0.0194
8483805,,8483805,22,-0.0006284475675784051,0.000552136218175292,0,-0.0206,0.0194
8483805,,8483805,23,-0.0006375545053742826,0.000552136218175292,0,-0.0206,0.0194
8483805,,8483805,24,-0.0006317145307548344,0.000552136218175292,0,-0.0206,0.0194
8483805,,8483805,25,-0.0006227067206054926,0.000552136218175292,0,-0.0206,0.0194
8483805,,8483805,26,-0.0006406273460015655,0.000552136218175292,0,-0.0206,0.0194
8483805,,8483805,27,-0.0006538409506902099,0.000552136218175292,0,-0.0207,0.0193
8483805,,8483805,28,-0.0006685869884677231,0.000552136218175292,0,-0.0207,0.0193
8483805,,8483805,29,-0.0006774241919629276,0.000552136218175292,0,-0.0207,0.0193
8483805,,8483805,30,-0.0006816589157097042,0.000552136218175292,0,-0.0207,0.0193
8483805,,8483805,31,-0.0006824698066338897,0.000552136218175292,0,-0.0207,0.0193
8483805,,8483805,32,-0.0006847174954600632,0.000552136218175292,0,-0.0207,0.0193
8483805,,8483805,33,-0.0006856469553895295,0.000552136218175292,0,-0.0207,0.0193
Frederik Andersen,CAR,8475883,0,0.025869745761156082,0.02543940208852291,0,0.0059,0.0459
Frederik Andersen,CAR,8475883,1,0.026058334857225418,0.02543940208852291,15,0.0209,0.0313
Frederik Andersen,CAR,8475883,2,0.026189861819148064,0.02543940208852291,28,0.0224,0.03
Frederik Andersen,CAR,8475883,3,0.026371074840426445,0.02543940208852291,68,0.024,0.0288
Frederik Andersen,CAR,8475883,4,0.026675555855035782,0.02543940208852291,36,0.0234,0.03
Frederik Andersen,CAR,8475883,5,0.026831867173314095,0.02543940208852291,105,0.0248,0.0288
Frederik Andersen,CAR,8475883,6,0.026913687586784363,0.02543940208852291,84,0.0247,0.0291
Frederik Andersen,CAR,8475883,7,0.027025343850255013,0.02543940208852291,35,0.0236,0.0304
Frederik Andersen,CAR,8475883,8,0.027152517810463905,0.02543940208852291,76,0.0249,0.0295
Frederik Andersen,CAR,8475883,9,0.027377324178814888,0.02543940208852291,62,0.0249,0.0299
Frederik Andersen,CAR,8475883,10,0.027758469805121422,0.02543940208852291,33,0.0243,0.0313
Frederik Andersen,CAR,8475883,11,0.028239330276846886,0.02543940208852291,30,0.0245,0.0319
Frederik Andersen,CAR,8475883,12,0.028887029737234116,0.02543940208852291,0,0.0089,0.0489
Frederik Andersen,CAR,8475883,13,0.029540829360485077,0.02543940208852291,0,0.0095,0.0495
Frederik Andersen,CAR,8475883,14,0.030202213674783707,0.02543940208852291,42,0.0271,0.0333
Frederik Andersen,CAR,8475883,15,0.03111197240650654,0.02543940208852291,94,0.029,0.0332
Frederik Andersen,CAR,8475883,16,0.032224126160144806,0.02543940208852291,29,0.0285,0.0359
Frederik Andersen,CAR,8475883,17,0.03325200080871582,0.02543940208852291,69,0.0309,0.0357
Frederik Andersen,CAR,8475883,18,0.03422563150525093,0.02543940208852291,32,0.0307,0.0377
Frederik Andersen,CAR,8475883,19,0.03524747118353844,0.02543940208852291,63,0.0327,0.0377
Frederik Andersen,CAR,8475883,20,0.03613908216357231,0.02543940208852291,0,0.0161,0.0561
Frederik Andersen,CAR,8475883,21,0.03703327849507332,0.02543940208852291,35,0.0336,0.0404
Frederik Andersen,CAR,8475883,22,0.037894368171691895,0.02543940208852291,76,0.0356,0.0402
Frederik Andersen,CAR,8475883,23,0.038750212639570236,0.02543940208852291,76,0.0365,0.0411
Frederik Andersen,CAR,8475883,24,0.039553601294755936,0.02543940208852291,57,0.037,0.0422
Frederik Andersen,CAR,8475883,25,0.04064096882939339,0.02543940208852291,68,0.0382,0.043
Frederik Andersen,CAR,8475883,26,0.04179314151406288,0.02543940208852291,80,0.0396,0.044
Frederik Andersen,CAR,8475883,27,0.042720500379800797,0.02543940208852291,36,0.0394,0.046
Frederik Andersen,CAR,8475883,28,0.043400850147008896,0.02543940208852291,142,0.0417,0.0451
Frederik Andersen,CAR,8475883,29,0.0434977263212204,0.02543940208852291,29,0.0398,0.0472
Frederik Andersen,CAR,8475883,30,0.043412383645772934,0.02543940208852291,101,0.0414,0.0454
Frederik Andersen,CAR,8475883,31,0.043096527457237244,0.02543940208852291,0,0.0231,0.0631
Frederik Andersen,CAR,8475883,32,0.042783621698617935,0.02543940208852291,49,0.0399,0.0457
Frederik Andersen,CAR,8475883,33,0.04275210574269295,0.02543940208852291,28,0.039,0.0466
Alexandar Georgiev,,8480382,0,-0.05678368732333183,-0.05656946077942848,0,-0.0768,-0.0368
Alexandar Georgiev,,8480382,1,-0.05688432604074478,-0.05656946077942848,90,-0.059,-0.0548
Alexandar Georgiev,,8480382,2,-0.05713193118572235,-0.05656946077942848,41,-0.0602,-0.054
Alexandar Georgiev,,8480382,3,-0.05720174312591553,-0.05656946077942848,0,-0.0772,-0.0372
Alexandar Georgiev,,8480382,4,-0.05726834014058113,-0.05656946077942848,0,-0.0773,-0.0373
Alexandar Georgiev,,8480382,5,-0.05733571946620941,-0.05656946077942848,0,-0.0773,-0.0373
Alexandar Georgiev,,8480382,6,-0.057404302060604095,-0.05656946077942848,0,-0.0774,-0.0374
Alexandar Georgiev,,8480382,7,-0.05747513473033905,-0.05656946077942848,0,-0.0775,-0.0375
Alexandar Georgiev,,8480382,8,-0.05755051225423813,-0.05656946077942848,0,-0.0776,-0.0376
Alexandar Georgiev,,8480382,9,-0.057608917355537415,-0.05656946077942848,0,-0.0776,-0.0376
Alexandar Georgiev,,8480382,10,-0.057670559734106064,-0.05656946077942848,0,-0.0777,-0.0377
Alexandar Georgiev,,8480382,11,-0.057725101709365845,-0.05656946077942848,0,-0.0777,-0.0377
Alexandar Georgiev,,8480382,12,-0.05776398628950119,-0.05656946077942848,0,-0.0778,-0.0378
Alexandar Georgiev,,8480382,13,-0.057799600064754486,-0.05656946077942848,0,-0.0778,-0.0378
Alexandar Georgiev,,8480382,14,-0.05782708525657654,-0.05656946077942848,0,-0.0778,-0.0378
Alexandar Georgiev,,8480382,15,-0.05784781649708748,-0.05656946077942848,0,-0.0778,-0.0378
Alexandar Georgiev,,8480382,16,-0.05787846818566322,-0.05656946077942848,0,-0.0779,-0.0379
Alexandar Georgiev,,8480382,17,-0.05791335552930832,-0.05656946077942848,0,-0.0779,-0.0379
Alexandar Georgiev,,8480382,18,-0.05794404819607735,-0.05656946077942848,0,-0.0779,-0.0379
Alexandar Georgiev,,8480382,19,-0.057968538254499435,-0.05656946077942848,0,-0.078,-0.038
Alexandar Georgiev,,8480382,20,-0.05800042673945427,-0.05656946077942848,0,-0.078,-0.038
Alexandar Georgiev,,8480382,21,-0.05803397670388222,-0.05656946077942848,0,-0.078,-0.038
Alexandar Georgiev,,8480382,22,-0.05805676057934761,-0.05656946077942848,0,-0.0781,-0.0381
Alexandar Georgiev,,8480382,23,-0.05806432291865349,-0.05656946077942848,0,-0.0781,-0.0381
Alexandar Georgiev,,8480382,24,-0.05805913358926773,-0.05656946077942848,0,-0.0781,-0.0381
Alexandar Georgiev,,8480382,25,-0.05805009603500366,-0.05656946077942848,0,-0.0781,-0.0381
Alexandar Georgiev,,8480382,26,-0.05806772783398628,-0.05656946077942848,0,-0.0781,-0.0381
Alexandar Georgiev,,8480382,27,-0.058082178235054016,-0.05656946077942848,0,-0.0781,-0.0381
Alexandar Georgiev,,8480382,28,-0.05809475854039192,-0.05656946077942848,0,-0.0781,-0.0381
Alexandar Georgiev,,8480382,29,-0.05810578167438507,-0.05656946077942848,0,-0.0781,-0.0381
Alexandar Georgiev,,8480382,30,-0.05810784921050072,-0.05656946077942848,0,-0.0781,-0.0381
Alexandar Georgiev,,8480382,31,-0.05811111629009247,-0.05656946077942848,0,-0.0781,-0.0381
Alexandar Georgiev,,8480382,32,-0.05811123549938202,-0.05656946077942848,0,-0.0781,-0.0381
Alexandar Georgiev,,8480382,33,-0.058113399893045425,-0.05656946077942848,0,-0.0781,-0.0381
8480867,,8480867,0,-7.811556861270219e-05,5.57041639694944e-05,0,-0.0201,0.0199
8480867,,8480867,1,-0.00014073896454647183,5.57041639694944e-05,0,-0.0201,0.0199
8480867,,8480867,2,-0.00020319639588706195,5.57041639694944e-05,0,-0.0202,0.0198
8480867,,8480867,3,-0.00026981058181263506,5.57041639694944e-05,0,-0.0203,0.0197
8480867,,8480867,4,-0.0003390377969481051,5.57041639694944e-05,0,-0.0203,0.0197
8480867,,8480867,5,-0.00040376585093326867,5.57041639694944e-05,0,-0.0204,0.0196
8480867,,8480867,6,-0.0004740864096675068,5.57041639694944e-05,0,-0.0205,0.0195
8480867,,8480867,7,-0.0005456166691146791,5.57041639694944e-05,0,-0.0205,0.0195
8480867,,8480867,8,-0.0006172328721731901,5.57041639694944e-05,0,-0.0206,0.0194
8480867,,8480867,9,-0.0006806068122386932,5.57041639694944e-05,0,-0.0207,0.0193
8480867,,8480867,10,-0.0007394175627268851,5.57041639694944e-05,0,-0.0207,0.0193
8480867,,8480867,11,-0.0007940307259559631,5.57041639694944e-05,0,-0.0208,0.0192
8480867,,8480867,12,-0.0008334455778822303,5.57041639694944e-05,0,-0.0208,0.0192
8480867,,8480867,13,-0.0008694510324858129,5.57041639694944e-05,0,-0.0209,0.0191
8480867,,8480867,14,-0.0008956090314313769,5.57041639694944e-05,0,-0.0209,0.0191
8480867,,8480867,15,-0.000917364377528429,5.57041639694944e-05,0,-0.0209,0.0191
8480867,,8480867,16,-0.0009485044283792377,5.57041639694944e-05,0,-0.0209,0.0191
8480867,,8480867,17,-0.000982595607638359,5.57041639694944e-05,0,-0.021,0.019
8480867,,8480867,18,-0.0010128504363819957,5.57041639694944e-05,0,-0.021,0.019
8480867,,8480867,19,-0.0010384024353697896,5.57041639694944e-05,0,-0.021,0.019
8480867,,8480867,20,-0.001069515012204647,5.57041639694944e-05,0,-0.0211,0.0189
8480867,,8480867,21,-0.0011038549710065126,5.57041639694944e-05,0,-0.0211,0.0189
8480867,,8480867,22,-0.0011252203257754445,5.57041639694944e-05,0,-0.0211,0.0189
8480867,,8480867,23,-0.001134208170697093,5.57041639694944e-05,0,-0.0211,0.0189
8480867,,8480867,24,-0.0011284984648227692,5.57041639694944e-05,0,-0.0211,0.0189
8480867,,8480867,25,-0.001119375228881836,5.57041639694944e-05,0,-0.0211,0.0189
8480867,,8480867,26,-0.0011373953893780708,5.57041639694944e-05,0,-0.0211,0.0189
8480867,,8480867,27,-0.0011505424045026302,5.57041639694944e-05,0,-0.0212,0.0188
8480867,,8480867,28,-0.0011653403053060174,5.57041639694944e-05,0,-0.0212,0.0188
8480867,,8480867,29,-0.0011741407215595245,5.57041639694944e-05,0,-0.0212,0.0188
8480867,,8480867,30,-0.0011784277157858014,5.57041639694944e-05,0,-0.0212,0.0188
8480867,,8480867,31,-0.0011791763827204704,5.57041639694944e-05,0,-0.0212,0.0188
8480867,,8480867,32,-0.0011815016623586416,5.57041639694944e-05,0,-0.0212,0.0188
8480867,,8480867,33,-0.0011823843233287334,5.57041639694944e-05,0,-0.0212,0.0188
8484835,,8484835,0,0.0032639557030051947,0.0033976819831877947,0,-0.0167,0.0233
8484835,,8484835,1,0.0032013074960559607,0.0033976819831877947,0,-0.0168,0.0232
8484835,,8484835,2,0.0031391640659421682,0.0033976819831877947,0,-0.0169,0.0231
8484835,,8484835,3,0.0030722827650606632,0.0033976819831877947,0,-0.0169,0.0231
8484835,,8484835,4,0.0030033448711037636,0.0033976819831877947,0,-0.017,0.023
8484835,,8484835,5,0.002938613761216402,0.0033976819831877947,0,-0.0171,0.0229
8484835,,8484835,6,0.0028683964628726244,0.0033976819831877947,0,-0.0171,0.0229
8484835,,8484835,7,0.002796844346448779,0.0033976819831877947,0,-0.0172,0.0228
8484835,,8484835,8,0.0027253921143710613,0.0033976819831877947,0,-0.0173,0.0227
8484835,,8484835,9,0.002662000246345997,0.0033976819831877947,0,-0.0173,0.0227
8484835,,8484835,10,0.002603287110105157,0.0033976819831877947,0,-0.0174,0.0226
8484835,,8484835,11,0.002548683201894164,0.0033976819831877947,0,-0.0175,0.0225
8484835,,8484835,12,0.0025093555450439453,0.0033976819831877947,0,-0.0175,0.0225
8484835,,8484835,13,0.002473374828696251,0.0033976819831877947,0,-0.0175,0.0225
8484835,,8484835,14,0.0024473140947520733,0.0033976819831877947,0,-0.0176,0.0224
8484835,,8484835,15,0.002425447106361389,0.0033976819831877947,0,-0.0176,0.0224
8484835,,8484835,16,0.0023946347646415234,0.0033976819831877947,0,-0.0176,0.0224
8484835,,8484835,17,0.0023602633737027645,0.0033976819831877947,0,-0.0176,0.0224
8484835,,8484835,18,0.0023303362540900707,0.0033976819831877947,0,-0.0177,0.0223
8484835,,8484835,19,0.002304486930370331,0.0033976819831877947,0,-0.0177,0.0223
8484835,,8484835,20,0.002273837337270379,0.0033976819831877947,0,-0.0177,0.0223
8484835,,8484835,21,0.0022390547674149275,0.0033976819831877947,0,-0.0178,0.0222
8484835,,8484835,22,0.002218139125034213,0.0033976819831877947,0,-0.0178,0.0222
8484835,,8484835,23,0.0022088612895458937,0.0033976819831877947,0,-0.0178,0.0222
8484835,,8484835,24,0.0022147675044834614,0.0033976819831877947,0,-0.0178,0.0222
8484835,,8484835,25,0.0022238828241825104,0.0033976819831877947,0,-0.0178,0.0222
8484835,,8484835,26,0.0022058095782995224,0.0033976819831877947,0,-0.0178,0.0222
8484835,,8484835,27,0.0021928094793111086,0.0033976819831877947,0,-0.0178,0.0222
8484835,,8484835,28,0.0021779118105769157,0.0033976819831877947,0,-0.0178,0.0222
8484835,,8484835,29,0.0021691410802304745,0.0033976819831877947,0,-0.0178,0.0222
8484835,,8484835,30,0.002164860488846898,0.0033976819831877947,0,-0.0178,0.0222
8484835,,8484835,31,0.0021641836501657963,0.0033976819831877947,0,-0.0178,0.0222
8484835,,8484835,32,0.0021617712918668985,0.0033976819831877947,0,-0.0178,0.0222
8484835,,8484835,33,0.00216106278821826,0.0033976819831877947,0,-0.0178,0.0222
Marc-Andre Fleury,,8470594,0,-0.011840063147246838,-0.01187638845294714,0,-0.0318,0.0082
Marc-Andre Fleury,,8470594,1,-0.011827858164906502,-0.01187638845294714,14,-0.0171,-0.0065
Marc-Andre Fleury,,8470594,2,-0.011889450252056122,-0.01187638845294714,0,-0.0319,0.0081
Marc-Andre Fleury,,8470594,3,-0.011956555768847466,-0.01187638845294714,0,-0.032,0.008
Marc-Andre Fleury,,8470594,4,-0.012025387957692146,-0.01187638845294714,0,-0.032,0.008
Marc-Andre Fleury,,8470594,5,-0.012090949341654778,-0.01187638845294714,0,-0.0321,0.0079
Marc-Andre Fleury,,8470594,6,-0.012160156853497028,-0.01187638845294714,0,-0.0322,0.0078
Marc-Andre Fleury,,8470594,7,-0.012232993729412556,-0.01187638845294714,0,-0.0322,0.0078
Marc-Andre Fleury,,8470594,8,-0.012303181923925877,-0.01187638845294714,0,-0.0323,0.0077
Marc-Andre Fleury,,8470594,9,-0.012368102557957172,-0.01187638845294714,0,-0.0324,0.0076
Marc-Andre Fleury,,8470594,10,-0.0124253174290061,-0.01187638845294714,0,-0.0324,0.0076
Marc-Andre Fleury,,8470594,11,-0.012481404468417168,-0.01187638845294714,0,-0.0325,0.0075
Marc-Andre Fleury,,8470594,12,-0.012519840151071548,-0.01187638845294714,0,-0.0325,0.0075
Marc-Andre Fleury,,8470594,13,-0.012556610628962517,-0.01187638845294714,0,-0.0326,0.0074
Marc-Andre Fleury,,8470594,14,-0.012581813149154186,-0.01187638845294714,0,-0.0326,0.0074
Marc-Andre Fleury,,8470594,15,-0.012604692950844765,-0.01187638845294714,0,-0.0326,0.0074
Marc-Andre Fleury,,8470594,16,-0.01263473555445671,-0.01187638845294714,0,-0.0326,0.0074
Marc-Andre Fleury,,8470594,17,-0.012670018710196018,-0.01187638845294714,0,-0.0327,0.0073
Marc-Andre Fleury,,8470594,18,-0.012698960490524769,-0.01187638845294714,0,-0.0327,0.0073
Marc-Andre Fleury,,8470594,19,-0.012725905515253544,-0.01187638845294714,0,-0.0327,0.0073
Marc-Andre Fleury,,8470594,20,-0.01275588944554329,-0.01187638845294714,0,-0.0328,0.0072
Marc-Andre Fleury,,8470594,21,-0.012790825217962265,-0.01187638845294714,0,-0.0328,0.0072
Marc-Andre Fleury,,8470594,22,-0.012812313623726368,-0.01187638845294714,0,-0.0328,0.0072
Marc-Andre Fleury,,8470594,23,-0.012820417992770672,-0.01187638845294714,0,-0.0328,0.0072
Marc-Andre Fleury,,8470594,24,-0.012816225178539753,-0.01187638845294714,0,-0.0328,0.0072
Marc-Andre Fleury,,8470594,25,-0.01280535664409399,-0.01187638845294714,0,-0.0328,0.0072
Marc-Andre Fleury,,8470594,26,-0.012824908830225468,-0.01187638845294714,0,-0.0328,0.0072
Marc-Andre Fleury,,8470594,27,-0.012836837209761143,-0.01187638845294714,0,-0.0328,0.0072
Marc-Andre Fleury,,8470594,28,-0.012852862477302551,-0.01187638845294714,0,-0.0329,0.0071
Marc-Andre Fleury,,8470594,29,-0.012860442511737347,-0.01187638845294714,0,-0.0329,0.0071
Marc-Andre Fleury,,8470594,30,-0.012865652330219746,-0.01187638845294714,0,-0.0329,0.0071
Marc-Andre Fleury,,8470594,31,-0.012865781784057617,-0.01187638845294714,0,-0.0329,0.0071
Marc-Andre Fleury,,8470594,32,-0.012868581339716911,-0.01187638845294714,0,-0.0329,0.0071
Marc-Andre Fleury,,8470594,33,-0.01286921463906765,-0.01187638845294714,0,-0.0329,0.0071
Connor Hellebuyck,WPG,8476945,0,0.027376456186175346,0.028757279738783836,0,0.0074,0.0474
Connor Hellebuyck,WPG,8476945,1,0.02675510197877884,0.028757279738783836,0,0.0068,0.0468
Connor Hellebuyck,WPG,8476945,2,0.026141256093978882,0.028757279738783836,71,0.0237,0.0285
Connor Hellebuyck,WPG,8476945,3,0.02576146274805069,0.028757279738783836,92,0.0237,0.0279
Connor Hellebuyck,WPG,8476945,4,0.025401873514056206,0.028757279738783836,84,0.0232,0.0276
Connor Hellebuyck,WPG,8476945,5,0.02475198172032833,0.028757279738783836,135,0.0231,0.0265
Connor Hellebuyck,WPG,8476945,6,0.023859601467847824,0.028757279738783836,97,0.0219,0.0259
Connor Hellebuyck,WPG,8476945,7,0.022969653829932213,0.028757279738783836,78,0.0207,0.0253
Connor Hellebuyck,WPG,8476945,8,0.02189558744430542,0.028757279738783836,130,0.0201,0.0237
Connor Hellebuyck,WPG,8476945,9,0.02098867855966091,0.028757279738783836,0,0.001,0.041
Connor Hellebuyck,WPG,8476945,10,0.020078161731362343,0.028757279738783836,0,0.0001,0.0401
Connor Hellebuyck,WPG,8476945,11,0.019180411472916603,0.028757279738783836,0,-0.0008,0.0392
Connor Hellebuyck,WPG,8476945,12,0.018289484083652496,0.028757279738783836,34,0.0149,0.0217
Connor Hellebuyck,WPG,8476945,13,0.017290450632572174,0.028757279738783836,161,0.0157,0.0189
Connor Hellebuyck,WPG,8476945,14,0.016064569354057312,0.028757279738783836,37,0.0128,0.0194
Connor Hellebuyck,WPG,8476945,15,0.014986582100391388,0.028757279738783836,94,0.0129,0.0171
Connor Hellebuyck,WPG,8476945,16,0.014093561097979546,0.028757279738783836,134,0.0124,0.0158
Connor Hellebuyck,WPG,8476945,17,0.013311272487044334,0.028757279738783836,135,0.0116,0.015
Connor Hellebuyck,WPG,8476945,18,0.012528832070529461,0.028757279738783836,114,0.0106,0.0144
Connor Hellebuyck,WPG,8476945,19,0.011635486036539078,0.028757279738783836,88,0.0095,0.0137
Connor Hellebuyck,WPG,8476945,20,0.010771406814455986,0.028757279738783836,84,0.0086,0.013
Connor Hellebuyck,WPG,8476945,21,0.01002014335244894,0.028757279738783836,63,0.0075,0.0125
Connor Hellebuyck,WPG,8476945,22,0.009257982484996319,0.028757279738783836,130,0.0075,0.0111
Connor Hellebuyck,WPG,8476945,23,0.008641167543828487,0.028757279738783836,125,0.0068,0.0104
Connor Hellebuyck,WPG,8476945,24,0.008497226983308792,0.028757279738783836,131,0.0068,0.0102
Connor Hellebuyck,WPG,8476945,25,0.00808675866574049,0.028757279738783836,102,0.0061,0.0101
Connor Hellebuyck,WPG,8476945,26,0.007633805274963379,0.028757279738783836,106,0.0057,0.0095
Connor Hellebuyck,WPG,8476945,27,0.007389741018414497,0.028757279738783836,53,0.0047,0.0101
Connor Hellebuyck,WPG,8476945,28,0.007375139743089676,0.028757279738783836,0,-0.0126,0.0274
Connor Hellebuyck,WPG,8476945,29,0.007365881931036711,0.028757279738783836,0,-0.0126,0.0274
Connor Hellebuyck,WPG,8476945,30,0.007361824624240398,0.028757279738783836,0,-0.0126,0.0274
Connor Hellebuyck,WPG,8476945,31,0.007361008785665035,0.028757279738783836,0,-0.0126,0.0274
Connor Hellebuyck,WPG,8476945,32,0.0073588234372437,0.028757279738783836,0,-0.0126,0.0274
Connor Hellebuyck,WPG,8476945,33,0.007357731927186251,0.028757279738783836,0,-0.0126,0.0274
Thomas Milic,WPG,8483114,0,-0.003319936338812113,-0.0028060092590749264,14,-0.0086,0.002
Thomas Milic,WPG,8483114,1,-0.0035030937287956476,-0.0028060092590749264,0,-0.0235,0.0165
Thomas Milic,WPG,8483114,2,-0.003686008509248495,-0.0028060092590749264,0,-0.0237,0.0163
Thomas Milic,WPG,8483114,3,-0.003873123088851571,-0.0028060092590749264,0,-0.0239,0.0161
Thomas Milic,WPG,8483114,4,-0.004062672611325979,-0.0028060092590749264,0,-0.0241,0.0159
Thomas Milic,WPG,8483114,5,-0.004248298238962889,-0.0028060092590749264,0,-0.0242,0.0158
Thomas Milic,WPG,8483114,6,-0.004438623320311308,-0.0028060092590749264,0,-0.0244,0.0156
Thomas Milic,WPG,8483114,7,-0.0046308692544698715,-0.0028060092590749264,0,-0.0246,0.0154
Thomas Milic,WPG,8483114,8,-0.004822976887226105,-0.0028060092590749264,0,-0.0248,0.0152
Thomas Milic,WPG,8483114,9,-0.005006750114262104,-0.0028060092590749264,0,-0.025,0.015
Thomas Milic,WPG,8483114,10,-0.005186055786907673,-0.0028060092590749264,50,-0.008,-0.0024
Thomas Milic,WPG,8483114,11,-0.005261536221951246,-0.0028060092590749264,45,-0.0083,-0.0023
Thomas Milic,WPG,8483114,12,-0.005301353055983782,-0.0028060092590749264,0,-0.0253,0.0147
Thomas Milic,WPG,8483114,13,-0.0053368909284472466,-0.0028060092590749264,0,-0.0253,0.0147
Thomas Milic,WPG,8483114,14,-0.005363537929952145,-0.0028060092590749264,0,-0.0254,0.0146
Thomas Milic,WPG,8483114,15,-0.005384876858443022,-0.0028060092590749264,0,-0.0254,0.0146
Thomas Milic,WPG,8483114,16,-0.005416553001850843,-0.0028060092590749264,0,-0.0254,0.0146
Thomas Milic,WPG,8483114,17,-0.005450330208986998,-0.0028060092590749264,0,-0.0255,0.0145
Thomas Milic,WPG,8483114,18,-0.005480634979903698,-0.0028060092590749264,0,-0.0255,0.0145
Thomas Milic,WPG,8483114,19,-0.005506493151187897,-0.0028060092590749264,0,-0.0255,0.0145
Thomas Milic,WPG,8483114,20,-0.00553726265206933,-0.0028060092590749264,0,-0.0255,0.0145
Thomas Milic,WPG,8483114,21,-0.005571912042796612,-0.0028060092590749264,0,-0.0256,0.0144
Thomas Milic,WPG,8483114,22,-0.005593109875917435,-0.0028060092590749264,0,-0.0256,0.0144
Thomas Milic,WPG,8483114,23,-0.005602302961051464,-0.0028060092590749264,0,-0.0256,0.0144
Thomas Milic,WPG,8483114,24,-0.005596363916993141,-0.0028060092590749264,0,-0.0256,0.0144
Thomas Milic,WPG,8483114,25,-0.005587536841630936,-0.0028060092590749264,0,-0.0256,0.0144
Thomas Milic,WPG,8483114,26,-0.005605415441095829,-0.0028060092590749264,0,-0.0256,0.0144
Thomas Milic,WPG,8483114,27,-0.0056185415014624596,-0.0028060092590749264,0,-0.0256,0.0144
Thomas Milic,WPG,8483114,28,-0.005633579567074776,-0.0028060092590749264,0,-0.0256,0.0144
Thomas Milic,WPG,8483114,29,-0.0056419698521494865,-0.0028060092590749264,0,-0.0256,0.0144
Thomas Milic,WPG,8483114,30,-0.0056467256508767605,-0.0028060092590749264,0,-0.0256,0.0144
Thomas Milic,WPG,8483114,31,-0.005647127516567707,-0.0028060092590749264,0,-0.0256,0.0144
Thomas Milic,WPG,8483114,32,-0.005649584345519543,-0.0028060092590749264,0,-0.0256,0.0144
Thomas Milic,WPG,8483114,33,-0.005650639533996582,-0.0028060092590749264,0,-0.0257,0.0143
Adin Hill,VGK,8478499,0,-0.02046504244208336,-0.01782173104584217,0,-0.0405,-0.0005
Adin Hill,VGK,8478499,1,-0.02164514549076557,-0.01782173104584217,52,-0.0244,-0.0188
Adin Hill,VGK,8478499,2,-0.02290881611406803,-0.01782173104584217,24,-0.027,-0.0188
Adin Hill,VGK,8478499,3,-0.024037346243858337,-0.01782173104584217,75,-0.0263,-0.0217
Adin Hill,VGK,8478499,4,-0.02502766065299511,-0.01782173104584217,56,-0.0277,-0.0223
Adin Hill,VGK,8478499,5,-0.026065854355692863,-0.01782173104584217,5,-0.035,-0.0172
Adin Hill,VGK,8478499,6,-0.027128655463457108,-0.01782173104584217,0,-0.0471,-0.0071
Adin Hill,VGK,8478499,7,-0.028194649145007133,-0.01782173104584217,0,-0.0482,-0.0082
Adin Hill,VGK,8478499,8,-0.02925798110663891,-0.01782173104584217,0,-0.0493,-0.0093
Adin Hill,VGK,8478499,9,-0.03031565248966217,-0.01782173104584217,0,-0.0503,-0.0103
Adin Hill,VGK,8478499,10,-0.031366486102342606,-0.01782173104584217,0,-0.0514,-0.0114
Adin Hill,VGK,8478499,11,-0.03241495043039322,-0.01782173104584217,0,-0.0524,-0.0124
Adin Hill,VGK,8478499,12,-0.03344821184873581,-0.01782173104584217,0,-0.0534,-0.0134
Adin Hill,VGK,8478499,13,-0.034475766122341156,-0.01782173104584217,0,-0.0545,-0.0145
Adin Hill,VGK,8478499,14,-0.03549611195921898,-0.01782173104584217,0,-0.0555,-0.0155
Adin Hill,VGK,8478499,15,-0.03651091828942299,-0.01782173104584217,0,-0.0565,-0.0165
Adin Hill,VGK,8478499,16,-0.037535034120082855,-0.01782173104584217,0,-0.0575,-0.0175
Adin Hill,VGK,8478499,17,-0.03856192156672478,-0.01782173104584217,40,-0.0418,-0.0354
Adin Hill,VGK,8478499,18,-0.039342522621154785,-0.01782173104584217,127,-0.0411,-0.0375
Adin Hill,VGK,8478499,19,-0.03976156935095787,-0.01782173104584217,80,-0.042,-0.0376
Adin Hill,VGK,8478499,20,-0.04005714878439903,-0.01782173104584217,52,-0.0429,-0.0373
Adin Hill,VGK,8478499,21,-0.040609732270240784,-0.01782173104584217,56,-0.0433,-0.0379
Adin Hill,VGK,8478499,22,-0.04073100537061691,-0.01782173104584217,108,-0.0426,-0.0388
Adin Hill,VGK,8478499,23,-0.0411933958530426,-0.01782173104584217,66,-0.0437,-0.0387
Adin Hill,VGK,8478499,24,-0.04150763899087906,-0.01782173104584217,109,-0.0434,-0.0396
Adin Hill,VGK,8478499,25,-0.041488733142614365,-0.01782173104584217,28,-0.0453,-0.0377
Adin Hill,VGK,8478499,26,-0.04146655648946762,-0.01782173104584217,53,-0.0442,-0.0388
Adin Hill,VGK,8478499,27,-0.041479796171188354,-0.01782173104584217,0,-0.0615,-0.0215
Adin Hill,VGK,8478499,28,-0.04149390757083893,-0.01782173104584217,0,-0.0615,-0.0215
Adin Hill,VGK,8478499,29,-0.041502781212329865,-0.01782173104584217,0,-0.0615,-0.0215
Adin Hill,VGK,8478499,30,-0.04150791093707085,-0.01782173104584217,0,-0.0615,-0.0215
Adin Hill,VGK,8478499,31,-0.041507501155138016,-0.01782173104584217,0,-0.0615,-0.0215
Adin Hill,VGK,8478499,32,-0.04151037335395813,-0.01782173104584217,0,-0.0615,-0.0215
Adin Hill,VGK,8478499,33,-0.041511617600917816,-0.01782173104584217,0,-0.0615,-0.0215
Jaxson Stauber,UTA,8483530,0,-0.014473862014710903,-0.01375829428434372,7,-0.0221,-0.0069
Jaxson Stauber,UTA,8483530,1,-0.01476620975881815,-0.01375829428434372,16,-0.0198,-0.0098
Jaxson Stauber,UTA,8483530,2,-0.01482771709561348,-0.01375829428434372,0,-0.0348,0.0052
Jaxson Stauber,UTA,8483530,3,-0.014895248226821423,-0.01375829428434372,0,-0.0349,0.0051
Jaxson Stauber,UTA,8483530,4,-0.014963507652282715,-0.01375829428434372,0,-0.035,0.005
Jaxson Stauber,UTA,8483530,5,-0.015029946342110634,-0.01375829428434372,0,-0.035,0.005
Jaxson Stauber,UTA,8483530,6,-0.015098650939762592,-0.01375829428434372,0,-0.0351,0.0049
Jaxson Stauber,UTA,8483530,7,-0.015171745792031288,-0.01375829428434372,0,-0.0352,0.0048
Jaxson Stauber,UTA,8483530,8,-0.01524264831095934,-0.01375829428434372,0,-0.0352,0.0048
Jaxson Stauber,UTA,8483530,9,-0.015306134708225727,-0.01375829428434372,0,-0.0353,0.0047
Jaxson Stauber,UTA,8483530,10,-0.01536581665277481,-0.01375829428434372,0,-0.0354,0.0046
Jaxson Stauber,UTA,8483530,11,-0.015419315546751022,-0.01375829428434372,0,-0.0354,0.0046
Jaxson Stauber,UTA,8483530,12,-0.015460212714970112,-0.01375829428434372,0,-0.0355,0.0045
Jaxson Stauber,UTA,8483530,13,-0.01549499947577715,-0.01375829428434372,0,-0.0355,0.0045
Jaxson Stauber,UTA,8483530,14,-0.015522041358053684,-0.01375829428434372,0,-0.0355,0.0045
Jaxson Stauber,UTA,8483530,15,-0.015543771907687187,-0.01375829428434372,0,-0.0355,0.0045
Jaxson Stauber,UTA,8483530,16,-0.015574652701616287,-0.01375829428434372,0,-0.0356,0.0044
Jaxson Stauber,UTA,8483530,17,-0.015609237365424633,-0.01375829428434372,0,-0.0356,0.0044
Jaxson Stauber,UTA,8483530,18,-0.015639236196875572,-0.01375829428434372,0,-0.0356,0.0044
Jaxson Stauber,UTA,8483530,19,-0.015665248036384583,-0.01375829428434372,0,-0.0357,0.0043
Jaxson Stauber,UTA,8483530,20,-0.01569582335650921,-0.01375829428434372,0,-0.0357,0.0043
Jaxson Stauber,UTA,8483530,21,-0.0157309640198946,-0.01375829428434372,0,-0.0357,0.0043
Jaxson Stauber,UTA,8483530,22,-0.015751656144857407,-0.01375829428434372,0,-0.0358,0.0042
Jaxson Stauber,UTA,8483530,23,-0.015761183574795723,-0.01375829428434372,0,-0.0358,0.0042
Jaxson Stauber,UTA,8483530,24,-0.015755346044898033,-0.01375829428434372,0,-0.0358,0.0042
Jaxson Stauber,UTA,8483530,25,-0.01574619673192501,-0.01375829428434372,0,-0.0357,0.0043
Jaxson Stauber,UTA,8483530,26,-0.01576455496251583,-0.01375829428434372,0,-0.0358,0.0042
Jaxson Stauber,UTA,8483530,27,-0.01577720046043396,-0.01375829428434372,0,-0.0358,0.0042
Jaxson Stauber,UTA,8483530,28,-0.01579255983233452,-0.01375829428434372,0,-0.0358,0.0042
Jaxson Stauber,UTA,8483530,29,-0.015800846740603447,-0.01375829428434372,0,-0.0358,0.0042
Jaxson Stauber,UTA,8483530,30,-0.015805918723344803,-0.01375829428434372,0,-0.0358,0.0042
Jaxson Stauber,UTA,8483530,31,-0.01580575294792652,-0.01375829428434372,0,-0.0358,0.0042
Jaxson Stauber,UTA,8483530,32,-0.015809018164873123,-0.01375829428434372,0,-0.0358,0.0042
Jaxson Stauber,UTA,8483530,33,-0.015809349715709686,-0.01375829428434372,0,-0.0358,0.0042
Kevin Lankinen,VAN,8480947,0,-0.02639591507613659,-0.023457733914256096,0,-0.0464,-0.0064
Kevin Lankinen,VAN,8480947,1,-0.0277034193277359,-0.023457733914256096,26,-0.0316,-0.0238
Kevin Lankinen,VAN,8480947,2,-0.0289864894002676,-0.023457733914256096,45,-0.032,-0.026
Kevin Lankinen,VAN,8480947,3,-0.03052639774978161,-0.023457733914256096,0,-0.0505,-0.0105
Kevin Lankinen,VAN,8480947,4,-0.03207959607243538,-0.023457733914256096,94,-0.0342,-0.03
Kevin Lankinen,VAN,8480947,5,-0.03361064940690994,-0.023457733914256096,83,-0.0358,-0.0314
Kevin Lankinen,VAN,8480947,6,-0.03492056205868721,-0.023457733914256096,56,-0.0376,-0.0322
Kevin Lankinen,VAN,8480947,7,-0.03636661916971207,-0.023457733914256096,139,-0.0381,-0.0347
Kevin Lankinen,VAN,8480947,8,-0.03769926726818085,-0.023457733914256096,136,-0.0394,-0.036
Kevin Lankinen,VAN,8480947,9,-0.0394350029528141,-0.023457733914256096,62,-0.0419,-0.0369
Kevin Lankinen,VAN,8480947,10,-0.04073435813188553,-0.023457733914256096,38,-0.0439,-0.0375
Kevin Lankinen,VAN,8480947,11,-0.04213967174291611,-0.023457733914256096,82,-0.0443,-0.0399
Kevin Lankinen,VAN,8480947,12,-0.04342767223715782,-0.023457733914256096,22,-0.0477,-0.0391
Kevin Lankinen,VAN,8480947,13,-0.04453529044985771,-0.023457733914256096,57,-0.0471,-0.0419
Kevin Lankinen,VAN,8480947,14,-0.0457005649805069,-0.023457733914256096,0,-0.0657,-0.0257
Kevin Lankinen,VAN,8480947,15,-0.04685695469379425,-0.023457733914256096,88,-0.049,-0.0448
Kevin Lankinen,VAN,8480947,16,-0.04821034148335457,-0.023457733914256096,65,-0.0507,-0.0457
Kevin Lankinen,VAN,8480947,17,-0.049516983330249786,-0.023457733914256096,113,-0.0514,-0.0476
Kevin Lankinen,VAN,8480947,18,-0.05101468041539192,-0.023457733914256096,177,-0.0525,-0.0495
Kevin Lankinen,VAN,8480947,19,-0.05230720341205597,-0.023457733914256096,8,-0.0594,-0.0452
Kevin Lankinen,VAN,8480947,20,-0.05337481200695038,-0.023457733914256096,78,-0.0557,-0.0511
Kevin Lankinen,VAN,8480947,21,-0.05395694449543953,-0.023457733914256096,40,-0.0572,-0.0508
Kevin Lankinen,VAN,8480947,22,-0.05448067933320999,-0.023457733914256096,0,-0.0745,-0.0345
Kevin Lankinen,VAN,8480947,23,-0.05499028414487839,-0.023457733914256096,132,-0.0567,-0.0533
Kevin Lankinen,VAN,8480947,24,-0.055574119091033936,-0.023457733914256096,111,-0.0575,-0.0537
Kevin Lankinen,VAN,8480947,25,-0.05596800893545151,-0.023457733914256096,91,-0.0581,-0.0539
Kevin Lankinen,VAN,8480947,26,-0.05613335594534874,-0.023457733914256096,42,-0.0592,-0.053
Kevin Lankinen,VAN,8480947,27,-0.056301891803741455,-0.023457733914256096,99,-0.0583,-0.0543
Kevin Lankinen,VAN,8480947,28,-0.05631931498646736,-0.023457733914256096,0,-0.0763,-0.0363
Kevin Lankinen,VAN,8480947,29,-0.05632512643933296,-0.023457733914256096,0,-0.0763,-0.0363
Kevin Lankinen,VAN,8480947,30,-0.056333012878894806,-0.023457733914256096,0,-0.0763,-0.0363
Kevin Lankinen,VAN,8480947,31,-0.056329239159822464,-0.023457733914256096,0,-0.0763,-0.0363
Kevin Lankinen,VAN,8480947,32,-0.056336089968681335,-0.023457733914256096,0,-0.0763,-0.0363
Kevin Lankinen,VAN,8480947,33,-0.05633397027850151,-0.023457733914256096,0,-0.0763,-0.0363
Spencer Martin,NYR,8477484,0,-0.030494583770632744,-0.029644612222909927,0,-0.0505,-0.0105
Spencer Martin,NYR,8477484,1,-0.030876995995640755,-0.029644612222909927,0,-0.0509,-0.0109
Spencer Martin,NYR,8477484,2,-0.03125663846731186,-0.029644612222909927,0,-0.0513,-0.0113
Spencer Martin,NYR,8477484,3,-0.03164288401603699,-0.029644612222909927,0,-0.0516,-0.0116
Spencer Martin,NYR,8477484,4,-0.03203094005584717,-0.029644612222909927,0,-0.052,-0.012
Spencer Martin,NYR,8477484,5,-0.0324113592505455,-0.029644612222909927,0,-0.0524,-0.0124
Spencer Martin,NYR,8477484,6,-0.03280460461974144,-0.029644612222909927,0,-0.0528,-0.0128
Spencer Martin,NYR,8477484,7,-0.03319060429930687,-0.029644612222909927,0,-0.0532,-0.0132
Spencer Martin,NYR,8477484,8,-0.03358391299843788,-0.029644612222909927,0,-0.0536,-0.0136
Spencer Martin,NYR,8477484,9,-0.03396359458565712,-0.029644612222909927,0,-0.054,-0.014
Spencer Martin,NYR,8477484,10,-0.034342240542173386,-0.029644612222909927,0,-0.0543,-0.0143
Spencer Martin,NYR,8477484,11,-0.034714389592409134,-0.029644612222909927,0,-0.0547,-0.0147
Spencer Martin,NYR,8477484,12,-0.03507363423705101,-0.029644612222909927,0,-0.0551,-0.0151
Spencer Martin,NYR,8477484,13,-0.0354265421628952,-0.029644612222909927,0,-0.0554,-0.0154
Spencer Martin,NYR,8477484,14,-0.03577284887433052,-0.029644612222909927,0,-0.0558,-0.0158
Spencer Martin,NYR,8477484,15,-0.03611178696155548,-0.029644612222909927,0,-0.0561,-0.0161
Spencer Martin,NYR,8477484,16,-0.036462221294641495,-0.029644612222909927,21,-0.0409,-0.0321
Spencer Martin,NYR,8477484,17,-0.036575786769390106,-0.029644612222909927,61,-0.0392,-0.034
Spencer Martin,NYR,8477484,18,-0.03677855804562569,-0.029644612222909927,88,-0.0389,-0.0347
Spencer Martin,NYR,8477484,19,-0.03699210286140442,-0.029644612222909927,48,-0.0399,-0.0341
Spencer Martin,NYR,8477484,20,-0.037021663039922714,-0.029644612222909927,0,-0.057,-0.017
Spencer Martin,NYR,8477484,21,-0.03705801069736481,-0.029644612222909927,0,-0.0571,-0.0171
Spencer Martin,NYR,8477484,22,-0.0370771549642086,-0.029644612222909927,0,-0.0571,-0.0171
Spencer Martin,NYR,8477484,23,-0.037089649587869644,-0.029644612222909927,0,-0.0571,-0.0171
Spencer Martin,NYR,8477484,24,-0.03707928955554962,-0.029644612222909927,0,-0.0571,-0.0171
Spencer Martin,NYR,8477484,25,-0.0370742566883564,-0.029644612222909927,0,-0.0571,-0.0171
Spencer Martin,NYR,8477484,26,-0.03709038719534874,-0.029644612222909927,0,-0.0571,-0.0171
Spencer Martin,NYR,8477484,27,-0.03710271418094635,-0.029644612222909927,0,-0.0571,-0.0171
Spencer Martin,NYR,8477484,28,-0.03712143376469612,-0.029644612222909927,0,-0.0571,-0.0171
Spencer Martin,NYR,8477484,29,-0.037123892456293106,-0.029644612222909927,0,-0.0571,-0.0171
Spencer Martin,NYR,8477484,30,-0.03713608160614967,-0.029644612222909927,0,-0.0571,-0.0171
Spencer Martin,NYR,8477484,31,-0.03712833672761917,-0.029644612222909927,0,-0.0571,-0.0171
Spencer Martin,NYR,8477484,32,-0.037138257175683975,-0.029644612222909927,0,-0.0571,-0.0171
Spencer Martin,NYR,8477484,33,-0.03713460639119148,-0.029644612222909927,0,-0.0571,-0.0171
Jonas Johansson,TBL,8477992,0,-0.011567097157239914,-0.010913779959082603,0,-0.0316,0.0084
Jonas Johansson,TBL,8477992,1,-0.011859577149152756,-0.010913779959082603,71,-0.0143,-0.0095
Jonas Johansson,TBL,8477992,2,-0.012428971007466316,-0.010913779959082603,0,-0.0324,0.0076
Jonas Johansson,TBL,8477992,3,-0.013003082014620304,-0.010913779959082603,0,-0.033,0.007
Jonas Johansson,TBL,8477992,4,-0.01357789896428585,-0.010913779959082603,100,-0.0156,-0.0116
Jonas Johansson,TBL,8477992,5,-0.014101159758865833,-0.010913779959082603,49,-0.017,-0.0112
Jonas Johansson,TBL,8477992,6,-0.014617623761296272,-0.010913779959082603,38,-0.0178,-0.0114
Jonas Johansson,TBL,8477992,7,-0.015231998637318611,-0.010913779959082603,0,-0.0352,0.0048
Jonas Johansson,TBL,8477992,8,-0.015842633321881294,-0.010913779959082603,37,-0.0191,-0.0125
Jonas Johansson,TBL,8477992,9,-0.016119493171572685,-0.010913779959082603,48,-0.019,-0.0132
Jonas Johansson,TBL,8477992,10,-0.01646488346159458,-0.010913779959082603,30,-0.0202,-0.0128
Jonas Johansson,TBL,8477992,11,-0.016886234283447266,-0.010913779959082603,77,-0.0192,-0.0146
Jonas Johansson,TBL,8477992,12,-0.017254864796996117,-0.010913779959082603,158,-0.0189,-0.0157
Jonas Johansson,TBL,8477992,13,-0.017983190715312958,-0.010913779959082603,29,-0.0217,-0.0143
Jonas Johansson,TBL,8477992,14,-0.018397681415081024,-0.010913779959082603,60,-0.021,-0.0158
Jonas Johansson,TBL,8477992,15,-0.018857881426811218,-0.010913779959082603,36,-0.0222,-0.0156
Jonas Johansson,TBL,8477992,16,-0.019283674657344818,-0.010913779959082603,0,-0.0393,0.0007
Jonas Johansson,TBL,8477992,17,-0.01971098780632019,-0.010913779959082603,38,-0.0229,-0.0165
Jonas Johansson,TBL,8477992,18,-0.02035759948194027,-0.010913779959082603,39,-0.0236,-0.0172
Jonas Johansson,TBL,8477992,19,-0.020639654248952866,-0.010913779959082603,0,-0.0406,-0.0006
Jonas Johansson,TBL,8477992,20,-0.020928911864757538,-0.010913779959082603,0,-0.0409,-0.0009
Jonas Johansson,TBL,8477992,21,-0.021221311762928963,-0.010913779959082603,68,-0.0236,-0.0188
Jonas Johansson,TBL,8477992,22,-0.02136005088686943,-0.010913779959082603,0,-0.0414,-0.0014
Jonas Johansson,TBL,8477992,23,-0.02148694358766079,-0.010913779959082603,46,-0.0244,-0.0186
Jonas Johansson,TBL,8477992,24,-0.02149370312690735,-0.010913779959082603,45,-0.0245,-0.0185
Jonas Johansson,TBL,8477992,25,-0.021597305312752724,-0.010913779959082603,0,-0.0416,-0.0016
Jonas Johansson,TBL,8477992,26,-0.021728552877902985,-0.010913779959082603,49,-0.0246,-0.0188
Jonas Johansson,TBL,8477992,27,-0.021741706877946854,-0.010913779959082603,0,-0.0417,-0.0017
Jonas Johansson,TBL,8477992,28,-0.02175627462565899,-0.010913779959082603,0,-0.0418,-0.0018
Jonas Johansson,TBL,8477992,29,-0.021765151992440224,-0.010913779959082603,0,-0.0418,-0.0018
Jonas Johansson,TBL,8477992,30,-0.021769821643829346,-0.010913779959082603,0,-0.0418,-0.0018
Jonas Johansson,TBL,8477992,31,-0.02177002839744091,-0.010913779959082603,0,-0.0418,-0.0018
Jonas Johansson,TBL,8477992,32,-0.021772751584649086,-0.010913779959082603,0,-0.0418,-0.0018
Jonas Johansson,TBL,8477992,33,-0.021773384883999825,-0.010913779959082603,0,-0.0418,-0.0018
Juuse Saros,NSH,8477424,0,-0.01723194122314453,-0.01687837764620781,11,-0.0232,-0.0112
Juuse Saros,NSH,8477424,1,-0.01735258474946022,-0.01687837764620781,33,-0.0209,-0.0139
Juuse Saros,NSH,8477424,2,-0.01751910336315632,-0.01687837764620781,31,-0.0211,-0.0139
Juuse Saros,NSH,8477424,3,-0.017717909067869186,-0.01687837764620781,81,-0.0199,-0.0155
Juuse Saros,NSH,8477424,4,-0.018095120787620544,-0.01687837764620781,132,-0.0198,-0.0164
Juuse Saros,NSH,8477424,5,-0.018715115264058113,-0.01687837764620781,141,-0.0204,-0.017
Juuse Saros,NSH,8477424,6,-0.01937517523765564,-0.01687837764620781,122,-0.0212,-0.0176
Juuse Saros,NSH,8477424,7,-0.019951393827795982,-0.01687837764620781,80,-0.0222,-0.0178
Juuse Saros,NSH,8477424,8,-0.020343855023384094,-0.01687837764620781,81,-0.0225,-0.0181
Juuse Saros,NSH,8477424,9,-0.02038615383207798,-0.01687837764620781,38,-0.0236,-0.0172
Juuse Saros,NSH,8477424,10,-0.02060816064476967,-0.01687837764620781,66,-0.0231,-0.0181
Juuse Saros,NSH,8477424,11,-0.02045530453324318,-0.01687837764620781,133,-0.0222,-0.0188
Juuse Saros,NSH,8477424,12,-0.02048444002866745,-0.01687837764620781,90,-0.0226,-0.0184
Juuse Saros,NSH,8477424,13,-0.020608946681022644,-0.01687837764620781,121,-0.0224,-0.0188
Juuse Saros,NSH,8477424,14,-0.020777156576514244,-0.01687837764620781,72,-0.0232,-0.0184
Juuse Saros,NSH,8477424,15,-0.02101260796189308,-0.01687837764620781,122,-0.0228,-0.0192
Juuse Saros,NSH,8477424,16,-0.021226193755865097,-0.01687837764620781,130,-0.023,-0.0194
Juuse Saros,NSH,8477424,17,-0.021662991493940353,-0.01687837764620781,96,-0.0237,-0.0197
Juuse Saros,NSH,8477424,18,-0.022046983242034912,-0.01687837764620781,99,-0.024,-0.02
Juuse Saros,NSH,8477424,19,-0.022055691108107567,-0.01687837764620781,77,-0.0244,-0.0198
Juuse Saros,NSH,8477424,20,-0.02210395038127899,-0.01687837764620781,87,-0.0242,-0.02
Juuse Saros,NSH,8477424,21,-0.021652951836586,-0.01687837764620781,40,-0.0249,-0.0185
Juuse Saros,NSH,8477424,22,-0.02121501974761486,-0.01687837764620781,109,-0.0231,-0.0193
Juuse Saros,NSH,8477424,23,-0.021161269396543503,-0.01687837764620781,101,-0.0232,-0.0192
Juuse Saros,NSH,8477424,24,-0.021376240998506546,-0.01687837764620781,98,-0.0234,-0.0194
Juuse Saros,NSH,8477424,25,-0.021559512242674828,-0.01687837764620781,90,-0.0237,-0.0195
Juuse Saros,NSH,8477424,26,-0.021656421944499016,-0.01687837764620781,89,-0.0238,-0.0196
Juuse Saros,NSH,8477424,27,-0.021691322326660156,-0.01687837764620781,62,-0.0242,-0.0192
Juuse Saros,NSH,8477424,28,-0.021705185994505882,-0.01687837764620781,0,-0.0417,-0.0017
Juuse Saros,NSH,8477424,29,-0.021714216098189354,-0.01687837764620781,0,-0.0417,-0.0017
Juuse Saros,NSH,8477424,30,-0.02171919122338295,-0.01687837764620781,0,-0.0417,-0.0017
Juuse Saros,NSH,8477424,31,-0.021718323230743408,-0.01687837764620781,0,-0.0417,-0.0017
Juuse Saros,NSH,8477424,32,-0.02172273024916649,-0.01687837764620781,0,-0.0417,-0.0017
Juuse Saros,NSH,8477424,33,-0.021722137928009033,-0.01687837764620781,0,-0.0417,-0.0017
Nikita Tolopilo,VAN,8484268,0,0.0006908141076564789,0.0009644212550483644,20,-0.0038,0.0052
Nikita Tolopilo,VAN,8484268,1,0.000543100293725729,0.0009644212550483644,6,-0.0077,0.0087
Nikita Tolopilo,VAN,8484268,2,0.0003546649240888655,0.0009644212550483644,0,-0.0196,0.0204
Nikita Tolopilo,VAN,8484268,3,0.00016170804155990481,0.0009644212550483644,0,-0.0198,0.0202
Nikita Tolopilo,VAN,8484268,4,-3.3700052881613374e-05,0.0009644212550483644,0,-0.02,0.02
Nikita Tolopilo,VAN,8484268,5,-0.0002246295043732971,0.0009644212550483644,0,-0.0202,0.0198
Nikita Tolopilo,VAN,8484268,6,-0.0004210543411318213,0.0009644212550483644,0,-0.0204,0.0196
Nikita Tolopilo,VAN,8484268,7,-0.0006190776475705206,0.0009644212550483644,0,-0.0206,0.0194
Nikita Tolopilo,VAN,8484268,8,-0.0008164561004377902,0.0009644212550483644,0,-0.0208,0.0192
Nikita Tolopilo,VAN,8484268,9,-0.0010065136011689901,0.0009644212550483644,0,-0.021,0.019
Nikita Tolopilo,VAN,8484268,10,-0.0011912132613360882,0.0009644212550483644,106,-0.0031,0.0007
Nikita Tolopilo,VAN,8484268,11,-0.0014116461388766766,0.0009644212550483644,47,-0.0043,0.0015
Nikita Tolopilo,VAN,8484268,12,-0.0017544233705848455,0.0009644212550483644,10,-0.0081,0.0045
Nikita Tolopilo,VAN,8484268,13,-0.002190403640270233,0.0009644212550483644,0,-0.0222,0.0178
Nikita Tolopilo,VAN,8484268,14,-0.0026166047900915146,0.0009644212550483644,0,-0.0226,0.0174
Nikita Tolopilo,VAN,8484268,15,-0.003038280177861452,0.0009644212550483644,0,-0.023,0.017
Nikita Tolopilo,VAN,8484268,16,-0.003469501156359911,0.0009644212550483644,0,-0.0235,0.0165
Nikita Tolopilo,VAN,8484268,17,-0.003903587581589818,0.0009644212550483644,114,-0.0058,-0.002
Nikita Tolopilo,VAN,8484268,18,-0.00411097751930356,0.0009644212550483644,0,-0.0241,0.0159
Nikita Tolopilo,VAN,8484268,19,-0.004314149264246225,0.0009644212550483644,154,-0.0059,-0.0027
Nikita Tolopilo,VAN,8484268,20,-0.0052069565281271935,0.0009644212550483644,0,-0.0252,0.0148
Nikita Tolopilo,VAN,8484268,21,-0.006103724241256714,0.0009644212550483644,51,-0.0089,-0.0033
Nikita Tolopilo,VAN,8484268,22,-0.00709124282002449,0.0009644212550483644,75,-0.0094,-0.0048
Nikita Tolopilo,VAN,8484268,23,-0.0077538201585412025,0.0009644212550483644,0,-0.0278,0.0122
Nikita Tolopilo,VAN,8484268,24,-0.008400263264775276,0.0009644212550483644,14,-0.0137,-0.0031
Nikita Tolopilo,VAN,8484268,25,-0.008712159469723701,0.0009644212550483644,85,-0.0109,-0.0065
Nikita Tolopilo,VAN,8484268,26,-0.008657812140882015,0.0009644212550483644,124,-0.0105,-0.0069
Nikita Tolopilo,VAN,8484268,27,-0.008671077899634838,0.0009644212550483644,0,-0.0287,0.0113
Nikita Tolopilo,VAN,8484268,28,-0.008685564622282982,0.0009644212550483644,0,-0.0287,0.0113
Nikita Tolopilo,VAN,8484268,29,-0.008694861084222794,0.0009644212550483644,0,-0.0287,0.0113
Nikita Tolopilo,VAN,8484268,30,-0.008698573336005211,0.0009644212550483644,0,-0.0287,0.0113
Nikita Tolopilo,VAN,8484268,31,-0.008699771016836166,0.0009644212550483644,0,-0.0287,0.0113
Nikita Tolopilo,VAN,8484268,32,-0.008702071383595467,0.0009644212550483644,0,-0.0287,0.0113
Nikita Tolopilo,VAN,8484268,33,-0.008702629245817661,0.0009644212550483644,0,-0.0287,0.0113
Karel Vejmelka,UTA,8478872,0,0.014574329368770123,0.014420002698898315,0,-0.0054,0.0346
Karel Vejmelka,UTA,8478872,1,0.014636454172432423,0.014420002698898315,19,0.01,0.0192
Karel Vejmelka,UTA,8478872,2,0.01489102840423584,0.014420002698898315,27,0.0111,0.0187
Karel Vejmelka,UTA,8478872,3,0.015334250405430794,0.014420002698898315,80,0.0131,0.0175
Karel Vejmelka,UTA,8478872,4,0.015709025785326958,0.014420002698898315,67,0.0133,0.0181
Karel Vejmelka,UTA,8478872,5,0.015970416367053986,0.014420002698898315,124,0.0142,0.0178
Karel Vejmelka,UTA,8478872,6,0.01620696671307087,0.014420002698898315,70,0.0138,0.0186
Karel Vejmelka,UTA,8478872,7,0.016760248690843582,0.014420002698898315,62,0.0143,0.0193
Karel Vejmelka,UTA,8478872,8,0.017535952851176262,0.014420002698898315,75,0.0152,0.0198
Karel Vejmelka,UTA,8478872,9,0.01828998699784279,0.014420002698898315,122,0.0165,0.0201
Karel Vejmelka,UTA,8478872,10,0.01911536045372486,0.014420002698898315,113,0.0172,0.021
Karel Vejmelka,UTA,8478872,11,0.019681762903928757,0.014420002698898315,108,0.0178,0.0216
Karel Vejmelka,UTA,8478872,12,0.020029496401548386,0.014420002698898315,171,0.0185,0.0215
Karel Vejmelka,UTA,8478872,13,0.020604146644473076,0.014420002698898315,112,0.0187,0.0225
Karel Vejmelka,UTA,8478872,14,0.021135644987225533,0.014420002698898315,0,0.0011,0.0411
Karel Vejmelka,UTA,8478872,15,0.021674370393157005,0.014420002698898315,75,0.0194,0.024
Karel Vejmelka,UTA,8478872,16,0.022280562669038773,0.014420002698898315,141,0.0206,0.024
Karel Vejmelka,UTA,8478872,17,0.02241653762757778,0.014420002698898315,108,0.0205,0.0243
Karel Vejmelka,UTA,8478872,18,0.022272756323218346,0.014420002698898315,92,0.0202,0.0244
Karel Vejmelka,UTA,8478872,19,0.02200864814221859,0.014420002698898315,143,0.0203,0.0237
Karel Vejmelka,UTA,8478872,20,0.021670926362276077,0.014420002698898315,87,0.0196,0.0238
Karel Vejmelka,UTA,8478872,21,0.021055370569229126,0.014420002698898315,76,0.0188,0.0234
Karel Vejmelka,UTA,8478872,22,0.0205265823751688,0.014420002698898315,115,0.0186,0.0224
Karel Vejmelka,UTA,8478872,23,0.020366590470075607,0.014420002698898315,113,0.0185,0.0223
Karel Vejmelka,UTA,8478872,24,0.019770318642258644,0.014420002698898315,76,0.0175,0.0221
Karel Vejmelka,UTA,8478872,25,0.01930413208901882,0.014420002698898315,71,0.0169,0.0217
Karel Vejmelka,UTA,8478872,26,0.01898094452917576,0.014420002698898315,133,0.0173,0.0207
Karel Vejmelka,UTA,8478872,27,0.018638744950294495,0.014420002698898315,108,0.0167,0.0205
Karel Vejmelka,UTA,8478872,28,0.01849384792149067,0.014420002698898315,89,0.0164,0.0206
Karel Vejmelka,UTA,8478872,29,0.018182843923568726,0.014420002698898315,157,0.0166,0.0198
Karel Vejmelka,UTA,8478872,30,0.01817750185728073,0.014420002698898315,0,-0.0018,0.0382
Karel Vejmelka,UTA,8478872,31,0.018178828060626984,0.014420002698898315,0,-0.0018,0.0382
Karel Vejmelka,UTA,8478872,32,0.018173810094594955,0.014420002698898315,0,-0.0018,0.0382
Karel Vejmelka,UTA,8478872,33,0.01817486062645912,0.014420002698898315,0,-0.0018,0.0382
8475789,,8475789,0,0.0012659452622756362,0.0013995661865919828,0,-0.0187,0.0213
8475789,,8475789,1,0.0012031178921461105,0.0013995661865919828,0,-0.0188,0.0212
8475789,,8475789,2,0.001140996115282178,0.0013995661865919828,0,-0.0189,0.0211
8475789,,8475789,3,0.0010740129509940743,0.0013995661865919828,0,-0.0189,0.0211
8475789,,8475789,4,0.0010052425786852837,0.0013995661865919828,0,-0.019,0.021
8475789,,8475789,5,0.0009401349816471338,0.0013995661865919828,0,-0.0191,0.0209
8475789,,8475789,6,0.0008702219347469509,0.0013995661865919828,0,-0.0191,0.0209
8475789,,8475789,7,0.0007983340765349567,0.0013995661865919828,0,-0.0192,0.0208
8475789,,8475789,8,0.0007271214271895587,0.0013995661865919828,0,-0.0193,0.0207
8475789,,8475789,9,0.0006633966113440692,0.0013995661865919828,0,-0.0193,0.0207
8475789,,8475789,10,0.00060493522323668,0.0013995661865919828,0,-0.0194,0.0206
8475789,,8475789,11,0.0005501063424162567,0.0013995661865919828,0,-0.0194,0.0206
8475789,,8475789,12,0.0005108899204060435,0.0013995661865919828,0,-0.0195,0.0205
8475789,,8475789,13,0.0004747158382087946,0.0013995661865919828,0,-0.0195,0.0205
8475789,,8475789,14,0.0004487594123929739,0.0013995661865919828,0,-0.0196,0.0204
8475789,,8475789,15,0.0004268454504199326,0.0013995661865919828,0,-0.0196,0.0204
8475789,,8475789,16,0.00039591104723513126,0.0013995661865919828,0,-0.0196,0.0204
8475789,,8475789,17,0.0003616675967350602,0.0013995661865919828,0,-0.0196,0.0204
8475789,,8475789,18,0.00033153477124869823,0.0013995661865919828,0,-0.0197,0.0203
8475789,,8475789,19,0.0003059122245758772,0.0013995661865919828,0,-0.0197,0.0203
8475789,,8475789,20,0.000274907099083066,0.0013995661865919828,0,-0.0197,0.0203
8475789,,8475789,21,0.00024050695355981588,0.0013995661865919828,0,-0.0198,0.0202
8475789,,8475789,22,0.00021919095888733864,0.0013995661865919828,0,-0.0198,0.0202
8475789,,8475789,23,0.00021014572121202946,0.0013995661865919828,0,-0.0198,0.0202
8475789,,8475789,24,0.00021600874606519938,0.0013995661865919828,0,-0.0198,0.0202
8475789,,8475789,25,0.0002249387325718999,0.0013995661865919828,0,-0.0198,0.0202
8475789,,8475789,26,0.00020712160039693117,0.0013995661865919828,0,-0.0198,0.0202
8475789,,8475789,27,0.00019382452592253685,0.0013995661865919828,0,-0.0198,0.0202
8475789,,8475789,28,0.00017916690558195114,0.0013995661865919828,0,-0.0198,0.0202
8475789,,8475789,29,0.000170235987752676,0.0013995661865919828,0,-0.0198,0.0202
8475789,,8475789,30,0.00016608403529971838,0.0013995661865919828,0,-0.0198,0.0202
8475789,,8475789,31,0.00016522151418030262,0.0013995661865919828,0,-0.0198,0.0202
8475789,,8475789,32,0.00016298890113830566,0.0013995661865919828,0,-0.0198,0.0202
8475789,,8475789,33,0.0001620883122086525,0.0013995661865919828,0,-0.0198,0.0202
8479609,,8479609,0,0.005834525916725397,0.005968520417809486,0,-0.0142,0.0258
8479609,,8479609,1,0.005772625096142292,0.005968520417809486,0,-0.0142,0.0258
8479609,,8479609,2,0.005709699355065823,0.005968520417809486,0,-0.0143,0.0257
8479609,,8479609,3,0.005643374286592007,0.005968520417809486,0,-0.0144,0.0256
8479609,,8479609,4,0.0055743977427482605,0.005968520417809486,0,-0.0144,0.0256
8479609,,8479609,5,0.005509417038410902,0.005968520417809486,0,-0.0145,0.0255
8479609,,8479609,6,0.005439637694507837,0.005968520417809486,0,-0.0146,0.0254
8479609,,8479609,7,0.005367718171328306,0.005968520417809486,0,-0.0146,0.0254
8479609,,8479609,8,0.005296911112964153,0.005968520417809486,0,-0.0147,0.0253
8479609,,8479609,9,0.005232749041169882,0.005968520417809486,0,-0.0148,0.0252
8479609,,8479609,10,0.005174641497433186,0.005968520417809486,0,-0.0148,0.0252
8479609,,8479609,11,0.005119876470416784,0.005968520417809486,0,-0.0149,0.0251
8479609,,8479609,12,0.005080461967736483,0.005968520417809486,0,-0.0149,0.0251
8479609,,8479609,13,0.005044891498982906,0.005968520417809486,0,-0.015,0.025
8479609,,8479609,14,0.005018283147364855,0.005968520417809486,0,-0.015,0.025
8479609,,8479609,15,0.004997053649276495,0.005968520417809486,0,-0.015,0.025
8479609,,8479609,16,0.004965748637914658,0.005968520417809486,0,-0.015,0.025
8479609,,8479609,17,0.004931725095957518,0.005968520417809486,0,-0.0151,0.0249
8479609,,8479609,18,0.004901665262877941,0.005968520417809486,0,-0.0151,0.0249
8479609,,8479609,19,0.0048759700730443,0.005968520417809486,0,-0.0151,0.0249
8479609,,8479609,20,0.004845128860324621,0.005968520417809486,0,-0.0152,0.0248
8479609,,8479609,21,0.004810593090951443,0.005968520417809486,0,-0.0152,0.0248
8479609,,8479609,22,0.004789502359926701,0.005968520417809486,0,-0.0152,0.0248
8479609,,8479609,23,0.004780372604727745,0.005968520417809486,0,-0.0152,0.0248
8479609,,8479609,24,0.004786138888448477,0.005968520417809486,0,-0.0152,0.0248
8479609,,8479609,25,0.004795475862920284,0.005968520417809486,0,-0.0152,0.0248
8479609,,8479609,26,0.004777221940457821,0.005968520417809486,0,-0.0152,0.0248
8479609,,8479609,27,0.004764326848089695,0.005968520417809486,0,-0.0152,0.0248
8479609,,8479609,28,0.004749435931444168,0.005968520417809486,0,-0.0153,0.0247
8479609,,8479609,29,0.0047406526282429695,0.005968520417809486,0,-0.0153,0.0247
8479609,,8479609,30,0.00473637692630291,0.005968520417809486,0,-0.0153,0.0247
8479609,,8479609,31,0.004735645838081837,0.005968520417809486,0,-0.0153,0.0247
8479609,,8479609,32,0.004733426962047815,0.005968520417809486,0,-0.0153,0.0247
8479609,,8479609,33,0.004732566885650158,0.005968520417809486,0,-0.0153,0.0247
Aleksei Kolosov,PHI,8482783,0,-0.03505321219563484,-0.034270916134119034,22,-0.0394,-0.0308
Aleksei Kolosov,PHI,8482783,1,-0.03537901118397713,-0.034270916134119034,21,-0.0398,-0.031
Aleksei Kolosov,PHI,8482783,2,-0.03574957698583603,-0.034270916134119034,0,-0.0557,-0.0157
Aleksei Kolosov,PHI,8482783,3,-0.0361199788749218,-0.034270916134119034,0,-0.0561,-0.0161
Aleksei Kolosov,PHI,8482783,4,-0.036496009677648544,-0.034270916134119034,0,-0.0565,-0.0165
Aleksei Kolosov,PHI,8482783,5,-0.03687098249793053,-0.034270916134119034,0,-0.0569,-0.0169
Aleksei Kolosov,PHI,8482783,6,-0.03724126145243645,-0.034270916134119034,37,-0.0405,-0.0339
Aleksei Kolosov,PHI,8482783,7,-0.037634219974279404,-0.034270916134119034,0,-0.0576,-0.0176
Aleksei Kolosov,PHI,8482783,8,-0.03801266849040985,-0.034270916134119034,0,-0.058,-0.018
Aleksei Kolosov,PHI,8482783,9,-0.03839739412069321,-0.034270916134119034,0,-0.0584,-0.0184
Aleksei Kolosov,PHI,8482783,10,-0.03876515477895737,-0.034270916134119034,0,-0.0588,-0.0188
Aleksei Kolosov,PHI,8482783,11,-0.03913867846131325,-0.034270916134119034,0,-0.0591,-0.0191
Aleksei Kolosov,PHI,8482783,12,-0.039487965404987335,-0.034270916134119034,0,-0.0595,-0.0195
Aleksei Kolosov,PHI,8482783,13,-0.03984285518527031,-0.034270916134119034,0,-0.0598,-0.0198
Aleksei Kolosov,PHI,8482783,14,-0.040179818868637085,-0.034270916134119034,0,-0.0602,-0.0202
Aleksei Kolosov,PHI,8482783,15,-0.04051859304308891,-0.034270916134119034,0,-0.0605,-0.0205
Aleksei Kolosov,PHI,8482783,16,-0.04086116701364517,-0.034270916134119034,0,-0.0609,-0.0209
Aleksei Kolosov,PHI,8482783,17,-0.04121295362710953,-0.034270916134119034,30,-0.0449,-0.0375
Aleksei Kolosov,PHI,8482783,18,-0.04124024137854576,-0.034270916134119034,0,-0.0612,-0.0212
Aleksei Kolosov,PHI,8482783,19,-0.04126844182610512,-0.034270916134119034,0,-0.0613,-0.0213
Aleksei Kolosov,PHI,8482783,20,-0.0412973053753376,-0.034270916134119034,0,-0.0613,-0.0213
Aleksei Kolosov,PHI,8482783,21,-0.04133334010839462,-0.034270916134119034,0,-0.0613,-0.0213
Aleksei Kolosov,PHI,8482783,22,-0.04135431721806526,-0.034270916134119034,0,-0.0614,-0.0214
Aleksei Kolosov,PHI,8482783,23,-0.0413622111082077,-0.034270916134119034,0,-0.0614,-0.0214
Aleksei Kolosov,PHI,8482783,24,-0.041358575224876404,-0.034270916134119034,0,-0.0614,-0.0214
Aleksei Kolosov,PHI,8482783,25,-0.041347723454236984,-0.034270916134119034,0,-0.0613,-0.0213
Aleksei Kolosov,PHI,8482783,26,-0.041366297751665115,-0.034270916134119034,0,-0.0614,-0.0214
Aleksei Kolosov,PHI,8482783,27,-0.041380152106285095,-0.034270916134119034,0,-0.0614,-0.0214
Aleksei Kolosov,PHI,8482783,28,-0.04139397293329239,-0.034270916134119034,0,-0.0614,-0.0214
Aleksei Kolosov,PHI,8482783,29,-0.041402556002140045,-0.034270916134119034,0,-0.0614,-0.0214
Aleksei Kolosov,PHI,8482783,30,-0.04140892252326012,-0.034270916134119034,0,-0.0614,-0.0214
Aleksei Kolosov,PHI,8482783,31,-0.04140637814998627,-0.034270916134119034,0,-0.0614,-0.0214
Aleksei Kolosov,PHI,8482783,32,-0.04141262546181679,-0.034270916134119034,0,-0.0614,-0.0214
Aleksei Kolosov,PHI,8482783,33,-0.04141050949692726,-0.034270916134119034,0,-0.0614,-0.0214
Tristan Jarry,EDM,8477465,0,-0.025079408660531044,-0.024083299562335014,0,-0.0451,-0.0051
Tristan Jarry,EDM,8477465,1,-0.02553047053515911,-0.024083299562335014,20,-0.03,-0.021
Tristan Jarry,EDM,8477465,2,-0.025865798816084862,-0.024083299562335014,61,-0.0285,-0.0233
Tristan Jarry,EDM,8477465,3,-0.026150181889533997,-0.024083299562335014,49,-0.0291,-0.0233
Tristan Jarry,EDM,8477465,4,-0.0264652781188488,-0.024083299562335014,86,-0.0287,-0.0243
Tristan Jarry,EDM,8477465,5,-0.026920249685645103,-0.024083299562335014,61,-0.0295,-0.0243
Tristan Jarry,EDM,8477465,6,-0.027522249147295952,-0.024083299562335014,87,-0.0296,-0.0254
Tristan Jarry,EDM,8477465,7,-0.028306730091571808,-0.024083299562335014,31,-0.0319,-0.0247
Tristan Jarry,EDM,8477465,8,-0.02892218343913555,-0.024083299562335014,0,-0.0489,-0.0089
Tristan Jarry,EDM,8477465,9,-0.02953021600842476,-0.024083299562335014,0,-0.0495,-0.0095
Tristan Jarry,EDM,8477465,10,-0.030132945626974106,-0.024083299562335014,111,-0.032,-0.0282
Tristan Jarry,EDM,8477465,11,-0.03078337199985981,-0.024083299562335014,134,-0.0325,-0.0291
Tristan Jarry,EDM,8477465,12,-0.03191644325852394,-0.024083299562335014,86,-0.0341,-0.0297
Tristan Jarry,EDM,8477465,13,-0.032989438623189926,-0.024083299562335014,63,-0.0355,-0.0305
Tristan Jarry,EDM,8477465,14,-0.03400575742125511,-0.024083299562335014,0,-0.054,-0.014
Tristan Jarry,EDM,8477465,15,-0.035008642822504044,-0.024083299562335014,0,-0.055,-0.015
Tristan Jarry,EDM,8477465,16,-0.036030638962984085,-0.024083299562335014,0,-0.056,-0.016
Tristan Jarry,EDM,8477465,17,-0.03704772889614105,-0.024083299562335014,85,-0.0392,-0.0348
Tristan Jarry,EDM,8477465,18,-0.03826165199279785,-0.024083299562335014,97,-0.0403,-0.0363
Tristan Jarry,EDM,8477465,19,-0.03922075405716896,-0.024083299562335014,92,-0.0413,-0.0371
Tristan Jarry,EDM,8477465,20,-0.03993804380297661,-0.024083299562335014,47,-0.0428,-0.037
Tristan Jarry,EDM,8477465,21,-0.04057367518544197,-0.024083299562335014,35,-0.044,-0.0372
Tristan Jarry,EDM,8477465,22,-0.04093610867857933,-0.024083299562335014,53,-0.0436,-0.0382
Tristan Jarry,EDM,8477465,23,-0.040912311524152756,-0.024083299562335014,0,-0.0609,-0.0209
Tristan Jarry,EDM,8477465,24,-0.04087325558066368,-0.024083299562335014,33,-0.0444,-0.0374
Tristan Jarry,EDM,8477465,25,-0.04083330184221268,-0.024083299562335014,37,-0.0441,-0.0375
Tristan Jarry,EDM,8477465,26,-0.041018035262823105,-0.024083299562335014,74,-0.0433,-0.0387
Tristan Jarry,EDM,8477465,27,-0.041079405695199966,-0.024083299562335014,0,-0.0611,-0.0211
Tristan Jarry,EDM,8477465,28,-0.04114651307463646,-0.024083299562335014,51,-0.0439,-0.0383
Tristan Jarry,EDM,8477465,29,-0.04115414619445801,-0.024083299562335014,0,-0.0612,-0.0212
Tristan Jarry,EDM,8477465,30,-0.04115866497159004,-0.024083299562335014,0,-0.0612,-0.0212
Tristan Jarry,EDM,8477465,31,-0.041161008179187775,-0.024083299562335014,0,-0.0612,-0.0212
Tristan Jarry,EDM,8477465,32,-0.041161127388477325,-0.024083299562335014,0,-0.0612,-0.0212
Tristan Jarry,EDM,8477465,33,-0.04116329178214073,-0.024083299562335014,0,-0.0612,-0.0212
Isaac Poulter,WPG,8483659,0,-0.010317543521523476,-0.010049230419099331,17,-0.0152,-0.0054
Isaac Poulter,WPG,8483659,1,-0.010381589643657207,-0.010049230419099331,0,-0.0304,0.0096
Isaac Poulter,WPG,8483659,2,-0.01044255681335926,-0.010049230419099331,0,-0.0304,0.0096
Isaac Poulter,WPG,8483659,3,-0.010510895401239395,-0.010049230419099331,0,-0.0305,0.0095
Isaac Poulter,WPG,8483659,4,-0.010578892193734646,-0.010049230419099331,0,-0.0306,0.0094
Isaac Poulter,WPG,8483659,5,-0.010644759051501751,-0.010049230419099331,0,-0.0306,0.0094
Isaac Poulter,WPG,8483659,6,-0.010714956559240818,-0.010049230419099331,0,-0.0307,0.0093
Isaac Poulter,WPG,8483659,7,-0.01078655943274498,-0.010049230419099331,0,-0.0308,0.0092
Isaac Poulter,WPG,8483659,8,-0.010858571156859398,-0.010049230419099331,0,-0.0309,0.0091
Isaac Poulter,WPG,8483659,9,-0.010921405628323555,-0.010049230419099331,0,-0.0309,0.0091
Isaac Poulter,WPG,8483659,10,-0.010981351137161255,-0.010049230419099331,0,-0.031,0.009
Isaac Poulter,WPG,8483659,11,-0.011035342700779438,-0.010049230419099331,0,-0.031,0.009
Isaac Poulter,WPG,8483659,12,-0.011075123213231564,-0.010049230419099331,0,-0.0311,0.0089
Isaac Poulter,WPG,8483659,13,-0.011111239902675152,-0.010049230419099331,0,-0.0311,0.0089
Isaac Poulter,WPG,8483659,14,-0.011137852445244789,-0.010049230419099331,0,-0.0311,0.0089
Isaac Poulter,WPG,8483659,15,-0.01115892268717289,-0.010049230419099331,0,-0.0312,0.0088
Isaac Poulter,WPG,8483659,16,-0.011190976947546005,-0.010049230419099331,0,-0.0312,0.0088
Isaac Poulter,WPG,8483659,17,-0.011224438436329365,-0.010049230419099331,0,-0.0312,0.0088
Isaac Poulter,WPG,8483659,18,-0.011255456134676933,-0.010049230419099331,0,-0.0313,0.0087
Isaac Poulter,WPG,8483659,19,-0.0112810293212533,-0.010049230419099331,0,-0.0313,0.0087
Isaac Poulter,WPG,8483659,20,-0.01131147239357233,-0.010049230419099331,0,-0.0313,0.0087
Isaac Poulter,WPG,8483659,21,-0.01134686078876257,-0.010049230419099331,0,-0.0313,0.0087
Isaac Poulter,WPG,8483659,22,-0.011367801576852798,-0.010049230419099331,0,-0.0314,0.0086
Isaac Poulter,WPG,8483659,23,-0.011376271955668926,-0.010049230419099331,0,-0.0314,0.0086
Isaac Poulter,WPG,8483659,24,-0.011372438631951809,-0.010049230419099331,0,-0.0314,0.0086
Isaac Poulter,WPG,8483659,25,-0.011361082084476948,-0.010049230419099331,0,-0.0314,0.0086
Isaac Poulter,WPG,8483659,26,-0.011381059885025024,-0.010049230419099331,0,-0.0314,0.0086
Isaac Poulter,WPG,8483659,27,-0.011392796412110329,-0.010049230419099331,0,-0.0314,0.0086
Isaac Poulter,WPG,8483659,28,-0.011408776044845581,-0.010049230419099331,0,-0.0314,0.0086
Isaac Poulter,WPG,8483659,29,-0.01141668763011694,-0.010049230419099331,0,-0.0314,0.0086
Isaac Poulter,WPG,8483659,30,-0.011421534232795238,-0.010049230419099331,0,-0.0314,0.0086
Isaac Poulter,WPG,8483659,31,-0.011422520503401756,-0.010049230419099331,0,-0.0314,0.0086
Isaac Poulter,WPG,8483659,32,-0.011423798277974129,-0.010049230419099331,0,-0.0314,0.0086
Isaac Poulter,WPG,8483659,33,-0.011426041834056377,-0.010049230419099331,0,-0.0314,0.0086
8483426,,8483426,0,-0.001167324255220592,-0.0010334448888897896,0,-0.0212,0.0188
8483426,,8483426,1,-0.001229951623827219,-0.0010334448888897896,0,-0.0212,0.0188
8483426,,8483426,2,-0.0012925384799018502,-0.0010334448888897896,0,-0.0213,0.0187
8483426,,8483426,3,-0.0013590188464149833,-0.0010334448888897896,0,-0.0214,0.0186
8483426,,8483426,4,-0.0014283941127359867,-0.0010334448888897896,0,-0.0214,0.0186
8483426,,8483426,5,-0.0014931290643289685,-0.0010334448888897896,0,-0.0215,0.0185
8483426,,8483426,6,-0.0015634715091437101,-0.0010334448888897896,0,-0.0216,0.0184
8483426,,8483426,7,-0.0016350597143173218,-0.0010334448888897896,0,-0.0216,0.0184
8483426,,8483426,8,-0.001706602517515421,-0.0010334448888897896,0,-0.0217,0.0183
8483426,,8483426,9,-0.0017701673787087202,-0.0010334448888897896,0,-0.0218,0.0182
8483426,,8483426,10,-0.0018288304563611746,-0.0010334448888897896,0,-0.0218,0.0182
8483426,,8483426,11,-0.0018836199305951595,-0.0010334448888897896,0,-0.0219,0.0181
8483426,,8483426,12,-0.0019229388562962413,-0.0010334448888897896,0,-0.0219,0.0181
8483426,,8483426,13,-0.0019590698648244143,-0.0010334448888897896,0,-0.022,0.018
8483426,,8483426,14,-0.00198514387011528,-0.0010334448888897896,0,-0.022,0.018
8483426,,8483426,15,-0.0020070106256753206,-0.0010334448888897896,0,-0.022,0.018
8483426,,8483426,16,-0.0020381156355142593,-0.0010334448888897896,0,-0.022,0.018
8483426,,8483426,17,-0.002072269795462489,-0.0010334448888897896,0,-0.0221,0.0179
8483426,,8483426,18,-0.002102464437484741,-0.0010334448888897896,0,-0.0221,0.0179
8483426,,8483426,19,-0.002128155902028084,-0.0010334448888897896,0,-0.0221,0.0179
8483426,,8483426,20,-0.002159132156521082,-0.0010334448888897896,0,-0.0222,0.0178
8483426,,8483426,21,-0.002193654887378216,-0.0010334448888897896,0,-0.0222,0.0178
8483426,,8483426,22,-0.0022148326970636845,-0.0010334448888897896,0,-0.0222,0.0178
8483426,,8483426,23,-0.0022240534890443087,-0.0010334448888897896,0,-0.0222,0.0178
8483426,,8483426,24,-0.0022181724198162556,-0.0010334448888897896,0,-0.0222,0.0178
8483426,,8483426,25,-0.002209165133535862,-0.0010334448888897896,0,-0.0222,0.0178
8483426,,8483426,26,-0.0022271419875323772,-0.0010334448888897896,0,-0.0222,0.0178
8483426,,8483426,27,-0.0022403476759791374,-0.0010334448888897896,0,-0.0222,0.0178
8483426,,8483426,28,-0.002255074679851532,-0.0010334448888897896,0,-0.0223,0.0177
8483426,,8483426,29,-0.002263967413455248,-0.0010334448888897896,0,-0.0223,0.0177
8483426,,8483426,30,-0.0022681555710732937,-0.0010334448888897896,0,-0.0223,0.0177
8483426,,8483426,31,-0.0022690524347126484,-0.0010334448888897896,0,-0.0223,0.0177
8483426,,8483426,32,-0.0022712117061018944,-0.0010334448888897896,0,-0.0223,0.0177
8483426,,8483426,33,-0.0022722571156919003,-0.0010334448888897896,0,-0.0223,0.0177
Drew Commesso,CHI,8482123,0,-0.0009252107120119035,-0.0014814742607995868,0,-0.0209,0.0191
Drew Commesso,CHI,8482123,1,-0.0006812182255089283,-0.0014814742607995868,48,-0.0036,0.0022
Drew Commesso,CHI,8482123,2,-0.0006410820642486215,-0.0014814742607995868,0,-0.0206,0.0194
Drew Commesso,CHI,8482123,3,-0.0006054580444470048,-0.0014814742607995868,0,-0.0206,0.0194
Drew Commesso,CHI,8482123,4,-0.0005720034241676331,-0.0014814742607995868,0,-0.0206,0.0194
Drew Commesso,CHI,8482123,5,-0.0005346110556274652,-0.0014814742607995868,0,-0.0205,0.0195
Drew Commesso,CHI,8482123,6,-0.0005021383985877037,-0.0014814742607995868,0,-0.0205,0.0195
Drew Commesso,CHI,8482123,7,-0.0004716250696219504,-0.0014814742607995868,0,-0.0205,0.0195
Drew Commesso,CHI,8482123,8,-0.0004403867060318589,-0.0014814742607995868,0,-0.0204,0.0196
Drew Commesso,CHI,8482123,9,-0.0004017582687083632,-0.0014814742607995868,0,-0.0204,0.0196
Drew Commesso,CHI,8482123,10,-0.0003576716117095202,-0.0014814742607995868,0,-0.0204,0.0196
Drew Commesso,CHI,8482123,11,-0.0003102997434325516,-0.0014814742607995868,0,-0.0203,0.0197
Drew Commesso,CHI,8482123,12,-0.0002468471066094935,-0.0014814742607995868,0,-0.0202,0.0198
Drew Commesso,CHI,8482123,13,-0.00018079899018630385,-0.0014814742607995868,0,-0.0202,0.0198
Drew Commesso,CHI,8482123,14,-0.00010415929136797786,-0.0014814742607995868,0,-0.0201,0.0199
Drew Commesso,CHI,8482123,15,-2.3750413674861193e-05,-0.0014814742607995868,0,-0.02,0.02
Drew Commesso,CHI,8482123,16,4.7739013098180294e-05,-0.0014814742607995868,88,-0.0021,0.0021
Drew Commesso,CHI,8482123,17,1.3463315553963184e-05,-0.0014814742607995868,0,-0.02,0.02
Drew Commesso,CHI,8482123,18,-1.6590114682912827e-05,-0.0014814742607995868,0,-0.02,0.02
Drew Commesso,CHI,8482123,19,-4.238903056830168e-05,-0.0014814742607995868,0,-0.02,0.02
Drew Commesso,CHI,8482123,20,-7.336761336773634e-05,-0.0014814742607995868,0,-0.0201,0.0199
Drew Commesso,CHI,8482123,21,-0.00010776764247566462,-0.0014814742607995868,0,-0.0201,0.0199
Drew Commesso,CHI,8482123,22,-0.00012915791012346745,-0.0014814742607995868,0,-0.0201,0.0199
Drew Commesso,CHI,8482123,23,-0.00013820803724229336,-0.0014814742607995868,0,-0.0201,0.0199
Drew Commesso,CHI,8482123,24,-0.00013237667735666037,-0.0014814742607995868,0,-0.0201,0.0199
Drew Commesso,CHI,8482123,25,-0.00012337067164480686,-0.0014814742607995868,0,-0.0201,0.0199
Drew Commesso,CHI,8482123,26,-0.0001413867576047778,-0.0014814742607995868,0,-0.0201,0.0199
Drew Commesso,CHI,8482123,27,-0.00015452667139470577,-0.0014814742607995868,0,-0.0202,0.0198
Drew Commesso,CHI,8482123,28,-0.000169302336871624,-0.0014814742607995868,0,-0.0202,0.0198
Drew Commesso,CHI,8482123,29,-0.0001782054314389825,-0.0014814742607995868,0,-0.0202,0.0198
Drew Commesso,CHI,8482123,30,-0.00018234644085168839,-0.0014814742607995868,0,-0.0202,0.0198
Drew Commesso,CHI,8482123,31,-0.00018324342090636492,-0.0014814742607995868,0,-0.0202,0.0198
Drew Commesso,CHI,8482123,32,-0.0001854796428233385,-0.0014814742607995868,0,-0.0202,0.0198
Drew Commesso,CHI,8482123,33,-0.00018645823001861572,-0.0014814742607995868,0,-0.0202,0.0198
Andrei Vasilevskiy,TBL,8476883,0,0.059351202100515366,0.05667053163051605,0,0.0394,0.0794
Andrei Vasilevskiy,TBL,8476883,1,0.060528308153152466,0.05667053163051605,0,0.0405,0.0805
Andrei Vasilevskiy,TBL,8476883,2,0.06172364205121994,0.05667053163051605,36,0.0584,0.065
Andrei Vasilevskiy,TBL,8476883,3,0.06328951567411423,0.05667053163051605,89,0.0612,0.0654
Andrei Vasilevskiy,TBL,8476883,4,0.06519531458616257,0.05667053163051605,94,0.0631,0.0673
Andrei Vasilevskiy,TBL,8476883,5,0.06695953011512756,0.05667053163051605,66,0.0645,0.0695
Andrei Vasilevskiy,TBL,8476883,6,0.06862151622772217,0.05667053163051605,56,0.0659,0.0713
Andrei Vasilevskiy,TBL,8476883,7,0.07022051513195038,0.05667053163051605,135,0.0685,0.0719
Andrei Vasilevskiy,TBL,8476883,8,0.07169151306152344,0.05667053163051605,64,0.0692,0.0742
Andrei Vasilevskiy,TBL,8476883,9,0.07342991977930069,0.05667053163051605,85,0.0712,0.0756
Andrei Vasilevskiy,TBL,8476883,10,0.07485354691743851,0.05667053163051605,127,0.0731,0.0767
Andrei Vasilevskiy,TBL,8476883,11,0.07572147995233536,0.05667053163051605,34,0.0723,0.0791
Andrei Vasilevskiy,TBL,8476883,12,0.07657616585493088,0.05667053163051605,0,0.0566,0.0966
Andrei Vasilevskiy,TBL,8476883,13,0.07743030041456223,0.05667053163051605,61,0.0748,0.08
Andrei Vasilevskiy,TBL,8476883,14,0.07855457067489624,0.05667053163051605,82,0.0764,0.0808
Andrei Vasilevskiy,TBL,8476883,15,0.07938975095748901,0.05667053163051605,82,0.0772,0.0816
Andrei Vasilevskiy,TBL,8476883,16,0.08031528443098068,0.05667053163051605,77,0.078,0.0826
Andrei Vasilevskiy,TBL,8476883,17,0.08110731095075607,0.05667053163051605,101,0.0791,0.0831
Andrei Vasilevskiy,TBL,8476883,18,0.08160220831632614,0.05667053163051605,56,0.0789,0.0843
Andrei Vasilevskiy,TBL,8476883,19,0.08195382356643677,0.05667053163051605,124,0.0802,0.0838
Andrei Vasilevskiy,TBL,8476883,20,0.08206919580698013,0.05667053163051605,85,0.0799,0.0843
Andrei Vasilevskiy,TBL,8476883,21,0.0820496454834938,0.05667053163051605,70,0.0796,0.0844
Andrei Vasilevskiy,TBL,8476883,22,0.08222460001707077,0.05667053163051605,93,0.0801,0.0843
Andrei Vasilevskiy,TBL,8476883,23,0.0822424665093422,0.05667053163051605,103,0.0802,0.0842
Andrei Vasilevskiy,TBL,8476883,24,0.08233673870563507,0.05667053163051605,103,0.0803,0.0843
Andrei Vasilevskiy,TBL,8476883,25,0.08260165899991989,0.05667053163051605,114,0.0807,0.0845
Andrei Vasilevskiy,TBL,8476883,26,0.08285465836524963,0.05667053163051605,127,0.0811,0.0847
Andrei Vasilevskiy,TBL,8476883,27,0.08289710432291031,0.05667053163051605,73,0.0806,0.0852
Andrei Vasilevskiy,TBL,8476883,28,0.08317297697067261,0.05667053163051605,111,0.0813,0.0851
Andrei Vasilevskiy,TBL,8476883,29,0.08337434381246567,0.05667053163051605,107,0.0815,0.0853
Andrei Vasilevskiy,TBL,8476883,30,0.08337155729532242,0.05667053163051605,0,0.0634,0.1034
Andrei Vasilevskiy,TBL,8476883,31,0.0833713486790657,0.05667053163051605,0,0.0634,0.1034
Andrei Vasilevskiy,TBL,8476883,32,0.08337092399597168,0.05667053163051605,0,0.0634,0.1034
Andrei Vasilevskiy,TBL,8476883,33,0.08336692303419113,0.05667053163051605,0,0.0634,0.1034
8484293,,8484293,0,-0.006617216859012842,-0.006483074277639389,0,-0.0266,0.0134
8484293,,8484293,1,-0.00668007368221879,-0.006483074277639389,0,-0.0267,0.0133
8484293,,8484293,2,-0.006742273923009634,-0.006483074277639389,0,-0.0267,0.0133
8484293,,8484293,3,-0.006809397134929895,-0.006483074277639389,0,-0.0268,0.0132
8484293,,8484293,4,-0.006878396961838007,-0.006483074277639389,0,-0.0269,0.0131
8484293,,8484293,5,-0.0069439304061234,-0.006483074277639389,0,-0.0269,0.0131
8484293,,8484293,6,-0.007013604510575533,-0.006483074277639389,0,-0.027,0.013
8484293,,8484293,7,-0.007085831835865974,-0.006483074277639389,0,-0.0271,0.0129
8484293,,8484293,8,-0.007157130166888237,-0.006483074277639389,0,-0.0272,0.0128
8484293,,8484293,9,-0.007221087347716093,-0.006483074277639389,0,-0.0272,0.0128
8484293,,8484293,10,-0.00727955624461174,-0.006483074277639389,0,-0.0273,0.0127
8484293,,8484293,11,-0.007334750145673752,-0.006483074277639389,0,-0.0273,0.0127
8484293,,8484293,12,-0.00737374322488904,-0.006483074277639389,0,-0.0274,0.0126
8484293,,8484293,13,-0.007410261780023575,-0.006483074277639389,0,-0.0274,0.0126
8484293,,8484293,14,-0.007436394225805998,-0.006483074277639389,0,-0.0274,0.0126
8484293,,8484293,15,-0.007458210922777653,-0.006483074277639389,0,-0.0275,0.0125
8484293,,8484293,16,-0.007489290088415146,-0.006483074277639389,0,-0.0275,0.0125
8484293,,8484293,17,-0.00752392178401351,-0.006483074277639389,0,-0.0275,0.0125
8484293,,8484293,18,-0.007553662173449993,-0.006483074277639389,0,-0.0276,0.0124
8484293,,8484293,19,-0.0075797950848937035,-0.006483074277639389,0,-0.0276,0.0124
8484293,,8484293,20,-0.007610682398080826,-0.006483074277639389,0,-0.0276,0.0124
8484293,,8484293,21,-0.007645255886018276,-0.006483074277639389,0,-0.0276,0.0124
8484293,,8484293,22,-0.007666375488042831,-0.006483074277639389,0,-0.0277,0.0123
8484293,,8484293,23,-0.0076757920905947685,-0.006483074277639389,0,-0.0277,0.0123
8484293,,8484293,24,-0.0076699587516486645,-0.006483074277639389,0,-0.0277,0.0123
8484293,,8484293,25,-0.007660814560949802,-0.006483074277639389,0,-0.0277,0.0123
8484293,,8484293,26,-0.0076790605671703815,-0.006483074277639389,0,-0.0277,0.0123
8484293,,8484293,27,-0.007691977545619011,-0.006483074277639389,0,-0.0277,0.0123
8484293,,8484293,28,-0.007707070559263229,-0.006483074277639389,0,-0.0277,0.0123
8484293,,8484293,29,-0.007715742569416761,-0.006483074277639389,0,-0.0277,0.0123
8484293,,8484293,30,-0.007720089051872492,-0.006483074277639389,0,-0.0277,0.0123
8484293,,8484293,31,-0.007720804773271084,-0.006483074277639389,0,-0.0277,0.0123
8484293,,8484293,32,-0.00772326672449708,-0.006483074277639389,0,-0.0277,0.0123
8484293,,8484293,33,-0.007724209688603878,-0.006483074277639389,0,-0.0277,0.0123
Jeremy Swayman,BOS,8480280,0,0.01833464950323105,0.013906365260481834,0,-0.0017,0.0383
Jeremy Swayman,BOS,8480280,1,0.020302316173911095,0.013906365260481834,0,0.0003,0.0403
Jeremy Swayman,BOS,8480280,2,0.0222665723413229,0.013906365260481834,82,0.0201,0.0245
Jeremy Swayman,BOS,8480280,3,0.02392350509762764,0.013906365260481834,94,0.0218,0.026
Jeremy Swayman,BOS,8480280,4,0.02519364282488823,0.013906365260481834,109,0.0233,0.0271
Jeremy Swayman,BOS,8480280,5,0.02662186324596405,0.013906365260481834,85,0.0244,0.0288
Jeremy Swayman,BOS,8480280,6,0.0279786828905344,0.013906365260481834,83,0.0258,0.0302
Jeremy Swayman,BOS,8480280,7,0.029631640762090683,0.013906365260481834,101,0.0276,0.0316
Jeremy Swayman,BOS,8480280,8,0.031079191714525223,0.013906365260481834,103,0.0291,0.0331
Jeremy Swayman,BOS,8480280,9,0.032293058931827545,0.013906365260481834,147,0.0307,0.0339
Jeremy Swayman,BOS,8480280,10,0.03320397436618805,0.013906365260481834,108,0.0313,0.0351
Jeremy Swayman,BOS,8480280,11,0.033561818301677704,0.013906365260481834,82,0.0314,0.0358
Jeremy Swayman,BOS,8480280,12,0.03404713049530983,0.013906365260481834,81,0.0318,0.0362
Jeremy Swayman,BOS,8480280,13,0.034789007157087326,0.013906365260481834,119,0.033,0.0366
Jeremy Swayman,BOS,8480280,14,0.03565669432282448,0.013906365260481834,43,0.0327,0.0387
Jeremy Swayman,BOS,8480280,15,0.036842405796051025,0.013906365260481834,129,0.035,0.0386
Jeremy Swayman,BOS,8480280,16,0.03771083429455757,0.013906365260481834,84,0.0355,0.0399
Jeremy Swayman,BOS,8480280,17,0.038827162235975266,0.013906365260481834,86,0.0366,0.041
Jeremy Swayman,BOS,8480280,18,0.03958042338490486,0.013906365260481834,88,0.0375,0.0417
Jeremy Swayman,BOS,8480280,19,0.040685154497623444,0.013906365260481834,164,0.0391,0.0423
Jeremy Swayman,BOS,8480280,20,0.041578687727451324,0.013906365260481834,0,0.0216,0.0616
Jeremy Swayman,BOS,8480280,21,0.0424676388502121,0.013906365260481834,28,0.0387,0.0463
Jeremy Swayman,BOS,8480280,22,0.04336034134030342,0.013906365260481834,78,0.0411,0.0457
Jeremy Swayman,BOS,8480280,23,0.04426245763897896,0.013906365260481834,160,0.0427,0.0459
Jeremy Swayman,BOS,8480280,24,0.044578664004802704,0.013906365260481834,145,0.0429,0.0463
Jeremy Swayman,BOS,8480280,25,0.04478031024336815,0.013906365260481834,68,0.0424,0.0472
Jeremy Swayman,BOS,8480280,26,0.04485011845827103,0.013906365260481834,63,0.0424,0.0474
Jeremy Swayman,BOS,8480280,27,0.04511997103691101,0.013906365260481834,94,0.043,0.0472
Jeremy Swayman,BOS,8480280,28,0.04519568011164665,0.013906365260481834,143,0.0435,0.0469
Jeremy Swayman,BOS,8480280,29,0.045372169464826584,0.013906365260481834,90,0.0433,0.0475
Jeremy Swayman,BOS,8480280,30,0.045365218073129654,0.013906365260481834,0,0.0254,0.0654
Jeremy Swayman,BOS,8480280,31,0.0453677661716938,0.013906365260481834,0,0.0254,0.0654
Jeremy Swayman,BOS,8480280,32,0.04536152631044388,0.013906365260481834,0,0.0254,0.0654
Jeremy Swayman,BOS,8480280,33,0.04536394774913788,0.013906365260481834,0,0.0254,0.0654
James Reimer,OTT,8473503,0,0.007233007811009884,0.0075513627380132675,0,-0.0128,0.0272
James Reimer,OTT,8473503,1,0.007088310085237026,0.0075513627380132675,0,-0.0129,0.0271
James Reimer,OTT,8473503,2,0.006944102235138416,0.0075513627380132675,45,0.0039,0.0099
James Reimer,OTT,8473503,3,0.0068216933868825436,0.0075513627380132675,0,-0.0132,0.0268
James Reimer,OTT,8473503,4,0.006696867290884256,0.0075513627380132675,0,-0.0133,0.0267
James Reimer,OTT,8473503,5,0.006576304789632559,0.0075513627380132675,0,-0.0134,0.0266
James Reimer,OTT,8473503,6,0.006451024208217859,0.0075513627380132675,0,-0.0135,0.0265
James Reimer,OTT,8473503,7,0.006323071662336588,0.0075513627380132675,0,-0.0137,0.0263
James Reimer,OTT,8473503,8,0.006196271628141403,0.0075513627380132675,0,-0.0138,0.0262
James Reimer,OTT,8473503,9,0.006077190395444632,0.0075513627380132675,0,-0.0139,0.0261
James Reimer,OTT,8473503,10,0.00596267357468605,0.0075513627380132675,0,-0.014,0.026
James Reimer,OTT,8473503,11,0.005852537229657173,0.0075513627380132675,0,-0.0141,0.0259
James Reimer,OTT,8473503,12,0.005757218226790428,0.0075513627380132675,0,-0.0142,0.0258
James Reimer,OTT,8473503,13,0.005666204262524843,0.0075513627380132675,0,-0.0143,0.0257
James Reimer,OTT,8473503,14,0.005583468358963728,0.0075513627380132675,0,-0.0144,0.0256
James Reimer,OTT,8473503,15,0.00550710828974843,0.0075513627380132675,0,-0.0145,0.0255
James Reimer,OTT,8473503,16,0.005419336259365082,0.0075513627380132675,0,-0.0146,0.0254
James Reimer,OTT,8473503,17,0.0053305234760046005,0.0075513627380132675,56,0.0026,0.008
James Reimer,OTT,8473503,18,0.005323371849954128,0.0075513627380132675,104,0.0033,0.0073
James Reimer,OTT,8473503,19,0.005514807067811489,0.0075513627380132675,37,0.0022,0.0088
James Reimer,OTT,8473503,20,0.005668995436280966,0.0075513627380132675,68,0.0033,0.0081
James Reimer,OTT,8473503,21,0.005894464440643787,0.0075513627380132675,0,-0.0141,0.0259
James Reimer,OTT,8473503,22,0.00613220501691103,0.0075513627380132675,0,-0.0139,0.0261
James Reimer,OTT,8473503,23,0.006383228115737438,0.0075513627380132675,28,0.0026,0.0102
James Reimer,OTT,8473503,24,0.006660891231149435,0.0075513627380132675,76,0.0044,0.009
James Reimer,OTT,8473503,25,0.006901524029672146,0.0075513627380132675,29,0.0032,0.0106
James Reimer,OTT,8473503,26,0.006983195431530476,0.0075513627380132675,49,0.0041,0.0099
James Reimer,OTT,8473503,27,0.007056843489408493,0.0075513627380132675,33,0.0036,0.0106
James Reimer,OTT,8473503,28,0.0070406608283519745,0.0075513627380132675,0,-0.013,0.027
James Reimer,OTT,8473503,29,0.007033393252640963,0.0075513627380132675,0,-0.013,0.027
James Reimer,OTT,8473503,30,0.007027727551758289,0.0075513627380132675,0,-0.013,0.027
James Reimer,OTT,8473503,31,0.0070281364023685455,0.0075513627380132675,0,-0.013,0.027
James Reimer,OTT,8473503,32,0.007024956401437521,0.0075513627380132675,0,-0.013,0.027
James Reimer,OTT,8473503,33,0.0070245531387627125,0.0075513627380132675,0,-0.013,0.027
Ilya Sorokin,NYI,8478009,0,0.04718733951449394,0.04458828642964363,0,0.0272,0.0672
Ilya Sorokin,NYI,8478009,1,0.04834767058491707,0.04458828642964363,39,0.0451,0.0515
Ilya Sorokin,NYI,8478009,2,0.04954912140965462,0.04458828642964363,29,0.0458,0.0532
Ilya Sorokin,NYI,8478009,3,0.05084233358502388,0.04458828642964363,83,0.0486,0.053
Ilya Sorokin,NYI,8478009,4,0.05230405554175377,0.04458828642964363,74,0.05,0.0546
Ilya Sorokin,NYI,8478009,5,0.05406428128480911,0.04458828642964363,85,0.0519,0.0563
Ilya Sorokin,NYI,8478009,6,0.05579322203993797,0.04458828642964363,65,0.0533,0.0583
Ilya Sorokin,NYI,8478009,7,0.057589124888181686,0.04458828642964363,89,0.0555,0.0597
Ilya Sorokin,NYI,8478009,8,0.059117067605257034,0.04458828642964363,142,0.0574,0.0608
Ilya Sorokin,NYI,8478009,9,0.06039177253842354,0.04458828642964363,79,0.0581,0.0627
Ilya Sorokin,NYI,8478009,10,0.06136898323893547,0.04458828642964363,56,0.0587,0.0641
Ilya Sorokin,NYI,8478009,11,0.0625537559390068,0.04458828642964363,155,0.061,0.0642
Ilya Sorokin,NYI,8478009,12,0.0630653128027916,0.04458828642964363,101,0.0611,0.0651
Ilya Sorokin,NYI,8478009,13,0.06338758021593094,0.04458828642964363,78,0.0611,0.0657
Ilya Sorokin,NYI,8478009,14,0.0637885332107544,0.04458828642964363,0,0.0438,0.0838
Ilya Sorokin,NYI,8478009,15,0.06420308351516724,0.04458828642964363,0,0.0442,0.0842
Ilya Sorokin,NYI,8478009,16,0.0646025761961937,0.04458828642964363,117,0.0628,0.0664
Ilya Sorokin,NYI,8478009,17,0.06452985107898712,0.04458828642964363,92,0.0624,0.0666
Ilya Sorokin,NYI,8478009,18,0.0642833560705185,0.04458828642964363,85,0.0621,0.0665
Ilya Sorokin,NYI,8478009,19,0.0640813335776329,0.04458828642964363,118,0.0623,0.0659
Ilya Sorokin,NYI,8478009,20,0.06354378908872604,0.04458828642964363,89,0.0614,0.0656
Ilya Sorokin,NYI,8478009,21,0.0628584772348404,0.04458828642964363,80,0.0607,0.0651
Ilya Sorokin,NYI,8478009,22,0.06228576973080635,0.04458828642964363,74,0.06,0.0646
Ilya Sorokin,NYI,8478009,23,0.06180437654256821,0.04458828642964363,170,0.0603,0.0633
Ilya Sorokin,NYI,8478009,24,0.061244428157806396,0.04458828642964363,102,0.0592,0.0632
Ilya Sorokin,NYI,8478009,25,0.0604412779211998,0.04458828642964363,188,0.0589,0.0619
Ilya Sorokin,NYI,8478009,26,0.060165442526340485,0.04458828642964363,107,0.0583,0.0621
Ilya Sorokin,NYI,8478009,27,0.06014329940080643,0.04458828642964363,0,0.0401,0.0801
Ilya Sorokin,NYI,8478009,28,0.060137759894132614,0.04458828642964363,0,0.0401,0.0801
Ilya Sorokin,NYI,8478009,29,0.060123372822999954,0.04458828642964363,0,0.0401,0.0801
Ilya Sorokin,NYI,8478009,30,0.06012069061398506,0.04458828642964363,0,0.0401,0.0801
Ilya Sorokin,NYI,8478009,31,0.060121405869722366,0.04458828642964363,0,0.0401,0.0801
Ilya Sorokin,NYI,8478009,32,0.060115475207567215,0.04458828642964363,0,0.0401,0.0801
Ilya Sorokin,NYI,8478009,33,0.06011759489774704,0.04458828642964363,0,0.0401,0.0801
David Rittich,NYI,8479496,0,-0.00723411375656724,-0.008706178516149521,25,-0.0112,-0.0032
David Rittich,NYI,8479496,1,-0.006629829294979572,-0.008706178516149521,32,-0.0101,-0.0031
David Rittich,NYI,8479496,2,-0.005838362500071526,-0.008706178516149521,25,-0.0098,-0.0018
David Rittich,NYI,8479496,3,-0.004960751626640558,-0.008706178516149521,0,-0.025,0.015
David Rittich,NYI,8479496,4,-0.004084482789039612,-0.008706178516149521,48,-0.007,-0.0012
David Rittich,NYI,8479496,5,-0.003391020465642214,-0.008706178516149521,52,-0.0062,-0.0006
David Rittich,NYI,8479496,6,-0.002917944686487317,-0.008706178516149521,90,-0.005,-0.0008
David Rittich,NYI,8479496,7,-0.0023895534686744213,-0.008706178516149521,40,-0.0056,0.0008
David Rittich,NYI,8479496,8,-0.001662708818912506,-0.008706178516149521,48,-0.0046,0.0012
David Rittich,NYI,8479496,9,-0.0010811206884682178,-0.008706178516149521,72,-0.0035,0.0013
David Rittich,NYI,8479496,10,-0.0007894205045886338,-0.008706178516149521,30,-0.0045,0.0029
David Rittich,NYI,8479496,11,-0.00041864841477945447,-0.008706178516149521,43,-0.0034,0.0026
David Rittich,NYI,8479496,12,8.892093319445848e-06,-0.008706178516149521,59,-0.0026,0.0026
David Rittich,NYI,8479496,13,0.00029431795701384544,-0.008706178516149521,46,-0.0026,0.0032
David Rittich,NYI,8479496,14,0.00043822871521115303,-0.008706178516149521,146,-0.0013,0.0021
David Rittich,NYI,8479496,15,-0.00019886455265805125,-0.008706178516149521,112,-0.0021,0.0017
David Rittich,NYI,8479496,16,-0.0005791524890810251,-0.008706178516149521,47,-0.0035,0.0023
David Rittich,NYI,8479496,17,-0.0011936648515984416,-0.008706178516149521,35,-0.0046,0.0022
David Rittich,NYI,8479496,18,-0.0016059849876910448,-0.008706178516149521,31,-0.0052,0.002
David Rittich,NYI,8479496,19,-0.001859425799921155,-0.008706178516149521,28,-0.0057,0.0019
David Rittich,NYI,8479496,20,-0.0021020511630922556,-0.008706178516149521,34,-0.0055,0.0013
David Rittich,NYI,8479496,21,-0.002285169903188944,-0.008706178516149521,0,-0.0223,0.0177
David Rittich,NYI,8479496,22,-0.0024545439518988132,-0.008706178516149521,44,-0.0055,0.0005
David Rittich,NYI,8479496,23,-0.002678837161511183,-0.008706178516149521,6,-0.0109,0.0055
David Rittich,NYI,8479496,24,-0.0028192843310534954,-0.008706178516149521,15,-0.008,0.0024
David Rittich,NYI,8479496,25,-0.00277542183175683,-0.008706178516149521,4,-0.0128,0.0072
David Rittich,NYI,8479496,26,-0.002724309451878071,-0.008706178516149521,0,-0.0227,0.0173
David Rittich,NYI,8479496,27,-0.0026687169447541237,-0.008706178516149521,35,-0.0061,0.0007
David Rittich,NYI,8479496,28,-0.0026835412718355656,-0.008706178516149521,0,-0.0227,0.0173
David Rittich,NYI,8479496,29,-0.0026921029202640057,-0.008706178516149521,0,-0.0227,0.0173
David Rittich,NYI,8479496,30,-0.0026967646554112434,-0.008706178516149521,0,-0.0227,0.0173
David Rittich,NYI,8479496,31,-0.0026970840990543365,-0.008706178516149521,0,-0.0227,0.0173
David Rittich,NYI,8479496,32,-0.0026997963432222605,-0.008706178516149521,0,-0.0227,0.0173
David Rittich,NYI,8479496,33,-0.002700429642572999,-0.008706178516149521,0,-0.0227,0.0173
Pheonix Copley,LAK,8477831,0,-0.004513769876211882,-0.00422079348936677,0,-0.0245,0.0155
Pheonix Copley,LAK,8477831,1,-0.004648064263164997,-0.00422079348936677,0,-0.0246,0.0154
Pheonix Copley,LAK,8477831,2,-0.00478065200150013,-0.00422079348936677,14,-0.0101,0.0005
Pheonix Copley,LAK,8477831,3,-0.004924009088426828,-0.00422079348936677,0,-0.0249,0.0151
Pheonix Copley,LAK,8477831,4,-0.005068305879831314,-0.00422079348936677,0,-0.0251,0.0149
Pheonix Copley,LAK,8477831,5,-0.005209596827626228,-0.00422079348936677,0,-0.0252,0.0148
Pheonix Copley,LAK,8477831,6,-0.0053553348407149315,-0.00422079348936677,0,-0.0254,0.0146
Pheonix Copley,LAK,8477831,7,-0.005503284279257059,-0.00422079348936677,0,-0.0255,0.0145
Pheonix Copley,LAK,8477831,8,-0.005649999715387821,-0.00422079348936677,0,-0.0256,0.0144
Pheonix Copley,LAK,8477831,9,-0.005790256429463625,-0.00422079348936677,0,-0.0258,0.0142
Pheonix Copley,LAK,8477831,10,-0.005923992022871971,-0.00422079348936677,0,-0.0259,0.0141
Pheonix Copley,LAK,8477831,11,-0.0060550677590072155,-0.00422079348936677,0,-0.0261,0.0139
Pheonix Copley,LAK,8477831,12,-0.006170288193970919,-0.00422079348936677,0,-0.0262,0.0138
Pheonix Copley,LAK,8477831,13,-0.00628196494653821,-0.00422079348936677,0,-0.0263,0.0137
Pheonix Copley,LAK,8477831,14,-0.006384203676134348,-0.00422079348936677,40,-0.0096,-0.0032
Pheonix Copley,LAK,8477831,15,-0.006405843887478113,-0.00422079348936677,0,-0.0264,0.0136
Pheonix Copley,LAK,8477831,16,-0.00643708324059844,-0.00422079348936677,0,-0.0264,0.0136
Pheonix Copley,LAK,8477831,17,-0.006471378728747368,-0.00422079348936677,0,-0.0265,0.0135
Pheonix Copley,LAK,8477831,18,-0.006501473486423492,-0.00422079348936677,0,-0.0265,0.0135
Pheonix Copley,LAK,8477831,19,-0.006527197081595659,-0.00422079348936677,0,-0.0265,0.0135
Pheonix Copley,LAK,8477831,20,-0.006558404304087162,-0.00422079348936677,0,-0.0266,0.0134
Pheonix Copley,LAK,8477831,21,-0.006592572666704655,-0.00422079348936677,0,-0.0266,0.0134
Pheonix Copley,LAK,8477831,22,-0.006614206358790398,-0.00422079348936677,0,-0.0266,0.0134
Pheonix Copley,LAK,8477831,23,-0.006623067893087864,-0.00422079348936677,0,-0.0266,0.0134
Pheonix Copley,LAK,8477831,24,-0.006617524195462465,-0.00422079348936677,0,-0.0266,0.0134
Pheonix Copley,LAK,8477831,25,-0.0066083259880542755,-0.00422079348936677,0,-0.0266,0.0134
Pheonix Copley,LAK,8477831,26,-0.006626290734857321,-0.00422079348936677,0,-0.0266,0.0134
Pheonix Copley,LAK,8477831,27,-0.0066398074850440025,-0.00422079348936677,0,-0.0266,0.0134
Pheonix Copley,LAK,8477831,28,-0.0066541638225317,-0.00422079348936677,0,-0.0267,0.0133
Pheonix Copley,LAK,8477831,29,-0.006663363426923752,-0.00422079348936677,0,-0.0267,0.0133
Pheonix Copley,LAK,8477831,30,-0.006667243782430887,-0.00422079348936677,0,-0.0267,0.0133
Pheonix Copley,LAK,8477831,31,-0.006668604910373688,-0.00422079348936677,0,-0.0267,0.0133
Pheonix Copley,LAK,8477831,32,-0.006670375820249319,-0.00422079348936677,0,-0.0267,0.0133
Pheonix Copley,LAK,8477831,33,-0.006671661976724863,-0.00422079348936677,0,-0.0267,0.0133
John Gibson,DET,8476434,0,0.02758822776377201,0.02668865956366062,0,0.0076,0.0476
John Gibson,DET,8476434,1,0.027987493202090263,0.02668865956366062,22,0.0237,0.0323
John Gibson,DET,8476434,2,0.028353946283459663,0.02668865956366062,65,0.0259,0.0309
John Gibson,DET,8476434,3,0.02890964411199093,0.02668865956366062,18,0.0242,0.0336
John Gibson,DET,8476434,4,0.029857199639081955,0.02668865956366062,81,0.0277,0.0321
John Gibson,DET,8476434,5,0.03063478320837021,0.02668865956366062,97,0.0286,0.0326
John Gibson,DET,8476434,6,0.031501252204179764,0.02668865956366062,76,0.0292,0.0338
John Gibson,DET,8476434,7,0.0324421152472496,0.02668865956366062,73,0.0301,0.0347
John Gibson,DET,8476434,8,0.03338215872645378,0.02668865956366062,64,0.0309,0.0359
John Gibson,DET,8476434,9,0.034567732363939285,0.02668865956366062,38,0.0314,0.0378
John Gibson,DET,8476434,10,0.03595941886305809,0.02668865956366062,39,0.0328,0.0392
John Gibson,DET,8476434,11,0.03753376752138138,0.02668865956366062,98,0.0355,0.0395
John Gibson,DET,8476434,12,0.03921912983059883,0.02668865956366062,163,0.0376,0.0408
John Gibson,DET,8476434,13,0.04020363837480545,0.02668865956366062,72,0.0378,0.0426
John Gibson,DET,8476434,14,0.04118667170405388,0.02668865956366062,100,0.0392,0.0432
John Gibson,DET,8476434,15,0.042178526520729065,0.02668865956366062,76,0.0399,0.0445
John Gibson,DET,8476434,16,0.042967118322849274,0.02668865956366062,149,0.0414,0.0446
John Gibson,DET,8476434,17,0.04321466013789177,0.02668865956366062,121,0.0414,0.045
John Gibson,DET,8476434,18,0.04334563761949539,0.02668865956366062,86,0.0411,0.0455
John Gibson,DET,8476434,19,0.043113019317388535,0.02668865956366062,104,0.0411,0.0451
John Gibson,DET,8476434,20,0.04311957582831383,0.02668865956366062,75,0.0408,0.0454
John Gibson,DET,8476434,21,0.042929571121931076,0.02668865956366062,44,0.0399,0.0459
John Gibson,DET,8476434,22,0.042524997144937515,0.02668865956366062,90,0.0404,0.0446
John Gibson,DET,8476434,23,0.04212522134184837,0.02668865956366062,127,0.0403,0.0439
John Gibson,DET,8476434,24,0.041526369750499725,0.02668865956366062,111,0.0396,0.0434
John Gibson,DET,8476434,25,0.041052982211112976,0.02668865956366062,103,0.0391,0.0431
John Gibson,DET,8476434,26,0.04067358002066612,0.02668865956366062,126,0.0389,0.0425
John Gibson,DET,8476434,27,0.040397759526968,0.02668865956366062,22,0.0361,0.0447
John Gibson,DET,8476434,28,0.0403827540576458,0.02668865956366062,0,0.0204,0.0604
John Gibson,DET,8476434,29,0.04037480056285858,0.02668865956366062,0,0.0204,0.0604
John Gibson,DET,8476434,30,0.0403696671128273,0.02668865956366062,0,0.0204,0.0604
John Gibson,DET,8476434,31,0.040368545800447464,0.02668865956366062,0,0.0204,0.0604
John Gibson,DET,8476434,32,0.04036934673786163,0.02668865956366062,0,0.0204,0.0604
John Gibson,DET,8476434,33,0.04036413133144379,0.02668865956366062,0,0.0204,0.0604
Yaroslav Askarov,SJS,8482137,0,-0.04011156037449837,-0.03646348416805267,0,-0.0601,-0.0201
Yaroslav Askarov,SJS,8482137,1,-0.04173935204744339,-0.03646348416805267,34,-0.0451,-0.0383
Yaroslav Askarov,SJS,8482137,2,-0.04338018596172333,-0.03646348416805267,64,-0.0459,-0.0409
Yaroslav Askarov,SJS,8482137,3,-0.044613730162382126,-0.03646348416805267,66,-0.0471,-0.0421
Yaroslav Askarov,SJS,8482137,4,-0.04563000053167343,-0.03646348416805267,49,-0.0485,-0.0427
Yaroslav Askarov,SJS,8482137,5,-0.04644082859158516,-0.03646348416805267,145,-0.0481,-0.0447
Yaroslav Askarov,SJS,8482137,6,-0.0471716932952404,-0.03646348416805267,81,-0.0494,-0.045
Yaroslav Askarov,SJS,8482137,7,-0.047825880348682404,-0.03646348416805267,106,-0.0497,-0.0459
Yaroslav Askarov,SJS,8482137,8,-0.04902227222919464,-0.03646348416805267,96,-0.051,-0.047
Yaroslav Askarov,SJS,8482137,9,-0.050656359642744064,-0.03646348416805267,146,-0.0524,-0.049
Yaroslav Askarov,SJS,8482137,10,-0.052720990031957626,-0.03646348416805267,82,-0.0549,-0.0505
Yaroslav Askarov,SJS,8482137,11,-0.05479210615158081,-0.03646348416805267,95,-0.0569,-0.0527
Yaroslav Askarov,SJS,8482137,12,-0.05657324939966202,-0.03646348416805267,57,-0.0592,-0.054
Yaroslav Askarov,SJS,8482137,13,-0.05823544040322304,-0.03646348416805267,74,-0.0605,-0.0559
Yaroslav Askarov,SJS,8482137,14,-0.059772707521915436,-0.03646348416805267,64,-0.0623,-0.0573
Yaroslav Askarov,SJS,8482137,15,-0.061090730130672455,-0.03646348416805267,118,-0.0629,-0.0593
Yaroslav Askarov,SJS,8482137,16,-0.062336403876543045,-0.03646348416805267,77,-0.0646,-0.06
Yaroslav Askarov,SJS,8482137,17,-0.06331858783960342,-0.03646348416805267,48,-0.0662,-0.0604
Yaroslav Askarov,SJS,8482137,18,-0.06436745077371597,-0.03646348416805267,43,-0.0674,-0.0614
Yaroslav Askarov,SJS,8482137,19,-0.06542161107063293,-0.03646348416805267,81,-0.0676,-0.0632
Yaroslav Askarov,SJS,8482137,20,-0.06647006422281265,-0.03646348416805267,72,-0.0689,-0.0641
Yaroslav Askarov,SJS,8482137,21,-0.06733451038599014,-0.03646348416805267,74,-0.0696,-0.065
Yaroslav Askarov,SJS,8482137,22,-0.06807088106870651,-0.03646348416805267,0,-0.0881,-0.0481
Yaroslav Askarov,SJS,8482137,23,-0.06880364567041397,-0.03646348416805267,0,-0.0888,-0.0488
Yaroslav Askarov,SJS,8482137,24,-0.06951699405908585,-0.03646348416805267,17,-0.0744,-0.0646
Yaroslav Askarov,SJS,8482137,25,-0.07032343745231628,-0.03646348416805267,123,-0.0721,-0.0685
Yaroslav Askarov,SJS,8482137,26,-0.07078388333320618,-0.03646348416805267,95,-0.0729,-0.0687
Yaroslav Askarov,SJS,8482137,27,-0.07101470232009888,-0.03646348416805267,37,-0.0743,-0.0677
Yaroslav Askarov,SJS,8482137,28,-0.07101983577013016,-0.03646348416805267,0,-0.091,-0.051
Yaroslav Askarov,SJS,8482137,29,-0.07103423029184341,-0.03646348416805267,0,-0.091,-0.051
Yaroslav Askarov,SJS,8482137,30,-0.07103782892227173,-0.03646348416805267,0,-0.091,-0.051
Yaroslav Askarov,SJS,8482137,31,-0.07103803753852844,-0.03646348416805267,0,-0.091,-0.051
Yaroslav Askarov,SJS,8482137,32,-0.07103846222162247,-0.03646348416805267,0,-0.091,-0.051
Yaroslav Askarov,SJS,8482137,33,-0.07104246318340302,-0.03646348416805267,0,-0.091,-0.051
Thatcher Demko,VAN,8477967,0,0.002030301373451948,0.0018648429540917277,0,-0.018,0.022
Thatcher Demko,VAN,8477967,1,0.002100774087011814,0.0018648429540917277,39,-0.0011,0.0053
Thatcher Demko,VAN,8477967,2,0.0022806073538959026,0.0018648429540917277,36,-0.001,0.0056
Thatcher Demko,VAN,8477967,3,0.0024444470182061195,0.0018648429540917277,89,0.0003,0.0045
Thatcher Demko,VAN,8477967,4,0.002215431537479162,0.0018648429540917277,106,0.0003,0.0041
Thatcher Demko,VAN,8477967,5,0.0017519054235890508,0.0018648429540917277,83,-0.0004,0.004
Thatcher Demko,VAN,8477967,6,0.001278068171814084,0.0018648429540917277,85,-0.0009,0.0035
Thatcher Demko,VAN,8477967,7,0.0008106000605039299,0.0018648429540917277,43,-0.0022,0.0038
Thatcher Demko,VAN,8477967,8,0.00043726450530812144,0.0018648429540917277,16,-0.0046,0.0054
Thatcher Demko,VAN,8477967,9,0.00029537075897678733,0.0018648429540917277,0,-0.0197,0.0203
Thatcher Demko,VAN,8477967,10,0.00015814130892977118,0.0018648429540917277,0,-0.0198,0.0202
Thatcher Demko,VAN,8477967,11,2.485123695805669e-05,0.0018648429540917277,0,-0.02,0.02
Thatcher Demko,VAN,8477967,12,-9.278510697185993e-05,0.0018648429540917277,71,-0.0025,0.0023
Thatcher Demko,VAN,8477967,13,-0.0002784060197882354,0.0018648429540917277,80,-0.0025,0.0019
Thatcher Demko,VAN,8477967,14,-0.0008853734470903873,0.0018648429540917277,109,-0.0028,0.001
Thatcher Demko,VAN,8477967,15,-0.0014727446250617504,0.0018648429540917277,85,-0.0037,0.0007
Thatcher Demko,VAN,8477967,16,-0.0019386432832106948,0.0018648429540917277,39,-0.0051,0.0013
Thatcher Demko,VAN,8477967,17,-0.0019730408675968647,0.0018648429540917277,0,-0.022,0.018
Thatcher Demko,VAN,8477967,18,-0.0020030688028782606,0.0018648429540917277,0,-0.022,0.018
Thatcher Demko,VAN,8477967,19,-0.002028800779953599,0.0018648429540917277,0,-0.022,0.018
Thatcher Demko,VAN,8477967,20,-0.0020597423426806927,0.0018648429540917277,0,-0.0221,0.0179
Thatcher Demko,VAN,8477967,21,-0.0020942548289895058,0.0018648429540917277,0,-0.0221,0.0179
Thatcher Demko,VAN,8477967,22,-0.0021154526621103287,0.0018648429540917277,0,-0.0221,0.0179
Thatcher Demko,VAN,8477967,23,-0.0021246226970106363,0.0018648429540917277,0,-0.0221,0.0179
Thatcher Demko,VAN,8477967,24,-0.002118702046573162,0.0018648429540917277,0,-0.0221,0.0179
Thatcher Demko,VAN,8477967,25,-0.0021097753196954727,0.0018648429540917277,0,-0.0221,0.0179
Thatcher Demko,VAN,8477967,26,-0.0021276522893458605,0.0018648429540917277,0,-0.0221,0.0179
Thatcher Demko,VAN,8477967,27,-0.0021409124601632357,0.0018648429540917277,0,-0.0221,0.0179
Thatcher Demko,VAN,8477967,28,-0.0021555994171649218,0.0018648429540917277,0,-0.0222,0.0178
Thatcher Demko,VAN,8477967,29,-0.00216450123116374,0.0018648429540917277,0,-0.0222,0.0178
Thatcher Demko,VAN,8477967,30,-0.0021687045227736235,0.0018648429540917277,0,-0.0222,0.0178
Thatcher Demko,VAN,8477967,31,-0.0021695359610021114,0.0018648429540917277,0,-0.0222,0.0178
Thatcher Demko,VAN,8477967,32,-0.002171765547245741,0.0018648429540917277,0,-0.0222,0.0178
Thatcher Demko,VAN,8477967,33,-0.002172719221562147,0.0018648429540917277,0,-0.0222,0.0178
Leevi Meriläinen,OTT,8482447,0,-0.04593773931264877,-0.04107849672436714,0,-0.0659,-0.0259
Leevi Meriläinen,OTT,8482447,1,-0.048103731125593185,-0.04107849672436714,31,-0.0517,-0.0445
Leevi Meriläinen,OTT,8482447,2,-0.05024963244795799,-0.04107849672436714,25,-0.0542,-0.0462
Leevi Meriläinen,OTT,8482447,3,-0.051991257816553116,-0.04107849672436714,0,-0.072,-0.032
Leevi Meriläinen,OTT,8482447,4,-0.05373629555106163,-0.04107849672436714,31,-0.0573,-0.0501
Leevi Meriläinen,OTT,8482447,5,-0.05502242222428322,-0.04107849672436714,0,-0.075,-0.035
Leevi Meriläinen,OTT,8482447,6,-0.05630730837583542,-0.04107849672436714,44,-0.0593,-0.0533
Leevi Meriläinen,OTT,8482447,7,-0.057661913335323334,-0.04107849672436714,45,-0.0607,-0.0547
Leevi Meriläinen,OTT,8482447,8,-0.059163011610507965,-0.04107849672436714,32,-0.0627,-0.0557
Leevi Meriläinen,OTT,8482447,9,-0.06058228760957718,-0.04107849672436714,0,-0.0806,-0.0406
Leevi Meriläinen,OTT,8482447,10,-0.06199537590146065,-0.04107849672436714,74,-0.0643,-0.0597
Leevi Meriläinen,OTT,8482447,11,-0.06327107548713684,-0.04107849672436714,36,-0.0666,-0.06
Leevi Meriläinen,OTT,8482447,12,-0.06448757648468018,-0.04107849672436714,33,-0.068,-0.061
Leevi Meriläinen,OTT,8482447,13,-0.06562995165586472,-0.04107849672436714,32,-0.0691,-0.0621
Leevi Meriläinen,OTT,8482447,14,-0.06661609560251236,-0.04107849672436714,21,-0.071,-0.0622
Leevi Meriläinen,OTT,8482447,15,-0.06753186136484146,-0.04107849672436714,111,-0.0694,-0.0656
Leevi Meriläinen,OTT,8482447,16,-0.06834253668785095,-0.04107849672436714,107,-0.0702,-0.0664
Leevi Meriläinen,OTT,8482447,17,-0.06870853155851364,-0.04107849672436714,100,-0.0707,-0.0667
Leevi Meriläinen,OTT,8482447,18,-0.06873540580272675,-0.04107849672436714,0,-0.0887,-0.0487
Leevi Meriläinen,OTT,8482447,19,-0.06875929236412048,-0.04107849672436714,0,-0.0888,-0.0488
Leevi Meriläinen,OTT,8482447,20,-0.06879515200853348,-0.04107849672436714,0,-0.0888,-0.0488
Leevi Meriläinen,OTT,8482447,21,-0.06882656365633011,-0.04107849672436714,0,-0.0888,-0.0488
Leevi Meriläinen,OTT,8482447,22,-0.06884719431400299,-0.04107849672436714,0,-0.0888,-0.0488
Leevi Meriläinen,OTT,8482447,23,-0.06885996460914612,-0.04107849672436714,0,-0.0889,-0.0489
Leevi Meriläinen,OTT,8482447,24,-0.06884864717721939,-0.04107849672436714,0,-0.0888,-0.0488
Leevi Meriläinen,OTT,8482447,25,-0.068845734000206,-0.04107849672436714,0,-0.0888,-0.0488
Leevi Meriläinen,OTT,8482447,26,-0.06885755062103271,-0.04107849672436714,0,-0.0889,-0.0489
Leevi Meriläinen,OTT,8482447,27,-0.06887690722942352,-0.04107849672436714,0,-0.0889,-0.0489
Leevi Meriläinen,OTT,8482447,28,-0.06888549774885178,-0.04107849672436714,0,-0.0889,-0.0489
Leevi Meriläinen,OTT,8482447,29,-0.06889989227056503,-0.04107849672436714,0,-0.0889,-0.0489
Leevi Meriläinen,OTT,8482447,30,-0.06889981776475906,-0.04107849672436714,0,-0.0889,-0.0489
Leevi Meriläinen,OTT,8482447,31,-0.06890369951725006,-0.04107849672436714,0,-0.0889,-0.0489
Leevi Meriläinen,OTT,8482447,32,-0.06890412420034409,-0.04107849672436714,0,-0.0889,-0.0489
Leevi Meriläinen,OTT,8482447,33,-0.06890568137168884,-0.04107849672436714,0,-0.0889,-0.0489
Nikke Kokko,SEA,8483668,0,-0.00184548064135015,-0.0018561409087851644,19,-0.0064,0.0028
Nikke Kokko,SEA,8483668,1,-0.0018735849298536777,-0.0018561409087851644,13,-0.0074,0.0036
Nikke Kokko,SEA,8483668,2,-0.0019263707799836993,-0.0018561409087851644,0,-0.0219,0.0181
Nikke Kokko,SEA,8483668,3,-0.0019837962463498116,-0.0018561409087851644,0,-0.022,0.018
Nikke Kokko,SEA,8483668,4,-0.002043274464085698,-0.0018561409087851644,0,-0.022,0.018
Nikke Kokko,SEA,8483668,5,-0.0020988488104194403,-0.0018561409087851644,0,-0.0221,0.0179
Nikke Kokko,SEA,8483668,6,-0.0021594560239464045,-0.0018561409087851644,0,-0.0222,0.0178
Nikke Kokko,SEA,8483668,7,-0.0022217491641640663,-0.0018561409087851644,0,-0.0222,0.0178
Nikke Kokko,SEA,8483668,8,-0.002283671172335744,-0.0018561409087851644,0,-0.0223,0.0177
Nikke Kokko,SEA,8483668,9,-0.0023378541227430105,-0.0018561409087851644,0,-0.0223,0.0177
Nikke Kokko,SEA,8483668,10,-0.0023868861608207226,-0.0018561409087851644,0,-0.0224,0.0176
Nikke Kokko,SEA,8483668,11,-0.0024323889520019293,-0.0018561409087851644,0,-0.0224,0.0176
Nikke Kokko,SEA,8483668,12,-0.0024620285257697105,-0.0018561409087851644,0,-0.0225,0.0175
Nikke Kokko,SEA,8483668,13,-0.002488795667886734,-0.0018561409087851644,0,-0.0225,0.0175
Nikke Kokko,SEA,8483668,14,-0.0025052851997315884,-0.0018561409087851644,0,-0.0225,0.0175
Nikke Kokko,SEA,8483668,15,-0.0025178256910294294,-0.0018561409087851644,0,-0.0225,0.0175
Nikke Kokko,SEA,8483668,16,-0.002539144828915596,-0.0018561409087851644,0,-0.0225,0.0175
Nikke Kokko,SEA,8483668,17,-0.0025641729589551687,-0.0018561409087851644,0,-0.0226,0.0174
Nikke Kokko,SEA,8483668,18,-0.0025845998898148537,-0.0018561409087851644,0,-0.0226,0.0174
Nikke Kokko,SEA,8483668,19,-0.002600935287773609,-0.0018561409087851644,0,-0.0226,0.0174
Nikke Kokko,SEA,8483668,20,-0.0026223445311188698,-0.0018561409087851644,0,-0.0226,0.0174
Nikke Kokko,SEA,8483668,21,-0.002647481393069029,-0.0018561409087851644,0,-0.0226,0.0174
Nikke Kokko,SEA,8483668,22,-0.002659063320606947,-0.0018561409087851644,0,-0.0227,0.0173
Nikke Kokko,SEA,8483668,23,-0.002658830489963293,-0.0018561409087851644,0,-0.0227,0.0173
Nikke Kokko,SEA,8483668,24,-0.0026434864848852158,-0.0018561409087851644,0,-0.0226,0.0174
Nikke Kokko,SEA,8483668,25,-0.0026249391958117485,-0.0018561409087851644,0,-0.0226,0.0174
Nikke Kokko,SEA,8483668,26,-0.0026334316935390234,-0.0018561409087851644,41,-0.0057,0.0005
Nikke Kokko,SEA,8483668,27,-0.0027372322510927916,-0.0018561409087851644,100,-0.0047,-0.0007
Nikke Kokko,SEA,8483668,28,-0.0027519434224814177,-0.0018561409087851644,0,-0.0228,0.0172
Nikke Kokko,SEA,8483668,29,-0.0027606943622231483,-0.0018561409087851644,0,-0.0228,0.0172
Nikke Kokko,SEA,8483668,30,-0.0027651418931782246,-0.0018561409087851644,0,-0.0228,0.0172
Nikke Kokko,SEA,8483668,31,-0.0027657044120132923,-0.0018561409087851644,0,-0.0228,0.0172
Nikke Kokko,SEA,8483668,32,-0.0027682280633598566,-0.0018561409087851644,0,-0.0228,0.0172
Nikke Kokko,SEA,8483668,33,-0.002769025042653084,-0.0018561409087851644,0,-0.0228,0.0172
Victor Ostman,SEA,8484910,0,0.005526913329958916,0.005477351136505604,0,-0.0145,0.0255
Victor Ostman,SEA,8484910,1,0.005545872263610363,0.005477351136505604,0,-0.0145,0.0255
Victor Ostman,SEA,8484910,2,0.005564920138567686,0.005477351136505604,0,-0.0144,0.0256
Victor Ostman,SEA,8484910,3,0.005579725373536348,0.005477351136505604,0,-0.0144,0.0256
Victor Ostman,SEA,8484910,4,0.005592301022261381,0.005477351136505604,0,-0.0144,0.0256
Victor Ostman,SEA,8484910,5,0.00560871884226799,0.005477351136505604,0,-0.0144,0.0256
Victor Ostman,SEA,8484910,6,0.005620452109724283,0.005477351136505604,0,-0.0144,0.0256
Victor Ostman,SEA,8484910,7,0.005629854276776314,0.005477351136505604,0,-0.0144,0.0256
Victor Ostman,SEA,8484910,8,0.005640368442982435,0.005477351136505604,0,-0.0144,0.0256
Victor Ostman,SEA,8484910,9,0.005657946225255728,0.005477351136505604,0,-0.0143,0.0257
Victor Ostman,SEA,8484910,10,0.00568123534321785,0.005477351136505604,0,-0.0143,0.0257
Victor Ostman,SEA,8484910,11,0.005707560107111931,0.005477351136505604,0,-0.0143,0.0257
Victor Ostman,SEA,8484910,12,0.005750077776610851,0.005477351136505604,0,-0.0142,0.0258
Victor Ostman,SEA,8484910,13,0.005795482080429792,0.005477351136505604,0,-0.0142,0.0258
Victor Ostman,SEA,8484910,14,0.005850651767104864,0.005477351136505604,0,-0.0141,0.0259
Victor Ostman,SEA,8484910,15,0.0059107025153934956,0.005477351136505604,0,-0.0141,0.0259
Victor Ostman,SEA,8484910,16,0.005960715468972921,0.005477351136505604,0,-0.014,0.026
Victor Ostman,SEA,8484910,17,0.006008354015648365,0.005477351136505604,0,-0.014,0.026
Victor Ostman,SEA,8484910,18,0.00605968851596117,0.005477351136505604,0,-0.0139,0.0261
Victor Ostman,SEA,8484910,19,0.006115003954619169,0.005477351136505604,0,-0.0139,0.0261
Victor Ostman,SEA,8484910,20,0.0061665126122534275,0.005477351136505604,0,-0.0138,0.0262
Victor Ostman,SEA,8484910,21,0.006212259642779827,0.005477351136505604,0,-0.0138,0.0262
Victor Ostman,SEA,8484910,22,0.00627374742180109,0.005477351136505604,0,-0.0137,0.0263
Victor Ostman,SEA,8484910,23,0.006344746798276901,0.005477351136505604,0,-0.0137,0.0263
Victor Ostman,SEA,8484910,24,0.006433665752410889,0.005477351136505604,0,-0.0136,0.0264
Victor Ostman,SEA,8484910,25,0.006522519513964653,0.005477351136505604,0,-0.0135,0.0265
Victor Ostman,SEA,8484910,26,0.006587301846593618,0.005477351136505604,0,-0.0134,0.0266
Victor Ostman,SEA,8484910,27,0.006654712371528149,0.005477351136505604,55,0.004,0.0094
Victor Ostman,SEA,8484910,28,0.006640641950070858,0.005477351136505604,0,-0.0134,0.0266
Victor Ostman,SEA,8484910,29,0.006630940828472376,0.005477351136505604,0,-0.0134,0.0266
Victor Ostman,SEA,8484910,30,0.0066278912127017975,0.005477351136505604,0,-0.0134,0.0266
Victor Ostman,SEA,8484910,31,0.00662570632994175,0.005477351136505604,0,-0.0134,0.0266
Victor Ostman,SEA,8484910,32,0.006625133100897074,0.005477351136505604,0,-0.0134,0.0266
Victor Ostman,SEA,8484910,33,0.0066229733638465405,0.005477351136505604,0,-0.0134,0.0266
Tristan Lennox,NYI,8482668,0,-0.0063811372965574265,-0.005921723786741495,0,-0.0264,0.0136
Tristan Lennox,NYI,8482668,1,-0.006588033866137266,-0.005921723786741495,23,-0.0108,-0.0024
Tristan Lennox,NYI,8482668,2,-0.006650942377746105,-0.005921723786741495,0,-0.0267,0.0133
Tristan Lennox,NYI,8482668,3,-0.00671736802905798,-0.005921723786741495,0,-0.0267,0.0133
Tristan Lennox,NYI,8482668,4,-0.006787162274122238,-0.005921723786741495,0,-0.0268,0.0132
Tristan Lennox,NYI,8482668,5,-0.006851881742477417,-0.005921723786741495,0,-0.0269,0.0131
Tristan Lennox,NYI,8482668,6,-0.006922156549990177,-0.005921723786741495,0,-0.0269,0.0131
Tristan Lennox,NYI,8482668,7,-0.006994448136538267,-0.005921723786741495,0,-0.027,0.013
Tristan Lennox,NYI,8482668,8,-0.007065350655466318,-0.005921723786741495,0,-0.0271,0.0129
Tristan Lennox,NYI,8482668,9,-0.007129676640033722,-0.005921723786741495,0,-0.0271,0.0129
Tristan Lennox,NYI,8482668,10,-0.00718801561743021,-0.005921723786741495,0,-0.0272,0.0128
Tristan Lennox,NYI,8482668,11,-0.007243193686008453,-0.005921723786741495,0,-0.0272,0.0128
Tristan Lennox,NYI,8482668,12,-0.007282476406544447,-0.005921723786741495,0,-0.0273,0.0127
Tristan Lennox,NYI,8482668,13,-0.00731859402731061,-0.005921723786741495,0,-0.0273,0.0127
Tristan Lennox,NYI,8482668,14,-0.007345243822783232,-0.005921723786741495,0,-0.0273,0.0127
Tristan Lennox,NYI,8482668,15,-0.0073663899675011635,-0.005921723786741495,0,-0.0274,0.0126
Tristan Lennox,NYI,8482668,16,-0.0073985205963253975,-0.005921723786741495,0,-0.0274,0.0126
Tristan Lennox,NYI,8482668,17,-0.007431906182318926,-0.005921723786741495,0,-0.0274,0.0126
Tristan Lennox,NYI,8482668,18,-0.0074628484435379505,-0.005921723786741495,0,-0.0275,0.0125
Tristan Lennox,NYI,8482668,19,-0.007488039322197437,-0.005921723786741495,0,-0.0275,0.0125
Tristan Lennox,NYI,8482668,20,-0.0075196679681539536,-0.005921723786741495,0,-0.0275,0.0125
Tristan Lennox,NYI,8482668,21,-0.00755348801612854,-0.005921723786741495,0,-0.0276,0.0124
Tristan Lennox,NYI,8482668,22,-0.007575805298984051,-0.005921723786741495,0,-0.0276,0.0124
Tristan Lennox,NYI,8482668,23,-0.007583817467093468,-0.005921723786741495,0,-0.0276,0.0124
Tristan Lennox,NYI,8482668,24,-0.0075790658593177795,-0.005921723786741495,0,-0.0276,0.0124
Tristan Lennox,NYI,8482668,25,-0.007569354958832264,-0.005921723786741495,0,-0.0276,0.0124
Tristan Lennox,NYI,8482668,26,-0.00758791621774435,-0.005921723786741495,0,-0.0276,0.0124
Tristan Lennox,NYI,8482668,27,-0.007600609213113785,-0.005921723786741495,0,-0.0276,0.0124
Tristan Lennox,NYI,8482668,28,-0.007615900598466396,-0.005921723786741495,0,-0.0276,0.0124
Tristan Lennox,NYI,8482668,29,-0.007624385412782431,-0.005921723786741495,0,-0.0276,0.0124
Tristan Lennox,NYI,8482668,30,-0.007628926541656256,-0.005921723786741495,0,-0.0276,0.0124
Tristan Lennox,NYI,8482668,31,-0.007629606407135725,-0.005921723786741495,0,-0.0276,0.0124
Tristan Lennox,NYI,8482668,32,-0.007631879299879074,-0.005921723786741495,0,-0.0276,0.0124
Tristan Lennox,NYI,8482668,33,-0.0076330904848873615,-0.005921723786741495,0,-0.0276,0.0124
Antoine Bibeau,,8477312,0,0.0015894572716206312,0.0015811012126505375,7,-0.006,0.0092
Antoine Bibeau,,8477312,1,0.0015210204292088747,0.0015811012126505375,19,-0.0031,0.0061
Antoine Bibeau,,8477312,2,0.001458756742067635,0.0015811012126505375,0,-0.0185,0.0215
Antoine Bibeau,,8477312,3,0.0013919116463512182,0.0015811012126505375,0,-0.0186,0.0214
Antoine Bibeau,,8477312,4,0.0013230207841843367,0.0015811012126505375,0,-0.0187,0.0213
Antoine Bibeau,,8477312,5,0.0012580030597746372,0.0015811012126505375,0,-0.0187,0.0213
Antoine Bibeau,,8477312,6,0.001188045833259821,0.0015811012126505375,0,-0.0188,0.0212
Antoine Bibeau,,8477312,7,0.0011162091977894306,0.0015811012126505375,0,-0.0189,0.0211
Antoine Bibeau,,8477312,8,0.0010449138935655355,0.0015811012126505375,0,-0.019,0.021
Antoine Bibeau,,8477312,9,0.0009813262149691582,0.0015811012126505375,0,-0.019,0.021
Antoine Bibeau,,8477312,10,0.000922743696719408,0.0015811012126505375,0,-0.0191,0.0209
Antoine Bibeau,,8477312,11,0.0008679561433382332,0.0015811012126505375,0,-0.0191,0.0209
Antoine Bibeau,,8477312,12,0.0008287614909932017,0.0015811012126505375,0,-0.0192,0.0208
Antoine Bibeau,,8477312,13,0.0007925900863483548,0.0015811012126505375,0,-0.0192,0.0208
Antoine Bibeau,,8477312,14,0.000766645884141326,0.0015811012126505375,0,-0.0192,0.0208
Antoine Bibeau,,8477312,15,0.0007446962990798056,0.0015811012126505375,0,-0.0193,0.0207
Antoine Bibeau,,8477312,16,0.0007137740030884743,0.0015811012126505375,0,-0.0193,0.0207
Antoine Bibeau,,8477312,17,0.0006795327644795179,0.0015811012126505375,0,-0.0193,0.0207
Antoine Bibeau,,8477312,18,0.0006494211265817285,0.0015811012126505375,0,-0.0194,0.0206
Antoine Bibeau,,8477312,19,0.0006238102214410901,0.0015811012126505375,0,-0.0194,0.0206
Antoine Bibeau,,8477312,20,0.0005927591118961573,0.0015811012126505375,0,-0.0194,0.0206
Antoine Bibeau,,8477312,21,0.0005583798047155142,0.0015811012126505375,0,-0.0194,0.0206
Antoine Bibeau,,8477312,22,0.0005370939616113901,0.0015811012126505375,0,-0.0195,0.0205
Antoine Bibeau,,8477312,23,0.0005280311452224851,0.0015811012126505375,0,-0.0195,0.0205
Antoine Bibeau,,8477312,24,0.0005338762421160936,0.0015811012126505375,0,-0.0195,0.0205
Antoine Bibeau,,8477312,25,0.0005428456934168935,0.0015811012126505375,0,-0.0195,0.0205
Antoine Bibeau,,8477312,26,0.000524991424754262,0.0015811012126505375,0,-0.0195,0.0205
Antoine Bibeau,,8477312,27,0.0005117431282997131,0.0015811012126505375,0,-0.0195,0.0205
Antoine Bibeau,,8477312,28,0.0004970001755282283,0.0015811012126505375,0,-0.0195,0.0205
Antoine Bibeau,,8477312,29,0.0004881654167547822,0.0015811012126505375,0,-0.0195,0.0205
Antoine Bibeau,,8477312,30,0.000483966083265841,0.0015811012126505375,0,-0.0195,0.0205
Antoine Bibeau,,8477312,31,0.0004830943653360009,0.0015811012126505375,0,-0.0195,0.0205
Antoine Bibeau,,8477312,32,0.0004809384699910879,0.0015811012126505375,0,-0.0195,0.0205
Antoine Bibeau,,8477312,33,0.0004799425369128585,0.0015811012126505375,0,-0.0195,0.0205
Ivan Prosvetov,CGY,8481031,0,-0.010189483873546124,-0.009225278161466122,42,-0.0133,-0.0071
Ivan Prosvetov,CGY,8481031,1,-0.010592903010547161,-0.009225278161466122,0,-0.0306,0.0094
Ivan Prosvetov,CGY,8481031,2,-0.010998222976922989,-0.009225278161466122,26,-0.0149,-0.0071
Ivan Prosvetov,CGY,8481031,3,-0.011063961312174797,-0.009225278161466122,0,-0.0311,0.0089
Ivan Prosvetov,CGY,8481031,4,-0.011134189553558826,-0.009225278161466122,0,-0.0311,0.0089
Ivan Prosvetov,CGY,8481031,5,-0.011198614723980427,-0.009225278161466122,0,-0.0312,0.0088
Ivan Prosvetov,CGY,8481031,6,-0.011269590817391872,-0.009225278161466122,0,-0.0313,0.0087
Ivan Prosvetov,CGY,8481031,7,-0.011340822093188763,-0.009225278161466122,0,-0.0313,0.0087
Ivan Prosvetov,CGY,8481031,8,-0.01141269225627184,-0.009225278161466122,0,-0.0314,0.0086
Ivan Prosvetov,CGY,8481031,9,-0.0114766089245677,-0.009225278161466122,0,-0.0315,0.0085
Ivan Prosvetov,CGY,8481031,10,-0.011534728109836578,-0.009225278161466122,0,-0.0315,0.0085
Ivan Prosvetov,CGY,8481031,11,-0.011590719223022461,-0.009225278161466122,0,-0.0316,0.0084
Ivan Prosvetov,CGY,8481031,12,-0.011628671549260616,-0.009225278161466122,0,-0.0316,0.0084
Ivan Prosvetov,CGY,8481031,13,-0.011666558682918549,-0.009225278161466122,0,-0.0317,0.0083
Ivan Prosvetov,CGY,8481031,14,-0.01169141847640276,-0.009225278161466122,0,-0.0317,0.0083
Ivan Prosvetov,CGY,8481031,15,-0.011714180931448936,-0.009225278161466122,0,-0.0317,0.0083
Ivan Prosvetov,CGY,8481031,16,-0.011744711548089981,-0.009225278161466122,0,-0.0317,0.0083
Ivan Prosvetov,CGY,8481031,17,-0.011779635213315487,-0.009225278161466122,0,-0.0318,0.0082
Ivan Prosvetov,CGY,8481031,18,-0.011809743009507656,-0.009225278161466122,0,-0.0318,0.0082
Ivan Prosvetov,CGY,8481031,19,-0.01183486357331276,-0.009225278161466122,0,-0.0318,0.0082
Ivan Prosvetov,CGY,8481031,20,-0.011867072433233261,-0.009225278161466122,0,-0.0319,0.0081
Ivan Prosvetov,CGY,8481031,21,-0.011900324374437332,-0.009225278161466122,0,-0.0319,0.0081
Ivan Prosvetov,CGY,8481031,22,-0.01192287728190422,-0.009225278161466122,0,-0.0319,0.0081
Ivan Prosvetov,CGY,8481031,23,-0.011931046843528748,-0.009225278161466122,0,-0.0319,0.0081
Ivan Prosvetov,CGY,8481031,24,-0.011925994418561459,-0.009225278161466122,0,-0.0319,0.0081
Ivan Prosvetov,CGY,8481031,25,-0.01191655546426773,-0.009225278161466122,0,-0.0319,0.0081
Ivan Prosvetov,CGY,8481031,26,-0.01193469762802124,-0.009225278161466122,0,-0.0319,0.0081
Ivan Prosvetov,CGY,8481031,27,-0.011948120780289173,-0.009225278161466122,0,-0.0319,0.0081
Ivan Prosvetov,CGY,8481031,28,-0.011962802149355412,-0.009225278161466122,0,-0.032,0.008
Ivan Prosvetov,CGY,8481031,29,-0.011971481144428253,-0.009225278161466122,0,-0.032,0.008
Ivan Prosvetov,CGY,8481031,30,-0.011976176872849464,-0.009225278161466122,0,-0.032,0.008
Ivan Prosvetov,CGY,8481031,31,-0.011976168490946293,-0.009225278161466122,0,-0.032,0.008
Ivan Prosvetov,CGY,8481031,32,-0.011979741975665092,-0.009225278161466122,0,-0.032,0.008
Ivan Prosvetov,CGY,8481031,33,-0.011979845352470875,-0.009225278161466122,0,-0.032,0.008
Samuel Jonsson,EDM,8483769,0,0.0024324203841388226,0.0023545899894088507,17,-0.0025,0.0073
Samuel Jonsson,EDM,8483769,1,0.002369866007938981,0.0023545899894088507,0,-0.0176,0.0224
Samuel Jonsson,EDM,8483769,2,0.002307506976649165,0.0023545899894088507,0,-0.0177,0.0223
Samuel Jonsson,EDM,8483769,3,0.0022407930810004473,0.0023545899894088507,0,-0.0178,0.0222
Samuel Jonsson,EDM,8483769,4,0.002171774860471487,0.0023545899894088507,0,-0.0178,0.0222
Samuel Jonsson,EDM,8483769,5,0.0021068681962788105,0.0023545899894088507,0,-0.0179,0.0221
Samuel Jonsson,EDM,8483769,6,0.0020369160920381546,0.0023545899894088507,0,-0.018,0.022
Samuel Jonsson,EDM,8483769,7,0.0019650941248983145,0.0023545899894088507,0,-0.018,0.022
Samuel Jonsson,EDM,8483769,8,0.0018938130233436823,0.0023545899894088507,0,-0.0181,0.0219
Samuel Jonsson,EDM,8483769,9,0.0018301720265299082,0.0023545899894088507,0,-0.0182,0.0218
Samuel Jonsson,EDM,8483769,10,0.0017716886941343546,0.0023545899894088507,0,-0.0182,0.0218
Samuel Jonsson,EDM,8483769,11,0.0017168752383440733,0.0023545899894088507,0,-0.0183,0.0217
Samuel Jonsson,EDM,8483769,12,0.0016777213895693421,0.0023545899894088507,0,-0.0183,0.0217
Samuel Jonsson,EDM,8483769,13,0.0016414945712313056,0.0023545899894088507,0,-0.0184,0.0216
Samuel Jonsson,EDM,8483769,14,0.001615628250874579,0.0023545899894088507,0,-0.0184,0.0216
Samuel Jonsson,EDM,8483769,15,0.0015936126001179218,0.0023545899894088507,0,-0.0184,0.0216
Samuel Jonsson,EDM,8483769,16,0.0015628624241799116,0.0023545899894088507,0,-0.0184,0.0216
Samuel Jonsson,EDM,8483769,17,0.0015283627435564995,0.0023545899894088507,0,-0.0185,0.0215
Samuel Jonsson,EDM,8483769,18,0.0014985563466325402,0.0023545899894088507,0,-0.0185,0.0215
Samuel Jonsson,EDM,8483769,19,0.0014727333327755332,0.0023545899894088507,0,-0.0185,0.0215
Samuel Jonsson,EDM,8483769,20,0.0014418240170925856,0.0023545899894088507,0,-0.0186,0.0214
Samuel Jonsson,EDM,8483769,21,0.001407394651323557,0.0023545899894088507,0,-0.0186,0.0214
Samuel Jonsson,EDM,8483769,22,0.0013860485050827265,0.0023545899894088507,0,-0.0186,0.0214
Samuel Jonsson,EDM,8483769,23,0.0013771445956081152,0.0023545899894088507,0,-0.0186,0.0214
Samuel Jonsson,EDM,8483769,24,0.0013827941147610545,0.0023545899894088507,0,-0.0186,0.0214
Samuel Jonsson,EDM,8483769,25,0.0013920364435762167,0.0023545899894088507,0,-0.0186,0.0214
Samuel Jonsson,EDM,8483769,26,0.0013739377027377486,0.0023545899894088507,0,-0.0186,0.0214
Samuel Jonsson,EDM,8483769,27,0.001360779395326972,0.0023545899894088507,0,-0.0186,0.0214
Samuel Jonsson,EDM,8483769,28,0.0013461064081639051,0.0023545899894088507,0,-0.0187,0.0213
Samuel Jonsson,EDM,8483769,29,0.0013372170506045222,0.0023545899894088507,0,-0.0187,0.0213
Samuel Jonsson,EDM,8483769,30,0.0013329142238944769,0.0023545899894088507,0,-0.0187,0.0213
Samuel Jonsson,EDM,8483769,31,0.0013323886087164283,0.0023545899894088507,0,-0.0187,0.0213
Samuel Jonsson,EDM,8483769,32,0.00132963084615767,0.0023545899894088507,0,-0.0187,0.0213
Samuel Jonsson,EDM,8483769,33,0.0013292276998981833,0.0023545899894088507,0,-0.0187,0.0213
Kirill Gerasimyuk,FLA,8482914,0,-0.006413994822651148,-0.005762327462434769,12,-0.0122,-0.0006
Kirill Gerasimyuk,FLA,8482914,1,-0.006477043963968754,-0.005762327462434769,0,-0.0265,0.0135
Kirill Gerasimyuk,FLA,8482914,2,-0.006539392285048962,-0.005762327462434769,0,-0.0265,0.0135
Kirill Gerasimyuk,FLA,8482914,3,-0.006606128066778183,-0.005762327462434769,0,-0.0266,0.0134
Kirill Gerasimyuk,FLA,8482914,4,-0.0066755833104252815,-0.005762327462434769,0,-0.0267,0.0133
Kirill Gerasimyuk,FLA,8482914,5,-0.006740500219166279,-0.005762327462434769,0,-0.0267,0.0133
Kirill Gerasimyuk,FLA,8482914,6,-0.006810743827372789,-0.005762327462434769,0,-0.0268,0.0132
Kirill Gerasimyuk,FLA,8482914,7,-0.006882660090923309,-0.005762327462434769,0,-0.0269,0.0131
Kirill Gerasimyuk,FLA,8482914,8,-0.006954222451895475,-0.005762327462434769,0,-0.027,0.013
Kirill Gerasimyuk,FLA,8482914,9,-0.007017793133854866,-0.005762327462434769,0,-0.027,0.013
Kirill Gerasimyuk,FLA,8482914,10,-0.00707660336047411,-0.005762327462434769,0,-0.0271,0.0129
Kirill Gerasimyuk,FLA,8482914,11,-0.007131448946893215,-0.005762327462434769,0,-0.0271,0.0129
Kirill Gerasimyuk,FLA,8482914,12,-0.00717089744284749,-0.005762327462434769,0,-0.0272,0.0128
Kirill Gerasimyuk,FLA,8482914,13,-0.007207068614661694,-0.005762327462434769,0,-0.0272,0.0128
Kirill Gerasimyuk,FLA,8482914,14,-0.007233121432363987,-0.005762327462434769,0,-0.0272,0.0128
Kirill Gerasimyuk,FLA,8482914,15,-0.007255240809172392,-0.005762327462434769,0,-0.0273,0.0127
Kirill Gerasimyuk,FLA,8482914,16,-0.007286394014954567,-0.005762327462434769,0,-0.0273,0.0127
Kirill Gerasimyuk,FLA,8482914,17,-0.007320372853428125,-0.005762327462434769,0,-0.0273,0.0127
Kirill Gerasimyuk,FLA,8482914,18,-0.007350952830165625,-0.005762327462434769,0,-0.0274,0.0126
Kirill Gerasimyuk,FLA,8482914,19,-0.00737639470025897,-0.005762327462434769,0,-0.0274,0.0126
Kirill Gerasimyuk,FLA,8482914,20,-0.007407547440379858,-0.005762327462434769,0,-0.0274,0.0126
Kirill Gerasimyuk,FLA,8482914,21,-0.007442309521138668,-0.005762327462434769,0,-0.0274,0.0126
Kirill Gerasimyuk,FLA,8482914,22,-0.007463198155164719,-0.005762327462434769,0,-0.0275,0.0125
Kirill Gerasimyuk,FLA,8482914,23,-0.0074726128950715065,-0.005762327462434769,0,-0.0275,0.0125
Kirill Gerasimyuk,FLA,8482914,24,-0.0074668931774795055,-0.005762327462434769,0,-0.0275,0.0125
Kirill Gerasimyuk,FLA,8482914,25,-0.007457708939909935,-0.005762327462434769,0,-0.0275,0.0125
Kirill Gerasimyuk,FLA,8482914,26,-0.007475763559341431,-0.005762327462434769,0,-0.0275,0.0125
Kirill Gerasimyuk,FLA,8482914,27,-0.0074890609830617905,-0.005762327462434769,0,-0.0275,0.0125
Kirill Gerasimyuk,FLA,8482914,28,-0.007503810338675976,-0.005762327462434769,0,-0.0275,0.0125
Kirill Gerasimyuk,FLA,8482914,29,-0.007512595970183611,-0.005762327462434769,0,-0.0275,0.0125
Kirill Gerasimyuk,FLA,8482914,30,-0.0075170183554291725,-0.005762327462434769,0,-0.0275,0.0125
Kirill Gerasimyuk,FLA,8482914,31,-0.007517695426940918,-0.005762327462434769,0,-0.0275,0.0125
Kirill Gerasimyuk,FLA,8482914,32,-0.0075198509730398655,-0.005762327462434769,0,-0.0275,0.0125
Kirill Gerasimyuk,FLA,8482914,33,-0.007521290332078934,-0.005762327462434769,0,-0.0275,0.0125
Magnus Chrona,NSH,8480992,0,-0.0002750087296590209,-0.00012958078878000379,27,-0.0041,0.0035
Magnus Chrona,NSH,8480992,1,-0.00033773871837183833,-0.00012958078878000379,0,-0.0203,0.0197
Magnus Chrona,NSH,8480992,2,-0.0004000578774139285,-0.00012958078878000379,0,-0.0204,0.0196
Magnus Chrona,NSH,8480992,3,-0.00046683321124874055,-0.00012958078878000379,0,-0.0205,0.0195
Magnus Chrona,NSH,8480992,4,-0.0005359065253287554,-0.00012958078878000379,0,-0.0205,0.0195
Magnus Chrona,NSH,8480992,5,-0.0006008127238601446,-0.00012958078878000379,0,-0.0206,0.0194
Magnus Chrona,NSH,8480992,6,-0.0006709407898597419,-0.00012958078878000379,0,-0.0207,0.0193
Magnus Chrona,NSH,8480992,7,-0.0007426993688568473,-0.00012958078878000379,0,-0.0207,0.0193
Magnus Chrona,NSH,8480992,8,-0.0008140821009874344,-0.00012958078878000379,0,-0.0208,0.0192
Magnus Chrona,NSH,8480992,9,-0.0008776971371844411,-0.00012958078878000379,0,-0.0209,0.0191
Magnus Chrona,NSH,8480992,10,-0.0009362916462123394,-0.00012958078878000379,0,-0.0209,0.0191
Magnus Chrona,NSH,8480992,11,-0.0009911151137202978,-0.00012958078878000379,0,-0.021,0.019
Magnus Chrona,NSH,8480992,12,-0.0010303312446922064,-0.00012958078878000379,0,-0.021,0.019
Magnus Chrona,NSH,8480992,13,-0.0010665468871593475,-0.00012958078878000379,0,-0.0211,0.0189
Magnus Chrona,NSH,8480992,14,-0.0010925078531727195,-0.00012958078878000379,0,-0.0211,0.0189
Magnus Chrona,NSH,8480992,15,-0.0011144563322886825,-0.00012958078878000379,0,-0.0211,0.0189
Magnus Chrona,NSH,8480992,16,-0.0011454169871285558,-0.00012958078878000379,0,-0.0211,0.0189
Magnus Chrona,NSH,8480992,17,-0.0011796915205195546,-0.00012958078878000379,0,-0.0212,0.0188
Magnus Chrona,NSH,8480992,18,-0.0012097695143893361,-0.00012958078878000379,0,-0.0212,0.0188
Magnus Chrona,NSH,8480992,19,-0.0012355046346783638,-0.00012958078878000379,0,-0.0212,0.0188
Magnus Chrona,NSH,8480992,20,-0.001266446546651423,-0.00012958078878000379,0,-0.0213,0.0187
Magnus Chrona,NSH,8480992,21,-0.0013009462272748351,-0.00012958078878000379,0,-0.0213,0.0187
Magnus Chrona,NSH,8480992,22,-0.001322178984992206,-0.00012958078878000379,0,-0.0213,0.0187
Magnus Chrona,NSH,8480992,23,-0.001331279519945383,-0.00012958078878000379,0,-0.0213,0.0187
Magnus Chrona,NSH,8480992,24,-0.0013254804071038961,-0.00012958078878000379,0,-0.0213,0.0187
Magnus Chrona,NSH,8480992,25,-0.0013164408737793565,-0.00012958078878000379,0,-0.0213,0.0187
Magnus Chrona,NSH,8480992,26,-0.001334383967332542,-0.00012958078878000379,0,-0.0213,0.0187
Magnus Chrona,NSH,8480992,27,-0.0013476037420332432,-0.00012958078878000379,0,-0.0213,0.0187
Magnus Chrona,NSH,8480992,28,-0.0013623397098854184,-0.00012958078878000379,0,-0.0214,0.0186
Magnus Chrona,NSH,8480992,29,-0.001371202990412712,-0.00012958078878000379,0,-0.0214,0.0186
Magnus Chrona,NSH,8480992,30,-0.0013754296815022826,-0.00012958078878000379,0,-0.0214,0.0186
Magnus Chrona,NSH,8480992,31,-0.0013762329472228885,-0.00012958078878000379,0,-0.0214,0.0186
Magnus Chrona,NSH,8480992,32,-0.0013785057235509157,-0.00012958078878000379,0,-0.0214,0.0186
Magnus Chrona,NSH,8480992,33,-0.001379440538585186,-0.00012958078878000379,0,-0.0214,0.0186
Parker Gahagen,,8480481,0,0.0025240390095859766,0.0024388274177908897,20,-0.002,0.007
Parker Gahagen,,8480481,1,0.0024617468006908894,0.0024388274177908897,0,-0.0175,0.0225
Parker Gahagen,,8480481,2,0.0023990822955965996,0.0024388274177908897,0,-0.0176,0.0224
Parker Gahagen,,8480481,3,0.0023325795773416758,0.0024388274177908897,0,-0.0177,0.0223
Parker Gahagen,,8480481,4,0.0022634852211922407,0.0024388274177908897,0,-0.0177,0.0223
Parker Gahagen,,8480481,5,0.002198656089603901,0.0024388274177908897,0,-0.0178,0.0222
Parker Gahagen,,8480481,6,0.002128647407516837,0.0024388274177908897,0,-0.0179,0.0221
Parker Gahagen,,8480481,7,0.00205673067830503,0.0024388274177908897,0,-0.0179,0.0221
Parker Gahagen,,8480481,8,0.0019856030121445656,0.0024388274177908897,0,-0.018,0.022
Parker Gahagen,,8480481,9,0.00192190520465374,0.0024388274177908897,0,-0.0181,0.0219
Parker Gahagen,,8480481,10,0.001863441662862897,0.0024388274177908897,0,-0.0181,0.0219
Parker Gahagen,,8480481,11,0.0018085138872265816,0.0024388274177908897,0,-0.0182,0.0218
Parker Gahagen,,8480481,12,0.0017695712158456445,0.0024388274177908897,0,-0.0182,0.0218
Parker Gahagen,,8480481,13,0.0017331343842670321,0.0024388274177908897,0,-0.0183,0.0217
Parker Gahagen,,8480481,14,0.0017074408242478967,0.0024388274177908897,0,-0.0183,0.0217
Parker Gahagen,,8480481,15,0.0016853299457579851,0.0024388274177908897,0,-0.0183,0.0217
Parker Gahagen,,8480481,16,0.0016545038670301437,0.0024388274177908897,0,-0.0183,0.0217
Parker Gahagen,,8480481,17,0.0016202914994210005,0.0024388274177908897,0,-0.0184,0.0216
Parker Gahagen,,8480481,18,0.0015901030274108052,0.0024388274177908897,0,-0.0184,0.0216
Parker Gahagen,,8480481,19,0.001564586884342134,0.0024388274177908897,0,-0.0184,0.0216
Parker Gahagen,,8480481,20,0.0015335057396441698,0.0024388274177908897,0,-0.0185,0.0215
Parker Gahagen,,8480481,21,0.0014990956988185644,0.0024388274177908897,0,-0.0185,0.0215
Parker Gahagen,,8480481,22,0.001477902987971902,0.0024388274177908897,0,-0.0185,0.0215
Parker Gahagen,,8480481,23,0.001468750648200512,0.0024388274177908897,0,-0.0185,0.0215
Parker Gahagen,,8480481,24,0.0014746877131983638,0.0024388274177908897,0,-0.0185,0.0215
Parker Gahagen,,8480481,25,0.0014835856854915619,0.0024388274177908897,0,-0.0185,0.0215
Parker Gahagen,,8480481,26,0.0014658317668363452,0.0024388274177908897,0,-0.0185,0.0215
Parker Gahagen,,8480481,27,0.001452405471354723,0.0024388274177908897,0,-0.0185,0.0215
Parker Gahagen,,8480481,28,0.0014380007050931454,0.0024388274177908897,0,-0.0186,0.0214
Parker Gahagen,,8480481,29,0.0014286519726738334,0.0024388274177908897,0,-0.0186,0.0214
Parker Gahagen,,8480481,30,0.0014251149259507656,0.0024388274177908897,0,-0.0186,0.0214
Parker Gahagen,,8480481,31,0.0014235751004889607,0.0024388274177908897,0,-0.0186,0.0214
Parker Gahagen,,8480481,32,0.0014219272416085005,0.0024388274177908897,0,-0.0186,0.0214
Parker Gahagen,,8480481,33,0.001420701970346272,0.0024388274177908897,0,-0.0186,0.0214
Vadim Zherenko,STL,8481689,0,-0.0013517921324819326,-0.0011174877872690558,9,-0.0081,0.0053
Vadim Zherenko,STL,8481689,1,-0.0014144149608910084,-0.0011174877872690558,0,-0.0214,0.0186
Vadim Zherenko,STL,8481689,2,-0.0014769205590710044,-0.0011174877872690558,0,-0.0215,0.0185
Vadim Zherenko,STL,8481689,3,-0.0015435874229297042,-0.0011174877872690558,0,-0.0215,0.0185
Vadim Zherenko,STL,8481689,4,-0.001612785505130887,-0.0011174877872690558,0,-0.0216,0.0184
Vadim Zherenko,STL,8481689,5,-0.0016776398988440633,-0.0011174877872690558,0,-0.0217,0.0183
Vadim Zherenko,STL,8481689,6,-0.0017478812951594591,-0.0011174877872690558,0,-0.0217,0.0183
Vadim Zherenko,STL,8481689,7,-0.0018196266610175371,-0.0011174877872690558,0,-0.0218,0.0182
Vadim Zherenko,STL,8481689,8,-0.0018910011276602745,-0.0011174877872690558,0,-0.0219,0.0181
Vadim Zherenko,STL,8481689,9,-0.0019547517877072096,-0.0011174877872690558,0,-0.022,0.018
Vadim Zherenko,STL,8481689,10,-0.0020132369827479124,-0.0011174877872690558,0,-0.022,0.018
Vadim Zherenko,STL,8481689,11,-0.0020681736059486866,-0.0011174877872690558,0,-0.0221,0.0179
Vadim Zherenko,STL,8481689,12,-0.0021073813550174236,-0.0011174877872690558,0,-0.0221,0.0179
Vadim Zherenko,STL,8481689,13,-0.0021436112001538277,-0.0011174877872690558,0,-0.0221,0.0179
Vadim Zherenko,STL,8481689,14,-0.0021696407347917557,-0.0011174877872690558,0,-0.0222,0.0178
Vadim Zherenko,STL,8481689,15,-0.0021915200632065535,-0.0011174877872690558,0,-0.0222,0.0178
Vadim Zherenko,STL,8481689,16,-0.0022225803695619106,-0.0011174877872690558,0,-0.0222,0.0178
Vadim Zherenko,STL,8481689,17,-0.002256851876154542,-0.0011174877872690558,0,-0.0223,0.0177
Vadim Zherenko,STL,8481689,18,-0.00228690542280674,-0.0011174877872690558,0,-0.0223,0.0177
Vadim Zherenko,STL,8481689,19,-0.002312752418220043,-0.0011174877872690558,0,-0.0223,0.0177
Vadim Zherenko,STL,8481689,20,-0.002343578264117241,-0.0011174877872690558,0,-0.0223,0.0177
Vadim Zherenko,STL,8481689,21,-0.0023782176431268454,-0.0011174877872690558,0,-0.0224,0.0176
Vadim Zherenko,STL,8481689,22,-0.0023993689101189375,-0.0011174877872690558,0,-0.0224,0.0176
Vadim Zherenko,STL,8481689,23,-0.0024085340555757284,-0.0011174877872690558,0,-0.0224,0.0176
Vadim Zherenko,STL,8481689,24,-0.002402731217443943,-0.0011174877872690558,0,-0.0224,0.0176
Vadim Zherenko,STL,8481689,25,-0.002393687143921852,-0.0011174877872690558,0,-0.0224,0.0176
Vadim Zherenko,STL,8481689,26,-0.002411655616015196,-0.0011174877872690558,0,-0.0224,0.0176
Vadim Zherenko,STL,8481689,27,-0.002424872014671564,-0.0011174877872690558,0,-0.0224,0.0176
Vadim Zherenko,STL,8481689,28,-0.002439619041979313,-0.0011174877872690558,0,-0.0224,0.0176
Vadim Zherenko,STL,8481689,29,-0.0024485031608492136,-0.0011174877872690558,0,-0.0224,0.0176
Vadim Zherenko,STL,8481689,30,-0.0024526920169591904,-0.0011174877872690558,0,-0.0225,0.0175
Vadim Zherenko,STL,8481689,31,-0.0024535316042602062,-0.0011174877872690558,0,-0.0225,0.0175
Vadim Zherenko,STL,8481689,32,-0.0024558347649872303,-0.0011174877872690558,0,-0.0225,0.0175
Vadim Zherenko,STL,8481689,33,-0.0024567467626184225,-0.0011174877872690558,0,-0.0225,0.0175
Artur Akhtyamov,TOR,8482515,0,-0.006678080651909113,-0.006004733499139547,24,-0.0108,-0.0026
Artur Akhtyamov,TOR,8482515,1,-0.007026877719908953,-0.006004733499139547,39,-0.0102,-0.0038
Artur Akhtyamov,TOR,8482515,2,-0.0073064337484538555,-0.006004733499139547,0,-0.0273,0.0127
Artur Akhtyamov,TOR,8482515,3,-0.007591200992465019,-0.006004733499139547,0,-0.0276,0.0124
Artur Akhtyamov,TOR,8482515,4,-0.007878378964960575,-0.006004733499139547,0,-0.0279,0.0121
Artur Akhtyamov,TOR,8482515,5,-0.008161104284226894,-0.006004733499139547,0,-0.0282,0.0118
Artur Akhtyamov,TOR,8482515,6,-0.00844945851713419,-0.006004733499139547,0,-0.0284,0.0116
Artur Akhtyamov,TOR,8482515,7,-0.00873857643455267,-0.006004733499139547,0,-0.0287,0.0113
Artur Akhtyamov,TOR,8482515,8,-0.009028601460158825,-0.006004733499139547,0,-0.029,0.011
Artur Akhtyamov,TOR,8482515,9,-0.009309530258178711,-0.006004733499139547,0,-0.0293,0.0107
Artur Akhtyamov,TOR,8482515,10,-0.00958627462387085,-0.006004733499139547,0,-0.0296,0.0104
Artur Akhtyamov,TOR,8482515,11,-0.009859363548457623,-0.006004733499139547,0,-0.0299,0.0101
Artur Akhtyamov,TOR,8482515,12,-0.010115616023540497,-0.006004733499139547,8,-0.0172,-0.003
Artur Akhtyamov,TOR,8482515,13,-0.010420049540698528,-0.006004733499139547,0,-0.0304,0.0096
Artur Akhtyamov,TOR,8482515,14,-0.010711661539971828,-0.006004733499139547,0,-0.0307,0.0093
Artur Akhtyamov,TOR,8482515,15,-0.011001721024513245,-0.006004733499139547,0,-0.031,0.009
Artur Akhtyamov,TOR,8482515,16,-0.011298630386590958,-0.006004733499139547,0,-0.0313,0.0087
Artur Akhtyamov,TOR,8482515,17,-0.011600783094763756,-0.006004733499139547,0,-0.0316,0.0084
Artur Akhtyamov,TOR,8482515,18,-0.011896743439137936,-0.006004733499139547,0,-0.0319,0.0081
Artur Akhtyamov,TOR,8482515,19,-0.012190707959234715,-0.006004733499139547,0,-0.0322,0.0078
Artur Akhtyamov,TOR,8482515,20,-0.01248717401176691,-0.006004733499139547,0,-0.0325,0.0075
Artur Akhtyamov,TOR,8482515,21,-0.0127901965752244,-0.006004733499139547,0,-0.0328,0.0072
Artur Akhtyamov,TOR,8482515,22,-0.01307686511427164,-0.006004733499139547,0,-0.0331,0.0069
Artur Akhtyamov,TOR,8482515,23,-0.01335390005260706,-0.006004733499139547,0,-0.0334,0.0066
Artur Akhtyamov,TOR,8482515,24,-0.013614650815725327,-0.006004733499139547,0,-0.0336,0.0064
Artur Akhtyamov,TOR,8482515,25,-0.01387271098792553,-0.006004733499139547,0,-0.0339,0.0061
Artur Akhtyamov,TOR,8482515,26,-0.014157184399664402,-0.006004733499139547,63,-0.0167,-0.0117
Artur Akhtyamov,TOR,8482515,27,-0.01442934013903141,-0.006004733499139547,47,-0.0173,-0.0115
Artur Akhtyamov,TOR,8482515,28,-0.014443129301071167,-0.006004733499139547,0,-0.0344,0.0056
Artur Akhtyamov,TOR,8482515,29,-0.014452703297138214,-0.006004733499139547,0,-0.0345,0.0055
Artur Akhtyamov,TOR,8482515,30,-0.014456615783274174,-0.006004733499139547,0,-0.0345,0.0055
Artur Akhtyamov,TOR,8482515,31,-0.014457513578236103,-0.006004733499139547,0,-0.0345,0.0055
Artur Akhtyamov,TOR,8482515,32,-0.014459548518061638,-0.006004733499139547,0,-0.0345,0.0055
Artur Akhtyamov,TOR,8482515,33,-0.014460948295891285,-0.006004733499139547,0,-0.0345,0.0055
Vyacheslav Peksa,TOR,8482940,0,4.268003976903856e-06,0.00012664882524404675,27,-0.0038,0.0038
Vyacheslav Peksa,TOR,8482940,1,-5.842538666911423e-05,0.00012664882524404675,0,-0.0201,0.0199
Vyacheslav Peksa,TOR,8482940,2,-0.0001207785535370931,0.00012664882524404675,0,-0.0201,0.0199
Vyacheslav Peksa,TOR,8482940,3,-0.00018754710617940873,0.00012664882524404675,0,-0.0202,0.0198
Vyacheslav Peksa,TOR,8482940,4,-0.0002566291077528149,0.00012664882524404675,0,-0.0203,0.0197
Vyacheslav Peksa,TOR,8482940,5,-0.0003215283213648945,0.00012664882524404675,0,-0.0203,0.0197
Vyacheslav Peksa,TOR,8482940,6,-0.0003916755667887628,0.00012664882524404675,0,-0.0204,0.0196
Vyacheslav Peksa,TOR,8482940,7,-0.0004634173819795251,0.00012664882524404675,0,-0.0205,0.0195
Vyacheslav Peksa,TOR,8482940,8,-0.0005348310223780572,0.00012664882524404675,0,-0.0205,0.0195
Vyacheslav Peksa,TOR,8482940,9,-0.0005984158487990499,0.00012664882524404675,0,-0.0206,0.0194
Vyacheslav Peksa,TOR,8482940,10,-0.0006570470286533237,0.00012664882524404675,0,-0.0207,0.0193
Vyacheslav Peksa,TOR,8482940,11,-0.0007118424400687218,0.00012664882524404675,0,-0.0207,0.0193
Vyacheslav Peksa,TOR,8482940,12,-0.0007510877912864089,0.00012664882524404675,0,-0.0208,0.0192
Vyacheslav Peksa,TOR,8482940,13,-0.0007872919086366892,0.00012664882524404675,0,-0.0208,0.0192
Vyacheslav Peksa,TOR,8482940,14,-0.0008132507791742682,0.00012664882524404675,0,-0.0208,0.0192
Vyacheslav Peksa,TOR,8482940,15,-0.000835214916151017,0.00012664882524404675,0,-0.0208,0.0192
Vyacheslav Peksa,TOR,8482940,16,-0.0008661719621159136,0.00012664882524404675,0,-0.0209,0.0191
Vyacheslav Peksa,TOR,8482940,17,-0.0009004464372992516,0.00012664882524404675,0,-0.0209,0.0191
Vyacheslav Peksa,TOR,8482940,18,-0.0009305337443947792,0.00012664882524404675,0,-0.0209,0.0191
Vyacheslav Peksa,TOR,8482940,19,-0.0009562612394802272,0.00012664882524404675,0,-0.021,0.019
Vyacheslav Peksa,TOR,8482940,20,-0.0009872086811810732,0.00012664882524404675,0,-0.021,0.019
Vyacheslav Peksa,TOR,8482940,21,-0.0010217137169092894,0.00012664882524404675,0,-0.021,0.019
Vyacheslav Peksa,TOR,8482940,22,-0.0010429396061226726,0.00012664882524404675,0,-0.021,0.019
Vyacheslav Peksa,TOR,8482940,23,-0.001052055973559618,0.00012664882524404675,0,-0.0211,0.0189
Vyacheslav Peksa,TOR,8482940,24,-0.0010462426580488682,0.00012664882524404675,0,-0.021,0.019
Vyacheslav Peksa,TOR,8482940,25,-0.00103721022605896,0.00012664882524404675,0,-0.021,0.019
Vyacheslav Peksa,TOR,8482940,26,-0.0010551592567935586,0.00012664882524404675,0,-0.0211,0.0189
Vyacheslav Peksa,TOR,8482940,27,-0.0010683739092200994,0.00012664882524404675,0,-0.0211,0.0189
Vyacheslav Peksa,TOR,8482940,28,-0.001083113020285964,0.00012664882524404675,0,-0.0211,0.0189
Vyacheslav Peksa,TOR,8482940,29,-0.0010919758351519704,0.00012664882524404675,0,-0.0211,0.0189
Vyacheslav Peksa,TOR,8482940,30,-0.0010961982188746333,0.00012664882524404675,0,-0.0211,0.0189
Vyacheslav Peksa,TOR,8482940,31,-0.001097019761800766,0.00012664882524404675,0,-0.0211,0.0189
Vyacheslav Peksa,TOR,8482940,32,-0.0010992687894031405,0.00012664882524404675,0,-0.0211,0.0189
Vyacheslav Peksa,TOR,8482940,33,-0.0011002239771187305,0.00012664882524404675,0,-0.0211,0.0189
Ty Young,VAN,8483751,0,-0.00734865153208375,-0.006619489286094904,18,-0.012,-0.0026
Ty Young,VAN,8483751,1,-0.0074114310555160046,-0.006619489286094904,0,-0.0274,0.0126
Ty Young,VAN,8483751,2,-0.007473826874047518,-0.006619489286094904,0,-0.0275,0.0125
Ty Young,VAN,8483751,3,-0.007540686521679163,-0.006619489286094904,0,-0.0275,0.0125
Ty Young,VAN,8483751,4,-0.007610073778778315,-0.006619489286094904,0,-0.0276,0.0124
Ty Young,VAN,8483751,5,-0.0076751140877604485,-0.006619489286094904,0,-0.0277,0.0123
Ty Young,VAN,8483751,6,-0.007745175156742334,-0.006619489286094904,0,-0.0277,0.0123
Ty Young,VAN,8483751,7,-0.007817176170647144,-0.006619489286094904,0,-0.0278,0.0122
Ty Young,VAN,8483751,8,-0.00788878370076418,-0.006619489286094904,0,-0.0279,0.0121
Ty Young,VAN,8483751,9,-0.007952362298965454,-0.006619489286094904,0,-0.028,0.012
Ty Young,VAN,8483751,10,-0.008011064492166042,-0.006619489286094904,0,-0.028,0.012
Ty Young,VAN,8483751,11,-0.0080661466345191,-0.006619489286094904,0,-0.0281,0.0119
Ty Young,VAN,8483751,12,-0.008105333894491196,-0.006619489286094904,0,-0.0281,0.0119
Ty Young,VAN,8483751,13,-0.008141741156578064,-0.006619489286094904,0,-0.0281,0.0119
Ty Young,VAN,8483751,14,-0.008167608641088009,-0.006619489286094904,0,-0.0282,0.0118
Ty Young,VAN,8483751,15,-0.008189924992620945,-0.006619489286094904,0,-0.0282,0.0118
Ty Young,VAN,8483751,16,-0.008220776915550232,-0.006619489286094904,0,-0.0282,0.0118
Ty Young,VAN,8483751,17,-0.008255258202552795,-0.006619489286094904,0,-0.0283,0.0117
Ty Young,VAN,8483751,18,-0.008285191841423512,-0.006619489286094904,0,-0.0283,0.0117
Ty Young,VAN,8483751,19,-0.00831140298396349,-0.006619489286094904,0,-0.0283,0.0117
Ty Young,VAN,8483751,20,-0.008341948501765728,-0.006619489286094904,0,-0.0283,0.0117
Ty Young,VAN,8483751,21,-0.008376791141927242,-0.006619489286094904,0,-0.0284,0.0116
Ty Young,VAN,8483751,22,-0.008398027159273624,-0.006619489286094904,0,-0.0284,0.0116
Ty Young,VAN,8483751,23,-0.008407292887568474,-0.006619489286094904,0,-0.0284,0.0116
Ty Young,VAN,8483751,24,-0.008401117287576199,-0.006619489286094904,0,-0.0284,0.0116
Ty Young,VAN,8483751,25,-0.008392777293920517,-0.006619489286094904,0,-0.0284,0.0116
Ty Young,VAN,8483751,26,-0.008410068228840828,-0.006619489286094904,0,-0.0284,0.0116
Ty Young,VAN,8483751,27,-0.008423981256783009,-0.006619489286094904,0,-0.0284,0.0116
Ty Young,VAN,8483751,28,-0.00843796506524086,-0.006619489286094904,0,-0.0284,0.0116
Ty Young,VAN,8483751,29,-0.008447747677564621,-0.006619489286094904,0,-0.0284,0.0116
Ty Young,VAN,8483751,30,-0.008451328612864017,-0.006619489286094904,0,-0.0285,0.0115
Ty Young,VAN,8483751,31,-0.008452465757727623,-0.006619489286094904,0,-0.0285,0.0115
Ty Young,VAN,8483751,32,-0.00845450721681118,-0.006619489286094904,0,-0.0285,0.0115
Ty Young,VAN,8483751,33,-0.008455870673060417,-0.006619489286094904,0,-0.0285,0.0115
Carl Lindbom,VGK,8482761,0,-0.006999182049185038,-0.006297779269516468,15,-0.0122,-0.0018
Carl Lindbom,VGK,8482761,1,-0.00730072520673275,-0.006297779269516468,0,-0.0273,0.0127
Carl Lindbom,VGK,8482761,2,-0.007604165002703667,-0.006297779269516468,51,-0.0104,-0.0048
Carl Lindbom,VGK,8482761,3,-0.007902742363512516,-0.006297779269516468,0,-0.0279,0.0121
Carl Lindbom,VGK,8482761,4,-0.008205372840166092,-0.006297779269516468,0,-0.0282,0.0118
Carl Lindbom,VGK,8482761,5,-0.008502596989274025,-0.006297779269516468,39,-0.0117,-0.0053
Carl Lindbom,VGK,8482761,6,-0.008882367983460426,-0.006297779269516468,40,-0.0121,-0.0057
Carl Lindbom,VGK,8482761,7,-0.009275533258914948,-0.006297779269516468,48,-0.0122,-0.0064
Carl Lindbom,VGK,8482761,8,-0.009619922377169132,-0.006297779269516468,70,-0.012,-0.0072
Carl Lindbom,VGK,8482761,9,-0.009723693132400513,-0.006297779269516468,0,-0.0297,0.0103
Carl Lindbom,VGK,8482761,10,-0.009823168627917767,-0.006297779269516468,74,-0.0121,-0.0075
Carl Lindbom,VGK,8482761,11,-0.009844038635492325,-0.006297779269516468,0,-0.0298,0.0102
Carl Lindbom,VGK,8482761,12,-0.00985047873109579,-0.006297779269516468,0,-0.0299,0.0101
Carl Lindbom,VGK,8482761,13,-0.009852266870439053,-0.006297779269516468,0,-0.0299,0.0101
Carl Lindbom,VGK,8482761,14,-0.00984608568251133,-0.006297779269516468,0,-0.0298,0.0102
Carl Lindbom,VGK,8482761,15,-0.00983329676091671,-0.006297779269516468,0,-0.0298,0.0102
Carl Lindbom,VGK,8482761,16,-0.009831953793764114,-0.006297779269516468,34,-0.0132,-0.0064
Carl Lindbom,VGK,8482761,17,-0.009865161031484604,-0.006297779269516468,0,-0.0299,0.0101
Carl Lindbom,VGK,8482761,18,-0.0098962327465415,-0.006297779269516468,0,-0.0299,0.0101
Carl Lindbom,VGK,8482761,19,-0.009921176359057426,-0.006297779269516468,0,-0.0299,0.0101
Carl Lindbom,VGK,8482761,20,-0.009952526539564133,-0.006297779269516468,0,-0.03,0.01
Carl Lindbom,VGK,8482761,21,-0.00998683925718069,-0.006297779269516468,0,-0.03,0.01
Carl Lindbom,VGK,8482761,22,-0.010008316487073898,-0.006297779269516468,0,-0.03,0.01
Carl Lindbom,VGK,8482761,23,-0.010017178021371365,-0.006297779269516468,0,-0.03,0.01
Carl Lindbom,VGK,8482761,24,-0.010011523962020874,-0.006297779269516468,0,-0.03,0.01
Carl Lindbom,VGK,8482761,25,-0.01000210177153349,-0.006297779269516468,0,-0.03,0.01
Carl Lindbom,VGK,8482761,26,-0.01002065185457468,-0.006297779269516468,0,-0.03,0.01
Carl Lindbom,VGK,8482761,27,-0.010033493861556053,-0.006297779269516468,0,-0.03,0.01
Carl Lindbom,VGK,8482761,28,-0.010047984309494495,-0.006297779269516468,0,-0.03,0.01
Carl Lindbom,VGK,8482761,29,-0.010057625360786915,-0.006297779269516468,0,-0.0301,0.0099
Carl Lindbom,VGK,8482761,30,-0.010060764849185944,-0.006297779269516468,0,-0.0301,0.0099
Carl Lindbom,VGK,8482761,31,-0.010062959976494312,-0.006297779269516468,0,-0.0301,0.0099
Carl Lindbom,VGK,8482761,32,-0.010063691064715385,-0.006297779269516468,0,-0.0301,0.0099
Carl Lindbom,VGK,8482761,33,-0.01006570179015398,-0.006297779269516468,0,-0.0301,0.0099
Jesper Vikman,VGK,8482484,0,-0.0004032704164274037,-0.0002472772903274745,12,-0.0062,0.0054
Jesper Vikman,VGK,8482484,1,-0.00046601745998486876,-0.0002472772903274745,0,-0.0205,0.0195
Jesper Vikman,VGK,8482484,2,-0.0005283227656036615,-0.0002472772903274745,0,-0.0205,0.0195
Jesper Vikman,VGK,8482484,3,-0.0005951343337073922,-0.0002472772903274745,0,-0.0206,0.0194
Jesper Vikman,VGK,8482484,4,-0.0006641623913310468,-0.0002472772903274745,0,-0.0207,0.0193
Jesper Vikman,VGK,8482484,5,-0.000729122431948781,-0.0002472772903274745,0,-0.0207,0.0193
Jesper Vikman,VGK,8482484,6,-0.0007992336177267134,-0.0002472772903274745,0,-0.0208,0.0192
Jesper Vikman,VGK,8482484,7,-0.0008709907997399569,-0.0002472772903274745,0,-0.0209,0.0191
Jesper Vikman,VGK,8482484,8,-0.0009424018207937479,-0.0002472772903274745,0,-0.0209,0.0191
Jesper Vikman,VGK,8482484,9,-0.0010059840278699994,-0.0002472772903274745,0,-0.021,0.019
Jesper Vikman,VGK,8482484,10,-0.0010646124137565494,-0.0002472772903274745,0,-0.0211,0.0189
Jesper Vikman,VGK,8482484,11,-0.0011194325052201748,-0.0002472772903274745,0,-0.0211,0.0189
Jesper Vikman,VGK,8482484,12,-0.001158648869022727,-0.0002472772903274745,0,-0.0212,0.0188
Jesper Vikman,VGK,8482484,13,-0.001194869400933385,-0.0002472772903274745,0,-0.0212,0.0188
Jesper Vikman,VGK,8482484,14,-0.0012208325788378716,-0.0002472772903274745,0,-0.0212,0.0188
Jesper Vikman,VGK,8482484,15,-0.001242780708707869,-0.0002472772903274745,0,-0.0212,0.0188
Jesper Vikman,VGK,8482484,16,-0.001273750327527523,-0.0002472772903274745,0,-0.0213,0.0187
Jesper Vikman,VGK,8482484,17,-0.0013080278877168894,-0.0002472772903274745,0,-0.0213,0.0187
Jesper Vikman,VGK,8482484,18,-0.0013381097232922912,-0.0002472772903274745,0,-0.0213,0.0187
Jesper Vikman,VGK,8482484,19,-0.0013638329692184925,-0.0002472772903274745,0,-0.0214,0.0186
Jesper Vikman,VGK,8482484,20,-0.0013948060804978013,-0.0002472772903274745,0,-0.0214,0.0186
Jesper Vikman,VGK,8482484,21,-0.0014292709529399872,-0.0002472772903274745,0,-0.0214,0.0186
Jesper Vikman,VGK,8482484,22,-0.0014505380531772971,-0.0002472772903274745,0,-0.0215,0.0185
Jesper Vikman,VGK,8482484,23,-0.0014596165856346488,-0.0002472772903274745,0,-0.0215,0.0185
Jesper Vikman,VGK,8482484,24,-0.0014538406394422054,-0.0002472772903274745,0,-0.0215,0.0185
Jesper Vikman,VGK,8482484,25,-0.0014447810826823115,-0.0002472772903274745,0,-0.0214,0.0186
Jesper Vikman,VGK,8482484,26,-0.0014627446653321385,-0.0002472772903274745,0,-0.0215,0.0185
Jesper Vikman,VGK,8482484,27,-0.0014759500045329332,-0.0002472772903274745,0,-0.0215,0.0185
Jesper Vikman,VGK,8482484,28,-0.001490703783929348,-0.0002472772903274745,0,-0.0215,0.0185
Jesper Vikman,VGK,8482484,29,-0.0014995476230978966,-0.0002472772903274745,0,-0.0215,0.0185
Jesper Vikman,VGK,8482484,30,-0.001503790495917201,-0.0002472772903274745,0,-0.0215,0.0185
Jesper Vikman,VGK,8482484,31,-0.001504587009549141,-0.0002472772903274745,0,-0.0215,0.0185
Jesper Vikman,VGK,8482484,32,-0.0015068647917360067,-0.0002472772903274745,0,-0.0215,0.0185
Jesper Vikman,VGK,8482484,33,-0.0015078020514920354,-0.0002472772903274745,0,-0.0215,0.0185
Garin Bjorklund,WSH,8482188,0,0.005405698902904987,0.005082271061837673,28,0.0016,0.0092
Garin Bjorklund,WSH,8482188,1,0.005342543125152588,0.005082271061837673,0,-0.0147,0.0253
Garin Bjorklund,WSH,8482188,2,0.0052809081971645355,0.005082271061837673,0,-0.0147,0.0253
Garin Bjorklund,WSH,8482188,3,0.005213883705437183,0.005082271061837673,0,-0.0148,0.0252
Garin Bjorklund,WSH,8482188,4,0.005144744645804167,0.005082271061837673,0,-0.0149,0.0251
Garin Bjorklund,WSH,8482188,5,0.0050805192440748215,0.005082271061837673,0,-0.0149,0.0251
Garin Bjorklund,WSH,8482188,6,0.005009850021451712,0.005082271061837673,0,-0.015,0.025
Garin Bjorklund,WSH,8482188,7,0.004938725847750902,0.005082271061837673,0,-0.0151,0.0249
Garin Bjorklund,WSH,8482188,8,0.0048669916577637196,0.005082271061837673,0,-0.0151,0.0249
Garin Bjorklund,WSH,8482188,9,0.004803777206689119,0.005082271061837673,0,-0.0152,0.0248
Garin Bjorklund,WSH,8482188,10,0.004745048470795155,0.005082271061837673,0,-0.0153,0.0247
Garin Bjorklund,WSH,8482188,11,0.004690428730100393,0.005082271061837673,0,-0.0153,0.0247
Garin Bjorklund,WSH,8482188,12,0.004651313181966543,0.005082271061837673,0,-0.0153,0.0247
Garin Bjorklund,WSH,8482188,13,0.004614931996911764,0.005082271061837673,0,-0.0154,0.0246
Garin Bjorklund,WSH,8482188,14,0.00458942586556077,0.005082271061837673,0,-0.0154,0.0246
Garin Bjorklund,WSH,8482188,15,0.004567233379930258,0.005082271061837673,0,-0.0154,0.0246
Garin Bjorklund,WSH,8482188,16,0.004536343272775412,0.005082271061837673,0,-0.0155,0.0245
Garin Bjorklund,WSH,8482188,17,0.0045023513957858086,0.005082271061837673,0,-0.0155,0.0245
Garin Bjorklund,WSH,8482188,18,0.004472171422094107,0.005082271061837673,0,-0.0155,0.0245
Garin Bjorklund,WSH,8482188,19,0.004446471109986305,0.005082271061837673,0,-0.0156,0.0244
Garin Bjorklund,WSH,8482188,20,0.004415586590766907,0.005082271061837673,0,-0.0156,0.0244
Garin Bjorklund,WSH,8482188,21,0.004381275735795498,0.005082271061837673,0,-0.0156,0.0244
Garin Bjorklund,WSH,8482188,22,0.004359950311481953,0.005082271061837673,0,-0.0156,0.0244
Garin Bjorklund,WSH,8482188,23,0.004350894130766392,0.005082271061837673,0,-0.0156,0.0244
Garin Bjorklund,WSH,8482188,24,0.004356580786406994,0.005082271061837673,0,-0.0156,0.0244
Garin Bjorklund,WSH,8482188,25,0.004366106353700161,0.005082271061837673,0,-0.0156,0.0244
Garin Bjorklund,WSH,8482188,26,0.004347619600594044,0.005082271061837673,0,-0.0157,0.0243
Garin Bjorklund,WSH,8482188,27,0.004334913566708565,0.005082271061837673,0,-0.0157,0.0243
Garin Bjorklund,WSH,8482188,28,0.0043198298662900925,0.005082271061837673,0,-0.0157,0.0243
Garin Bjorklund,WSH,8482188,29,0.004311236087232828,0.005082271061837673,0,-0.0157,0.0243
Garin Bjorklund,WSH,8482188,30,0.004306882154196501,0.005082271061837673,0,-0.0157,0.0243
Garin Bjorklund,WSH,8482188,31,0.0043060737662017345,0.005082271061837673,0,-0.0157,0.0243
Garin Bjorklund,WSH,8482188,32,0.004304046276956797,0.005082271061837673,0,-0.0157,0.0243
Garin Bjorklund,WSH,8482188,33,0.0043029566295444965,0.005082271061837673,0,-0.0157,0.0243
Simon Zajicek,BOS,8485538,0,0.001307309721596539,0.0013222298584878445,7,-0.0063,0.0089
Simon Zajicek,BOS,8485538,1,0.0012446597684174776,0.0013222298584878445,0,-0.0188,0.0212
Simon Zajicek,BOS,8485538,2,0.0011823175009340048,0.0013222298584878445,0,-0.0188,0.0212
Simon Zajicek,BOS,8485538,3,0.0011155923129990697,0.0013222298584878445,0,-0.0189,0.0211
Simon Zajicek,BOS,8485538,4,0.0010465346276760101,0.0013222298584878445,0,-0.019,0.021
Simon Zajicek,BOS,8485538,5,0.0009816753445193172,0.0013222298584878445,0,-0.019,0.021
Simon Zajicek,BOS,8485538,6,0.0009115993161685765,0.0013222298584878445,0,-0.0191,0.0209
Simon Zajicek,BOS,8485538,7,0.0008397875935770571,0.0013222298584878445,0,-0.0192,0.0208
Simon Zajicek,BOS,8485538,8,0.0007685553864575922,0.0013222298584878445,0,-0.0192,0.0208
Simon Zajicek,BOS,8485538,9,0.0007048302213661373,0.0013222298584878445,0,-0.0193,0.0207
Simon Zajicek,BOS,8485538,10,0.0006464069010689855,0.0013222298584878445,0,-0.0194,0.0206
Simon Zajicek,BOS,8485538,11,0.0005914822104386985,0.0013222298584878445,0,-0.0194,0.0206
Simon Zajicek,BOS,8485538,12,0.0005523419240489602,0.0013222298584878445,0,-0.0194,0.0206
Simon Zajicek,BOS,8485538,13,0.0005161674926057458,0.0013222298584878445,0,-0.0195,0.0205
Simon Zajicek,BOS,8485538,14,0.0004901820793747902,0.0013222298584878445,0,-0.0195,0.0205
Simon Zajicek,BOS,8485538,15,0.0004682775470428169,0.0013222298584878445,0,-0.0195,0.0205
Simon Zajicek,BOS,8485538,16,0.0004373429110273719,0.0013222298584878445,0,-0.0196,0.0204
Simon Zajicek,BOS,8485538,17,0.00040308956522494555,0.0013222298584878445,0,-0.0196,0.0204
Simon Zajicek,BOS,8485538,18,0.00037298526149243116,0.0013222298584878445,0,-0.0196,0.0204
Simon Zajicek,BOS,8485538,19,0.00034733384381979704,0.0013222298584878445,0,-0.0197,0.0203
Simon Zajicek,BOS,8485538,20,0.0003163764486089349,0.0013222298584878445,0,-0.0197,0.0203
Simon Zajicek,BOS,8485538,21,0.0002818709472194314,0.0013222298584878445,0,-0.0197,0.0203
Simon Zajicek,BOS,8485538,22,0.00026066950522363186,0.0013222298584878445,0,-0.0197,0.0203
Simon Zajicek,BOS,8485538,23,0.00025157630443573,0.0013222298584878445,0,-0.0197,0.0203
Simon Zajicek,BOS,8485538,24,0.0002574104582890868,0.0013222298584878445,0,-0.0197,0.0203
Simon Zajicek,BOS,8485538,25,0.0002663977211341262,0.0013222298584878445,0,-0.0197,0.0203
Simon Zajicek,BOS,8485538,26,0.0002485422883182764,0.0013222298584878445,0,-0.0198,0.0202
Simon Zajicek,BOS,8485538,27,0.00023524509742856026,0.0013222298584878445,0,-0.0198,0.0202
Simon Zajicek,BOS,8485538,28,0.0002206352073699236,0.0013222298584878445,0,-0.0198,0.0202
Simon Zajicek,BOS,8485538,29,0.00021162768825888634,0.0013222298584878445,0,-0.0198,0.0202
Simon Zajicek,BOS,8485538,30,0.0002075426746159792,0.0013222298584878445,0,-0.0198,0.0202
Simon Zajicek,BOS,8485538,31,0.00020661321468651295,0.0013222298584878445,0,-0.0198,0.0202
Simon Zajicek,BOS,8485538,32,0.00020446651615202427,0.0013222298584878445,0,-0.0198,0.0202
Simon Zajicek,BOS,8485538,33,0.00020349898841232061,0.0013222298584878445,0,-0.0198,0.0202
Kyle Keyser,,8480356,0,-0.00193289655726403,-0.001650754944421351,6,-0.0101,0.0063
Kyle Keyser,,8480356,1,-0.0019956997130066156,-0.001650754944421351,0,-0.022,0.018
Kyle Keyser,,8480356,2,-0.002058012643828988,-0.001650754944421351,0,-0.0221,0.0179
Kyle Keyser,,8480356,3,-0.0021248687990009785,-0.001650754944421351,0,-0.0221,0.0179
Kyle Keyser,,8480356,4,-0.002193968975916505,-0.001650754944421351,0,-0.0222,0.0178
Kyle Keyser,,8480356,5,-0.0022589354775846004,-0.001650754944421351,0,-0.0223,0.0177
Kyle Keyser,,8480356,6,-0.002329096896573901,-0.001650754944421351,0,-0.0223,0.0177
Kyle Keyser,,8480356,7,-0.0024009246844798326,-0.001650754944421351,0,-0.0224,0.0176
Kyle Keyser,,8480356,8,-0.002472304506227374,-0.001650754944421351,0,-0.0225,0.0175
Kyle Keyser,,8480356,9,-0.0025360025465488434,-0.001650754944421351,0,-0.0225,0.0175
Kyle Keyser,,8480356,10,-0.0025945683009922504,-0.001650754944421351,0,-0.0226,0.0174
Kyle Keyser,,8480356,11,-0.002649556379765272,-0.001650754944421351,0,-0.0226,0.0174
Kyle Keyser,,8480356,12,-0.0026886139530688524,-0.001650754944421351,0,-0.0227,0.0173
Kyle Keyser,,8480356,13,-0.002725085709244013,-0.001650754944421351,0,-0.0227,0.0173
Kyle Keyser,,8480356,14,-0.002750906627625227,-0.001650754944421351,0,-0.0228,0.0172
Kyle Keyser,,8480356,15,-0.0027729403227567673,-0.001650754944421351,0,-0.0228,0.0172
Kyle Keyser,,8480356,16,-0.002803982235491276,-0.001650754944421351,0,-0.0228,0.0172
Kyle Keyser,,8480356,17,-0.002838167827576399,-0.001650754944421351,0,-0.0228,0.0172
Kyle Keyser,,8480356,18,-0.002868431620299816,-0.001650754944421351,0,-0.0229,0.0171
Kyle Keyser,,8480356,19,-0.0028940001502633095,-0.001650754944421351,0,-0.0229,0.0171
Kyle Keyser,,8480356,20,-0.0029251689556986094,-0.001650754944421351,0,-0.0229,0.0171
Kyle Keyser,,8480356,21,-0.002959500066936016,-0.001650754944421351,0,-0.023,0.017
Kyle Keyser,,8480356,22,-0.0029808783438056707,-0.001650754944421351,0,-0.023,0.017
Kyle Keyser,,8480356,23,-0.0029899445362389088,-0.001650754944421351,0,-0.023,0.017
Kyle Keyser,,8480356,24,-0.002984185703098774,-0.001650754944421351,0,-0.023,0.017
Kyle Keyser,,8480356,25,-0.002975127659738064,-0.001650754944421351,0,-0.023,0.017
Kyle Keyser,,8480356,26,-0.0029931003227829933,-0.001650754944421351,0,-0.023,0.017
Kyle Keyser,,8480356,27,-0.003006349317729473,-0.001650754944421351,0,-0.023,0.017
Kyle Keyser,,8480356,28,-0.0030210805125534534,-0.001650754944421351,0,-0.023,0.017
Kyle Keyser,,8480356,29,-0.003029957879334688,-0.001650754944421351,0,-0.023,0.017
Kyle Keyser,,8480356,30,-0.003034148830920458,-0.001650754944421351,0,-0.023,0.017
Kyle Keyser,,8480356,31,-0.0030350282322615385,-0.001650754944421351,0,-0.023,0.017
Kyle Keyser,,8480356,32,-0.0030372077599167824,-0.001650754944421351,0,-0.023,0.017
Kyle Keyser,,8480356,33,-0.0030383109115064144,-0.001650754944421351,0,-0.023,0.017
Jacob Fowler,MTL,8484170,0,0.02565564401447773,0.023661229759454727,0,0.0057,0.0457
Jacob Fowler,MTL,8484170,1,0.026541700586676598,0.023661229759454727,33,0.023,0.03
Jacob Fowler,MTL,8484170,2,0.02734333649277687,0.023661229759454727,0,0.0073,0.0473
Jacob Fowler,MTL,8484170,3,0.028143947944045067,0.023661229759454727,0,0.0081,0.0481
Jacob Fowler,MTL,8484170,4,0.028941532596945763,0.023661229759454727,0,0.0089,0.0489
Jacob Fowler,MTL,8484170,5,0.02974214032292366,0.023661229759454727,0,0.0097,0.0497
Jacob Fowler,MTL,8484170,6,0.03054140880703926,0.023661229759454727,0,0.0105,0.0505
Jacob Fowler,MTL,8484170,7,0.03133075684309006,0.023661229759454727,0,0.0113,0.0513
Jacob Fowler,MTL,8484170,8,0.032132867723703384,0.023661229759454727,0,0.0121,0.0521
Jacob Fowler,MTL,8484170,9,0.032928381115198135,0.023661229759454727,0,0.0129,0.0529
Jacob Fowler,MTL,8484170,10,0.03374176844954491,0.023661229759454727,0,0.0137,0.0537
Jacob Fowler,MTL,8484170,11,0.034550923854112625,0.023661229759454727,0,0.0146,0.0546
Jacob Fowler,MTL,8484170,12,0.03537824749946594,0.023661229759454727,108,0.0335,0.0373
Jacob Fowler,MTL,8484170,13,0.03611702844500542,0.023661229759454727,80,0.0339,0.0383
Jacob Fowler,MTL,8484170,14,0.036528851836919785,0.023661229759454727,67,0.0341,0.0389
Jacob Fowler,MTL,8484170,15,0.036938510835170746,0.023661229759454727,26,0.033,0.0408
Jacob Fowler,MTL,8484170,16,0.03731510415673256,0.023661229759454727,77,0.035,0.0396
Jacob Fowler,MTL,8484170,17,0.03757653012871742,0.023661229759454727,38,0.0344,0.0408
Jacob Fowler,MTL,8484170,18,0.03799581527709961,0.023661229759454727,0,0.018,0.058
Jacob Fowler,MTL,8484170,19,0.03841697424650192,0.023661229759454727,0,0.0184,0.0584
Jacob Fowler,MTL,8484170,20,0.0388340950012207,0.023661229759454727,0,0.0188,0.0588
Jacob Fowler,MTL,8484170,21,0.03924710303544998,0.023661229759454727,0,0.0192,0.0592
Jacob Fowler,MTL,8484170,22,0.03967380151152611,0.023661229759454727,84,0.0375,0.0419
Jacob Fowler,MTL,8484170,23,0.04003997892141342,0.023661229759454727,30,0.0363,0.0437
Jacob Fowler,MTL,8484170,24,0.0405123308300972,0.023661229759454727,37,0.0372,0.0438
Jacob Fowler,MTL,8484170,25,0.04087033495306969,0.023661229759454727,77,0.0386,0.0432
Jacob Fowler,MTL,8484170,26,0.041082095354795456,0.023661229759454727,52,0.0383,0.0439
Jacob Fowler,MTL,8484170,27,0.04098896682262421,0.023661229759454727,0,0.021,0.061
Jacob Fowler,MTL,8484170,28,0.04090656340122223,0.023661229759454727,0,0.0209,0.0609
Jacob Fowler,MTL,8484170,29,0.040820810943841934,0.023661229759454727,0,0.0208,0.0608
Jacob Fowler,MTL,8484170,30,0.04074767604470253,0.023661229759454727,0,0.0207,0.0607
Jacob Fowler,MTL,8484170,31,0.040670718997716904,0.023661229759454727,3,0.0292,0.0522
Jacob Fowler,MTL,8484170,32,0.04067109152674675,0.023661229759454727,0,0.0207,0.0607
Jacob Fowler,MTL,8484170,33,0.04066801443696022,0.023661229759454727,0,0.0207,0.0607
Sergei Murashov,PIT,8483703,0,0.005456064362078905,0.0051287454552948475,0,-0.0145,0.0255
Sergei Murashov,PIT,8483703,1,0.005598773714154959,0.0051287454552948475,53,0.0029,0.0083
Sergei Murashov,PIT,8483703,2,0.005503882188349962,0.0051287454552948475,15,0.0003,0.0107
Sergei Murashov,PIT,8483703,3,0.0053863320499658585,0.0051287454552948475,0,-0.0146,0.0254
Sergei Murashov,PIT,8483703,4,0.005266658030450344,0.0051287454552948475,0,-0.0147,0.0253
Sergei Murashov,PIT,8483703,5,0.0051510208286345005,0.0051287454552948475,0,-0.0148,0.0252
Sergei Murashov,PIT,8483703,6,0.005030013155192137,0.0051287454552948475,0,-0.015,0.025
Sergei Murashov,PIT,8483703,7,0.004907730035483837,0.0051287454552948475,41,0.0018,0.008
Sergei Murashov,PIT,8483703,8,0.004845428746193647,0.0051287454552948475,36,0.0015,0.0081
Sergei Murashov,PIT,8483703,9,0.004622119944542646,0.0051287454552948475,58,0.002,0.0072
Sergei Murashov,PIT,8483703,10,0.004364334046840668,0.0051287454552948475,0,-0.0156,0.0244
Sergei Murashov,PIT,8483703,11,0.004111135844141245,0.0051287454552948475,0,-0.0159,0.0241
Sergei Murashov,PIT,8483703,12,0.003872821107506752,0.0051287454552948475,59,0.0013,0.0065
Sergei Murashov,PIT,8483703,13,0.0038370597176253796,0.0051287454552948475,0,-0.0162,0.0238
Sergei Murashov,PIT,8483703,14,0.00381082808598876,0.0051287454552948475,0,-0.0162,0.0238
Sergei Murashov,PIT,8483703,15,0.003789059119299054,0.0051287454552948475,0,-0.0162,0.0238
Sergei Murashov,PIT,8483703,16,0.003757867030799389,0.0051287454552948475,0,-0.0162,0.0238
Sergei Murashov,PIT,8483703,17,0.003724111709743738,0.0051287454552948475,0,-0.0163,0.0237
Sergei Murashov,PIT,8483703,18,0.0036935186944901943,0.0051287454552948475,0,-0.0163,0.0237
Sergei Murashov,PIT,8483703,19,0.003668287768959999,0.0051287454552948475,0,-0.0163,0.0237
Sergei Murashov,PIT,8483703,20,0.0036368793807923794,0.0051287454552948475,0,-0.0164,0.0236
Sergei Murashov,PIT,8483703,21,0.0036028882022947073,0.0051287454552948475,0,-0.0164,0.0236
Sergei Murashov,PIT,8483703,22,0.003581349039450288,0.0051287454552948475,0,-0.0164,0.0236
Sergei Murashov,PIT,8483703,23,0.0035724632907658815,0.0051287454552948475,0,-0.0164,0.0236
Sergei Murashov,PIT,8483703,24,0.0035780933685600758,0.0051287454552948475,0,-0.0164,0.0236
Sergei Murashov,PIT,8483703,25,0.003587295999750495,0.0051287454552948475,0,-0.0164,0.0236
Sergei Murashov,PIT,8483703,26,0.003569176886230707,0.0051287454552948475,0,-0.0164,0.0236
Sergei Murashov,PIT,8483703,27,0.003556304844096303,0.0051287454552948475,0,-0.0164,0.0236
Sergei Murashov,PIT,8483703,28,0.0035412872675806284,0.0051287454552948475,0,-0.0165,0.0235
Sergei Murashov,PIT,8483703,29,0.0035324934870004654,0.0051287454552948475,0,-0.0165,0.0235
Sergei Murashov,PIT,8483703,30,0.00352828623726964,0.0051287454552948475,0,-0.0165,0.0235
Sergei Murashov,PIT,8483703,31,0.0035274727270007133,0.0051287454552948475,0,-0.0165,0.0235
Sergei Murashov,PIT,8483703,32,0.0035254419781267643,0.0051287454552948475,0,-0.0165,0.0235
Sergei Murashov,PIT,8483703,33,0.0035241981968283653,0.0051287454552948475,0,-0.0165,0.0235
Talyn Boyko,NYR,8482869,0,-0.0043360511772334576,-0.003855270566418767,0,-0.0243,0.0157
Talyn Boyko,NYR,8482869,1,-0.004552226979285479,-0.003855270566418767,31,-0.0082,-0.001
Talyn Boyko,NYR,8482869,2,-0.004615148063749075,-0.003855270566418767,0,-0.0246,0.0154
Talyn Boyko,NYR,8482869,3,-0.004681687336415052,-0.003855270566418767,0,-0.0247,0.0153
Talyn Boyko,NYR,8482869,4,-0.0047511388547718525,-0.003855270566418767,0,-0.0248,0.0152
Talyn Boyko,NYR,8482869,5,-0.0048159388825297356,-0.003855270566418767,0,-0.0248,0.0152
Talyn Boyko,NYR,8482869,6,-0.004886143375188112,-0.003855270566418767,0,-0.0249,0.0151
Talyn Boyko,NYR,8482869,7,-0.004958021454513073,-0.003855270566418767,0,-0.025,0.015
Talyn Boyko,NYR,8482869,8,-0.005029584746807814,-0.003855270566418767,0,-0.025,0.015
Talyn Boyko,NYR,8482869,9,-0.005093158222734928,-0.003855270566418767,0,-0.0251,0.0149
Talyn Boyko,NYR,8482869,10,-0.005151856690645218,-0.003855270566418767,0,-0.0252,0.0148
Talyn Boyko,NYR,8482869,11,-0.005206708330661058,-0.003855270566418767,0,-0.0252,0.0148
Talyn Boyko,NYR,8482869,12,-0.005246125627309084,-0.003855270566418767,0,-0.0252,0.0148
Talyn Boyko,NYR,8482869,13,-0.005282304715365171,-0.003855270566418767,0,-0.0253,0.0147
Talyn Boyko,NYR,8482869,14,-0.0053082904778420925,-0.003855270566418767,0,-0.0253,0.0147
Talyn Boyko,NYR,8482869,15,-0.00533042149618268,-0.003855270566418767,0,-0.0253,0.0147
Talyn Boyko,NYR,8482869,16,-0.005361165385693312,-0.003855270566418767,0,-0.0254,0.0146
Talyn Boyko,NYR,8482869,17,-0.0053959996439516544,-0.003855270566418767,0,-0.0254,0.0146
Talyn Boyko,NYR,8482869,18,-0.005425561219453812,-0.003855270566418767,0,-0.0254,0.0146
Talyn Boyko,NYR,8482869,19,-0.005451784934848547,-0.003855270566418767,0,-0.0255,0.0145
Talyn Boyko,NYR,8482869,20,-0.005482458509504795,-0.003855270566418767,0,-0.0255,0.0145
Talyn Boyko,NYR,8482869,21,-0.005517278797924519,-0.003855270566418767,0,-0.0255,0.0145
Talyn Boyko,NYR,8482869,22,-0.00553822610527277,-0.003855270566418767,0,-0.0255,0.0145
Talyn Boyko,NYR,8482869,23,-0.005547663196921349,-0.003855270566418767,0,-0.0255,0.0145
Talyn Boyko,NYR,8482869,24,-0.005541623570024967,-0.003855270566418767,0,-0.0255,0.0145
Talyn Boyko,NYR,8482869,25,-0.00553288497030735,-0.003855270566418767,0,-0.0255,0.0145
Talyn Boyko,NYR,8482869,26,-0.005550775211304426,-0.003855270566418767,0,-0.0256,0.0144
Talyn Boyko,NYR,8482869,27,-0.00556368101388216,-0.003855270566418767,0,-0.0256,0.0144
Talyn Boyko,NYR,8482869,28,-0.005579110234975815,-0.003855270566418767,0,-0.0256,0.0144
Talyn Boyko,NYR,8482869,29,-0.005587238818407059,-0.003855270566418767,0,-0.0256,0.0144
Talyn Boyko,NYR,8482869,30,-0.00559203838929534,-0.003855270566418767,0,-0.0256,0.0144
Talyn Boyko,NYR,8482869,31,-0.005592558067291975,-0.003855270566418767,0,-0.0256,0.0144
Talyn Boyko,NYR,8482869,32,-0.005594941321760416,-0.003855270566418767,0,-0.0256,0.0144
Talyn Boyko,NYR,8482869,33,-0.00559599744156003,-0.003855270566418767,0,-0.0256,0.0144
Owen Say,CGY,8485465,0,0.001983419992029667,0.001942530507221818,0,-0.018,0.022
Owen Say,CGY,8485465,1,0.0019983185920864344,0.001942530507221818,11,-0.004,0.008
Owen Say,CGY,8485465,2,0.0019360014703124762,0.001942530507221818,0,-0.0181,0.0219
Owen Say,CGY,8485465,3,0.0018693560268729925,0.001942530507221818,0,-0.0181,0.0219
Owen Say,CGY,8485465,4,0.0018002341967076063,0.001942530507221818,0,-0.0182,0.0218
Owen Say,CGY,8485465,5,0.0017354352166876197,0.001942530507221818,0,-0.0183,0.0217
Owen Say,CGY,8485465,6,0.0016652655322104692,0.001942530507221818,0,-0.0183,0.0217
Owen Say,CGY,8485465,7,0.0015936852432787418,0.001942530507221818,0,-0.0184,0.0216
Owen Say,CGY,8485465,8,0.0015222057700157166,0.001942530507221818,0,-0.0185,0.0215
Owen Say,CGY,8485465,9,0.0014587496407330036,0.001942530507221818,0,-0.0185,0.0215
Owen Say,CGY,8485465,10,0.001400011358782649,0.001942530507221818,0,-0.0186,0.0214
Owen Say,CGY,8485465,11,0.0013454407453536987,0.001942530507221818,0,-0.0187,0.0213
Owen Say,CGY,8485465,12,0.0013060321798548102,0.001942530507221818,0,-0.0187,0.0213
Owen Say,CGY,8485465,13,0.0012700484367087483,0.001942530507221818,0,-0.0187,0.0213
Owen Say,CGY,8485465,14,0.0012440044665709138,0.001942530507221818,0,-0.0188,0.0212
Owen Say,CGY,8485465,15,0.001222079386934638,0.001942530507221818,0,-0.0188,0.0212
Owen Say,CGY,8485465,16,0.0011912670452147722,0.001942530507221818,0,-0.0188,0.0212
Owen Say,CGY,8485465,17,0.0011568395420908928,0.001942530507221818,0,-0.0188,0.0212
Owen Say,CGY,8485465,18,0.001126933260820806,0.001942530507221818,0,-0.0189,0.0211
Owen Say,CGY,8485465,19,0.0011011065216735005,0.001942530507221818,0,-0.0189,0.0211
Owen Say,CGY,8485465,20,0.0010702889412641525,0.001942530507221818,0,-0.0189,0.0211
Owen Say,CGY,8485465,21,0.001035779481753707,0.001942530507221818,0,-0.019,0.021
Owen Say,CGY,8485465,22,0.0010144300758838654,0.001942530507221818,0,-0.019,0.021
Owen Say,CGY,8485465,23,0.0010056381579488516,0.001942530507221818,0,-0.019,0.021
Owen Say,CGY,8485465,24,0.0010111321462318301,0.001942530507221818,0,-0.019,0.021
Owen Say,CGY,8485465,25,0.0010203912388533354,0.001942530507221818,0,-0.019,0.021
Owen Say,CGY,8485465,26,0.0010023092618212104,0.001942530507221818,0,-0.019,0.021
Owen Say,CGY,8485465,27,0.0009893595706671476,0.001942530507221818,0,-0.019,0.021
Owen Say,CGY,8485465,28,0.0009742833208292723,0.001942530507221818,0,-0.019,0.021
Owen Say,CGY,8485465,29,0.0009657371556386352,0.001942530507221818,0,-0.019,0.021
Owen Say,CGY,8485465,30,0.0009612997528165579,0.001942530507221818,0,-0.019,0.021
Owen Say,CGY,8485465,31,0.0009606009116396308,0.001942530507221818,0,-0.019,0.021
Owen Say,CGY,8485465,32,0.000958282733336091,0.001942530507221818,0,-0.019,0.021
Owen Say,CGY,8485465,33,0.0009574779542163014,0.001942530507221818,0,-0.019,0.021
Caleb Heil,TBL,8485657,0,0.002619554288685322,0.002526381518691778,0,-0.0174,0.0226
Caleb Heil,TBL,8485657,1,0.0026580628473311663,0.002526381518691778,12,-0.0031,0.0085
Caleb Heil,TBL,8485657,2,0.0025955610908567905,0.002526381518691778,0,-0.0174,0.0226
Caleb Heil,TBL,8485657,3,0.002528910990804434,0.002526381518691778,0,-0.0175,0.0225
Caleb Heil,TBL,8485657,4,0.002459918148815632,0.002526381518691778,0,-0.0175,0.0225
Caleb Heil,TBL,8485657,5,0.0023950175382196903,0.002526381518691778,0,-0.0176,0.0224
Caleb Heil,TBL,8485657,6,0.0023250714875757694,0.002526381518691778,0,-0.0177,0.0223
Caleb Heil,TBL,8485657,7,0.002253178972750902,0.002526381518691778,0,-0.0177,0.0223
Caleb Heil,TBL,8485657,8,0.0021819795947521925,0.002526381518691778,0,-0.0178,0.0222
Caleb Heil,TBL,8485657,9,0.0021184205543249846,0.002526381518691778,0,-0.0179,0.0221
Caleb Heil,TBL,8485657,10,0.002059693681076169,0.002526381518691778,0,-0.0179,0.0221
Caleb Heil,TBL,8485657,11,0.0020051528699696064,0.002526381518691778,0,-0.018,0.022
Caleb Heil,TBL,8485657,12,0.001965850591659546,0.002526381518691778,0,-0.018,0.022
Caleb Heil,TBL,8485657,13,0.0019296474056318402,0.002526381518691778,0,-0.0181,0.0219
Caleb Heil,TBL,8485657,14,0.001903919386677444,0.002526381518691778,0,-0.0181,0.0219
Caleb Heil,TBL,8485657,15,0.0018816017545759678,0.002526381518691778,0,-0.0181,0.0219
Caleb Heil,TBL,8485657,16,0.0018512189853936434,0.002526381518691778,0,-0.0181,0.0219
Caleb Heil,TBL,8485657,17,0.0018165316432714462,0.002526381518691778,0,-0.0182,0.0218
Caleb Heil,TBL,8485657,18,0.0017866332782432437,0.002526381518691778,0,-0.0182,0.0218
Caleb Heil,TBL,8485657,19,0.0017610815120860934,0.002526381518691778,0,-0.0182,0.0218
Caleb Heil,TBL,8485657,20,0.0017298497259616852,0.002526381518691778,0,-0.0183,0.0217
Caleb Heil,TBL,8485657,21,0.0016957290936261415,0.002526381518691778,0,-0.0183,0.0217
Caleb Heil,TBL,8485657,22,0.0016742132138460875,0.002526381518691778,0,-0.0183,0.0217
Caleb Heil,TBL,8485657,23,0.0016653691418468952,0.002526381518691778,0,-0.0183,0.0217
Caleb Heil,TBL,8485657,24,0.0016709825722500682,0.002526381518691778,0,-0.0183,0.0217
Caleb Heil,TBL,8485657,25,0.0016802458558231592,0.002526381518691778,0,-0.0183,0.0217
Caleb Heil,TBL,8485657,26,0.0016620912356302142,0.002526381518691778,0,-0.0183,0.0217
Caleb Heil,TBL,8485657,27,0.0016491448041051626,0.002526381518691778,0,-0.0184,0.0216
Caleb Heil,TBL,8485657,28,0.0016341477166861296,0.002526381518691778,0,-0.0184,0.0216
Caleb Heil,TBL,8485657,29,0.001625603879801929,0.002526381518691778,0,-0.0184,0.0216
Caleb Heil,TBL,8485657,30,0.001620996044948697,0.002526381518691778,0,-0.0184,0.0216
Caleb Heil,TBL,8485657,31,0.0016206047730520368,0.002526381518691778,0,-0.0184,0.0216
Caleb Heil,TBL,8485657,32,0.0016179427038878202,0.002526381518691778,0,-0.0184,0.0216
Caleb Heil,TBL,8485657,33,0.0016174059128388762,0.002526381518691778,0,-0.0184,0.0216
Amir Miftakhov,CAR,8482501,0,-0.011667873710393906,-0.010581648908555508,0,-0.0317,0.0083
Amir Miftakhov,CAR,8482501,1,-0.01215276774019003,-0.010581648908555508,49,-0.0151,-0.0093
Amir Miftakhov,CAR,8482501,2,-0.012215888127684593,-0.010581648908555508,0,-0.0322,0.0078
Amir Miftakhov,CAR,8482501,3,-0.012282178737223148,-0.010581648908555508,0,-0.0323,0.0077
Amir Miftakhov,CAR,8482501,4,-0.012352028861641884,-0.010581648908555508,0,-0.0324,0.0076
Amir Miftakhov,CAR,8482501,5,-0.012416842393577099,-0.010581648908555508,0,-0.0324,0.0076
Amir Miftakhov,CAR,8482501,6,-0.012487286701798439,-0.010581648908555508,0,-0.0325,0.0075
Amir Miftakhov,CAR,8482501,7,-0.01255890540778637,-0.010581648908555508,0,-0.0326,0.0074
Amir Miftakhov,CAR,8482501,8,-0.012630701996386051,-0.010581648908555508,0,-0.0326,0.0074
Amir Miftakhov,CAR,8482501,9,-0.012694545090198517,-0.010581648908555508,0,-0.0327,0.0073
Amir Miftakhov,CAR,8482501,10,-0.012752820737659931,-0.010581648908555508,0,-0.0328,0.0072
Amir Miftakhov,CAR,8482501,11,-0.012808816507458687,-0.010581648908555508,0,-0.0328,0.0072
Amir Miftakhov,CAR,8482501,12,-0.012846466153860092,-0.010581648908555508,0,-0.0328,0.0072
Amir Miftakhov,CAR,8482501,13,-0.012884968891739845,-0.010581648908555508,0,-0.0329,0.0071
Amir Miftakhov,CAR,8482501,14,-0.012908684089779854,-0.010581648908555508,0,-0.0329,0.0071
Amir Miftakhov,CAR,8482501,15,-0.012933286838233471,-0.010581648908555508,0,-0.0329,0.0071
Amir Miftakhov,CAR,8482501,16,-0.012961599975824356,-0.010581648908555508,0,-0.033,0.007
Amir Miftakhov,CAR,8482501,17,-0.012998593039810658,-0.010581648908555508,0,-0.033,0.007
Amir Miftakhov,CAR,8482501,18,-0.013026942498981953,-0.010581648908555508,0,-0.033,0.007
Amir Miftakhov,CAR,8482501,19,-0.013053903356194496,-0.010581648908555508,0,-0.0331,0.0069
Amir Miftakhov,CAR,8482501,20,-0.013083664700388908,-0.010581648908555508,0,-0.0331,0.0069
Amir Miftakhov,CAR,8482501,21,-0.01311997976154089,-0.010581648908555508,0,-0.0331,0.0069
Amir Miftakhov,CAR,8482501,22,-0.013139472343027592,-0.010581648908555508,0,-0.0331,0.0069
Amir Miftakhov,CAR,8482501,23,-0.01315016858279705,-0.010581648908555508,0,-0.0332,0.0068
Amir Miftakhov,CAR,8482501,24,-0.013143586926162243,-0.010581648908555508,0,-0.0331,0.0069
Amir Miftakhov,CAR,8482501,25,-0.013134609907865524,-0.010581648908555508,0,-0.0331,0.0069
Amir Miftakhov,CAR,8482501,26,-0.01315290667116642,-0.010581648908555508,0,-0.0332,0.0068
Amir Miftakhov,CAR,8482501,27,-0.013165871612727642,-0.010581648908555508,0,-0.0332,0.0068
Amir Miftakhov,CAR,8482501,28,-0.01318101305514574,-0.010581648908555508,0,-0.0332,0.0068
Amir Miftakhov,CAR,8482501,29,-0.013189539313316345,-0.010581648908555508,0,-0.0332,0.0068
Amir Miftakhov,CAR,8482501,30,-0.013194235973060131,-0.010581648908555508,0,-0.0332,0.0068
Amir Miftakhov,CAR,8482501,31,-0.013194228522479534,-0.010581648908555508,0,-0.0332,0.0068
Amir Miftakhov,CAR,8482501,32,-0.013197727501392365,-0.010581648908555508,0,-0.0332,0.0068
Amir Miftakhov,CAR,8482501,33,-0.01319790631532669,-0.010581648908555508,0,-0.0332,0.0068
Michal Postava,DET,8485545,0,-0.0015538816805928946,-0.0013029895490035415,0,-0.0216,0.0184
Michal Postava,DET,8485545,1,-0.0016687370371073484,-0.0013029895490035415,25,-0.0057,0.0023
Michal Postava,DET,8485545,2,-0.0017309867544099689,-0.0013029895490035415,0,-0.0217,0.0183
Michal Postava,DET,8485545,3,-0.0017978703835979104,-0.0013029895490035415,0,-0.0218,0.0182
Michal Postava,DET,8485545,4,-0.0018669215496629477,-0.0013029895490035415,0,-0.0219,0.0181
Michal Postava,DET,8485545,5,-0.001931963604874909,-0.0013029895490035415,0,-0.0219,0.0181
Michal Postava,DET,8485545,6,-0.002002000343054533,-0.0013029895490035415,0,-0.022,0.018
Michal Postava,DET,8485545,7,-0.0020739047322422266,-0.0013029895490035415,0,-0.0221,0.0179
Michal Postava,DET,8485545,8,-0.0021451986394822598,-0.0013029895490035415,0,-0.0221,0.0179
Michal Postava,DET,8485545,9,-0.0022090310230851173,-0.0013029895490035415,0,-0.0222,0.0178
Michal Postava,DET,8485545,10,-0.0022673779167234898,-0.0013029895490035415,0,-0.0223,0.0177
Michal Postava,DET,8485545,11,-0.0023225490003824234,-0.0013029895490035415,0,-0.0223,0.0177
Michal Postava,DET,8485545,12,-0.0023615029640495777,-0.0013029895490035415,0,-0.0224,0.0176
Michal Postava,DET,8485545,13,-0.0023979763500392437,-0.0013029895490035415,0,-0.0224,0.0176
Michal Postava,DET,8485545,14,-0.0024237805046141148,-0.0013029895490035415,0,-0.0224,0.0176
Michal Postava,DET,8485545,15,-0.0024459126871079206,-0.0013029895490035415,0,-0.0224,0.0176
Michal Postava,DET,8485545,16,-0.0024767182767391205,-0.0013029895490035415,0,-0.0225,0.0175
Michal Postava,DET,8485545,17,-0.002511213533580303,-0.0013029895490035415,0,-0.0225,0.0175
Michal Postava,DET,8485545,18,-0.0025411173701286316,-0.0013029895490035415,0,-0.0225,0.0175
Michal Postava,DET,8485545,19,-0.002567053772509098,-0.0013029895490035415,0,-0.0226,0.0174
Michal Postava,DET,8485545,20,-0.0025978535413742065,-0.0013029895490035415,0,-0.0226,0.0174
Michal Postava,DET,8485545,21,-0.0026324959471821785,-0.0013029895490035415,0,-0.0226,0.0174
Michal Postava,DET,8485545,22,-0.0026535922661423683,-0.0013029895490035415,0,-0.0227,0.0173
Michal Postava,DET,8485545,23,-0.0026629508938640356,-0.0013029895490035415,0,-0.0227,0.0173
Michal Postava,DET,8485545,24,-0.002656882628798485,-0.0013029895490035415,0,-0.0227,0.0173
Michal Postava,DET,8485545,25,-0.0026480506639927626,-0.0013029895490035415,0,-0.0226,0.0174
Michal Postava,DET,8485545,26,-0.00266592507250607,-0.0013029895490035415,0,-0.0227,0.0173
Michal Postava,DET,8485545,27,-0.0026791717391461134,-0.0013029895490035415,0,-0.0227,0.0173
Michal Postava,DET,8485545,28,-0.002693900838494301,-0.0013029895490035415,0,-0.0227,0.0173
Michal Postava,DET,8485545,29,-0.0027027856558561325,-0.0013029895490035415,0,-0.0227,0.0173
Michal Postava,DET,8485545,30,-0.00270699430257082,-0.0013029895490035415,0,-0.0227,0.0173
Michal Postava,DET,8485545,31,-0.0027078536804765463,-0.0013029895490035415,0,-0.0227,0.0173
Michal Postava,DET,8485545,32,-0.002710061613470316,-0.0013029895490035415,0,-0.0227,0.0173
Michal Postava,DET,8485545,33,-0.0027110977098345757,-0.0013029895490035415,0,-0.0227,0.0173
Samuel Hlavaj,MIN,8482085,0,-0.007811031769961119,-0.007044652011245489,0,-0.0278,0.0122
Samuel Hlavaj,MIN,8482085,1,-0.008156183175742626,-0.007044652011245489,16,-0.0132,-0.0032
Samuel Hlavaj,MIN,8482085,2,-0.008217951282858849,-0.007044652011245489,0,-0.0282,0.0118
Samuel Hlavaj,MIN,8482085,3,-0.008285137824714184,-0.007044652011245489,0,-0.0283,0.0117
Samuel Hlavaj,MIN,8482085,4,-0.008354276418685913,-0.007044652011245489,0,-0.0284,0.0116
Samuel Hlavaj,MIN,8482085,5,-0.008419603109359741,-0.007044652011245489,0,-0.0284,0.0116
Samuel Hlavaj,MIN,8482085,6,-0.008489337749779224,-0.007044652011245489,0,-0.0285,0.0115
Samuel Hlavaj,MIN,8482085,7,-0.00856185331940651,-0.007044652011245489,0,-0.0286,0.0114
Samuel Hlavaj,MIN,8482085,8,-0.00863309483975172,-0.007044652011245489,0,-0.0286,0.0114
Samuel Hlavaj,MIN,8482085,9,-0.008696612901985645,-0.007044652011245489,0,-0.0287,0.0113
Samuel Hlavaj,MIN,8482085,10,-0.008755865506827831,-0.007044652011245489,0,-0.0288,0.0112
Samuel Hlavaj,MIN,8482085,11,-0.00881015881896019,-0.007044652011245489,0,-0.0288,0.0112
Samuel Hlavaj,MIN,8482085,12,-0.008850393816828728,-0.007044652011245489,0,-0.0289,0.0111
Samuel Hlavaj,MIN,8482085,13,-0.008885590359568596,-0.007044652011245489,0,-0.0289,0.0111
Samuel Hlavaj,MIN,8482085,14,-0.008912887424230576,-0.007044652011245489,0,-0.0289,0.0111
Samuel Hlavaj,MIN,8482085,15,-0.00893364753574133,-0.007044652011245489,0,-0.0289,0.0111
Samuel Hlavaj,MIN,8482085,16,-0.00896577537059784,-0.007044652011245489,0,-0.029,0.011
Samuel Hlavaj,MIN,8482085,17,-0.008999616838991642,-0.007044652011245489,0,-0.029,0.011
Samuel Hlavaj,MIN,8482085,18,-0.00902971439063549,-0.007044652011245489,0,-0.029,0.011
Samuel Hlavaj,MIN,8482085,19,-0.009055973030626774,-0.007044652011245489,0,-0.0291,0.0109
Samuel Hlavaj,MIN,8482085,20,-0.009086566045880318,-0.007044652011245489,0,-0.0291,0.0109
Samuel Hlavaj,MIN,8482085,21,-0.009121417067945004,-0.007044652011245489,0,-0.0291,0.0109
Samuel Hlavaj,MIN,8482085,22,-0.00914250873029232,-0.007044652011245489,0,-0.0291,0.0109
Samuel Hlavaj,MIN,8482085,23,-0.009151819162070751,-0.007044652011245489,0,-0.0292,0.0108
Samuel Hlavaj,MIN,8482085,24,-0.009145764634013176,-0.007044652011245489,0,-0.0291,0.0109
Samuel Hlavaj,MIN,8482085,25,-0.009137468412518501,-0.007044652011245489,0,-0.0291,0.0109
Samuel Hlavaj,MIN,8482085,26,-0.009154458530247211,-0.007044652011245489,0,-0.0292,0.0108
Samuel Hlavaj,MIN,8482085,27,-0.009168796241283417,-0.007044652011245489,0,-0.0292,0.0108
Samuel Hlavaj,MIN,8482085,28,-0.009182401932775974,-0.007044652011245489,0,-0.0292,0.0108
Samuel Hlavaj,MIN,8482085,29,-0.009192914701998234,-0.007044652011245489,0,-0.0292,0.0108
Samuel Hlavaj,MIN,8482085,30,-0.00919477641582489,-0.007044652011245489,0,-0.0292,0.0108
Samuel Hlavaj,MIN,8482085,31,-0.009198440238833427,-0.007044652011245489,0,-0.0292,0.0108
Samuel Hlavaj,MIN,8482085,32,-0.009197955951094627,-0.007044652011245489,0,-0.0292,0.0108
Samuel Hlavaj,MIN,8482085,33,-0.009201042354106903,-0.007044652011245489,0,-0.0292,0.0108
Harrison Meneghin,TBL,8484636,0,-0.0055975886061787605,-0.00501250708475709,0,-0.0256,0.0144
Harrison Meneghin,TBL,8484636,1,-0.005859403870999813,-0.00501250708475709,23,-0.0101,-0.0017
Harrison Meneghin,TBL,8484636,2,-0.005923462100327015,-0.00501250708475709,0,-0.0259,0.0141
Harrison Meneghin,TBL,8484636,3,-0.005988528952002525,-0.00501250708475709,0,-0.026,0.014
Harrison Meneghin,TBL,8484636,4,-0.006059454288333654,-0.00501250708475709,0,-0.0261,0.0139
Harrison Meneghin,TBL,8484636,5,-0.006123009603470564,-0.00501250708475709,0,-0.0261,0.0139
Harrison Meneghin,TBL,8484636,6,-0.0061943805776536465,-0.00501250708475709,0,-0.0262,0.0138
Harrison Meneghin,TBL,8484636,7,-0.006265357602387667,-0.00501250708475709,0,-0.0263,0.0137
Harrison Meneghin,TBL,8484636,8,-0.006337512284517288,-0.00501250708475709,0,-0.0263,0.0137
Harrison Meneghin,TBL,8484636,9,-0.00640079565346241,-0.00501250708475709,0,-0.0264,0.0136
Harrison Meneghin,TBL,8484636,10,-0.006459701806306839,-0.00501250708475709,0,-0.0265,0.0135
Harrison Meneghin,TBL,8484636,11,-0.006514415610581636,-0.00501250708475709,0,-0.0265,0.0135
Harrison Meneghin,TBL,8484636,12,-0.006554000545293093,-0.00501250708475709,0,-0.0266,0.0134
Harrison Meneghin,TBL,8484636,13,-0.0065898108296096325,-0.00501250708475709,0,-0.0266,0.0134
Harrison Meneghin,TBL,8484636,14,-0.006616536993533373,-0.00501250708475709,0,-0.0266,0.0134
Harrison Meneghin,TBL,8484636,15,-0.006637800019234419,-0.00501250708475709,0,-0.0266,0.0134
Harrison Meneghin,TBL,8484636,16,-0.006669474765658379,-0.00501250708475709,0,-0.0267,0.0133
Harrison Meneghin,TBL,8484636,17,-0.006703286897391081,-0.00501250708475709,0,-0.0267,0.0133
Harrison Meneghin,TBL,8484636,18,-0.0067339688539505005,-0.00501250708475709,0,-0.0267,0.0133
Harrison Meneghin,TBL,8484636,19,-0.006759245879948139,-0.00501250708475709,0,-0.0268,0.0132
Harrison Meneghin,TBL,8484636,20,-0.006790502462536097,-0.00501250708475709,0,-0.0268,0.0132
Harrison Meneghin,TBL,8484636,21,-0.00682506337761879,-0.00501250708475709,0,-0.0268,0.0132
Harrison Meneghin,TBL,8484636,22,-0.006846286356449127,-0.00501250708475709,0,-0.0268,0.0132
Harrison Meneghin,TBL,8484636,23,-0.006855424493551254,-0.00501250708475709,0,-0.0269,0.0131
Harrison Meneghin,TBL,8484636,24,-0.006849697791039944,-0.00501250708475709,0,-0.0268,0.0132
Harrison Meneghin,TBL,8484636,25,-0.0068405065685510635,-0.00501250708475709,0,-0.0268,0.0132
Harrison Meneghin,TBL,8484636,26,-0.006858783308416605,-0.00501250708475709,0,-0.0269,0.0131
Harrison Meneghin,TBL,8484636,27,-0.006871884688735008,-0.00501250708475709,0,-0.0269,0.0131
Harrison Meneghin,TBL,8484636,28,-0.0068866293877363205,-0.00501250708475709,0,-0.0269,0.0131
Harrison Meneghin,TBL,8484636,29,-0.006895373109728098,-0.00501250708475709,0,-0.0269,0.0131
Harrison Meneghin,TBL,8484636,30,-0.006899983622133732,-0.00501250708475709,0,-0.0269,0.0131
Harrison Meneghin,TBL,8484636,31,-0.00690035242587328,-0.00501250708475709,0,-0.0269,0.0131
Harrison Meneghin,TBL,8484636,32,-0.006903119385242462,-0.00501250708475709,0,-0.0269,0.0131
Harrison Meneghin,TBL,8484636,33,-0.006903794128447771,-0.00501250708475709,0,-0.0269,0.0131
Jakub Malek,NJD,8482867,0,0.0020375901367515326,0.001991803525015712,0,-0.018,0.022
Jakub Malek,NJD,8482867,1,0.0020538060925900936,0.001991803525015712,23,-0.0021,0.0063
Jakub Malek,NJD,8482867,2,0.00199231063015759,0.001991803525015712,0,-0.018,0.022
Jakub Malek,NJD,8482867,3,0.0019248381722718477,0.001991803525015712,0,-0.0181,0.0219
Jakub Malek,NJD,8482867,4,0.0018563629128038883,0.001991803525015712,0,-0.0181,0.0219
Jakub Malek,NJD,8482867,5,0.0017911960603669286,0.001991803525015712,0,-0.0182,0.0218
Jakub Malek,NJD,8482867,6,0.0017211181111633778,0.001991803525015712,0,-0.0183,0.0217
Jakub Malek,NJD,8482867,7,0.00164962955750525,0.001991803525015712,0,-0.0184,0.0216
Jakub Malek,NJD,8482867,8,0.001577974297106266,0.001991803525015712,0,-0.0184,0.0216
Jakub Malek,NJD,8482867,9,0.0015145717188715935,0.001991803525015712,0,-0.0185,0.0215
Jakub Malek,NJD,8482867,10,0.0014559829141944647,0.001991803525015712,0,-0.0185,0.0215
Jakub Malek,NJD,8482867,11,0.0014011794701218605,0.001991803525015712,0,-0.0186,0.0214
Jakub Malek,NJD,8482867,12,0.0013619783567264676,0.001991803525015712,0,-0.0186,0.0214
Jakub Malek,NJD,8482867,13,0.0013258386170491576,0.001991803525015712,0,-0.0187,0.0213
Jakub Malek,NJD,8482867,14,0.0012997534358873963,0.001991803525015712,0,-0.0187,0.0213
Jakub Malek,NJD,8482867,15,0.0012781510595232248,0.001991803525015712,0,-0.0187,0.0213
Jakub Malek,NJD,8482867,16,0.001246762229129672,0.001991803525015712,0,-0.0188,0.0212
Jakub Malek,NJD,8482867,17,0.001213001785799861,0.001991803525015712,0,-0.0188,0.0212
Jakub Malek,NJD,8482867,18,0.0011824233224615455,0.001991803525015712,0,-0.0188,0.0212
Jakub Malek,NJD,8482867,19,0.0011573791271075606,0.001991803525015712,0,-0.0188,0.0212
Jakub Malek,NJD,8482867,20,0.0011255836579948664,0.001991803525015712,0,-0.0189,0.0211
Jakub Malek,NJD,8482867,21,0.0010920863132923841,0.001991803525015712,0,-0.0189,0.0211
Jakub Malek,NJD,8482867,22,0.0010698549449443817,0.001991803525015712,0,-0.0189,0.0211
Jakub Malek,NJD,8482867,23,0.0010618078522384167,0.001991803525015712,0,-0.0189,0.0211
Jakub Malek,NJD,8482867,24,0.0010665348963811994,0.001991803525015712,0,-0.0189,0.0211
Jakub Malek,NJD,8482867,25,0.00107674952596426,0.001991803525015712,0,-0.0189,0.0211
Jakub Malek,NJD,8482867,26,0.0010575760388746858,0.001991803525015712,0,-0.0189,0.0211
Jakub Malek,NJD,8482867,27,0.0010456012096256018,0.001991803525015712,0,-0.019,0.021
Jakub Malek,NJD,8482867,28,0.0010296818800270557,0.001991803525015712,0,-0.019,0.021
Jakub Malek,NJD,8482867,29,0.0010220151161774993,0.001991803525015712,0,-0.019,0.021
Jakub Malek,NJD,8482867,30,0.0010166203137487173,0.001991803525015712,0,-0.019,0.021
Jakub Malek,NJD,8482867,31,0.0010169738670811057,0.001991803525015712,0,-0.019,0.021
Jakub Malek,NJD,8482867,32,0.0010134880430996418,0.001991803525015712,0,-0.019,0.021
Jakub Malek,NJD,8482867,33,0.0010135817574337125,0.001991803525015712,0,-0.019,0.021
Domenic DiVincentiis,WPG,8483711,0,-0.004845041781663895,-0.004322435706853867,0,-0.0248,0.0152
Domenic DiVincentiis,WPG,8483711,1,-0.005080380477011204,-0.004322435706853867,33,-0.0086,-0.0016
Domenic DiVincentiis,WPG,8483711,2,-0.005142861511558294,-0.004322435706853867,0,-0.0251,0.0149
Domenic DiVincentiis,WPG,8483711,3,-0.005209665279835463,-0.004322435706853867,0,-0.0252,0.0148
Domenic DiVincentiis,WPG,8483711,4,-0.005278922151774168,-0.004322435706853867,0,-0.0253,0.0147
Domenic DiVincentiis,WPG,8483711,5,-0.005343756638467312,-0.004322435706853867,0,-0.0253,0.0147
Domenic DiVincentiis,WPG,8483711,6,-0.005414149258285761,-0.004322435706853867,0,-0.0254,0.0146
Domenic DiVincentiis,WPG,8483711,7,-0.005485794506967068,-0.004322435706853867,0,-0.0255,0.0145
Domenic DiVincentiis,WPG,8483711,8,-0.0055574700236320496,-0.004322435706853867,0,-0.0256,0.0144
Domenic DiVincentiis,WPG,8483711,9,-0.00562104070559144,-0.004322435706853867,0,-0.0256,0.0144
Domenic DiVincentiis,WPG,8483711,10,-0.005679622292518616,-0.004322435706853867,0,-0.0257,0.0143
Domenic DiVincentiis,WPG,8483711,11,-0.0057345847599208355,-0.004322435706853867,0,-0.0257,0.0143
Domenic DiVincentiis,WPG,8483711,12,-0.005774114280939102,-0.004322435706853867,0,-0.0258,0.0142
Domenic DiVincentiis,WPG,8483711,13,-0.0058099087327718735,-0.004322435706853867,0,-0.0258,0.0142
Domenic DiVincentiis,WPG,8483711,14,-0.005836274940520525,-0.004322435706853867,0,-0.0258,0.0142
Domenic DiVincentiis,WPG,8483711,15,-0.005858211778104305,-0.004322435706853867,0,-0.0259,0.0141
Domenic DiVincentiis,WPG,8483711,16,-0.005889145657420158,-0.004322435706853867,0,-0.0259,0.0141
Domenic DiVincentiis,WPG,8483711,17,-0.005923441611230373,-0.004322435706853867,0,-0.0259,0.0141
Domenic DiVincentiis,WPG,8483711,18,-0.005953881423920393,-0.004322435706853867,0,-0.026,0.014
Domenic DiVincentiis,WPG,8483711,19,-0.005979184526950121,-0.004322435706853867,0,-0.026,0.014
Domenic DiVincentiis,WPG,8483711,20,-0.006010736804455519,-0.004322435706853867,0,-0.026,0.014
Domenic DiVincentiis,WPG,8483711,21,-0.006044675596058369,-0.004322435706853867,0,-0.026,0.014
Domenic DiVincentiis,WPG,8483711,22,-0.006066272035241127,-0.004322435706853867,0,-0.0261,0.0139
Domenic DiVincentiis,WPG,8483711,23,-0.00607551634311676,-0.004322435706853867,0,-0.0261,0.0139
Domenic DiVincentiis,WPG,8483711,24,-0.006069360766559839,-0.004322435706853867,0,-0.0261,0.0139
Domenic DiVincentiis,WPG,8483711,25,-0.006060851737856865,-0.004322435706853867,0,-0.0261,0.0139
Domenic DiVincentiis,WPG,8483711,26,-0.006078242789953947,-0.004322435706853867,0,-0.0261,0.0139
Domenic DiVincentiis,WPG,8483711,27,-0.006092027761042118,-0.004322435706853867,0,-0.0261,0.0139
Domenic DiVincentiis,WPG,8483711,28,-0.0061063459143042564,-0.004322435706853867,0,-0.0261,0.0139
Domenic DiVincentiis,WPG,8483711,29,-0.006115545518696308,-0.004322435706853867,0,-0.0261,0.0139
Domenic DiVincentiis,WPG,8483711,30,-0.006119617726653814,-0.004322435706853867,0,-0.0261,0.0139
Domenic DiVincentiis,WPG,8483711,31,-0.006120328791439533,-0.004322435706853867,0,-0.0261,0.0139
Domenic DiVincentiis,WPG,8483711,32,-0.006123017519712448,-0.004322435706853867,0,-0.0261,0.0139
Domenic DiVincentiis,WPG,8483711,33,-0.006123653147369623,-0.004322435706853867,0,-0.0261,0.0139
Will Cranley,STL,8482205,0,-0.005828756373375654,-0.005225781816989183,0,-0.0258,0.0142
Will Cranley,STL,8482205,1,-0.0061013102531433105,-0.005225781816989183,11,-0.0121,-0.0001
Will Cranley,STL,8482205,2,-0.006162623874843121,-0.005225781816989183,0,-0.0262,0.0138
Will Cranley,STL,8482205,3,-0.006230493076145649,-0.005225781816989183,0,-0.0262,0.0138
Will Cranley,STL,8482205,4,-0.006298632360994816,-0.005225781816989183,0,-0.0263,0.0137
Will Cranley,STL,8482205,5,-0.006364874076098204,-0.005225781816989183,0,-0.0264,0.0136
Will Cranley,STL,8482205,6,-0.006433955859392881,-0.005225781816989183,0,-0.0264,0.0136
Will Cranley,STL,8482205,7,-0.006506816018372774,-0.005225781816989183,0,-0.0265,0.0135
Will Cranley,STL,8482205,8,-0.00657733203843236,-0.005225781816989183,0,-0.0266,0.0134
Will Cranley,STL,8482205,9,-0.006641961634159088,-0.005225781816989183,0,-0.0266,0.0134
Will Cranley,STL,8482205,10,-0.006699916906654835,-0.005225781816989183,0,-0.0267,0.0133
Will Cranley,STL,8482205,11,-0.006755440030246973,-0.005225781816989183,0,-0.0268,0.0132
Will Cranley,STL,8482205,12,-0.006794265937060118,-0.005225781816989183,0,-0.0268,0.0132
Will Cranley,STL,8482205,13,-0.006830732338130474,-0.005225781816989183,0,-0.0268,0.0132
Will Cranley,STL,8482205,14,-0.006856927648186684,-0.005225781816989183,0,-0.0269,0.0131
Will Cranley,STL,8482205,15,-0.006878655403852463,-0.005225781816989183,0,-0.0269,0.0131
Will Cranley,STL,8482205,16,-0.006909914314746857,-0.005225781816989183,0,-0.0269,0.0131
Will Cranley,STL,8482205,17,-0.006944151595234871,-0.005225781816989183,0,-0.0269,0.0131
Will Cranley,STL,8482205,18,-0.00697441678494215,-0.005225781816989183,0,-0.027,0.013
Will Cranley,STL,8482205,19,-0.007000118959695101,-0.005225781816989183,0,-0.027,0.013
Will Cranley,STL,8482205,20,-0.007031035143882036,-0.005225781816989183,0,-0.027,0.013
Will Cranley,STL,8482205,21,-0.0070657916367053986,-0.005225781816989183,0,-0.0271,0.0129
Will Cranley,STL,8482205,22,-0.007086864672601223,-0.005225781816989183,0,-0.0271,0.0129
Will Cranley,STL,8482205,23,-0.0070961592718958855,-0.005225781816989183,0,-0.0271,0.0129
Will Cranley,STL,8482205,24,-0.007090242579579353,-0.005225781816989183,0,-0.0271,0.0129
Will Cranley,STL,8482205,25,-0.007081474177539349,-0.005225781816989183,0,-0.0271,0.0129
Will Cranley,STL,8482205,26,-0.0070992568507790565,-0.005225781816989183,0,-0.0271,0.0129
Will Cranley,STL,8482205,27,-0.0071125514805316925,-0.005225781816989183,0,-0.0271,0.0129
Will Cranley,STL,8482205,28,-0.007127219811081886,-0.005225781816989183,0,-0.0271,0.0129
Will Cranley,STL,8482205,29,-0.007136539556086063,-0.005225781816989183,0,-0.0271,0.0129
Will Cranley,STL,8482205,30,-0.007139964960515499,-0.005225781816989183,0,-0.0271,0.0129
Will Cranley,STL,8482205,31,-0.007141712121665478,-0.005225781816989183,0,-0.0271,0.0129
Will Cranley,STL,8482205,32,-0.007143331225961447,-0.005225781816989183,0,-0.0271,0.0129
Will Cranley,STL,8482205,33,-0.007144656963646412,-0.005225781816989183,0,-0.0271,0.0129
Ryan Fanti,TBL,8483534,0,0.0031579635106027126,0.0030200877226889133,0,-0.0168,0.0232
Ryan Fanti,TBL,8483534,1,0.0032158095855265856,0.0030200877226889133,13,-0.0023,0.0087
Ryan Fanti,TBL,8483534,2,0.0031537557952106,0.0030200877226889133,0,-0.0168,0.0232
Ryan Fanti,TBL,8483534,3,0.003086752723902464,0.0030200877226889133,0,-0.0169,0.0231
Ryan Fanti,TBL,8483534,4,0.0030179612804204226,0.0030200877226889133,0,-0.017,0.023
Ryan Fanti,TBL,8483534,5,0.0029530897736549377,0.0030200877226889133,0,-0.017,0.023
Ryan Fanti,TBL,8483534,6,0.002882962115108967,0.0030200877226889133,0,-0.0171,0.0229
Ryan Fanti,TBL,8483534,7,0.002811346435919404,0.0030200877226889133,0,-0.0172,0.0228
Ryan Fanti,TBL,8483534,8,0.002739926567301154,0.0030200877226889133,0,-0.0173,0.0227
Ryan Fanti,TBL,8483534,9,0.0026764527428895235,0.0030200877226889133,0,-0.0173,0.0227
Ryan Fanti,TBL,8483534,10,0.0026177912950515747,0.0030200877226889133,0,-0.0174,0.0226
Ryan Fanti,TBL,8483534,11,0.00256325863301754,0.0030200877226889133,0,-0.0174,0.0226
Ryan Fanti,TBL,8483534,12,0.00252379197627306,0.0030200877226889133,0,-0.0175,0.0225
Ryan Fanti,TBL,8483534,13,0.0024879025295376778,0.0030200877226889133,0,-0.0175,0.0225
Ryan Fanti,TBL,8483534,14,0.0024617607705295086,0.0030200877226889133,0,-0.0175,0.0225
Ryan Fanti,TBL,8483534,15,0.002439985517412424,0.0030200877226889133,0,-0.0176,0.0224
Ryan Fanti,TBL,8483534,16,0.002409035339951515,0.0030200877226889133,0,-0.0176,0.0224
Ryan Fanti,TBL,8483534,17,0.002374755684286356,0.0030200877226889133,0,-0.0176,0.0224
Ryan Fanti,TBL,8483534,18,0.0023448439314961433,0.0030200877226889133,0,-0.0177,0.0223
Ryan Fanti,TBL,8483534,19,0.0023189340718090534,0.0030200877226889133,0,-0.0177,0.0223
Ryan Fanti,TBL,8483534,20,0.0022882623597979546,0.0030200877226889133,0,-0.0177,0.0223
Ryan Fanti,TBL,8483534,21,0.0022536490578204393,0.0030200877226889133,0,-0.0177,0.0223
Ryan Fanti,TBL,8483534,22,0.002232367405667901,0.0030200877226889133,0,-0.0178,0.0222
Ryan Fanti,TBL,8483534,23,0.00222356547601521,0.0030200877226889133,0,-0.0178,0.0222
Ryan Fanti,TBL,8483534,24,0.002229067962616682,0.0030200877226889133,0,-0.0178,0.0222
Ryan Fanti,TBL,8483534,25,0.0022383343894034624,0.0030200877226889133,0,-0.0178,0.0222
Ryan Fanti,TBL,8483534,26,0.002220354974269867,0.0030200877226889133,0,-0.0178,0.0222
Ryan Fanti,TBL,8483534,27,0.0022071239072829485,0.0030200877226889133,0,-0.0178,0.0222
Ryan Fanti,TBL,8483534,28,0.0021924544125795364,0.0030200877226889133,0,-0.0178,0.0222
Ryan Fanti,TBL,8483534,29,0.0021835295483469963,0.0030200877226889133,0,-0.0178,0.0222
Ryan Fanti,TBL,8483534,30,0.0021794012282043695,0.0030200877226889133,0,-0.0178,0.0222
Ryan Fanti,TBL,8483534,31,0.0021784943528473377,0.0030200877226889133,0,-0.0178,0.0222
Ryan Fanti,TBL,8483534,32,0.002176387934014201,0.0030200877226889133,0,-0.0178,0.0222
Ryan Fanti,TBL,8483534,33,0.002175392583012581,0.0030200877226889133,0,-0.0178,0.0222
Nikita Quapp,CAR,8482895,0,4.490601713769138e-05,0.00016385916387662292,0,-0.02,0.02
Nikita Quapp,CAR,8482895,1,-1.1356620234437287e-05,0.00016385916387662292,0,-0.02,0.02
Nikita Quapp,CAR,8482895,2,-6.703090912196785e-05,0.00016385916387662292,22,-0.0044,0.0042
Nikita Quapp,CAR,8482895,3,-0.00013390080130193383,0.00016385916387662292,0,-0.0201,0.0199
Nikita Quapp,CAR,8482895,4,-0.00020284942002035677,0.00016385916387662292,0,-0.0202,0.0198
Nikita Quapp,CAR,8482895,5,-0.0002678928431123495,0.00016385916387662292,0,-0.0203,0.0197
Nikita Quapp,CAR,8482895,6,-0.000337895005941391,0.00016385916387662292,0,-0.0203,0.0197
Nikita Quapp,CAR,8482895,7,-0.00040975259616971016,0.00016385916387662292,0,-0.0204,0.0196
Nikita Quapp,CAR,8482895,8,-0.00048105482710525393,0.00016385916387662292,0,-0.0205,0.0195
Nikita Quapp,CAR,8482895,9,-0.0005447593284770846,0.00016385916387662292,0,-0.0205,0.0195
Nikita Quapp,CAR,8482895,10,-0.0006032315432094038,0.00016385916387662292,0,-0.0206,0.0194
Nikita Quapp,CAR,8482895,11,-0.0006581994239240885,0.00016385916387662292,0,-0.0207,0.0193
Nikita Quapp,CAR,8482895,12,-0.0006972742266952991,0.00016385916387662292,0,-0.0207,0.0193
Nikita Quapp,CAR,8482895,13,-0.0007336188573390245,0.00016385916387662292,0,-0.0207,0.0193
Nikita Quapp,CAR,8482895,14,-0.000759445654693991,0.00016385916387662292,0,-0.0208,0.0192
Nikita Quapp,CAR,8482895,15,-0.0007815457647666335,0.00016385916387662292,0,-0.0208,0.0192
Nikita Quapp,CAR,8482895,16,-0.0008123458828777075,0.00016385916387662292,0,-0.0208,0.0192
Nikita Quapp,CAR,8482895,17,-0.0008467722218483686,0.00016385916387662292,0,-0.0208,0.0192
Nikita Quapp,CAR,8482895,18,-0.0008767195977270603,0.00016385916387662292,0,-0.0209,0.0191
Nikita Quapp,CAR,8482895,19,-0.0009025621693581343,0.00016385916387662292,0,-0.0209,0.0191
Nikita Quapp,CAR,8482895,20,-0.0009334046626463532,0.00016385916387662292,0,-0.0209,0.0191
Nikita Quapp,CAR,8482895,21,-0.0009680131333880126,0.00016385916387662292,0,-0.021,0.019
Nikita Quapp,CAR,8482895,22,-0.0009891153313219547,0.00016385916387662292,0,-0.021,0.019
Nikita Quapp,CAR,8482895,23,-0.0009983640629798174,0.00016385916387662292,0,-0.021,0.019
Nikita Quapp,CAR,8482895,24,-0.0009924129117280245,0.00016385916387662292,0,-0.021,0.019
Nikita Quapp,CAR,8482895,25,-0.0009835191303864121,0.00016385916387662292,0,-0.021,0.019
Nikita Quapp,CAR,8482895,26,-0.0010013221763074398,0.00016385916387662292,0,-0.021,0.019
Nikita Quapp,CAR,8482895,27,-0.0010146878194063902,0.00016385916387662292,0,-0.021,0.019
Nikita Quapp,CAR,8482895,28,-0.001029264647513628,0.00016385916387662292,0,-0.021,0.019
Nikita Quapp,CAR,8482895,29,-0.0010382882319390774,0.00016385916387662292,0,-0.021,0.019
Nikita Quapp,CAR,8482895,30,-0.0010423617204651237,0.00016385916387662292,0,-0.021,0.019
Nikita Quapp,CAR,8482895,31,-0.0010433157440274954,0.00016385916387662292,0,-0.021,0.019
Nikita Quapp,CAR,8482895,32,-0.0010454400908201933,0.00016385916387662292,0,-0.021,0.019
Nikita Quapp,CAR,8482895,33,-0.0010464824736118317,0.00016385916387662292,0,-0.021,0.019
Jiri Patera,VAN,8480238,0,-0.009386934340000153,-0.008489940315485,0,-0.0294,0.0106
Jiri Patera,VAN,8480238,1,-0.009789953008294106,-0.008489940315485,0,-0.0298,0.0102
Jiri Patera,VAN,8480238,2,-0.010190265253186226,-0.008489940315485,0,-0.0302,0.0098
Jiri Patera,VAN,8480238,3,-0.010597645305097103,-0.008489940315485,0,-0.0306,0.0094
Jiri Patera,VAN,8480238,4,-0.011004910804331303,-0.008489940315485,0,-0.031,0.009
Jiri Patera,VAN,8480238,5,-0.01141035370528698,-0.008489940315485,0,-0.0314,0.0086
Jiri Patera,VAN,8480238,6,-0.011819055303931236,-0.008489940315485,0,-0.0318,0.0082
Jiri Patera,VAN,8480238,7,-0.012230237014591694,-0.008489940315485,0,-0.0322,0.0078
Jiri Patera,VAN,8480238,8,-0.012641134671866894,-0.008489940315485,0,-0.0326,0.0074
Jiri Patera,VAN,8480238,9,-0.013044212944805622,-0.008489940315485,50,-0.0158,-0.0102
Jiri Patera,VAN,8480238,10,-0.01310249138623476,-0.008489940315485,0,-0.0331,0.0069
Jiri Patera,VAN,8480238,11,-0.013157853856682777,-0.008489940315485,0,-0.0332,0.0068
Jiri Patera,VAN,8480238,12,-0.013196861371397972,-0.008489940315485,0,-0.0332,0.0068
Jiri Patera,VAN,8480238,13,-0.01323358528316021,-0.008489940315485,0,-0.0332,0.0068
Jiri Patera,VAN,8480238,14,-0.013259120285511017,-0.008489940315485,0,-0.0333,0.0067
Jiri Patera,VAN,8480238,15,-0.013281561434268951,-0.008489940315485,0,-0.0333,0.0067
Jiri Patera,VAN,8480238,16,-0.01331261359155178,-0.008489940315485,0,-0.0333,0.0067
Jiri Patera,VAN,8480238,17,-0.013346683233976364,-0.008489940315485,0,-0.0333,0.0067
Jiri Patera,VAN,8480238,18,-0.013377314433455467,-0.008489940315485,0,-0.0334,0.0066
Jiri Patera,VAN,8480238,19,-0.013402731157839298,-0.008489940315485,0,-0.0334,0.0066
Jiri Patera,VAN,8480238,20,-0.013433781452476978,-0.008489940315485,0,-0.0334,0.0066
Jiri Patera,VAN,8480238,21,-0.013468554243445396,-0.008489940315485,0,-0.0335,0.0065
Jiri Patera,VAN,8480238,22,-0.01348956674337387,-0.008489940315485,0,-0.0335,0.0065
Jiri Patera,VAN,8480238,23,-0.013499182648956776,-0.008489940315485,0,-0.0335,0.0065
Jiri Patera,VAN,8480238,24,-0.013492897152900696,-0.008489940315485,0,-0.0335,0.0065
Jiri Patera,VAN,8480238,25,-0.013484523631632328,-0.008489940315485,0,-0.0335,0.0065
Jiri Patera,VAN,8480238,26,-0.013501666486263275,-0.008489940315485,0,-0.0335,0.0065
Jiri Patera,VAN,8480238,27,-0.013515543192625046,-0.008489940315485,0,-0.0335,0.0065
Jiri Patera,VAN,8480238,28,-0.013530449941754341,-0.008489940315485,0,-0.0335,0.0065
Jiri Patera,VAN,8480238,29,-0.013538513332605362,-0.008489940315485,0,-0.0335,0.0065
Jiri Patera,VAN,8480238,30,-0.01354412455111742,-0.008489940315485,0,-0.0335,0.0065
Jiri Patera,VAN,8480238,31,-0.013542965985834599,-0.008489940315485,0,-0.0335,0.0065
Jiri Patera,VAN,8480238,32,-0.013547686859965324,-0.008489940315485,0,-0.0335,0.0065
Jiri Patera,VAN,8480238,33,-0.013546948321163654,-0.008489940315485,0,-0.0335,0.0065
Carter Hart,VGK,8479394,0,0.01851951889693737,0.01711377687752247,0,-0.0015,0.0385
Carter Hart,VGK,8479394,1,0.019141586497426033,0.01711377687752247,0,-0.0009,0.0391
Carter Hart,VGK,8479394,2,0.019763769581913948,0.01711377687752247,0,-0.0002,0.0398
Carter Hart,VGK,8479394,3,0.020381789654493332,0.01711377687752247,0,0.0004,0.0404
Carter Hart,VGK,8479394,4,0.020995860919356346,0.01711377687752247,0,0.001,0.041
Carter Hart,VGK,8479394,5,0.02161741815507412,0.01711377687752247,0,0.0016,0.0416
Carter Hart,VGK,8479394,6,0.022230882197618484,0.01711377687752247,0,0.0022,0.0422
Carter Hart,VGK,8479394,7,0.022843170911073685,0.01711377687752247,0,0.0028,0.0428
Carter Hart,VGK,8479394,8,0.023456724360585213,0.01711377687752247,0,0.0035,0.0435
Carter Hart,VGK,8479394,9,0.024077612906694412,0.01711377687752247,0,0.0041,0.0441
Carter Hart,VGK,8479394,10,0.024703530594706535,0.01711377687752247,0,0.0047,0.0447
Carter Hart,VGK,8479394,11,0.02533307671546936,0.01711377687752247,82,0.0231,0.0275
Carter Hart,VGK,8479394,12,0.025841940194368362,0.01711377687752247,78,0.0235,0.0281
Carter Hart,VGK,8479394,13,0.026493750512599945,0.01711377687752247,83,0.0243,0.0287
Carter Hart,VGK,8479394,14,0.02703382447361946,0.01711377687752247,106,0.0251,0.0289
Carter Hart,VGK,8479394,15,0.027511361986398697,0.01711377687752247,50,0.0247,0.0303
Carter Hart,VGK,8479394,16,0.028579875826835632,0.01711377687752247,32,0.0251,0.0321
Carter Hart,VGK,8479394,17,0.029787950217723846,0.01711377687752247,0,0.0098,0.0498
Carter Hart,VGK,8479394,18,0.030999446287751198,0.01711377687752247,0,0.011,0.051
Carter Hart,VGK,8479394,19,0.03221713379025459,0.01711377687752247,0,0.0122,0.0522
Carter Hart,VGK,8479394,20,0.03342604637145996,0.01711377687752247,0,0.0134,0.0534
Carter Hart,VGK,8479394,21,0.034635744988918304,0.01711377687752247,0,0.0146,0.0546
Carter Hart,VGK,8479394,22,0.035854995250701904,0.01711377687752247,0,0.0159,0.0559
Carter Hart,VGK,8479394,23,0.03708915412425995,0.01711377687752247,0,0.0171,0.0571
Carter Hart,VGK,8479394,24,0.03833606839179993,0.01711377687752247,0,0.0183,0.0583
Carter Hart,VGK,8479394,25,0.0395868681371212,0.01711377687752247,77,0.0373,0.0419
Carter Hart,VGK,8479394,26,0.04067810997366905,0.01711377687752247,76,0.0384,0.043
Carter Hart,VGK,8479394,27,0.041505347937345505,0.01711377687752247,106,0.0396,0.0434
Carter Hart,VGK,8479394,28,0.04228432476520538,0.01711377687752247,77,0.04,0.0446
Carter Hart,VGK,8479394,29,0.04329545050859451,0.01711377687752247,152,0.0417,0.0449
Carter Hart,VGK,8479394,30,0.04424785077571869,0.01711377687752247,182,0.0427,0.0457
Carter Hart,VGK,8479394,31,0.04503893479704857,0.01711377687752247,111,0.0431,0.0469
Carter Hart,VGK,8479394,32,0.045496780425310135,0.01711377687752247,152,0.0439,0.0471
Carter Hart,VGK,8479394,33,0.045558031648397446,0.01711377687752247,29,0.0419,0.0493
Vyacheslav Buteyets,ANA,8483746,0,-0.004109967965632677,-0.003648387035354972,0,-0.0241,0.0159
Vyacheslav Buteyets,ANA,8483746,1,-0.004318778868764639,-0.003648387035354972,0,-0.0243,0.0157
Vyacheslav Buteyets,ANA,8483746,2,-0.0045263939537107944,-0.003648387035354972,0,-0.0245,0.0155
Vyacheslav Buteyets,ANA,8483746,3,-0.004739469848573208,-0.003648387035354972,0,-0.0247,0.0153
Vyacheslav Buteyets,ANA,8483746,4,-0.004953734576702118,-0.003648387035354972,0,-0.025,0.015
Vyacheslav Buteyets,ANA,8483746,5,-0.005164993926882744,-0.003648387035354972,0,-0.0252,0.0148
Vyacheslav Buteyets,ANA,8483746,6,-0.0053807771764695644,-0.003648387035354972,0,-0.0254,0.0146
Vyacheslav Buteyets,ANA,8483746,7,-0.005597851239144802,-0.003648387035354972,0,-0.0256,0.0144
Vyacheslav Buteyets,ANA,8483746,8,-0.005815797485411167,-0.003648387035354972,0,-0.0258,0.0142
Vyacheslav Buteyets,ANA,8483746,9,-0.006024414207786322,-0.003648387035354972,0,-0.026,0.014
Vyacheslav Buteyets,ANA,8483746,10,-0.006229188293218613,-0.003648387035354972,0,-0.0262,0.0138
Vyacheslav Buteyets,ANA,8483746,11,-0.006429636385291815,-0.003648387035354972,19,-0.011,-0.0018
Vyacheslav Buteyets,ANA,8483746,12,-0.0064691901206970215,-0.003648387035354972,0,-0.0265,0.0135
Vyacheslav Buteyets,ANA,8483746,13,-0.006504989229142666,-0.003648387035354972,0,-0.0265,0.0135
Vyacheslav Buteyets,ANA,8483746,14,-0.006531666498631239,-0.003648387035354972,0,-0.0265,0.0135
Vyacheslav Buteyets,ANA,8483746,15,-0.00655276607722044,-0.003648387035354972,0,-0.0266,0.0134
Vyacheslav Buteyets,ANA,8483746,16,-0.006584890652447939,-0.003648387035354972,0,-0.0266,0.0134
Vyacheslav Buteyets,ANA,8483746,17,-0.006618081126362085,-0.003648387035354972,0,-0.0266,0.0134
Vyacheslav Buteyets,ANA,8483746,18,-0.006649290677160025,-0.003648387035354972,0,-0.0266,0.0134
Vyacheslav Buteyets,ANA,8483746,19,-0.006674099713563919,-0.003648387035354972,0,-0.0267,0.0133
Vyacheslav Buteyets,ANA,8483746,20,-0.006706000305712223,-0.003648387035354972,0,-0.0267,0.0133
Vyacheslav Buteyets,ANA,8483746,21,-0.006739712320268154,-0.003648387035354972,0,-0.0267,0.0133
Vyacheslav Buteyets,ANA,8483746,22,-0.006761541590094566,-0.003648387035354972,0,-0.0268,0.0132
Vyacheslav Buteyets,ANA,8483746,23,-0.006770482286810875,-0.003648387035354972,0,-0.0268,0.0132
Vyacheslav Buteyets,ANA,8483746,24,-0.006764596793800592,-0.003648387035354972,0,-0.0268,0.0132
Vyacheslav Buteyets,ANA,8483746,25,-0.006755935959517956,-0.003648387035354972,0,-0.0268,0.0132
Vyacheslav Buteyets,ANA,8483746,26,-0.006773443892598152,-0.003648387035354972,0,-0.0268,0.0132
Vyacheslav Buteyets,ANA,8483746,27,-0.00678723119199276,-0.003648387035354972,0,-0.0268,0.0132
Vyacheslav Buteyets,ANA,8483746,28,-0.006801321171224117,-0.003648387035354972,0,-0.0268,0.0132
Vyacheslav Buteyets,ANA,8483746,29,-0.006810866296291351,-0.003648387035354972,0,-0.0268,0.0132
Vyacheslav Buteyets,ANA,8483746,30,-0.006814594846218824,-0.003648387035354972,0,-0.0268,0.0132
Vyacheslav Buteyets,ANA,8483746,31,-0.006815842818468809,-0.003648387035354972,0,-0.0268,0.0132
Vyacheslav Buteyets,ANA,8483746,32,-0.006817536894232035,-0.003648387035354972,0,-0.0268,0.0132
Vyacheslav Buteyets,ANA,8483746,33,-0.006819166708737612,-0.003648387035354972,0,-0.0268,0.0132
Laurent Brossoit,SJS,8476316,0,-0.007958294823765755,-0.007178225088864565,0,-0.028,0.012
Laurent Brossoit,SJS,8476316,1,-0.00830658059567213,-0.007178225088864565,0,-0.0283,0.0117
Laurent Brossoit,SJS,8476316,2,-0.00865703821182251,-0.007178225088864565,0,-0.0287,0.0113
Laurent Brossoit,SJS,8476316,3,-0.009009665809571743,-0.007178225088864565,0,-0.029,0.011
Laurent Brossoit,SJS,8476316,4,-0.009366692043840885,-0.007178225088864565,0,-0.0294,0.0106
Laurent Brossoit,SJS,8476316,5,-0.009717383421957493,-0.007178225088864565,0,-0.0297,0.0103
Laurent Brossoit,SJS,8476316,6,-0.010075695812702179,-0.007178225088864565,0,-0.0301,0.0099
Laurent Brossoit,SJS,8476316,7,-0.010432735085487366,-0.007178225088864565,0,-0.0304,0.0096
Laurent Brossoit,SJS,8476316,8,-0.010792863555252552,-0.007178225088864565,0,-0.0308,0.0092
Laurent Brossoit,SJS,8476316,9,-0.011141360737383366,-0.007178225088864565,0,-0.0311,0.0089
Laurent Brossoit,SJS,8476316,10,-0.011488737538456917,-0.007178225088864565,0,-0.0315,0.0085
Laurent Brossoit,SJS,8476316,11,-0.011828852817416191,-0.007178225088864565,0,-0.0318,0.0082
Laurent Brossoit,SJS,8476316,12,-0.01215606089681387,-0.007178225088864565,0,-0.0322,0.0078
Laurent Brossoit,SJS,8476316,13,-0.012478305026888847,-0.007178225088864565,0,-0.0325,0.0075
Laurent Brossoit,SJS,8476316,14,-0.012791808694601059,-0.007178225088864565,0,-0.0328,0.0072
Laurent Brossoit,SJS,8476316,15,-0.013100153766572475,-0.007178225088864565,0,-0.0331,0.0069
Laurent Brossoit,SJS,8476316,16,-0.013418108224868774,-0.007178225088864565,0,-0.0334,0.0066
Laurent Brossoit,SJS,8476316,17,-0.013739150948822498,-0.007178225088864565,0,-0.0337,0.0063
Laurent Brossoit,SJS,8476316,18,-0.014055990613996983,-0.007178225088864565,0,-0.0341,0.0059
Laurent Brossoit,SJS,8476316,19,-0.014369072392582893,-0.007178225088864565,0,-0.0344,0.0056
Laurent Brossoit,SJS,8476316,20,-0.014686024747788906,-0.007178225088864565,0,-0.0347,0.0053
Laurent Brossoit,SJS,8476316,21,-0.015007774345576763,-0.007178225088864565,0,-0.035,0.005
Laurent Brossoit,SJS,8476316,22,-0.015316088683903217,-0.007178225088864565,47,-0.0182,-0.0124
Laurent Brossoit,SJS,8476316,23,-0.015324534848332405,-0.007178225088864565,0,-0.0353,0.0047
Laurent Brossoit,SJS,8476316,24,-0.015319627709686756,-0.007178225088864565,0,-0.0353,0.0047
Laurent Brossoit,SJS,8476316,25,-0.015309645794332027,-0.007178225088864565,0,-0.0353,0.0047
Laurent Brossoit,SJS,8476316,26,-0.015328777022659779,-0.007178225088864565,0,-0.0353,0.0047
Laurent Brossoit,SJS,8476316,27,-0.015341200865805149,-0.007178225088864565,0,-0.0353,0.0047
Laurent Brossoit,SJS,8476316,28,-0.015356031246483326,-0.007178225088864565,0,-0.0354,0.0046
Laurent Brossoit,SJS,8476316,29,-0.01536539476364851,-0.007178225088864565,0,-0.0354,0.0046
Laurent Brossoit,SJS,8476316,30,-0.015369015745818615,-0.007178225088864565,0,-0.0354,0.0046
Laurent Brossoit,SJS,8476316,31,-0.015370536595582962,-0.007178225088864565,0,-0.0354,0.0046
Laurent Brossoit,SJS,8476316,32,-0.015372119843959808,-0.007178225088864565,0,-0.0354,0.0046
Laurent Brossoit,SJS,8476316,33,-0.015373751521110535,-0.007178225088864565,0,-0.0354,0.0046
Arsenii Sergeev,CGY,8482949,0,0.007493450306355953,0.006996995769441128,0,-0.0125,0.0275
Arsenii Sergeev,CGY,8482949,1,0.007709722500294447,0.006996995769441128,0,-0.0123,0.0277
Arsenii Sergeev,CGY,8482949,2,0.007927577942609787,0.006996995769441128,0,-0.0121,0.0279
Arsenii Sergeev,CGY,8482949,3,0.00813988596200943,0.006996995769441128,0,-0.0119,0.0281
Arsenii Sergeev,CGY,8482949,4,0.008351227268576622,0.006996995769441128,0,-0.0116,0.0284
Arsenii Sergeev,CGY,8482949,5,0.008565450087189674,0.006996995769441128,0,-0.0114,0.0286
Arsenii Sergeev,CGY,8482949,6,0.008775262162089348,0.006996995769441128,0,-0.0112,0.0288
Arsenii Sergeev,CGY,8482949,7,0.008983197622001171,0.006996995769441128,0,-0.011,0.029
Arsenii Sergeev,CGY,8482949,8,0.009191631339490414,0.006996995769441128,0,-0.0108,0.0292
Arsenii Sergeev,CGY,8482949,9,0.009407326579093933,0.006996995769441128,0,-0.0106,0.0294
Arsenii Sergeev,CGY,8482949,10,0.009628649801015854,0.006996995769441128,0,-0.0104,0.0296
Arsenii Sergeev,CGY,8482949,11,0.009853546507656574,0.006996995769441128,0,-0.0101,0.0299
Arsenii Sergeev,CGY,8482949,12,0.010094021447002888,0.006996995769441128,0,-0.0099,0.0301
Arsenii Sergeev,CGY,8482949,13,0.010336927138268948,0.006996995769441128,0,-0.0097,0.0303
Arsenii Sergeev,CGY,8482949,14,0.010591469705104828,0.006996995769441128,0,-0.0094,0.0306
Arsenii Sergeev,CGY,8482949,15,0.01084848027676344,0.006996995769441128,0,-0.0092,0.0308
Arsenii Sergeev,CGY,8482949,16,0.011097637936472893,0.006996995769441128,0,-0.0089,0.0311
Arsenii Sergeev,CGY,8482949,17,0.011342545039951801,0.006996995769441128,0,-0.0087,0.0313
Arsenii Sergeev,CGY,8482949,18,0.011593019589781761,0.006996995769441128,0,-0.0084,0.0316
Arsenii Sergeev,CGY,8482949,19,0.011845411732792854,0.006996995769441128,0,-0.0082,0.0318
Arsenii Sergeev,CGY,8482949,20,0.012095525860786438,0.006996995769441128,0,-0.0079,0.0321
Arsenii Sergeev,CGY,8482949,21,0.012339993380010128,0.006996995769441128,0,-0.0077,0.0323
Arsenii Sergeev,CGY,8482949,22,0.012598284520208836,0.006996995769441128,0,-0.0074,0.0326
Arsenii Sergeev,CGY,8482949,23,0.012869267724454403,0.006996995769441128,0,-0.0071,0.0329
Arsenii Sergeev,CGY,8482949,24,0.01315399631857872,0.006996995769441128,0,-0.0068,0.0332
Arsenii Sergeev,CGY,8482949,25,0.01344370935112238,0.006996995769441128,0,-0.0066,0.0334
Arsenii Sergeev,CGY,8482949,26,0.013703995384275913,0.006996995769441128,0,-0.0063,0.0337
Arsenii Sergeev,CGY,8482949,27,0.013971627689898014,0.006996995769441128,44,0.011,0.017
Arsenii Sergeev,CGY,8482949,28,0.013955747708678246,0.006996995769441128,0,-0.006,0.034
Arsenii Sergeev,CGY,8482949,29,0.013948420993983746,0.006996995769441128,0,-0.0061,0.0339
Arsenii Sergeev,CGY,8482949,30,0.01394246518611908,0.006996995769441128,0,-0.0061,0.0339
Arsenii Sergeev,CGY,8482949,31,0.013943344354629517,0.006996995769441128,0,-0.0061,0.0339
Arsenii Sergeev,CGY,8482949,32,0.01393955759704113,0.006996995769441128,0,-0.0061,0.0339
Arsenii Sergeev,CGY,8482949,33,0.013939845375716686,0.006996995769441128,0,-0.0061,0.0339
