goalie_id,player_name,team,hex_q,hex_r,hex_x,hex_y,shots,goals,xg_sum,irt_xg_sum,deviation,dev_per_shot
8470594,Marc-Andre Fleury,,1,-2,22.5,-38.97,1,0,0.025521595,0.02137634892418078,0.0214,0.0214
8470594,Marc-Andre Fleury,,1,-1,22.5,-12.99,1,0,0.054352768,0.045122638769910295,0.0451,0.0451
8470594,Marc-Andre Fleury,,1,1,22.5,38.97,1,0,0.023236696,0.019488643504847074,0.0195,0.0195
8470594,Marc-Andre Fleury,,2,-2,45.0,-25.98,2,0,0.040843092,0.034318560357447,0.0343,0.0172
8470594,Marc-Andre Fleury,,2,-1,45.0,0.0,4,0,0.25756255299999997,0.21367310021411515,0.2137,0.0534
8470594,Marc-Andre Fleury,,2,0,45.0,25.98,2,0,0.050148351,0.042011324128006594,0.042,0.021
8470594,Marc-Andre Fleury,,3,-2,67.5,-12.99,1,0,0.11411545,0.09449687710200723,0.0945,0.0945
8470594,Marc-Andre Fleury,,4,-2,90.0,0.0,2,0,0.33713353,0.2811334407582359,0.2811,0.1406
8471734,Jonathan Quick,NYR,0,0,0.0,0.0,1,0,0.013482449,0.011402991273793116,0.0114,0.0114
8471734,Jonathan Quick,NYR,0,1,0.0,25.98,1,0,0.0074696955,0.006380313938535604,0.0064,0.0064
8471734,Jonathan Quick,NYR,1,-2,22.5,-38.97,6,0,0.16641811,0.1391116507760357,0.1391,0.0232
8471734,Jonathan Quick,NYR,1,-1,22.5,-12.99,10,0,0.414747986,0.3451750856777852,0.3452,0.0345
8471734,Jonathan Quick,NYR,1,0,22.5,12.99,11,1,0.2855253185,0.2389921774349049,-0.761,-0.0692
8471734,Jonathan Quick,NYR,1,1,22.5,38.97,5,0,0.106532125,0.08944734688568269,0.0894,0.0179
8471734,Jonathan Quick,NYR,2,-3,45.0,-51.96,1,0,0.02006064,0.016861425758864502,0.0169,0.0169
8471734,Jonathan Quick,NYR,2,-2,45.0,-25.98,35,1,1.55572325,1.2938603947319247,0.2939,0.0084
8471734,Jonathan Quick,NYR,2,-1,45.0,0.0,39,3,2.6637509313,2.210003830667872,-0.79,-0.0203
8471734,Jonathan Quick,NYR,2,0,45.0,25.98,30,1,1.008649251,0.8412396951265678,-0.1588,-0.0053
8471734,Jonathan Quick,NYR,2,1,45.0,51.96,3,0,0.052107159,0.04389046590183475,0.0439,0.0146
8471734,Jonathan Quick,NYR,3,-3,67.5,-38.97,17,0,0.613438854,0.5113978467004524,0.5114,0.0301
8471734,Jonathan Quick,NYR,3,-2,67.5,-12.99,85,5,9.522544586,7.908957606458353,2.909,0.0342
8471734,Jonathan Quick,NYR,3,-1,67.5,12.99,53,2,5.538553542,4.606868619767831,2.6069,0.0492
8471734,Jonathan Quick,NYR,3,0,67.5,38.97,22,3,0.772276488,0.6437857824827661,-2.3562,-0.1071
8471734,Jonathan Quick,NYR,4,-3,90.0,-25.98,13,0,0.83797228,0.6948125853055331,0.6948,0.0534
8471734,Jonathan Quick,NYR,4,-2,90.0,0.0,74,15,9.659855373000001,8.028203339228135,-6.9718,-0.0942
8471734,Jonathan Quick,NYR,4,-1,90.0,25.98,15,0,1.170637507,0.9706557231481457,0.9707,0.0647
8473503,James Reimer,OTT,0,0,0.0,0.0,1,0,0.007401634,0.006323180763799944,0.0063,0.0063
8473503,James Reimer,OTT,0,1,0.0,25.98,2,0,0.505781488,0.4406127866639594,0.4406,0.2203
8473503,James Reimer,OTT,1,-2,22.5,-38.97,10,0,0.266096284,0.22266782839322036,0.2227,0.0223
8473503,James Reimer,OTT,1,-1,22.5,-12.99,10,0,0.385066093,0.3207600411694832,0.3208,0.0321
8473503,James Reimer,OTT,1,0,22.5,12.99,9,0,0.282335629,0.23574955234721257,0.2357,0.0262
8473503,James Reimer,OTT,1,1,22.5,38.97,4,0,0.08774071,0.07362292852312421,0.0736,0.0184
8473503,James Reimer,OTT,2,-3,45.0,-51.96,6,0,0.133800337,0.11226157492439631,0.1123,0.0187
8473503,James Reimer,OTT,2,-2,45.0,-25.98,17,1,0.711109955,0.5917146985862618,-0.4083,-0.024
8473503,James Reimer,OTT,2,-1,45.0,0.0,24,0,1.792506587,1.4887903534918459,1.4888,0.062
8473503,James Reimer,OTT,2,0,45.0,25.98,20,0,0.608596057,0.508270259224398,0.5083,0.0254
8473503,James Reimer,OTT,2,1,45.0,51.96,3,0,0.056951869,0.04790458500195338,0.0479,0.016
8473503,James Reimer,OTT,3,-3,67.5,-38.97,16,0,0.649149479,0.5416178714449965,0.5416,0.0338
8473503,James Reimer,OTT,3,-2,67.5,-12.99,38,5,3.957829453,3.2919175248428862,-1.7081,-0.0449
8473503,James Reimer,OTT,3,-1,67.5,12.99,39,4,4.575652883,3.80231865643892,-0.1977,-0.0051
8473503,James Reimer,OTT,3,0,67.5,38.97,11,0,0.30048067,0.2512244371944462,0.2512,0.0228
8473503,James Reimer,OTT,4,-3,90.0,-25.98,6,0,0.305703303,0.2539700401034787,0.254,0.0423
8473503,James Reimer,OTT,4,-2,90.0,0.0,49,11,6.605964074,5.489439520852006,-5.5106,-0.1125
8473503,James Reimer,OTT,4,-1,90.0,25.98,12,1,0.9991813380000001,0.8294775645911179,-0.1705,-0.0142
8473503,James Reimer,OTT,4,0,90.0,51.96,1,0,0.021594116,0.018130453237326198,0.0181,0.0181
8474593,Jacob Markstrom,NJD,0,-2,0.0,-51.96,1,0,0.013737396,0.011615103834940979,0.0116,0.0116
8474593,Jacob Markstrom,NJD,0,0,0.0,0.0,3,0,0.597638815,0.5252801412314032,0.5253,0.1751
8474593,Jacob Markstrom,NJD,0,1,0.0,25.98,4,0,0.071460596,0.060100373051599876,0.0601,0.015
8474593,Jacob Markstrom,NJD,1,-2,22.5,-38.97,21,0,0.490888979,0.4114799520166472,0.4115,0.0196
8474593,Jacob Markstrom,NJD,1,-1,22.5,-12.99,32,1,1.268038509,1.055753074150227,0.0558,0.0017
8474593,Jacob Markstrom,NJD,1,0,22.5,12.99,21,1,0.757149964,0.631151609167221,-0.3688,-0.0176
8474593,Jacob Markstrom,NJD,1,1,22.5,38.97,15,0,0.608906971,0.5076174036859021,0.5076,0.0338
8474593,Jacob Markstrom,NJD,2,-3,45.0,-51.96,1,0,0.021374702,0.017948923720550243,0.0179,0.0179
8474593,Jacob Markstrom,NJD,2,-2,45.0,-25.98,79,2,3.136286548,2.611008146143109,0.611,0.0077
8474593,Jacob Markstrom,NJD,2,-1,45.0,0.0,76,4,5.829755462,4.843438609983405,0.8434,0.0111
8474593,Jacob Markstrom,NJD,2,0,45.0,25.98,65,1,2.075794643,1.7325757930731167,0.7326,0.0113
8474593,Jacob Markstrom,NJD,2,1,45.0,51.96,5,0,0.113636597,0.09530007543742006,0.0953,0.0191
8474593,Jacob Markstrom,NJD,3,-3,67.5,-38.97,29,3,1.07973339,0.8996646950455912,-2.1003,-0.0724
8474593,Jacob Markstrom,NJD,3,-2,67.5,-12.99,150,18,17.5270434685,14.57820208167599,-3.4218,-0.0228
8474593,Jacob Markstrom,NJD,3,-1,67.5,12.99,123,18,13.194990958,10.953959045016743,-7.046,-0.0573
8474593,Jacob Markstrom,NJD,3,0,67.5,38.97,25,3,0.926168819,0.7718097984013913,-2.2282,-0.0891
8474593,Jacob Markstrom,NJD,4,-3,90.0,-25.98,14,0,0.911441041,0.7571336953830894,0.7571,0.0541
8474593,Jacob Markstrom,NJD,4,-2,90.0,0.0,168,25,22.432200408,18.651785895668393,-6.3482,-0.0378
8474593,Jacob Markstrom,NJD,4,-1,90.0,25.98,34,0,2.801628184,2.3239720765228813,2.324,0.0684
8474593,Jacob Markstrom,NJD,4,0,90.0,51.96,1,0,0.02400493,0.020123522807610202,0.0201,0.0201
8474596,Jake Allen,NJD,0,-1,0.0,-25.98,4,0,0.065647318,0.05533562311441431,0.0553,0.0138
8474596,Jake Allen,NJD,0,0,0.0,0.0,1,0,0.00889457,0.007574812702017936,0.0076,0.0076
8474596,Jake Allen,NJD,0,1,0.0,25.98,6,0,0.10488388700000001,0.08828936669823206,0.0883,0.0147
8474596,Jake Allen,NJD,1,-2,22.5,-38.97,22,0,1.168637977,0.9969243355835743,0.9969,0.0453
8474596,Jake Allen,NJD,1,-1,22.5,-12.99,34,0,1.2374343780000001,1.0312994812315173,1.0313,0.0303
8474596,Jake Allen,NJD,1,0,22.5,12.99,18,0,0.560525535,0.4681092412155265,0.4681,0.026
8474596,Jake Allen,NJD,1,1,22.5,38.97,13,0,0.919451684,0.7821291681484032,0.7821,0.0602
8474596,Jake Allen,NJD,2,-3,45.0,-51.96,6,0,0.141036047,0.11823004472847992,0.1182,0.0197
8474596,Jake Allen,NJD,2,-2,45.0,-25.98,68,1,3.348947522,2.7862129696148004,1.7862,0.0263
8474596,Jake Allen,NJD,2,-1,45.0,0.0,75,2,4.498735744,3.7336293848716133,1.7336,0.0231
8474596,Jake Allen,NJD,2,0,45.0,25.98,62,0,2.3219380960000002,1.936361742900789,1.9364,0.0312
8474596,Jake Allen,NJD,2,1,45.0,51.96,6,0,0.154414561,0.12929288603358713,0.1293,0.0216
8474596,Jake Allen,NJD,3,-3,67.5,-38.97,26,1,0.95909491,0.799110786566589,-0.2009,-0.0077
8474596,Jake Allen,NJD,3,-2,67.5,-12.99,157,13,19.1789150008,15.942126596636564,2.9421,0.0187
8474596,Jake Allen,NJD,3,-1,67.5,12.99,145,8,14.8571400667,12.336332397885418,4.3363,0.0299
8474596,Jake Allen,NJD,3,0,67.5,38.97,49,1,1.632481496,1.3615817450959413,0.3616,0.0074
8474596,Jake Allen,NJD,4,-3,90.0,-25.98,9,0,0.573963097,0.4760229750595464,0.476,0.0529
8474596,Jake Allen,NJD,4,-2,90.0,0.0,202,28,28.185990674,23.426223542400987,-4.5738,-0.0226
8474596,Jake Allen,NJD,4,-1,90.0,25.98,35,0,2.989499441,2.478908559709348,2.4789,0.0708
8474596,Jake Allen,NJD,4,0,90.0,51.96,2,0,0.042289095,0.035511196397515675,0.0355,0.0177
8475311,Darcy Kuemper,LAK,0,-2,0.0,-51.96,2,0,0.046447357,0.038855437112661415,0.0389,0.0194
8475311,Darcy Kuemper,LAK,0,-1,0.0,-25.98,4,0,0.123937757,0.10326192404409494,0.1033,0.0258
8475311,Darcy Kuemper,LAK,0,0,0.0,0.0,4,0,0.082615418,0.06931280691930213,0.0693,0.0173
8475311,Darcy Kuemper,LAK,0,1,0.0,25.98,2,0,0.021197263,0.017998839816450396,0.018,0.009
8475311,Darcy Kuemper,LAK,1,-2,22.5,-38.97,29,0,1.07990603,0.9187973734209025,0.9188,0.0317
8475311,Darcy Kuemper,LAK,1,-1,22.5,-12.99,20,0,0.876572028,0.7316600665799261,0.7317,0.0366
8475311,Darcy Kuemper,LAK,1,0,22.5,12.99,20,3,0.587673535,0.491078333449511,-2.5089,-0.1254
8475311,Darcy Kuemper,LAK,1,1,22.5,38.97,9,0,0.183506177,0.15417462418219693,0.1542,0.0171
8475311,Darcy Kuemper,LAK,2,-3,45.0,-51.96,8,0,0.158908374,0.13357013851915703,0.1336,0.0167
8475311,Darcy Kuemper,LAK,2,-2,45.0,-25.98,62,0,2.8273164570000002,2.3621310369427944,2.3621,0.0381
8475311,Darcy Kuemper,LAK,2,-1,45.0,0.0,69,1,5.116739743,4.250067242014884,3.2501,0.0471
8475311,Darcy Kuemper,LAK,2,0,45.0,25.98,58,1,1.901918762,1.5866111042766606,0.5866,0.0101
8475311,Darcy Kuemper,LAK,2,1,45.0,51.96,8,0,0.18555027600000001,0.15560378506616768,0.1556,0.0194
8475311,Darcy Kuemper,LAK,3,-3,67.5,-38.97,24,0,0.747414396,0.6240953892296863,0.6241,0.026
8475311,Darcy Kuemper,LAK,3,-2,67.5,-12.99,143,10,15.976110155,13.279111855640219,3.2791,0.0229
8475311,Darcy Kuemper,LAK,3,-1,67.5,12.99,114,14,12.786218751,10.625017432928704,-3.375,-0.0296
8475311,Darcy Kuemper,LAK,3,0,67.5,38.97,32,1,1.219496071,1.0158581080827214,0.0159,0.0005
8475311,Darcy Kuemper,LAK,4,-3,90.0,-25.98,9,0,0.502845804,0.41737036553207035,0.4174,0.0464
8475311,Darcy Kuemper,LAK,4,-2,90.0,0.0,135,24,19.396741469,16.13447364706409,-7.8655,-0.0583
8475311,Darcy Kuemper,LAK,4,-1,90.0,25.98,33,2,2.479574204,2.057720152467427,0.0577,0.0017
8475311,Darcy Kuemper,LAK,4,0,90.0,51.96,2,0,0.040430742000000006,0.03397856995243127,0.034,0.017
8475660,Cam Talbot,DET,0,-2,0.0,-51.96,4,0,0.104398566,0.08734792927315786,0.0873,0.0218
8475660,Cam Talbot,DET,0,-1,0.0,-25.98,3,0,0.048674764,0.041018948558886374,0.041,0.0137
8475660,Cam Talbot,DET,0,0,0.0,0.0,2,0,0.055462072,0.046264407466157946,0.0463,0.0232
8475660,Cam Talbot,DET,0,1,0.0,25.98,2,0,0.032757588,0.027618179320068346,0.0276,0.0138
8475660,Cam Talbot,DET,1,-2,22.5,-38.97,7,0,0.161065214,0.1350910233137007,0.1351,0.0193
8475660,Cam Talbot,DET,1,-1,22.5,-12.99,7,0,0.265734024,0.2213849226918909,0.2214,0.0316
8475660,Cam Talbot,DET,1,0,22.5,12.99,8,0,0.220418253,0.1843569055549931,0.1844,0.023
8475660,Cam Talbot,DET,1,1,22.5,38.97,7,0,0.143672275,0.12065817088288855,0.1207,0.0172
8475660,Cam Talbot,DET,2,-3,45.0,-51.96,4,0,0.083709497,0.07031358138976601,0.0703,0.0176
8475660,Cam Talbot,DET,2,-2,45.0,-25.98,51,1,2.065361716,1.7194747855942656,0.7195,0.0141
8475660,Cam Talbot,DET,2,-1,45.0,0.0,48,3,3.085790729,2.56086042146156,-0.4391,-0.0091
8475660,Cam Talbot,DET,2,0,45.0,25.98,43,3,1.358013141,1.1337046509649098,-1.8663,-0.0434
8475660,Cam Talbot,DET,2,1,45.0,51.96,8,0,0.275338733,0.2298732501382108,0.2299,0.0287
8475660,Cam Talbot,DET,3,-3,67.5,-38.97,21,0,0.7865508274999999,0.6552988235022321,0.6553,0.0312
8475660,Cam Talbot,DET,3,-2,67.5,-12.99,91,8,11.0980181853,9.223644323372064,1.2236,0.0134
8475660,Cam Talbot,DET,3,-1,67.5,12.99,82,5,8.829239365,7.334846896865813,2.3348,0.0285
8475660,Cam Talbot,DET,3,0,67.5,38.97,17,0,0.62618782,0.5218531118254386,0.5219,0.0307
8475660,Cam Talbot,DET,4,-3,90.0,-25.98,7,0,0.35648762199999995,0.29632326161766054,0.2963,0.0423
8475660,Cam Talbot,DET,4,-2,90.0,0.0,95,15,12.286097554,10.211081756706971,-4.7889,-0.0504
8475660,Cam Talbot,DET,4,-1,90.0,25.98,16,1,1.426918595,1.182332794134186,0.1823,0.0114
8475660,Cam Talbot,DET,4,0,90.0,51.96,3,0,0.065041247,0.05460530663136355,0.0546,0.0182
8475683,Sergei Bobrovsky,FLA,0,-2,0.0,-51.96,1,0,0.012033128,0.010196092313997193,0.0102,0.0102
8475683,Sergei Bobrovsky,FLA,0,-1,0.0,-25.98,2,0,0.290320416,0.24445172003583363,0.2445,0.1222
8475683,Sergei Bobrovsky,FLA,0,0,0.0,0.0,1,0,0.07698594,0.06376632569261771,0.0638,0.0638
8475683,Sergei Bobrovsky,FLA,0,1,0.0,25.98,4,0,0.061323218000000006,0.051737537782869825,0.0517,0.0129
8475683,Sergei Bobrovsky,FLA,1,-2,22.5,-38.97,23,0,0.5634769735,0.4718493776702812,0.4718,0.0205
8475683,Sergei Bobrovsky,FLA,1,-1,22.5,-12.99,28,1,1.394504294,1.1599637884766283,0.16,0.0057
8475683,Sergei Bobrovsky,FLA,1,0,22.5,12.99,36,1,1.071650472,0.8953958295424211,-0.1046,-0.0029
8475683,Sergei Bobrovsky,FLA,1,1,22.5,38.97,13,0,0.277823892,0.23321739152130408,0.2332,0.0179
8475683,Sergei Bobrovsky,FLA,2,-3,45.0,-51.96,3,0,0.063448303,0.053284814556504786,0.0533,0.0178
8475683,Sergei Bobrovsky,FLA,2,-2,45.0,-25.98,67,2,2.348827326,1.958083471785531,-0.0419,-0.0006
8475683,Sergei Bobrovsky,FLA,2,-1,45.0,0.0,57,1,3.8862043413,3.2253186036790384,2.2253,0.039
8475683,Sergei Bobrovsky,FLA,2,0,45.0,25.98,53,1,1.769774873,1.4763840517177094,0.4764,0.009
8475683,Sergei Bobrovsky,FLA,2,1,45.0,51.96,16,0,0.309309597,0.26009978112146054,0.2601,0.0163
8475683,Sergei Bobrovsky,FLA,3,-3,67.5,-38.97,20,0,1.128119706,0.9382742157513015,0.9383,0.0469
8475683,Sergei Bobrovsky,FLA,3,-2,67.5,-12.99,134,14,15.9110493068,13.242187076886095,-0.7578,-0.0057
8475683,Sergei Bobrovsky,FLA,3,-1,67.5,12.99,114,10,11.7294732511,9.748728404113743,-0.2513,-0.0022
8475683,Sergei Bobrovsky,FLA,3,0,67.5,38.97,33,0,1.2002901209999999,1.000160150850615,1.0002,0.0303
8475683,Sergei Bobrovsky,FLA,4,-3,90.0,-25.98,11,1,0.570633606,0.47400069899996317,-0.526,-0.0478
8475683,Sergei Bobrovsky,FLA,4,-2,90.0,0.0,142,23,18.81589354,15.62606153227342,-7.3739,-0.0519
8475683,Sergei Bobrovsky,FLA,4,-1,90.0,25.98,38,3,3.227895774,2.6777490294345685,-0.3223,-0.0085
8475683,Sergei Bobrovsky,FLA,4,0,90.0,51.96,2,0,0.041070291,0.03450753462583248,0.0345,0.0173
8475717,Calvin Pickard,EDM,0,-2,0.0,-51.96,1,0,0.008213083,0.007003906205775,0.007,0.007
8475717,Calvin Pickard,EDM,0,0,0.0,0.0,2,0,0.09133855299999999,0.07595209474263816,0.076,0.038
8475717,Calvin Pickard,EDM,0,1,0.0,25.98,1,0,0.015758544,0.01329483426392443,0.0133,0.0133
8475717,Calvin Pickard,EDM,1,-2,22.5,-38.97,9,0,0.237605986,0.19874289764873992,0.1987,0.0221
8475717,Calvin Pickard,EDM,1,-1,22.5,-12.99,8,0,0.40051360799999997,0.3327449666987129,0.3327,0.0416
8475717,Calvin Pickard,EDM,1,0,22.5,12.99,10,0,0.263031262,0.22015918760304126,0.2202,0.022
8475717,Calvin Pickard,EDM,1,1,22.5,38.97,4,1,0.09508601,0.07969328511057476,-0.9203,-0.2301
8475717,Calvin Pickard,EDM,2,-2,45.0,-25.98,21,0,0.7633293255,0.6360115992512266,0.636,0.0303
8475717,Calvin Pickard,EDM,2,-1,45.0,0.0,28,2,2.159174397,1.7958552074151197,-0.2041,-0.0073
8475717,Calvin Pickard,EDM,2,0,45.0,25.98,27,1,0.76628873,0.6403285695833639,-0.3597,-0.0133
8475717,Calvin Pickard,EDM,2,1,45.0,51.96,3,0,0.060676167,0.05098667527764507,0.051,0.017
8475717,Calvin Pickard,EDM,3,-3,67.5,-38.97,9,0,0.5397782640000001,0.44897774058813533,0.449,0.0499
8475717,Calvin Pickard,EDM,3,-2,67.5,-12.99,68,12,8.6572879915,7.206459160627404,-4.7935,-0.0705
8475717,Calvin Pickard,EDM,3,-1,67.5,12.99,56,4,6.83068141,5.679838216498014,1.6798,0.03
8475717,Calvin Pickard,EDM,3,0,67.5,38.97,16,0,0.679081643,0.5650449846369069,0.565,0.0353
8475717,Calvin Pickard,EDM,4,-3,90.0,-25.98,10,0,0.620104005,0.5144049574586034,0.5144,0.0514
8475717,Calvin Pickard,EDM,4,-2,90.0,0.0,69,11,10.130246838,8.42964482944261,-2.5704,-0.0373
8475717,Calvin Pickard,EDM,4,-1,90.0,25.98,10,0,0.733646733,0.6083307532381993,0.6083,0.0608
8475809,Scott Wedgewood,COL,0,-1,0.0,-25.98,1,0,0.018108834,0.015244640701139362,0.0152,0.0152
8475809,Scott Wedgewood,COL,0,0,0.0,0.0,1,0,0.018862644,0.015869308621769964,0.0159,0.0159
8475809,Scott Wedgewood,COL,0,1,0.0,25.98,4,0,0.058600576,0.04945631856487049,0.0495,0.0124
8475809,Scott Wedgewood,COL,0,2,0.0,51.96,1,0,0.010701242,0.009085155337115677,0.0091,0.0091
8475809,Scott Wedgewood,COL,1,-2,22.5,-38.97,17,0,0.572475724,0.48019226981037977,0.4802,0.0282
8475809,Scott Wedgewood,COL,1,-1,22.5,-12.99,20,3,0.718278772,0.5986278090820362,-2.4014,-0.1201
8475809,Scott Wedgewood,COL,1,0,22.5,12.99,14,0,0.479412448,0.39993642543701957,0.3999,0.0286
8475809,Scott Wedgewood,COL,1,1,22.5,38.97,16,0,0.3045860741,0.2559010615357461,0.2559,0.016
8475809,Scott Wedgewood,COL,2,-3,45.0,-51.96,6,0,0.122012767,0.10252582271996982,0.1025,0.0171
8475809,Scott Wedgewood,COL,2,-2,45.0,-25.98,50,2,2.4251265010000003,2.019253786336495,0.0193,0.0004
8475809,Scott Wedgewood,COL,2,-1,45.0,0.0,52,2,3.257945299,2.704963547783725,0.705,0.0136
8475809,Scott Wedgewood,COL,2,0,45.0,25.98,50,1,1.5606457765,1.3029426524578789,0.3029,0.0061
8475809,Scott Wedgewood,COL,2,1,45.0,51.96,9,0,0.395916288,0.33216159761937447,0.3322,0.0369
8475809,Scott Wedgewood,COL,3,-3,67.5,-38.97,34,0,1.382808881,1.1515312214360396,1.1515,0.0339
8475809,Scott Wedgewood,COL,3,-2,67.5,-12.99,119,5,12.5064688487,10.398138154224785,5.3981,0.0454
8475809,Scott Wedgewood,COL,3,-1,67.5,12.99,95,8,8.906201195,7.394492363003324,-0.6055,-0.0064
8475809,Scott Wedgewood,COL,3,0,67.5,38.97,30,0,1.031016895,0.8602079101932375,0.8602,0.0287
8475809,Scott Wedgewood,COL,4,-3,90.0,-25.98,16,0,0.906522294,0.7526576502382788,0.7527,0.047
8475809,Scott Wedgewood,COL,4,-2,90.0,0.0,140,16,19.243425532,15.994738058420454,-0.0053,-0.0
8475809,Scott Wedgewood,COL,4,-1,90.0,25.98,28,0,1.82531442,1.5151547966951155,1.5152,0.0541
8475809,Scott Wedgewood,COL,4,0,90.0,51.96,1,0,0.023065662,0.019347299086537692,0.0193,0.0193
8475831,Philipp Grubauer,SEA,0,-1,0.0,-25.98,5,0,0.1104313126,0.09244934470455218,0.0924,0.0185
8475831,Philipp Grubauer,SEA,0,0,0.0,0.0,2,0,0.252479645,0.2115617623329411,0.2116,0.1058
8475831,Philipp Grubauer,SEA,0,1,0.0,25.98,2,0,0.052763262000000005,0.04414819084586627,0.0441,0.022
8475831,Philipp Grubauer,SEA,1,-2,22.5,-38.97,23,0,0.491000401,0.41198429054306523,0.412,0.0179
8475831,Philipp Grubauer,SEA,1,-1,22.5,-12.99,13,0,0.753453085,0.6310231645829333,0.631,0.0485
8475831,Philipp Grubauer,SEA,1,0,22.5,12.99,15,0,0.471470103,0.39361889069233225,0.3936,0.0262
8475831,Philipp Grubauer,SEA,1,1,22.5,38.97,17,0,0.421265556,0.3528446378865109,0.3528,0.0208
8475831,Philipp Grubauer,SEA,2,-3,45.0,-51.96,2,0,0.041675881,0.03500395541141525,0.035,0.0175
8475831,Philipp Grubauer,SEA,2,-2,45.0,-25.98,65,2,3.401482561,2.8309431200267543,0.8309,0.0128
8475831,Philipp Grubauer,SEA,2,-1,45.0,0.0,48,2,2.769331497,2.2988825728982922,0.2989,0.0062
8475831,Philipp Grubauer,SEA,2,0,45.0,25.98,60,1,2.0119790125,1.6789284189062623,0.6789,0.0113
8475831,Philipp Grubauer,SEA,2,1,45.0,51.96,7,0,0.140201115,0.11780399692236893,0.1178,0.0168
8475831,Philipp Grubauer,SEA,3,-3,67.5,-38.97,27,1,1.182859854,0.9839602740476777,-0.016,-0.0006
8475831,Philipp Grubauer,SEA,3,-2,67.5,-12.99,120,12,12.179191845,10.133042630326875,-1.867,-0.0156
8475831,Philipp Grubauer,SEA,3,-1,67.5,12.99,98,10,9.3748802024,7.782223245308706,-2.2178,-0.0226
8475831,Philipp Grubauer,SEA,3,0,67.5,38.97,35,0,1.16695468,0.973816942835788,0.9738,0.0278
8475831,Philipp Grubauer,SEA,4,-3,90.0,-25.98,20,1,1.212904186,1.008540770464634,0.0085,0.0004
8475831,Philipp Grubauer,SEA,4,-2,90.0,0.0,156,11,21.117853758,17.55323780915501,6.5532,0.042
8475831,Philipp Grubauer,SEA,4,-1,90.0,25.98,36,3,2.8693248160000002,2.3804562373506655,-0.6195,-0.0172
8475831,Philipp Grubauer,SEA,4,0,90.0,51.96,1,1,0.017485818,0.014728089692336768,-0.9853,-0.9853
8475852,Petr Mrazek,ANA,0,-2,0.0,-51.96,1,0,0.008766985,0.007467962927694383,0.0075,0.0075
8475852,Petr Mrazek,ANA,0,1,0.0,25.98,1,0,0.009425185,0.008018816787947296,0.008,0.008
8475852,Petr Mrazek,ANA,1,-2,22.5,-38.97,7,0,0.41797995,0.35123490288482995,0.3512,0.0502
8475852,Petr Mrazek,ANA,1,-1,22.5,-12.99,5,0,0.163143246,0.13617353556539533,0.1362,0.0272
8475852,Petr Mrazek,ANA,1,0,22.5,12.99,5,0,0.158470204,0.13227805603494608,0.1323,0.0265
8475852,Petr Mrazek,ANA,2,-3,45.0,-51.96,1,0,0.026689809,0.0223408216240801,0.0223,0.0223
8475852,Petr Mrazek,ANA,2,-2,45.0,-25.98,10,1,0.43681342700000003,0.36333705486391055,-0.6367,-0.0637
8475852,Petr Mrazek,ANA,2,-1,45.0,0.0,14,0,0.976742923,0.8101138787208217,0.8101,0.0579
8475852,Petr Mrazek,ANA,2,0,45.0,25.98,14,1,0.617299399,0.5134507427523577,-0.4865,-0.0347
8475852,Petr Mrazek,ANA,2,1,45.0,51.96,1,0,0.05430262,0.04508130475061936,0.0451,0.0451
8475852,Petr Mrazek,ANA,3,-3,67.5,-38.97,9,1,0.339425503,0.28279482499294234,-0.7172,-0.0797
8475852,Petr Mrazek,ANA,3,-2,67.5,-12.99,41,2,5.06270168,4.207883618051046,2.2079,0.0539
8475852,Petr Mrazek,ANA,3,-1,67.5,12.99,31,6,3.793562643,3.1541197403110206,-2.8459,-0.0918
8475852,Petr Mrazek,ANA,3,0,67.5,38.97,5,0,0.18969435699999998,0.1579677979155355,0.158,0.0316
8475852,Petr Mrazek,ANA,4,-3,90.0,-25.98,4,0,0.272764188,0.22619007659242862,0.2262,0.0566
8475852,Petr Mrazek,ANA,4,-2,90.0,0.0,52,8,6.619141681,5.501191863345256,-2.4988,-0.0481
8475852,Petr Mrazek,ANA,4,-1,90.0,25.98,6,0,0.409289448,0.33941875024004275,0.3394,0.0566
8475852,Petr Mrazek,ANA,4,0,90.0,51.96,1,0,0.044970796,0.03740178228862098,0.0374,0.0374
8475883,Frederik Andersen,CAR,0,-2,0.0,-51.96,1,0,0.008108083,0.006915894859456802,0.0069,0.0069
8475883,Frederik Andersen,CAR,0,-1,0.0,-25.98,1,0,0.009121753,0.007764966764803365,0.0078,0.0078
8475883,Frederik Andersen,CAR,0,0,0.0,0.0,1,0,0.089297,0.07393093343066195,0.0739,0.0739
8475883,Frederik Andersen,CAR,0,1,0.0,25.98,3,0,0.078345683,0.0653275205078833,0.0653,0.0218
8475883,Frederik Andersen,CAR,1,-2,22.5,-38.97,20,0,0.383171613,0.32205228082669723,0.3221,0.0161
8475883,Frederik Andersen,CAR,1,-1,22.5,-12.99,14,0,0.635305673,0.5289235231957827,0.5289,0.0378
8475883,Frederik Andersen,CAR,1,0,22.5,12.99,11,0,0.298655455,0.24980678387193408,0.2498,0.0227
8475883,Frederik Andersen,CAR,1,1,22.5,38.97,3,0,0.0420041725,0.03546716297289427,0.0355,0.0118
8475883,Frederik Andersen,CAR,2,-3,45.0,-51.96,5,0,0.10689717900000001,0.08976221017099742,0.0898,0.018
8475883,Frederik Andersen,CAR,2,-2,45.0,-25.98,39,0,2.0179723175,1.6767625845994767,1.6768,0.043
8475883,Frederik Andersen,CAR,2,-1,45.0,0.0,44,1,3.2785252480000002,2.7211925952162628,1.7212,0.0391
8475883,Frederik Andersen,CAR,2,0,45.0,25.98,36,1,0.9351969967,0.782556344866786,-0.2174,-0.006
8475883,Frederik Andersen,CAR,2,1,45.0,51.96,5,0,0.114283527,0.09585535659838204,0.0959,0.0192
8475883,Frederik Andersen,CAR,3,-3,67.5,-38.97,12,0,0.45429038,0.37839884119192885,0.3784,0.0315
8475883,Frederik Andersen,CAR,3,-2,67.5,-12.99,93,10,11.071824994,9.212228034932036,-0.7878,-0.0085
8475883,Frederik Andersen,CAR,3,-1,67.5,12.99,99,10,11.767656916,9.78655171805079,-0.2134,-0.0022
8475883,Frederik Andersen,CAR,3,0,67.5,38.97,33,0,0.988743945,0.8258060171161744,0.8258,0.025
8475883,Frederik Andersen,CAR,4,-3,90.0,-25.98,7,1,0.36361421,0.30202606476340327,-0.698,-0.0997
8475883,Frederik Andersen,CAR,4,-2,90.0,0.0,138,19,20.368785688,16.936035441164474,-2.064,-0.015
8475883,Frederik Andersen,CAR,4,-1,90.0,25.98,28,1,2.407071704,1.996848343330596,0.9968,0.0356
8476316,Laurent Brossoit,SJS,0,-1,0.0,-25.98,1,0,0.019561239,0.016447932328898993,0.0164,0.0164
8476316,Laurent Brossoit,SJS,1,-2,22.5,-38.97,2,0,0.036722298,0.030907117964669592,0.0309,0.0154
8476316,Laurent Brossoit,SJS,1,1,22.5,38.97,2,0,0.041264366,0.03466547308163327,0.0347,0.0174
8476316,Laurent Brossoit,SJS,2,-2,45.0,-25.98,2,0,0.103057598,0.08558578635117182,0.0856,0.0428
8476316,Laurent Brossoit,SJS,2,-1,45.0,0.0,2,0,0.200584155,0.1660571657351739,0.1661,0.083
8476316,Laurent Brossoit,SJS,2,1,45.0,51.96,1,0,0.025859965,0.021655760386843127,0.0217,0.0217
8476316,Laurent Brossoit,SJS,3,-3,67.5,-38.97,1,0,0.021301204,0.01788812693804845,0.0179,0.0179
8476316,Laurent Brossoit,SJS,3,-2,67.5,-12.99,6,1,0.43044342599999996,0.3577150900051059,-0.6423,-0.107
8476316,Laurent Brossoit,SJS,3,-1,67.5,12.99,4,0,0.46509591,0.38588112296955657,0.3859,0.0965
8476316,Laurent Brossoit,SJS,3,0,67.5,38.97,2,0,0.114776133,0.09524232301642097,0.0952,0.0476
8476316,Laurent Brossoit,SJS,4,-3,90.0,-25.98,1,0,0.033821378,0.0282217919213505,0.0282,0.0282
8476316,Laurent Brossoit,SJS,4,-2,90.0,0.0,5,2,0.5805268339999999,0.4814978143047463,-1.5185,-0.3037
8476341,Anton Forsberg,LAK,0,-2,0.0,-51.96,2,0,0.113093745,0.0938773591016094,0.0939,0.047
8476341,Anton Forsberg,LAK,0,-1,0.0,-25.98,1,0,0.01617661,0.013641945341443803,0.0136,0.0136
8476341,Anton Forsberg,LAK,0,0,0.0,0.0,3,0,0.046598002,0.039260240110319984,0.0393,0.0131
8476341,Anton Forsberg,LAK,0,1,0.0,25.98,2,0,0.027718742,0.023420185814153012,0.0234,0.0117
8476341,Anton Forsberg,LAK,1,-2,22.5,-38.97,19,0,0.605685601,0.5077530143406985,0.5078,0.0267
8476341,Anton Forsberg,LAK,1,-1,22.5,-12.99,14,0,0.51993681,0.43327491963455284,0.4333,0.031
8476341,Anton Forsberg,LAK,1,0,22.5,12.99,14,0,0.337069595,0.2822426938021112,0.2822,0.0202
8476341,Anton Forsberg,LAK,1,1,22.5,38.97,10,0,0.163188634,0.13752831038106772,0.1375,0.0138
8476341,Anton Forsberg,LAK,2,-3,45.0,-51.96,4,0,0.089014786,0.07470131083748902,0.0747,0.0187
8476341,Anton Forsberg,LAK,2,-2,45.0,-25.98,56,2,2.389479358,1.9898111278224044,-0.0102,-0.0002
8476341,Anton Forsberg,LAK,2,-1,45.0,0.0,51,1,3.345450666,2.777458268437483,1.7775,0.0349
8476341,Anton Forsberg,LAK,2,0,45.0,25.98,44,1,1.438436233,1.200410688138861,0.2004,0.0046
8476341,Anton Forsberg,LAK,2,1,45.0,51.96,7,0,0.139062034,0.11689132014934565,0.1169,0.0167
8476341,Anton Forsberg,LAK,3,-3,67.5,-38.97,29,0,1.024336372,0.854171631433446,0.8542,0.0295
8476341,Anton Forsberg,LAK,3,-2,67.5,-12.99,101,6,10.9924979512,9.147051560662721,3.1471,0.0312
8476341,Anton Forsberg,LAK,3,-1,67.5,12.99,73,6,6.891538561,5.722705075681508,-0.2773,-0.0038
8476341,Anton Forsberg,LAK,3,0,67.5,38.97,22,0,0.632824285,0.5287013330381131,0.5287,0.024
8476341,Anton Forsberg,LAK,4,-3,90.0,-25.98,12,0,0.952950435,0.7926966854076091,0.7927,0.0661
8476341,Anton Forsberg,LAK,4,-2,90.0,0.0,137,19,17.715482577,14.709391641177225,-4.2906,-0.0313
8476341,Anton Forsberg,LAK,4,-1,90.0,25.98,28,1,1.8569244329999999,1.5403718647074678,0.5404,0.0193
8476412,Jordan Binnington,STL,0,-2,0.0,-51.96,1,0,0.008267707,0.007049685324744946,0.007,0.007
8476412,Jordan Binnington,STL,0,-1,0.0,-25.98,9,0,1.080527062,0.9371793836629045,0.9372,0.1041
8476412,Jordan Binnington,STL,0,0,0.0,0.0,5,0,0.070934071,0.0598955831289083,0.0599,0.012
8476412,Jordan Binnington,STL,0,1,0.0,25.98,6,0,0.7245705294,0.6465487303684216,0.6465,0.1078
8476412,Jordan Binnington,STL,1,-2,22.5,-38.97,18,0,0.383787056,0.32218626381145893,0.3222,0.0179
8476412,Jordan Binnington,STL,1,-1,22.5,-12.99,21,1,1.000184368,0.838659373531066,-0.1613,-0.0077
8476412,Jordan Binnington,STL,1,0,22.5,12.99,17,0,0.603726786,0.5032099425197636,0.5032,0.0296
8476412,Jordan Binnington,STL,1,1,22.5,38.97,11,0,0.274625324,0.22981203045630239,0.2298,0.0209
8476412,Jordan Binnington,STL,2,-3,45.0,-51.96,9,0,0.39090971,0.32730868692393944,0.3273,0.0364
8476412,Jordan Binnington,STL,2,-2,45.0,-25.98,63,0,2.459449817,2.049035023345876,2.049,0.0325
8476412,Jordan Binnington,STL,2,-1,45.0,0.0,72,3,4.268337305,3.5442103425609615,0.5442,0.0076
8476412,Jordan Binnington,STL,2,0,45.0,25.98,65,3,1.907447628,1.5936394812211678,-1.4064,-0.0216
8476412,Jordan Binnington,STL,2,1,45.0,51.96,2,0,0.041137219,0.034561620161772756,0.0346,0.0173
8476412,Jordan Binnington,STL,3,-3,67.5,-38.97,25,4,1.208022945,1.0053230169910803,-2.9947,-0.1198
8476412,Jordan Binnington,STL,3,-2,67.5,-12.99,152,18,15.4256941853,12.826872384207885,-5.1731,-0.034
8476412,Jordan Binnington,STL,3,-1,67.5,12.99,120,12,11.4846792035,9.539137766799891,-2.4609,-0.0205
8476412,Jordan Binnington,STL,3,0,67.5,38.97,57,1,2.259719092,1.8821776971047213,0.8822,0.0155
8476412,Jordan Binnington,STL,4,-3,90.0,-25.98,16,2,0.95494687,0.7923830273479514,-1.2076,-0.0755
8476412,Jordan Binnington,STL,4,-2,90.0,0.0,154,20,21.048185514,17.492420730305266,-2.5076,-0.0163
8476412,Jordan Binnington,STL,4,-1,90.0,25.98,34,0,2.614459475,2.169568630405111,2.1696,0.0638
8476412,Jordan Binnington,STL,4,0,90.0,51.96,2,0,0.04230698,0.03553165288383794,0.0355,0.0177
8476434,John Gibson,DET,0,-2,0.0,-51.96,1,0,0.0123831015,0.01048772786169443,0.0105,0.0105
8476434,John Gibson,DET,0,-1,0.0,-25.98,1,0,0.012372627,0.01047900170768114,0.0105,0.0105
8476434,John Gibson,DET,0,0,0.0,0.0,1,0,0.5093132,0.4473562413715403,0.4474,0.4474
8476434,John Gibson,DET,0,1,0.0,25.98,7,0,0.1142473543,0.09622259634400557,0.0962,0.0137
8476434,John Gibson,DET,1,-2,22.5,-38.97,17,0,0.55271302,0.461696520427331,0.4617,0.0272
8476434,John Gibson,DET,1,-1,22.5,-12.99,27,0,1.085170045,0.9034833508562528,0.9035,0.0335
8476434,John Gibson,DET,1,0,22.5,12.99,17,0,0.576422666,0.4808343244594918,0.4808,0.0283
8476434,John Gibson,DET,1,1,22.5,38.97,13,0,0.241684285,0.2032581629153129,0.2033,0.0156
8476434,John Gibson,DET,2,-3,45.0,-51.96,7,0,0.137949988,0.1159754927806026,0.116,0.0166
8476434,John Gibson,DET,2,-2,45.0,-25.98,67,3,2.492829136,2.077005052538652,-0.923,-0.0138
8476434,John Gibson,DET,2,-1,45.0,0.0,96,8,6.844286977,5.679228240658088,-2.3208,-0.0242
8476434,John Gibson,DET,2,0,45.0,25.98,57,1,2.260145932,1.8830790276990832,0.8831,0.0155
8476434,John Gibson,DET,2,1,45.0,51.96,4,0,0.102474633,0.08579831109160947,0.0858,0.0214
8476434,John Gibson,DET,3,-3,67.5,-38.97,38,1,1.514540448,1.2616243709648138,0.2616,0.0069
8476434,John Gibson,DET,3,-2,67.5,-12.99,180,20,19.6807859913,16.35136619423405,-3.6486,-0.0203
8476434,John Gibson,DET,3,-1,67.5,12.99,141,17,15.3574609824,12.753707532644027,-4.2463,-0.0301
8476434,John Gibson,DET,3,0,67.5,38.97,38,0,1.459286763,1.2154749348076757,1.2155,0.032
8476434,John Gibson,DET,4,-3,90.0,-25.98,19,0,1.074578369,0.8921265565596075,0.8921,0.047
8476434,John Gibson,DET,4,-2,90.0,0.0,180,19,23.507540036,19.525005648318757,0.525,0.0029
8476434,John Gibson,DET,4,-1,90.0,25.98,41,1,3.468677962,2.8783346102236615,1.8783,0.0458
8476434,John Gibson,DET,4,0,90.0,51.96,1,0,0.020527193,0.017247665333083067,0.0172,0.0172
8476883,Andrei Vasilevskiy,TBL,0,-2,0.0,-51.96,1,0,0.010705331,0.00908858502277373,0.0091,0.0091
8476883,Andrei Vasilevskiy,TBL,0,-1,0.0,-25.98,3,0,0.069826771,0.0584895101543795,0.0585,0.0195
8476883,Andrei Vasilevskiy,TBL,0,0,0.0,0.0,3,0,0.082906403,0.0692906467922277,0.0693,0.0231
8476883,Andrei Vasilevskiy,TBL,0,1,0.0,25.98,4,0,0.0935018857,0.07816938341444404,0.0782,0.0196
8476883,Andrei Vasilevskiy,TBL,1,-2,22.5,-38.97,23,0,0.585121736,0.48985084101736887,0.4899,0.0213
8476883,Andrei Vasilevskiy,TBL,1,-1,22.5,-12.99,46,0,2.404733557,2.0061639643801032,2.0062,0.0436
8476883,Andrei Vasilevskiy,TBL,1,0,22.5,12.99,28,1,1.714377214,1.4445544543011049,0.4446,0.0159
8476883,Andrei Vasilevskiy,TBL,1,1,22.5,38.97,28,0,1.207027154,1.0157166352346818,1.0157,0.0363
8476883,Andrei Vasilevskiy,TBL,2,-3,45.0,-51.96,13,0,0.442643668,0.370234115132838,0.3702,0.0285
8476883,Andrei Vasilevskiy,TBL,2,-2,45.0,-25.98,81,2,3.166845888,2.6369257498948886,0.6369,0.0079
8476883,Andrei Vasilevskiy,TBL,2,-1,45.0,0.0,97,6,7.021715589,5.8287925223032016,-0.1712,-0.0018
8476883,Andrei Vasilevskiy,TBL,2,0,45.0,25.98,114,1,3.6070536595,3.010858972947396,2.0109,0.0176
8476883,Andrei Vasilevskiy,TBL,2,1,45.0,51.96,13,0,0.286065709,0.2400758332493,0.2401,0.0185
8476883,Andrei Vasilevskiy,TBL,3,-3,67.5,-38.97,50,2,1.930681831,1.608116416808821,-0.3919,-0.0078
8476883,Andrei Vasilevskiy,TBL,3,-2,67.5,-12.99,199,21,22.9839799761,19.109351906285173,-1.8906,-0.0095
8476883,Andrei Vasilevskiy,TBL,3,-1,67.5,12.99,174,17,17.546820137,14.580153662847499,-2.4198,-0.0139
8476883,Andrei Vasilevskiy,TBL,3,0,67.5,38.97,46,1,1.726237123,1.4380030771587533,0.438,0.0095
8476883,Andrei Vasilevskiy,TBL,4,-3,90.0,-25.98,19,1,1.1327785320000001,0.9400233343141527,-0.06,-0.0032
8476883,Andrei Vasilevskiy,TBL,4,-2,90.0,0.0,223,27,29.852947285,24.81950895675816,-2.1805,-0.0098
8476883,Andrei Vasilevskiy,TBL,4,-1,90.0,25.98,41,1,2.961393403,2.456504515263466,1.4565,0.0355
8476883,Andrei Vasilevskiy,TBL,4,0,90.0,51.96,3,0,0.097511737,0.08136769931908999,0.0814,0.0271
8476899,Matt Murray,SEA,1,-2,22.5,-38.97,1,0,0.028961487,0.024215357768127697,0.0242,0.0242
8476899,Matt Murray,SEA,1,-1,22.5,-12.99,4,0,0.139303634,0.11618211647508944,0.1162,0.029
8476899,Matt Murray,SEA,1,0,22.5,12.99,2,0,0.060196875999999996,0.05030612103656119,0.0503,0.0252
8476899,Matt Murray,SEA,1,1,22.5,38.97,2,0,0.045420209,0.03810665161506768,0.0381,0.019
8476899,Matt Murray,SEA,2,-3,45.0,-51.96,1,0,0.034236856,0.02856412080284364,0.0286,0.0286
8476899,Matt Murray,SEA,2,-2,45.0,-25.98,11,0,0.393374959,0.3278968168746463,0.3279,0.0298
8476899,Matt Murray,SEA,2,-1,45.0,0.0,9,0,0.440479397,0.3660377372683027,0.366,0.0407
8476899,Matt Murray,SEA,2,0,45.0,25.98,13,0,0.561572168,0.4692298378583239,0.4692,0.0361
8476899,Matt Murray,SEA,3,-3,67.5,-38.97,3,0,0.078638353,0.06582467010297889,0.0658,0.0219
8476899,Matt Murray,SEA,3,-2,67.5,-12.99,18,1,2.0299559560000002,1.6847432536835547,0.6847,0.038
8476899,Matt Murray,SEA,3,-1,67.5,12.99,16,2,1.760087626,1.4638228891166802,-0.5362,-0.0335
8476899,Matt Murray,SEA,3,0,67.5,38.97,5,0,0.1011660303,0.0849170508142609,0.0849,0.017
8476899,Matt Murray,SEA,4,-3,90.0,-25.98,1,0,0.04441047,0.03694069977471751,0.0369,0.0369
8476899,Matt Murray,SEA,4,-2,90.0,0.0,26,2,3.283087515,2.725516116513451,0.7255,0.0279
8476899,Matt Murray,SEA,4,-1,90.0,25.98,1,0,0.11269046,0.09331297590438256,0.0933,0.0933
8476899,Matt Murray,SEA,4,0,90.0,51.96,1,0,0.022801233,0.019128679238654748,0.0191,0.0191
8476914,Joonas Korpisalo,BOS,0,-1,0.0,-25.98,3,0,0.134359735,0.11173892557389133,0.1117,0.0372
8476914,Joonas Korpisalo,BOS,0,0,0.0,0.0,2,0,0.021311382,0.01809190143480112,0.0181,0.0091
8476914,Joonas Korpisalo,BOS,0,1,0.0,25.98,1,0,0.022740768,0.01907869730159159,0.0191,0.0191
8476914,Joonas Korpisalo,BOS,1,-2,22.5,-38.97,14,0,0.498508215,0.41656274771129886,0.4166,0.0298
8476914,Joonas Korpisalo,BOS,1,-1,22.5,-12.99,24,1,1.051236868,0.8785120631012682,-0.1215,-0.0051
8476914,Joonas Korpisalo,BOS,1,0,22.5,12.99,19,0,0.853363435,0.7174363823324684,0.7174,0.0378
8476914,Joonas Korpisalo,BOS,1,1,22.5,38.97,13,0,0.254978955,0.2143195559118141,0.2143,0.0165
8476914,Joonas Korpisalo,BOS,2,-3,45.0,-51.96,5,0,0.120882711,0.10129600445056362,0.1013,0.0203
8476914,Joonas Korpisalo,BOS,2,-2,45.0,-25.98,51,1,1.6358886224,1.365168255514019,0.3652,0.0072
8476914,Joonas Korpisalo,BOS,2,-1,45.0,0.0,62,2,4.307941602,3.576809723302746,1.5768,0.0254
8476914,Joonas Korpisalo,BOS,2,0,45.0,25.98,51,0,1.548282105,1.2930650526205663,1.2931,0.0254
8476914,Joonas Korpisalo,BOS,2,1,45.0,51.96,10,0,0.220966239,0.18544448658514326,0.1854,0.0185
8476914,Joonas Korpisalo,BOS,3,-3,67.5,-38.97,31,0,0.932157278,0.7789631058901569,0.779,0.0251
8476914,Joonas Korpisalo,BOS,3,-2,67.5,-12.99,132,11,15.909871209,13.235859729931514,2.2359,0.0169
8476914,Joonas Korpisalo,BOS,3,-1,67.5,12.99,85,12,9.5045035015,7.894806938899468,-4.1052,-0.0483
8476914,Joonas Korpisalo,BOS,3,0,67.5,38.97,37,1,1.5016794390000001,1.2502840612274286,0.2503,0.0068
8476914,Joonas Korpisalo,BOS,4,-3,90.0,-25.98,10,1,0.5392976150000001,0.44793211042773506,-0.5521,-0.0552
8476914,Joonas Korpisalo,BOS,4,-2,90.0,0.0,141,21,20.456795448,17.014644544205364,-3.9854,-0.0283
8476914,Joonas Korpisalo,BOS,4,-1,90.0,25.98,31,2,2.289820069,1.9000335969550823,-0.1,-0.0032
8476932,Anthony Stolarz,TOR,0,-1,0.0,-25.98,2,0,0.049904363,0.041811875726384375,0.0418,0.0209
8476932,Anthony Stolarz,TOR,0,1,0.0,25.98,1,0,0.02172715,0.018240518284643983,0.0182,0.0182
8476932,Anthony Stolarz,TOR,1,-2,22.5,-38.97,12,0,0.24510825,0.20582561542368907,0.2058,0.0172
8476932,Anthony Stolarz,TOR,1,-1,22.5,-12.99,11,1,0.420348402,0.35017567985526055,-0.6498,-0.0591
8476932,Anthony Stolarz,TOR,1,0,22.5,12.99,11,0,0.327986113,0.2740082726540576,0.274,0.0249
8476932,Anthony Stolarz,TOR,1,1,22.5,38.97,5,0,0.088300179,0.07432252034712053,0.0743,0.0149
8476932,Anthony Stolarz,TOR,2,-3,45.0,-51.96,3,0,0.059827801,0.05029017369469756,0.0503,0.0168
8476932,Anthony Stolarz,TOR,2,-2,45.0,-25.98,42,1,1.611730655,1.3423485761351606,0.3423,0.0081
8476932,Anthony Stolarz,TOR,2,-1,45.0,0.0,30,1,1.755481467,1.4569769156620833,0.457,0.0152
8476932,Anthony Stolarz,TOR,2,0,45.0,25.98,27,1,0.786194128,0.6570095892720197,-0.343,-0.0127
8476932,Anthony Stolarz,TOR,2,1,45.0,51.96,2,0,0.056588307000000004,0.04731923514326682,0.0473,0.0236
8476932,Anthony Stolarz,TOR,3,-3,67.5,-38.97,21,2,0.966781211,0.8048977264225917,-1.1951,-0.0569
8476932,Anthony Stolarz,TOR,3,-2,67.5,-12.99,91,12,8.5311341139,7.086811269372079,-4.9132,-0.054
8476932,Anthony Stolarz,TOR,3,-1,67.5,12.99,82,12,8.4453156203,7.014617153232579,-4.9854,-0.0608
8476932,Anthony Stolarz,TOR,3,0,67.5,38.97,18,0,0.623287189,0.5197264461015738,0.5197,0.0289
8476932,Anthony Stolarz,TOR,4,-3,90.0,-25.98,4,0,0.254490063,0.21109805595843067,0.2111,0.0528
8476932,Anthony Stolarz,TOR,4,-2,90.0,0.0,83,8,11.811471996,9.817293217936049,1.8173,0.0219
8476932,Anthony Stolarz,TOR,4,-1,90.0,25.98,13,0,1.070198734,0.8871418540211451,0.8871,0.0682
8476945,Connor Hellebuyck,WPG,0,0,0.0,0.0,2,0,0.018808216,0.016002428633734828,0.016,0.008
8476945,Connor Hellebuyck,WPG,0,1,0.0,25.98,1,0,0.012553352,0.010629548899673366,0.0106,0.0106
8476945,Connor Hellebuyck,WPG,1,-2,22.5,-38.97,17,1,0.3658070165,0.306948823913201,-0.6931,-0.0408
8476945,Connor Hellebuyck,WPG,1,-1,22.5,-12.99,26,1,0.9004873529999999,0.7509682938748284,-0.249,-0.0096
8476945,Connor Hellebuyck,WPG,1,0,22.5,12.99,22,2,0.571209082,0.47799816722180183,-1.522,-0.0692
8476945,Connor Hellebuyck,WPG,1,1,22.5,38.97,13,0,0.248163799,0.20863475195375708,0.2086,0.016
8476945,Connor Hellebuyck,WPG,2,-3,45.0,-51.96,6,0,0.216699634,0.18070420746541083,0.1807,0.0301
8476945,Connor Hellebuyck,WPG,2,-2,45.0,-25.98,77,2,3.049340524,2.5385361011110277,0.5385,0.007
8476945,Connor Hellebuyck,WPG,2,-1,45.0,0.0,76,3,5.509588278,4.573066267373845,1.5731,0.0207
8476945,Connor Hellebuyck,WPG,2,0,45.0,25.98,60,1,1.836420959,1.5336718583793634,0.5337,0.0089
8476945,Connor Hellebuyck,WPG,2,1,45.0,51.96,14,0,0.280722273,0.23592181352114733,0.2359,0.0168
8476945,Connor Hellebuyck,WPG,3,-3,67.5,-38.97,28,0,0.946804533,0.7899118229562807,0.7899,0.0282
8476945,Connor Hellebuyck,WPG,3,-2,67.5,-12.99,176,21,19.1991048725,15.95120571623149,-5.0488,-0.0287
8476945,Connor Hellebuyck,WPG,3,-1,67.5,12.99,170,16,17.5044653715,14.536126761384285,-1.4639,-0.0086
8476945,Connor Hellebuyck,WPG,3,0,67.5,38.97,44,0,1.804444679,1.501888911736347,1.5019,0.0341
8476945,Connor Hellebuyck,WPG,4,-3,90.0,-25.98,12,0,0.686995539,0.5701233426116704,0.5701,0.0475
8476945,Connor Hellebuyck,WPG,4,-2,90.0,0.0,220,27,28.694349918,23.842655062795153,-3.1573,-0.0144
8476945,Connor Hellebuyck,WPG,4,-1,90.0,25.98,24,3,1.490136595,1.2367608113109605,-1.7632,-0.0735
8476945,Connor Hellebuyck,WPG,4,0,90.0,51.96,1,0,0.022705898,0.019049893323283437,0.019,0.019
8476999,Linus Ullmark,OTT,0,-2,0.0,-51.96,2,0,0.059735444,0.04989946833996068,0.0499,0.025
8476999,Linus Ullmark,OTT,0,-1,0.0,-25.98,5,0,0.088176314,0.07419514680768509,0.0742,0.0148
8476999,Linus Ullmark,OTT,0,0,0.0,0.0,4,0,0.667243932,0.5797638837113572,0.5798,0.145
8476999,Linus Ullmark,OTT,0,1,0.0,25.98,1,0,0.0066107195,0.005658517349612265,0.0057,0.0057
8476999,Linus Ullmark,OTT,1,-2,22.5,-38.97,20,0,0.910496591,0.7814711240347729,0.7815,0.0391
8476999,Linus Ullmark,OTT,1,-1,22.5,-12.99,26,0,1.2915063,1.0760916416906707,1.0761,0.0414
8476999,Linus Ullmark,OTT,1,0,22.5,12.99,25,0,0.865128353,0.7215289219261599,0.7215,0.0289
8476999,Linus Ullmark,OTT,1,1,22.5,38.97,17,0,1.1494347754999998,0.9854349698759035,0.9854,0.058
8476999,Linus Ullmark,OTT,2,-3,45.0,-51.96,5,0,0.102310423,0.08596016344077963,0.086,0.0172
8476999,Linus Ullmark,OTT,2,-2,45.0,-25.98,80,2,3.045660023,2.5376680825427074,0.5377,0.0067
8476999,Linus Ullmark,OTT,2,-1,45.0,0.0,84,8,5.243041418,4.351414321246838,-3.6486,-0.0434
8476999,Linus Ullmark,OTT,2,0,45.0,25.98,70,3,2.513422618,2.0975286121762147,-0.9025,-0.0129
8476999,Linus Ullmark,OTT,2,1,45.0,51.96,6,0,0.5625881819999999,0.4706636289081917,0.4707,0.0785
8476999,Linus Ullmark,OTT,3,-3,67.5,-38.97,31,1,1.531392327,1.2751054423020005,0.2751,0.0089
8476999,Linus Ullmark,OTT,3,-2,67.5,-12.99,153,13,16.438326000500002,13.676976469326545,0.677,0.0044
8476999,Linus Ullmark,OTT,3,-1,67.5,12.99,128,9,12.9619967396,10.766904934617195,1.7669,0.0138
8476999,Linus Ullmark,OTT,3,0,67.5,38.97,57,0,2.299571759,1.9192157830414245,1.9192,0.0337
8476999,Linus Ullmark,OTT,4,-3,90.0,-25.98,20,0,1.1774384549999999,0.9773549502560108,0.9774,0.0489
8476999,Linus Ullmark,OTT,4,-2,90.0,0.0,176,25,23.625936084,19.637112262735517,-5.3629,-0.0305
8476999,Linus Ullmark,OTT,4,-1,90.0,25.98,47,3,3.454465678,2.8678075432826624,-0.1322,-0.0028
8476999,Linus Ullmark,OTT,4,0,90.0,51.96,1,0,0.1368793,0.11346801765061396,0.1135,0.1135
8477035,Matt Tomkins,EDM,1,-2,22.5,-38.97,1,0,0.027780415,0.023240946046640065,0.0232,0.0232
8477035,Matt Tomkins,EDM,1,-1,22.5,-12.99,2,0,0.076997278,0.06413073564171115,0.0641,0.032
8477035,Matt Tomkins,EDM,1,0,22.5,12.99,2,1,0.051312305,0.0429723756319052,-0.957,-0.4785
8477035,Matt Tomkins,EDM,1,1,22.5,38.97,1,0,0.017297663,0.014572064581143754,0.0146,0.0146
8477035,Matt Tomkins,EDM,2,-2,45.0,-25.98,1,0,0.048298478,0.040140353646669895,0.0401,0.0401
8477035,Matt Tomkins,EDM,2,0,45.0,25.98,3,0,0.09526530700000001,0.07952945716431754,0.0795,0.0265
8477035,Matt Tomkins,EDM,3,-3,67.5,-38.97,5,0,0.3139404,0.26076323898896936,0.2608,0.0522
8477035,Matt Tomkins,EDM,3,-2,67.5,-12.99,5,0,0.52549978,0.4358714699155151,0.4359,0.0872
8477035,Matt Tomkins,EDM,3,-1,67.5,12.99,3,0,0.370250872,0.30726593443151085,0.3073,0.1024
8477035,Matt Tomkins,EDM,3,0,67.5,38.97,1,0,0.023604196,0.019792384406783214,0.0198,0.0198
8477035,Matt Tomkins,EDM,4,-2,90.0,0.0,2,0,0.210355414,0.17422210059947846,0.1742,0.0871
8477312,Antoine Bibeau,,2,-2,45.0,-25.98,2,0,0.037632782000000004,0.031660969677796545,0.0317,0.0158
8477312,Antoine Bibeau,,2,-1,45.0,0.0,2,0,0.1038616,0.08625992154119223,0.0863,0.0432
8477312,Antoine Bibeau,,2,0,45.0,25.98,2,0,0.110219513,0.09149655564643355,0.0915,0.0458
8477312,Antoine Bibeau,,3,-2,67.5,-12.99,1,0,0.037520256,0.031268606757844666,0.0313,0.0313
8477312,Antoine Bibeau,,4,-2,90.0,0.0,1,1,0.16357873,0.1358725311603245,-0.8641,-0.8641
8477361,Cal Petersen,MIN,1,-1,22.5,-12.99,1,0,0.04481848,0.03727649366250187,0.0373,0.0373
8477361,Cal Petersen,MIN,2,-2,45.0,-25.98,1,0,0.08183476,0.06776725085307703,0.0678,0.0678
8477361,Cal Petersen,MIN,2,-1,45.0,0.0,1,0,0.08284454,0.06860084003378082,0.0686,0.0686
8477361,Cal Petersen,MIN,2,0,45.0,25.98,2,0,0.058095337999999996,0.048572863199667304,0.0486,0.0243
8477361,Cal Petersen,MIN,3,-3,67.5,-38.97,1,0,0.022425013,0.018817623508767454,0.0188,0.0188
8477361,Cal Petersen,MIN,3,-2,67.5,-12.99,4,0,0.525225825,0.4363327283638096,0.4363,0.1091
8477361,Cal Petersen,MIN,3,-1,67.5,12.99,2,0,0.23722312,0.19653399092889462,0.1965,0.0982
8477361,Cal Petersen,MIN,4,-2,90.0,0.0,4,1,0.73731896,0.6193015421425598,-0.3807,-0.0952
8477405,Marcus Hogberg,NYI,0,-2,0.0,-51.96,1,0,0.00845026,0.007202678117370415,0.0072,0.0072
8477405,Marcus Hogberg,NYI,1,-2,22.5,-38.97,1,0,0.019169228,0.016123257811522376,0.0161,0.0161
8477405,Marcus Hogberg,NYI,1,-1,22.5,-12.99,1,0,0.04846346,0.04027611244757803,0.0403,0.0403
8477405,Marcus Hogberg,NYI,2,-2,45.0,-25.98,3,0,0.127211954,0.10584354102205205,0.1058,0.0353
8477405,Marcus Hogberg,NYI,2,-1,45.0,0.0,3,1,0.14858042700000001,0.12345570268084394,-0.8765,-0.2922
8477405,Marcus Hogberg,NYI,3,-3,67.5,-38.97,4,0,0.152283692,0.12682473699476862,0.1268,0.0317
8477405,Marcus Hogberg,NYI,3,-2,67.5,-12.99,3,1,0.333081693,0.2771046626065249,-0.7229,-0.241
8477405,Marcus Hogberg,NYI,3,-1,67.5,12.99,7,1,0.658541312,0.5458211642629908,-0.4542,-0.0649
8477405,Marcus Hogberg,NYI,3,0,67.5,38.97,2,0,0.047312443999999995,0.03965965468203717,0.0397,0.0198
8477405,Marcus Hogberg,NYI,4,-2,90.0,0.0,3,0,0.40013535,0.33226089863587677,0.3323,0.1108
8477424,Juuse Saros,NSH,0,-2,0.0,-51.96,2,0,0.399392434,0.3417631285607938,0.3418,0.1709
8477424,Juuse Saros,NSH,0,-1,0.0,-25.98,4,0,0.059737191,0.05041122352564641,0.0504,0.0126
8477424,Juuse Saros,NSH,0,0,0.0,0.0,3,0,0.583675247,0.5122244408765853,0.5122,0.1707
8477424,Juuse Saros,NSH,0,1,0.0,25.98,4,0,0.056556214,0.04773801358997308,0.0477,0.0119
8477424,Juuse Saros,NSH,1,-2,22.5,-38.97,26,0,1.0287108095,0.8680355038282124,0.868,0.0334
8477424,Juuse Saros,NSH,1,-1,22.5,-12.99,37,1,1.324548114,1.104262575852231,0.1043,0.0028
8477424,Juuse Saros,NSH,1,0,22.5,12.99,31,1,0.9335024695,0.7797868411916495,-0.2202,-0.0071
8477424,Juuse Saros,NSH,1,1,22.5,38.97,9,0,0.8406405949999999,0.7508847837369591,0.7509,0.0834
8477424,Juuse Saros,NSH,2,-3,45.0,-51.96,15,0,0.305815709,0.2569604226201711,0.257,0.0171
8477424,Juuse Saros,NSH,2,-2,45.0,-25.98,111,4,4.5783083509999996,3.81411748329815,-0.1859,-0.0017
8477424,Juuse Saros,NSH,2,-1,45.0,0.0,85,5,5.423239353,4.502525581909758,-0.4975,-0.0059
8477424,Juuse Saros,NSH,2,0,45.0,25.98,104,2,3.0517470035,2.5496741435818198,0.5497,0.0053
8477424,Juuse Saros,NSH,2,1,45.0,51.96,10,0,0.21779314,0.18281674025445596,0.1828,0.0183
8477424,Juuse Saros,NSH,3,-3,67.5,-38.97,52,0,2.014850852,1.6786559068757203,1.6787,0.0323
8477424,Juuse Saros,NSH,3,-2,67.5,-12.99,241,18,26.2757235702,21.845908411662798,3.8459,0.016
8477424,Juuse Saros,NSH,3,-1,67.5,12.99,198,9,20.8728688196,17.34703580371483,8.347,0.0422
8477424,Juuse Saros,NSH,3,0,67.5,38.97,55,0,2.165493024,1.80295566163438,1.803,0.0328
8477424,Juuse Saros,NSH,4,-3,90.0,-25.98,24,1,1.36420808,1.1321950653228599,0.1322,0.0055
8477424,Juuse Saros,NSH,4,-2,90.0,0.0,279,45,39.275767261,32.65755295430961,-12.3424,-0.0442
8477424,Juuse Saros,NSH,4,-1,90.0,25.98,65,8,5.500602807,4.562522458059726,-3.4375,-0.0529
8477424,Juuse Saros,NSH,4,0,90.0,51.96,3,0,0.066659647,0.05592148366360516,0.0559,0.0186
8477465,Tristan Jarry,EDM,0,-2,0.0,-51.96,2,0,0.0280633147,0.023680284456671585,0.0237,0.0118
8477465,Tristan Jarry,EDM,0,-1,0.0,-25.98,3,0,0.060632115,0.05082023087655828,0.0508,0.0169
8477465,Tristan Jarry,EDM,0,0,0.0,0.0,1,0,0.018597983,0.015649988347170768,0.0156,0.0156
8477465,Tristan Jarry,EDM,1,-2,22.5,-38.97,13,0,0.302003417,0.2531741897736687,0.2532,0.0195
8477465,Tristan Jarry,EDM,1,-1,22.5,-12.99,21,1,1.2952148490000002,1.1085580783928972,0.1086,0.0052
8477465,Tristan Jarry,EDM,1,0,22.5,12.99,9,0,0.279833443,0.23368145563097492,0.2337,0.026
8477465,Tristan Jarry,EDM,1,1,22.5,38.97,5,0,0.09567774500000001,0.08039744706153554,0.0804,0.0161
8477465,Tristan Jarry,EDM,2,-3,45.0,-51.96,4,0,0.078673586,0.06614187990389643,0.0661,0.0165
8477465,Tristan Jarry,EDM,2,-2,45.0,-25.98,61,3,2.848354703,2.369766187438621,-0.6302,-0.0103
8477465,Tristan Jarry,EDM,2,-1,45.0,0.0,48,2,3.5571011,2.9552650744352587,0.9553,0.0199
8477465,Tristan Jarry,EDM,2,0,45.0,25.98,56,2,1.839427003,1.5346720922363406,-0.4653,-0.0083
8477465,Tristan Jarry,EDM,2,1,45.0,51.96,5,0,0.10442236199999999,0.08770127121575669,0.0877,0.0175
8477465,Tristan Jarry,EDM,3,-3,67.5,-38.97,31,1,1.523397735,1.2663501260451904,0.2664,0.0086
8477465,Tristan Jarry,EDM,3,-2,67.5,-12.99,157,11,17.983933275000002,14.94781238060438,3.9478,0.0251
8477465,Tristan Jarry,EDM,3,-1,67.5,12.99,113,10,11.1302453048,9.249959293478112,-0.75,-0.0066
8477465,Tristan Jarry,EDM,3,0,67.5,38.97,31,0,1.0675037274,0.8901595898599666,0.8902,0.0287
8477465,Tristan Jarry,EDM,4,-3,90.0,-25.98,15,0,0.814660873,0.6764861584973949,0.6765,0.0451
8477465,Tristan Jarry,EDM,4,-2,90.0,0.0,140,17,17.219001518,14.30751402120197,-2.6925,-0.0192
8477465,Tristan Jarry,EDM,4,-1,90.0,25.98,23,1,1.608931212,1.3351455019604053,0.3351,0.0146
8477465,Tristan Jarry,EDM,4,0,90.0,51.96,2,0,0.174123627,0.1446955110051553,0.1447,0.0724
8477480,Eric Comrie,WPG,0,-1,0.0,-25.98,1,0,0.022604445,0.01896598596412535,0.019,0.019
8477480,Eric Comrie,WPG,0,1,0.0,25.98,3,0,0.0268365667,0.022848279443504975,0.0228,0.0076
8477480,Eric Comrie,WPG,1,-2,22.5,-38.97,8,0,0.391651829,0.32951822642727246,0.3295,0.0412
8477480,Eric Comrie,WPG,1,-1,22.5,-12.99,11,0,0.442347681,0.36828408329685447,0.3683,0.0335
8477480,Eric Comrie,WPG,1,0,22.5,12.99,11,0,0.326920969,0.27318599744272487,0.2732,0.0248
8477480,Eric Comrie,WPG,1,1,22.5,38.97,8,0,0.48719883500000005,0.41304315809204944,0.413,0.0516
8477480,Eric Comrie,WPG,2,-3,45.0,-51.96,3,0,0.055913988,0.04704846222048426,0.047,0.0157
8477480,Eric Comrie,WPG,2,-2,45.0,-25.98,53,2,2.2941601256,1.9088106343742328,-0.0912,-0.0017
8477480,Eric Comrie,WPG,2,-1,45.0,0.0,44,4,2.784961045,2.31019742435673,-1.6898,-0.0384
8477480,Eric Comrie,WPG,2,0,45.0,25.98,30,2,1.0210073435,0.8511932459046311,-1.1488,-0.0383
8477480,Eric Comrie,WPG,2,1,45.0,51.96,2,0,0.042705814,0.03585839472384292,0.0359,0.018
8477480,Eric Comrie,WPG,3,-3,67.5,-38.97,15,1,0.703580978,0.5849965799014888,-0.415,-0.0277
8477480,Eric Comrie,WPG,3,-2,67.5,-12.99,73,10,8.641166112,7.181822095287811,-2.8182,-0.0386
8477480,Eric Comrie,WPG,3,-1,67.5,12.99,64,7,6.96381905,5.786371625690138,-1.2136,-0.019
8477480,Eric Comrie,WPG,3,0,67.5,38.97,26,1,0.836946065,0.6982346388295188,-0.3018,-0.0116
8477480,Eric Comrie,WPG,4,-3,90.0,-25.98,6,0,0.20920244699999999,0.1743800571896719,0.1744,0.0291
8477480,Eric Comrie,WPG,4,-2,90.0,0.0,77,12,9.664385567,8.025807663780329,-3.9742,-0.0516
8477480,Eric Comrie,WPG,4,-1,90.0,25.98,16,0,1.320903311,1.095350076049832,1.0954,0.0685
8477480,Eric Comrie,WPG,4,0,90.0,51.96,3,0,0.059143292,0.04972158337800653,0.0497,0.0166
8477484,Spencer Martin,NYR,0,-1,0.0,-25.98,1,0,0.026115732,0.021866915410738572,0.0219,0.0219
8477484,Spencer Martin,NYR,1,-2,22.5,-38.97,1,0,0.0316721,0.026450472535435064,0.0265,0.0265
8477484,Spencer Martin,NYR,1,0,22.5,12.99,1,0,0.030980883,0.0258806441187253,0.0259,0.0259
8477484,Spencer Martin,NYR,1,1,22.5,38.97,1,0,0.02715204,0.022722358502254562,0.0227,0.0227
8477484,Spencer Martin,NYR,2,-3,45.0,-51.96,1,0,0.02257576,0.018942245350036933,0.0189,0.0189
8477484,Spencer Martin,NYR,2,-2,45.0,-25.98,10,0,0.389575026,0.32440289760269336,0.3244,0.0324
8477484,Spencer Martin,NYR,2,-1,45.0,0.0,10,1,0.74432574,0.6176222173774499,-0.3824,-0.0382
8477484,Spencer Martin,NYR,2,0,45.0,25.98,12,0,0.314482895,0.26323879427570784,0.2632,0.0219
8477484,Spencer Martin,NYR,2,1,45.0,51.96,3,0,0.088311105,0.0737786605572959,0.0738,0.0246
8477484,Spencer Martin,NYR,3,-3,67.5,-38.97,2,0,0.047535902000000005,0.03984829991089868,0.0398,0.0199
8477484,Spencer Martin,NYR,3,-2,67.5,-12.99,21,6,2.128275771,1.7673927374823264,-4.2326,-0.2016
8477484,Spencer Martin,NYR,3,-1,67.5,12.99,21,2,2.576488374,2.143759954313663,0.1438,0.0068
8477484,Spencer Martin,NYR,3,0,67.5,38.97,5,0,0.27662619099999997,0.22963885850140967,0.2296,0.0459
8477484,Spencer Martin,NYR,4,-3,90.0,-25.98,2,0,0.21173206,0.1754856806498823,0.1755,0.0878
8477484,Spencer Martin,NYR,4,-2,90.0,0.0,23,2,3.036318347,2.5236703768748345,0.5237,0.0228
8477484,Spencer Martin,NYR,4,-1,90.0,25.98,2,0,0.127225164,0.1055230322851998,0.1055,0.0528
8477484,Spencer Martin,NYR,4,0,90.0,51.96,2,0,0.038390605,0.032288396360608505,0.0323,0.0162
8477831,Pheonix Copley,LAK,0,0,0.0,0.0,1,0,0.016028102,0.013518649299459505,0.0135,0.0135
8477831,Pheonix Copley,LAK,2,-2,45.0,-25.98,1,1,0.03417521,0.028513329418034278,-0.9715,-0.9715
8477831,Pheonix Copley,LAK,2,-1,45.0,0.0,2,0,0.080909945,0.06736859985208568,0.0674,0.0337
8477831,Pheonix Copley,LAK,2,0,45.0,25.98,1,0,0.017261298,0.014541905692290183,0.0145,0.0145
8477831,Pheonix Copley,LAK,3,-3,67.5,-38.97,1,0,0.021226792,0.017826564926896743,0.0178,0.0178
8477831,Pheonix Copley,LAK,3,-2,67.5,-12.99,3,0,0.314034365,0.2602689937086344,0.2603,0.0868
8477831,Pheonix Copley,LAK,3,-1,67.5,12.99,2,1,0.161747969,0.13399356681595317,-0.866,-0.433
8477831,Pheonix Copley,LAK,4,-2,90.0,0.0,3,1,0.297175725,0.24652880066102512,-0.7535,-0.2512
8477831,Pheonix Copley,LAK,4,-1,90.0,25.98,3,0,0.26502645999999996,0.2195866775721415,0.2196,0.0732
8477967,Thatcher Demko,VAN,0,-2,0.0,-51.96,1,0,0.018431447,0.01551200554022349,0.0155,0.0155
8477967,Thatcher Demko,VAN,1,-2,22.5,-38.97,5,0,0.102574873,0.0861716266224773,0.0862,0.0172
8477967,Thatcher Demko,VAN,1,-1,22.5,-12.99,9,0,0.333730196,0.27811815497208897,0.2781,0.0309
8477967,Thatcher Demko,VAN,1,0,22.5,12.99,10,0,0.284812789,0.23812220492553396,0.2381,0.0238
8477967,Thatcher Demko,VAN,1,1,22.5,38.97,8,0,0.196365905,0.16443140855544225,0.1644,0.0206
8477967,Thatcher Demko,VAN,2,-3,45.0,-51.96,3,0,0.064625272,0.05425904078020969,0.0543,0.0181
8477967,Thatcher Demko,VAN,2,-2,45.0,-25.98,23,1,0.775419027,0.6468757934609983,-0.3531,-0.0154
8477967,Thatcher Demko,VAN,2,-1,45.0,0.0,33,2,2.180740787,1.809279828906613,-0.1907,-0.0058
8477967,Thatcher Demko,VAN,2,0,45.0,25.98,19,0,0.616603283,0.5145279195969128,0.5145,0.0271
8477967,Thatcher Demko,VAN,2,1,45.0,51.96,5,0,0.146367266,0.12227970150059944,0.1223,0.0245
8477967,Thatcher Demko,VAN,3,-3,67.5,-38.97,15,0,0.5732153520000001,0.4776870098051236,0.4777,0.0318
8477967,Thatcher Demko,VAN,3,-2,67.5,-12.99,65,5,7.166474877,5.952841861696901,0.9528,0.0147
8477967,Thatcher Demko,VAN,3,-1,67.5,12.99,64,2,6.511707608,5.410425865847032,3.4104,0.0533
8477967,Thatcher Demko,VAN,3,0,67.5,38.97,11,0,0.448736665,0.37340978310568873,0.3734,0.0339
8477967,Thatcher Demko,VAN,4,-3,90.0,-25.98,12,0,0.767492615,0.63663894752452,0.6366,0.0531
8477967,Thatcher Demko,VAN,4,-2,90.0,0.0,98,13,13.234140736,10.995954431866073,-2.004,-0.0204
8477967,Thatcher Demko,VAN,4,-1,90.0,25.98,17,1,1.233079314,1.022833517451575,0.0228,0.0013
8477968,Alex Nedeljkovic,SJS,0,-2,0.0,-51.96,1,0,0.008500236,0.0072445469438607805,0.0072,0.0072
8477968,Alex Nedeljkovic,SJS,0,-1,0.0,-25.98,4,1,0.118192787,0.09858627810558909,-0.9014,-0.2254
8477968,Alex Nedeljkovic,SJS,0,0,0.0,0.0,1,0,0.006967272,0.005958299974702513,0.006,0.006
8477968,Alex Nedeljkovic,SJS,0,1,0.0,25.98,1,0,0.025403231,0.021278596347945676,0.0213,0.0213
8477968,Alex Nedeljkovic,SJS,1,-2,22.5,-38.97,22,0,0.459915261,0.3861396088053821,0.3861,0.0176
8477968,Alex Nedeljkovic,SJS,1,-1,22.5,-12.99,16,0,0.589244733,0.49106837894237293,0.4911,0.0307
8477968,Alex Nedeljkovic,SJS,1,0,22.5,12.99,18,1,0.594766378,0.4962594816037125,-0.5037,-0.028
8477968,Alex Nedeljkovic,SJS,1,1,22.5,38.97,14,0,0.39123560999999996,0.32696589041810076,0.327,0.0234
8477968,Alex Nedeljkovic,SJS,2,-3,45.0,-51.96,10,0,0.37977877000000004,0.3172965162993123,0.3173,0.0317
8477968,Alex Nedeljkovic,SJS,2,-2,45.0,-25.98,69,1,2.653579971,2.211333383762647,1.2113,0.0176
8477968,Alex Nedeljkovic,SJS,2,-1,45.0,0.0,68,5,4.368377487,3.6279524508501164,-1.372,-0.0202
8477968,Alex Nedeljkovic,SJS,2,0,45.0,25.98,56,3,1.8364779625,1.5322521350649903,-1.4677,-0.0262
8477968,Alex Nedeljkovic,SJS,2,1,45.0,51.96,5,0,0.111437471,0.09351215617090569,0.0935,0.0187
8477968,Alex Nedeljkovic,SJS,3,-3,67.5,-38.97,32,0,1.5162339280000001,1.2639465740303615,1.2639,0.0395
8477968,Alex Nedeljkovic,SJS,3,-2,67.5,-12.99,146,12,15.6781764832,13.032450734174848,1.0325,0.0071
8477968,Alex Nedeljkovic,SJS,3,-1,67.5,12.99,110,8,11.2113323034,9.311934074321334,1.3119,0.0119
8477968,Alex Nedeljkovic,SJS,3,0,67.5,38.97,41,0,1.509360268,1.2576663297610757,1.2577,0.0307
8477968,Alex Nedeljkovic,SJS,4,-3,90.0,-25.98,14,0,0.840655652,0.6977577034971802,0.6978,0.0498
8477968,Alex Nedeljkovic,SJS,4,-2,90.0,0.0,162,24,22.869236922,19.015717403610868,-4.9843,-0.0308
8477968,Alex Nedeljkovic,SJS,4,-1,90.0,25.98,36,2,2.807742465,2.328479666986488,0.3285,0.0091
8477970,Vitek Vanecek,UTA,0,-1,0.0,-25.98,3,0,0.05923249,0.04978287425450914,0.0498,0.0166
8477970,Vitek Vanecek,UTA,1,-2,22.5,-38.97,10,0,0.41883264,0.35032512269674176,0.3503,0.035
8477970,Vitek Vanecek,UTA,1,-1,22.5,-12.99,14,0,0.721169262,0.5992058129391156,0.5992,0.0428
8477970,Vitek Vanecek,UTA,1,0,22.5,12.99,9,0,0.343377785,0.28628424611750247,0.2863,0.0318
8477970,Vitek Vanecek,UTA,1,1,22.5,38.97,6,0,0.14473740200000001,0.12124890997400692,0.1212,0.0202
8477970,Vitek Vanecek,UTA,2,-3,45.0,-51.96,3,0,0.063845911,0.053611171669659355,0.0536,0.0179
8477970,Vitek Vanecek,UTA,2,-2,45.0,-25.98,26,2,0.7688858725,0.6423762396676159,-1.3576,-0.0522
8477970,Vitek Vanecek,UTA,2,-1,45.0,0.0,32,1,2.048230804,1.7003084911485924,0.7003,0.0219
8477970,Vitek Vanecek,UTA,2,0,45.0,25.98,29,0,1.035665161,0.8632262646176279,0.8632,0.0298
8477970,Vitek Vanecek,UTA,2,1,45.0,51.96,7,0,0.165415454,0.13863144391023655,0.1386,0.0198
8477970,Vitek Vanecek,UTA,3,-3,67.5,-38.97,12,0,0.368470716,0.30765146953457145,0.3077,0.0256
8477970,Vitek Vanecek,UTA,3,-2,67.5,-12.99,69,12,7.418756085,6.1624845005270315,-5.8375,-0.0846
8477970,Vitek Vanecek,UTA,3,-1,67.5,12.99,52,6,4.868284501,4.043210866094288,-1.9568,-0.0376
8477970,Vitek Vanecek,UTA,3,0,67.5,38.97,10,0,0.377523929,0.31446850770534285,0.3145,0.0314
8477970,Vitek Vanecek,UTA,4,-3,90.0,-25.98,7,0,0.173639242,0.14539849617154707,0.1454,0.0208
8477970,Vitek Vanecek,UTA,4,-2,90.0,0.0,69,10,9.486513751,7.888815085921527,-2.1112,-0.0306
8477970,Vitek Vanecek,UTA,4,-1,90.0,25.98,16,1,1.269103939,1.0546513306712584,0.0547,0.0034
8477970,Vitek Vanecek,UTA,4,0,90.0,51.96,1,0,0.019854616,0.016690842091303577,0.0167,0.0167
8477990,Brandon Halverson,TBL,1,-1,22.5,-12.99,3,0,0.08603537,0.07193278750503797,0.0719,0.024
8477990,Brandon Halverson,TBL,1,0,22.5,12.99,2,0,0.040910739,0.03435559982224742,0.0344,0.0172
8477990,Brandon Halverson,TBL,2,-2,45.0,-25.98,6,0,0.16761738,0.14012972816937702,0.1401,0.0234
8477990,Brandon Halverson,TBL,2,-1,45.0,0.0,3,0,0.169528658,0.1407541112777007,0.1408,0.0469
8477990,Brandon Halverson,TBL,2,0,45.0,25.98,5,0,0.148646022,0.12422029113748556,0.1242,0.0248
8477990,Brandon Halverson,TBL,3,-3,67.5,-38.97,3,0,0.077115531,0.06457377483870108,0.0646,0.0215
8477990,Brandon Halverson,TBL,3,-2,67.5,-12.99,13,1,0.995385261,0.8254250274943176,-0.1746,-0.0134
8477990,Brandon Halverson,TBL,3,-1,67.5,12.99,9,1,0.733631009,0.6082938796654195,-0.3917,-0.0435
8477990,Brandon Halverson,TBL,3,0,67.5,38.97,4,0,0.086722641,0.07278187797183044,0.0728,0.0182
8477990,Brandon Halverson,TBL,4,-3,90.0,-25.98,1,0,0.06626257,0.0549278531587127,0.0549,0.0549
8477990,Brandon Halverson,TBL,4,-2,90.0,0.0,8,0,1.18736162,0.9868326238161468,0.9868,0.1234
8477990,Brandon Halverson,TBL,4,-1,90.0,25.98,2,0,0.15907017099999998,0.13207931932069353,0.1321,0.066
8477992,Jonas Johansson,TBL,0,-2,0.0,-51.96,2,0,0.1600333255,0.13298567967989644,0.133,0.0665
8477992,Jonas Johansson,TBL,0,-1,0.0,-25.98,3,0,0.120456597,0.1002656313744761,0.1003,0.0334
8477992,Jonas Johansson,TBL,0,0,0.0,0.0,2,0,0.03657043,0.03078076784676047,0.0308,0.0154
8477992,Jonas Johansson,TBL,0,1,0.0,25.98,1,0,0.013541688,0.011452287214249884,0.0115,0.0115
8477992,Jonas Johansson,TBL,1,-2,22.5,-38.97,17,0,0.522135252,0.43605323226090675,0.4361,0.0257
8477992,Jonas Johansson,TBL,1,-1,22.5,-12.99,17,0,0.698849862,0.5817401986154542,0.5817,0.0342
8477992,Jonas Johansson,TBL,1,0,22.5,12.99,13,0,0.534059357,0.44590105735807367,0.4459,0.0343
8477992,Jonas Johansson,TBL,1,1,22.5,38.97,7,0,0.136214945,0.11451399416068068,0.1145,0.0164
8477992,Jonas Johansson,TBL,2,-3,45.0,-51.96,7,0,0.256594255,0.21390940590541957,0.2139,0.0306
8477992,Jonas Johansson,TBL,2,-2,45.0,-25.98,51,2,1.933379422,1.6108711682129826,-0.3891,-0.0076
8477992,Jonas Johansson,TBL,2,-1,45.0,0.0,49,3,3.5741665989999998,2.9690227601871304,-0.031,-0.0006
8477992,Jonas Johansson,TBL,2,0,45.0,25.98,29,1,0.812282816,0.6790923408696593,-0.3209,-0.0111
8477992,Jonas Johansson,TBL,2,1,45.0,51.96,9,0,0.29608182,0.24733700205157108,0.2473,0.0275
8477992,Jonas Johansson,TBL,3,-3,67.5,-38.97,20,0,0.725893429,0.6053864801894973,0.6054,0.0303
8477992,Jonas Johansson,TBL,3,-2,67.5,-12.99,77,12,9.086985211,7.556691746046629,-4.4433,-0.0577
8477992,Jonas Johansson,TBL,3,-1,67.5,12.99,79,10,8.4954358815,7.058629811090595,-2.9414,-0.0372
8477992,Jonas Johansson,TBL,3,0,67.5,38.97,27,0,1.170134606,0.9738232999944406,0.9738,0.0361
8477992,Jonas Johansson,TBL,4,-3,90.0,-25.98,10,0,0.666642394,0.5530127964112043,0.553,0.0553
8477992,Jonas Johansson,TBL,4,-2,90.0,0.0,108,16,14.823128581,12.322114262945286,-3.6779,-0.0341
8477992,Jonas Johansson,TBL,4,-1,90.0,25.98,15,0,1.208893354,1.0033532621559274,1.0034,0.0669
8477992,Jonas Johansson,TBL,4,0,90.0,51.96,2,0,0.038731398,0.03257169666311567,0.0326,0.0163
8478007,Elvis Merzlikins,CBJ,0,-2,0.0,-51.96,1,0,0.027210413,0.022770540019150808,0.0228,0.0228
8478007,Elvis Merzlikins,CBJ,0,-1,0.0,-25.98,1,0,0.52776307,0.4653556910201696,0.4654,0.4654
8478007,Elvis Merzlikins,CBJ,0,0,0.0,0.0,2,0,0.020485133000000003,0.017397455778637615,0.0174,0.0087
8478007,Elvis Merzlikins,CBJ,0,1,0.0,25.98,3,0,0.065117719,0.054564034210360386,0.0546,0.0182
8478007,Elvis Merzlikins,CBJ,1,-2,22.5,-38.97,15,0,0.38503934300000003,0.32229295784557754,0.3223,0.0215
8478007,Elvis Merzlikins,CBJ,1,-1,22.5,-12.99,14,1,0.753249218,0.6278991053846601,-0.3721,-0.0266
8478007,Elvis Merzlikins,CBJ,1,0,22.5,12.99,22,0,0.8929152739999999,0.7499727730454796,0.75,0.0341
8478007,Elvis Merzlikins,CBJ,1,1,22.5,38.97,4,1,0.18750348200000003,0.15610467687079366,-0.8439,-0.211
8478007,Elvis Merzlikins,CBJ,2,-3,45.0,-51.96,3,1,0.060807713,0.05109988873732802,-0.9489,-0.3163
8478007,Elvis Merzlikins,CBJ,2,-2,45.0,-25.98,62,1,2.404156813,2.0020899538049526,1.0021,0.0162
8478007,Elvis Merzlikins,CBJ,2,-1,45.0,0.0,68,9,4.53312994,3.762250654432136,-5.2377,-0.077
8478007,Elvis Merzlikins,CBJ,2,0,45.0,25.98,44,3,1.42429418,1.188562215258641,-1.8114,-0.0412
8478007,Elvis Merzlikins,CBJ,2,1,45.0,51.96,3,1,0.131214585,0.10912919257932707,-0.8909,-0.297
8478007,Elvis Merzlikins,CBJ,3,-3,67.5,-38.97,16,0,0.46382050799999996,0.38761932344686545,0.3876,0.0242
8478007,Elvis Merzlikins,CBJ,3,-2,67.5,-12.99,113,9,12.695028749,10.55758191324067,1.5576,0.0138
8478007,Elvis Merzlikins,CBJ,3,-1,67.5,12.99,76,14,8.214153816,6.82303012811198,-7.177,-0.0944
8478007,Elvis Merzlikins,CBJ,3,0,67.5,38.97,32,0,1.252614767,1.043121988215559,1.0431,0.0326
8478007,Elvis Merzlikins,CBJ,4,-3,90.0,-25.98,14,2,0.869153893,0.7209393983735726,-1.2791,-0.0914
8478007,Elvis Merzlikins,CBJ,4,-2,90.0,0.0,116,11,16.584027542,13.7973638648254,2.7974,0.0241
8478007,Elvis Merzlikins,CBJ,4,-1,90.0,25.98,24,2,2.002998613,1.6622579542831533,-0.3377,-0.0141
8478009,Ilya Sorokin,NYI,0,-2,0.0,-51.96,2,0,0.02960524,0.025000464160650375,0.025,0.0125
8478009,Ilya Sorokin,NYI,0,-1,0.0,-25.98,3,0,0.069058941,0.05791913933383233,0.0579,0.0193
8478009,Ilya Sorokin,NYI,0,0,0.0,0.0,7,0,0.0871378127,0.07367903107676796,0.0737,0.0105
8478009,Ilya Sorokin,NYI,0,1,0.0,25.98,3,0,0.0604030535,0.050678646786619125,0.0507,0.0169
8478009,Ilya Sorokin,NYI,1,-2,22.5,-38.97,26,0,0.657598099,0.5505075003972958,0.5505,0.0212
8478009,Ilya Sorokin,NYI,1,-1,22.5,-12.99,48,2,1.967067884,1.637348664668702,-0.3627,-0.0076
8478009,Ilya Sorokin,NYI,1,0,22.5,12.99,21,0,0.590770656,0.4939466337530791,0.4939,0.0235
8478009,Ilya Sorokin,NYI,1,1,22.5,38.97,19,0,0.9652141675000001,0.830330625064865,0.8303,0.0437
8478009,Ilya Sorokin,NYI,2,-3,45.0,-51.96,14,0,0.290989307,0.2444357154411852,0.2444,0.0175
8478009,Ilya Sorokin,NYI,2,-2,45.0,-25.98,86,0,3.34083888,2.782242784881427,2.7822,0.0324
8478009,Ilya Sorokin,NYI,2,-1,45.0,0.0,98,4,6.9411127554,5.761198836054581,1.7612,0.018
8478009,Ilya Sorokin,NYI,2,0,45.0,25.98,79,2,2.630813614,2.1971077499590828,0.1971,0.0025
8478009,Ilya Sorokin,NYI,2,1,45.0,51.96,10,0,0.332842676,0.27773412922049673,0.2777,0.0278
8478009,Ilya Sorokin,NYI,3,-3,67.5,-38.97,36,1,1.658814197,1.3800374801942135,0.38,0.0106
8478009,Ilya Sorokin,NYI,3,-2,67.5,-12.99,192,21,21.4988247493,17.878045497053932,-3.122,-0.0163
8478009,Ilya Sorokin,NYI,3,-1,67.5,12.99,177,14,17.274052436,14.342055729713614,0.3421,0.0019
8478009,Ilya Sorokin,NYI,3,0,67.5,38.97,57,2,1.895143399,1.5809929551731967,-0.419,-0.0074
8478009,Ilya Sorokin,NYI,4,-3,90.0,-25.98,24,1,1.54514648,1.2818794788419323,0.2819,0.0117
8478009,Ilya Sorokin,NYI,4,-2,90.0,0.0,278,28,38.180320226,31.73026190333524,3.7303,0.0134
8478009,Ilya Sorokin,NYI,4,-1,90.0,25.98,41,3,3.43102931,2.8476471196142765,-0.1524,-0.0037
8478009,Ilya Sorokin,NYI,4,0,90.0,51.96,3,0,0.065302696,0.054818284023164104,0.0548,0.0183
8478024,Ville Husso,ANA,0,-2,0.0,-51.96,1,0,0.071823746,0.059509975943552576,0.0595,0.0595
8478024,Ville Husso,ANA,0,-1,0.0,-25.98,3,0,0.5589797835,0.49379443171575843,0.4938,0.1646
8478024,Ville Husso,ANA,0,0,0.0,0.0,2,0,0.04213717,0.035390688076070015,0.0354,0.0177
8478024,Ville Husso,ANA,0,1,0.0,25.98,1,0,0.023659373,0.019837968625363467,0.0198,0.0198
8478024,Ville Husso,ANA,1,-2,22.5,-38.97,9,0,0.2128135665,0.17823311895760013,0.1782,0.0198
8478024,Ville Husso,ANA,1,-1,22.5,-12.99,10,0,0.843904239,0.721978949355649,0.722,0.0722
8478024,Ville Husso,ANA,1,0,22.5,12.99,10,0,0.444039932,0.37064077521117633,0.3706,0.0371
8478024,Ville Husso,ANA,1,1,22.5,38.97,3,0,0.044861018,0.0378714651314124,0.0379,0.0126
8478024,Ville Husso,ANA,2,-3,45.0,-51.96,2,0,0.037624262,0.03165475909275266,0.0317,0.0158
8478024,Ville Husso,ANA,2,-2,45.0,-25.98,33,1,1.219969611,1.0163783281113903,0.0164,0.0005
8478024,Ville Husso,ANA,2,-1,45.0,0.0,29,1,2.038029885,1.6902654042228646,0.6903,0.0238
8478024,Ville Husso,ANA,2,0,45.0,25.98,37,2,1.2404216160000001,1.0347343872621761,-0.9653,-0.0261
8478024,Ville Husso,ANA,2,1,45.0,51.96,2,0,0.048139477,0.04035171251381194,0.0404,0.0202
8478024,Ville Husso,ANA,3,-3,67.5,-38.97,8,1,0.324255731,0.2699789795436463,-0.73,-0.0912
8478024,Ville Husso,ANA,3,-2,67.5,-12.99,73,5,7.9829035544,6.638246611207388,1.6382,0.0224
8478024,Ville Husso,ANA,3,-1,67.5,12.99,53,6,5.518375331,4.585458903011401,-1.4145,-0.0267
8478024,Ville Husso,ANA,3,0,67.5,38.97,24,0,0.7365557555,0.6149255434010285,0.6149,0.0256
8478024,Ville Husso,ANA,4,-3,90.0,-25.98,9,1,0.550306288,0.45653117578012015,-0.5435,-0.0604
8478024,Ville Husso,ANA,4,-2,90.0,0.0,95,16,12.400298792,10.309499494285483,-5.6905,-0.0599
8478024,Ville Husso,ANA,4,-1,90.0,25.98,22,1,1.522045711,1.2631106349149837,0.2631,0.012
8478039,Kaapo Kahkonen,MTL,1,-1,22.5,-12.99,2,0,0.0771168,0.06424666243113673,0.0642,0.0321
8478039,Kaapo Kahkonen,MTL,1,0,22.5,12.99,2,0,0.044487241999999996,0.03733525331808952,0.0373,0.0186
8478039,Kaapo Kahkonen,MTL,2,-2,45.0,-25.98,2,0,0.040688578,0.034191445306869545,0.0342,0.0171
8478039,Kaapo Kahkonen,MTL,2,0,45.0,25.98,3,0,0.073324572,0.06142921231800615,0.0614,0.0205
8478039,Kaapo Kahkonen,MTL,3,-2,67.5,-12.99,1,0,0.054974895,0.04563466174547178,0.0456,0.0456
8478039,Kaapo Kahkonen,MTL,3,-1,67.5,12.99,5,2,0.640301056,0.5314265885838987,-1.4686,-0.2937
8478039,Kaapo Kahkonen,MTL,4,-2,90.0,0.0,3,1,0.43351242,0.3595855128610286,-0.6404,-0.2135
8478039,Kaapo Kahkonen,MTL,4,-1,90.0,25.98,3,0,0.22246422100000002,0.18429758680952538,0.1843,0.0614
8478048,Igor Shesterkin,NYR,0,-2,0.0,-51.96,2,0,0.033269427000000004,0.02801639139180343,0.028,0.014
8478048,Igor Shesterkin,NYR,0,-1,0.0,-25.98,1,0,0.011302052,0.009586552989871265,0.0096,0.0096
8478048,Igor Shesterkin,NYR,0,0,0.0,0.0,1,0,0.016565284,0.013964537201858139,0.014,0.014
8478048,Igor Shesterkin,NYR,0,1,0.0,25.98,3,0,0.0294466615,0.025023793775697405,0.025,0.0083
8478048,Igor Shesterkin,NYR,0,2,0.0,51.96,1,0,0.0096030515,0.008167608096265447,0.0082,0.0082
8478048,Igor Shesterkin,NYR,1,-2,22.5,-38.97,17,0,0.333745929,0.28035505319707754,0.2804,0.0165
8478048,Igor Shesterkin,NYR,1,-1,22.5,-12.99,19,0,0.699091795,0.5825946459707306,0.5826,0.0307
8478048,Igor Shesterkin,NYR,1,0,22.5,12.99,19,1,0.625486032,0.521938365417929,-0.4781,-0.0252
8478048,Igor Shesterkin,NYR,1,1,22.5,38.97,13,0,0.2617482205,0.21976532743549737,0.2198,0.0169
8478048,Igor Shesterkin,NYR,2,-3,45.0,-51.96,7,0,0.143455554,0.12052797848601927,0.1205,0.0172
8478048,Igor Shesterkin,NYR,2,-2,45.0,-25.98,93,2,4.185035974,3.4812967020393186,1.4813,0.0159
8478048,Igor Shesterkin,NYR,2,-1,45.0,0.0,99,3,6.887953793,5.716839819001907,2.7168,0.0274
8478048,Igor Shesterkin,NYR,2,0,45.0,25.98,72,0,2.5549597955,2.1308260978840288,2.1308,0.0296
8478048,Igor Shesterkin,NYR,2,1,45.0,51.96,5,0,0.099046056,0.08325986081679226,0.0833,0.0167
8478048,Igor Shesterkin,NYR,3,-3,67.5,-38.97,43,0,1.6734504829999999,1.3937683919972261,1.3938,0.0324
8478048,Igor Shesterkin,NYR,3,-2,67.5,-12.99,144,16,15.8120349502,13.144430065892644,-2.8556,-0.0198
8478048,Igor Shesterkin,NYR,3,-1,67.5,12.99,131,13,14.5379334585,12.088856886941162,-0.9111,-0.007
8478048,Igor Shesterkin,NYR,3,0,67.5,38.97,46,1,1.771417705,1.4757722813175986,0.4758,0.0103
8478048,Igor Shesterkin,NYR,4,-3,90.0,-25.98,18,1,1.22934833,1.0196818223060597,0.0197,0.0011
8478048,Igor Shesterkin,NYR,4,-2,90.0,0.0,189,16,25.914293083,21.532147459535153,5.5321,0.0293
8478048,Igor Shesterkin,NYR,4,-1,90.0,25.98,26,2,2.25084544,1.8670439426021115,-0.133,-0.0051
8478406,Mackenzie Blackwood,COL,0,-2,0.0,-51.96,1,0,0.010236319,0.00869689153357226,0.0087,0.0087
8478406,Mackenzie Blackwood,COL,0,0,0.0,0.0,1,0,0.009836328,0.008362636317597793,0.0084,0.0084
8478406,Mackenzie Blackwood,COL,0,1,0.0,25.98,4,0,0.049228623,0.04164682635797326,0.0416,0.0104
8478406,Mackenzie Blackwood,COL,1,-2,22.5,-38.97,15,0,0.609164105,0.5155396341002613,0.5155,0.0344
8478406,Mackenzie Blackwood,COL,1,-1,22.5,-12.99,13,0,0.51624342,0.4297657761664282,0.4298,0.0331
8478406,Mackenzie Blackwood,COL,1,0,22.5,12.99,14,0,0.45550896,0.38014971216533616,0.3801,0.0272
8478406,Mackenzie Blackwood,COL,1,1,22.5,38.97,5,0,0.094652722,0.07962717738870417,0.0796,0.0159
8478406,Mackenzie Blackwood,COL,2,-3,45.0,-51.96,7,0,0.148330796,0.12456786320255953,0.1246,0.0178
8478406,Mackenzie Blackwood,COL,2,-2,45.0,-25.98,51,2,1.891607115,1.5761567288738698,-0.4238,-0.0083
8478406,Mackenzie Blackwood,COL,2,-1,45.0,0.0,54,2,3.0935813526000002,2.5690306027623255,0.569,0.0105
8478406,Mackenzie Blackwood,COL,2,0,45.0,25.98,34,0,0.937161026,0.7836800579251694,0.7837,0.023
8478406,Mackenzie Blackwood,COL,2,1,45.0,51.96,2,0,0.041303883,0.034700619892736546,0.0347,0.0174
8478406,Mackenzie Blackwood,COL,3,-3,67.5,-38.97,19,0,0.863589121,0.7182967354841802,0.7183,0.0378
8478406,Mackenzie Blackwood,COL,3,-2,67.5,-12.99,90,7,9.52759803,7.911091998501025,0.9111,0.0101
8478406,Mackenzie Blackwood,COL,3,-1,67.5,12.99,75,3,7.0247724396,5.830181239680695,2.8302,0.0377
8478406,Mackenzie Blackwood,COL,3,0,67.5,38.97,25,0,0.7704577675,0.6432757081562696,0.6433,0.0257
8478406,Mackenzie Blackwood,COL,4,-3,90.0,-25.98,13,1,0.778199387,0.6466137632954508,-0.3534,-0.0272
8478406,Mackenzie Blackwood,COL,4,-2,90.0,0.0,118,12,16.01757763,13.309339885917348,1.3093,0.0111
8478406,Mackenzie Blackwood,COL,4,-1,90.0,25.98,15,1,1.2944895299999999,1.0737825727310593,0.0738,0.0049
8478435,Dan Vladar,PHI,0,-2,0.0,-51.96,3,0,0.063633212,0.05343212068548234,0.0534,0.0178
8478435,Dan Vladar,PHI,0,0,0.0,0.0,3,0,0.0423831675,0.035778332927147535,0.0358,0.0119
8478435,Dan Vladar,PHI,0,1,0.0,25.98,1,0,0.049914274,0.041470070475025274,0.0415,0.0415
8478435,Dan Vladar,PHI,1,-2,22.5,-38.97,26,0,0.659131029,0.5518748148983427,0.5519,0.0212
8478435,Dan Vladar,PHI,1,-1,22.5,-12.99,28,1,1.124474644,0.9360561721871806,-0.0639,-0.0023
8478435,Dan Vladar,PHI,1,0,22.5,12.99,17,0,0.602172256,0.5020208162220493,0.502,0.0295
8478435,Dan Vladar,PHI,1,1,22.5,38.97,14,0,0.33275863699999997,0.278640913960956,0.2786,0.0199
8478435,Dan Vladar,PHI,2,-3,45.0,-51.96,7,0,0.17304228300000002,0.14492121410053652,0.1449,0.0207
8478435,Dan Vladar,PHI,2,-2,45.0,-25.98,67,0,2.5946803965,2.16060695323741,2.1606,0.0322
8478435,Dan Vladar,PHI,2,-1,45.0,0.0,84,4,5.619972132,4.663171505475455,0.6632,0.0079
8478435,Dan Vladar,PHI,2,0,45.0,25.98,60,0,1.856348939,1.5500257348514572,1.55,0.0258
8478435,Dan Vladar,PHI,2,1,45.0,51.96,10,0,0.6067163950000001,0.5198557453208142,0.5199,0.052
8478435,Dan Vladar,PHI,3,-3,67.5,-38.97,29,0,1.197159095,0.996583193597247,0.9966,0.0344
8478435,Dan Vladar,PHI,3,-2,67.5,-12.99,131,16,15.686304527,13.038882133570054,-2.9611,-0.0226
8478435,Dan Vladar,PHI,3,-1,67.5,12.99,138,12,13.5845580852,11.280367046774584,-0.7196,-0.0052
8478435,Dan Vladar,PHI,3,0,67.5,38.97,38,0,1.337390811,1.1148159230405603,1.1148,0.0293
8478435,Dan Vladar,PHI,4,-3,90.0,-25.98,20,0,1.180022151,0.9796200701201364,0.9796,0.049
8478435,Dan Vladar,PHI,4,-2,90.0,0.0,143,18,19.421243165,16.152187160952288,-1.8478,-0.0129
8478435,Dan Vladar,PHI,4,-1,90.0,25.98,27,2,2.372698963,1.9687854506784472,-0.0312,-0.0012
8478435,Dan Vladar,PHI,4,0,90.0,51.96,1,0,0.018656459,0.01569847591323373,0.0157,0.0157
8478470,Samuel Montembeault,MTL,0,-2,0.0,-51.96,1,0,0.02868863,0.023990291933072016,0.024,0.024
8478470,Samuel Montembeault,MTL,0,1,0.0,25.98,3,0,0.097479506,0.08129884396787673,0.0813,0.0271
8478470,Samuel Montembeault,MTL,1,-2,22.5,-38.97,10,0,0.2422540745,0.20296265856783713,0.203,0.0203
8478470,Samuel Montembeault,MTL,1,-1,22.5,-12.99,9,1,0.348705798,0.29039033366604783,-0.7096,-0.0788
8478470,Samuel Montembeault,MTL,1,0,22.5,12.99,8,0,0.270497859,0.22564779644091698,0.2256,0.0282
8478470,Samuel Montembeault,MTL,1,1,22.5,38.97,8,0,0.142482488,0.11990367029826181,0.1199,0.015
8478470,Samuel Montembeault,MTL,2,-3,45.0,-51.96,2,0,0.037798345,0.03179711917851184,0.0318,0.0159
8478470,Samuel Montembeault,MTL,2,-2,45.0,-25.98,38,1,2.181648514,1.8118248874855347,0.8118,0.0214
8478470,Samuel Montembeault,MTL,2,-1,45.0,0.0,27,1,2.254157072,1.8703785460494964,0.8704,0.0322
8478470,Samuel Montembeault,MTL,2,0,45.0,25.98,31,3,1.022117696,0.8527114813672553,-2.1473,-0.0693
8478470,Samuel Montembeault,MTL,2,1,45.0,51.96,4,0,0.310382913,0.26075882695148306,0.2608,0.0652
8478470,Samuel Montembeault,MTL,3,-3,67.5,-38.97,12,0,0.395612254,0.3299656957015656,0.33,0.0275
8478470,Samuel Montembeault,MTL,3,-2,67.5,-12.99,74,7,9.036611103,7.517892316518067,0.5179,0.007
8478470,Samuel Montembeault,MTL,3,-1,67.5,12.99,52,6,5.9411323563,4.936820194163127,-1.0632,-0.0204
8478470,Samuel Montembeault,MTL,3,0,67.5,38.97,14,0,0.370766655,0.3102169713194052,0.3102,0.0222
8478470,Samuel Montembeault,MTL,4,-3,90.0,-25.98,8,0,0.339017603,0.2820878785781415,0.2821,0.0353
8478470,Samuel Montembeault,MTL,4,-2,90.0,0.0,98,15,14.399739492,11.982541611323128,-3.0175,-0.0308
8478470,Samuel Montembeault,MTL,4,-1,90.0,25.98,15,1,1.613901989,1.3422310361511032,0.3422,0.0228
8478470,Samuel Montembeault,MTL,4,0,90.0,51.96,1,0,0.019303964,0.016234874595552895,0.0162,0.0162
8478499,Adin Hill,VGK,0,-1,0.0,-25.98,3,0,0.049988041999999996,0.042099799410889406,0.0421,0.014
8478499,Adin Hill,VGK,1,-2,22.5,-38.97,11,0,0.223443848,0.18772618950439893,0.1877,0.0171
8478499,Adin Hill,VGK,1,-1,22.5,-12.99,7,0,0.245925579,0.20495408380775706,0.205,0.0293
8478499,Adin Hill,VGK,1,0,22.5,12.99,9,0,0.235973654,0.19746280390536053,0.1975,0.0219
8478499,Adin Hill,VGK,1,1,22.5,38.97,7,0,0.127993721,0.10771764276081261,0.1077,0.0154
8478499,Adin Hill,VGK,2,-2,45.0,-25.98,29,0,1.100768934,0.9169188774844298,0.9169,0.0316
8478499,Adin Hill,VGK,2,-1,45.0,0.0,25,2,1.546253431,1.283669482670343,-0.7163,-0.0287
8478499,Adin Hill,VGK,2,0,45.0,25.98,20,0,0.492358504,0.412460572485981,0.4125,0.0206
8478499,Adin Hill,VGK,2,1,45.0,51.96,5,0,0.11105356,0.09319521370456776,0.0932,0.0186
8478499,Adin Hill,VGK,3,-3,67.5,-38.97,17,1,0.49542115999999997,0.4140525846894859,-0.5859,-0.0345
8478499,Adin Hill,VGK,3,-2,67.5,-12.99,84,12,8.7123945163,7.244281725988826,-4.7557,-0.0566
8478499,Adin Hill,VGK,3,-1,67.5,12.99,46,4,4.891248083,4.068268728304945,0.0683,0.0015
8478499,Adin Hill,VGK,3,0,67.5,38.97,29,0,1.059114573,0.8827035670458855,0.8827,0.0304
8478499,Adin Hill,VGK,4,-3,90.0,-25.98,4,0,0.31221059500000004,0.2600882995554815,0.2601,0.065
8478499,Adin Hill,VGK,4,-2,90.0,0.0,63,12,7.9681353889999995,6.62485831468211,-5.3751,-0.0853
8478499,Adin Hill,VGK,4,-1,90.0,25.98,12,0,0.8581460000000001,0.7121503656461807,0.7122,0.0594
8478872,Karel Vejmelka,UTA,0,-2,0.0,-51.96,3,0,0.081536699,0.06810917343485326,0.0681,0.0227
8478872,Karel Vejmelka,UTA,0,-1,0.0,-25.98,7,0,0.16904428500000002,0.14147260579104606,0.1415,0.0202
8478872,Karel Vejmelka,UTA,0,0,0.0,0.0,12,0,0.472622652,0.39426897292107305,0.3943,0.0329
8478872,Karel Vejmelka,UTA,0,1,0.0,25.98,8,0,0.725747263,0.6281970847937436,0.6282,0.0785
8478872,Karel Vejmelka,UTA,0,2,0.0,51.96,1,0,0.026020246,0.0217881244163046,0.0218,0.0218
8478872,Karel Vejmelka,UTA,1,-2,22.5,-38.97,43,0,1.7393542,1.4609366024087156,1.4609,0.034
8478872,Karel Vejmelka,UTA,1,-1,22.5,-12.99,40,0,1.584779534,1.3202263860982355,1.3202,0.033
8478872,Karel Vejmelka,UTA,1,0,22.5,12.99,34,0,1.096028382,0.9147770525942839,0.9148,0.0269
8478872,Karel Vejmelka,UTA,1,1,22.5,38.97,22,0,1.050307464,0.9118359502684976,0.9118,0.0414
8478872,Karel Vejmelka,UTA,2,-3,45.0,-51.96,7,0,0.14032022,0.117920364210551,0.1179,0.0168
8478872,Karel Vejmelka,UTA,2,-2,45.0,-25.98,117,3,5.1500692827,4.2831249896409425,1.2831,0.011
8478872,Karel Vejmelka,UTA,2,-1,45.0,0.0,144,4,10.6828780844,8.868047846796639,4.868,0.0338
8478872,Karel Vejmelka,UTA,2,0,45.0,25.98,73,1,2.4449490616,2.039151487301961,1.0392,0.0142
8478872,Karel Vejmelka,UTA,2,1,45.0,51.96,14,0,0.359826055,0.3010842079646626,0.3011,0.0215
8478872,Karel Vejmelka,UTA,3,-3,67.5,-38.97,41,0,1.874080508,1.559029212164953,1.559,0.038
8478872,Karel Vejmelka,UTA,3,-2,67.5,-12.99,264,19,29.0634345525,24.163265896063525,5.1633,0.0196
8478872,Karel Vejmelka,UTA,3,-1,67.5,12.99,169,15,17.456016733,14.499957707102613,-0.5,-0.003
8478872,Karel Vejmelka,UTA,3,0,67.5,38.97,51,1,2.207870241,1.836654677599183,0.8367,0.0164
8478872,Karel Vejmelka,UTA,4,-3,90.0,-25.98,26,3,1.374438245,1.1419521489109938,-1.858,-0.0715
8478872,Karel Vejmelka,UTA,4,-2,90.0,0.0,261,39,36.261663369,30.141436721653292,-8.8586,-0.0339
8478872,Karel Vejmelka,UTA,4,-1,90.0,25.98,52,1,4.467635116,3.704142943756084,2.7041,0.052
8478872,Karel Vejmelka,UTA,4,0,90.0,51.96,3,0,0.06365902200000001,0.053450758509663986,0.0535,0.0178
8478905,Ivan Fedotov,CBJ,1,-2,22.5,-38.97,1,0,0.011060768,0.009385208903691185,0.0094,0.0094
8478905,Ivan Fedotov,CBJ,1,0,22.5,12.99,2,0,0.043319768999999994,0.036368477078091266,0.0364,0.0182
8478905,Ivan Fedotov,CBJ,2,-3,45.0,-51.96,1,0,0.019065559,0.016037367633000826,0.016,0.016
8478905,Ivan Fedotov,CBJ,2,-2,45.0,-25.98,3,0,0.098465318,0.08214308210663132,0.0821,0.0274
8478905,Ivan Fedotov,CBJ,2,-1,45.0,0.0,3,0,0.141553396,0.1176717155875529,0.1177,0.0392
8478905,Ivan Fedotov,CBJ,2,0,45.0,25.98,3,0,0.07636534,0.06392535834241653,0.0639,0.0213
8478905,Ivan Fedotov,CBJ,2,1,45.0,51.96,1,0,0.019627577,0.016502847811465816,0.0165,0.0165
8478905,Ivan Fedotov,CBJ,3,-3,67.5,-38.97,1,0,0.02373995,0.019904547566031834,0.0199,0.0199
8478905,Ivan Fedotov,CBJ,3,-2,67.5,-12.99,6,0,0.44529517700000004,0.36933548026216256,0.3693,0.0616
8478905,Ivan Fedotov,CBJ,3,-1,67.5,12.99,3,0,0.220131977,0.1824694353750395,0.1825,0.0608
8478905,Ivan Fedotov,CBJ,4,-2,90.0,0.0,2,0,0.25876585,0.214482127852327,0.2145,0.1072
8478916,Joey Daccord,SEA,0,-2,0.0,-51.96,5,0,0.624602604,0.5305658216341488,0.5306,0.1061
8478916,Joey Daccord,SEA,0,1,0.0,25.98,7,0,0.199772182,0.1669558773787992,0.167,0.0239
8478916,Joey Daccord,SEA,1,-2,22.5,-38.97,28,0,1.087734958,0.9217380805819874,0.9217,0.0329
8478916,Joey Daccord,SEA,1,-1,22.5,-12.99,26,0,1.071609731,0.8918066881925167,0.8918,0.0343
8478916,Joey Daccord,SEA,1,0,22.5,12.99,28,2,0.9126056124999999,0.7623525113946834,-1.2376,-0.0442
8478916,Joey Daccord,SEA,1,1,22.5,38.97,14,0,0.2191290107,0.1846564884601503,0.1847,0.0132
8478916,Joey Daccord,SEA,2,-3,45.0,-51.96,9,0,0.200024433,0.16782519024013107,0.1678,0.0186
8478916,Joey Daccord,SEA,2,-2,45.0,-25.98,92,1,3.718943538,3.0983092924513134,2.0983,0.0228
8478916,Joey Daccord,SEA,2,-1,45.0,0.0,76,3,4.980523618,4.13758253657946,1.1376,0.015
8478916,Joey Daccord,SEA,2,0,45.0,25.98,94,4,2.903355063,2.4246636728025153,-1.5753,-0.0168
8478916,Joey Daccord,SEA,2,1,45.0,51.96,10,1,0.700477934,0.5874953895180985,-0.4125,-0.0412
8478916,Joey Daccord,SEA,3,-3,67.5,-38.97,37,0,1.5451137689999999,1.2867231077259664,1.2867,0.0348
8478916,Joey Daccord,SEA,3,-2,67.5,-12.99,179,14,17.9540109842,14.918455032450733,0.9185,0.0051
8478916,Joey Daccord,SEA,3,-1,67.5,12.99,140,16,13.1676311047,10.934207885051611,-5.0658,-0.0362
8478916,Joey Daccord,SEA,3,0,67.5,38.97,51,1,1.98574175,1.6552010537637567,0.6552,0.0128
8478916,Joey Daccord,SEA,4,-3,90.0,-25.98,28,1,2.168980525,1.7994536158272325,0.7995,0.0286
8478916,Joey Daccord,SEA,4,-2,90.0,0.0,238,30,31.829219006,26.448806145818683,-3.5512,-0.0149
8478916,Joey Daccord,SEA,4,-1,90.0,25.98,43,6,2.984036241,2.4766786455069973,-3.5233,-0.0819
8478971,Connor Ingram,EDM,0,-1,0.0,-25.98,3,0,0.073742457,0.0617242580638035,0.0617,0.0206
8478971,Connor Ingram,EDM,0,0,0.0,0.0,3,0,0.3498323675,0.2960145764506913,0.296,0.0987
8478971,Connor Ingram,EDM,0,1,0.0,25.98,2,0,0.05196311,0.04351143468716788,0.0435,0.0217
8478971,Connor Ingram,EDM,1,-2,22.5,-38.97,7,0,0.162195667,0.1360049142499274,0.136,0.0194
8478971,Connor Ingram,EDM,1,-1,22.5,-12.99,21,0,0.930106375,0.7737239886094578,0.7737,0.0368
8478971,Connor Ingram,EDM,1,0,22.5,12.99,21,0,0.535420516,0.4480985748519913,0.4481,0.0213
8478971,Connor Ingram,EDM,1,1,22.5,38.97,8,0,0.44304386100000004,0.3737009569323051,0.3737,0.0467
8478971,Connor Ingram,EDM,2,-3,45.0,-51.96,4,0,0.075997143,0.0639243646930351,0.0639,0.016
8478971,Connor Ingram,EDM,2,-2,45.0,-25.98,53,4,2.570077134,2.136575983092654,-1.8634,-0.0352
8478971,Connor Ingram,EDM,2,-1,45.0,0.0,55,4,3.297726684,2.739895280215132,-1.2601,-0.0229
8478971,Connor Ingram,EDM,2,0,45.0,25.98,41,0,1.562968425,1.3036612248656825,1.3037,0.0318
8478971,Connor Ingram,EDM,2,1,45.0,51.96,8,0,0.173063177,0.14527208672396064,0.1453,0.0182
8478971,Connor Ingram,EDM,3,-3,67.5,-38.97,26,0,1.319289523,1.0971438676798222,1.0971,0.0422
8478971,Connor Ingram,EDM,3,-2,67.5,-12.99,113,8,11.8717781185,9.865354793589033,1.8654,0.0165
8478971,Connor Ingram,EDM,3,-1,67.5,12.99,89,8,9.394551718,7.797025811336354,-0.203,-0.0023
8478971,Connor Ingram,EDM,3,0,67.5,38.97,34,1,1.738259523,1.4460532637327594,0.4461,0.0131
8478971,Connor Ingram,EDM,4,-3,90.0,-25.98,17,1,1.0000587140000001,0.8308288801651633,-0.1692,-0.01
8478971,Connor Ingram,EDM,4,-2,90.0,0.0,121,15,16.355236342,13.60336042163947,-1.3966,-0.0115
8478971,Connor Ingram,EDM,4,-1,90.0,25.98,32,3,3.068885676,2.5449922254046724,-0.455,-0.0142
8478971,Connor Ingram,EDM,4,0,90.0,51.96,1,0,0.01950997,0.01640547424317666,0.0164,0.0164
8479193,Casey DeSmith,DAL,0,-1,0.0,-25.98,2,0,0.050090466,0.041926024281035534,0.0419,0.021
8479193,Casey DeSmith,DAL,0,1,0.0,25.98,2,0,0.036654285,0.030804855098012573,0.0308,0.0154
8479193,Casey DeSmith,DAL,1,-2,22.5,-38.97,17,0,0.383555207,0.32165409401077105,0.3217,0.0189
8479193,Casey DeSmith,DAL,1,-1,22.5,-12.99,14,0,0.656061729,0.5454035294424843,0.5454,0.039
8479193,Casey DeSmith,DAL,1,0,22.5,12.99,14,0,0.553384776,0.4610275717093995,0.461,0.0329
8479193,Casey DeSmith,DAL,1,1,22.5,38.97,10,0,0.210410739,0.17666629664209818,0.1767,0.0177
8479193,Casey DeSmith,DAL,2,-3,45.0,-51.96,6,0,0.16535959,0.13824741103137617,0.1382,0.023
8479193,Casey DeSmith,DAL,2,-2,45.0,-25.98,37,1,1.287975813,1.0738972537790685,0.0739,0.002
8479193,Casey DeSmith,DAL,2,-1,45.0,0.0,45,2,2.932390737,2.4338346769349397,0.4338,0.0096
8479193,Casey DeSmith,DAL,2,0,45.0,25.98,37,1,1.345319331,1.1212037445557144,0.1212,0.0033
8479193,Casey DeSmith,DAL,2,1,45.0,51.96,6,0,0.227406314,0.18938406969139973,0.1894,0.0316
8479193,Casey DeSmith,DAL,3,-3,67.5,-38.97,19,2,0.926771555,0.7710467040103344,-1.229,-0.0647
8479193,Casey DeSmith,DAL,3,-2,67.5,-12.99,84,7,8.985557229,7.469021262931689,0.469,0.0056
8479193,Casey DeSmith,DAL,3,-1,67.5,12.99,66,6,7.275805652,6.043178137795245,0.0432,0.0007
8479193,Casey DeSmith,DAL,3,0,67.5,38.97,22,1,0.742589222,0.619359304323399,-0.3806,-0.0173
8479193,Casey DeSmith,DAL,4,-3,90.0,-25.98,14,2,0.8175335020000001,0.6790564916724604,-1.3209,-0.0944
8479193,Casey DeSmith,DAL,4,-2,90.0,0.0,102,10,14.540811841,12.090889097605949,2.0909,0.0205
8479193,Casey DeSmith,DAL,4,-1,90.0,25.98,21,0,1.848719497,1.532976461950223,1.533,0.073
8479193,Casey DeSmith,DAL,4,0,90.0,51.96,1,0,0.01730135,0.01457515343522019,0.0146,0.0146
8479292,Charlie Lindgren,WSH,0,0,0.0,0.0,1,0,0.008858346,0.0075444713818390045,0.0075,0.0075
8479292,Charlie Lindgren,WSH,0,1,0.0,25.98,2,0,0.021923204,0.01860481375678328,0.0186,0.0093
8479292,Charlie Lindgren,WSH,1,-2,22.5,-38.97,11,1,0.483293349,0.4040212425761983,-0.596,-0.0542
8479292,Charlie Lindgren,WSH,1,-1,22.5,-12.99,12,1,0.38952799699999996,0.32505902369325634,-0.6749,-0.0562
8479292,Charlie Lindgren,WSH,1,0,22.5,12.99,4,1,0.136271277,0.11369492346781586,-0.8863,-0.2216
8479292,Charlie Lindgren,WSH,1,1,22.5,38.97,5,0,0.104956327,0.08812240572718871,0.0881,0.0176
8479292,Charlie Lindgren,WSH,2,-3,45.0,-51.96,2,0,0.04309465,0.03618329307718229,0.0362,0.0181
8479292,Charlie Lindgren,WSH,2,-2,45.0,-25.98,37,3,1.6545891895,1.376370882816289,-1.6236,-0.0439
8479292,Charlie Lindgren,WSH,2,-1,45.0,0.0,39,3,2.620209368,2.174126799992982,-0.8259,-0.0212
8479292,Charlie Lindgren,WSH,2,0,45.0,25.98,35,0,1.2123716963,1.0107705654127626,1.0108,0.0289
8479292,Charlie Lindgren,WSH,2,1,45.0,51.96,4,0,0.07964003,0.06694430609081473,0.0669,0.0167
8479292,Charlie Lindgren,WSH,3,-3,67.5,-38.97,24,0,0.935453996,0.7790351428088269,0.779,0.0325
8479292,Charlie Lindgren,WSH,3,-2,67.5,-12.99,95,12,10.8509004673,9.025307596793008,-2.9747,-0.0313
8479292,Charlie Lindgren,WSH,3,-1,67.5,12.99,62,5,6.5220526696,5.422462608623338,0.4225,0.0068
8479292,Charlie Lindgren,WSH,3,0,67.5,38.97,26,0,1.213849745,1.0091428048055093,1.0091,0.0388
8479292,Charlie Lindgren,WSH,4,-3,90.0,-25.98,8,0,0.434266312,0.36052014004348776,0.3605,0.0451
8479292,Charlie Lindgren,WSH,4,-2,90.0,0.0,95,16,13.194856814,10.96804057298117,-5.032,-0.053
8479292,Charlie Lindgren,WSH,4,-1,90.0,25.98,20,1,1.802730151,1.4949356352971972,0.4949,0.0247
8479312,Alex Lyon,BUF,0,-1,0.0,-25.98,2,0,0.06290854,0.0525083325803228,0.0525,0.0262
8479312,Alex Lyon,BUF,0,0,0.0,0.0,3,0,0.051513058,0.043380092704320306,0.0434,0.0145
8479312,Alex Lyon,BUF,0,1,0.0,25.98,3,0,0.049924493,0.04208238223416898,0.0421,0.014
8479312,Alex Lyon,BUF,1,-2,22.5,-38.97,31,0,0.842607898,0.706154913613184,0.7062,0.0228
8479312,Alex Lyon,BUF,1,-1,22.5,-12.99,26,1,0.999668448,0.8326803801949328,-0.1673,-0.0064
8479312,Alex Lyon,BUF,1,0,22.5,12.99,24,0,0.747680035,0.6242369918886624,0.6242,0.026
8479312,Alex Lyon,BUF,1,1,22.5,38.97,6,0,0.112101576,0.09422772110945737,0.0942,0.0157
8479312,Alex Lyon,BUF,2,-3,45.0,-51.96,3,0,0.063774956,0.05355776418951508,0.0536,0.0179
8479312,Alex Lyon,BUF,2,-2,45.0,-25.98,57,1,2.4584893345,2.0454771208564284,1.0455,0.0183
8479312,Alex Lyon,BUF,2,-1,45.0,0.0,75,1,5.5727422650000005,4.626273754171487,3.6263,0.0484
8479312,Alex Lyon,BUF,2,0,45.0,25.98,77,0,3.087723022,2.5785256122452407,2.5785,0.0335
8479312,Alex Lyon,BUF,2,1,45.0,51.96,12,0,1.2678326720000002,1.0887927111296152,1.0888,0.0907
8479312,Alex Lyon,BUF,3,-3,67.5,-38.97,33,1,1.44003407,1.198454525685192,0.1985,0.006
8479312,Alex Lyon,BUF,3,-2,67.5,-12.99,144,15,15.6251916665,12.988541454218032,-2.0115,-0.014
8479312,Alex Lyon,BUF,3,-1,67.5,12.99,124,15,12.3175691295,10.229939343868116,-4.7701,-0.0385
8479312,Alex Lyon,BUF,3,0,67.5,38.97,48,2,1.9158128355,1.5950146840383619,-0.405,-0.0084
8479312,Alex Lyon,BUF,4,-3,90.0,-25.98,21,0,1.080448499,0.8975687964796215,0.8976,0.0427
8479312,Alex Lyon,BUF,4,-2,90.0,0.0,147,14,20.437110875,16.99035245139366,2.9904,0.0203
8479312,Alex Lyon,BUF,4,-1,90.0,25.98,23,1,1.590342274,1.3207046789956907,0.3207,0.0139
8479312,Alex Lyon,BUF,4,0,90.0,51.96,1,0,0.022487644,0.018869428191191084,0.0189,0.0189
8479313,Zach Sawchenko,CBJ,1,0,22.5,12.99,1,0,0.034140695,0.02848489889087793,0.0285,0.0285
8479313,Zach Sawchenko,CBJ,2,-2,45.0,-25.98,2,0,0.059532962999999994,0.04975039121405635,0.0498,0.0249
8479313,Zach Sawchenko,CBJ,2,-1,45.0,0.0,2,0,0.22551805600000002,0.18760770957601644,0.1876,0.0938
8479313,Zach Sawchenko,CBJ,2,1,45.0,51.96,2,0,0.04402591,0.03695339037520848,0.037,0.0185
8479313,Zach Sawchenko,CBJ,3,-2,67.5,-12.99,1,0,0.1547805,0.1284701073717949,0.1285,0.1285
8479313,Zach Sawchenko,CBJ,4,-2,90.0,0.0,3,1,0.226547242,0.1878512306295868,-0.8121,-0.2707
8479361,Joseph Woll,TOR,0,-2,0.0,-51.96,1,0,0.014567901,0.012305703531751939,0.0123,0.0123
8479361,Joseph Woll,TOR,0,-1,0.0,-25.98,1,0,0.012346104,0.010456889259128242,0.0105,0.0105
8479361,Joseph Woll,TOR,0,0,0.0,0.0,2,0,0.048876068,0.040962458212560685,0.041,0.0205
8479361,Joseph Woll,TOR,0,1,0.0,25.98,3,0,0.028051957000000002,0.02386723526171914,0.0239,0.008
8479361,Joseph Woll,TOR,1,-2,22.5,-38.97,10,0,0.199778097,0.16786712598149522,0.1679,0.0168
8479361,Joseph Woll,TOR,1,-1,22.5,-12.99,18,0,0.603207206,0.503068263680914,0.5031,0.028
8479361,Joseph Woll,TOR,1,0,22.5,12.99,16,0,0.534406138,0.4458126308573487,0.4458,0.0279
8479361,Joseph Woll,TOR,1,1,22.5,38.97,7,0,0.145206903,0.12196002214880489,0.122,0.0174
8479361,Joseph Woll,TOR,2,-3,45.0,-51.96,6,0,0.115773455,0.09736466809844391,0.0974,0.0162
8479361,Joseph Woll,TOR,2,-2,45.0,-25.98,68,0,2.52999638,2.107758247157616,2.1078,0.031
8479361,Joseph Woll,TOR,2,-1,45.0,0.0,63,4,4.584771091,3.810141110673526,-0.1899,-0.003
8479361,Joseph Woll,TOR,2,0,45.0,25.98,52,2,1.428760778,1.1947314812180687,-0.8053,-0.0155
8479361,Joseph Woll,TOR,2,1,45.0,51.96,7,0,0.150913868,0.12669731650918106,0.1267,0.0181
8479361,Joseph Woll,TOR,3,-3,67.5,-38.97,33,1,1.0290470575,0.8591084807121723,-0.1409,-0.0043
8479361,Joseph Woll,TOR,3,-2,67.5,-12.99,142,17,13.196922655,10.955526680824677,-6.0445,-0.0426
8479361,Joseph Woll,TOR,3,-1,67.5,12.99,82,9,8.3230552277,6.913974046040024,-2.086,-0.0254
8479361,Joseph Woll,TOR,3,0,67.5,38.97,42,0,1.763562734,1.4674469416339575,1.4674,0.0349
8479361,Joseph Woll,TOR,4,-3,90.0,-25.98,10,0,0.640607775,0.5311859818464275,0.5312,0.0531
8479361,Joseph Woll,TOR,4,-2,90.0,0.0,131,19,19.303935454,16.065449315468264,-2.9346,-0.0224
8479361,Joseph Woll,TOR,4,-1,90.0,25.98,27,2,2.055315524,1.7068924355354387,-0.2931,-0.0109
8479394,Carter Hart,VGK,0,-1,0.0,-25.98,2,0,0.026965642999999997,0.022806614770539933,0.0228,0.0114
8479394,Carter Hart,VGK,0,1,0.0,25.98,1,0,0.0082012955,0.0069940343689296235,0.007,0.007
8479394,Carter Hart,VGK,1,-2,22.5,-38.97,8,0,0.152542141,0.12819041126966516,0.1282,0.016
8479394,Carter Hart,VGK,1,-1,22.5,-12.99,5,1,0.18618924,0.1551466983941237,-0.8449,-0.169
8479394,Carter Hart,VGK,1,0,22.5,12.99,8,2,0.230099921,0.19234218339151618,-1.8077,-0.226
8479394,Carter Hart,VGK,1,1,22.5,38.97,6,0,0.127992474,0.10737060356304655,0.1074,0.0179
8479394,Carter Hart,VGK,2,-3,45.0,-51.96,2,0,0.037071240000000005,0.03119495224011217,0.0312,0.0156
8479394,Carter Hart,VGK,2,-2,45.0,-25.98,22,1,0.970287198,0.8070341093763036,-0.193,-0.0088
8479394,Carter Hart,VGK,2,-1,45.0,0.0,21,1,1.781545195,1.4766858169636452,0.4767,0.0227
8479394,Carter Hart,VGK,2,0,45.0,25.98,19,0,0.644974533,0.5378291051828213,0.5378,0.0283
8479394,Carter Hart,VGK,2,1,45.0,51.96,6,0,0.370854637,0.3118812221109726,0.3119,0.052
8479394,Carter Hart,VGK,3,-3,67.5,-38.97,12,0,0.445226268,0.3709738702163276,0.371,0.0309
8479394,Carter Hart,VGK,3,-2,67.5,-12.99,55,5,5.948102645,4.941317825667154,-0.0587,-0.0011
8479394,Carter Hart,VGK,3,-1,67.5,12.99,51,6,5.653951156,4.693950208380215,-1.306,-0.0256
8479394,Carter Hart,VGK,3,0,67.5,38.97,21,0,0.956665827,0.7963932898332948,0.7964,0.0379
8479394,Carter Hart,VGK,4,-3,90.0,-25.98,1,0,0.06152097,0.05102311459437107,0.051,0.051
8479394,Carter Hart,VGK,4,-2,90.0,0.0,57,8,7.591771521,6.309100009024574,-1.6909,-0.0297
8479394,Carter Hart,VGK,4,-1,90.0,25.98,16,0,1.772725498,1.4731040349355016,1.4731,0.0921
8479394,Carter Hart,VGK,4,0,90.0,51.96,1,0,0.023680568,0.019855503969534158,0.0199,0.0199
8479406,Filip Gustavsson,MIN,0,-2,0.0,-51.96,1,0,0.0097474065,0.008288293540267076,0.0083,0.0083
8479406,Filip Gustavsson,MIN,0,-1,0.0,-25.98,1,0,0.02676878,0.022406071872481247,0.0224,0.0224
8479406,Filip Gustavsson,MIN,0,0,0.0,0.0,5,0,0.09130994199999999,0.07674881585392675,0.0767,0.0153
8479406,Filip Gustavsson,MIN,0,1,0.0,25.98,2,0,0.0268970695,0.022748568851047365,0.0227,0.0114
8479406,Filip Gustavsson,MIN,1,-2,22.5,-38.97,21,0,0.46996547,0.3941667137688338,0.3942,0.0188
8479406,Filip Gustavsson,MIN,1,-1,22.5,-12.99,12,1,0.365177689,0.304842223984884,-0.6952,-0.0579
8479406,Filip Gustavsson,MIN,1,0,22.5,12.99,28,1,0.8370288,0.6991827335605827,-0.3008,-0.0107
8479406,Filip Gustavsson,MIN,1,1,22.5,38.97,13,0,0.278788049,0.23401869530642933,0.234,0.018
8479406,Filip Gustavsson,MIN,2,-3,45.0,-51.96,6,0,0.128592706,0.10797142820062972,0.108,0.018
8479406,Filip Gustavsson,MIN,2,-2,45.0,-25.98,89,0,3.6071965464,3.003009960304469,3.003,0.0337
8479406,Filip Gustavsson,MIN,2,-1,45.0,0.0,77,3,5.132125193,4.259714890075928,1.2597,0.0164
8479406,Filip Gustavsson,MIN,2,0,45.0,25.98,62,2,1.839383823,1.5366881101908207,-0.4633,-0.0075
8479406,Filip Gustavsson,MIN,2,1,45.0,51.96,6,0,0.128426134,0.10783466865331355,0.1078,0.018
8479406,Filip Gustavsson,MIN,3,-3,67.5,-38.97,38,2,1.399932274,1.1668150244889917,-0.8332,-0.0219
8479406,Filip Gustavsson,MIN,3,-2,67.5,-12.99,146,9,15.425750504,12.81236574942157,3.8124,0.0261
8479406,Filip Gustavsson,MIN,3,-1,67.5,12.99,104,5,10.2843108806,8.543226641830294,3.5432,0.0341
8479406,Filip Gustavsson,MIN,3,0,67.5,38.97,49,0,2.037821677,1.6964300765982052,1.6964,0.0346
8479406,Filip Gustavsson,MIN,4,-3,90.0,-25.98,16,0,0.6695176110000001,0.5571111604353307,0.5571,0.0348
8479406,Filip Gustavsson,MIN,4,-2,90.0,0.0,161,20,21.090583603,17.523525700621544,-2.4765,-0.0154
8479406,Filip Gustavsson,MIN,4,-1,90.0,25.98,34,3,2.911700279,2.420933942960957,-0.5791,-0.017
8479496,David Rittich,NYI,0,-1,0.0,-25.98,2,0,0.052032418999999996,0.043560402823556665,0.0436,0.0218
8479496,David Rittich,NYI,0,0,0.0,0.0,4,0,0.100316079,0.0840010148813572,0.084,0.021
8479496,David Rittich,NYI,0,1,0.0,25.98,5,0,0.09069005429999999,0.07612475658297393,0.0761,0.0152
8479496,David Rittich,NYI,1,-2,22.5,-38.97,10,0,0.7952476698,0.6741797634633846,0.6742,0.0674
8479496,David Rittich,NYI,1,-1,22.5,-12.99,24,1,1.02252613,0.8507790657650163,-0.1492,-0.0062
8479496,David Rittich,NYI,1,0,22.5,12.99,19,0,0.673382516,0.5615953265234376,0.5616,0.0296
8479496,David Rittich,NYI,1,1,22.5,38.97,13,0,0.372318317,0.3110287786814765,0.311,0.0239
8479496,David Rittich,NYI,2,-2,45.0,-25.98,58,0,2.606746932,2.170886116099709,2.1709,0.0374
8479496,David Rittich,NYI,2,-1,45.0,0.0,53,2,3.593408831,2.9831605276787747,0.9832,0.0186
8479496,David Rittich,NYI,2,0,45.0,25.98,42,1,1.574870844,1.3121937985686967,0.3122,0.0074
8479496,David Rittich,NYI,2,1,45.0,51.96,3,0,0.052713654,0.04439272536399631,0.0444,0.0148
8479496,David Rittich,NYI,3,-3,67.5,-38.97,18,0,0.684664538,0.5705143440380457,0.5705,0.0317
8479496,David Rittich,NYI,3,-2,67.5,-12.99,107,16,12.3123877321,10.243178364738252,-5.7568,-0.0538
8479496,David Rittich,NYI,3,-1,67.5,12.99,84,10,9.0396706295,7.503921473138278,-2.4961,-0.0297
8479496,David Rittich,NYI,3,0,67.5,38.97,30,0,1.068837206,0.8909737335345742,0.891,0.0297
8479496,David Rittich,NYI,4,-3,90.0,-25.98,16,0,0.943382974,0.7832549981992398,0.7833,0.049
8479496,David Rittich,NYI,4,-2,90.0,0.0,135,12,18.926948335,15.733661073042503,3.7337,0.0277
8479496,David Rittich,NYI,4,-1,90.0,25.98,27,1,2.381872265,1.9739550279311209,0.974,0.0361
8479496,David Rittich,NYI,4,0,90.0,51.96,1,0,0.016728397,0.014099840324256105,0.0141,0.0141
8479548,Filip Larsson,,1,-2,22.5,-38.97,1,0,0.026570331,0.02224223923412249,0.0222,0.0222
8479548,Filip Larsson,,1,-1,22.5,-12.99,1,0,0.046236828,0.0384437610406124,0.0384,0.0384
8479548,Filip Larsson,,2,-1,45.0,0.0,1,1,0.07676778,0.06358642265005193,-0.9364,-0.9364
8479548,Filip Larsson,,3,-2,67.5,-12.99,3,0,0.45157872,0.3759806085011529,0.376,0.1253
8479548,Filip Larsson,,3,-1,67.5,12.99,4,0,0.421857435,0.34937737925369916,0.3494,0.0874
8479548,Filip Larsson,,4,-1,90.0,25.98,1,0,0.07085367,0.05871051698920827,0.0587,0.0587
8479973,Stuart Skinner,PIT,0,-2,0.0,-51.96,2,0,0.10418581,0.08651131320646015,0.0865,0.0432
8479973,Stuart Skinner,PIT,0,-1,0.0,-25.98,5,0,0.14139228499999998,0.11796966558050767,0.118,0.0236
8479973,Stuart Skinner,PIT,0,0,0.0,0.0,5,0,0.0944266003,0.07934663783378229,0.0793,0.0159
8479973,Stuart Skinner,PIT,0,1,0.0,25.98,2,0,0.036931062,0.031076041581953377,0.0311,0.0156
8479973,Stuart Skinner,PIT,1,-2,22.5,-38.97,24,0,0.864996618,0.7275660207338583,0.7276,0.0303
8479973,Stuart Skinner,PIT,1,-1,22.5,-12.99,30,1,1.135394081,0.9459277603767476,-0.0541,-0.0018
8479973,Stuart Skinner,PIT,1,0,22.5,12.99,23,1,0.741146662,0.6186092740199944,-0.3814,-0.0166
8479973,Stuart Skinner,PIT,1,1,22.5,38.97,11,0,0.7408991030000001,0.6392537764613,0.6393,0.0581
8479973,Stuart Skinner,PIT,2,-3,45.0,-51.96,10,0,0.282769695,0.2363767382666926,0.2364,0.0236
8479973,Stuart Skinner,PIT,2,-2,45.0,-25.98,94,1,4.0260081925,3.350362401157666,2.3504,0.025
8479973,Stuart Skinner,PIT,2,-1,45.0,0.0,95,4,5.556544343,4.611874300235163,0.6119,0.0064
8479973,Stuart Skinner,PIT,2,0,45.0,25.98,84,3,2.923534368,2.437964147185418,-0.562,-0.0067
8479973,Stuart Skinner,PIT,2,1,45.0,51.96,3,0,0.32383465800000005,0.27278067289200897,0.2728,0.0909
8479973,Stuart Skinner,PIT,3,-3,67.5,-38.97,32,2,1.286955267,1.07168889052671,-0.9283,-0.029
8479973,Stuart Skinner,PIT,3,-2,67.5,-12.99,216,22,23.2619158346,19.321087876588024,-2.6789,-0.0124
8479973,Stuart Skinner,PIT,3,-1,67.5,12.99,170,14,17.4397716474,14.485728039642197,0.4857,0.0029
8479973,Stuart Skinner,PIT,3,0,67.5,38.97,37,2,1.682783537,1.3999051095026356,-0.6001,-0.0162
8479973,Stuart Skinner,PIT,4,-3,90.0,-25.98,20,0,1.204385274,0.9994014328722902,0.9994,0.05
8479973,Stuart Skinner,PIT,4,-2,90.0,0.0,243,22,32.520360051,27.04825421009879,5.0483,0.0208
8479973,Stuart Skinner,PIT,4,-1,90.0,25.98,39,3,3.314478039,2.7485590810079508,-0.2514,-0.0064
8479973,Stuart Skinner,PIT,4,0,90.0,51.96,2,0,0.037394518,0.03146393909927968,0.0315,0.0158
8479979,Jake Oettinger,DAL,0,-2,0.0,-51.96,1,0,0.009506484,0.00808684952931692,0.0081,0.0081
8479979,Jake Oettinger,DAL,0,-1,0.0,-25.98,2,0,0.0179219415,0.015260815859565933,0.0153,0.0076
8479979,Jake Oettinger,DAL,0,0,0.0,0.0,1,0,0.020709926,0.01739891767563082,0.0174,0.0174
8479979,Jake Oettinger,DAL,0,1,0.0,25.98,1,0,0.015076026,0.012727994931036761,0.0127,0.0127
8479979,Jake Oettinger,DAL,1,-2,22.5,-38.97,25,0,0.558271007,0.4682342966249181,0.4682,0.0187
8479979,Jake Oettinger,DAL,1,-1,22.5,-12.99,25,0,1.074520629,0.8940396798882113,0.894,0.0358
8479979,Jake Oettinger,DAL,1,0,22.5,12.99,23,0,0.951446436,0.7968593070860482,0.7969,0.0346
8479979,Jake Oettinger,DAL,1,1,22.5,38.97,14,0,0.3040267525,0.25485747094965866,0.2549,0.0182
8479979,Jake Oettinger,DAL,2,-3,45.0,-51.96,8,1,0.165711484,0.1391989114583074,-0.8608,-0.1076
8479979,Jake Oettinger,DAL,2,-2,45.0,-25.98,72,2,3.110404735,2.588064161573748,0.5881,0.0082
8479979,Jake Oettinger,DAL,2,-1,45.0,0.0,97,4,7.2649035556,6.028030505685133,2.028,0.0209
8479979,Jake Oettinger,DAL,2,0,45.0,25.98,55,1,1.870945001,1.5603427745625662,0.5603,0.0102
8479979,Jake Oettinger,DAL,2,1,45.0,51.96,6,0,0.279477966,0.2328855343269506,0.2329,0.0388
8479979,Jake Oettinger,DAL,3,-3,67.5,-38.97,34,0,1.429842689,1.19064479915765,1.1906,0.035
8479979,Jake Oettinger,DAL,3,-2,67.5,-12.99,169,12,20.973275823,17.457341192331704,5.4573,0.0323
8479979,Jake Oettinger,DAL,3,-1,67.5,12.99,124,18,14.52606771,12.078129590183277,-5.9219,-0.0478
8479979,Jake Oettinger,DAL,3,0,67.5,38.97,48,2,1.902301639,1.5845556105690244,-0.4154,-0.0087
8479979,Jake Oettinger,DAL,4,-3,90.0,-25.98,15,0,0.765876503,0.6364826154788982,0.6365,0.0424
8479979,Jake Oettinger,DAL,4,-2,90.0,0.0,187,20,24.895205203,20.690031314341088,0.69,0.0037
8479979,Jake Oettinger,DAL,4,-1,90.0,25.98,28,0,2.191484497,1.817987342238007,1.818,0.0649
8479979,Jake Oettinger,DAL,4,0,90.0,51.96,1,0,0.022063838,0.0185189996448605,0.0185,0.0185
8480022,Michael DiPietro,BOS,1,0,22.5,12.99,3,0,0.082225929,0.06871856283386754,0.0687,0.0229
8480022,Michael DiPietro,BOS,1,1,22.5,38.97,2,0,0.031588904,0.026646080520728026,0.0266,0.0133
8480022,Michael DiPietro,BOS,2,-1,45.0,0.0,1,0,0.0047534355,0.004092248591291838,0.0041,0.0041
8480022,Michael DiPietro,BOS,3,-3,67.5,-38.97,3,0,0.077992296,0.06524064841164279,0.0652,0.0217
8480022,Michael DiPietro,BOS,3,-2,67.5,-12.99,3,1,0.303838742,0.25227896535420374,-0.7477,-0.2492
8480022,Michael DiPietro,BOS,3,-1,67.5,12.99,4,2,0.558372308,0.46532280672061055,-1.5347,-0.3837
8480022,Michael DiPietro,BOS,3,0,67.5,38.97,1,0,0.020659765,0.017357358711739903,0.0174,0.0174
8480022,Michael DiPietro,BOS,4,-3,90.0,-25.98,2,0,0.143202265,0.11873602951853454,0.1187,0.0594
8480022,Michael DiPietro,BOS,4,-2,90.0,0.0,7,3,1.0756945199999999,0.8975259560802135,-2.1025,-0.3004
8480022,Michael DiPietro,BOS,4,-1,90.0,25.98,3,0,0.18697169400000002,0.15508421527775468,0.1551,0.0517
8480045,Ukko-Pekka Luukkonen,BUF,0,-1,0.0,-25.98,1,0,0.51038474,0.4483967777114125,0.4484,0.4484
8480045,Ukko-Pekka Luukkonen,BUF,0,0,0.0,0.0,2,0,0.028531773,0.024086684762231136,0.0241,0.012
8480045,Ukko-Pekka Luukkonen,BUF,0,1,0.0,25.98,7,0,0.671435509,0.5949500403357866,0.595,0.085
8480045,Ukko-Pekka Luukkonen,BUF,1,-2,22.5,-38.97,18,0,0.3952544095,0.33156300661293686,0.3316,0.0184
8480045,Ukko-Pekka Luukkonen,BUF,1,-1,22.5,-12.99,24,0,0.976560898,0.8128942373472293,0.8129,0.0339
8480045,Ukko-Pekka Luukkonen,BUF,1,0,22.5,12.99,16,0,0.653234791,0.5450776653361049,0.5451,0.0341
8480045,Ukko-Pekka Luukkonen,BUF,1,1,22.5,38.97,4,0,0.078331665,0.06583011857535634,0.0658,0.0164
8480045,Ukko-Pekka Luukkonen,BUF,2,-3,45.0,-51.96,7,0,0.225393907,0.1881181626628615,0.1881,0.0269
8480045,Ukko-Pekka Luukkonen,BUF,2,-2,45.0,-25.98,67,3,2.783584991,2.3175395473168194,-0.6825,-0.0102
8480045,Ukko-Pekka Luukkonen,BUF,2,-1,45.0,0.0,74,1,5.169954256,4.290270502338433,3.2903,0.0445
8480045,Ukko-Pekka Luukkonen,BUF,2,0,45.0,25.98,67,1,2.214266527,1.8472202126544277,0.8472,0.0126
8480045,Ukko-Pekka Luukkonen,BUF,2,1,45.0,51.96,10,0,0.225445806,0.18914492495535296,0.1891,0.0189
8480045,Ukko-Pekka Luukkonen,BUF,3,-3,67.5,-38.97,30,0,1.320911842,1.1000008237200767,1.1,0.0367
8480045,Ukko-Pekka Luukkonen,BUF,3,-2,67.5,-12.99,134,10,15.614071679,12.98192249450556,2.9819,0.0223
8480045,Ukko-Pekka Luukkonen,BUF,3,-1,67.5,12.99,91,10,8.5499077344,7.100473163556662,-2.8995,-0.0319
8480045,Ukko-Pekka Luukkonen,BUF,3,0,67.5,38.97,37,1,1.4647562490000001,1.2195649127396897,0.2196,0.0059
8480045,Ukko-Pekka Luukkonen,BUF,4,-3,90.0,-25.98,4,1,0.197806286,0.1643242534076303,-0.8357,-0.2089
8480045,Ukko-Pekka Luukkonen,BUF,4,-2,90.0,0.0,139,17,18.418048391,15.305353441633459,-1.6946,-0.0122
8480045,Ukko-Pekka Luukkonen,BUF,4,-1,90.0,25.98,28,2,2.410708406,1.999144328706851,-0.0009,-0.0
8480051,Cayden Primeau,CAR,0,1,0.0,25.98,1,0,0.009660636,0.008215724594187006,0.0082,0.0082
8480051,Cayden Primeau,CAR,1,-2,22.5,-38.97,1,0,0.013095215,0.011080706938201578,0.0111,0.0111
8480051,Cayden Primeau,CAR,1,-1,22.5,-12.99,1,0,0.026476435,0.02216469015814311,0.0222,0.0222
8480051,Cayden Primeau,CAR,1,0,22.5,12.99,1,0,0.02194268,0.01841872407387266,0.0184,0.0184
8480051,Cayden Primeau,CAR,2,-2,45.0,-25.98,7,1,0.24064729799999998,0.20066819064823163,-0.7993,-0.1142
8480051,Cayden Primeau,CAR,2,-1,45.0,0.0,2,0,0.09125797999999999,0.07588471442105242,0.0759,0.038
8480051,Cayden Primeau,CAR,2,0,45.0,25.98,8,1,0.255507706,0.21327248442257613,-0.7867,-0.0983
8480051,Cayden Primeau,CAR,3,-2,67.5,-12.99,18,2,1.79769229,1.493389639701608,-0.5066,-0.0281
8480051,Cayden Primeau,CAR,3,-1,67.5,12.99,10,0,1.13770287,0.9452722019644841,0.9453,0.0945
8480051,Cayden Primeau,CAR,3,0,67.5,38.97,9,0,0.215625551,0.18067655304998376,0.1807,0.0201
8480051,Cayden Primeau,CAR,4,-2,90.0,0.0,14,3,1.745415617,1.4518946344780936,-1.5481,-0.1106
8480051,Cayden Primeau,CAR,4,-1,90.0,25.98,1,0,0.07701391,0.06378932905272157,0.0638,0.0638
8480193,Daniil Tarasov,FLA,0,-2,0.0,-51.96,1,0,0.006637817,0.0056813041498811525,0.0057,0.0057
8480193,Daniil Tarasov,FLA,0,-1,0.0,-25.98,2,0,0.023675444,0.020057859399593946,0.0201,0.01
8480193,Daniil Tarasov,FLA,0,0,0.0,0.0,4,0,0.5799748199999999,0.5098883803047048,0.5099,0.1275
8480193,Daniil Tarasov,FLA,0,1,0.0,25.98,4,0,0.0589289321,0.04971540310659022,0.0497,0.0124
8480193,Daniil Tarasov,FLA,1,-2,22.5,-38.97,18,0,0.446074226,0.3736236161978385,0.3736,0.0208
8480193,Daniil Tarasov,FLA,1,-1,22.5,-12.99,19,1,0.696831518,0.5808165590521056,-0.4192,-0.0221
8480193,Daniil Tarasov,FLA,1,0,22.5,12.99,16,0,0.519728292,0.4336474750263128,0.4336,0.0271
8480193,Daniil Tarasov,FLA,1,1,22.5,38.97,8,0,0.1357899555,0.11434729043858799,0.1143,0.0143
8480193,Daniil Tarasov,FLA,2,-3,45.0,-51.96,1,0,0.027902903,0.023341993375618996,0.0233,0.0233
8480193,Daniil Tarasov,FLA,2,-2,45.0,-25.98,54,2,2.363346791,1.966079192572594,-0.0339,-0.0006
8480193,Daniil Tarasov,FLA,2,-1,45.0,0.0,50,0,3.70751828,3.075727405529956,3.0757,0.0615
8480193,Daniil Tarasov,FLA,2,0,45.0,25.98,34,2,0.960393758,0.8027732140772943,-1.1972,-0.0352
8480193,Daniil Tarasov,FLA,2,1,45.0,51.96,3,0,0.052013573,0.04381522640311243,0.0438,0.0146
8480193,Daniil Tarasov,FLA,3,-3,67.5,-38.97,29,1,1.189611614,0.9907705267916604,-0.0092,-0.0003
8480193,Daniil Tarasov,FLA,3,-2,67.5,-12.99,112,19,12.686615398,10.554317883819506,-8.4457,-0.0754
8480193,Daniil Tarasov,FLA,3,-1,67.5,12.99,103,14,11.3606583353,9.437352572692015,-4.5626,-0.0443
8480193,Daniil Tarasov,FLA,3,0,67.5,38.97,28,0,1.230805418,1.0238289949379242,1.0238,0.0366
8480193,Daniil Tarasov,FLA,4,-3,90.0,-25.98,12,0,0.803114725,0.6662692493591322,0.6663,0.0555
8480193,Daniil Tarasov,FLA,4,-2,90.0,0.0,110,15,14.683343685,12.203099243241352,-2.7969,-0.0254
8480193,Daniil Tarasov,FLA,4,-1,90.0,25.98,24,1,1.8589727600000001,1.5422101110367437,0.5422,0.0226
8480238,Jiri Patera,VAN,1,-2,22.5,-38.97,2,0,0.047909662000000006,0.04016399337354047,0.0402,0.0201
8480238,Jiri Patera,VAN,1,0,22.5,12.99,2,0,0.034798626,0.029276549492797985,0.0293,0.0146
8480238,Jiri Patera,VAN,2,-2,45.0,-25.98,3,0,0.135339977,0.11254736726410161,0.1125,0.0375
8480238,Jiri Patera,VAN,2,1,45.0,51.96,1,0,0.021925248,0.01840433105995515,0.0184,0.0184
8480238,Jiri Patera,VAN,3,-3,67.5,-38.97,1,0,0.01750745,0.014746037526544114,0.0147,0.0147
8480238,Jiri Patera,VAN,3,-2,67.5,-12.99,5,1,0.6155470759999999,0.5110750569860791,-0.4889,-0.0978
8480238,Jiri Patera,VAN,3,0,67.5,38.97,2,0,0.046236733,0.03877333152591134,0.0388,0.0194
8480238,Jiri Patera,VAN,4,-2,90.0,0.0,6,2,0.87631571,0.7288162632286445,-1.2712,-0.2119
8480280,Jeremy Swayman,BOS,0,-2,0.0,-51.96,1,0,0.019536193,0.01642720690479153,0.0164,0.0164
8480280,Jeremy Swayman,BOS,0,-1,0.0,-25.98,8,0,0.6354479377000001,0.551721325408839,0.5517,0.069
8480280,Jeremy Swayman,BOS,0,0,0.0,0.0,3,0,0.12037733,0.10020558926442638,0.1002,0.0334
8480280,Jeremy Swayman,BOS,0,1,0.0,25.98,5,0,0.234421348,0.19489017263115865,0.1949,0.039
8480280,Jeremy Swayman,BOS,1,-2,22.5,-38.97,36,0,0.9851933624,0.8245532569757302,0.8246,0.0229
8480280,Jeremy Swayman,BOS,1,-1,22.5,-12.99,38,0,1.870086464,1.5637585508181322,1.5638,0.0412
8480280,Jeremy Swayman,BOS,1,0,22.5,12.99,28,1,1.076580382,0.898725793627226,-0.1013,-0.0036
8480280,Jeremy Swayman,BOS,1,1,22.5,38.97,25,0,0.49056893749999997,0.41207889622660154,0.4121,0.0165
8480280,Jeremy Swayman,BOS,2,-3,45.0,-51.96,12,1,0.244573592,0.20540274294165886,-0.7946,-0.0662
8480280,Jeremy Swayman,BOS,2,-2,45.0,-25.98,92,2,4.2694473509,3.5503141794750968,1.5503,0.0169
8480280,Jeremy Swayman,BOS,2,-1,45.0,0.0,102,9,7.07146706,5.869477850347524,-3.1305,-0.0307
8480280,Jeremy Swayman,BOS,2,0,45.0,25.98,94,1,3.837153001,3.1971849584207224,2.1972,0.0234
8480280,Jeremy Swayman,BOS,2,1,45.0,51.96,13,0,0.308204944,0.2583811789546544,0.2584,0.0199
8480280,Jeremy Swayman,BOS,3,-3,67.5,-38.97,39,3,1.596530694,1.3296740444091324,-1.6703,-0.0428
8480280,Jeremy Swayman,BOS,3,-2,67.5,-12.99,231,16,27.4922626129,22.86883742253781,6.8688,0.0297
8480280,Jeremy Swayman,BOS,3,-1,67.5,12.99,186,17,20.7292048985,17.24154234395873,0.2415,0.0013
8480280,Jeremy Swayman,BOS,3,0,67.5,38.97,56,2,2.469930029,2.0542205473877617,0.0542,0.001
8480280,Jeremy Swayman,BOS,4,-3,90.0,-25.98,17,0,1.036466826,0.8604934958683,0.8605,0.0506
8480280,Jeremy Swayman,BOS,4,-2,90.0,0.0,287,29,40.926434106,34.02501723462942,5.025,0.0175
8480280,Jeremy Swayman,BOS,4,-1,90.0,25.98,58,3,4.618827554,3.8297788015389966,0.8298,0.0143
8480280,Jeremy Swayman,BOS,4,0,90.0,51.96,2,0,0.042722588,0.03587334652592462,0.0359,0.018
8480313,Logan Thompson,WSH,0,-2,0.0,-51.96,3,0,0.057922979,0.048713875094702624,0.0487,0.0162
8480313,Logan Thompson,WSH,0,-1,0.0,-25.98,2,0,0.060209506,0.05018657929685175,0.0502,0.0251
8480313,Logan Thompson,WSH,0,0,0.0,0.0,2,0,0.108242833,0.08982114853611796,0.0898,0.0449
8480313,Logan Thompson,WSH,0,1,0.0,25.98,5,0,0.120508955,0.10076403312026333,0.1008,0.0202
8480313,Logan Thompson,WSH,1,-2,22.5,-38.97,30,0,0.79093567,0.6618280183803226,0.6618,0.0221
8480313,Logan Thompson,WSH,1,-1,22.5,-12.99,24,2,1.1348364069999999,0.9473554300724756,-1.0526,-0.0439
8480313,Logan Thompson,WSH,1,0,22.5,12.99,15,2,0.473927511,0.395733901279325,-1.6043,-0.107
8480313,Logan Thompson,WSH,1,1,22.5,38.97,11,0,0.219894033,0.18473207054946994,0.1847,0.0168
8480313,Logan Thompson,WSH,2,-3,45.0,-51.96,3,0,0.056141462,0.04723337240482005,0.0472,0.0157
8480313,Logan Thompson,WSH,2,-2,45.0,-25.98,77,1,3.419400801,2.8438280597360768,1.8438,0.0239
8480313,Logan Thompson,WSH,2,-1,45.0,0.0,88,3,5.843057905,4.85143053684481,1.8514,0.021
8480313,Logan Thompson,WSH,2,0,45.0,25.98,82,0,2.748733614,2.2928188297982435,2.2928,0.028
8480313,Logan Thompson,WSH,2,1,45.0,51.96,5,0,0.098383201,0.08270752597912365,0.0827,0.0165
8480313,Logan Thompson,WSH,3,-3,67.5,-38.97,41,0,1.943936072,1.616375012536807,1.6164,0.0394
8480313,Logan Thompson,WSH,3,-2,67.5,-12.99,191,18,22.0994400773,18.382102244607005,0.3821,0.002
8480313,Logan Thompson,WSH,3,-1,67.5,12.99,127,7,15.212619504,12.642434537037769,5.6424,0.0444
8480313,Logan Thompson,WSH,3,0,67.5,38.97,47,1,1.7928454104,1.4932668091099195,0.4933,0.0105
8480313,Logan Thompson,WSH,4,-3,90.0,-25.98,17,0,1.090653093,0.9056129698274611,0.9056,0.0533
8480313,Logan Thompson,WSH,4,-2,90.0,0.0,203,24,28.98709904,24.10553499446011,0.1055,0.0005
8480313,Logan Thompson,WSH,4,-1,90.0,25.98,39,4,3.205147543,2.657190059549151,-1.3428,-0.0344
8480313,Logan Thompson,WSH,4,0,90.0,51.96,1,0,0.0193677,0.016287729298403216,0.0163,0.0163
8480382,Alexandar Georgiev,,0,-2,0.0,-51.96,1,0,0.05563094,0.04617450288830638,0.0462,0.0462
8480382,Alexandar Georgiev,,1,-2,22.5,-38.97,1,0,0.020497624,0.017223128156204158,0.0172,0.0172
8480382,Alexandar Georgiev,,1,1,22.5,38.97,1,0,0.01831886,0.015418662313406576,0.0154,0.0154
8480382,Alexandar Georgiev,,2,-2,45.0,-25.98,6,0,0.125621143,0.10548091288111355,0.1055,0.0176
8480382,Alexandar Georgiev,,2,-1,45.0,0.0,3,0,0.163689434,0.1359653143566555,0.136,0.0453
8480382,Alexandar Georgiev,,2,0,45.0,25.98,3,0,0.08228263499999999,0.06884899601442492,0.0688,0.0229
8480382,Alexandar Georgiev,,2,1,45.0,51.96,1,0,0.021021243,0.017656454365396163,0.0177,0.0177
8480382,Alexandar Georgiev,,3,-3,67.5,-38.97,2,0,0.045571797,0.03823182173407376,0.0382,0.0191
8480382,Alexandar Georgiev,,3,-2,67.5,-12.99,17,0,2.20831562,1.8356025146511852,1.8356,0.108
8480382,Alexandar Georgiev,,3,-1,67.5,12.99,13,0,1.136455899,0.9424443994450429,0.9424,0.0725
8480382,Alexandar Georgiev,,3,0,67.5,38.97,1,0,0.04395645,0.03656695227350764,0.0366,0.0366
8480382,Alexandar Georgiev,,4,-3,90.0,-25.98,1,0,0.022325171,0.018735022994726423,0.0187,0.0187
8480382,Alexandar Georgiev,,4,-2,90.0,0.0,18,6,2.783783658,2.317760075046419,-3.6822,-0.2046
8480382,Alexandar Georgiev,,4,-1,90.0,25.98,1,0,0.031359162,0.02619247273336846,0.0262,0.0262
8480481,Parker Gahagen,,0,0,0.0,0.0,1,0,0.5936676,0.5310334911046806,0.531,0.531
8480481,Parker Gahagen,,1,1,22.5,38.97,1,0,0.020311136,0.017068810680957145,0.0171,0.0171
8480481,Parker Gahagen,,2,-1,45.0,0.0,2,0,0.12708325,0.10539481806387974,0.1054,0.0527
8480481,Parker Gahagen,,2,0,45.0,25.98,2,0,0.049455671,0.04143226982988373,0.0414,0.0207
8480481,Parker Gahagen,,3,-2,67.5,-12.99,2,0,0.211418681,0.1750465406799775,0.175,0.0875
8480481,Parker Gahagen,,4,-2,90.0,0.0,3,1,0.46411586000000005,0.38532554252740614,-0.6147,-0.2049
8480819,Jakub Skarek,SJS,1,-2,22.5,-38.97,2,0,0.037596496,0.03163139533410728,0.0316,0.0158
8480819,Jakub Skarek,SJS,1,0,22.5,12.99,1,0,0.018892724,0.015894207916514098,0.0159,0.0159
8480819,Jakub Skarek,SJS,2,-3,45.0,-51.96,1,0,0.02234383,0.018750492611735597,0.0188,0.0188
8480819,Jakub Skarek,SJS,2,-2,45.0,-25.98,1,0,0.030969135,0.02587098438021295,0.0259,0.0259
8480819,Jakub Skarek,SJS,2,0,45.0,25.98,1,0,0.028383544,0.023738582727615056,0.0237,0.0237
8480819,Jakub Skarek,SJS,3,-3,67.5,-38.97,2,0,0.106228852,0.08821340787769377,0.0882,0.0441
8480819,Jakub Skarek,SJS,3,-2,67.5,-12.99,1,0,0.14561613,0.12078023442495929,0.1208,0.1208
8480819,Jakub Skarek,SJS,3,-1,67.5,12.99,2,0,0.161192573,0.13391398605323296,0.1339,0.067
8480819,Jakub Skarek,SJS,3,0,67.5,38.97,1,0,0.016797274,0.014156989162834479,0.0142,0.0142
8480819,Jakub Skarek,SJS,4,-2,90.0,0.0,2,0,0.19268096,0.16007195597010598,0.1601,0.08
8480819,Jakub Skarek,SJS,4,-1,90.0,25.98,1,0,0.026150366,0.02189553169279197,0.0219,0.0219
8480843,Lukas Dostal,ANA,0,-2,0.0,-51.96,2,0,0.0177423893,0.015108622033769295,0.0151,0.0076
8480843,Lukas Dostal,ANA,0,-1,0.0,-25.98,3,0,0.076778927,0.06429540102727566,0.0643,0.0214
8480843,Lukas Dostal,ANA,0,0,0.0,0.0,3,0,0.0425357755,0.03592952868237867,0.0359,0.012
8480843,Lukas Dostal,ANA,0,1,0.0,25.98,2,0,0.531551797,0.4622722507635711,0.4623,0.2312
8480843,Lukas Dostal,ANA,1,-2,22.5,-38.97,15,0,0.604743951,0.5108920225066498,0.5109,0.0341
8480843,Lukas Dostal,ANA,1,-1,22.5,-12.99,37,1,1.384468148,1.153436452393627,0.1534,0.0041
8480843,Lukas Dostal,ANA,1,0,22.5,12.99,31,0,0.9479839977,0.7916831039317316,0.7917,0.0255
8480843,Lukas Dostal,ANA,1,1,22.5,38.97,9,0,0.48455140700000005,0.41040898027325073,0.4104,0.0456
8480843,Lukas Dostal,ANA,2,-3,45.0,-51.96,10,0,0.216112403,0.1813929577940933,0.1814,0.0181
8480843,Lukas Dostal,ANA,2,-2,45.0,-25.98,91,3,3.891426679,3.2407468317876575,0.2407,0.0026
8480843,Lukas Dostal,ANA,2,-1,45.0,0.0,131,8,9.2595879483,7.682541765627204,-0.3175,-0.0024
8480843,Lukas Dostal,ANA,2,0,45.0,25.98,93,4,3.395676273,2.831664238947907,-1.1683,-0.0126
8480843,Lukas Dostal,ANA,2,1,45.0,51.96,6,0,0.116788093,0.0981880127161669,0.0982,0.0164
8480843,Lukas Dostal,ANA,3,-3,67.5,-38.97,46,1,2.046584592,1.7024646464260622,0.7025,0.0153
8480843,Lukas Dostal,ANA,3,-2,67.5,-12.99,202,25,22.927285795,19.055363384767908,-5.9446,-0.0294
8480843,Lukas Dostal,ANA,3,-1,67.5,12.99,196,17,21.6159896075,17.961224344093317,0.9612,0.0049
8480843,Lukas Dostal,ANA,3,0,67.5,38.97,60,2,2.595156583,2.1612509609601376,0.1613,0.0027
8480843,Lukas Dostal,ANA,4,-3,90.0,-25.98,19,0,1.134747501,0.9420049030138914,0.942,0.0496
8480843,Lukas Dostal,ANA,4,-2,90.0,0.0,239,25,31.333101474,26.03356609978354,1.0336,0.0043
8480843,Lukas Dostal,ANA,4,-1,90.0,25.98,46,3,4.023345201,3.3384160467187334,0.3384,0.0074
8480843,Lukas Dostal,ANA,4,0,90.0,51.96,2,0,0.044731322000000004,0.0375359850484413,0.0375,0.0188
8480947,Kevin Lankinen,VAN,0,-2,0.0,-51.96,1,0,0.006934726,0.00593094366597371,0.0059,0.0059
8480947,Kevin Lankinen,VAN,0,-1,0.0,-25.98,3,0,0.036420591,0.03082603588884335,0.0308,0.0103
8480947,Kevin Lankinen,VAN,0,1,0.0,25.98,5,0,0.082897596,0.06987437820901192,0.0699,0.014
8480947,Kevin Lankinen,VAN,1,-2,22.5,-38.97,19,0,0.711805502,0.6021563709506793,0.6022,0.0317
8480947,Kevin Lankinen,VAN,1,-1,22.5,-12.99,19,1,0.685162359,0.5710596657633938,-0.4289,-0.0226
8480947,Kevin Lankinen,VAN,1,0,22.5,12.99,22,0,0.6566902370000001,0.5486278188512437,0.5486,0.0249
8480947,Kevin Lankinen,VAN,1,1,22.5,38.97,15,0,0.769991167,0.651503882107042,0.6515,0.0434
8480947,Kevin Lankinen,VAN,2,-3,45.0,-51.96,6,0,0.122115805,0.10257324374947466,0.1026,0.0171
8480947,Kevin Lankinen,VAN,2,-2,45.0,-25.98,58,6,2.41180279,2.0069975210053457,-3.993,-0.0688
8480947,Kevin Lankinen,VAN,2,-1,45.0,0.0,48,1,2.794587229,2.3209949474539857,1.321,0.0275
8480947,Kevin Lankinen,VAN,2,0,45.0,25.98,47,1,1.4843432619999999,1.2389917826697339,0.239,0.0051
8480947,Kevin Lankinen,VAN,2,1,45.0,51.96,8,0,0.286319288,0.23889154067165033,0.2389,0.0299
8480947,Kevin Lankinen,VAN,3,-3,67.5,-38.97,34,1,1.365500267,1.1374319394528454,0.1374,0.004
8480947,Kevin Lankinen,VAN,3,-2,67.5,-12.99,178,21,20.447309326,16.99514989056122,-4.0049,-0.0225
8480947,Kevin Lankinen,VAN,3,-1,67.5,12.99,140,15,14.4875403474,12.039891326966748,-2.9601,-0.0211
8480947,Kevin Lankinen,VAN,3,0,67.5,38.97,46,1,1.882652399,1.567977962065178,0.568,0.0123
8480947,Kevin Lankinen,VAN,4,-3,90.0,-25.98,23,0,1.241636088,1.0314566044942504,1.0315,0.0448
8480947,Kevin Lankinen,VAN,4,-2,90.0,0.0,195,26,26.60281217,22.11107915410338,-3.8889,-0.0199
8480947,Kevin Lankinen,VAN,4,-1,90.0,25.98,33,5,2.621739299,2.174455576248461,-2.8255,-0.0856
8480981,Joel Hofer,STL,0,-2,0.0,-51.96,2,0,0.031346355,0.02643364173673137,0.0264,0.0132
8480981,Joel Hofer,STL,0,-1,0.0,-25.98,4,0,0.13834791800000001,0.11537130644898076,0.1154,0.0288
8480981,Joel Hofer,STL,0,0,0.0,0.0,5,0,0.5161727083,0.44525176446693754,0.4453,0.0891
8480981,Joel Hofer,STL,0,1,0.0,25.98,7,0,0.151409633,0.12688950927924442,0.1269,0.0181
8480981,Joel Hofer,STL,0,2,0.0,51.96,1,0,0.014064606,0.011887266480699094,0.0119,0.0119
8480981,Joel Hofer,STL,1,-2,22.5,-38.97,28,0,0.706087759,0.5912025930462959,0.5912,0.0211
8480981,Joel Hofer,STL,1,-1,22.5,-12.99,39,0,1.649997681,1.3822212174206552,1.3822,0.0354
8480981,Joel Hofer,STL,1,0,22.5,12.99,25,0,0.789146521,0.6589220294420426,0.6589,0.0264
8480981,Joel Hofer,STL,1,1,22.5,38.97,17,0,0.37704783199999997,0.316277973944846,0.3163,0.0186
8480981,Joel Hofer,STL,2,-3,45.0,-51.96,17,0,0.386890988,0.3245294400076738,0.3245,0.0191
8480981,Joel Hofer,STL,2,-2,45.0,-25.98,100,2,4.1380337245,3.4466953924378205,1.4467,0.0145
8480981,Joel Hofer,STL,2,-1,45.0,0.0,91,6,5.4364316967,4.5125171738290515,-1.4875,-0.0163
8480981,Joel Hofer,STL,2,0,45.0,25.98,80,0,2.486075561,2.077195712401261,2.0772,0.026
8480981,Joel Hofer,STL,2,1,45.0,51.96,12,0,0.277688208,0.23285589773078055,0.2329,0.0194
8480981,Joel Hofer,STL,3,-3,67.5,-38.97,41,0,1.46159185,1.2189186812628763,1.2189,0.0297
8480981,Joel Hofer,STL,3,-2,67.5,-12.99,197,21,22.0872341727,18.364996994323867,-2.635,-0.0134
8480981,Joel Hofer,STL,3,-1,67.5,12.99,162,14,16.9591649925,14.08198421814089,0.082,0.0005
8480981,Joel Hofer,STL,3,0,67.5,38.97,46,0,1.675164056,1.3960537396924846,1.3961,0.0304
8480981,Joel Hofer,STL,4,-3,90.0,-25.98,11,0,0.586783151,0.4874842507002286,0.4875,0.0443
8480981,Joel Hofer,STL,4,-2,90.0,0.0,186,27,26.554890593,22.085797629701858,-4.9142,-0.0264
8480981,Joel Hofer,STL,4,-1,90.0,25.98,44,0,2.818204677,2.3387372632548744,2.3387,0.0532
8480981,Joel Hofer,STL,4,0,90.0,51.96,1,0,0.0181985,0.015318946113131539,0.0153,0.0153
8480992,Magnus Chrona,NSH,1,-1,22.5,-12.99,1,0,0.028696882,0.02399708528409183,0.024,0.024
8480992,Magnus Chrona,NSH,2,-2,45.0,-25.98,2,0,0.054616971,0.04570227606087035,0.0457,0.0228
8480992,Magnus Chrona,NSH,2,0,45.0,25.98,1,0,0.03534972,0.029480924651777728,0.0295,0.0295
8480992,Magnus Chrona,NSH,2,1,45.0,51.96,1,0,0.030890048,0.025805785889354196,0.0258,0.0258
8480992,Magnus Chrona,NSH,3,-2,67.5,-12.99,5,1,0.7528151599999999,0.6272716194665707,-0.3727,-0.0745
8480992,Magnus Chrona,NSH,3,-1,67.5,12.99,1,0,0.14805914,0.12282817720467047,0.1228,0.1228
8480992,Magnus Chrona,NSH,4,-3,90.0,-25.98,1,0,0.025359713,0.021242673629565167,0.0212,0.0212
8480992,Magnus Chrona,NSH,4,-2,90.0,0.0,3,1,0.55517179,0.4636097692850681,-0.5364,-0.1788
8481020,Justus Annunen,NSH,0,-1,0.0,-25.98,2,0,0.034667218,0.029194172783214234,0.0292,0.0146
8481020,Justus Annunen,NSH,0,0,0.0,0.0,3,0,0.046386892,0.039124152844702435,0.0391,0.013
8481020,Justus Annunen,NSH,0,1,0.0,25.98,1,0,0.008044713,0.0068627566506919225,0.0069,0.0069
8481020,Justus Annunen,NSH,1,-2,22.5,-38.97,20,0,0.404249175,0.33958108602654963,0.3396,0.017
8481020,Justus Annunen,NSH,1,-1,22.5,-12.99,23,0,1.178379708,0.9831399135266436,0.9831,0.0427
8481020,Justus Annunen,NSH,1,0,22.5,12.99,21,0,0.660887006,0.5518106761585984,0.5518,0.0263
8481020,Justus Annunen,NSH,1,1,22.5,38.97,15,0,0.5294531077,0.44394507707817593,0.4439,0.0296
8481020,Justus Annunen,NSH,2,-3,45.0,-51.96,3,0,0.0600252,0.05044963320072869,0.0504,0.0168
8481020,Justus Annunen,NSH,2,-2,45.0,-25.98,46,1,2.208280448,1.835779468159547,0.8358,0.0182
8481020,Justus Annunen,NSH,2,-1,45.0,0.0,49,2,2.941907386,2.4426489568266008,0.4426,0.009
8481020,Justus Annunen,NSH,2,0,45.0,25.98,29,0,0.986835599,0.8228861722455403,0.8229,0.0284
8481020,Justus Annunen,NSH,2,1,45.0,51.96,4,0,0.07668820100000001,0.06448881592173925,0.0645,0.0161
8481020,Justus Annunen,NSH,3,-3,67.5,-38.97,13,0,0.488733472,0.40733799739555426,0.4073,0.0313
8481020,Justus Annunen,NSH,3,-2,67.5,-12.99,99,9,12.092665354,10.05580923799819,1.0558,0.0107
8481020,Justus Annunen,NSH,3,-1,67.5,12.99,79,6,8.4292661847,7.014139497393777,1.0141,0.0128
8481020,Justus Annunen,NSH,3,0,67.5,38.97,30,1,1.04399401,0.8704480793052121,-0.1296,-0.0043
8481020,Justus Annunen,NSH,4,-3,90.0,-25.98,12,0,0.975176399,0.8085882663588255,0.8086,0.0674
8481020,Justus Annunen,NSH,4,-2,90.0,0.0,139,16,18.849945367,15.670899188948646,-0.3291,-0.0024
8481020,Justus Annunen,NSH,4,-1,90.0,25.98,31,2,2.8190609,2.3382760982581257,0.3383,0.0109
8481031,Ivan Prosvetov,CGY,0,-2,0.0,-51.96,1,0,0.009542674,0.00811709366486673,0.0081,0.0081
8481031,Ivan Prosvetov,CGY,0,-1,0.0,-25.98,1,0,0.0093123745,0.007924460019084633,0.0079,0.0079
8481031,Ivan Prosvetov,CGY,0,0,0.0,0.0,1,0,0.0073668193,0.006293943981355805,0.0063,0.0063
8481031,Ivan Prosvetov,CGY,1,-1,22.5,-12.99,3,0,0.09568295,0.07989128251264636,0.0799,0.0266
8481031,Ivan Prosvetov,CGY,1,0,22.5,12.99,1,0,0.026213463,0.02194762110387492,0.0219,0.0219
8481031,Ivan Prosvetov,CGY,2,-2,45.0,-25.98,5,0,0.171652878,0.14316570685998814,0.1432,0.0286
8481031,Ivan Prosvetov,CGY,2,-1,45.0,0.0,1,0,0.03798275,0.03164944046956764,0.0316,0.0316
8481031,Ivan Prosvetov,CGY,2,0,45.0,25.98,5,0,0.138238583,0.11558978491552269,0.1156,0.0231
8481031,Ivan Prosvetov,CGY,3,-3,67.5,-38.97,4,0,0.22934376,0.1905431856322749,0.1905,0.0476
8481031,Ivan Prosvetov,CGY,3,-2,67.5,-12.99,1,0,0.19247979,0.16033301695763028,0.1603,0.1603
8481031,Ivan Prosvetov,CGY,3,-1,67.5,12.99,8,1,0.682785144,0.567286236322731,-0.4327,-0.0541
8481031,Ivan Prosvetov,CGY,3,0,67.5,38.97,2,0,0.053001373000000004,0.04435231614913838,0.0444,0.0222
8481031,Ivan Prosvetov,CGY,4,-3,90.0,-25.98,1,0,0.020556672,0.017272034645551534,0.0173,0.0173
8481031,Ivan Prosvetov,CGY,4,-1,90.0,25.98,1,0,0.10910925,0.09033933084025493,0.0903,0.0903
8481033,Akira Schmid,VGK,0,-2,0.0,-51.96,1,0,0.49303117,0.4316053169981587,0.4316,0.4316
8481033,Akira Schmid,VGK,0,-1,0.0,-25.98,2,0,0.030518328,0.02572311393755309,0.0257,0.0128
8481033,Akira Schmid,VGK,0,1,0.0,25.98,3,0,0.0346167155,0.029331936799763,0.0293,0.0098
8481033,Akira Schmid,VGK,0,2,0.0,51.96,1,0,0.077418916,0.06412356542178045,0.0641,0.0641
8481033,Akira Schmid,VGK,1,-2,22.5,-38.97,13,0,0.244321757,0.2054432108671891,0.2054,0.0158
8481033,Akira Schmid,VGK,1,-1,22.5,-12.99,10,0,0.347849194,0.29011656830048815,0.2901,0.029
8481033,Akira Schmid,VGK,1,0,22.5,12.99,14,0,0.366929418,0.30715018477229433,0.3072,0.0219
8481033,Akira Schmid,VGK,1,1,22.5,38.97,11,0,0.731026531,0.6370480758373168,0.637,0.0579
8481033,Akira Schmid,VGK,2,-3,45.0,-51.96,3,0,0.062916927,0.052847757428493417,0.0528,0.0176
8481033,Akira Schmid,VGK,2,-2,45.0,-25.98,56,1,2.443252008,2.0342570069620436,1.0343,0.0185
8481033,Akira Schmid,VGK,2,-1,45.0,0.0,41,3,2.787557893,2.313320138493142,-0.6867,-0.0167
8481033,Akira Schmid,VGK,2,0,45.0,25.98,46,2,1.292211769,1.0803722718302433,-0.9196,-0.02
8481033,Akira Schmid,VGK,2,1,45.0,51.96,6,0,0.127592289,0.10714730622463364,0.1071,0.0178
8481033,Akira Schmid,VGK,3,-3,67.5,-38.97,27,1,1.1372911125,0.9470692951744201,-0.0529,-0.002
8481033,Akira Schmid,VGK,3,-2,67.5,-12.99,104,4,11.4971125395,9.556222442293084,5.5562,0.0534
8481033,Akira Schmid,VGK,3,-1,67.5,12.99,86,10,8.339376579,6.921262560819223,-3.0787,-0.0358
8481033,Akira Schmid,VGK,3,0,67.5,38.97,26,0,1.010775531,0.8417106183480744,0.8417,0.0324
8481033,Akira Schmid,VGK,4,-3,90.0,-25.98,9,0,0.488360177,0.40549916093108884,0.4055,0.0451
8481033,Akira Schmid,VGK,4,-2,90.0,0.0,91,8,12.280702762,10.213429511903426,2.2134,0.0243
8481033,Akira Schmid,VGK,4,-1,90.0,25.98,18,2,1.866587318,1.5493542837357996,-0.4506,-0.025
8481033,Akira Schmid,VGK,4,0,90.0,51.96,1,0,0.019666275,0.01653493509579544,0.0165,0.0165
8481035,Samuel Ersson,PHI,0,-1,0.0,-25.98,1,0,0.010371435,0.008809716783048947,0.0088,0.0088
8481035,Samuel Ersson,PHI,0,0,0.0,0.0,2,0,0.026326601,0.02226154219480241,0.0223,0.0112
8481035,Samuel Ersson,PHI,0,1,0.0,25.98,3,0,0.062958035,0.05275438618050182,0.0528,0.0176
8481035,Samuel Ersson,PHI,1,-2,22.5,-38.97,2,0,0.056795303,0.047471850712436627,0.0475,0.0238
8481035,Samuel Ersson,PHI,1,-1,22.5,-12.99,15,0,0.662153567,0.5507741696278983,0.5508,0.0367
8481035,Samuel Ersson,PHI,1,0,22.5,12.99,8,0,0.247803651,0.20695668810579948,0.207,0.0259
8481035,Samuel Ersson,PHI,1,1,22.5,38.97,8,0,0.155522205,0.13077059356705448,0.1308,0.0164
8481035,Samuel Ersson,PHI,2,-3,45.0,-51.96,2,0,0.043656757000000004,0.03664665082909642,0.0366,0.0183
8481035,Samuel Ersson,PHI,2,-2,45.0,-25.98,38,2,1.748269582,1.453760210294273,-0.5462,-0.0144
8481035,Samuel Ersson,PHI,2,-1,45.0,0.0,45,3,3.544701492,2.9410654763625637,-0.0589,-0.0013
8481035,Samuel Ersson,PHI,2,0,45.0,25.98,39,3,1.3348353497,1.1131033092421816,-1.8869,-0.0484
8481035,Samuel Ersson,PHI,2,1,45.0,51.96,4,0,0.09598303,0.08046080394165275,0.0805,0.0201
8481035,Samuel Ersson,PHI,3,-3,67.5,-38.97,18,0,0.854423859,0.7104175607354059,0.7104,0.0395
8481035,Samuel Ersson,PHI,3,-2,67.5,-12.99,117,16,12.7110558975,10.566745870009546,-5.4333,-0.0464
8481035,Samuel Ersson,PHI,3,-1,67.5,12.99,72,11,7.992186137,6.646250548661315,-4.3537,-0.0605
8481035,Samuel Ersson,PHI,3,0,67.5,38.97,28,1,0.870701983,0.7268830245202839,-0.2731,-0.0098
8481035,Samuel Ersson,PHI,4,-3,90.0,-25.98,12,0,0.5633056,0.46827517556273657,0.4683,0.039
8481035,Samuel Ersson,PHI,4,-2,90.0,0.0,101,15,13.486605664,11.214066054511505,-3.7859,-0.0375
8481035,Samuel Ersson,PHI,4,-1,90.0,25.98,13,1,0.866524406,0.7191939127788411,-0.2808,-0.0216
8481035,Samuel Ersson,PHI,4,0,90.0,51.96,1,0,0.029778345,0.024889028262764897,0.0249,0.0249
8481519,Spencer Knight,CHI,0,-2,0.0,-51.96,1,0,0.066783674,0.055357195595372236,0.0554,0.0554
8481519,Spencer Knight,CHI,0,-1,0.0,-25.98,3,0,0.11355500300000002,0.09451022024832738,0.0945,0.0315
8481519,Spencer Knight,CHI,0,0,0.0,0.0,3,0,0.0364247,0.03085530589569912,0.0309,0.0103
8481519,Spencer Knight,CHI,0,1,0.0,25.98,2,0,0.019100473,0.016244762512008022,0.0162,0.0081
8481519,Spencer Knight,CHI,1,-2,22.5,-38.97,27,0,0.941501182,0.7940009233038338,0.794,0.0294
8481519,Spencer Knight,CHI,1,-1,22.5,-12.99,25,1,0.897657936,0.7482328896827343,-0.2518,-0.0101
8481519,Spencer Knight,CHI,1,0,22.5,12.99,26,0,0.782750366,0.6539738730830851,0.654,0.0252
8481519,Spencer Knight,CHI,1,1,22.5,38.97,19,0,0.3487766,0.2933732330843339,0.2934,0.0154
8481519,Spencer Knight,CHI,2,-3,45.0,-51.96,5,0,0.10310185200000001,0.08662030922831271,0.0866,0.0173
8481519,Spencer Knight,CHI,2,-2,45.0,-25.98,77,2,3.047770477,2.5380377869664086,0.538,0.007
8481519,Spencer Knight,CHI,2,-1,45.0,0.0,71,2,4.773016912,3.9646038284773715,1.9646,0.0277
8481519,Spencer Knight,CHI,2,0,45.0,25.98,63,0,1.7024072430000001,1.4240106392926288,1.424,0.0226
8481519,Spencer Knight,CHI,2,1,45.0,51.96,6,0,0.142753046,0.11962928259307049,0.1196,0.0199
8481519,Spencer Knight,CHI,3,-3,67.5,-38.97,33,0,1.214861535,1.0133655941523272,1.0134,0.0307
8481519,Spencer Knight,CHI,3,-2,67.5,-12.99,192,19,22.395990774,18.62192988208841,-0.3781,-0.002
8481519,Spencer Knight,CHI,3,-1,67.5,12.99,153,12,15.8659696915,13.173681014369476,1.1737,0.0077
8481519,Spencer Knight,CHI,3,0,67.5,38.97,45,2,1.634436569,1.3632247620738875,-0.6368,-0.0142
8481519,Spencer Knight,CHI,4,-3,90.0,-25.98,16,1,1.030314717,0.8547543067393469,-0.1452,-0.0091
8481519,Spencer Knight,CHI,4,-2,90.0,0.0,222,19,30.969674061,25.749835669010558,6.7498,0.0304
8481519,Spencer Knight,CHI,4,-1,90.0,25.98,60,5,5.748890667,4.7684569389308376,-0.2315,-0.0039
8481519,Spencer Knight,CHI,4,0,90.0,51.96,6,0,0.132695801,0.11136029097434205,0.1114,0.0186
8481529,Trent Miner,COL,0,1,0.0,25.98,1,0,0.016633913,0.014021453740429658,0.014,0.014
8481529,Trent Miner,COL,1,-2,22.5,-38.97,1,0,0.018321712,0.01542106711500158,0.0154,0.0154
8481529,Trent Miner,COL,1,-1,22.5,-12.99,4,0,0.148783418,0.12398219520995234,0.124,0.031
8481529,Trent Miner,COL,2,-3,45.0,-51.96,1,0,0.0202649,0.01703054059582029,0.017,0.017
8481529,Trent Miner,COL,2,-2,45.0,-25.98,3,0,0.138889069,0.1154529584042149,0.1155,0.0385
8481529,Trent Miner,COL,2,-1,45.0,0.0,13,0,0.671013155,0.5573474594094086,0.5573,0.0429
8481529,Trent Miner,COL,2,0,45.0,25.98,10,0,0.281820267,0.23559492168141838,0.2356,0.0236
8481529,Trent Miner,COL,2,1,45.0,51.96,1,0,0.017473182,0.01471763039581193,0.0147,0.0147
8481529,Trent Miner,COL,3,-3,67.5,-38.97,5,0,0.18848494500000001,0.15700673470712548,0.157,0.0314
8481529,Trent Miner,COL,3,-2,67.5,-12.99,19,3,2.18065366,1.8106485347061791,-1.1894,-0.0626
8481529,Trent Miner,COL,3,-1,67.5,12.99,18,4,1.462601161,1.214079141229979,-2.7859,-0.1548
8481529,Trent Miner,COL,3,0,67.5,38.97,5,0,0.170767265,0.1424096513616913,0.1424,0.0285
8481529,Trent Miner,COL,4,-3,90.0,-25.98,7,0,0.322017335,0.2676603037358272,0.2677,0.0382
8481529,Trent Miner,COL,4,-2,90.0,0.0,21,0,2.81403076,2.337137866569555,2.3371,0.1113
8481529,Trent Miner,COL,4,-1,90.0,25.98,6,0,0.581153376,0.48170675929478707,0.4817,0.0803
8481544,Mads Sogaard,OTT,0,-1,0.0,-25.98,1,0,0.025198577,0.02110958501493575,0.0211,0.0211
8481544,Mads Sogaard,OTT,1,-2,22.5,-38.97,1,0,0.022285815,0.018702513704012092,0.0187,0.0187
8481544,Mads Sogaard,OTT,1,-1,22.5,-12.99,3,1,0.34814553,0.2910084369893716,-0.709,-0.2363
8481544,Mads Sogaard,OTT,1,1,22.5,38.97,1,0,0.012090944,0.010244276169573229,0.0102,0.0102
8481544,Mads Sogaard,OTT,2,-2,45.0,-25.98,5,1,0.151944338,0.126900620378497,-0.8731,-0.1746
8481544,Mads Sogaard,OTT,2,-1,45.0,0.0,8,0,0.438238538,0.3638557997339026,0.3639,0.0455
8481544,Mads Sogaard,OTT,2,0,45.0,25.98,4,0,0.10078611500000001,0.084219171784553,0.0842,0.021
8481544,Mads Sogaard,OTT,3,-3,67.5,-38.97,2,1,0.141965293,0.11784362791483126,-0.8822,-0.4411
8481544,Mads Sogaard,OTT,3,-2,67.5,-12.99,6,1,0.81753299,0.6808276526661249,-0.3192,-0.0532
8481544,Mads Sogaard,OTT,3,-1,67.5,12.99,8,0,0.5785161865,0.48135539577430125,0.4814,0.0602
8481544,Mads Sogaard,OTT,3,0,67.5,38.97,3,0,0.086608992,0.07240757964911668,0.0724,0.0241
8481544,Mads Sogaard,OTT,4,-2,90.0,0.0,10,2,1.6244348530000001,1.3530149367440691,-0.647,-0.0647
8481544,Mads Sogaard,OTT,4,-1,90.0,25.98,1,1,0.0723814,0.05996965481451131,-0.94,-0.94
8481551,Colten Ellis,BUF,0,-2,0.0,-51.96,1,0,0.02471361,0.020709038001905947,0.0207,0.0207
8481551,Colten Ellis,BUF,0,-1,0.0,-25.98,1,0,0.021072783,0.017699152019913636,0.0177,0.0177
8481551,Colten Ellis,BUF,0,0,0.0,0.0,3,0,0.115291854,0.09602513361711179,0.096,0.032
8481551,Colten Ellis,BUF,0,1,0.0,25.98,1,0,0.0075237155,0.006425670837884514,0.0064,0.0064
8481551,Colten Ellis,BUF,1,-2,22.5,-38.97,8,0,0.148528298,0.12494070229134124,0.1249,0.0156
8481551,Colten Ellis,BUF,1,-1,22.5,-12.99,13,0,0.724324634,0.6041864298321361,0.6042,0.0465
8481551,Colten Ellis,BUF,1,0,22.5,12.99,12,0,0.356776247,0.29817443181884307,0.2982,0.0248
8481551,Colten Ellis,BUF,1,1,22.5,38.97,8,0,0.130388533,0.10987269398903943,0.1099,0.0137
8481551,Colten Ellis,BUF,2,-3,45.0,-51.96,3,0,0.074381161,0.06230776928032403,0.0623,0.0208
8481551,Colten Ellis,BUF,2,-2,45.0,-25.98,29,0,1.089093233,0.907089646191053,0.9071,0.0313
8481551,Colten Ellis,BUF,2,-1,45.0,0.0,34,1,2.380295029,1.9740971223996149,0.9741,0.0286
8481551,Colten Ellis,BUF,2,0,45.0,25.98,25,0,0.9418852615,0.7862327699575068,0.7862,0.0314
8481551,Colten Ellis,BUF,2,1,45.0,51.96,1,0,0.025879046,0.021671533230076697,0.0217,0.0217
8481551,Colten Ellis,BUF,3,-3,67.5,-38.97,12,1,0.568453643,0.47277270994737713,-0.5272,-0.0439
8481551,Colten Ellis,BUF,3,-2,67.5,-12.99,74,8,8.078111991,6.708100212903275,-1.2919,-0.0175
8481551,Colten Ellis,BUF,3,-1,67.5,12.99,39,3,4.1750264297,3.4656767046089416,0.4657,0.0119
8481551,Colten Ellis,BUF,3,0,67.5,38.97,18,0,0.736894773,0.6139698830508835,0.614,0.0341
8481551,Colten Ellis,BUF,4,-3,90.0,-25.98,6,0,0.290754474,0.24161459308013442,0.2416,0.0403
8481551,Colten Ellis,BUF,4,-2,90.0,0.0,72,12,10.545196517,8.767868709685537,-3.2321,-0.0449
8481551,Colten Ellis,BUF,4,-1,90.0,25.98,8,1,0.751589278,0.6229020417348673,-0.3771,-0.0471
8481611,Pyotr Kochetkov,CAR,0,-1,0.0,-25.98,1,0,0.025623081,0.021460164007228465,0.0215,0.0215
8481611,Pyotr Kochetkov,CAR,0,0,0.0,0.0,2,0,0.031811874000000004,0.02682070333399726,0.0268,0.0134
8481611,Pyotr Kochetkov,CAR,1,-2,22.5,-38.97,9,0,0.2282076805,0.19100953542587817,0.191,0.0212
8481611,Pyotr Kochetkov,CAR,1,-1,22.5,-12.99,5,0,0.217202248,0.18068736507683644,0.1807,0.0361
8481611,Pyotr Kochetkov,CAR,1,0,22.5,12.99,2,0,0.07461863,0.0621339967079982,0.0621,0.031
8481611,Pyotr Kochetkov,CAR,1,1,22.5,38.97,4,0,0.086846129,0.07289969964178088,0.0729,0.0182
8481611,Pyotr Kochetkov,CAR,2,-3,45.0,-51.96,2,0,0.195699136,0.16290475318757042,0.1629,0.0814
8481611,Pyotr Kochetkov,CAR,2,-2,45.0,-25.98,13,0,0.587703236,0.4889481732859272,0.4889,0.0376
8481611,Pyotr Kochetkov,CAR,2,-1,45.0,0.0,18,0,1.104356771,0.9162556349110198,0.9163,0.0509
8481611,Pyotr Kochetkov,CAR,2,0,45.0,25.98,9,0,0.280687107,0.2343167789335619,0.2343,0.026
8481611,Pyotr Kochetkov,CAR,2,1,45.0,51.96,1,0,0.019352872,0.01627537227594698,0.0163,0.0163
8481611,Pyotr Kochetkov,CAR,3,-3,67.5,-38.97,7,0,0.259058676,0.2159618741238962,0.216,0.0309
8481611,Pyotr Kochetkov,CAR,3,-2,67.5,-12.99,30,3,3.610514698,2.9995895576025653,-0.0004,-0.0
8481611,Pyotr Kochetkov,CAR,3,-1,67.5,12.99,20,1,2.032010784,1.6891160027266028,0.6891,0.0345
8481611,Pyotr Kochetkov,CAR,3,0,67.5,38.97,6,0,0.218091869,0.18173796439623674,0.1817,0.0303
8481611,Pyotr Kochetkov,CAR,4,-3,90.0,-25.98,3,0,0.21993967,0.182302687972778,0.1823,0.0608
8481611,Pyotr Kochetkov,CAR,4,-2,90.0,0.0,38,4,4.999252158,4.153871567672961,0.1539,0.0041
8481611,Pyotr Kochetkov,CAR,4,-1,90.0,25.98,7,0,0.720599261,0.5980497433468508,0.598,0.0854
8481668,Arturs Silovs,PIT,0,-2,0.0,-51.96,2,0,0.5320831134,0.46865402550442814,0.4687,0.2344
8481668,Arturs Silovs,PIT,0,-1,0.0,-25.98,4,0,0.5491531342,0.4836529883505146,0.4837,0.1209
8481668,Arturs Silovs,PIT,0,0,0.0,0.0,3,0,0.07125210800000001,0.059708218388654706,0.0597,0.0199
8481668,Arturs Silovs,PIT,0,1,0.0,25.98,3,0,0.0591029765,0.04962136058004322,0.0496,0.0165
8481668,Arturs Silovs,PIT,1,-2,22.5,-38.97,19,2,0.375951525,0.3157364135321313,-1.6843,-0.0886
8481668,Arturs Silovs,PIT,1,-1,22.5,-12.99,38,1,1.72038342,1.434683917850217,0.4347,0.0114
8481668,Arturs Silovs,PIT,1,0,22.5,12.99,19,0,0.5765013376,0.48142419560680805,0.4814,0.0253
8481668,Arturs Silovs,PIT,1,1,22.5,38.97,17,0,1.261356441,1.09459272252151,1.0946,0.0644
8481668,Arturs Silovs,PIT,2,-3,45.0,-51.96,6,0,0.13108437,0.11003676241273215,0.11,0.0183
8481668,Arturs Silovs,PIT,2,-2,45.0,-25.98,65,2,2.847799199,2.3689555396326654,0.369,0.0057
8481668,Arturs Silovs,PIT,2,-1,45.0,0.0,78,6,4.727854057,3.9241961906645164,-2.0758,-0.0266
8481668,Arturs Silovs,PIT,2,0,45.0,25.98,78,2,2.474838411,2.0658410271345558,0.0658,0.0008
8481668,Arturs Silovs,PIT,2,1,45.0,51.96,12,0,0.424043217,0.35443644432296495,0.3544,0.0295
8481668,Arturs Silovs,PIT,3,-3,67.5,-38.97,27,1,1.180495649,0.9831628084532332,-0.0168,-0.0006
8481668,Arturs Silovs,PIT,3,-2,67.5,-12.99,159,19,17.4333128956,14.49334159586244,-4.5067,-0.0283
8481668,Arturs Silovs,PIT,3,-1,67.5,12.99,121,3,11.187116663,9.291142431741081,6.2911,0.052
8481668,Arturs Silovs,PIT,3,0,67.5,38.97,45,2,1.7312563250000002,1.4426469863563576,-0.5574,-0.0124
8481668,Arturs Silovs,PIT,4,-3,90.0,-25.98,14,0,0.683634243,0.5680789346065636,0.5681,0.0406
8481668,Arturs Silovs,PIT,4,-2,90.0,0.0,185,24,25.490140187,21.204297530226828,-2.7957,-0.0151
8481668,Arturs Silovs,PIT,4,-1,90.0,25.98,38,5,2.525653665,2.095791920075095,-2.9042,-0.0764
8481668,Arturs Silovs,PIT,4,0,90.0,51.96,1,0,0.017911809,0.015081283767835952,0.0151,0.0151
8481689,Vadim Zherenko,STL,2,-2,45.0,-25.98,2,0,0.10872857600000001,0.09027637609979527,0.0903,0.0452
8481689,Vadim Zherenko,STL,3,-2,67.5,-12.99,5,1,0.42751713700000005,0.3546621690268892,-0.6453,-0.1291
8481689,Vadim Zherenko,STL,3,-1,67.5,12.99,1,0,0.10971877,0.09084529162293359,0.0908,0.0908
8481689,Vadim Zherenko,STL,3,0,67.5,38.97,1,0,0.021713883,0.018229514931842345,0.0182,0.0182
8481692,Dustin Wolf,CGY,0,-1,0.0,-25.98,2,0,0.30423977799999996,0.25664056425055903,0.2566,0.1283
8481692,Dustin Wolf,CGY,0,0,0.0,0.0,4,0,0.060837707,0.051281217306347694,0.0513,0.0128
8481692,Dustin Wolf,CGY,0,1,0.0,25.98,4,0,0.11346203499999999,0.09465435912129494,0.0947,0.0237
8481692,Dustin Wolf,CGY,1,-2,22.5,-38.97,17,0,0.382251652,0.32051510293044627,0.3205,0.0189
8481692,Dustin Wolf,CGY,1,-1,22.5,-12.99,26,0,0.8820943885,0.7356249524517721,0.7356,0.0283
8481692,Dustin Wolf,CGY,1,0,22.5,12.99,21,1,0.6033872775,0.5043231545120918,-0.4957,-0.0236
8481692,Dustin Wolf,CGY,1,1,22.5,38.97,15,0,0.309492959,0.25970246300950545,0.2597,0.0173
8481692,Dustin Wolf,CGY,2,-3,45.0,-51.96,5,0,0.104218528,0.08754510017471173,0.0875,0.0175
8481692,Dustin Wolf,CGY,2,-2,45.0,-25.98,63,1,2.49480697,2.0775615144476394,1.0776,0.0171
8481692,Dustin Wolf,CGY,2,-1,45.0,0.0,65,3,3.972438634,3.2974084981571576,0.2974,0.0046
8481692,Dustin Wolf,CGY,2,0,45.0,25.98,70,0,2.170185527,1.8120171627052855,1.812,0.0259
8481692,Dustin Wolf,CGY,2,1,45.0,51.96,11,0,0.232434016,0.19518658359777927,0.1952,0.0177
8481692,Dustin Wolf,CGY,3,-3,67.5,-38.97,41,1,1.414992843,1.1801668057212074,0.1802,0.0044
8481692,Dustin Wolf,CGY,3,-2,67.5,-12.99,202,24,22.9943174282,19.12072032661872,-4.8793,-0.0242
8481692,Dustin Wolf,CGY,3,-1,67.5,12.99,156,12,14.4054571365,11.964324612616231,-0.0357,-0.0002
8481692,Dustin Wolf,CGY,3,0,67.5,38.97,47,1,1.429886605,1.1941881613831549,0.1942,0.0041
8481692,Dustin Wolf,CGY,4,-3,90.0,-25.98,21,0,1.109836941,0.9215640098391185,0.9216,0.0439
8481692,Dustin Wolf,CGY,4,-2,90.0,0.0,187,29,25.745185813,21.40998925288681,-7.59,-0.0406
8481692,Dustin Wolf,CGY,4,-1,90.0,25.98,49,3,4.096562957,3.4008969053528637,0.4009,0.0082
8482076,Nico Daws,NJD,0,1,0.0,25.98,1,0,0.01413019,0.011941811028886088,0.0119,0.0119
8482076,Nico Daws,NJD,1,-2,22.5,-38.97,6,0,0.236005525,0.1965692692387023,0.1966,0.0328
8482076,Nico Daws,NJD,1,-1,22.5,-12.99,5,0,0.189181653,0.15762266487317067,0.1576,0.0315
8482076,Nico Daws,NJD,1,0,22.5,12.99,2,0,0.070627239,0.058899636313274606,0.0589,0.0294
8482076,Nico Daws,NJD,1,1,22.5,38.97,3,0,0.089552663,0.07479819258700601,0.0748,0.0249
8482076,Nico Daws,NJD,2,-3,45.0,-51.96,1,0,0.02076249,0.017442388840240696,0.0174,0.0174
8482076,Nico Daws,NJD,2,-2,45.0,-25.98,2,0,0.152153082,0.12615717053646794,0.1262,0.0631
8482076,Nico Daws,NJD,2,-1,45.0,0.0,7,0,0.52303239,0.4334982102679072,0.4335,0.0619
8482076,Nico Daws,NJD,2,0,45.0,25.98,4,0,0.170230459,0.14165766837384441,0.1417,0.0354
8482076,Nico Daws,NJD,3,-2,67.5,-12.99,13,1,1.92284554,1.6050787750554105,0.6051,0.0465
8482076,Nico Daws,NJD,3,-1,67.5,12.99,12,3,1.266335802,1.0503341526365184,-1.9497,-0.1625
8482076,Nico Daws,NJD,3,0,67.5,38.97,2,0,0.069447081,0.05789669442417705,0.0579,0.029
8482076,Nico Daws,NJD,4,-3,90.0,-25.98,2,0,0.103552753,0.08600592962312983,0.086,0.043
8482076,Nico Daws,NJD,4,-2,90.0,0.0,22,1,3.218745964,2.6782182151273664,1.6782,0.0763
8482076,Nico Daws,NJD,4,-1,90.0,25.98,2,0,0.15300533,0.126875169603384,0.1269,0.0635
8482085,Samuel Hlavaj,MIN,1,0,22.5,12.99,1,0,0.018568775,0.015625798952112,0.0156,0.0156
8482085,Samuel Hlavaj,MIN,2,-1,45.0,0.0,1,0,0.03872071,0.032257082720853196,0.0323,0.0323
8482085,Samuel Hlavaj,MIN,3,-2,67.5,-12.99,1,1,0.1409245,0.11685136387248683,-0.8831,-0.8831
8482085,Samuel Hlavaj,MIN,4,-2,90.0,0.0,1,0,0.06846449,0.05674178475227245,0.0567,0.0567
8482085,Samuel Hlavaj,MIN,4,-1,90.0,25.98,1,0,0.07896383,0.06539798670536075,0.0654,0.0654
8482123,Drew Commesso,CHI,1,-2,22.5,-38.97,3,0,0.061648112000000005,0.051788483874205544,0.0518,0.0173
8482123,Drew Commesso,CHI,1,-1,22.5,-12.99,3,0,0.100019157,0.0834484973253099,0.0834,0.0278
8482123,Drew Commesso,CHI,1,0,22.5,12.99,2,0,0.078923918,0.06573477001820166,0.0657,0.0328
8482123,Drew Commesso,CHI,1,1,22.5,38.97,1,0,0.020061316,0.016862000836166388,0.0169,0.0169
8482123,Drew Commesso,CHI,2,-2,45.0,-25.98,2,0,0.037762362,0.031758696877152506,0.0318,0.0159
8482123,Drew Commesso,CHI,2,-1,45.0,0.0,6,0,0.384441643,0.31896815309415577,0.319,0.0532
8482123,Drew Commesso,CHI,2,0,45.0,25.98,6,0,0.254104041,0.21141717300151316,0.2114,0.0352
8482123,Drew Commesso,CHI,3,-3,67.5,-38.97,1,0,0.017012592,0.014335617740434806,0.0143,0.0143
8482123,Drew Commesso,CHI,3,-2,67.5,-12.99,11,1,1.254457638,1.04090427980901,0.0409,0.0037
8482123,Drew Commesso,CHI,3,-1,67.5,12.99,4,0,0.35545953500000005,0.2954239598611799,0.2954,0.0738
8482123,Drew Commesso,CHI,3,0,67.5,38.97,6,0,0.357281494,0.2966729468007111,0.2967,0.0494
8482123,Drew Commesso,CHI,4,-3,90.0,-25.98,1,0,0.03846344,0.03204525930428694,0.032,0.032
8482123,Drew Commesso,CHI,4,-2,90.0,0.0,16,1,2.251201669,1.8725277102216724,0.8725,0.0545
8482123,Drew Commesso,CHI,4,-1,90.0,25.98,3,0,0.208753315,0.17314058586280584,0.1731,0.0577
8482137,Yaroslav Askarov,SJS,0,-1,0.0,-25.98,3,0,0.0373790669,0.03159467637218907,0.0316,0.0105
8482137,Yaroslav Askarov,SJS,0,0,0.0,0.0,3,0,0.069491685,0.058161767314471445,0.0582,0.0194
8482137,Yaroslav Askarov,SJS,0,1,0.0,25.98,6,0,0.805440634,0.7359242005922323,0.7359,0.1226
8482137,Yaroslav Askarov,SJS,1,-2,22.5,-38.97,23,0,0.753669064,0.6308715935283474,0.6309,0.0274
8482137,Yaroslav Askarov,SJS,1,-1,22.5,-12.99,37,0,1.328504875,1.1074330714435436,1.1074,0.0299
8482137,Yaroslav Askarov,SJS,1,0,22.5,12.99,22,0,0.652921906,0.5454131695184149,0.5454,0.0248
8482137,Yaroslav Askarov,SJS,1,1,22.5,38.97,16,1,0.35436976,0.29705383684314535,-0.7029,-0.0439
8482137,Yaroslav Askarov,SJS,2,-3,45.0,-51.96,10,0,0.202078419,0.16981491816010436,0.1698,0.017
8482137,Yaroslav Askarov,SJS,2,-2,45.0,-25.98,89,2,3.715992625,3.0934243859810366,1.0934,0.0123
8482137,Yaroslav Askarov,SJS,2,-1,45.0,0.0,99,10,7.04076457,5.849006732918517,-4.151,-0.0419
8482137,Yaroslav Askarov,SJS,2,0,45.0,25.98,71,2,2.310425131,1.9286148494850854,-0.0714,-0.001
8482137,Yaroslav Askarov,SJS,2,1,45.0,51.96,9,1,0.247255583,0.2067062049725058,-0.7933,-0.0881
8482137,Yaroslav Askarov,SJS,3,-3,67.5,-38.97,41,2,1.875709744,1.5609348022917395,-0.4391,-0.0107
8482137,Yaroslav Askarov,SJS,3,-2,67.5,-12.99,187,29,21.22374657,17.63406056069607,-11.3659,-0.0608
8482137,Yaroslav Askarov,SJS,3,-1,67.5,12.99,148,18,14.319412473,11.88836314711606,-6.1116,-0.0413
8482137,Yaroslav Askarov,SJS,3,0,67.5,38.97,50,1,1.827833921,1.5233942975419428,0.5234,0.0105
8482137,Yaroslav Askarov,SJS,4,-3,90.0,-25.98,20,1,1.025499055,0.8518542425113063,-0.1481,-0.0074
8482137,Yaroslav Askarov,SJS,4,-2,90.0,0.0,203,23,28.289468399,23.522031024670266,0.522,0.0026
8482137,Yaroslav Askarov,SJS,4,-1,90.0,25.98,43,2,3.123275332,2.5914202512030253,0.5914,0.0138
8482137,Yaroslav Askarov,SJS,4,0,90.0,51.96,3,0,0.055696466,0.04686870316231443,0.0469,0.0156
8482188,Garin Bjorklund,WSH,0,1,0.0,25.98,1,0,0.024375113,0.02042939666294411,0.0204,0.0204
8482188,Garin Bjorklund,WSH,1,0,22.5,12.99,2,0,0.267251528,0.22346199703301392,0.2235,0.1118
8482188,Garin Bjorklund,WSH,2,-2,45.0,-25.98,2,0,0.080491678,0.06702358766643379,0.067,0.0335
8482188,Garin Bjorklund,WSH,2,-1,45.0,0.0,3,0,0.160674919,0.1334115272034672,0.1334,0.0445
8482188,Garin Bjorklund,WSH,2,1,45.0,51.96,1,0,0.024305485,0.02037187182612037,0.0204,0.0204
8482188,Garin Bjorklund,WSH,3,-3,67.5,-38.97,1,0,0.028174492,0.023566115952762878,0.0236,0.0236
8482188,Garin Bjorklund,WSH,3,-2,67.5,-12.99,2,0,0.18324210500000002,0.1522314121723991,0.1522,0.0761
8482188,Garin Bjorklund,WSH,3,-1,67.5,12.99,2,0,0.30355786,0.25191633097740856,0.2519,0.126
8482188,Garin Bjorklund,WSH,3,0,67.5,38.97,2,0,0.12309569000000001,0.10209051050471163,0.1021,0.051
8482188,Garin Bjorklund,WSH,4,-2,90.0,0.0,5,0,0.80327795,0.6685896649342494,0.6686,0.1337
8482193,Dylan Garand,NYR,0,-1,0.0,-25.98,1,0,0.018241784,0.015354822926510676,0.0154,0.0154
8482193,Dylan Garand,NYR,1,-2,22.5,-38.97,2,0,0.044286769000000004,0.03715595274991749,0.0372,0.0186
8482193,Dylan Garand,NYR,1,-1,22.5,-12.99,7,0,0.307378869,0.25568731766671815,0.2557,0.0365
8482193,Dylan Garand,NYR,1,1,22.5,38.97,1,0,0.027537294,0.02304033404295143,0.023,0.023
8482193,Dylan Garand,NYR,2,-3,45.0,-51.96,2,0,0.038927387,0.03273403972001339,0.0327,0.0164
8482193,Dylan Garand,NYR,2,-2,45.0,-25.98,9,0,0.41660362,0.3463108997621802,0.3463,0.0385
8482193,Dylan Garand,NYR,2,-1,45.0,0.0,11,1,0.695787599,0.5775201919364186,-0.4225,-0.0384
8482193,Dylan Garand,NYR,2,0,45.0,25.98,14,0,0.4879984824,0.4067802111437937,0.4068,0.0291
8482193,Dylan Garand,NYR,2,1,45.0,51.96,2,0,0.041071495,0.034509308673602496,0.0345,0.0173
8482193,Dylan Garand,NYR,3,-3,67.5,-38.97,2,0,0.071952116,0.05998293822607929,0.06,0.03
8482193,Dylan Garand,NYR,3,-2,67.5,-12.99,15,1,1.97769487,1.6454900258796878,0.6455,0.043
8482193,Dylan Garand,NYR,3,-1,67.5,12.99,11,1,1.386920979,1.1518908539975166,0.1519,0.0138
8482193,Dylan Garand,NYR,3,0,67.5,38.97,3,1,0.218723121,0.18130754490339684,-0.8187,-0.2729
8482193,Dylan Garand,NYR,4,-2,90.0,0.0,19,0,2.915801799,2.427374282753924,2.4274,0.1278
8482193,Dylan Garand,NYR,4,-1,90.0,25.98,2,0,0.167105274,0.13875264057070066,0.1388,0.0694
8482205,Will Cranley,STL,1,-2,22.5,-38.97,1,0,0.01669469,0.014071876243635262,0.0141,0.0141
8482205,Will Cranley,STL,1,-1,22.5,-12.99,1,0,0.017918915,0.015087189466112056,0.0151,0.0151
8482205,Will Cranley,STL,2,-2,45.0,-25.98,1,1,0.0298634,0.024959234675470926,-0.975,-0.975
8482205,Will Cranley,STL,3,-2,67.5,-12.99,4,1,0.6668743850000001,0.5546964469270295,-0.4453,-0.1113
8482205,Will Cranley,STL,3,-1,67.5,12.99,1,1,0.14100482,0.11691859403455404,-0.8831,-0.8831
8482205,Will Cranley,STL,4,-3,90.0,-25.98,2,0,0.16092306,0.13326944557527765,0.1333,0.0666
8482205,Will Cranley,STL,4,0,90.0,51.96,1,0,0.05875779,0.04874830839268003,0.0487,0.0487
8482221,Devon Levi,BUF,2,-3,45.0,-51.96,1,0,0.1670353,0.1387860991887721,0.1388,0.1388
8482221,Devon Levi,BUF,2,-2,45.0,-25.98,3,0,0.320510595,0.26668624006445174,0.2667,0.0889
8482221,Devon Levi,BUF,2,-1,45.0,0.0,1,0,0.043259826,0.035993663106353525,0.036,0.036
8482221,Devon Levi,BUF,2,0,45.0,25.98,3,0,0.192260349,0.15952797158074694,0.1595,0.0532
8482221,Devon Levi,BUF,2,1,45.0,51.96,1,0,0.024429698,0.020474474541909083,0.0205,0.0205
8482221,Devon Levi,BUF,3,-3,67.5,-38.97,2,0,0.136050655,0.1129060028024781,0.1129,0.0564
8482221,Devon Levi,BUF,3,-2,67.5,-12.99,1,0,0.088221356,0.07304188883763324,0.073,0.073
8482221,Devon Levi,BUF,3,-1,67.5,12.99,1,0,0.17044893,0.1416666371916048,0.1417,0.1417
8482221,Devon Levi,BUF,4,-3,90.0,-25.98,1,0,0.039775204,0.03312526296744235,0.0331,0.0331
8482221,Devon Levi,BUF,4,-1,90.0,25.98,1,0,0.10294977,0.08523058608212251,0.0852,0.0852
8482411,Hunter Shepard,OTT,2,-1,45.0,0.0,1,0,0.070967965,0.05880466801783148,0.0588,0.0588
8482411,Hunter Shepard,OTT,3,-1,67.5,12.99,1,1,0.1582942,0.1314239119731938,-0.8686,-0.8686
8482411,Hunter Shepard,OTT,3,0,67.5,38.97,1,0,0.024191586,0.020277749031481298,0.0203,0.0203
8482445,Devin Cooley,CGY,0,-2,0.0,-51.96,1,0,0.013902765,0.011752679633945348,0.0118,0.0118
8482445,Devin Cooley,CGY,0,-1,0.0,-25.98,3,0,0.046297795,0.03904771343000097,0.039,0.013
8482445,Devin Cooley,CGY,0,0,0.0,0.0,1,0,0.035164844,0.029328662309850217,0.0293,0.0293
8482445,Devin Cooley,CGY,0,1,0.0,25.98,2,0,0.016942358,0.014439755499194518,0.0144,0.0072
8482445,Devin Cooley,CGY,1,-2,22.5,-38.97,18,0,0.41637941300000003,0.349116608601608,0.3491,0.0194
8482445,Devin Cooley,CGY,1,-1,22.5,-12.99,17,0,0.833816562,0.698945644138774,0.6989,0.0411
8482445,Devin Cooley,CGY,1,0,22.5,12.99,9,0,0.260936344,0.2180813367554198,0.2181,0.0242
8482445,Devin Cooley,CGY,1,1,22.5,38.97,4,0,0.0689457275,0.058045901070987914,0.058,0.0145
8482445,Devin Cooley,CGY,2,-3,45.0,-51.96,4,0,0.081664915,0.06861915117980054,0.0686,0.0172
8482445,Devin Cooley,CGY,2,-2,45.0,-25.98,39,1,1.602984063,1.3343074673054598,0.3343,0.0086
8482445,Devin Cooley,CGY,2,-1,45.0,0.0,34,3,2.25453703,1.8709150888101433,-1.1291,-0.0332
8482445,Devin Cooley,CGY,2,0,45.0,25.98,37,2,1.08535451,0.9068356582930693,-1.0932,-0.0295
8482445,Devin Cooley,CGY,2,1,45.0,51.96,10,0,0.195928295,0.16472911934721454,0.1647,0.0165
8482445,Devin Cooley,CGY,3,-3,67.5,-38.97,25,0,0.838797253,0.6997172114652657,0.6997,0.028
8482445,Devin Cooley,CGY,3,-2,67.5,-12.99,94,7,10.377101789,8.628987576127093,1.629,0.0173
8482445,Devin Cooley,CGY,3,-1,67.5,12.99,69,3,6.6526711517,5.53013633131188,2.5301,0.0367
8482445,Devin Cooley,CGY,3,0,67.5,38.97,24,1,0.859769667,0.716537392667113,-0.2835,-0.0118
8482445,Devin Cooley,CGY,4,-3,90.0,-25.98,7,0,0.292745191,0.24356373122564368,0.2436,0.0348
8482445,Devin Cooley,CGY,4,-2,90.0,0.0,87,13,12.301923873,10.239639249379634,-2.7604,-0.0317
8482445,Devin Cooley,CGY,4,-1,90.0,25.98,21,0,1.3597415485,1.1290388380657896,1.129,0.0538
8482445,Devin Cooley,CGY,4,0,90.0,51.96,2,0,0.038928069,0.03273350255951802,0.0327,0.0164
8482446,Joel Blomqvist,PIT,1,-1,22.5,-12.99,1,0,0.03169938,0.026472970629549432,0.0265,0.0265
8482446,Joel Blomqvist,PIT,2,-2,45.0,-25.98,1,0,0.021883763,0.018370011131932755,0.0184,0.0184
8482446,Joel Blomqvist,PIT,2,0,45.0,25.98,1,0,0.021048304,0.017678873197662932,0.0177,0.0177
8482446,Joel Blomqvist,PIT,3,-2,67.5,-12.99,1,0,0.11216336,0.09287508580985074,0.0929,0.0929
8482447,Leevi Meriläinen,OTT,0,0,0.0,0.0,5,0,0.402421673,0.3435832051705123,0.3436,0.0687
8482447,Leevi Meriläinen,OTT,0,1,0.0,25.98,2,0,0.165150674,0.13686680705971105,0.1369,0.0684
8482447,Leevi Meriläinen,OTT,1,-2,22.5,-38.97,4,0,0.0608066075,0.05132191138827359,0.0513,0.0128
8482447,Leevi Meriläinen,OTT,1,-1,22.5,-12.99,12,0,0.6430837269999999,0.5369370268941347,0.5369,0.0447
8482447,Leevi Meriläinen,OTT,1,0,22.5,12.99,13,0,0.8841534,0.7449127362862844,0.7449,0.0573
8482447,Leevi Meriläinen,OTT,1,1,22.5,38.97,7,0,0.37728802100000003,0.31742094301197554,0.3174,0.0453
8482447,Leevi Meriläinen,OTT,2,-3,45.0,-51.96,3,0,0.066042348,0.055429307702254405,0.0554,0.0185
8482447,Leevi Meriläinen,OTT,2,-2,45.0,-25.98,23,1,0.683370239,0.5708969750540057,-0.4291,-0.0187
8482447,Leevi Meriläinen,OTT,2,-1,45.0,0.0,30,4,1.938559882,1.6084439649845725,-2.3916,-0.0797
8482447,Leevi Meriläinen,OTT,2,0,45.0,25.98,34,0,1.092406391,0.9114853994403339,0.9115,0.0268
8482447,Leevi Meriläinen,OTT,2,1,45.0,51.96,5,0,0.09055287399999999,0.07622794380645762,0.0762,0.0152
8482447,Leevi Meriläinen,OTT,3,-3,67.5,-38.97,14,0,0.515497948,0.4296638638081169,0.4297,0.0307
8482447,Leevi Meriläinen,OTT,3,-2,67.5,-12.99,66,11,7.887680253,6.558730851703181,-4.4413,-0.0673
8482447,Leevi Meriläinen,OTT,3,-1,67.5,12.99,56,10,6.243725192,5.193567235011081,-4.8064,-0.0858
8482447,Leevi Meriläinen,OTT,3,0,67.5,38.97,23,3,0.796666783,0.6641932886055828,-2.3358,-0.1016
8482447,Leevi Meriläinen,OTT,4,-3,90.0,-25.98,11,0,0.693227292,0.5752903869839044,0.5753,0.0523
8482447,Leevi Meriläinen,OTT,4,-2,90.0,0.0,83,12,11.023010827,9.15945867965162,-2.8405,-0.0342
8482447,Leevi Meriläinen,OTT,4,-1,90.0,25.98,18,2,1.448532132,1.2020177018204397,-0.798,-0.0443
8482447,Leevi Meriläinen,OTT,4,0,90.0,51.96,1,0,0.01863523,0.015680843085433813,0.0157,0.0157
8482465,Rémi Poirier,DAL,1,-1,22.5,-12.99,1,0,0.050970785,0.042339452950830636,0.0423,0.0423
8482465,Rémi Poirier,DAL,3,-2,67.5,-12.99,1,0,0.1531833,0.1271283914680933,0.1271,0.1271
8482465,Rémi Poirier,DAL,3,-1,67.5,12.99,3,1,0.38848428,0.3219769213826248,-0.678,-0.226
8482465,Rémi Poirier,DAL,4,-2,90.0,0.0,1,0,0.1584078,0.13151955066939747,0.1315,0.1315
8482477,Calle Clang,ANA,0,1,0.0,25.98,1,0,0.12684183,0.10508902013579997,0.1051,0.1051
8482477,Calle Clang,ANA,1,-1,22.5,-12.99,1,0,0.031318687,0.026159163592139035,0.0262,0.0262
8482477,Calle Clang,ANA,1,0,22.5,12.99,3,0,0.130328808,0.10842998413041198,0.1084,0.0361
8482477,Calle Clang,ANA,1,1,22.5,38.97,1,0,0.0103142755,0.008761995684681043,0.0088,0.0088
8482477,Calle Clang,ANA,2,-3,45.0,-51.96,2,0,0.04114295,0.034567746694456405,0.0346,0.0173
8482477,Calle Clang,ANA,2,-2,45.0,-25.98,3,1,0.176952537,0.14695906323640884,-0.853,-0.2843
8482477,Calle Clang,ANA,2,-1,45.0,0.0,4,0,0.225829308,0.1874632971303124,0.1875,0.0469
8482477,Calle Clang,ANA,2,0,45.0,25.98,5,0,0.141727607,0.11851112153101162,0.1185,0.0237
8482477,Calle Clang,ANA,3,-2,67.5,-12.99,9,0,1.167841406,0.9696900370007834,0.9697,0.1077
8482477,Calle Clang,ANA,3,-1,67.5,12.99,3,0,0.243242531,0.20154883768105353,0.2015,0.0672
8482477,Calle Clang,ANA,3,0,67.5,38.97,1,0,0.01884152,0.01585178764651624,0.0159,0.0159
8482477,Calle Clang,ANA,4,-2,90.0,0.0,9,3,1.090647224,0.9044011189856903,-2.0956,-0.2328
8482477,Calle Clang,ANA,4,-1,90.0,25.98,3,0,0.182113331,0.15111824875941027,0.1511,0.0504
8482484,Jesper Vikman,VGK,2,-2,45.0,-25.98,1,0,0.030458089,0.025449630351284513,0.0254,0.0254
8482484,Jesper Vikman,VGK,2,0,45.0,25.98,1,0,0.08449296,0.0699619475743141,0.07,0.07
8482484,Jesper Vikman,VGK,3,-1,67.5,12.99,2,0,0.166766216,0.13821810671319126,0.1382,0.0691
8482484,Jesper Vikman,VGK,3,0,67.5,38.97,1,0,0.020949218,0.017596898382199026,0.0176,0.0176
8482484,Jesper Vikman,VGK,4,-2,90.0,0.0,1,0,0.16783355,0.13945949419244283,0.1395,0.1395
8482487,Jakub Dobes,MTL,0,0,0.0,0.0,1,0,0.082632706,0.06842608836883139,0.0684,0.0684
8482487,Jakub Dobes,MTL,0,1,0.0,25.98,4,0,0.085596919,0.07182908132822595,0.0718,0.018
8482487,Jakub Dobes,MTL,1,-2,22.5,-38.97,16,0,0.38918681,0.32602421352930655,0.326,0.0204
8482487,Jakub Dobes,MTL,1,-1,22.5,-12.99,20,3,0.836897394,0.6965402954359006,-2.3035,-0.1152
8482487,Jakub Dobes,MTL,1,0,22.5,12.99,13,0,0.370881629,0.31001026399183035,0.31,0.0238
8482487,Jakub Dobes,MTL,1,1,22.5,38.97,9,0,0.220311784,0.18456169941023776,0.1846,0.0205
8482487,Jakub Dobes,MTL,2,-3,45.0,-51.96,3,0,0.061482985000000004,0.051656900376225175,0.0517,0.0172
8482487,Jakub Dobes,MTL,2,-2,45.0,-25.98,56,1,2.364454001,1.9675981506579434,0.9676,0.0173
8482487,Jakub Dobes,MTL,2,-1,45.0,0.0,69,6,4.73183209,3.9244104745384174,-2.0756,-0.0301
8482487,Jakub Dobes,MTL,2,0,45.0,25.98,52,2,1.718848397,1.4338248093816401,-0.5662,-0.0109
8482487,Jakub Dobes,MTL,2,1,45.0,51.96,5,0,0.117623205,0.09860912386375477,0.0986,0.0197
8482487,Jakub Dobes,MTL,3,-3,67.5,-38.97,23,0,0.799963424,0.6670645207236108,0.6671,0.029
8482487,Jakub Dobes,MTL,3,-2,67.5,-12.99,128,10,16.047282489,13.351779765762286,3.3518,0.0262
8482487,Jakub Dobes,MTL,3,-1,67.5,12.99,82,5,9.6888962746,8.051696295464549,3.0517,0.0372
8482487,Jakub Dobes,MTL,3,0,67.5,38.97,32,0,1.286570328,1.0710283075634657,1.071,0.0335
8482487,Jakub Dobes,MTL,4,-3,90.0,-25.98,11,0,0.696402622,0.578681725822217,0.5787,0.0526
8482487,Jakub Dobes,MTL,4,-2,90.0,0.0,134,11,20.038836078,16.671272328262358,5.6713,0.0423
8482487,Jakub Dobes,MTL,4,-1,90.0,25.98,29,1,2.354743891,1.9548288515667867,0.9548,0.0329
8482501,Amir Miftakhov,CAR,1,-1,22.5,-12.99,1,0,0.05447139,0.04522026438174449,0.0452,0.0452
8482501,Amir Miftakhov,CAR,2,-3,45.0,-51.96,1,0,0.022254502,0.0186766213348619,0.0187,0.0187
8482501,Amir Miftakhov,CAR,2,-2,45.0,-25.98,1,0,0.028638141,0.023948615854901826,0.0239,0.0239
8482501,Amir Miftakhov,CAR,2,-1,45.0,0.0,3,0,0.25314730399999996,0.20961744361048942,0.2096,0.0699
8482501,Amir Miftakhov,CAR,2,0,45.0,25.98,3,0,0.072809155,0.061023422551431394,0.061,0.0203
8482501,Amir Miftakhov,CAR,3,-2,67.5,-12.99,4,2,0.736127005,0.6142710203619166,-1.3857,-0.3464
8482501,Amir Miftakhov,CAR,3,-1,67.5,12.99,1,0,0.10215679,0.0845734083165454,0.0846,0.0846
8482501,Amir Miftakhov,CAR,3,0,67.5,38.97,2,0,0.054019707,0.045193739564918366,0.0452,0.0226
8482501,Amir Miftakhov,CAR,4,-2,90.0,0.0,9,3,1.15775883,0.9613455577790927,-2.0387,-0.2265
8482501,Amir Miftakhov,CAR,4,-1,90.0,25.98,1,0,0.040408313,0.033646479628259944,0.0336,0.0336
8482515,Artur Akhtyamov,TOR,1,-2,22.5,-38.97,2,0,0.04544741,0.038125608709764086,0.0381,0.019
8482515,Artur Akhtyamov,TOR,1,-1,22.5,-12.99,1,0,0.031096095,0.025975655268011235,0.026,0.026
8482515,Artur Akhtyamov,TOR,1,0,22.5,12.99,4,0,0.112714383,0.09426859476097063,0.0943,0.0236
8482515,Artur Akhtyamov,TOR,1,1,22.5,38.97,2,0,0.038173932,0.032104194313269815,0.0321,0.016
8482515,Artur Akhtyamov,TOR,2,-3,45.0,-51.96,2,0,0.035310019,0.02973678134565923,0.0297,0.0148
8482515,Artur Akhtyamov,TOR,2,-2,45.0,-25.98,7,0,0.25697739399999997,0.21412056317165984,0.2141,0.0306
8482515,Artur Akhtyamov,TOR,2,-1,45.0,0.0,6,0,0.38370354349999997,0.318093529650672,0.3181,0.053
8482515,Artur Akhtyamov,TOR,2,0,45.0,25.98,6,0,0.143450257,0.1202382159896,0.1202,0.02
8482515,Artur Akhtyamov,TOR,3,-3,67.5,-38.97,3,0,0.12472627,0.10378459161182545,0.1038,0.0346
8482515,Artur Akhtyamov,TOR,3,-2,67.5,-12.99,14,2,1.887476212,1.5700704303901958,-0.4299,-0.0307
8482515,Artur Akhtyamov,TOR,3,-1,67.5,12.99,9,0,1.042056171,0.8657960459031485,0.8658,0.0962
8482515,Artur Akhtyamov,TOR,3,0,67.5,38.97,2,0,0.083271596,0.0692648228042298,0.0693,0.0346
8482515,Artur Akhtyamov,TOR,4,-3,90.0,-25.98,3,0,0.079009303,0.06614535547484024,0.0661,0.022
8482515,Artur Akhtyamov,TOR,4,-2,90.0,0.0,20,4,3.041765771,2.532791705899901,-1.4672,-0.0734
8482515,Artur Akhtyamov,TOR,4,-1,90.0,25.98,3,1,0.314922763,0.2610212182575084,-0.739,-0.2463
8482657,Sebastian Cossa,DET,1,-2,22.5,-38.97,1,0,0.009300812,0.007914787512817916,0.0079,0.0079
8482657,Sebastian Cossa,DET,2,-3,45.0,-51.96,1,0,0.017772248,0.01496559648883907,0.015,0.015
8482657,Sebastian Cossa,DET,2,-2,45.0,-25.98,4,1,0.09526596300000001,0.0798404366595917,-0.9202,-0.23
8482657,Sebastian Cossa,DET,2,-1,45.0,0.0,2,0,0.120081668,0.099630991311394,0.0996,0.0498
8482657,Sebastian Cossa,DET,2,0,45.0,25.98,2,1,0.105523865,0.08761793066431187,-0.9124,-0.4562
8482657,Sebastian Cossa,DET,2,1,45.0,51.96,1,0,0.017700298,0.014905942953087895,0.0149,0.0149
8482657,Sebastian Cossa,DET,3,-2,67.5,-12.99,4,1,0.51284098,0.4258579210516379,-0.5741,-0.1435
8482657,Sebastian Cossa,DET,3,-1,67.5,12.99,5,1,0.5248498580000001,0.43561192724377606,-0.5644,-0.1129
8482657,Sebastian Cossa,DET,3,0,67.5,38.97,1,0,0.01852943,0.01559319674009703,0.0156,0.0156
8482657,Sebastian Cossa,DET,4,-2,90.0,0.0,4,0,0.54314425,0.4534609461484463,0.4535,0.1134
8482661,Jesper Wallstedt,MIN,0,-2,0.0,-51.96,2,0,0.03403992,0.028657799786506344,0.0287,0.0144
8482661,Jesper Wallstedt,MIN,0,-1,0.0,-25.98,1,0,0.010787615,0.00915725689173428,0.0092,0.0092
8482661,Jesper Wallstedt,MIN,0,0,0.0,0.0,1,0,0.012063914,0.010221763483429224,0.0102,0.0102
8482661,Jesper Wallstedt,MIN,0,1,0.0,25.98,3,0,0.117773811,0.09794976245822831,0.0979,0.0326
8482661,Jesper Wallstedt,MIN,1,-2,22.5,-38.97,9,0,0.199789449,0.167590452541443,0.1676,0.0186
8482661,Jesper Wallstedt,MIN,1,-1,22.5,-12.99,29,0,1.091694604,0.9096615113681976,0.9097,0.0314
8482661,Jesper Wallstedt,MIN,1,0,22.5,12.99,14,0,0.388943715,0.3252080466228793,0.3252,0.0232
8482661,Jesper Wallstedt,MIN,1,1,22.5,38.97,17,1,0.3358015015,0.2819562951319254,-0.718,-0.0422
8482661,Jesper Wallstedt,MIN,2,-3,45.0,-51.96,4,0,0.077126056,0.0648587620600993,0.0649,0.0162
8482661,Jesper Wallstedt,MIN,2,-2,45.0,-25.98,53,3,2.3079654677,1.9202488833014553,-1.0798,-0.0204
8482661,Jesper Wallstedt,MIN,2,-1,45.0,0.0,92,2,6.134874611,5.092908010721191,3.0929,0.0336
8482661,Jesper Wallstedt,MIN,2,0,45.0,25.98,44,0,1.433732833,1.1963504791943325,1.1964,0.0272
8482661,Jesper Wallstedt,MIN,2,1,45.0,51.96,6,0,0.121394191,0.10200454199705164,0.102,0.017
8482661,Jesper Wallstedt,MIN,3,-3,67.5,-38.97,29,2,1.497448262,1.2453000074274245,-0.7547,-0.026
8482661,Jesper Wallstedt,MIN,3,-2,67.5,-12.99,110,7,12.3266400041,10.248473782402916,3.2485,0.0295
8482661,Jesper Wallstedt,MIN,3,-1,67.5,12.99,89,9,8.681239171,7.207272241147648,-1.7927,-0.0201
8482661,Jesper Wallstedt,MIN,3,0,67.5,38.97,39,1,1.798144905,1.4955469701022446,0.4955,0.0127
8482661,Jesper Wallstedt,MIN,4,-3,90.0,-25.98,13,0,0.890620006,0.7393576948657957,0.7394,0.0569
8482661,Jesper Wallstedt,MIN,4,-2,90.0,0.0,109,12,14.159877727,11.76626199386852,-0.2337,-0.0021
8482661,Jesper Wallstedt,MIN,4,-1,90.0,25.98,22,0,1.9964891009999999,1.6571715103910203,1.6572,0.0753
8482668,Tristan Lennox,NYI,1,-1,22.5,-12.99,2,0,0.294751088,0.24716916096115418,0.2472,0.1236
8482668,Tristan Lennox,NYI,1,0,22.5,12.99,1,0,0.038055904,0.031709682604097233,0.0317,0.0317
8482668,Tristan Lennox,NYI,2,-2,45.0,-25.98,1,0,0.029268134,0.024468291357239703,0.0245,0.0245
8482668,Tristan Lennox,NYI,2,-1,45.0,0.0,1,0,0.08311153,0.06882125892198149,0.0688,0.0688
8482668,Tristan Lennox,NYI,2,0,45.0,25.98,1,0,0.03708068,0.03090660087023514,0.0309,0.0309
8482668,Tristan Lennox,NYI,2,1,45.0,51.96,1,0,0.02494639,0.02090130091757559,0.0209,0.0209
8482668,Tristan Lennox,NYI,3,-2,67.5,-12.99,1,0,0.0492339,0.040910128909116106,0.0409,0.0409
8482668,Tristan Lennox,NYI,3,-1,67.5,12.99,2,1,0.21445973999999998,0.1778274350791023,-0.8222,-0.4111
8482668,Tristan Lennox,NYI,4,-2,90.0,0.0,3,1,0.33381258999999996,0.27723996689566854,-0.7228,-0.2409
8482761,Carl Lindbom,VGK,0,0,0.0,0.0,1,0,0.14992169,0.12439045783204361,0.1244,0.1244
8482761,Carl Lindbom,VGK,0,1,0.0,25.98,1,0,0.009426128,0.008019618811286511,0.008,0.008
8482761,Carl Lindbom,VGK,1,-2,22.5,-38.97,2,0,0.032908225,0.027733809978860692,0.0277,0.0138
8482761,Carl Lindbom,VGK,1,-1,22.5,-12.99,4,0,0.146187014,0.12176295431199378,0.1218,0.0304
8482761,Carl Lindbom,VGK,1,0,22.5,12.99,2,0,0.06650878199999999,0.055500835050276025,0.0555,0.0278
8482761,Carl Lindbom,VGK,1,1,22.5,38.97,4,0,0.070120129,0.059027114071873714,0.059,0.0148
8482761,Carl Lindbom,VGK,2,-3,45.0,-51.96,1,0,0.01860586,0.01565652934646717,0.0157,0.0157
8482761,Carl Lindbom,VGK,2,-2,45.0,-25.98,16,0,0.570007927,0.4751809370525944,0.4752,0.0297
8482761,Carl Lindbom,VGK,2,-1,45.0,0.0,16,0,1.145825909,0.9500305406111866,0.95,0.0594
8482761,Carl Lindbom,VGK,2,0,45.0,25.98,8,0,0.15859249350000001,0.13323509842407055,0.1332,0.0167
8482761,Carl Lindbom,VGK,3,-3,67.5,-38.97,7,1,0.308807685,0.25691897590640594,-0.7431,-0.1062
8482761,Carl Lindbom,VGK,3,-2,67.5,-12.99,35,3,4.048475155,3.3618981153648257,0.3619,0.0103
8482761,Carl Lindbom,VGK,3,-1,67.5,12.99,30,3,3.001889756,2.4951463942494616,-0.5049,-0.0168
8482761,Carl Lindbom,VGK,3,0,67.5,38.97,8,0,0.272900623,0.22753343081145655,0.2275,0.0284
8482761,Carl Lindbom,VGK,4,-3,90.0,-25.98,1,0,0.07013137,0.058115256286825595,0.0581,0.0581
8482761,Carl Lindbom,VGK,4,-2,90.0,0.0,40,5,5.346360116,4.436992332847884,-0.563,-0.0141
8482761,Carl Lindbom,VGK,4,-1,90.0,25.98,4,1,0.29511692,0.24509853672441123,-0.7549,-0.1887
8482761,Carl Lindbom,VGK,4,0,90.0,51.96,1,0,0.033636414,0.028069386507622557,0.0281,0.0281
8482783,Aleksei Kolosov,PHI,1,-2,22.5,-38.97,1,0,0.018851938,0.0158603987913866,0.0159,0.0159
8482783,Aleksei Kolosov,PHI,2,-3,45.0,-51.96,2,0,0.038846409,0.03266719823916117,0.0327,0.0164
8482783,Aleksei Kolosov,PHI,2,-1,45.0,0.0,3,0,0.231933623,0.19227680919113593,0.1923,0.0641
8482783,Aleksei Kolosov,PHI,2,0,45.0,25.98,2,1,0.063141007,0.05272905243180502,-0.9473,-0.4736
8482783,Aleksei Kolosov,PHI,3,-3,67.5,-38.97,4,0,0.26281499,0.21820773139059427,0.2182,0.0546
8482783,Aleksei Kolosov,PHI,3,-2,67.5,-12.99,12,1,1.180281045,0.9789219725014948,-0.0211,-0.0018
8482783,Aleksei Kolosov,PHI,3,-1,67.5,12.99,5,1,0.49946327,0.4141419946512984,-0.5859,-0.1172
8482783,Aleksei Kolosov,PHI,3,0,67.5,38.97,2,0,0.063639585,0.05314258592158759,0.0531,0.0266
8482783,Aleksei Kolosov,PHI,4,-2,90.0,0.0,3,1,0.413955014,0.34343571771401654,-0.6566,-0.2189
8482783,Aleksei Kolosov,PHI,4,-1,90.0,25.98,1,0,0.061132345,0.05070308021791897,0.0507,0.0507
8482821,Arvid Soderblom,CHI,0,-2,0.0,-51.96,2,0,0.38949417799999997,0.33274332267018086,0.3327,0.1664
8482821,Arvid Soderblom,CHI,0,-1,0.0,-25.98,2,0,0.80835032,0.698037143990941,0.698,0.349
8482821,Arvid Soderblom,CHI,0,0,0.0,0.0,1,0,0.03686642,0.03073013707875207,0.0307,0.0307
8482821,Arvid Soderblom,CHI,1,-2,22.5,-38.97,11,0,0.331967573,0.27732106063495326,0.2773,0.0252
8482821,Arvid Soderblom,CHI,1,-1,22.5,-12.99,11,0,0.643333064,0.5382857406960156,0.5383,0.0489
8482821,Arvid Soderblom,CHI,1,0,22.5,12.99,12,0,0.347544084,0.2904675140849809,0.2905,0.0242
8482821,Arvid Soderblom,CHI,1,1,22.5,38.97,5,0,0.084141056,0.07088645928768236,0.0709,0.0142
8482821,Arvid Soderblom,CHI,2,-3,45.0,-51.96,6,0,0.12458735,0.10465390320926823,0.1047,0.0174
8482821,Arvid Soderblom,CHI,2,-2,45.0,-25.98,44,1,1.677475602,1.398024045247592,0.398,0.009
8482821,Arvid Soderblom,CHI,2,-1,45.0,0.0,45,0,3.062818223,2.5427722438448734,2.5428,0.0565
8482821,Arvid Soderblom,CHI,2,0,45.0,25.98,43,1,1.228636034,1.0269422264679822,0.0269,0.0006
8482821,Arvid Soderblom,CHI,2,1,45.0,51.96,3,0,0.08074579800000001,0.06757384656888865,0.0676,0.0225
8482821,Arvid Soderblom,CHI,3,-3,67.5,-38.97,23,0,0.931962306,0.7757827954528446,0.7758,0.0337
8482821,Arvid Soderblom,CHI,3,-2,67.5,-12.99,108,14,12.3984292912,10.31730773279412,-3.6827,-0.0341
8482821,Arvid Soderblom,CHI,3,-1,67.5,12.99,72,11,8.177655991,6.792208152952658,-4.2078,-0.0584
8482821,Arvid Soderblom,CHI,3,0,67.5,38.97,20,0,0.605215693,0.5055205757673713,0.5055,0.0253
8482821,Arvid Soderblom,CHI,4,-3,90.0,-25.98,8,0,0.435085945,0.3612804561451668,0.3613,0.0452
8482821,Arvid Soderblom,CHI,4,-2,90.0,0.0,121,24,17.025684886,14.154633680568764,-9.8454,-0.0814
8482821,Arvid Soderblom,CHI,4,-1,90.0,25.98,25,1,2.235806759,1.8533479227545198,0.8533,0.0341
8482821,Arvid Soderblom,CHI,4,0,90.0,51.96,1,0,0.029498935,0.024658644048176352,0.0247,0.0247
8482867,Jakub Malek,NJD,2,-1,45.0,0.0,2,0,0.143773588,0.11921003861509644,0.1192,0.0596
8482867,Jakub Malek,NJD,2,1,45.0,51.96,1,0,0.03087521,0.025793554567675098,0.0258,0.0258
8482867,Jakub Malek,NJD,3,-3,67.5,-38.97,1,0,0.02811968,0.023520889089748007,0.0235,0.0235
8482867,Jakub Malek,NJD,3,-2,67.5,-12.99,3,0,0.21311681,0.1767745566454197,0.1768,0.0589
8482867,Jakub Malek,NJD,3,-1,67.5,12.99,4,0,0.357121761,0.29713567533373564,0.2971,0.0743
8482867,Jakub Malek,NJD,3,0,67.5,38.97,1,0,0.022405703,0.018801660239167826,0.0188,0.0188
8482867,Jakub Malek,NJD,4,-2,90.0,0.0,3,1,0.42652455,0.35408950134618017,-0.6459,-0.2153
8482869,Talyn Boyko,NYR,1,-1,22.5,-12.99,1,0,0.03238743,0.027040115624667765,0.027,0.027
8482869,Talyn Boyko,NYR,1,0,22.5,12.99,1,0,0.023954036,0.020081481529712043,0.0201,0.0201
8482869,Talyn Boyko,NYR,2,-2,45.0,-25.98,1,0,0.09083775,0.07520454907898971,0.0752,0.0752
8482869,Talyn Boyko,NYR,2,-1,45.0,0.0,1,0,0.087511875,0.07245566990145286,0.0725,0.0725
8482869,Talyn Boyko,NYR,2,0,45.0,25.98,1,0,0.03558252,0.029672684169577676,0.0297,0.0297
8482869,Talyn Boyko,NYR,3,-2,67.5,-12.99,2,1,0.353618,0.2942240505581214,-0.7058,-0.3529
8482869,Talyn Boyko,NYR,3,-1,67.5,12.99,3,0,0.38659427,0.32126263234163155,0.3213,0.1071
8482869,Talyn Boyko,NYR,3,0,67.5,38.97,1,0,0.018357286,0.015450542503471682,0.0155,0.0155
8482869,Talyn Boyko,NYR,4,-2,90.0,0.0,1,0,0.2459651,0.20623879353304886,0.2062,0.2062
8482895,Nikita Quapp,CAR,3,-2,67.5,-12.99,1,1,0.2672697,0.22477443044522374,-0.7752,-0.7752
8482895,Nikita Quapp,CAR,3,-1,67.5,12.99,1,0,0.14084148,0.11678192385334368,0.1168,0.1168
8482914,Kirill Gerasimyuk,FLA,2,0,45.0,25.98,1,0,0.040491793,0.033715210660712105,0.0337,0.0337
8482914,Kirill Gerasimyuk,FLA,3,-3,67.5,-38.97,1,0,0.06276496,0.05204737991400235,0.052,0.052
8482914,Kirill Gerasimyuk,FLA,3,-2,67.5,-12.99,2,0,0.104637067,0.08689915732301923,0.0869,0.0434
8482914,Kirill Gerasimyuk,FLA,3,0,67.5,38.97,1,0,0.054742295,0.045443229264462426,0.0454,0.0454
8482914,Kirill Gerasimyuk,FLA,4,-2,90.0,0.0,2,2,0.24127579,0.1999189481521067,-1.8001,-0.9
8482914,Kirill Gerasimyuk,FLA,4,-1,90.0,25.98,1,0,0.042279437,0.0351867364998011,0.0352,0.0352
8482940,Vyacheslav Peksa,TOR,1,0,22.5,12.99,1,0,0.035299923,0.02943990476560787,0.0294,0.0294
8482940,Vyacheslav Peksa,TOR,2,-1,45.0,0.0,1,0,0.04866486,0.04044186621319904,0.0404,0.0404
8482940,Vyacheslav Peksa,TOR,2,0,45.0,25.98,1,0,0.025075527,0.021007967512834926,0.021,0.021
8482940,Vyacheslav Peksa,TOR,3,-3,67.5,-38.97,2,0,0.053409183,0.04470060201406306,0.0447,0.0223
8482940,Vyacheslav Peksa,TOR,3,-2,67.5,-12.99,5,0,0.579155482,0.481604262322973,0.4816,0.0963
8482940,Vyacheslav Peksa,TOR,3,-1,67.5,12.99,2,0,0.184437864,0.15270627609446885,0.1527,0.0764
8482940,Vyacheslav Peksa,TOR,3,0,67.5,38.97,2,0,0.19653603,0.16302881920552162,0.163,0.0815
8482940,Vyacheslav Peksa,TOR,4,-2,90.0,0.0,5,1,0.69114279,0.575164590625329,-0.4248,-0.085
8482940,Vyacheslav Peksa,TOR,4,-1,90.0,25.98,2,0,0.106657323,0.08855969440306519,0.0886,0.0443
8482949,Arsenii Sergeev,CGY,2,-2,45.0,-25.98,2,0,0.101837086,0.08458552693070903,0.0846,0.0423
8482949,Arsenii Sergeev,CGY,2,0,45.0,25.98,1,0,0.021313773,0.01789853645731728,0.0179,0.0179
8482949,Arsenii Sergeev,CGY,3,-3,67.5,-38.97,1,0,0.018983942,0.015969785238992354,0.016,0.016
8482949,Arsenii Sergeev,CGY,3,-2,67.5,-12.99,2,0,0.296502426,0.24723577454261997,0.2472,0.1236
8482949,Arsenii Sergeev,CGY,3,-1,67.5,12.99,2,0,0.21342145,0.17674335442902606,0.1767,0.0884
8482949,Arsenii Sergeev,CGY,3,0,67.5,38.97,1,0,0.01859907,0.01565091243805972,0.0157,0.0157
8482949,Arsenii Sergeev,CGY,4,-2,90.0,0.0,5,1,0.574794492,0.47728125757757783,-0.5227,-0.1045
8482982,Jet Greaves,CBJ,0,-2,0.0,-51.96,2,0,0.03665322,0.03080480428410159,0.0308,0.0154
8482982,Jet Greaves,CBJ,0,-1,0.0,-25.98,5,0,0.0858279744,0.0722402882263062,0.0722,0.0144
8482982,Jet Greaves,CBJ,0,0,0.0,0.0,2,0,0.44029218200000003,0.3805886067132979,0.3806,0.1903
8482982,Jet Greaves,CBJ,0,1,0.0,25.98,6,0,0.6580333836000001,0.5828602118516231,0.5829,0.0972
8482982,Jet Greaves,CBJ,1,-2,22.5,-38.97,30,0,0.930069798,0.7768812191029743,0.7769,0.0259
8482982,Jet Greaves,CBJ,1,-1,22.5,-12.99,52,2,2.20797369,1.8372822179286161,-0.1627,-0.0031
8482982,Jet Greaves,CBJ,1,0,22.5,12.99,34,1,0.990923731,0.8281927828406954,-0.1718,-0.0051
8482982,Jet Greaves,CBJ,1,1,22.5,38.97,31,1,1.9350439712,1.6481199473975339,0.6481,0.0209
8482982,Jet Greaves,CBJ,2,-3,45.0,-51.96,9,0,0.18547011,0.1557968378707715,0.1558,0.0173
8482982,Jet Greaves,CBJ,2,-2,45.0,-25.98,116,4,4.762285003,3.9637775701804507,-0.0362,-0.0003
8482982,Jet Greaves,CBJ,2,-1,45.0,0.0,126,5,9.0498684966,7.515617125356201,2.5156,0.02
8482982,Jet Greaves,CBJ,2,0,45.0,25.98,105,2,3.1988537935,2.671414606239298,0.6714,0.0064
8482982,Jet Greaves,CBJ,2,1,45.0,51.96,15,0,0.6593369370000001,0.5507219508969798,0.5507,0.0367
8482982,Jet Greaves,CBJ,3,-3,67.5,-38.97,52,2,2.079503179,1.7326737004916895,-0.2673,-0.0051
8482982,Jet Greaves,CBJ,3,-2,67.5,-12.99,240,18,27.3961092492,22.801490512525532,4.8015,0.02
8482982,Jet Greaves,CBJ,3,-1,67.5,12.99,181,14,17.3443788355,14.411357832556098,0.4114,0.0023
8482982,Jet Greaves,CBJ,3,0,67.5,38.97,46,1,2.175215764,1.8085712302651888,0.8086,0.0176
8482982,Jet Greaves,CBJ,4,-3,90.0,-25.98,31,2,2.392302144,1.9858575873263944,-0.0141,-0.0005
8482982,Jet Greaves,CBJ,4,-2,90.0,0.0,230,26,32.092314317,26.684538094057878,0.6845,0.003
8482982,Jet Greaves,CBJ,4,-1,90.0,25.98,56,3,4.766923821,3.956141721673269,0.9561,0.0171
8482982,Jet Greaves,CBJ,4,0,90.0,51.96,3,0,0.0550082,0.04628943796266266,0.0463,0.0154
8483114,Thomas Milic,WPG,1,-2,22.5,-38.97,2,0,0.048241749,0.04042985682437021,0.0404,0.0202
8483114,Thomas Milic,WPG,1,-1,22.5,-12.99,1,0,0.019585626,0.016468130502230897,0.0165,0.0165
8483114,Thomas Milic,WPG,1,1,22.5,38.97,1,0,0.024658706,0.020663670536489535,0.0207,0.0207
8483114,Thomas Milic,WPG,2,-2,45.0,-25.98,8,0,0.260841939,0.21763455876123694,0.2176,0.0272
8483114,Thomas Milic,WPG,2,-1,45.0,0.0,3,0,0.206634278,0.17148936412958143,0.1715,0.0572
8483114,Thomas Milic,WPG,3,-3,67.5,-38.97,2,0,0.13186962400000002,0.10944757685480147,0.1094,0.0547
8483114,Thomas Milic,WPG,3,-2,67.5,-12.99,8,0,1.000044163,0.8305591340160607,0.8306,0.1038
8483114,Thomas Milic,WPG,3,-1,67.5,12.99,8,1,0.747313427,0.621118991658744,-0.3789,-0.0474
8483114,Thomas Milic,WPG,3,0,67.5,38.97,2,0,0.120888967,0.10033465592462316,0.1003,0.0502
8483114,Thomas Milic,WPG,4,-3,90.0,-25.98,1,0,0.018461816,0.015537169445045884,0.0155,0.0155
8483114,Thomas Milic,WPG,4,-2,90.0,0.0,6,2,0.91964227,0.7648989405441958,-1.2351,-0.2058
8483114,Thomas Milic,WPG,4,-1,90.0,25.98,1,0,0.118614756,0.09823778889274785,0.0982,0.0982
8483530,Jaxson Stauber,UTA,1,-2,22.5,-38.97,1,0,0.02617558,0.021916340696247514,0.0219,0.0219
8483530,Jaxson Stauber,UTA,1,-1,22.5,-12.99,2,0,0.08290438,0.06901156304396706,0.069,0.0345
8483530,Jaxson Stauber,UTA,2,-2,45.0,-25.98,1,0,0.021760166,0.018267787714996393,0.0183,0.0183
8483530,Jaxson Stauber,UTA,2,0,45.0,25.98,2,0,0.069313668,0.057820227163995055,0.0578,0.0289
8483530,Jaxson Stauber,UTA,3,-3,67.5,-38.97,1,0,0.026834592,0.022460360314971003,0.0225,0.0225
8483530,Jaxson Stauber,UTA,3,-2,67.5,-12.99,3,2,0.227618798,0.1890848322853329,-1.8109,-0.6036
8483530,Jaxson Stauber,UTA,3,-1,67.5,12.99,2,1,0.15674595000000002,0.13007788983258836,-0.8699,-0.435
8483530,Jaxson Stauber,UTA,3,0,67.5,38.97,1,0,0.030982764,0.025882211663919814,0.0259,0.0259
8483530,Jaxson Stauber,UTA,4,-2,90.0,0.0,2,0,0.172293645,0.14275106664552703,0.1428,0.0714
8483530,Jaxson Stauber,UTA,4,-1,90.0,25.98,1,0,0.035363447,0.029492215328999146,0.0295,0.0295
8483532,Clay Stevenson,WSH,0,-2,0.0,-51.96,1,0,0.038510583,0.03208407992470756,0.0321,0.0321
8483532,Clay Stevenson,WSH,0,1,0.0,25.98,1,0,0.006506267,0.005570647737051793,0.0056,0.0056
8483532,Clay Stevenson,WSH,1,-1,22.5,-12.99,3,0,0.130712903,0.1087418589877498,0.1087,0.0362
8483532,Clay Stevenson,WSH,2,-2,45.0,-25.98,6,0,0.29575255100000003,0.2457538018271302,0.2458,0.041
8483532,Clay Stevenson,WSH,2,-1,45.0,0.0,4,0,0.248714432,0.2063659233477798,0.2064,0.0516
8483532,Clay Stevenson,WSH,2,0,45.0,25.98,8,1,0.282882032,0.23574904273237657,-0.7643,-0.0955
8483532,Clay Stevenson,WSH,2,1,45.0,51.96,1,0,0.09522926,0.07883689179652316,0.0788,0.0788
8483532,Clay Stevenson,WSH,3,-3,67.5,-38.97,4,0,0.280720069,0.2329064777987136,0.2329,0.0582
8483532,Clay Stevenson,WSH,3,-2,67.5,-12.99,12,0,2.071810065,1.7284252928355817,1.7284,0.144
8483532,Clay Stevenson,WSH,3,-1,67.5,12.99,4,0,0.429969551,0.35611354994270095,0.3561,0.089
8483532,Clay Stevenson,WSH,3,0,67.5,38.97,4,1,0.16012812399999998,0.13331284304897162,-0.8667,-0.2167
8483532,Clay Stevenson,WSH,4,-3,90.0,-25.98,2,0,0.14154622,0.11729038510719036,0.1173,0.0586
8483532,Clay Stevenson,WSH,4,-2,90.0,0.0,13,0,1.6701051139999998,1.3893623599702352,1.3894,0.1069
8483532,Clay Stevenson,WSH,4,-1,90.0,25.98,3,0,0.264693325,0.21927680293636906,0.2193,0.0731
8483534,Ryan Fanti,TBL,1,0,22.5,12.99,1,0,0.03396537,0.02834044554391929,0.0283,0.0283
8483534,Ryan Fanti,TBL,2,-2,45.0,-25.98,2,0,0.35270207,0.29564084891576087,0.2956,0.1478
8483534,Ryan Fanti,TBL,2,-1,45.0,0.0,2,0,0.092272023,0.07661972599537067,0.0766,0.0383
8483534,Ryan Fanti,TBL,2,0,45.0,25.98,2,0,0.265942811,0.22281376893706867,0.2228,0.1114
8483534,Ryan Fanti,TBL,3,-2,67.5,-12.99,4,0,0.527183145,0.4381892322620622,0.4382,0.1096
8483534,Ryan Fanti,TBL,3,-1,67.5,12.99,1,0,0.15650605,0.12992035958213508,0.1299,0.1299
8483534,Ryan Fanti,TBL,3,0,67.5,38.97,1,0,0.020073617,0.01687218780015444,0.0169,0.0169
8483548,Brandon Bussi,CAR,0,-1,0.0,-25.98,1,0,0.011234545,0.009530219074848714,0.0095,0.0095
8483548,Brandon Bussi,CAR,0,0,0.0,0.0,2,0,0.063968374,0.0533949050927168,0.0534,0.0267
8483548,Brandon Bussi,CAR,0,1,0.0,25.98,2,0,0.053109113,0.044456251364818664,0.0445,0.0222
8483548,Brandon Bussi,CAR,1,-2,22.5,-38.97,12,0,0.2778832605,0.23286353255189265,0.2329,0.0194
8483548,Brandon Bussi,CAR,1,-1,22.5,-12.99,12,0,0.45344108,0.3778443604474327,0.3778,0.0315
8483548,Brandon Bussi,CAR,1,0,22.5,12.99,16,0,0.7191845020000001,0.601204015057665,0.6012,0.0376
8483548,Brandon Bussi,CAR,1,1,22.5,38.97,4,0,0.091590248,0.07681172971941345,0.0768,0.0192
8483548,Brandon Bussi,CAR,2,-3,45.0,-51.96,9,0,0.19921864,0.16716183082133854,0.1672,0.0186
8483548,Brandon Bussi,CAR,2,-2,45.0,-25.98,37,1,1.974324716,1.6403638589743708,0.6404,0.0173
8483548,Brandon Bussi,CAR,2,-1,45.0,0.0,37,4,2.810629464,2.333272320974839,-1.6667,-0.045
8483548,Brandon Bussi,CAR,2,0,45.0,25.98,35,0,1.138173149,0.9497983513351911,0.9498,0.0271
8483548,Brandon Bussi,CAR,2,1,45.0,51.96,3,0,0.062807612,0.052746289258672016,0.0527,0.0176
8483548,Brandon Bussi,CAR,3,-3,67.5,-38.97,23,1,0.755182634,0.6301183039014399,-0.3699,-0.0161
8483548,Brandon Bussi,CAR,3,-2,67.5,-12.99,95,7,11.7873115965,9.800612147187103,2.8006,0.0295
8483548,Brandon Bussi,CAR,3,-1,67.5,12.99,83,7,8.9585226032,7.442652598976536,0.4427,0.0053
8483548,Brandon Bussi,CAR,3,0,67.5,38.97,17,0,0.570613696,0.47598085412732494,0.476,0.028
8483548,Brandon Bussi,CAR,4,-3,90.0,-25.98,8,0,0.525252571,0.43591946624338185,0.4359,0.0545
8483548,Brandon Bussi,CAR,4,-2,90.0,0.0,117,10,15.821975759999999,13.14678179622669,3.1468,0.0269
8483548,Brandon Bussi,CAR,4,-1,90.0,25.98,24,0,2.34769236,1.9506303917785512,1.9506,0.0813
8483548,Brandon Bussi,CAR,4,0,90.0,51.96,4,0,0.12068655,0.10075532654604488,0.1008,0.0252
8483575,Matt Murray,NSH,1,-2,22.5,-38.97,1,0,0.3622725,0.3093555398221072,0.3094,0.3094
8483575,Matt Murray,NSH,2,-2,45.0,-25.98,2,0,0.065892868,0.054988812585414604,0.055,0.0275
8483575,Matt Murray,NSH,2,-1,45.0,0.0,1,0,0.042563807,0.03542081191635398,0.0354,0.0354
8483575,Matt Murray,NSH,2,0,45.0,25.98,2,0,0.09152305699999999,0.07609634583103775,0.0761,0.038
8483575,Matt Murray,NSH,2,1,45.0,51.96,1,0,0.09995514,0.08274939477917771,0.0827,0.0827
8483575,Matt Murray,NSH,3,-2,67.5,-12.99,2,0,0.30417376,0.25254424167352374,0.2525,0.1262
8483575,Matt Murray,NSH,3,-1,67.5,12.99,2,0,0.18687063399999998,0.1549205743387651,0.1549,0.0774
8483575,Matt Murray,NSH,3,0,67.5,38.97,2,0,0.2233329,0.1850174154972885,0.185,0.0925
8483575,Matt Murray,NSH,4,-3,90.0,-25.98,1,0,0.05339139,0.044331470469022964,0.0443,0.0443
8483575,Matt Murray,NSH,4,-2,90.0,0.0,1,1,0.06631494,0.05497101149968928,-0.945,-0.945
8483575,Matt Murray,NSH,4,-1,90.0,25.98,1,0,0.10761427,0.08909876143537246,0.0891,0.0891
8483659,Isaac Poulter,WPG,3,-2,67.5,-12.99,2,1,0.4286636,0.35919511886758504,-0.6408,-0.3204
8483668,Nikke Kokko,SEA,0,-2,0.0,-51.96,1,0,0.016703097,0.014078853499760282,0.0141,0.0141
8483668,Nikke Kokko,SEA,0,-1,0.0,-25.98,1,0,0.012515739,0.010598202603351495,0.0106,0.0106
8483668,Nikke Kokko,SEA,0,1,0.0,25.98,1,0,0.031439435,0.026258707269701528,0.0263,0.0263
8483668,Nikke Kokko,SEA,1,-2,22.5,-38.97,1,0,0.0100903725,0.008574937007143681,0.0086,0.0086
8483668,Nikke Kokko,SEA,1,0,22.5,12.99,4,0,0.093674178,0.07852337252494028,0.0785,0.0196
8483668,Nikke Kokko,SEA,1,1,22.5,38.97,3,0,0.065934895,0.055320240167904336,0.0553,0.0184
8483668,Nikke Kokko,SEA,2,-2,45.0,-25.98,18,1,0.707647797,0.5892532664895266,-0.4107,-0.0228
8483668,Nikke Kokko,SEA,2,-1,45.0,0.0,6,0,0.399064337,0.33101567597864945,0.331,0.0552
8483668,Nikke Kokko,SEA,2,0,45.0,25.98,12,0,0.416445056,0.3471927196778666,0.3472,0.0289
8483668,Nikke Kokko,SEA,3,-3,67.5,-38.97,6,0,0.329039203,0.2739996444185948,0.274,0.0457
8483668,Nikke Kokko,SEA,3,-2,67.5,-12.99,19,3,2.175678848,1.812023030438864,-1.188,-0.0625
8483668,Nikke Kokko,SEA,3,-1,67.5,12.99,9,0,0.614656317,0.5096083046927714,0.5096,0.0566
8483668,Nikke Kokko,SEA,3,0,67.5,38.97,3,0,0.069938561,0.058644212700710074,0.0586,0.0195
8483668,Nikke Kokko,SEA,4,-3,90.0,-25.98,2,0,0.056030005,0.0468690148037065,0.0469,0.0234
8483668,Nikke Kokko,SEA,4,-2,90.0,0.0,19,2,2.74381471,2.283923423582019,0.2839,0.0149
8483668,Nikke Kokko,SEA,4,-1,90.0,25.98,1,0,0.13704695,0.113608184680842,0.1136,0.1136
8483703,Sergei Murashov,PIT,0,1,0.0,25.98,1,0,0.4183398,0.36088707774994777,0.3609,0.3609
8483703,Sergei Murashov,PIT,1,-1,22.5,-12.99,4,0,0.13839489900000002,0.11541121308744406,0.1154,0.0288
8483703,Sergei Murashov,PIT,1,0,22.5,12.99,5,0,0.18768188,0.15640071663509644,0.1564,0.0313
8483703,Sergei Murashov,PIT,1,1,22.5,38.97,1,0,0.02567518,0.021503190074855932,0.0215,0.0215
8483703,Sergei Murashov,PIT,2,-3,45.0,-51.96,2,0,0.040980172999999995,0.034433451243425145,0.0344,0.0172
8483703,Sergei Murashov,PIT,2,-2,45.0,-25.98,13,1,0.547705697,0.4556525809009366,-0.5443,-0.0419
8483703,Sergei Murashov,PIT,2,-1,45.0,0.0,14,0,0.865600957,0.7185090856650623,0.7185,0.0513
8483703,Sergei Murashov,PIT,2,0,45.0,25.98,13,0,0.429217679,0.35804970776444184,0.358,0.0275
8483703,Sergei Murashov,PIT,3,-3,67.5,-38.97,4,1,0.213772745,0.17770361177018434,-0.8223,-0.2056
8483703,Sergei Murashov,PIT,3,-2,67.5,-12.99,25,2,3.062789256,2.5477998635272763,0.5478,0.0219
8483703,Sergei Murashov,PIT,3,-1,67.5,12.99,16,1,1.807563154,1.5053967719410708,0.5054,0.0316
8483703,Sergei Murashov,PIT,3,0,67.5,38.97,7,0,0.290282295,0.2415692982466744,0.2416,0.0345
8483703,Sergei Murashov,PIT,4,-3,90.0,-25.98,2,0,0.121757783,0.10099198239049699,0.101,0.0505
8483703,Sergei Murashov,PIT,4,-2,90.0,0.0,29,2,3.405250365,2.8243879724654297,0.8244,0.0284
8483703,Sergei Murashov,PIT,4,-1,90.0,25.98,6,2,0.23899345900000002,0.19897683971227503,-1.801,-0.3002
8483710,Dennis Hildeby,TOR,0,0,0.0,0.0,1,0,0.011739117,0.009951027150281724,0.01,0.01
8483710,Dennis Hildeby,TOR,0,1,0.0,25.98,1,0,0.012331313,0.010444577197070551,0.0104,0.0104
8483710,Dennis Hildeby,TOR,1,-2,22.5,-38.97,14,1,0.31786132300000003,0.2664640565434967,-0.7335,-0.0524
8483710,Dennis Hildeby,TOR,1,-1,22.5,-12.99,4,0,0.136329627,0.11367280056749271,0.1137,0.0284
8483710,Dennis Hildeby,TOR,1,0,22.5,12.99,11,0,0.269384684,0.22565085052167336,0.2257,0.0205
8483710,Dennis Hildeby,TOR,1,1,22.5,38.97,3,0,0.063843295,0.05360971855212118,0.0536,0.0179
8483710,Dennis Hildeby,TOR,2,-3,45.0,-51.96,1,0,0.023200214,0.019458513934787907,0.0195,0.0195
8483710,Dennis Hildeby,TOR,2,-2,45.0,-25.98,28,0,0.936745208,0.7815835098451802,0.7816,0.0279
8483710,Dennis Hildeby,TOR,2,-1,45.0,0.0,36,1,2.215086888,1.8380562539877698,0.8381,0.0233
8483710,Dennis Hildeby,TOR,2,0,45.0,25.98,36,0,1.160962434,0.9690894628617387,0.9691,0.0269
8483710,Dennis Hildeby,TOR,2,1,45.0,51.96,4,0,0.08121901100000001,0.0682452198425155,0.0682,0.017
8483710,Dennis Hildeby,TOR,3,-3,67.5,-38.97,14,0,0.7088722430000001,0.5890391182582484,0.589,0.0421
8483710,Dennis Hildeby,TOR,3,-2,67.5,-12.99,63,4,6.787635697,5.640143623770439,1.6401,0.026
8483710,Dennis Hildeby,TOR,3,-1,67.5,12.99,62,4,6.883752114,5.718588666964462,1.7186,0.0277
8483710,Dennis Hildeby,TOR,3,0,67.5,38.97,17,1,0.628729942,0.5237668558591412,-0.4762,-0.028
8483710,Dennis Hildeby,TOR,4,-3,90.0,-25.98,8,0,0.431341924,0.35829084184714677,0.3583,0.0448
8483710,Dennis Hildeby,TOR,4,-2,90.0,0.0,73,11,10.194891929,8.479088475957758,-2.5209,-0.0345
8483710,Dennis Hildeby,TOR,4,-1,90.0,25.98,14,1,1.254936265,1.0411453789460796,0.0411,0.0029
8483711,Domenic DiVincentiis,WPG,1,-1,22.5,-12.99,1,0,0.029954476,0.025034342820928934,0.025,0.025
8483711,Domenic DiVincentiis,WPG,1,0,22.5,12.99,1,0,0.03984535,0.03318302805307327,0.0332,0.0332
8483711,Domenic DiVincentiis,WPG,1,1,22.5,38.97,1,0,0.02004134,0.016845460967217073,0.0168,0.0168
8483711,Domenic DiVincentiis,WPG,2,-2,45.0,-25.98,2,0,0.0371131205,0.031224982210010365,0.0312,0.0156
8483711,Domenic DiVincentiis,WPG,2,-1,45.0,0.0,1,0,0.0513556,0.042656119262206776,0.0427,0.0427
8483711,Domenic DiVincentiis,WPG,2,0,45.0,25.98,2,1,0.040455483,0.03399384861347471,-0.966,-0.483
8483711,Domenic DiVincentiis,WPG,2,1,45.0,51.96,1,0,0.02285536,0.019173425617668032,0.0192,0.0192
8483711,Domenic DiVincentiis,WPG,3,-2,67.5,-12.99,5,0,0.433371716,0.36008545958732263,0.3601,0.072
8483711,Domenic DiVincentiis,WPG,3,-1,67.5,12.99,1,0,0.12405722,0.10276846448549055,0.1028,0.1028
8483711,Domenic DiVincentiis,WPG,4,-3,90.0,-25.98,2,0,0.151111693,0.12520272325979076,0.1252,0.0626
8483711,Domenic DiVincentiis,WPG,4,-2,90.0,0.0,4,2,0.73822124,0.6177552087139289,-1.3822,-0.3456
8483711,Domenic DiVincentiis,WPG,4,-1,90.0,25.98,1,0,0.06556581,0.05435396208314332,0.0544,0.0544
8483746,Vyacheslav Buteyets,ANA,1,-1,22.5,-12.99,1,0,0.06060389,0.05026806753806945,0.0503,0.0503
8483746,Vyacheslav Buteyets,ANA,2,-2,45.0,-25.98,1,0,0.08378754,0.06937942587764517,0.0694,0.0694
8483746,Vyacheslav Buteyets,ANA,2,-1,45.0,0.0,1,0,0.03061568,0.025579566784292036,0.0256,0.0256
8483746,Vyacheslav Buteyets,ANA,2,0,45.0,25.98,2,1,0.117264953,0.0972916067754154,-0.9027,-0.4514
8483746,Vyacheslav Buteyets,ANA,3,-2,67.5,-12.99,4,0,0.397733767,0.32967722350764994,0.3297,0.0824
8483746,Vyacheslav Buteyets,ANA,3,-1,67.5,12.99,3,0,0.50652743,0.42124717552580726,0.4212,0.1404
8483746,Vyacheslav Buteyets,ANA,3,0,67.5,38.97,2,0,0.040436593,0.033983850379430955,0.034,0.017
8483746,Vyacheslav Buteyets,ANA,4,-3,90.0,-25.98,1,1,0.09843838,0.08149325065511036,-0.9185,-0.9185
8483746,Vyacheslav Buteyets,ANA,4,-2,90.0,0.0,3,1,0.46642959,0.38861775309190966,-0.6114,-0.2038
8483746,Vyacheslav Buteyets,ANA,4,-1,90.0,25.98,1,0,0.039033383,0.03251452997860488,0.0325,0.0325
8483751,Ty Young,VAN,2,-3,45.0,-51.96,1,0,0.024918487,0.020878252963401903,0.0209,0.0209
8483751,Ty Young,VAN,2,-2,45.0,-25.98,1,0,0.119951434,0.09934993838761662,0.0993,0.0993
8483751,Ty Young,VAN,2,-1,45.0,0.0,2,0,0.10027502599999999,0.0833074632664035,0.0833,0.0416
8483751,Ty Young,VAN,2,0,45.0,25.98,1,0,0.035802368,0.029853769797883453,0.0299,0.0299
8483751,Ty Young,VAN,3,-2,67.5,-12.99,1,0,0.031251144,0.02610347865851344,0.0261,0.0261
8483751,Ty Young,VAN,3,-1,67.5,12.99,2,0,0.32068074,0.2663292496650266,0.2663,0.1332
8483751,Ty Young,VAN,4,-2,90.0,0.0,2,1,0.307104624,0.256190285736571,-0.7438,-0.3719
8483769,Samuel Jonsson,EDM,2,-1,45.0,0.0,1,0,0.039161827,0.032620290772882185,0.0326,0.0326
8483769,Samuel Jonsson,EDM,2,0,45.0,25.98,1,0,0.0353654,0.029493843909535807,0.0295,0.0295
8483769,Samuel Jonsson,EDM,3,-2,67.5,-12.99,3,0,0.326350327,0.27102687536885134,0.271,0.0903
8483769,Samuel Jonsson,EDM,3,-1,67.5,12.99,2,0,0.1510996747,0.1254971459380733,0.1255,0.0628
8483769,Samuel Jonsson,EDM,3,0,67.5,38.97,2,0,0.076912303,0.06407771682996163,0.0641,0.032
8484147,Carson Bjarnason,PHI,1,1,22.5,38.97,1,0,0.017218787,0.01450665521487545,0.0145,0.0145
8484147,Carson Bjarnason,PHI,2,-1,45.0,0.0,2,0,0.09939032,0.08257928647467053,0.0826,0.0413
8484147,Carson Bjarnason,PHI,2,0,45.0,25.98,3,0,0.131079728,0.10902972744389694,0.109,0.0363
8484147,Carson Bjarnason,PHI,3,-3,67.5,-38.97,1,0,0.043245625,0.03598201066585131,0.036,0.036
8484147,Carson Bjarnason,PHI,3,-2,67.5,-12.99,3,0,0.61807837,0.516775452693037,0.5168,0.1723
8484147,Carson Bjarnason,PHI,3,-1,67.5,12.99,3,0,0.35233876199999997,0.29289713582297916,0.2929,0.0976
8484147,Carson Bjarnason,PHI,4,-2,90.0,0.0,1,0,0.13322544,0.1104153035309714,0.1104,0.1104
8484147,Carson Bjarnason,PHI,4,-1,90.0,25.98,1,0,0.18185225,0.1513119200714843,0.1513,0.1513
8484170,Jacob Fowler,MTL,0,-2,0.0,-51.96,1,0,0.011058651,0.009383465926086706,0.0094,0.0094
8484170,Jacob Fowler,MTL,0,-1,0.0,-25.98,2,0,0.041196067,0.03460440656966383,0.0346,0.0173
8484170,Jacob Fowler,MTL,0,0,0.0,0.0,1,0,0.011212056,0.009511461523818293,0.0095,0.0095
8484170,Jacob Fowler,MTL,0,1,0.0,25.98,2,0,0.067794526,0.056527155600600724,0.0565,0.0282
8484170,Jacob Fowler,MTL,1,-2,22.5,-38.97,8,0,0.327880285,0.274037930505497,0.274,0.0342
8484170,Jacob Fowler,MTL,1,-1,22.5,-12.99,10,0,0.40045944499999997,0.3334335463723719,0.3334,0.0333
8484170,Jacob Fowler,MTL,1,0,22.5,12.99,4,0,0.152784537,0.1272814423500649,0.1273,0.0318
8484170,Jacob Fowler,MTL,1,1,22.5,38.97,5,0,0.13557102,0.11335261996835616,0.1134,0.0227
8484170,Jacob Fowler,MTL,2,-3,45.0,-51.96,3,0,0.403624468,0.3433149312131829,0.3433,0.1144
8484170,Jacob Fowler,MTL,2,-2,45.0,-25.98,22,1,0.8078794026,0.6730293928548293,-0.327,-0.0149
8484170,Jacob Fowler,MTL,2,-1,45.0,0.0,35,1,2.905304389,2.4096206089537566,1.4096,0.0403
8484170,Jacob Fowler,MTL,2,0,45.0,25.98,18,1,0.567419473,0.4736568227822567,-0.5263,-0.0292
8484170,Jacob Fowler,MTL,2,1,45.0,51.96,5,0,0.102533437,0.08613519942663131,0.0861,0.0172
8484170,Jacob Fowler,MTL,3,-3,67.5,-38.97,11,0,0.423265638,0.3525086890343886,0.3525,0.032
8484170,Jacob Fowler,MTL,3,-2,67.5,-12.99,72,9,9.699988697,8.06684128971284,-0.9332,-0.013
8484170,Jacob Fowler,MTL,3,-1,67.5,12.99,46,5,5.022901135,4.17049071977739,-0.8295,-0.018
8484170,Jacob Fowler,MTL,3,0,67.5,38.97,11,0,0.598712996,0.49727448654382295,0.4973,0.0452
8484170,Jacob Fowler,MTL,4,-3,90.0,-25.98,6,1,0.366300564,0.30386449572611834,-0.6961,-0.116
8484170,Jacob Fowler,MTL,4,-2,90.0,0.0,64,6,8.890094562,7.39246619115088,1.3925,0.0218
8484170,Jacob Fowler,MTL,4,-1,90.0,25.98,12,0,0.854074509,0.7082233621288312,0.7082,0.059
8484268,Nikita Tolopilo,VAN,0,-2,0.0,-51.96,2,0,0.018875651,0.016057728549789332,0.0161,0.008
8484268,Nikita Tolopilo,VAN,1,-2,22.5,-38.97,6,0,0.1250812295,0.10494619295633482,0.1049,0.0175
8484268,Nikita Tolopilo,VAN,1,-1,22.5,-12.99,8,0,0.42556231899999997,0.35373486752709676,0.3537,0.0442
8484268,Nikita Tolopilo,VAN,1,0,22.5,12.99,4,0,0.121044173,0.10112564880665761,0.1011,0.0253
8484268,Nikita Tolopilo,VAN,1,1,22.5,38.97,1,0,0.02150197,0.018054223077135154,0.0181,0.0181
8484268,Nikita Tolopilo,VAN,2,-3,45.0,-51.96,3,0,0.063921561,0.05367577599766572,0.0537,0.0179
8484268,Nikita Tolopilo,VAN,2,-2,45.0,-25.98,28,0,1.116477553,0.9298048309997037,0.9298,0.0332
8484268,Nikita Tolopilo,VAN,2,-1,45.0,0.0,28,1,1.917049022,1.5908097729022466,0.5908,0.0211
8484268,Nikita Tolopilo,VAN,2,0,45.0,25.98,22,0,0.684014042,0.5710650915666884,0.5711,0.026
8484268,Nikita Tolopilo,VAN,2,1,45.0,51.96,4,0,0.078150867,0.06571341873118614,0.0657,0.0164
8484268,Nikita Tolopilo,VAN,3,-3,67.5,-38.97,8,0,0.29062788100000003,0.24240482805134736,0.2424,0.0303
8484268,Nikita Tolopilo,VAN,3,-2,67.5,-12.99,74,7,8.239210655,6.852556425940264,-0.1474,-0.002
8484268,Nikita Tolopilo,VAN,3,-1,67.5,12.99,56,5,6.884487981,5.723982249359595,0.724,0.0129
8484268,Nikita Tolopilo,VAN,3,0,67.5,38.97,16,1,0.689728914,0.5737831613711701,-0.4262,-0.0266
8484268,Nikita Tolopilo,VAN,4,-3,90.0,-25.98,9,1,0.432341641,0.3592813350667765,-0.6407,-0.0712
8484268,Nikita Tolopilo,VAN,4,-2,90.0,0.0,75,12,10.845109301,9.033726736491408,-2.9663,-0.0396
8484268,Nikita Tolopilo,VAN,4,-1,90.0,25.98,14,2,1.190431491,0.9871827718799472,-1.0128,-0.0723
8484268,Nikita Tolopilo,VAN,4,0,90.0,51.96,2,0,0.037535109,0.031580694984986925,0.0316,0.0158
8484312,Georgi Romanov,STL,1,-2,22.5,-38.97,1,0,0.02415249,0.02024545247172839,0.0202,0.0202
8484312,Georgi Romanov,STL,1,-1,22.5,-12.99,1,0,0.33363423,0.2835114755678935,0.2835,0.2835
8484312,Georgi Romanov,STL,2,-2,45.0,-25.98,1,1,0.0949628,0.07861636994765595,-0.9214,-0.9214
8484312,Georgi Romanov,STL,3,-2,67.5,-12.99,2,0,0.254279214,0.2118428938788779,0.2118,0.1059
8484312,Georgi Romanov,STL,3,-1,67.5,12.99,2,0,0.34334655999999997,0.285849009033703,0.2858,0.1429
8484312,Georgi Romanov,STL,4,-1,90.0,25.98,1,0,0.122410506,0.10139693923123665,0.1014,0.1014
8484455,Nathaniel Day,EDM,0,1,0.0,25.98,1,0,0.022321118,0.018731716396121395,0.0187,0.0187
8484455,Nathaniel Day,EDM,1,-2,22.5,-38.97,1,0,0.020251105,0.017019116663010318,0.017,0.017
8484455,Nathaniel Day,EDM,2,-1,45.0,0.0,1,0,0.034394335,0.028693869863844347,0.0287,0.0287
8484455,Nathaniel Day,EDM,3,-3,67.5,-38.97,1,0,0.029630607,0.02476725450356963,0.0248,0.0248
8484455,Nathaniel Day,EDM,4,-3,90.0,-25.98,1,0,0.06498281,0.053873804555727066,0.0539,0.0539
8484455,Nathaniel Day,EDM,4,-2,90.0,0.0,1,0,0.06187428,0.051314012891769616,0.0513,0.0513
8484636,Harrison Meneghin,TBL,1,-2,22.5,-38.97,2,0,0.057435155,0.048028225998639054,0.048,0.024
8484636,Harrison Meneghin,TBL,1,-1,22.5,-12.99,1,0,0.056223366,0.04666219358567604,0.0467,0.0467
8484636,Harrison Meneghin,TBL,2,-3,45.0,-51.96,1,0,0.022017196,0.018480378997339494,0.0185,0.0185
8484636,Harrison Meneghin,TBL,2,-2,45.0,-25.98,2,0,0.142974615,0.1186177454569278,0.1186,0.0593
8484636,Harrison Meneghin,TBL,2,0,45.0,25.98,3,0,0.18910993199999998,0.15683456013511954,0.1568,0.0523
8484636,Harrison Meneghin,TBL,3,-3,67.5,-38.97,1,0,0.021660384,0.018185259714170933,0.0182,0.0182
8484636,Harrison Meneghin,TBL,3,-2,67.5,-12.99,6,1,0.801426655,0.6650522937879738,-0.3349,-0.0558
8484636,Harrison Meneghin,TBL,4,-2,90.0,0.0,7,3,1.1085088969999999,0.9237334148571172,-2.0763,-0.2966
8484887,Gabriel Carriere,SJS,1,-2,22.5,-38.97,2,0,0.065012337,0.05427570322126586,0.0543,0.0272
8484887,Gabriel Carriere,SJS,2,-1,45.0,0.0,1,0,0.056955356,0.047264682913251276,0.0473,0.0473
8484887,Gabriel Carriere,SJS,2,0,45.0,25.98,3,0,0.063463678,0.05327514441223087,0.0533,0.0178
8484887,Gabriel Carriere,SJS,3,-3,67.5,-38.97,1,0,0.08791319,0.07278728406628003,0.0728,0.0728
8484887,Gabriel Carriere,SJS,3,-2,67.5,-12.99,6,0,0.7039395199999999,0.583745944387439,0.5837,0.0973
8484887,Gabriel Carriere,SJS,3,-1,67.5,12.99,1,0,0.086500406,0.07162002283586331,0.0716,0.0716
8484887,Gabriel Carriere,SJS,4,-2,90.0,0.0,1,0,0.16844346,0.139974062092399,0.14,0.14
8484887,Gabriel Carriere,SJS,4,-1,90.0,25.98,1,0,0.12574315,0.10417325059545997,0.1042,0.1042
8484900,Cooper Black,FLA,1,0,22.5,12.99,1,0,0.025880717,0.021672892274968568,0.0217,0.0217
8484900,Cooper Black,FLA,2,-2,45.0,-25.98,3,0,0.088013066,0.07355643088461346,0.0736,0.0245
8484900,Cooper Black,FLA,3,-1,67.5,12.99,5,1,0.671300546,0.5594478414520208,-0.4406,-0.0881
8484900,Cooper Black,FLA,3,0,67.5,38.97,2,1,0.08359394,0.06954966739418897,-0.9305,-0.4652
8484900,Cooper Black,FLA,4,-2,90.0,0.0,4,0,0.55978325,0.4642126476560552,0.4642,0.116
8484910,Victor Ostman,SEA,1,-1,22.5,-12.99,3,0,0.126095484,0.10494067862542339,0.1049,0.035
8484910,Victor Ostman,SEA,2,-2,45.0,-25.98,3,0,0.128979671,0.1072908146797007,0.1073,0.0358
8484910,Victor Ostman,SEA,2,-1,45.0,0.0,1,0,0.04169692,0.034707266834666545,0.0347,0.0347
8484910,Victor Ostman,SEA,2,0,45.0,25.98,3,0,0.074646948,0.06253697232957085,0.0625,0.0208
8484910,Victor Ostman,SEA,3,-3,67.5,-38.97,1,0,0.020354254,0.017104503963481166,0.0171,0.0171
8484910,Victor Ostman,SEA,3,-2,67.5,-12.99,6,0,0.203728963,0.16986119941719327,0.1699,0.0283
8484910,Victor Ostman,SEA,3,-1,67.5,12.99,2,0,0.29281549,0.24343566317726437,0.2434,0.1217
8484910,Victor Ostman,SEA,3,0,67.5,38.97,1,0,0.03371761,0.028136304651217137,0.0281,0.0281
8484910,Victor Ostman,SEA,4,-2,90.0,0.0,2,1,0.19616805,0.1626106090578992,-0.8374,-0.4187
8484997,Evan Gardner,CBJ,1,0,22.5,12.99,1,0,0.034554794,0.028826063802264303,0.0288,0.0288
8484997,Evan Gardner,CBJ,1,1,22.5,38.97,1,0,0.087921396,0.07279405894097637,0.0728,0.0728
8484997,Evan Gardner,CBJ,2,-2,45.0,-25.98,1,0,0.016826106,0.01418091172015674,0.0142,0.0142
8484997,Evan Gardner,CBJ,2,-1,45.0,0.0,1,0,0.08949277,0.07409270609239325,0.0741,0.0741
8484997,Evan Gardner,CBJ,3,-2,67.5,-12.99,2,0,0.23560798,0.1952279714012914,0.1952,0.0976
8484997,Evan Gardner,CBJ,3,-1,67.5,12.99,1,0,0.1501834,0.12461007030663747,0.1246,0.1246
8484997,Evan Gardner,CBJ,4,-2,90.0,0.0,1,0,0.14668588,0.12167681849326739,0.1217,0.1217
8485538,Simon Zajicek,BOS,1,-2,22.5,-38.97,1,0,0.0378235,0.031518319808410855,0.0315,0.0315
8485538,Simon Zajicek,BOS,2,-3,45.0,-51.96,1,0,0.021712262,0.01822817590818696,0.0182,0.0182
8485538,Simon Zajicek,BOS,2,0,45.0,25.98,1,0,0.024591226,0.020607930139137268,0.0206,0.0206
8485538,Simon Zajicek,BOS,3,-2,67.5,-12.99,2,0,0.39312395,0.3283780690925058,0.3284,0.1642
8485545,Michal Postava,DET,1,-1,22.5,-12.99,1,0,0.037496984,0.031249438861924793,0.0312,0.0312
8485545,Michal Postava,DET,1,0,22.5,12.99,1,0,0.027212046,0.022771909528572866,0.0228,0.0228
8485545,Michal Postava,DET,2,0,45.0,25.98,1,0,0.035940003,0.0299671433581201,0.03,0.03
8485545,Michal Postava,DET,3,-3,67.5,-38.97,1,0,0.03578382,0.029838498669957948,0.0298,0.0298
8485545,Michal Postava,DET,3,-2,67.5,-12.99,2,1,0.34709323999999997,0.2887622858158754,-0.7112,-0.3556
8485545,Michal Postava,DET,3,-1,67.5,12.99,2,0,0.144775224,0.11996125142402914,0.12,0.06
8485545,Michal Postava,DET,4,-2,90.0,0.0,2,1,0.23210561000000002,0.1924747757706914,-0.8075,-0.4038
8485545,Michal Postava,DET,4,-1,90.0,25.98,1,0,0.06298516,0.052228708342471696,0.0522,0.0522
8485657,Caleb Heil,TBL,2,-2,45.0,-25.98,1,0,0.044400427,0.03693244303442932,0.0369,0.0369
8485657,Caleb Heil,TBL,2,-1,45.0,0.0,1,0,0.04338882,0.03609985944000689,0.0361,0.0361
8485657,Caleb Heil,TBL,3,-3,67.5,-38.97,1,0,0.03245929,0.027099349013647182,0.0271,0.0271
8485657,Caleb Heil,TBL,3,-2,67.5,-12.99,2,0,0.279557824,0.23402961862777963,0.234,0.117
8485657,Caleb Heil,TBL,3,-1,67.5,12.99,1,0,0.012868719,0.010892163022579247,0.0109,0.0109
8485657,Caleb Heil,TBL,4,-2,90.0,0.0,1,0,0.09823662,0.08132620987042234,0.0813,0.0813
