player_name,team,goalie_id,week,phi,mu_phi,shots_that_week,phi_lo,phi_hi
Ukko-Pekka Luukkonen,BUF,8480045,0,-0.012801125645637512,-0.013039055280387402,0,-0.0328,0.0072
Ukko-Pekka Luukkonen,BUF,8480045,1,-0.012697005644440651,-0.013039055280387402,0,-0.0327,0.0073
Ukko-Pekka Luukkonen,BUF,8480045,2,-0.012592921033501625,-0.013039055280387402,8,-0.0197,-0.0055
Ukko-Pekka Luukkonen,BUF,8480045,3,-0.012451171875,-0.013039055280387402,0,-0.0325,0.0075
Ukko-Pekka Luukkonen,BUF,8480045,4,-0.012306188233196735,-0.013039055280387402,0,-0.0323,0.0077
Ukko-Pekka Luukkonen,BUF,8480045,5,-0.012160667218267918,-0.013039055280387402,2,-0.0263,0.0019
Ukko-Pekka Luukkonen,BUF,8480045,6,-0.012031758204102516,-0.013039055280387402,4,-0.022,-0.002
Ukko-Pekka Luukkonen,BUF,8480045,7,-0.011935697868466377,-0.013039055280387402,3,-0.0234,-0.0004
Ukko-Pekka Luukkonen,BUF,8480045,8,-0.011873352341353893,-0.013039055280387402,0,-0.0319,0.0081
Ukko-Pekka Luukkonen,BUF,8480045,9,-0.01180877536535263,-0.013039055280387402,16,-0.0168,-0.0068
Ukko-Pekka Luukkonen,BUF,8480045,10,-0.011714719235897064,-0.013039055280387402,0,-0.0317,0.0083
Ukko-Pekka Luukkonen,BUF,8480045,11,-0.011615085415542126,-0.013039055280387402,6,-0.0198,-0.0034
Ukko-Pekka Luukkonen,BUF,8480045,12,-0.011574284173548222,-0.013039055280387402,0,-0.0316,0.0084
Ukko-Pekka Luukkonen,BUF,8480045,13,-0.011532992124557495,-0.013039055280387402,0,-0.0315,0.0085
Ukko-Pekka Luukkonen,BUF,8480045,14,-0.01149542536586523,-0.013039055280387402,14,-0.0168,-0.0062
Ukko-Pekka Luukkonen,BUF,8480045,15,-0.011613579466938972,-0.013039055280387402,7,-0.0192,-0.004
Ukko-Pekka Luukkonen,BUF,8480045,16,-0.011698589660227299,-0.013039055280387402,30,-0.0154,-0.008
Ukko-Pekka Luukkonen,BUF,8480045,17,-0.011884205974638462,-0.013039055280387402,20,-0.0164,-0.0074
Ukko-Pekka Luukkonen,BUF,8480045,18,-0.012084657326340675,-0.013039055280387402,0,-0.0321,0.0079
Ukko-Pekka Luukkonen,BUF,8480045,19,-0.012286212295293808,-0.013039055280387402,0,-0.0323,0.0077
Ukko-Pekka Luukkonen,BUF,8480045,20,-0.012487668544054031,-0.013039055280387402,0,-0.0325,0.0075
Ukko-Pekka Luukkonen,BUF,8480045,21,-0.012686792761087418,-0.013039055280387402,4,-0.0227,-0.0027
Ukko-Pekka Luukkonen,BUF,8480045,22,-0.01292561087757349,-0.013039055280387402,7,-0.0205,-0.0053
Ukko-Pekka Luukkonen,BUF,8480045,23,-0.013213448226451874,-0.013039055280387402,0,-0.0332,0.0068
Ukko-Pekka Luukkonen,BUF,8480045,24,-0.013501119799911976,-0.013039055280387402,10,-0.0198,-0.0072
Ukko-Pekka Luukkonen,BUF,8480045,25,-0.013876301236450672,-0.013039055280387402,12,-0.0197,-0.0081
Ukko-Pekka Luukkonen,BUF,8480045,26,-0.014183569699525833,-0.013039055280387402,11,-0.0202,-0.0082
Ukko-Pekka Luukkonen,BUF,8480045,27,-0.014501230791211128,-0.013039055280387402,10,-0.0208,-0.0082
Ukko-Pekka Luukkonen,BUF,8480045,28,-0.014704824425280094,-0.013039055280387402,8,-0.0218,-0.0076
Ukko-Pekka Luukkonen,BUF,8480045,29,-0.01487337239086628,-0.013039055280387402,0,-0.0349,0.0051
Ukko-Pekka Luukkonen,BUF,8480045,30,-0.015037965960800648,-0.013039055280387402,0,-0.035,0.005
Ukko-Pekka Luukkonen,BUF,8480045,31,-0.015199297107756138,-0.013039055280387402,1,-0.0352,0.0048
Ukko-Pekka Luukkonen,BUF,8480045,32,-0.015278387814760208,-0.013039055280387402,2,-0.0294,-0.0012
Ukko-Pekka Luukkonen,BUF,8480045,33,-0.015278718434274197,-0.013039055280387402,0,-0.0353,0.0047
Casey DeSmith,DAL,8479193,0,-0.00238313851878047,-0.0028874846175312996,0,-0.0224,0.0176
Casey DeSmith,DAL,8479193,1,-0.002160614589229226,-0.0028874846175312996,1,-0.0222,0.0178
Casey DeSmith,DAL,8479193,2,-0.0019432251574471593,-0.0028874846175312996,0,-0.0219,0.0181
Casey DeSmith,DAL,8479193,3,-0.0017271694960072637,-0.0028874846175312996,0,-0.0217,0.0183
Casey DeSmith,DAL,8479193,4,-0.0015078657306730747,-0.0028874846175312996,6,-0.0097,0.0067
Casey DeSmith,DAL,8479193,5,-0.0011463640257716179,-0.0028874846175312996,1,-0.0211,0.0189
Casey DeSmith,DAL,8479193,6,-0.0007949995342642069,-0.0028874846175312996,2,-0.0149,0.0133
Casey DeSmith,DAL,8479193,7,-0.0004609541210811585,-0.0028874846175312996,16,-0.0055,0.0045
Casey DeSmith,DAL,8479193,8,-0.00019885088840965182,-0.0028874846175312996,2,-0.0143,0.0139
Casey DeSmith,DAL,8479193,9,4.4244268792681396e-05,-0.0028874846175312996,2,-0.0141,0.0141
Casey DeSmith,DAL,8479193,10,0.0002763918018899858,-0.0028874846175312996,4,-0.0097,0.0103
Casey DeSmith,DAL,8479193,11,0.0004808771482203156,-0.0028874846175312996,3,-0.011,0.012
Casey DeSmith,DAL,8479193,12,0.000658723060041666,-0.0028874846175312996,1,-0.0193,0.0207
Casey DeSmith,DAL,8479193,13,0.0008334317244589329,-0.0028874846175312996,14,-0.0045,0.0061
Casey DeSmith,DAL,8479193,14,0.0009674837347120047,-0.0028874846175312996,1,-0.019,0.021
Casey DeSmith,DAL,8479193,15,0.001094711828045547,-0.0028874846175312996,5,-0.0078,0.01
Casey DeSmith,DAL,8479193,16,0.0011666909558698535,-0.0028874846175312996,1,-0.0188,0.0212
Casey DeSmith,DAL,8479193,17,0.001236423384398222,-0.0028874846175312996,2,-0.0129,0.0153
Casey DeSmith,DAL,8479193,18,0.0012854425003752112,-0.0028874846175312996,1,-0.0187,0.0213
Casey DeSmith,DAL,8479193,19,0.001325538381934166,-0.0028874846175312996,2,-0.0128,0.0154
Casey DeSmith,DAL,8479193,20,0.0013428803067654371,-0.0028874846175312996,0,-0.0187,0.0213
Casey DeSmith,DAL,8479193,21,0.0013625463470816612,-0.0028874846175312996,8,-0.0057,0.0085
Casey DeSmith,DAL,8479193,22,0.001305283629335463,-0.0028874846175312996,0,-0.0187,0.0213
Casey DeSmith,DAL,8479193,23,0.0012536104768514633,-0.0028874846175312996,11,-0.0047,0.0073
Casey DeSmith,DAL,8479193,24,0.0012988313101232052,-0.0028874846175312996,4,-0.0087,0.0113
Casey DeSmith,DAL,8479193,25,0.0013072354486212134,-0.0028874846175312996,1,-0.0187,0.0213
Casey DeSmith,DAL,8479193,26,0.001308209146372974,-0.0028874846175312996,0,-0.0187,0.0213
Casey DeSmith,DAL,8479193,27,0.0013067740947008133,-0.0028874846175312996,1,-0.0187,0.0213
Casey DeSmith,DAL,8479193,28,0.001303628901951015,-0.0028874846175312996,0,-0.0187,0.0213
Casey DeSmith,DAL,8479193,29,0.0013006464578211308,-0.0028874846175312996,0,-0.0187,0.0213
Casey DeSmith,DAL,8479193,30,0.0013016215525567532,-0.0028874846175312996,0,-0.0187,0.0213
Casey DeSmith,DAL,8479193,31,0.0013058569747954607,-0.0028874846175312996,0,-0.0187,0.0213
Casey DeSmith,DAL,8479193,32,0.001305051613599062,-0.0028874846175312996,0,-0.0187,0.0213
Casey DeSmith,DAL,8479193,33,0.001304721343331039,-0.0028874846175312996,0,-0.0187,0.0213
Kaapo Kahkonen,MTL,8478039,0,-0.002384725259616971,-0.002247998956590891,0,-0.0224,0.0176
Kaapo Kahkonen,MTL,8478039,1,-0.0024471208453178406,-0.002247998956590891,6,-0.0106,0.0058
Kaapo Kahkonen,MTL,8478039,2,-0.0024708188138902187,-0.002247998956590891,0,-0.0225,0.0175
Kaapo Kahkonen,MTL,8478039,3,-0.0024958495050668716,-0.002247998956590891,0,-0.0225,0.0175
Kaapo Kahkonen,MTL,8478039,4,-0.0025176324415951967,-0.002247998956590891,0,-0.0225,0.0175
Kaapo Kahkonen,MTL,8478039,5,-0.002538886619731784,-0.002247998956590891,0,-0.0225,0.0175
Kaapo Kahkonen,MTL,8478039,6,-0.0025587822310626507,-0.002247998956590891,0,-0.0226,0.0174
Kaapo Kahkonen,MTL,8478039,7,-0.002572841476649046,-0.002247998956590891,0,-0.0226,0.0174
Kaapo Kahkonen,MTL,8478039,8,-0.002583150053396821,-0.002247998956590891,0,-0.0226,0.0174
Kaapo Kahkonen,MTL,8478039,9,-0.0025912318378686905,-0.002247998956590891,0,-0.0226,0.0174
Kaapo Kahkonen,MTL,8478039,10,-0.0025996044278144836,-0.002247998956590891,0,-0.0226,0.0174
Kaapo Kahkonen,MTL,8478039,11,-0.002602400491014123,-0.002247998956590891,0,-0.0226,0.0174
Kaapo Kahkonen,MTL,8478039,12,-0.0026046864222735167,-0.002247998956590891,0,-0.0226,0.0174
Kaapo Kahkonen,MTL,8478039,13,-0.0026064817793667316,-0.002247998956590891,0,-0.0226,0.0174
Kaapo Kahkonen,MTL,8478039,14,-0.0026120038237422705,-0.002247998956590891,0,-0.0226,0.0174
Kaapo Kahkonen,MTL,8478039,15,-0.00261562573723495,-0.002247998956590891,0,-0.0226,0.0174
Kaapo Kahkonen,MTL,8478039,16,-0.002620682818815112,-0.002247998956590891,0,-0.0226,0.0174
Kaapo Kahkonen,MTL,8478039,17,-0.0026203629095107317,-0.002247998956590891,0,-0.0226,0.0174
Kaapo Kahkonen,MTL,8478039,18,-0.0026250709779560566,-0.002247998956590891,0,-0.0226,0.0174
Kaapo Kahkonen,MTL,8478039,19,-0.002630889415740967,-0.002247998956590891,0,-0.0226,0.0174
Kaapo Kahkonen,MTL,8478039,20,-0.002636602846905589,-0.002247998956590891,0,-0.0226,0.0174
Kaapo Kahkonen,MTL,8478039,21,-0.0026399886701256037,-0.002247998956590891,0,-0.0226,0.0174
Kaapo Kahkonen,MTL,8478039,22,-0.0026435935869812965,-0.002247998956590891,0,-0.0226,0.0174
Kaapo Kahkonen,MTL,8478039,23,-0.002641603583469987,-0.002247998956590891,0,-0.0226,0.0174
Kaapo Kahkonen,MTL,8478039,24,-0.002639440353959799,-0.002247998956590891,0,-0.0226,0.0174
Kaapo Kahkonen,MTL,8478039,25,-0.002637677825987339,-0.002247998956590891,0,-0.0226,0.0174
Kaapo Kahkonen,MTL,8478039,26,-0.002640147227793932,-0.002247998956590891,0,-0.0226,0.0174
Kaapo Kahkonen,MTL,8478039,27,-0.002645024098455906,-0.002247998956590891,0,-0.0226,0.0174
Kaapo Kahkonen,MTL,8478039,28,-0.002648172667250037,-0.002247998956590891,0,-0.0226,0.0174
Kaapo Kahkonen,MTL,8478039,29,-0.0026511596515774727,-0.002247998956590891,0,-0.0227,0.0173
Kaapo Kahkonen,MTL,8478039,30,-0.0026501864194869995,-0.002247998956590891,0,-0.0227,0.0173
Kaapo Kahkonen,MTL,8478039,31,-0.002645953791216016,-0.002247998956590891,0,-0.0226,0.0174
Kaapo Kahkonen,MTL,8478039,32,-0.0026467591524124146,-0.002247998956590891,0,-0.0226,0.0174
Kaapo Kahkonen,MTL,8478039,33,-0.002647091168910265,-0.002247998956590891,0,-0.0226,0.0174
Jesper Wallstedt,MIN,8482661,0,0.0013081044889986515,0.0009652156149968505,1,-0.0187,0.0213
Jesper Wallstedt,MIN,8482661,1,0.0014543625293299556,0.0009652156149968505,0,-0.0185,0.0215
Jesper Wallstedt,MIN,8482661,2,0.0016005865763872862,0.0009652156149968505,15,-0.0036,0.0068
Jesper Wallstedt,MIN,8482661,3,0.0015982520999386907,0.0009652156149968505,0,-0.0184,0.0216
Jesper Wallstedt,MIN,8482661,4,0.0015991638647392392,0.0009652156149968505,14,-0.0037,0.0069
Jesper Wallstedt,MIN,8482661,5,0.0016324454918503761,0.0009652156149968505,6,-0.0066,0.0098
Jesper Wallstedt,MIN,8482661,6,0.0017955958610400558,0.0009652156149968505,0,-0.0182,0.0218
Jesper Wallstedt,MIN,8482661,7,0.001964584458619356,0.0009652156149968505,7,-0.0056,0.0096
Jesper Wallstedt,MIN,8482661,8,0.0020755312871187925,0.0009652156149968505,7,-0.0055,0.0097
Jesper Wallstedt,MIN,8482661,9,0.002114703645929694,0.0009652156149968505,6,-0.0061,0.0103
Jesper Wallstedt,MIN,8482661,10,0.0022003473713994026,0.0009652156149968505,6,-0.006,0.0104
Jesper Wallstedt,MIN,8482661,11,0.002241606591269374,0.0009652156149968505,1,-0.0178,0.0222
Jesper Wallstedt,MIN,8482661,12,0.0022694969084113836,0.0009652156149968505,12,-0.0035,0.0081
Jesper Wallstedt,MIN,8482661,13,0.0023706508800387383,0.0009652156149968505,15,-0.0028,0.0076
Jesper Wallstedt,MIN,8482661,14,0.0025235284119844437,0.0009652156149968505,0,-0.0175,0.0225
Jesper Wallstedt,MIN,8482661,15,0.0026783025823533535,0.0009652156149968505,0,-0.0173,0.0227
Jesper Wallstedt,MIN,8482661,16,0.0028316446114331484,0.0009652156149968505,0,-0.0172,0.0228
Jesper Wallstedt,MIN,8482661,17,0.0029903599061071873,0.0009652156149968505,12,-0.0028,0.0088
Jesper Wallstedt,MIN,8482661,18,0.0032180629204958677,0.0009652156149968505,0,-0.0168,0.0232
Jesper Wallstedt,MIN,8482661,19,0.0034446553327143192,0.0009652156149968505,15,-0.0018,0.0086
Jesper Wallstedt,MIN,8482661,20,0.00353088672272861,0.0009652156149968505,0,-0.0165,0.0235
Jesper Wallstedt,MIN,8482661,21,0.003619445487856865,0.0009652156149968505,4,-0.0064,0.0136
Jesper Wallstedt,MIN,8482661,22,0.0037640840746462345,0.0009652156149968505,12,-0.002,0.0096
Jesper Wallstedt,MIN,8482661,23,0.0037970272824168205,0.0009652156149968505,13,-0.0017,0.0093
Jesper Wallstedt,MIN,8482661,24,0.003724431386217475,0.0009652156149968505,0,-0.0163,0.0237
Jesper Wallstedt,MIN,8482661,25,0.0036514345556497574,0.0009652156149968505,0,-0.0163,0.0237
Jesper Wallstedt,MIN,8482661,26,0.003574205795302987,0.0009652156149968505,13,-0.0019,0.0091
Jesper Wallstedt,MIN,8482661,27,0.0034057465381920338,0.0009652156149968505,23,-0.0008,0.0076
Jesper Wallstedt,MIN,8482661,28,0.0032115881331264973,0.0009652156149968505,28,-0.0006,0.007
Jesper Wallstedt,MIN,8482661,29,0.0032240247819572687,0.0009652156149968505,5,-0.0057,0.0121
Jesper Wallstedt,MIN,8482661,30,0.0032861761283129454,0.0009652156149968505,19,-0.0013,0.0079
Jesper Wallstedt,MIN,8482661,31,0.0032469576690346003,0.0009652156149968505,5,-0.0057,0.0121
Jesper Wallstedt,MIN,8482661,32,0.003246152075007558,0.0009652156149968505,0,-0.0168,0.0232
Jesper Wallstedt,MIN,8482661,33,0.003245821688324213,0.0009652156149968505,0,-0.0168,0.0232
Spencer Knight,CHI,8481519,0,0.007980328984558582,0.007344734389334917,0,-0.012,0.028
Spencer Knight,CHI,8481519,1,0.008261189796030521,0.007344734389334917,1,-0.0117,0.0283
Spencer Knight,CHI,8481519,2,0.008529849350452423,0.007344734389334917,10,0.0022,0.0148
Spencer Knight,CHI,8481519,3,0.009014923125505447,0.007344734389334917,23,0.0048,0.0132
Spencer Knight,CHI,8481519,4,0.009477601386606693,0.007344734389334917,33,0.006,0.013
Spencer Knight,CHI,8481519,5,0.009762538596987724,0.007344734389334917,0,-0.0102,0.0298
Spencer Knight,CHI,8481519,6,0.01004883460700512,0.007344734389334917,12,0.0042,0.0158
Spencer Knight,CHI,8481519,7,0.010250174440443516,0.007344734389334917,1,-0.0097,0.0303
Spencer Knight,CHI,8481519,8,0.010451635345816612,0.007344734389334917,6,0.0023,0.0187
Spencer Knight,CHI,8481519,9,0.010601822286844254,0.007344734389334917,14,0.0053,0.0159
Spencer Knight,CHI,8481519,10,0.010736127384006977,0.007344734389334917,15,0.0055,0.0159
Spencer Knight,CHI,8481519,11,0.01085134781897068,0.007344734389334917,3,-0.0006,0.0224
Spencer Knight,CHI,8481519,12,0.010940064676105976,0.007344734389334917,2,-0.0032,0.025
Spencer Knight,CHI,8481519,13,0.011010255664587021,0.007344734389334917,1,-0.009,0.031
Spencer Knight,CHI,8481519,14,0.011068961583077908,0.007344734389334917,11,0.0051,0.0171
Spencer Knight,CHI,8481519,15,0.011135449633002281,0.007344734389334917,9,0.0044,0.0178
Spencer Knight,CHI,8481519,16,0.011400689370930195,0.007344734389334917,10,0.0051,0.0177
Spencer Knight,CHI,8481519,17,0.011573427356779575,0.007344734389334917,6,0.0034,0.0198
Spencer Knight,CHI,8481519,18,0.011778632178902626,0.007344734389334917,11,0.0058,0.0178
Spencer Knight,CHI,8481519,19,0.011851604096591473,0.007344734389334917,8,0.0048,0.019
Spencer Knight,CHI,8481519,20,0.011951419524848461,0.007344734389334917,10,0.0057,0.0183
Spencer Knight,CHI,8481519,21,0.011968398466706276,0.007344734389334917,4,0.002,0.022
Spencer Knight,CHI,8481519,22,0.011946054175496101,0.007344734389334917,0,-0.0081,0.0319
Spencer Knight,CHI,8481519,23,0.011929301545023918,0.007344734389334917,16,0.0069,0.0169
Spencer Knight,CHI,8481519,24,0.01185011025518179,0.007344734389334917,1,-0.0081,0.0319
Spencer Knight,CHI,8481519,25,0.011763166636228561,0.007344734389334917,3,0.0003,0.0233
Spencer Knight,CHI,8481519,26,0.011731286533176899,0.007344734389334917,2,-0.0024,0.0258
Spencer Knight,CHI,8481519,27,0.011683600023388863,0.007344734389334917,6,0.0035,0.0199
Spencer Knight,CHI,8481519,28,0.011680460534989834,0.007344734389334917,0,-0.0083,0.0317
Spencer Knight,CHI,8481519,29,0.011677484959363937,0.007344734389334917,0,-0.0083,0.0317
Spencer Knight,CHI,8481519,30,0.011678463779389858,0.007344734389334917,0,-0.0083,0.0317
Spencer Knight,CHI,8481519,31,0.011682702228426933,0.007344734389334917,0,-0.0083,0.0317
Spencer Knight,CHI,8481519,32,0.011681897565722466,0.007344734389334917,0,-0.0083,0.0317
Spencer Knight,CHI,8481519,33,0.0116815697401762,0.007344734389334917,0,-0.0083,0.0317
Matt Murray,NSH,8483575,0,0.001716111903078854,0.0016454292926937342,4,-0.0083,0.0117
Matt Murray,NSH,8483575,1,0.0017065292922779918,0.0016454292926937342,1,-0.0183,0.0217
Matt Murray,NSH,8483575,2,0.0016828770749270916,0.0016454292926937342,0,-0.0183,0.0217
Matt Murray,NSH,8483575,3,0.0016578916693106294,0.0016454292926937342,0,-0.0183,0.0217
Matt Murray,NSH,8483575,4,0.0016361525049433112,0.0016454292926937342,0,-0.0184,0.0216
Matt Murray,NSH,8483575,5,0.0016149409348145127,0.0016454292926937342,0,-0.0184,0.0216
Matt Murray,NSH,8483575,6,0.0015950860688462853,0.0016454292926937342,0,-0.0184,0.0216
Matt Murray,NSH,8483575,7,0.0015810671029612422,0.0016454292926937342,0,-0.0184,0.0216
Matt Murray,NSH,8483575,8,0.0015707963611930609,0.0016454292926937342,0,-0.0184,0.0216
Matt Murray,NSH,8483575,9,0.0015627519460394979,0.0016454292926937342,0,-0.0184,0.0216
Matt Murray,NSH,8483575,10,0.001554415444843471,0.0016454292926937342,0,-0.0184,0.0216
Matt Murray,NSH,8483575,11,0.0015516532585024834,0.0016454292926937342,0,-0.0184,0.0216
Matt Murray,NSH,8483575,12,0.0015494001563638449,0.0016454292926937342,0,-0.0185,0.0215
Matt Murray,NSH,8483575,13,0.0015476365806534886,0.0016454292926937342,0,-0.0185,0.0215
Matt Murray,NSH,8483575,14,0.0015421449206769466,0.0016454292926937342,0,-0.0185,0.0215
Matt Murray,NSH,8483575,15,0.0015385510632768273,0.0016454292926937342,0,-0.0185,0.0215
Matt Murray,NSH,8483575,16,0.0015335214557126164,0.0016454292926937342,0,-0.0185,0.0215
Matt Murray,NSH,8483575,17,0.0015338665107265115,0.0016454292926937342,0,-0.0185,0.0215
Matt Murray,NSH,8483575,18,0.0015291828894987702,0.0016454292926937342,0,-0.0185,0.0215
Matt Murray,NSH,8483575,19,0.00152338738553226,0.0016454292926937342,0,-0.0185,0.0215
Matt Murray,NSH,8483575,20,0.001517695258371532,0.0016454292926937342,0,-0.0185,0.0215
Matt Murray,NSH,8483575,21,0.001514328527264297,0.0016454292926937342,0,-0.0185,0.0215
Matt Murray,NSH,8483575,22,0.001510742586106062,0.0016454292926937342,0,-0.0185,0.0215
Matt Murray,NSH,8483575,23,0.0015127481892704964,0.0016454292926937342,0,-0.0185,0.0215
Matt Murray,NSH,8483575,24,0.0015149270184338093,0.0016454292926937342,0,-0.0185,0.0215
Matt Murray,NSH,8483575,25,0.00151670235209167,0.0016454292926937342,0,-0.0185,0.0215
Matt Murray,NSH,8483575,26,0.001514245057478547,0.0016454292926937342,0,-0.0185,0.0215
Matt Murray,NSH,8483575,27,0.0015093785477802157,0.0016454292926937342,0,-0.0185,0.0215
Matt Murray,NSH,8483575,28,0.0015062381280586123,0.0016454292926937342,0,-0.0185,0.0215
Matt Murray,NSH,8483575,29,0.0015032594092190266,0.0016454292926937342,0,-0.0185,0.0215
Matt Murray,NSH,8483575,30,0.001504237181507051,0.0016454292926937342,0,-0.0185,0.0215
Matt Murray,NSH,8483575,31,0.001508474932052195,0.0016454292926937342,0,-0.0185,0.0215
Matt Murray,NSH,8483575,32,0.001507670502178371,0.0016454292926937342,0,-0.0185,0.0215
Matt Murray,NSH,8483575,33,0.0015073406975716352,0.0016454292926937342,0,-0.0185,0.0215
8481749,,8481749,0,0.0003328888560645282,0.0003824050654657185,0,-0.0197,0.0203
8481749,,8481749,1,0.0003092536935582757,0.0003824050654657185,0,-0.0197,0.0203
8481749,,8481749,2,0.0002855854691006243,0.0003824050654657185,0,-0.0197,0.0203
8481749,,8481749,3,0.00026058428920805454,0.0003824050654657185,0,-0.0197,0.0203
8481749,,8481749,4,0.0002388300490565598,0.0003824050654657185,0,-0.0198,0.0202
8481749,,8481749,5,0.00021760351955890656,0.0003824050654657185,0,-0.0198,0.0202
8481749,,8481749,6,0.00019773427629843354,0.0003824050654657185,0,-0.0198,0.0202
8481749,,8481749,7,0.00018370177713222802,0.0003824050654657185,0,-0.0198,0.0202
8481749,,8481749,8,0.0001734173420118168,0.0003824050654657185,0,-0.0198,0.0202
8481749,,8481749,9,0.0001653605286264792,0.0003824050654657185,0,-0.0198,0.0202
8481749,,8481749,10,0.0001570110471220687,0.0003824050654657185,0,-0.0198,0.0202
8481749,,8481749,11,0.00015423723380081356,0.0003824050654657185,0,-0.0198,0.0202
8481749,,8481749,12,0.00015197253378573805,0.0003824050654657185,0,-0.0198,0.0202
8481749,,8481749,13,0.00015019830607343465,0.0003824050654657185,0,-0.0198,0.0202
8481749,,8481749,14,0.0001446956885047257,0.0003824050654657185,0,-0.0199,0.0201
8481749,,8481749,15,0.00014109218318480998,0.0003824050654657185,0,-0.0199,0.0201
8481749,,8481749,16,0.00013605289859697223,0.0003824050654657185,0,-0.0199,0.0201
8481749,,8481749,17,0.00013638954260386527,0.0003824050654657185,0,-0.0199,0.0201
8481749,,8481749,18,0.0001316969865001738,0.0003824050654657185,0,-0.0199,0.0201
8481749,,8481749,19,0.00012589374091476202,0.0003824050654657185,0,-0.0199,0.0201
8481749,,8481749,20,0.00012019427958875895,0.0003824050654657185,0,-0.0199,0.0201
8481749,,8481749,21,0.00011682070908136666,0.0003824050654657185,0,-0.0199,0.0201
8481749,,8481749,22,0.00011322865611873567,0.0003824050654657185,0,-0.0199,0.0201
8481749,,8481749,23,0.00011522823479026556,0.0003824050654657185,0,-0.0199,0.0201
8481749,,8481749,24,0.00011740197078324854,0.0003824050654657185,0,-0.0199,0.0201
8481749,,8481749,25,0.00011917256051674485,0.0003824050654657185,0,-0.0199,0.0201
8481749,,8481749,26,0.00011671119136735797,0.0003824050654657185,0,-0.0199,0.0201
8481749,,8481749,27,0.00011184121831320226,0.0003824050654657185,0,-0.0199,0.0201
8481749,,8481749,28,0.00010869759717024863,0.0003824050654657185,0,-0.0199,0.0201
8481749,,8481749,29,0.0001057162880897522,0.0003824050654657185,0,-0.0199,0.0201
8481749,,8481749,30,0.00010669240145944059,0.0003824050654657185,0,-0.0199,0.0201
8481749,,8481749,31,0.00011092840577475727,0.0003824050654657185,0,-0.0199,0.0201
8481749,,8481749,32,0.0001101235393434763,0.0003824050654657185,0,-0.0199,0.0201
8481749,,8481749,33,0.00010979326907545328,0.0003824050654657185,0,-0.0199,0.0201
8484900,,8484900,0,0.0006337653030641377,0.0006832716753706336,0,-0.0194,0.0206
8484900,,8484900,1,0.0006101343315094709,0.0006832716753706336,0,-0.0194,0.0206
8484900,,8484900,2,0.0005864701233804226,0.0006832716753706336,0,-0.0194,0.0206
8484900,,8484900,3,0.0005614733090624213,0.0006832716753706336,0,-0.0194,0.0206
8484900,,8484900,4,0.0005397226195782423,0.0006832716753706336,0,-0.0195,0.0205
8484900,,8484900,5,0.0005185002228245139,0.0006832716753706336,0,-0.0195,0.0205
8484900,,8484900,6,0.0004986344138160348,0.0006832716753706336,0,-0.0195,0.0205
8484900,,8484900,7,0.000484605465317145,0.0006832716753706336,0,-0.0195,0.0205
8484900,,8484900,8,0.00047432456631213427,0.0006832716753706336,0,-0.0195,0.0205
8484900,,8484900,9,0.0004662709543481469,0.0006832716753706336,0,-0.0195,0.0205
8484900,,8484900,10,0.00045792467426508665,0.0006832716753706336,0,-0.0195,0.0205
8484900,,8484900,11,0.00045515401870943606,0.0006832716753706336,0,-0.0195,0.0205
8484900,,8484900,12,0.0004528921563178301,0.0006832716753706336,0,-0.0195,0.0205
8484900,,8484900,13,0.00045112089719623327,0.0006832716753706336,0,-0.0195,0.0205
8484900,,8484900,14,0.0004456208262126893,0.0006832716753706336,0,-0.0196,0.0204
8484900,,8484900,15,0.00044202007120475173,0.0006832716753706336,0,-0.0196,0.0204
8484900,,8484900,16,0.00043698298395611346,0.0006832716753706336,0,-0.0196,0.0204
8484900,,8484900,17,0.0004373220435809344,0.0006832716753706336,0,-0.0196,0.0204
8484900,,8484900,18,0.0004326316120568663,0.0006832716753706336,0,-0.0196,0.0204
8484900,,8484900,19,0.00042683043284341693,0.0006832716753706336,0,-0.0196,0.0204
8484900,,8484900,20,0.00042113280505873263,0.0006832716753706336,0,-0.0196,0.0204
8484900,,8484900,21,0.00041776098078116775,0.0006832716753706336,0,-0.0196,0.0204
8484900,,8484900,22,0.0004141704412177205,0.0006832716753706336,0,-0.0196,0.0204
8484900,,8484900,23,0.0004161717079114169,0.0006832716753706336,0,-0.0196,0.0204
8484900,,8484900,24,0.00041834654984995723,0.0006832716753706336,0,-0.0196,0.0204
8484900,,8484900,25,0.00042011862387880683,0.0006832716753706336,0,-0.0196,0.0204
8484900,,8484900,26,0.00041765798232518137,0.0006832716753706336,0,-0.0196,0.0204
8484900,,8484900,27,0.00041278923163190484,0.0006832716753706336,0,-0.0196,0.0204
8484900,,8484900,28,0.0004096462216693908,0.0006832716753706336,0,-0.0196,0.0204
8484900,,8484900,29,0.00040666566928848624,0.0006832716753706336,0,-0.0196,0.0204
8484900,,8484900,30,0.0004076421319041401,0.0006832716753706336,0,-0.0196,0.0204
8484900,,8484900,31,0.000411878660088405,0.0006832716753706336,0,-0.0196,0.0204
8484900,,8484900,32,0.00041107370634563267,0.0006832716753706336,0,-0.0196,0.0204
8484900,,8484900,33,0.00041074369801208377,0.0006832716753706336,0,-0.0196,0.0204
Hunter Shepard,OTT,8482411,0,-0.00014745416410733014,-0.00018634001025930047,0,-0.0201,0.0199
Hunter Shepard,OTT,8482411,1,-0.0001317993737757206,-0.00018634001025930047,1,-0.0201,0.0199
Hunter Shepard,OTT,8482411,2,-0.00012915230763610452,-0.00018634001025930047,0,-0.0201,0.0199
Hunter Shepard,OTT,8482411,3,-0.00012783783313352615,-0.00018634001025930047,0,-0.0201,0.0199
Hunter Shepard,OTT,8482411,4,-0.00012327653530519456,-0.00018634001025930047,0,-0.0201,0.0199
Hunter Shepard,OTT,8482411,5,-0.00011818707571364939,-0.00018634001025930047,0,-0.0201,0.0199
Hunter Shepard,OTT,8482411,6,-0.00011174043902428821,-0.00018634001025930047,0,-0.0201,0.0199
Hunter Shepard,OTT,8482411,7,-9.945665078703314e-05,-0.00018634001025930047,0,-0.0201,0.0199
Hunter Shepard,OTT,8482411,8,-8.34247621241957e-05,-0.00018634001025930047,0,-0.0201,0.0199
Hunter Shepard,OTT,8482411,9,-6.516504799947143e-05,-0.00018634001025930047,0,-0.0201,0.0199
Hunter Shepard,OTT,8482411,10,-4.71979146823287e-05,-0.00018634001025930047,0,-0.02,0.02
Hunter Shepard,OTT,8482411,11,-2.365466207265854e-05,-0.00018634001025930047,0,-0.02,0.02
Hunter Shepard,OTT,8482411,12,3.974564606323838e-07,-0.00018634001025930047,0,-0.02,0.02
Hunter Shepard,OTT,8482411,13,2.4940629373304546e-05,-0.00018634001025930047,0,-0.02,0.02
Hunter Shepard,OTT,8482411,14,4.575535422191024e-05,-0.00018634001025930047,0,-0.02,0.02
Hunter Shepard,OTT,8482411,15,6.84695114614442e-05,-0.00018634001025930047,0,-0.0199,0.0201
Hunter Shepard,OTT,8482411,16,8.974786032922566e-05,-0.00018634001025930047,4,-0.0099,0.0101
Hunter Shepard,OTT,8482411,17,9.008141933009028e-05,-0.00018634001025930047,0,-0.0199,0.0201
Hunter Shepard,OTT,8482411,18,8.538574911653996e-05,-0.00018634001025930047,0,-0.0199,0.0201
Hunter Shepard,OTT,8482411,19,7.957979687489569e-05,-0.00018634001025930047,0,-0.0199,0.0201
Hunter Shepard,OTT,8482411,20,7.387759978882968e-05,-0.00018634001025930047,0,-0.0199,0.0201
Hunter Shepard,OTT,8482411,21,7.05016718711704e-05,-0.00018634001025930047,0,-0.0199,0.0201
Hunter Shepard,OTT,8482411,22,6.690723239444196e-05,-0.00018634001025930047,0,-0.0199,0.0201
Hunter Shepard,OTT,8482411,23,6.89048320055008e-05,-0.00018634001025930047,0,-0.0199,0.0201
Hunter Shepard,OTT,8482411,24,7.107667624950409e-05,-0.00018634001025930047,0,-0.0199,0.0201
Hunter Shepard,OTT,8482411,25,7.284557796083391e-05,-0.00018634001025930047,0,-0.0199,0.0201
Hunter Shepard,OTT,8482411,26,7.038272451609373e-05,-0.00018634001025930047,0,-0.0199,0.0201
Hunter Shepard,OTT,8482411,27,6.551147089339793e-05,-0.00018634001025930047,0,-0.0199,0.0201
Hunter Shepard,OTT,8482411,28,6.236683111637831e-05,-0.00018634001025930047,0,-0.0199,0.0201
Hunter Shepard,OTT,8482411,29,5.938450340181589e-05,-0.00018634001025930047,0,-0.0199,0.0201
Hunter Shepard,OTT,8482411,30,6.036003469489515e-05,-0.00018634001025930047,0,-0.0199,0.0201
Hunter Shepard,OTT,8482411,31,6.459548603743315e-05,-0.00018634001025930047,0,-0.0199,0.0201
Hunter Shepard,OTT,8482411,32,6.37902703601867e-05,-0.00018634001025930047,0,-0.0199,0.0201
Hunter Shepard,OTT,8482411,33,6.34600582998246e-05,-0.00018634001025930047,0,-0.0199,0.0201
Clay Stevenson,WSH,8483532,0,-0.0006119055906310678,-0.0007789703086018562,0,-0.0206,0.0194
Clay Stevenson,WSH,8483532,1,-0.000539282918907702,-0.0007789703086018562,0,-0.0205,0.0195
Clay Stevenson,WSH,8483532,2,-0.0004666927852667868,-0.0007789703086018562,0,-0.0205,0.0195
Clay Stevenson,WSH,8483532,3,-0.00039543496677652,-0.0007789703086018562,0,-0.0204,0.0196
Clay Stevenson,WSH,8483532,4,-0.00032093009212985635,-0.0007789703086018562,0,-0.0203,0.0197
Clay Stevenson,WSH,8483532,5,-0.00024589686654508114,-0.0007789703086018562,0,-0.0202,0.0198
Clay Stevenson,WSH,8483532,6,-0.00016950650024227798,-0.0007789703086018562,0,-0.0202,0.0198
Clay Stevenson,WSH,8483532,7,-8.72784512466751e-05,-0.0007789703086018562,0,-0.0201,0.0199
Clay Stevenson,WSH,8483532,8,-1.302309101447463e-06,-0.0007789703086018562,0,-0.02,0.02
Clay Stevenson,WSH,8483532,9,8.69022769620642e-05,-0.0007789703086018562,0,-0.0199,0.0201
Clay Stevenson,WSH,8483532,10,0.0001748142094584182,-0.0007789703086018562,0,-0.0198,0.0202
Clay Stevenson,WSH,8483532,11,0.00026830253773368895,-0.0007789703086018562,0,-0.0197,0.0203
Clay Stevenson,WSH,8483532,12,0.0003622999647632241,-0.0007789703086018562,0,-0.0196,0.0204
Clay Stevenson,WSH,8483532,13,0.00045678880997002125,-0.0007789703086018562,0,-0.0195,0.0205
Clay Stevenson,WSH,8483532,14,0.0005475492216646671,-0.0007789703086018562,0,-0.0195,0.0205
Clay Stevenson,WSH,8483532,15,0.000640209938865155,-0.0007789703086018562,0,-0.0194,0.0206
Clay Stevenson,WSH,8483532,16,0.0007314342074096203,-0.0007789703086018562,0,-0.0193,0.0207
Clay Stevenson,WSH,8483532,17,0.0008280357578769326,-0.0007789703086018562,0,-0.0192,0.0208
Clay Stevenson,WSH,8483532,18,0.0009196080500259995,-0.0007789703086018562,0,-0.0191,0.0209
Clay Stevenson,WSH,8483532,19,0.0010100703220814466,-0.0007789703086018562,3,-0.0105,0.0125
Clay Stevenson,WSH,8483532,20,0.0010708182817324996,-0.0007789703086018562,10,-0.0052,0.0074
Clay Stevenson,WSH,8483532,21,0.001071453676559031,-0.0007789703086018562,0,-0.0189,0.0211
Clay Stevenson,WSH,8483532,22,0.0010718704434111714,-0.0007789703086018562,0,-0.0189,0.0211
Clay Stevenson,WSH,8483532,23,0.0010778801515698433,-0.0007789703086018562,0,-0.0189,0.0211
Clay Stevenson,WSH,8483532,24,0.0010840636678040028,-0.0007789703086018562,0,-0.0189,0.0211
Clay Stevenson,WSH,8483532,25,0.001089845085516572,-0.0007789703086018562,0,-0.0189,0.0211
Clay Stevenson,WSH,8483532,26,0.0010913943406194448,-0.0007789703086018562,0,-0.0189,0.0211
Clay Stevenson,WSH,8483532,27,0.0010905361268669367,-0.0007789703086018562,1,-0.0189,0.0211
Clay Stevenson,WSH,8483532,28,0.0010873897699639201,-0.0007789703086018562,0,-0.0189,0.0211
Clay Stevenson,WSH,8483532,29,0.0010844063945114613,-0.0007789703086018562,0,-0.0189,0.0211
Clay Stevenson,WSH,8483532,30,0.0010853809071704745,-0.0007789703086018562,0,-0.0189,0.0211
Clay Stevenson,WSH,8483532,31,0.001089615747332573,-0.0007789703086018562,0,-0.0189,0.0211
Clay Stevenson,WSH,8483532,32,0.0010888100368902087,-0.0007789703086018562,0,-0.0189,0.0211
Clay Stevenson,WSH,8483532,33,0.0010884799994528294,-0.0007789703086018562,0,-0.0189,0.0211
Brandon Bussi,CAR,8483548,0,-0.010417739860713482,-0.009752915240824223,0,-0.0304,0.0096
Brandon Bussi,CAR,8483548,1,-0.010714840143918991,-0.009752915240824223,0,-0.0307,0.0093
Brandon Bussi,CAR,8483548,2,-0.01101197674870491,-0.009752915240824223,0,-0.031,0.009
Brandon Bussi,CAR,8483548,3,-0.011310439556837082,-0.009752915240824223,0,-0.0313,0.0087
Brandon Bussi,CAR,8483548,4,-0.011605659499764442,-0.009752915240824223,3,-0.0231,-0.0001
Brandon Bussi,CAR,8483548,5,-0.011925306171178818,-0.009752915240824223,0,-0.0319,0.0081
Brandon Bussi,CAR,8483548,6,-0.012243595905601978,-0.009752915240824223,9,-0.0189,-0.0055
Brandon Bussi,CAR,8483548,7,-0.012533330358564854,-0.009752915240824223,0,-0.0325,0.0075
Brandon Bussi,CAR,8483548,8,-0.012819319032132626,-0.009752915240824223,0,-0.0328,0.0072
Brandon Bussi,CAR,8483548,9,-0.013103070668876171,-0.009752915240824223,0,-0.0331,0.0069
Brandon Bussi,CAR,8483548,10,-0.013387121260166168,-0.009752915240824223,7,-0.021,-0.0058
Brandon Bussi,CAR,8483548,11,-0.013748995028436184,-0.009752915240824223,4,-0.0237,-0.0037
Brandon Bussi,CAR,8483548,12,-0.014027715660631657,-0.009752915240824223,18,-0.0187,-0.0093
Brandon Bussi,CAR,8483548,13,-0.014208664186298847,-0.009752915240824223,1,-0.0342,0.0058
Brandon Bussi,CAR,8483548,14,-0.014398712664842606,-0.009752915240824223,7,-0.022,-0.0068
Brandon Bussi,CAR,8483548,15,-0.01454869844019413,-0.009752915240824223,5,-0.0234,-0.0056
Brandon Bussi,CAR,8483548,16,-0.014648038893938065,-0.009752915240824223,12,-0.0204,-0.0088
Brandon Bussi,CAR,8483548,17,-0.01464931108057499,-0.009752915240824223,9,-0.0213,-0.0079
Brandon Bussi,CAR,8483548,18,-0.014632942155003548,-0.009752915240824223,5,-0.0235,-0.0057
Brandon Bussi,CAR,8483548,19,-0.014679924584925175,-0.009752915240824223,3,-0.0262,-0.0032
Brandon Bussi,CAR,8483548,20,-0.014757921919226646,-0.009752915240824223,8,-0.0219,-0.0077
Brandon Bussi,CAR,8483548,21,-0.01469731330871582,-0.009752915240824223,7,-0.0223,-0.0071
Brandon Bussi,CAR,8483548,22,-0.01463063433766365,-0.009752915240824223,1,-0.0346,0.0054
Brandon Bussi,CAR,8483548,23,-0.014566722325980663,-0.009752915240824223,3,-0.0261,-0.0031
Brandon Bussi,CAR,8483548,24,-0.014520919881761074,-0.009752915240824223,5,-0.0234,-0.0056
Brandon Bussi,CAR,8483548,25,-0.01451204251497984,-0.009752915240824223,7,-0.0221,-0.0069
Brandon Bussi,CAR,8483548,26,-0.014476310461759567,-0.009752915240824223,4,-0.0245,-0.0045
Brandon Bussi,CAR,8483548,27,-0.0144686633720994,-0.009752915240824223,1,-0.0345,0.0055
Brandon Bussi,CAR,8483548,28,-0.014471820555627346,-0.009752915240824223,0,-0.0345,0.0055
Brandon Bussi,CAR,8483548,29,-0.014474808238446712,-0.009752915240824223,0,-0.0345,0.0055
Brandon Bussi,CAR,8483548,30,-0.014473842456936836,-0.009752915240824223,0,-0.0345,0.0055
Brandon Bussi,CAR,8483548,31,-0.014469610527157784,-0.009752915240824223,0,-0.0345,0.0055
Brandon Bussi,CAR,8483548,32,-0.0144704170525074,-0.009752915240824223,0,-0.0345,0.0055
Brandon Bussi,CAR,8483548,33,-0.014470752328634262,-0.009752915240824223,0,-0.0345,0.0055
8475839,,8475839,0,0.002169839572161436,0.002219298854470253,0,-0.0178,0.0222
8475839,,8475839,1,0.002146229613572359,0.002219298854470253,0,-0.0179,0.0221
8475839,,8475839,2,0.002122584730386734,0.002219298854470253,0,-0.0179,0.0221
8475839,,8475839,3,0.002097607823088765,0.002219298854470253,0,-0.0179,0.0221
8475839,,8475839,4,0.0020758758764714003,0.002219298854470253,0,-0.0179,0.0221
8475839,,8475839,5,0.002054671524092555,0.002219298854470253,0,-0.0179,0.0221
8475839,,8475839,6,0.002034823875874281,0.002219298854470253,0,-0.018,0.022
8475839,,8475839,7,0.0020208118949085474,0.002219298854470253,0,-0.018,0.022
8475839,,8475839,8,0.002010547323152423,0.002219298854470253,0,-0.018,0.022
8475839,,8475839,9,0.0020025097765028477,0.002219298854470253,0,-0.018,0.022
8475839,,8475839,10,0.001994179096072912,0.002219298854470253,0,-0.018,0.022
8475839,,8475839,11,0.0019914230797439814,0.002219298854470253,0,-0.018,0.022
8475839,,8475839,12,0.0019891755655407906,0.002219298854470253,0,-0.018,0.022
8475839,,8475839,13,0.001987417694181204,0.002219298854470253,0,-0.018,0.022
8475839,,8475839,14,0.0019819303415715694,0.002219298854470253,0,-0.018,0.022
8475839,,8475839,15,0.0019783421885222197,0.002219298854470253,0,-0.018,0.022
8475839,,8475839,16,0.001973316539078951,0.002219298854470253,0,-0.018,0.022
8475839,,8475839,17,0.00197366694919765,0.002219298854470253,0,-0.018,0.022
8475839,,8475839,18,0.00196898658759892,0.002219298854470253,0,-0.018,0.022
8475839,,8475839,19,0.0019631958566606045,0.002219298854470253,0,-0.018,0.022
8475839,,8475839,20,0.001957506639882922,0.002219298854470253,0,-0.018,0.022
8475839,,8475839,21,0.0019541436340659857,0.002219298854470253,0,-0.018,0.022
8475839,,8475839,22,0.001950560719706118,0.002219298854470253,0,-0.018,0.022
8475839,,8475839,23,0.0019525698153302073,0.002219298854470253,0,-0.018,0.022
8475839,,8475839,24,0.0019547503907233477,0.002219298854470253,0,-0.018,0.022
8475839,,8475839,25,0.001956528052687645,0.002219298854470253,0,-0.018,0.022
8475839,,8475839,26,0.001954072853550315,0.002219298854470253,0,-0.018,0.022
8475839,,8475839,27,0.0019492082064971328,0.002219298854470253,0,-0.0181,0.0219
8475839,,8475839,28,0.0019460695330053568,0.002219298854470253,0,-0.0181,0.0219
8475839,,8475839,29,0.0019430916290730238,0.002219298854470253,0,-0.0181,0.0219
8475839,,8475839,30,0.001944070914760232,0.002219298854470253,0,-0.0181,0.0219
8475839,,8475839,31,0.0019483092473819852,0.002219298854470253,0,-0.0181,0.0219
8475839,,8475839,32,0.0019475053995847702,0.002219298854470253,0,-0.0181,0.0219
8475839,,8475839,33,0.0019471753621473908,0.002219298854470253,0,-0.0181,0.0219
Michael DiPietro,BOS,8480022,0,0.0011993712978437543,0.0012280798982828856,0,-0.0188,0.0212
Michael DiPietro,BOS,8480022,1,0.0011849823640659451,0.0012280798982828856,2,-0.0129,0.0153
Michael DiPietro,BOS,8480022,2,0.0011613282840698957,0.0012280798982828856,0,-0.0188,0.0212
Michael DiPietro,BOS,8480022,3,0.0011363400844857097,0.0012280798982828856,0,-0.0189,0.0211
Michael DiPietro,BOS,8480022,4,0.0011145990574732423,0.0012280798982828856,0,-0.0189,0.0211
Michael DiPietro,BOS,8480022,5,0.0010933848097920418,0.0012280798982828856,0,-0.0189,0.0211
Michael DiPietro,BOS,8480022,6,0.001073527499102056,0.0012280798982828856,0,-0.0189,0.0211
Michael DiPietro,BOS,8480022,7,0.001059507136233151,0.0012280798982828856,0,-0.0189,0.0211
Michael DiPietro,BOS,8480022,8,0.0010492337169125676,0.0012280798982828856,0,-0.019,0.021
Michael DiPietro,BOS,8480022,9,0.0010411880211904645,0.0012280798982828856,0,-0.019,0.021
Michael DiPietro,BOS,8480022,10,0.0010328487260267138,0.0012280798982828856,0,-0.019,0.021
Michael DiPietro,BOS,8480022,11,0.0010300856083631516,0.0012280798982828856,0,-0.019,0.021
Michael DiPietro,BOS,8480022,12,0.001027829828672111,0.0012280798982828856,0,-0.019,0.021
Michael DiPietro,BOS,8480022,13,0.0010260657873004675,0.0012280798982828856,0,-0.019,0.021
Michael DiPietro,BOS,8480022,14,0.001020571100525558,0.0012280798982828856,0,-0.019,0.021
Michael DiPietro,BOS,8480022,15,0.0010169767774641514,0.0012280798982828856,0,-0.019,0.021
Michael DiPietro,BOS,8480022,16,0.0010119450744241476,0.0012280798982828856,0,-0.019,0.021
Michael DiPietro,BOS,8480022,17,0.0010122895473614335,0.0012280798982828856,0,-0.019,0.021
Michael DiPietro,BOS,8480022,18,0.0010076037142425776,0.0012280798982828856,0,-0.019,0.021
Michael DiPietro,BOS,8480022,19,0.0010018073953688145,0.0012280798982828856,0,-0.019,0.021
Michael DiPietro,BOS,8480022,20,0.0009961141040548682,0.0012280798982828856,0,-0.019,0.021
Michael DiPietro,BOS,8480022,21,0.0009927464416250587,0.0012280798982828856,0,-0.019,0.021
Michael DiPietro,BOS,8480022,22,0.0009891594527289271,0.0012280798982828856,0,-0.019,0.021
Michael DiPietro,BOS,8480022,23,0.0009911640081554651,0.0012280798982828856,0,-0.019,0.021
Michael DiPietro,BOS,8480022,24,0.0009933423716574907,0.0012280798982828856,0,-0.019,0.021
Michael DiPietro,BOS,8480022,25,0.0009951165411621332,0.0012280798982828856,0,-0.019,0.021
Michael DiPietro,BOS,8480022,26,0.0009926591301336884,0.0012280798982828856,0,-0.019,0.021
Michael DiPietro,BOS,8480022,27,0.0009877919219434261,0.0012280798982828856,0,-0.019,0.021
Michael DiPietro,BOS,8480022,28,0.0009846509201452136,0.0012280798982828856,0,-0.019,0.021
Michael DiPietro,BOS,8480022,29,0.0009816719684749842,0.0012280798982828856,0,-0.019,0.021
Michael DiPietro,BOS,8480022,30,0.000982649507932365,0.0012280798982828856,0,-0.019,0.021
Michael DiPietro,BOS,8480022,31,0.0009868866764008999,0.0012280798982828856,0,-0.019,0.021
Michael DiPietro,BOS,8480022,32,0.0009860824793577194,0.0012280798982828856,0,-0.019,0.021
Michael DiPietro,BOS,8480022,33,0.00098575244192034,0.0012280798982828856,0,-0.019,0.021
Scott Wedgewood,COL,8475809,0,0.00233189994469285,0.0016638569068163633,0,-0.0177,0.0223
Scott Wedgewood,COL,8475809,1,0.0026271792594343424,0.0016638569068163633,0,-0.0174,0.0226
Scott Wedgewood,COL,8475809,2,0.002922425977885723,0.0016638569068163633,1,-0.0171,0.0229
Scott Wedgewood,COL,8475809,3,0.0032030376605689526,0.0016638569068163633,13,-0.0023,0.0087
Scott Wedgewood,COL,8475809,4,0.0034790902864187956,0.0016638569068163633,7,-0.0041,0.0111
Scott Wedgewood,COL,8475809,5,0.0037123907823115587,0.0016638569068163633,3,-0.0078,0.0152
Scott Wedgewood,COL,8475809,6,0.003924149088561535,0.0016638569068163633,8,-0.0032,0.011
Scott Wedgewood,COL,8475809,7,0.004059807397425175,0.0016638569068163633,11,-0.0019,0.0101
Scott Wedgewood,COL,8475809,8,0.0041131023317575455,0.0016638569068163633,18,-0.0006,0.0088
Scott Wedgewood,COL,8475809,9,0.0040129562839865685,0.0016638569068163633,7,-0.0036,0.0116
Scott Wedgewood,COL,8475809,10,0.004057259298861027,0.0016638569068163633,0,-0.0159,0.0241
Scott Wedgewood,COL,8475809,11,0.004107142332941294,0.0016638569068163633,3,-0.0074,0.0156
Scott Wedgewood,COL,8475809,12,0.004126340616494417,0.0016638569068163633,11,-0.0019,0.0101
Scott Wedgewood,COL,8475809,13,0.004163013305515051,0.0016638569068163633,2,-0.0099,0.0183
Scott Wedgewood,COL,8475809,14,0.004272560589015484,0.0016638569068163633,7,-0.0033,0.0119
Scott Wedgewood,COL,8475809,15,0.004304792732000351,0.0016638569068163633,3,-0.0072,0.0158
Scott Wedgewood,COL,8475809,16,0.00440394738689065,0.0016638569068163633,4,-0.0056,0.0144
Scott Wedgewood,COL,8475809,17,0.00448002852499485,0.0016638569068163633,0,-0.0155,0.0245
Scott Wedgewood,COL,8475809,18,0.004551080986857414,0.0016638569068163633,8,-0.0025,0.0117
Scott Wedgewood,COL,8475809,19,0.004663760308176279,0.0016638569068163633,1,-0.0153,0.0247
Scott Wedgewood,COL,8475809,20,0.004863799083977938,0.0016638569068163633,0,-0.0151,0.0249
Scott Wedgewood,COL,8475809,21,0.005066163372248411,0.0016638569068163633,1,-0.0149,0.0251
Scott Wedgewood,COL,8475809,22,0.005252526141703129,0.0016638569068163633,3,-0.0062,0.0168
Scott Wedgewood,COL,8475809,23,0.005525735206902027,0.0016638569068163633,2,-0.0086,0.0196
Scott Wedgewood,COL,8475809,24,0.005769767798483372,0.0016638569068163633,1,-0.0142,0.0258
Scott Wedgewood,COL,8475809,25,0.0060094487853348255,0.0016638569068163633,6,-0.0022,0.0142
Scott Wedgewood,COL,8475809,26,0.006206785328686237,0.0016638569068163633,0,-0.0138,0.0262
Scott Wedgewood,COL,8475809,27,0.006401711143553257,0.0016638569068163633,16,0.0014,0.0114
Scott Wedgewood,COL,8475809,28,0.006566131487488747,0.0016638569068163633,11,0.0006,0.0126
Scott Wedgewood,COL,8475809,29,0.0067270779982209206,0.0016638569068163633,4,-0.0033,0.0167
Scott Wedgewood,COL,8475809,30,0.006850712932646275,0.0016638569068163633,21,0.0025,0.0113
Scott Wedgewood,COL,8475809,31,0.006807777564972639,0.0016638569068163633,0,-0.0132,0.0268
Scott Wedgewood,COL,8475809,32,0.006759799551218748,0.0016638569068163633,5,-0.0021,0.0157
Scott Wedgewood,COL,8475809,33,0.006759468000382185,0.0016638569068163633,0,-0.0132,0.0268
8476904,,8476904,0,-3.245508560212329e-05,1.707139927020762e-05,0,-0.02,0.02
8476904,,8476904,1,-5.609467189060524e-05,1.707139927020762e-05,0,-0.0201,0.0199
8476904,,8476904,2,-7.976738561410457e-05,1.707139927020762e-05,0,-0.0201,0.0199
8476904,,8476904,3,-0.00010477265459485352,1.707139927020762e-05,0,-0.0201,0.0199
8476904,,8476904,4,-0.0001265311730094254,1.707139927020762e-05,0,-0.0201,0.0199
8476904,,8476904,5,-0.0001477615733165294,1.707139927020762e-05,0,-0.0201,0.0199
8476904,,8476904,6,-0.00016763484745752066,1.707139927020762e-05,0,-0.0202,0.0198
8476904,,8476904,7,-0.00018167097005061805,1.707139927020762e-05,0,-0.0202,0.0198
8476904,,8476904,8,-0.00019195910135749727,1.707139927020762e-05,0,-0.0202,0.0198
8476904,,8476904,9,-0.00020001939265057445,1.707139927020762e-05,0,-0.0202,0.0198
8476904,,8476904,10,-0.00020837232295889407,1.707139927020762e-05,0,-0.0202,0.0198
8476904,,8476904,11,-0.0002111492067342624,1.707139927020762e-05,0,-0.0202,0.0198
8476904,,8476904,12,-0.0002134171809302643,1.707139927020762e-05,0,-0.0202,0.0198
8476904,,8476904,13,-0.00021519430447369814,1.707139927020762e-05,0,-0.0202,0.0198
8476904,,8476904,14,-0.00022069975966587663,1.707139927020762e-05,0,-0.0202,0.0198
8476904,,8476904,15,-0.00022430589888244867,1.707139927020762e-05,0,-0.0202,0.0198
8476904,,8476904,16,-0.000229347831918858,1.707139927020762e-05,0,-0.0202,0.0198
8476904,,8476904,17,-0.00022901354532223195,1.707139927020762e-05,0,-0.0202,0.0198
8476904,,8476904,18,-0.0002337084006285295,1.707139927020762e-05,0,-0.0202,0.0198
8476904,,8476904,19,-0.00023951372713781893,1.707139927020762e-05,0,-0.0202,0.0198
8476904,,8476904,20,-0.00024521525483578444,1.707139927020762e-05,0,-0.0202,0.0198
8476904,,8476904,21,-0.0002485905715730041,1.707139927020762e-05,0,-0.0202,0.0198
8476904,,8476904,22,-0.0002521844580769539,1.707139927020762e-05,0,-0.0203,0.0197
8476904,,8476904,23,-0.00025018633459694684,1.707139927020762e-05,0,-0.0203,0.0197
8476904,,8476904,24,-0.0002480140537954867,1.707139927020762e-05,0,-0.0202,0.0198
8476904,,8476904,25,-0.00024624468642286956,1.707139927020762e-05,0,-0.0202,0.0198
8476904,,8476904,26,-0.0002487072197254747,1.707139927020762e-05,0,-0.0202,0.0198
8476904,,8476904,27,-0.00025357812410220504,1.707139927020762e-05,0,-0.0203,0.0197
8476904,,8476904,28,-0.00025672256015241146,1.707139927020762e-05,0,-0.0203,0.0197
8476904,,8476904,29,-0.0002597045968286693,1.707139927020762e-05,0,-0.0203,0.0197
8476904,,8476904,30,-0.0002587289491202682,1.707139927020762e-05,0,-0.0203,0.0197
8476904,,8476904,31,-0.0002544933231547475,1.707139927020762e-05,0,-0.0203,0.0197
8476904,,8476904,32,-0.000255298480624333,1.707139927020762e-05,0,-0.0203,0.0197
8476904,,8476904,33,-0.0002556287217885256,1.707139927020762e-05,0,-0.0203,0.0197
8480420,,8480420,0,-0.0017466956051066518,-0.001697115832939744,0,-0.0217,0.0183
8480420,,8480420,1,-0.0017703589983284473,-0.001697115832939744,0,-0.0218,0.0182
8480420,,8480420,2,-0.0017940540565177798,-0.001697115832939744,0,-0.0218,0.0182
8480420,,8480420,3,-0.0018190813716500998,-0.001697115832939744,0,-0.0218,0.0182
8480420,,8480420,4,-0.0018408616306260228,-0.001697115832939744,0,-0.0218,0.0182
8480420,,8480420,5,-0.0018621130147948861,-0.001697115832939744,0,-0.0219,0.0181
8480420,,8480420,6,-0.0018820060649886727,-0.001697115832939744,0,-0.0219,0.0181
8480420,,8480420,7,-0.0018960622837767005,-0.001697115832939744,0,-0.0219,0.0181
8480420,,8480420,8,-0.0019063687650486827,-0.001697115832939744,0,-0.0219,0.0181
8480420,,8480420,9,-0.0019144478719681501,-0.001697115832939744,0,-0.0219,0.0181
8480420,,8480420,10,-0.0019228177843615413,-0.001697115832939744,0,-0.0219,0.0181
8480420,,8480420,11,-0.0019256119849160314,-0.001697115832939744,0,-0.0219,0.0181
8480420,,8480420,12,-0.001927895937114954,-0.001697115832939744,0,-0.0219,0.0181
8480420,,8480420,13,-0.001929688616655767,-0.001697115832939744,0,-0.0219,0.0181
8480420,,8480420,14,-0.001935208565555513,-0.001697115832939744,0,-0.0219,0.0181
8480420,,8480420,15,-0.0019388289656490088,-0.001697115832939744,0,-0.0219,0.0181
8480420,,8480420,16,-0.001943883951753378,-0.001697115832939744,0,-0.0219,0.0181
8480420,,8480420,17,-0.001943562412634492,-0.001697115832939744,0,-0.0219,0.0181
8480420,,8480420,18,-0.0019482693169265985,-0.001697115832939744,0,-0.0219,0.0181
8480420,,8480420,19,-0.001954085426405072,-0.001697115832939744,0,-0.022,0.018
8480420,,8480420,20,-0.001959797227755189,-0.001697115832939744,0,-0.022,0.018
8480420,,8480420,21,-0.0019631823524832726,-0.001697115832939744,0,-0.022,0.018
8480420,,8480420,22,-0.001966784941032529,-0.001697115832939744,0,-0.022,0.018
8480420,,8480420,23,-0.001964795170351863,-0.001697115832939744,0,-0.022,0.018
8480420,,8480420,24,-0.0019626300781965256,-0.001697115832939744,0,-0.022,0.018
8480420,,8480420,25,-0.0019608675502240658,-0.001697115832939744,0,-0.022,0.018
8480420,,8480420,26,-0.001963335322216153,-0.001697115832939744,0,-0.022,0.018
8480420,,8480420,27,-0.00196821172721684,-0.001697115832939744,0,-0.022,0.018
8480420,,8480420,28,-0.0019713600631803274,-0.001697115832939744,0,-0.022,0.018
8480420,,8480420,29,-0.0019743461161851883,-0.001697115832939744,0,-0.022,0.018
8480420,,8480420,30,-0.001973372884094715,-0.001697115832939744,0,-0.022,0.018
8480420,,8480420,31,-0.0019691395573318005,-0.001697115832939744,0,-0.022,0.018
8480420,,8480420,32,-0.0019699453841894865,-0.001697115832939744,0,-0.022,0.018
8480420,,8480420,33,-0.0019702762365341187,-0.001697115832939744,0,-0.022,0.018
Eric Comrie,WPG,8477480,0,-0.012784945778548717,-0.01189623586833477,0,-0.0328,0.0072
Eric Comrie,WPG,8477480,1,-0.01318155787885189,-0.01189623586833477,7,-0.0208,-0.0056
Eric Comrie,WPG,8477480,2,-0.013433911837637424,-0.01189623586833477,0,-0.0334,0.0066
Eric Comrie,WPG,8477480,3,-0.01368760410696268,-0.01189623586833477,0,-0.0337,0.0063
Eric Comrie,WPG,8477480,4,-0.01393804233521223,-0.01189623586833477,0,-0.0339,0.0061
Eric Comrie,WPG,8477480,5,-0.014187953434884548,-0.01189623586833477,11,-0.0202,-0.0082
Eric Comrie,WPG,8477480,6,-0.014470000751316547,-0.01189623586833477,3,-0.026,-0.003
Eric Comrie,WPG,8477480,7,-0.014668619260191917,-0.01189623586833477,2,-0.0288,-0.0006
Eric Comrie,WPG,8477480,8,-0.014875968918204308,-0.01189623586833477,0,-0.0349,0.0051
Eric Comrie,WPG,8477480,9,-0.015081086196005344,-0.01189623586833477,16,-0.0201,-0.0101
Eric Comrie,WPG,8477480,10,-0.01533639244735241,-0.01189623586833477,1,-0.0353,0.0047
Eric Comrie,WPG,8477480,11,-0.015590808354318142,-0.01189623586833477,12,-0.0214,-0.0098
Eric Comrie,WPG,8477480,12,-0.015897370874881744,-0.01189623586833477,11,-0.0219,-0.0099
Eric Comrie,WPG,8477480,13,-0.01590629480779171,-0.01189623586833477,0,-0.0359,0.0041
Eric Comrie,WPG,8477480,14,-0.015918945893645287,-0.01189623586833477,0,-0.0359,0.0041
Eric Comrie,WPG,8477480,15,-0.015929697081446648,-0.01189623586833477,1,-0.0359,0.0041
Eric Comrie,WPG,8477480,16,-0.01595466583967209,-0.01189623586833477,6,-0.0242,-0.0078
Eric Comrie,WPG,8477480,17,-0.01602034457027912,-0.01189623586833477,0,-0.036,0.004
Eric Comrie,WPG,8477480,18,-0.01609104312956333,-0.01189623586833477,10,-0.0224,-0.0098
Eric Comrie,WPG,8477480,19,-0.01615467295050621,-0.01189623586833477,1,-0.0362,0.0038
Eric Comrie,WPG,8477480,20,-0.016223546117544174,-0.01189623586833477,0,-0.0362,0.0038
Eric Comrie,WPG,8477480,21,-0.01629010960459709,-0.01189623586833477,0,-0.0363,0.0037
Eric Comrie,WPG,8477480,22,-0.01635686866939068,-0.01189623586833477,5,-0.0253,-0.0075
Eric Comrie,WPG,8477480,23,-0.01638946309685707,-0.01189623586833477,2,-0.0305,-0.0023
Eric Comrie,WPG,8477480,24,-0.016430124640464783,-0.01189623586833477,0,-0.0364,0.0036
Eric Comrie,WPG,8477480,25,-0.01647120527923107,-0.01189623586833477,0,-0.0365,0.0035
Eric Comrie,WPG,8477480,26,-0.016516510397195816,-0.01189623586833477,2,-0.0306,-0.0024
Eric Comrie,WPG,8477480,27,-0.016581229865550995,-0.01189623586833477,5,-0.0255,-0.0077
Eric Comrie,WPG,8477480,28,-0.01658439263701439,-0.01189623586833477,0,-0.0366,0.0034
Eric Comrie,WPG,8477480,29,-0.016587378457188606,-0.01189623586833477,0,-0.0366,0.0034
Eric Comrie,WPG,8477480,30,-0.016586415469646454,-0.01189623586833477,0,-0.0366,0.0034
Eric Comrie,WPG,8477480,31,-0.016582177951931953,-0.01189623586833477,0,-0.0366,0.0034
Eric Comrie,WPG,8477480,32,-0.016582997515797615,-0.01189623586833477,0,-0.0366,0.0034
Eric Comrie,WPG,8477480,33,-0.016583316028118134,-0.01189623586833477,0,-0.0366,0.0034
Jacob Markstrom,NJD,8474593,0,0.018716543912887573,0.01908552087843418,0,-0.0013,0.0387
Jacob Markstrom,NJD,8474593,1,0.018550924956798553,0.01908552087843418,4,0.0086,0.0286
Jacob Markstrom,NJD,8474593,2,0.018453381955623627,0.01908552087843418,0,-0.0015,0.0385
Jacob Markstrom,NJD,8474593,3,0.018354512751102448,0.01908552087843418,3,0.0069,0.0299
Jacob Markstrom,NJD,8474593,4,0.01821763627231121,0.01908552087843418,0,-0.0018,0.0382
Jacob Markstrom,NJD,8474593,5,0.018081292510032654,0.01908552087843418,0,-0.0019,0.0381
Jacob Markstrom,NJD,8474593,6,0.01794629730284214,0.01908552087843418,1,-0.0021,0.0379
Jacob Markstrom,NJD,8474593,7,0.017802119255065918,0.01908552087843418,2,0.0037,0.0319
Jacob Markstrom,NJD,8474593,8,0.01764337532222271,0.01908552087843418,2,0.0035,0.0317
Jacob Markstrom,NJD,8474593,9,0.01757456734776497,0.01908552087843418,1,-0.0024,0.0376
Jacob Markstrom,NJD,8474593,10,0.01749538816511631,0.01908552087843418,34,0.0141,0.0209
Jacob Markstrom,NJD,8474593,11,0.01729460619390011,0.01908552087843418,5,0.0084,0.0262
Jacob Markstrom,NJD,8474593,12,0.01723344437777996,0.01908552087843418,6,0.009,0.0254
Jacob Markstrom,NJD,8474593,13,0.017320958897471428,0.01908552087843418,1,-0.0027,0.0373
Jacob Markstrom,NJD,8474593,14,0.01740134134888649,0.01908552087843418,0,-0.0026,0.0374
Jacob Markstrom,NJD,8474593,15,0.017483623698353767,0.01908552087843418,7,0.0099,0.0251
Jacob Markstrom,NJD,8474593,16,0.017508026212453842,0.01908552087843418,1,-0.0025,0.0375
Jacob Markstrom,NJD,8474593,17,0.017533594742417336,0.01908552087843418,12,0.0117,0.0233
Jacob Markstrom,NJD,8474593,18,0.017627056688070297,0.01908552087843418,2,0.0035,0.0317
Jacob Markstrom,NJD,8474593,19,0.01780017279088497,0.01908552087843418,9,0.0111,0.0245
Jacob Markstrom,NJD,8474593,20,0.017890095710754395,0.01908552087843418,1,-0.0021,0.0379
Jacob Markstrom,NJD,8474593,21,0.01797722652554512,0.01908552087843418,6,0.0098,0.0262
Jacob Markstrom,NJD,8474593,22,0.017998097464442253,0.01908552087843418,0,-0.002,0.038
Jacob Markstrom,NJD,8474593,23,0.01802455075085163,0.01908552087843418,4,0.008,0.028
Jacob Markstrom,NJD,8474593,24,0.01801488921046257,0.01908552087843418,2,0.0039,0.0321
Jacob Markstrom,NJD,8474593,25,0.017996417358517647,0.01908552087843418,4,0.008,0.028
Jacob Markstrom,NJD,8474593,26,0.017937753349542618,0.01908552087843418,5,0.009,0.0268
Jacob Markstrom,NJD,8474593,27,0.01793290488421917,0.01908552087843418,0,-0.0021,0.0379
Jacob Markstrom,NJD,8474593,28,0.017929760739207268,0.01908552087843418,0,-0.0021,0.0379
Jacob Markstrom,NJD,8474593,29,0.01792679727077484,0.01908552087843418,0,-0.0021,0.0379
Jacob Markstrom,NJD,8474593,30,0.01792776957154274,0.01908552087843418,0,-0.0021,0.0379
Jacob Markstrom,NJD,8474593,31,0.017932023853063583,0.01908552087843418,0,-0.0021,0.0379
Jacob Markstrom,NJD,8474593,32,0.017931202426552773,0.01908552087843418,0,-0.0021,0.0379
Jacob Markstrom,NJD,8474593,33,0.01793089136481285,0.01908552087843418,0,-0.0021,0.0379
Joseph Woll,TOR,8479361,0,-0.005426417570561171,-0.005898274015635252,0,-0.0254,0.0146
Joseph Woll,TOR,8479361,1,-0.005218333099037409,-0.005898274015635252,0,-0.0252,0.0148
Joseph Woll,TOR,8479361,2,-0.005010279361158609,-0.005898274015635252,0,-0.025,0.015
Joseph Woll,TOR,8479361,3,-0.004803560208529234,-0.005898274015635252,0,-0.0248,0.0152
Joseph Woll,TOR,8479361,4,-0.004593591205775738,-0.005898274015635252,0,-0.0246,0.0154
Joseph Woll,TOR,8479361,5,-0.0043830969370901585,-0.005898274015635252,0,-0.0244,0.0156
Joseph Woll,TOR,8479361,6,-0.004171242471784353,-0.005898274015635252,0,-0.0242,0.0158
Joseph Woll,TOR,8479361,7,-0.003953552804887295,-0.005898274015635252,0,-0.024,0.016
Joseph Woll,TOR,8479361,8,-0.0037321140989661217,-0.005898274015635252,4,-0.0137,0.0063
Joseph Woll,TOR,8479361,9,-0.0035353743005543947,-0.005898274015635252,15,-0.0087,0.0017
Joseph Woll,TOR,8479361,10,-0.0033725157845765352,-0.005898274015635252,1,-0.0234,0.0166
Joseph Woll,TOR,8479361,11,-0.00321667711250484,-0.005898274015635252,1,-0.0232,0.0168
Joseph Woll,TOR,8479361,12,-0.0029729173984378576,-0.005898274015635252,0,-0.023,0.017
Joseph Woll,TOR,8479361,13,-0.0027286678086966276,-0.005898274015635252,3,-0.0142,0.0088
Joseph Woll,TOR,8479361,14,-0.0025017329026013613,-0.005898274015635252,11,-0.0085,0.0035
Joseph Woll,TOR,8479361,15,-0.0024228468537330627,-0.005898274015635252,14,-0.0077,0.0029
Joseph Woll,TOR,8479361,16,-0.0024668893311172724,-0.005898274015635252,31,-0.0061,0.0011
Joseph Woll,TOR,8479361,17,-0.002793351886793971,-0.005898274015635252,0,-0.0228,0.0172
Joseph Woll,TOR,8479361,18,-0.003124841023236513,-0.005898274015635252,18,-0.0078,0.0016
Joseph Woll,TOR,8479361,19,-0.0034379088319838047,-0.005898274015635252,5,-0.0123,0.0055
Joseph Woll,TOR,8479361,20,-0.0036929792258888483,-0.005898274015635252,0,-0.0237,0.0163
Joseph Woll,TOR,8479361,21,-0.003945722244679928,-0.005898274015635252,7,-0.0115,0.0037
Joseph Woll,TOR,8479361,22,-0.004055857192724943,-0.005898274015635252,18,-0.0088,0.0006
Joseph Woll,TOR,8479361,23,-0.004334505647420883,-0.005898274015635252,25,-0.0083,-0.0003
Joseph Woll,TOR,8479361,24,-0.0044434573501348495,-0.005898274015635252,12,-0.0102,0.0014
Joseph Woll,TOR,8479361,25,-0.0043755508959293365,-0.005898274015635252,1,-0.0244,0.0156
Joseph Woll,TOR,8479361,26,-0.004316209349781275,-0.005898274015635252,8,-0.0114,0.0028
Joseph Woll,TOR,8479361,27,-0.004321083426475525,-0.005898274015635252,0,-0.0243,0.0157
Joseph Woll,TOR,8479361,28,-0.004324228037148714,-0.005898274015635252,0,-0.0243,0.0157
Joseph Woll,TOR,8479361,29,-0.004327212460339069,-0.005898274015635252,0,-0.0243,0.0157
Joseph Woll,TOR,8479361,30,-0.004326238296926022,-0.005898274015635252,0,-0.0243,0.0157
Joseph Woll,TOR,8479361,31,-0.00432200264185667,-0.005898274015635252,0,-0.0243,0.0157
Joseph Woll,TOR,8479361,32,-0.004322808701545,-0.005898274015635252,0,-0.0243,0.0157
Joseph Woll,TOR,8479361,33,-0.004323137458413839,-0.005898274015635252,0,-0.0243,0.0157
Mackenzie Blackwood,COL,8478406,0,0.012580269947648048,0.012721812352538109,0,-0.0074,0.0326
Mackenzie Blackwood,COL,8478406,1,0.012515740469098091,0.012721812352538109,0,-0.0075,0.0325
Mackenzie Blackwood,COL,8478406,2,0.012451170943677425,0.012721812352538109,0,-0.0075,0.0325
Mackenzie Blackwood,COL,8478406,3,0.012385268695652485,0.012721812352538109,0,-0.0076,0.0324
Mackenzie Blackwood,COL,8478406,4,0.01232261210680008,0.012721812352538109,0,-0.0077,0.0323
Mackenzie Blackwood,COL,8478406,5,0.012260484509170055,0.012721812352538109,0,-0.0077,0.0323
Mackenzie Blackwood,COL,8478406,6,0.012199710123240948,0.012721812352538109,0,-0.0078,0.0322
Mackenzie Blackwood,COL,8478406,7,0.012144772335886955,0.012721812352538109,1,-0.0079,0.0321
Mackenzie Blackwood,COL,8478406,8,0.012183300219476223,0.012721812352538109,13,0.0067,0.0177
Mackenzie Blackwood,COL,8478406,9,0.012203136458992958,0.012721812352538109,0,-0.0078,0.0322
Mackenzie Blackwood,COL,8478406,10,0.012222683988511562,0.012721812352538109,18,0.0075,0.0169
Mackenzie Blackwood,COL,8478406,11,0.0121940728276968,0.012721812352538109,9,0.0055,0.0189
Mackenzie Blackwood,COL,8478406,12,0.012064297683537006,0.012721812352538109,4,0.0021,0.0221
Mackenzie Blackwood,COL,8478406,13,0.011896881274878979,0.012721812352538109,2,-0.0022,0.026
Mackenzie Blackwood,COL,8478406,14,0.011708872392773628,0.012721812352538109,0,-0.0083,0.0317
Mackenzie Blackwood,COL,8478406,15,0.011522763408720493,0.012721812352538109,10,0.0052,0.0178
Mackenzie Blackwood,COL,8478406,16,0.011364907026290894,0.012721812352538109,0,-0.0086,0.0314
Mackenzie Blackwood,COL,8478406,17,0.011212428100407124,0.012721812352538109,3,-0.0003,0.0227
Mackenzie Blackwood,COL,8478406,18,0.011130325496196747,0.012721812352538109,8,0.004,0.0182
Mackenzie Blackwood,COL,8478406,19,0.011077389121055603,0.012721812352538109,0,-0.0089,0.0311
Mackenzie Blackwood,COL,8478406,20,0.01102454774081707,0.012721812352538109,10,0.0047,0.0173
Mackenzie Blackwood,COL,8478406,21,0.010897526517510414,0.012721812352538109,26,0.007,0.0148
Mackenzie Blackwood,COL,8478406,22,0.01084434986114502,0.012721812352538109,10,0.0045,0.0171
Mackenzie Blackwood,COL,8478406,23,0.010903402231633663,0.012721812352538109,9,0.0042,0.0176
Mackenzie Blackwood,COL,8478406,24,0.010981195606291294,0.012721812352538109,2,-0.0031,0.0251
Mackenzie Blackwood,COL,8478406,25,0.011042395606637001,0.012721812352538109,11,0.005,0.017
Mackenzie Blackwood,COL,8478406,26,0.011084713973104954,0.012721812352538109,14,0.0058,0.0164
Mackenzie Blackwood,COL,8478406,27,0.011190575547516346,0.012721812352538109,5,0.0023,0.0201
Mackenzie Blackwood,COL,8478406,28,0.01124915573745966,0.012721812352538109,0,-0.0088,0.0312
Mackenzie Blackwood,COL,8478406,29,0.011307899840176105,0.012721812352538109,0,-0.0087,0.0313
Mackenzie Blackwood,COL,8478406,30,0.011370598338544369,0.012721812352538109,0,-0.0086,0.0314
Mackenzie Blackwood,COL,8478406,31,0.011436558328568935,0.012721812352538109,7,0.0038,0.019
Mackenzie Blackwood,COL,8478406,32,0.011435753665864468,0.012721812352538109,0,-0.0086,0.0314
Mackenzie Blackwood,COL,8478406,33,0.011435423977673054,0.012721812352538109,0,-0.0086,0.0314
Akira Schmid,VGK,8481033,0,-0.008426950313150883,-0.007420701440423727,0,-0.0284,0.0116
Akira Schmid,VGK,8481033,1,-0.008875802159309387,-0.007420701440423727,0,-0.0289,0.0111
Akira Schmid,VGK,8481033,2,-0.009324682876467705,-0.007420701440423727,8,-0.0164,-0.0022
Akira Schmid,VGK,8481033,3,-0.009858076460659504,-0.007420701440423727,1,-0.0299,0.0101
Akira Schmid,VGK,8481033,4,-0.010393423028290272,-0.007420701440423727,4,-0.0204,-0.0004
Akira Schmid,VGK,8481033,5,-0.01085280254483223,-0.007420701440423727,6,-0.0191,-0.0027
Akira Schmid,VGK,8481033,6,-0.011374866589903831,-0.007420701440423727,2,-0.0255,0.0027
Akira Schmid,VGK,8481033,7,-0.011907507665455341,-0.007420701440423727,6,-0.0201,-0.0037
Akira Schmid,VGK,8481033,8,-0.012485863640904427,-0.007420701440423727,11,-0.0185,-0.0065
Akira Schmid,VGK,8481033,9,-0.012941373512148857,-0.007420701440423727,7,-0.0205,-0.0053
Akira Schmid,VGK,8481033,10,-0.013379727490246296,-0.007420701440423727,4,-0.0234,-0.0034
Akira Schmid,VGK,8481033,11,-0.013644469901919365,-0.007420701440423727,1,-0.0336,0.0064
Akira Schmid,VGK,8481033,12,-0.013925127685070038,-0.007420701440423727,1,-0.0339,0.0061
Akira Schmid,VGK,8481033,13,-0.01421287190169096,-0.007420701440423727,2,-0.0283,-0.0001
Akira Schmid,VGK,8481033,14,-0.014424622990190983,-0.007420701440423727,0,-0.0344,0.0056
Akira Schmid,VGK,8481033,15,-0.014634478837251663,-0.007420701440423727,9,-0.0213,-0.0079
Akira Schmid,VGK,8481033,16,-0.01473168097436428,-0.007420701440423727,13,-0.0202,-0.0092
Akira Schmid,VGK,8481033,17,-0.014878831803798676,-0.007420701440423727,8,-0.022,-0.0078
Akira Schmid,VGK,8481033,18,-0.014998666942119598,-0.007420701440423727,1,-0.035,0.005
Akira Schmid,VGK,8481033,19,-0.015122789889574051,-0.007420701440423727,6,-0.0233,-0.0069
Akira Schmid,VGK,8481033,20,-0.015197318978607655,-0.007420701440423727,2,-0.0293,-0.0011
Akira Schmid,VGK,8481033,21,-0.015286356210708618,-0.007420701440423727,0,-0.0353,0.0047
Akira Schmid,VGK,8481033,22,-0.015375605784356594,-0.007420701440423727,0,-0.0354,0.0046
Akira Schmid,VGK,8481033,23,-0.015459267422556877,-0.007420701440423727,1,-0.0355,0.0045
Akira Schmid,VGK,8481033,24,-0.015457105822861195,-0.007420701440423727,0,-0.0355,0.0045
Akira Schmid,VGK,8481033,25,-0.01545534748584032,-0.007420701440423727,0,-0.0355,0.0045
Akira Schmid,VGK,8481033,26,-0.0154578173533082,-0.007420701440423727,0,-0.0355,0.0045
Akira Schmid,VGK,8481033,27,-0.015462701208889484,-0.007420701440423727,0,-0.0355,0.0045
Akira Schmid,VGK,8481033,28,-0.01546585001051426,-0.007420701440423727,0,-0.0355,0.0045
Akira Schmid,VGK,8481033,29,-0.015468837693333626,-0.007420701440423727,0,-0.0355,0.0045
Akira Schmid,VGK,8481033,30,-0.015467865392565727,-0.007420701440423727,0,-0.0355,0.0045
Akira Schmid,VGK,8481033,31,-0.015463635325431824,-0.007420701440423727,0,-0.0355,0.0045
Akira Schmid,VGK,8481033,32,-0.015464439988136292,-0.007420701440423727,0,-0.0355,0.0045
Akira Schmid,VGK,8481033,33,-0.015464776195585728,-0.007420701440423727,0,-0.0355,0.0045
Georgi Romanov,STL,8484312,0,0.0008418420911766589,0.0010256805690005422,0,-0.0192,0.0208
Georgi Romanov,STL,8484312,1,0.0007585078710690141,0.0010256805690005422,5,-0.0081,0.0097
Georgi Romanov,STL,8484312,2,0.0007348493672907352,0.0010256805690005422,0,-0.0193,0.0207
Georgi Romanov,STL,8484312,3,0.0007098574424162507,0.0010256805690005422,0,-0.0193,0.0207
Georgi Romanov,STL,8484312,4,0.0006881123408675194,0.0010256805690005422,0,-0.0193,0.0207
Georgi Romanov,STL,8484312,5,0.0006668947171419859,0.0010256805690005422,0,-0.0193,0.0207
Georgi Romanov,STL,8484312,6,0.0006470337975770235,0.0010256805690005422,0,-0.0194,0.0206
Georgi Romanov,STL,8484312,7,0.0006330098258331418,0.0010256805690005422,0,-0.0194,0.0206
Georgi Romanov,STL,8484312,8,0.0006227332050912082,0.0010256805690005422,0,-0.0194,0.0206
Georgi Romanov,STL,8484312,9,0.0006146841333247721,0.0010256805690005422,0,-0.0194,0.0206
Georgi Romanov,STL,8484312,10,0.0006063421606086195,0.0010256805690005422,0,-0.0194,0.0206
Georgi Romanov,STL,8484312,11,0.0006035753758624196,0.0010256805690005422,0,-0.0194,0.0206
Georgi Romanov,STL,8484312,12,0.0006013175589032471,0.0010256805690005422,0,-0.0194,0.0206
Georgi Romanov,STL,8484312,13,0.0005995497922413051,0.0010256805690005422,0,-0.0194,0.0206
Georgi Romanov,STL,8484312,14,0.0005940534174442291,0.0010256805690005422,0,-0.0194,0.0206
Georgi Romanov,STL,8484312,15,0.0005904559511691332,0.0010256805690005422,0,-0.0194,0.0206
Georgi Romanov,STL,8484312,16,0.0005854219198226929,0.0010256805690005422,0,-0.0194,0.0206
Georgi Romanov,STL,8484312,17,0.0005857642972841859,0.0010256805690005422,0,-0.0194,0.0206
Georgi Romanov,STL,8484312,18,0.0005810764851048589,0.0010256805690005422,0,-0.0194,0.0206
Georgi Romanov,STL,8484312,19,0.0005752780707553029,0.0010256805690005422,0,-0.0194,0.0206
Georgi Romanov,STL,8484312,20,0.0005695829167962074,0.0010256805690005422,0,-0.0194,0.0206
Georgi Romanov,STL,8484312,21,0.0005662135081365705,0.0010256805690005422,0,-0.0194,0.0206
Georgi Romanov,STL,8484312,22,0.0005626249476335943,0.0010256805690005422,0,-0.0194,0.0206
Georgi Romanov,STL,8484312,23,0.0005646280478686094,0.0010256805690005422,0,-0.0194,0.0206
Georgi Romanov,STL,8484312,24,0.0005668049561791122,0.0010256805690005422,0,-0.0194,0.0206
Georgi Romanov,STL,8484312,25,0.0005685783107765019,0.0010256805690005422,0,-0.0194,0.0206
Georgi Romanov,STL,8484312,26,0.0005661193281412125,0.0010256805690005422,0,-0.0194,0.0206
Georgi Romanov,STL,8484312,27,0.0005612515960820019,0.0010256805690005422,0,-0.0194,0.0206
Georgi Romanov,STL,8484312,28,0.0005581097211688757,0.0010256805690005422,0,-0.0194,0.0206
Georgi Romanov,STL,8484312,29,0.0005551297799684107,0.0010256805690005422,0,-0.0194,0.0206
Georgi Romanov,STL,8484312,30,0.0005561072612181306,0.0010256805690005422,0,-0.0194,0.0206
Georgi Romanov,STL,8484312,31,0.0005603439640253782,0.0010256805690005422,0,-0.0194,0.0206
Georgi Romanov,STL,8484312,32,0.0005595394177362323,0.0010256805690005422,0,-0.0194,0.0206
Georgi Romanov,STL,8484312,33,0.0005592095549218357,0.0010256805690005422,0,-0.0194,0.0206
Dustin Wolf,CGY,8481692,0,0.021937871351838112,0.02028055675327778,0,0.0019,0.0419
Dustin Wolf,CGY,8481692,1,0.022672832012176514,0.02028055675327778,0,0.0027,0.0427
Dustin Wolf,CGY,8481692,2,0.02340775541961193,0.02028055675327778,5,0.0145,0.0323
Dustin Wolf,CGY,8481692,3,0.024099290370941162,0.02028055675327778,12,0.0183,0.0299
Dustin Wolf,CGY,8481692,4,0.024778591468930244,0.02028055675327778,7,0.0172,0.0324
Dustin Wolf,CGY,8481692,5,0.025406941771507263,0.02028055675327778,30,0.0217,0.0291
Dustin Wolf,CGY,8481692,6,0.025947272777557373,0.02028055675327778,2,0.0118,0.04
Dustin Wolf,CGY,8481692,7,0.0264701209962368,0.02028055675327778,23,0.0223,0.0307
Dustin Wolf,CGY,8481692,8,0.02691541612148285,0.02028055675327778,11,0.0209,0.0329
Dustin Wolf,CGY,8481692,9,0.027359647676348686,0.02028055675327778,2,0.0133,0.0415
Dustin Wolf,CGY,8481692,10,0.027782674878835678,0.02028055675327778,0,0.0078,0.0478
Dustin Wolf,CGY,8481692,11,0.028211280703544617,0.02028055675327778,15,0.023,0.0334
Dustin Wolf,CGY,8481692,12,0.028510773554444313,0.02028055675327778,18,0.0238,0.0332
Dustin Wolf,CGY,8481692,13,0.02885182946920395,0.02028055675327778,3,0.0174,0.0404
Dustin Wolf,CGY,8481692,14,0.029261082410812378,0.02028055675327778,11,0.0233,0.0353
Dustin Wolf,CGY,8481692,15,0.02967223897576332,0.02028055675327778,14,0.0244,0.035
Dustin Wolf,CGY,8481692,16,0.029963819310069084,0.02028055675327778,5,0.0211,0.0389
Dustin Wolf,CGY,8481692,17,0.030212530866265297,0.02028055675327778,15,0.025,0.0354
Dustin Wolf,CGY,8481692,18,0.030434152111411095,0.02028055675327778,2,0.0163,0.0445
Dustin Wolf,CGY,8481692,19,0.030640259385108948,0.02028055675327778,10,0.0243,0.0369
Dustin Wolf,CGY,8481692,20,0.030840475112199783,0.02028055675327778,0,0.0108,0.0508
Dustin Wolf,CGY,8481692,21,0.031043022871017456,0.02028055675327778,1,0.011,0.051
Dustin Wolf,CGY,8481692,22,0.031230740249156952,0.02028055675327778,0,0.0112,0.0512
Dustin Wolf,CGY,8481692,23,0.031424060463905334,0.02028055675327778,8,0.0243,0.0385
Dustin Wolf,CGY,8481692,24,0.03157506883144379,0.02028055675327778,11,0.0256,0.0376
Dustin Wolf,CGY,8481692,25,0.031732603907585144,0.02028055675327778,0,0.0117,0.0517
Dustin Wolf,CGY,8481692,26,0.031885888427495956,0.02028055675327778,12,0.0261,0.0377
Dustin Wolf,CGY,8481692,27,0.03194517642259598,0.02028055675327778,10,0.0256,0.0382
Dustin Wolf,CGY,8481692,28,0.03194204345345497,0.02028055675327778,0,0.0119,0.0519
Dustin Wolf,CGY,8481692,29,0.0319390632212162,0.02028055675327778,0,0.0119,0.0519
Dustin Wolf,CGY,8481692,30,0.03194005414843559,0.02028055675327778,0,0.0119,0.0519
Dustin Wolf,CGY,8481692,31,0.03194427862763405,0.02028055675327778,0,0.0119,0.0519
Dustin Wolf,CGY,8481692,32,0.031943485140800476,0.02028055675327778,0,0.0119,0.0519
Dustin Wolf,CGY,8481692,33,0.03194315731525421,0.02028055675327778,0,0.0119,0.0519
Philipp Grubauer,SEA,8475831,0,-0.0004427384992595762,-0.00034877104917541146,0,-0.0204,0.0196
Philipp Grubauer,SEA,8475831,1,-0.00048612937098369,-0.00034877104917541146,0,-0.0205,0.0195
Philipp Grubauer,SEA,8475831,2,-0.0005295546725392342,-0.00034877104917541146,2,-0.0146,0.0136
Philipp Grubauer,SEA,8475831,3,-0.0005880377138964832,-0.00034877104917541146,0,-0.0206,0.0194
Philipp Grubauer,SEA,8475831,4,-0.00064327591098845,-0.00034877104917541146,0,-0.0206,0.0194
Philipp Grubauer,SEA,8475831,5,-0.0006979854078963399,-0.00034877104917541146,0,-0.0207,0.0193
Philipp Grubauer,SEA,8475831,6,-0.0007513391901738942,-0.00034877104917541146,0,-0.0208,0.0192
Philipp Grubauer,SEA,8475831,7,-0.0007988557917997241,-0.00034877104917541146,0,-0.0208,0.0192
Philipp Grubauer,SEA,8475831,8,-0.0008426251006312668,-0.00034877104917541146,15,-0.006,0.0044
Philipp Grubauer,SEA,8475831,9,-0.0009088877704925835,-0.00034877104917541146,0,-0.0209,0.0191
Philipp Grubauer,SEA,8475831,10,-0.0009754439233802259,-0.00034877104917541146,0,-0.021,0.019
Philipp Grubauer,SEA,8475831,11,-0.0010364241898059845,-0.00034877104917541146,0,-0.021,0.019
Philipp Grubauer,SEA,8475831,12,-0.001096896710805595,-0.00034877104917541146,12,-0.0069,0.0047
Philipp Grubauer,SEA,8475831,13,-0.0012619831832125783,-0.00034877104917541146,12,-0.0071,0.0045
Philipp Grubauer,SEA,8475831,14,-0.0014432481257244945,-0.00034877104917541146,12,-0.0072,0.0044
Philipp Grubauer,SEA,8475831,15,-0.0017278423765674233,-0.00034877104917541146,2,-0.0158,0.0124
Philipp Grubauer,SEA,8475831,16,-0.0019292701035737991,-0.00034877104917541146,1,-0.0219,0.0181
Philipp Grubauer,SEA,8475831,17,-0.002129805041477084,-0.00034877104917541146,1,-0.0221,0.0179
Philipp Grubauer,SEA,8475831,18,-0.0022502329666167498,-0.00034877104917541146,16,-0.0073,0.0027
Philipp Grubauer,SEA,8475831,19,-0.002312289085239172,-0.00034877104917541146,7,-0.0099,0.0053
Philipp Grubauer,SEA,8475831,20,-0.002346706110984087,-0.00034877104917541146,0,-0.0223,0.0177
Philipp Grubauer,SEA,8475831,21,-0.0023787985555827618,-0.00034877104917541146,1,-0.0224,0.0176
Philipp Grubauer,SEA,8475831,22,-0.002414949703961611,-0.00034877104917541146,3,-0.0139,0.0091
Philipp Grubauer,SEA,8475831,23,-0.0024740605149418116,-0.00034877104917541146,6,-0.0107,0.0057
Philipp Grubauer,SEA,8475831,24,-0.0024859528057277203,-0.00034877104917541146,1,-0.0225,0.0175
Philipp Grubauer,SEA,8475831,25,-0.002501229289919138,-0.00034877104917541146,10,-0.0088,0.0038
Philipp Grubauer,SEA,8475831,26,-0.0025036861188709736,-0.00034877104917541146,0,-0.0225,0.0175
Philipp Grubauer,SEA,8475831,27,-0.002508553210645914,-0.00034877104917541146,0,-0.0225,0.0175
Philipp Grubauer,SEA,8475831,28,-0.0025116936303675175,-0.00034877104917541146,0,-0.0225,0.0175
Philipp Grubauer,SEA,8475831,29,-0.0025146726984530687,-0.00034877104917541146,0,-0.0225,0.0175
Philipp Grubauer,SEA,8475831,30,-0.002513694576919079,-0.00034877104917541146,0,-0.0225,0.0175
Philipp Grubauer,SEA,8475831,31,-0.002509457292035222,-0.00034877104917541146,0,-0.0225,0.0175
Philipp Grubauer,SEA,8475831,32,-0.0025102614890784025,-0.00034877104917541146,0,-0.0225,0.0175
Philipp Grubauer,SEA,8475831,33,-0.0025105909444391727,-0.00034877104917541146,0,-0.0225,0.0175
Devon Levi,BUF,8482221,0,0.0024658513721078634,0.0024231476709246635,0,-0.0175,0.0225
Devon Levi,BUF,8482221,1,0.0024832021445035934,0.0024231476709246635,4,-0.0075,0.0125
Devon Levi,BUF,8482221,2,0.0024595572613179684,0.0024231476709246635,0,-0.0175,0.0225
Devon Levi,BUF,8482221,3,0.0024345791898667812,0.0024231476709246635,0,-0.0176,0.0224
Devon Levi,BUF,8482221,4,0.002412846777588129,0.0024231476709246635,0,-0.0176,0.0224
Devon Levi,BUF,8482221,5,0.002391641726717353,0.0024231476709246635,0,-0.0176,0.0224
Devon Levi,BUF,8482221,6,0.0023717936128377914,0.0024231476709246635,0,-0.0176,0.0224
Devon Levi,BUF,8482221,7,0.0023577813990414143,0.0024231476709246635,0,-0.0176,0.0224
Devon Levi,BUF,8482221,8,0.0023475156631320715,0.0024231476709246635,0,-0.0177,0.0223
Devon Levi,BUF,8482221,9,0.0023394781164824963,0.0024231476709246635,0,-0.0177,0.0223
Devon Levi,BUF,8482221,10,0.0023311458062380552,0.0024231476709246635,0,-0.0177,0.0223
Devon Levi,BUF,8482221,11,0.0023283902555704117,0.0024231476709246635,0,-0.0177,0.0223
Devon Levi,BUF,8482221,12,0.0023261411115527153,0.0024231476709246635,0,-0.0177,0.0223
Devon Levi,BUF,8482221,13,0.002324383705854416,0.0024231476709246635,0,-0.0177,0.0223
Devon Levi,BUF,8482221,14,0.0023188956547528505,0.0024231476709246635,0,-0.0177,0.0223
Devon Levi,BUF,8482221,15,0.0023153063375502825,0.0024231476709246635,0,-0.0177,0.0223
Devon Levi,BUF,8482221,16,0.0023102813865989447,0.0024231476709246635,0,-0.0177,0.0223
Devon Levi,BUF,8482221,17,0.002310630865395069,0.0024231476709246635,0,-0.0177,0.0223
Devon Levi,BUF,8482221,18,0.002305950503796339,0.0024231476709246635,0,-0.0177,0.0223
Devon Levi,BUF,8482221,19,0.002300158143043518,0.0024231476709246635,0,-0.0177,0.0223
Devon Levi,BUF,8482221,20,0.0022944696247577667,0.0024231476709246635,0,-0.0177,0.0223
Devon Levi,BUF,8482221,21,0.0022911056876182556,0.0024231476709246635,0,-0.0177,0.0223
Devon Levi,BUF,8482221,22,0.00228752288967371,0.0024231476709246635,0,-0.0177,0.0223
Devon Levi,BUF,8482221,23,0.002289530821144581,0.0024231476709246635,0,-0.0177,0.0223
Devon Levi,BUF,8482221,24,0.0022917119786143303,0.0024231476709246635,0,-0.0177,0.0223
Devon Levi,BUF,8482221,25,0.002293489407747984,0.0024231476709246635,0,-0.0177,0.0223
Devon Levi,BUF,8482221,26,0.002291034208610654,0.0024231476709246635,0,-0.0177,0.0223
Devon Levi,BUF,8482221,27,0.0022861692123115063,0.0024231476709246635,0,-0.0177,0.0223
Devon Levi,BUF,8482221,28,0.002283030189573765,0.0024231476709246635,0,-0.0177,0.0223
Devon Levi,BUF,8482221,29,0.002280052052810788,0.0024231476709246635,0,-0.0177,0.0223
Devon Levi,BUF,8482221,30,0.00228103157132864,0.0024231476709246635,0,-0.0177,0.0223
Devon Levi,BUF,8482221,31,0.0022852688562124968,0.0024231476709246635,0,-0.0177,0.0223
Devon Levi,BUF,8482221,32,0.002284465590491891,0.0024231476709246635,0,-0.0177,0.0223
Devon Levi,BUF,8482221,33,0.002284135203808546,0.0024231476709246635,0,-0.0177,0.0223
Cayden Primeau,CAR,8480051,0,-0.004346894565969706,-0.004482734482735395,0,-0.0243,0.0157
Cayden Primeau,CAR,8480051,1,-0.0042881472036242485,-0.004482734482735395,15,-0.0095,0.0009
Cayden Primeau,CAR,8480051,2,-0.004285536706447601,-0.004482734482735395,0,-0.0243,0.0157
Cayden Primeau,CAR,8480051,3,-0.004284256603568792,-0.004482734482735395,0,-0.0243,0.0157
Cayden Primeau,CAR,8480051,4,-0.004279728978872299,-0.004482734482735395,5,-0.0132,0.0046
Cayden Primeau,CAR,8480051,5,-0.004311933182179928,-0.004482734482735395,10,-0.0106,0.002
Cayden Primeau,CAR,8480051,6,-0.004331846721470356,-0.004482734482735395,0,-0.0243,0.0157
Cayden Primeau,CAR,8480051,7,-0.004345921333879232,-0.004482734482735395,0,-0.0243,0.0157
Cayden Primeau,CAR,8480051,8,-0.004356246441602707,-0.004482734482735395,0,-0.0244,0.0156
Cayden Primeau,CAR,8480051,9,-0.004364341963082552,-0.004482734482735395,0,-0.0244,0.0156
Cayden Primeau,CAR,8480051,10,-0.004372730851173401,-0.004482734482735395,0,-0.0244,0.0156
Cayden Primeau,CAR,8480051,11,-0.004375539720058441,-0.004482734482735395,0,-0.0244,0.0156
Cayden Primeau,CAR,8480051,12,-0.004377840086817741,-0.004482734482735395,0,-0.0244,0.0156
Cayden Primeau,CAR,8480051,13,-0.004379648715257645,-0.004482734482735395,0,-0.0244,0.0156
Cayden Primeau,CAR,8480051,14,-0.0043851821683347225,-0.004482734482735395,0,-0.0244,0.0156
Cayden Primeau,CAR,8480051,15,-0.004388815723359585,-0.004482734482735395,0,-0.0244,0.0156
Cayden Primeau,CAR,8480051,16,-0.004393883980810642,-0.004482734482735395,0,-0.0244,0.0156
Cayden Primeau,CAR,8480051,17,-0.00439357478171587,-0.004482734482735395,0,-0.0244,0.0156
Cayden Primeau,CAR,8480051,18,-0.004398292396217585,-0.004482734482735395,0,-0.0244,0.0156
Cayden Primeau,CAR,8480051,19,-0.004404120147228241,-0.004482734482735395,0,-0.0244,0.0156
Cayden Primeau,CAR,8480051,20,-0.004409842658787966,-0.004482734482735395,0,-0.0244,0.0156
Cayden Primeau,CAR,8480051,21,-0.004413236398249865,-0.004482734482735395,0,-0.0244,0.0156
Cayden Primeau,CAR,8480051,22,-0.004416847601532936,-0.004482734482735395,0,-0.0244,0.0156
Cayden Primeau,CAR,8480051,23,-0.004414865747094154,-0.004482734482735395,0,-0.0244,0.0156
Cayden Primeau,CAR,8480051,24,-0.004412706941366196,-0.004482734482735395,0,-0.0244,0.0156
Cayden Primeau,CAR,8480051,25,-0.004410950932651758,-0.004482734482735395,0,-0.0244,0.0156
Cayden Primeau,CAR,8480051,26,-0.004413424991071224,-0.004482734482735395,0,-0.0244,0.0156
Cayden Primeau,CAR,8480051,27,-0.004418306518346071,-0.004482734482735395,0,-0.0244,0.0156
Cayden Primeau,CAR,8480051,28,-0.004421459510922432,-0.004482734482735395,0,-0.0244,0.0156
Cayden Primeau,CAR,8480051,29,-0.004424448125064373,-0.004482734482735395,0,-0.0244,0.0156
Cayden Primeau,CAR,8480051,30,-0.004423478618264198,-0.004482734482735395,0,-0.0244,0.0156
Cayden Primeau,CAR,8480051,31,-0.004419245757162571,-0.004482734482735395,0,-0.0244,0.0156
Cayden Primeau,CAR,8480051,32,-0.00442005367949605,-0.004482734482735395,0,-0.0244,0.0156
Cayden Primeau,CAR,8480051,33,-0.0044203829020261765,-0.004482734482735395,0,-0.0244,0.0156
8480199,,8480199,0,2.564728492870927e-05,7.517256744904444e-05,0,-0.02,0.02
8480199,,8480199,1,2.0081279217265546e-06,7.517256744904444e-05,0,-0.02,0.02
8480199,,8480199,2,-2.1664032828994095e-05,7.517256744904444e-05,0,-0.02,0.02
8480199,,8480199,3,-4.666888708015904e-05,7.517256744904444e-05,0,-0.02,0.02
8480199,,8480199,4,-6.842688890174031e-05,7.517256744904444e-05,0,-0.0201,0.0199
8480199,,8480199,5,-8.965691813500598e-05,7.517256744904444e-05,0,-0.0201,0.0199
8480199,,8480199,6,-0.00010952967568300664,7.517256744904444e-05,0,-0.0201,0.0199
8480199,,8480199,7,-0.00012356544903013855,7.517256744904444e-05,0,-0.0201,0.0199
8480199,,8480199,8,-0.0001338531292276457,7.517256744904444e-05,0,-0.0201,0.0199
8480199,,8480199,9,-0.00014191307127475739,7.517256744904444e-05,0,-0.0201,0.0199
8480199,,8480199,10,-0.00015026560868136585,7.517256744904444e-05,0,-0.0202,0.0198
8480199,,8480199,11,-0.00015304211410693824,7.517256744904444e-05,0,-0.0202,0.0198
8480199,,8480199,12,-0.0001553097681608051,7.517256744904444e-05,0,-0.0202,0.0198
8480199,,8480199,13,-0.0001570865570101887,7.517256744904444e-05,0,-0.0202,0.0198
8480199,,8480199,14,-0.00016259169206023216,7.517256744904444e-05,0,-0.0202,0.0198
8480199,,8480199,15,-0.00016619754023849964,7.517256744904444e-05,0,-0.0202,0.0198
8480199,,8480199,16,-0.00017123919678851962,7.517256744904444e-05,0,-0.0202,0.0198
8480199,,8480199,17,-0.00017090464825741947,7.517256744904444e-05,0,-0.0202,0.0198
8480199,,8480199,18,-0.00017559925618115813,7.517256744904444e-05,0,-0.0202,0.0198
8480199,,8480199,19,-0.00018140432075597346,7.517256744904444e-05,0,-0.0202,0.0198
8480199,,8480199,20,-0.0001871056156232953,7.517256744904444e-05,0,-0.0202,0.0198
8480199,,8480199,21,-0.00019048075773753226,7.517256744904444e-05,0,-0.0202,0.0198
8480199,,8480199,22,-0.00019407444051466882,7.517256744904444e-05,0,-0.0202,0.0198
8480199,,8480199,23,-0.00019207614241167903,7.517256744904444e-05,0,-0.0202,0.0198
8480199,,8480199,24,-0.00018990370153915137,7.517256744904444e-05,0,-0.0202,0.0198
8480199,,8480199,25,-0.0001881342031992972,7.517256744904444e-05,0,-0.0202,0.0198
8480199,,8480199,26,-0.00019059659098275006,7.517256744904444e-05,0,-0.0202,0.0198
8480199,,8480199,27,-0.00019546743715181947,7.517256744904444e-05,0,-0.0202,0.0198
8480199,,8480199,28,-0.0001986117276828736,7.517256744904444e-05,0,-0.0202,0.0198
8480199,,8480199,29,-0.000201593735255301,7.517256744904444e-05,0,-0.0202,0.0198
8480199,,8480199,30,-0.0002006179711315781,7.517256744904444e-05,0,-0.0202,0.0198
8480199,,8480199,31,-0.00019638235971797258,7.517256744904444e-05,0,-0.0202,0.0198
8480199,,8480199,32,-0.00019718744442798197,7.517256744904444e-05,0,-0.0202,0.0198
8480199,,8480199,33,-0.00019751774379983544,7.517256744904444e-05,0,-0.0202,0.0198
Calvin Pickard,EDM,8475717,0,-0.0018946294439956546,-0.0020592757500708103,0,-0.0219,0.0181
Calvin Pickard,EDM,8475717,1,-0.0018230818677693605,-0.0020592757500708103,9,-0.0085,0.0049
Calvin Pickard,EDM,8475717,2,-0.0018110255477949977,-0.0020592757500708103,4,-0.0118,0.0082
Calvin Pickard,EDM,8475717,3,-0.0017471701139584184,-0.0020592757500708103,3,-0.0132,0.0098
Calvin Pickard,EDM,8475717,4,-0.00171030277851969,-0.0020592757500708103,2,-0.0158,0.0124
Calvin Pickard,EDM,8475717,5,-0.0016039309557527304,-0.0020592757500708103,7,-0.0092,0.006
Calvin Pickard,EDM,8475717,6,-0.0015802372945472598,-0.0020592757500708103,0,-0.0216,0.0184
Calvin Pickard,EDM,8475717,7,-0.0015507079660892487,-0.0020592757500708103,11,-0.0076,0.0044
Calvin Pickard,EDM,8475717,8,-0.0016329758800566196,-0.0020592757500708103,1,-0.0216,0.0184
Calvin Pickard,EDM,8475717,9,-0.0017271304968744516,-0.0020592757500708103,1,-0.0217,0.0183
Calvin Pickard,EDM,8475717,10,-0.0018256672192364931,-0.0020592757500708103,8,-0.0089,0.0053
Calvin Pickard,EDM,8475717,11,-0.0018021713476628065,-0.0020592757500708103,6,-0.01,0.0064
Calvin Pickard,EDM,8475717,12,-0.0017258822917938232,-0.0020592757500708103,1,-0.0217,0.0183
Calvin Pickard,EDM,8475717,13,-0.0016528796404600143,-0.0020592757500708103,1,-0.0217,0.0183
Calvin Pickard,EDM,8475717,14,-0.0015978137962520123,-0.0020592757500708103,0,-0.0216,0.0184
Calvin Pickard,EDM,8475717,15,-0.0015408480539917946,-0.0020592757500708103,6,-0.0097,0.0067
Calvin Pickard,EDM,8475717,16,-0.0015458919806405902,-0.0020592757500708103,0,-0.0215,0.0185
Calvin Pickard,EDM,8475717,17,-0.0015455586835741997,-0.0020592757500708103,0,-0.0215,0.0185
Calvin Pickard,EDM,8475717,18,-0.0015502552269026637,-0.0020592757500708103,0,-0.0216,0.0184
Calvin Pickard,EDM,8475717,19,-0.0015560612082481384,-0.0020592757500708103,0,-0.0216,0.0184
Calvin Pickard,EDM,8475717,20,-0.0015617646276950836,-0.0020592757500708103,0,-0.0216,0.0184
Calvin Pickard,EDM,8475717,21,-0.0015651403227820992,-0.0020592757500708103,0,-0.0216,0.0184
Calvin Pickard,EDM,8475717,22,-0.0015687358099967241,-0.0020592757500708103,0,-0.0216,0.0184
Calvin Pickard,EDM,8475717,23,-0.0015667378902435303,-0.0020592757500708103,0,-0.0216,0.0184
Calvin Pickard,EDM,8475717,24,-0.0015645669773221016,-0.0020592757500708103,0,-0.0216,0.0184
Calvin Pickard,EDM,8475717,25,-0.0015627979300916195,-0.0020592757500708103,0,-0.0216,0.0184
Calvin Pickard,EDM,8475717,26,-0.0015652610454708338,-0.0020592757500708103,0,-0.0216,0.0184
Calvin Pickard,EDM,8475717,27,-0.0015701327938586473,-0.0020592757500708103,0,-0.0216,0.0184
Calvin Pickard,EDM,8475717,28,-0.0015732774045318365,-0.0020592757500708103,0,-0.0216,0.0184
Calvin Pickard,EDM,8475717,29,-0.0015762601979076862,-0.0020592757500708103,0,-0.0216,0.0184
Calvin Pickard,EDM,8475717,30,-0.0015752846375107765,-0.0020592757500708103,0,-0.0216,0.0184
Calvin Pickard,EDM,8475717,31,-0.0015710489824414253,-0.0020592757500708103,0,-0.0216,0.0184
Calvin Pickard,EDM,8475717,32,-0.0015718545764684677,-0.0020592757500708103,0,-0.0216,0.0184
Calvin Pickard,EDM,8475717,33,-0.001572184730321169,-0.0020592757500708103,0,-0.0216,0.0184
Justus Annunen,NSH,8481020,0,-0.0042248256504535675,-0.004924644250422716,0,-0.0242,0.0158
Justus Annunen,NSH,8481020,1,-0.003915421199053526,-0.004924644250422716,7,-0.0115,0.0037
Justus Annunen,NSH,8481020,2,-0.0036736540496349335,-0.004924644250422716,0,-0.0237,0.0163
Justus Annunen,NSH,8481020,3,-0.0034332198556512594,-0.004924644250422716,0,-0.0234,0.0166
Justus Annunen,NSH,8481020,4,-0.0031895372085273266,-0.004924644250422716,0,-0.0232,0.0168
Justus Annunen,NSH,8481020,5,-0.0029453267343342304,-0.004924644250422716,14,-0.0082,0.0024
Justus Annunen,NSH,8481020,6,-0.0027330773882567883,-0.004924644250422716,0,-0.0227,0.0173
Justus Annunen,NSH,8481020,7,-0.002514991909265518,-0.004924644250422716,8,-0.0096,0.0046
Justus Annunen,NSH,8481020,8,-0.002279717708006501,-0.004924644250422716,0,-0.0223,0.0177
Justus Annunen,NSH,8481020,9,-0.0020422169473022223,-0.004924644250422716,0,-0.022,0.018
Justus Annunen,NSH,8481020,10,-0.0018050060607492924,-0.004924644250422716,9,-0.0085,0.0049
Justus Annunen,NSH,8481020,11,-0.001636633649468422,-0.004924644250422716,0,-0.0216,0.0184
Justus Annunen,NSH,8481020,12,-0.0014677501749247313,-0.004924644250422716,1,-0.0215,0.0185
Justus Annunen,NSH,8481020,13,-0.0013033518334850669,-0.004924644250422716,3,-0.0128,0.0102
Justus Annunen,NSH,8481020,14,-0.0011769045377150178,-0.004924644250422716,0,-0.0212,0.0188
Justus Annunen,NSH,8481020,15,-0.0010485586244612932,-0.004924644250422716,1,-0.021,0.019
Justus Annunen,NSH,8481020,16,-0.0009302119724452496,-0.004924644250422716,12,-0.0067,0.0049
Justus Annunen,NSH,8481020,17,-0.0007635685615241528,-0.004924644250422716,1,-0.0208,0.0192
Justus Annunen,NSH,8481020,18,-0.0006190252606756985,-0.004924644250422716,1,-0.0206,0.0194
Justus Annunen,NSH,8481020,19,-0.0004898410988971591,-0.004924644250422716,0,-0.0205,0.0195
Justus Annunen,NSH,8481020,20,-0.00036055222153663635,-0.004924644250422716,3,-0.0119,0.0111
Justus Annunen,NSH,8481020,21,-0.0002569623466115445,-0.004924644250422716,10,-0.0066,0.006
Justus Annunen,NSH,8481020,22,-0.00018228775297757238,-0.004924644250422716,2,-0.0143,0.0139
Justus Annunen,NSH,8481020,23,-0.00011672235268633813,-0.004924644250422716,21,-0.0045,0.0043
Justus Annunen,NSH,8481020,24,-0.0001408415409969166,-0.004924644250422716,8,-0.0072,0.007
Justus Annunen,NSH,8481020,25,-0.00015139483730308712,-0.004924644250422716,0,-0.0202,0.0198
Justus Annunen,NSH,8481020,26,-0.00016617911751382053,-0.004924644250422716,6,-0.0084,0.008
Justus Annunen,NSH,8481020,27,-0.00024895757087506354,-0.004924644250422716,3,-0.0117,0.0113
Justus Annunen,NSH,8481020,28,-0.00025210564490407705,-0.004924644250422716,0,-0.0203,0.0197
Justus Annunen,NSH,8481020,29,-0.0002550912322476506,-0.004924644250422716,0,-0.0203,0.0197
Justus Annunen,NSH,8481020,30,-0.00025411800015717745,-0.004924644250422716,0,-0.0203,0.0197
Justus Annunen,NSH,8481020,31,-0.00024988455697894096,-0.004924644250422716,0,-0.0202,0.0198
Justus Annunen,NSH,8481020,32,-0.00025069015100598335,-0.004924644250422716,0,-0.0203,0.0197
Justus Annunen,NSH,8481020,33,-0.00025102097424678504,-0.004924644250422716,0,-0.0203,0.0197
Trent Miner,COL,8481529,0,0.008297089487314224,0.00786379911005497,8,0.0012,0.0154
Trent Miner,COL,8481529,1,0.008522380143404007,0.00786379911005497,2,-0.0056,0.0226
Trent Miner,COL,8481529,2,0.008727784268558025,0.00786379911005497,6,0.0005,0.0169
Trent Miner,COL,8481529,3,0.008890126831829548,0.00786379911005497,0,-0.0111,0.0289
Trent Miner,COL,8481529,4,0.009055719710886478,0.00786379911005497,0,-0.0109,0.0291
Trent Miner,COL,8481529,5,0.009221830405294895,0.00786379911005497,12,0.0034,0.015
Trent Miner,COL,8481529,6,0.00927426852285862,0.00786379911005497,0,-0.0107,0.0293
Trent Miner,COL,8481529,7,0.009332532994449139,0.00786379911005497,0,-0.0107,0.0293
Trent Miner,COL,8481529,8,0.009394550696015358,0.00786379911005497,0,-0.0106,0.0294
Trent Miner,COL,8481529,9,0.009458789601922035,0.00786379911005497,0,-0.0105,0.0295
Trent Miner,COL,8481529,10,0.009522732347249985,0.00786379911005497,0,-0.0105,0.0295
Trent Miner,COL,8481529,11,0.009592249058187008,0.00786379911005497,0,-0.0104,0.0296
Trent Miner,COL,8481529,12,0.009662272408604622,0.00786379911005497,0,-0.0103,0.0297
Trent Miner,COL,8481529,13,0.009732783772051334,0.00786379911005497,0,-0.0103,0.0297
Trent Miner,COL,8481529,14,0.009799562394618988,0.00786379911005497,0,-0.0102,0.0298
Trent Miner,COL,8481529,15,0.009868239983916283,0.00786379911005497,0,-0.0101,0.0299
Trent Miner,COL,8481529,16,0.009935475885868073,0.00786379911005497,3,-0.0016,0.0214
Trent Miner,COL,8481529,17,0.009986289776861668,0.00786379911005497,6,0.0018,0.0182
Trent Miner,COL,8481529,18,0.009981639683246613,0.00786379911005497,0,-0.01,0.03
Trent Miner,COL,8481529,19,0.00997588038444519,0.00786379911005497,0,-0.01,0.03
Trent Miner,COL,8481529,20,0.009970218874514103,0.00786379911005497,0,-0.01,0.03
Trent Miner,COL,8481529,21,0.009966887533664703,0.00786379911005497,0,-0.01,0.03
Trent Miner,COL,8481529,22,0.0099633214995265,0.00786379911005497,0,-0.01,0.03
Trent Miner,COL,8481529,23,0.00996535737067461,0.00786379911005497,0,-0.01,0.03
Trent Miner,COL,8481529,24,0.009967559017241001,0.00786379911005497,0,-0.01,0.03
Trent Miner,COL,8481529,25,0.009969355538487434,0.00786379911005497,0,-0.01,0.03
Trent Miner,COL,8481529,26,0.009966914542019367,0.00786379911005497,0,-0.01,0.03
Trent Miner,COL,8481529,27,0.009962066076695919,0.00786379911005497,0,-0.01,0.03
Trent Miner,COL,8481529,28,0.009958935901522636,0.00786379911005497,0,-0.01,0.03
Trent Miner,COL,8481529,29,0.00995597057044506,0.00786379911005497,0,-0.01,0.03
Trent Miner,COL,8481529,30,0.009956957772374153,0.00786379911005497,0,-0.01,0.03
Trent Miner,COL,8481529,31,0.009961200878024101,0.00786379911005497,0,-0.01,0.03
Trent Miner,COL,8481529,32,0.009960399940609932,0.00786379911005497,0,-0.01,0.03
Trent Miner,COL,8481529,33,0.009960071183741093,0.00786379911005497,0,-0.01,0.03
8476433,,8476433,0,0.00022428945521824062,0.0002738083712756634,0,-0.0198,0.0202
8476433,,8476433,1,0.00020065309945493937,0.0002738083712756634,0,-0.0198,0.0202
8476433,,8476433,2,0.0001769836526364088,0.0002738083712756634,0,-0.0198,0.0202
8476433,,8476433,3,0.00015198139590211213,0.0002738083712756634,0,-0.0198,0.0202
8476433,,8476433,4,0.0001302259333897382,0.0002738083712756634,0,-0.0199,0.0201
8476433,,8476433,5,0.0001089985016733408,0.0002738083712756634,0,-0.0199,0.0201
8476433,,8476433,6,8.912809425964952e-05,0.0002738083712756634,0,-0.0199,0.0201
8476433,,8476433,7,7.509463466703892e-05,0.0002738083712756634,0,-0.0199,0.0201
8476433,,8476433,8,6.480923912022263e-05,0.0002738083712756634,0,-0.0199,0.0201
8476433,,8476433,9,5.675143620464951e-05,0.0002738083712756634,0,-0.0199,0.0201
8476433,,8476433,10,4.8401052481494844e-05,0.0002738083712756634,0,-0.02,0.02
8476433,,8476433,11,4.562648246064782e-05,0.0002738083712756634,0,-0.02,0.02
8476433,,8476433,12,4.336079291533679e-05,0.0002738083712756634,0,-0.02,0.02
8476433,,8476433,13,4.158580850344151e-05,0.0002738083712756634,0,-0.02,0.02
8476433,,8476433,14,3.608243423514068e-05,0.0002738083712756634,0,-0.02,0.02
8476433,,8476433,15,3.247828863095492e-05,0.0002738083712756634,0,-0.02,0.02
8476433,,8476433,16,2.7438130928203464e-05,0.0002738083712756634,0,-0.02,0.02
8476433,,8476433,17,2.7774367481470108e-05,0.0002738083712756634,0,-0.02,0.02
8476433,,8476433,18,2.3080938262864947e-05,0.0002738083712756634,0,-0.02,0.02
8476433,,8476433,19,1.7277314327657223e-05,0.0002738083712756634,0,-0.02,0.02
8476433,,8476433,20,1.15772127173841e-05,0.0002738083712756634,0,-0.02,0.02
8476433,,8476433,21,8.203292964026332e-06,0.0002738083712756634,0,-0.02,0.02
8476433,,8476433,22,4.610541509464383e-06,0.0002738083712756634,0,-0.02,0.02
8476433,,8476433,23,6.609887350350618e-06,0.0002738083712756634,0,-0.02,0.02
8476433,,8476433,24,8.783128578215837e-06,0.0002738083712756634,0,-0.02,0.02
8476433,,8476433,25,1.0553456377238035e-05,0.0002738083712756634,0,-0.02,0.02
8476433,,8476433,26,8.091767085716128e-06,0.0002738083712756634,0,-0.02,0.02
8476433,,8476433,27,3.2215029932558537e-06,0.0002738083712756634,0,-0.02,0.02
8476433,,8476433,28,7.776543498039246e-08,0.0002738083712756634,0,-0.02,0.02
8476433,,8476433,29,-2.903863787651062e-06,0.0002738083712756634,0,-0.02,0.02
8476433,,8476433,30,-1.927779521793127e-06,0.0002738083712756634,0,-0.02,0.02
8476433,,8476433,31,2.3080792743712664e-06,0.0002738083712756634,0,-0.02,0.02
8476433,,8476433,32,1.5031255315989256e-06,0.0002738083712756634,0,-0.02,0.02
8476433,,8476433,33,1.1729425750672817e-06,0.0002738083712756634,0,-0.02,0.02
Rémi Poirier,DAL,8482465,0,-0.0019553126767277718,-0.0017057664226740599,1,-0.022,0.018
Rémi Poirier,DAL,8482465,1,-0.0019789747893810272,-0.0017057664226740599,0,-0.022,0.018
Rémi Poirier,DAL,8482465,2,-0.002002670196816325,-0.0017057664226740599,0,-0.022,0.018
Rémi Poirier,DAL,8482465,3,-0.0020276971627026796,-0.0017057664226740599,0,-0.022,0.018
Rémi Poirier,DAL,8482465,4,-0.002049477072432637,-0.0017057664226740599,0,-0.022,0.018
Rémi Poirier,DAL,8482465,5,-0.002070727990940213,-0.0017057664226740599,0,-0.0221,0.0179
Rémi Poirier,DAL,8482465,6,-0.002090621041134,-0.0017057664226740599,0,-0.0221,0.0179
Rémi Poirier,DAL,8482465,7,-0.0021046765614300966,-0.0017057664226740599,0,-0.0221,0.0179
Rémi Poirier,DAL,8482465,8,-0.002114983508363366,-0.0017057664226740599,0,-0.0221,0.0179
Rémi Poirier,DAL,8482465,9,-0.0021230613347142935,-0.0017057664226740599,0,-0.0221,0.0179
Rémi Poirier,DAL,8482465,10,-0.002131432294845581,-0.0017057664226740599,0,-0.0221,0.0179
Rémi Poirier,DAL,8482465,11,-0.0021342248655855656,-0.0017057664226740599,0,-0.0221,0.0179
Rémi Poirier,DAL,8482465,12,-0.0021365093998610973,-0.0017057664226740599,0,-0.0221,0.0179
Rémi Poirier,DAL,8482465,13,-0.0021383012644946575,-0.0017057664226740599,0,-0.0221,0.0179
Rémi Poirier,DAL,8482465,14,-0.0021438216790556908,-0.0017057664226740599,0,-0.0221,0.0179
Rémi Poirier,DAL,8482465,15,-0.0021474414970725775,-0.0017057664226740599,0,-0.0221,0.0179
Rémi Poirier,DAL,8482465,16,-0.0021524967160075903,-0.0017057664226740599,0,-0.0222,0.0178
Rémi Poirier,DAL,8482465,17,-0.002152174711227417,-0.0017057664226740599,0,-0.0222,0.0178
Rémi Poirier,DAL,8482465,18,-0.0021568809170275927,-0.0017057664226740599,0,-0.0222,0.0178
Rémi Poirier,DAL,8482465,19,-0.0021626974921673536,-0.0017057664226740599,0,-0.0222,0.0178
Rémi Poirier,DAL,8482465,20,-0.0021684090606868267,-0.0017057664226740599,0,-0.0222,0.0178
Rémi Poirier,DAL,8482465,21,-0.0021717939525842667,-0.0017057664226740599,0,-0.0222,0.0178
Rémi Poirier,DAL,8482465,22,-0.0021753967739641666,-0.0017057664226740599,0,-0.0222,0.0178
Rémi Poirier,DAL,8482465,23,-0.0021734065376222134,-0.0017057664226740599,0,-0.0222,0.0178
Rémi Poirier,DAL,8482465,24,-0.0021712412126362324,-0.0017057664226740599,0,-0.0222,0.0178
Rémi Poirier,DAL,8482465,25,-0.0021694786846637726,-0.0017057664226740599,0,-0.0222,0.0178
Rémi Poirier,DAL,8482465,26,-0.0021719469223171473,-0.0017057664226740599,0,-0.0222,0.0178
Rémi Poirier,DAL,8482465,27,-0.002176822628825903,-0.0017057664226740599,0,-0.0222,0.0178
Rémi Poirier,DAL,8482465,28,-0.002179971430450678,-0.0017057664226740599,0,-0.0222,0.0178
Rémi Poirier,DAL,8482465,29,-0.002182956784963608,-0.0017057664226740599,0,-0.0222,0.0178
Rémi Poirier,DAL,8482465,30,-0.002181984018534422,-0.0017057664226740599,0,-0.0222,0.0178
Rémi Poirier,DAL,8482465,31,-0.00217775022611022,-0.0017057664226740599,0,-0.0222,0.0178
Rémi Poirier,DAL,8482465,32,-0.002178556751459837,-0.0017057664226740599,0,-0.0222,0.0178
Rémi Poirier,DAL,8482465,33,-0.002178886905312538,-0.0017057664226740599,0,-0.0222,0.0178
Dan Vladar,PHI,8478435,0,-0.015776582062244415,-0.015071195550262928,0,-0.0358,0.0042
Dan Vladar,PHI,8478435,1,-0.01609172485768795,-0.015071195550262928,0,-0.0361,0.0039
Dan Vladar,PHI,8478435,2,-0.01640688255429268,-0.015071195550262928,2,-0.0305,-0.0023
Dan Vladar,PHI,8478435,3,-0.01665463112294674,-0.015071195550262928,0,-0.0367,0.0033
Dan Vladar,PHI,8478435,4,-0.016899116337299347,-0.015071195550262928,17,-0.0218,-0.012
Dan Vladar,PHI,8478435,5,-0.01721872389316559,-0.015071195550262928,11,-0.0232,-0.0112
Dan Vladar,PHI,8478435,6,-0.017525503411889076,-0.015071195550262928,11,-0.0235,-0.0115
Dan Vladar,PHI,8478435,7,-0.017915476113557816,-0.015071195550262928,3,-0.0294,-0.0064
Dan Vladar,PHI,8478435,8,-0.018343022093176842,-0.015071195550262928,5,-0.0272,-0.0094
Dan Vladar,PHI,8478435,9,-0.018814418464899063,-0.015071195550262928,13,-0.0243,-0.0133
Dan Vladar,PHI,8478435,10,-0.019105877727270126,-0.015071195550262928,1,-0.0391,0.0009
Dan Vladar,PHI,8478435,11,-0.019406482577323914,-0.015071195550262928,9,-0.0261,-0.0127
Dan Vladar,PHI,8478435,12,-0.019481997936964035,-0.015071195550262928,12,-0.0253,-0.0137
Dan Vladar,PHI,8478435,13,-0.019570214673876762,-0.015071195550262928,1,-0.0396,0.0004
Dan Vladar,PHI,8478435,14,-0.019669637084007263,-0.015071195550262928,4,-0.0297,-0.0097
Dan Vladar,PHI,8478435,15,-0.01980871707201004,-0.015071195550262928,1,-0.0398,0.0002
Dan Vladar,PHI,8478435,16,-0.019962452352046967,-0.015071195550262928,8,-0.0271,-0.0129
Dan Vladar,PHI,8478435,17,-0.019983436912298203,-0.015071195550262928,12,-0.0258,-0.0142
Dan Vladar,PHI,8478435,18,-0.019933585077524185,-0.015071195550262928,0,-0.0399,0.0001
Dan Vladar,PHI,8478435,19,-0.01988484524190426,-0.015071195550262928,4,-0.0299,-0.0099
Dan Vladar,PHI,8478435,20,-0.019879989326000214,-0.015071195550262928,8,-0.027,-0.0128
Dan Vladar,PHI,8478435,21,-0.019956868141889572,-0.015071195550262928,9,-0.0267,-0.0133
Dan Vladar,PHI,8478435,22,-0.02011173777282238,-0.015071195550262928,2,-0.0342,-0.006
Dan Vladar,PHI,8478435,23,-0.02027251571416855,-0.015071195550262928,3,-0.0318,-0.0088
Dan Vladar,PHI,8478435,24,-0.020448630675673485,-0.015071195550262928,1,-0.0404,-0.0004
Dan Vladar,PHI,8478435,25,-0.02063748426735401,-0.015071195550262928,4,-0.0306,-0.0106
Dan Vladar,PHI,8478435,26,-0.02076643705368042,-0.015071195550262928,3,-0.0323,-0.0093
Dan Vladar,PHI,8478435,27,-0.0208305474370718,-0.015071195550262928,2,-0.0349,-0.0067
Dan Vladar,PHI,8478435,28,-0.02081105299293995,-0.015071195550262928,20,-0.0253,-0.0163
Dan Vladar,PHI,8478435,29,-0.020667854696512222,-0.015071195550262928,10,-0.027,-0.0144
Dan Vladar,PHI,8478435,30,-0.02059820108115673,-0.015071195550262928,26,-0.0245,-0.0167
Dan Vladar,PHI,8478435,31,-0.020593974739313126,-0.015071195550262928,0,-0.0406,-0.0006
Dan Vladar,PHI,8478435,32,-0.020594771951436996,-0.015071195550262928,0,-0.0406,-0.0006
Dan Vladar,PHI,8478435,33,-0.020595109090209007,-0.015071195550262928,0,-0.0406,-0.0006
Nathaniel Day,EDM,8484455,0,-0.0020365496166050434,-0.002005631336942315,1,-0.022,0.018
Nathaniel Day,EDM,8484455,1,-0.002060219645500183,-0.002005631336942315,0,-0.0221,0.0179
Nathaniel Day,EDM,8484455,2,-0.0020839206408709288,-0.002005631336942315,0,-0.0221,0.0179
Nathaniel Day,EDM,8484455,3,-0.002108954591676593,-0.002005631336942315,0,-0.0221,0.0179
Nathaniel Day,EDM,8484455,4,-0.0021307398565113544,-0.002005631336942315,0,-0.0221,0.0179
Nathaniel Day,EDM,8484455,5,-0.0021519968286156654,-0.002005631336942315,0,-0.0222,0.0178
Nathaniel Day,EDM,8484455,6,-0.002171895932406187,-0.002005631336942315,0,-0.0222,0.0178
Nathaniel Day,EDM,8484455,7,-0.0021859563421458006,-0.002005631336942315,0,-0.0222,0.0178
Nathaniel Day,EDM,8484455,8,-0.002196268644183874,-0.002005631336942315,0,-0.0222,0.0178
Nathaniel Day,EDM,8484455,9,-0.0022043518256396055,-0.002005631336942315,0,-0.0222,0.0178
Nathaniel Day,EDM,8484455,10,-0.00221272767521441,-0.002005631336942315,0,-0.0222,0.0178
Nathaniel Day,EDM,8484455,11,-0.002215525135397911,-0.002005631336942315,0,-0.0222,0.0178
Nathaniel Day,EDM,8484455,12,-0.0022178140934556723,-0.002005631336942315,0,-0.0222,0.0178
Nathaniel Day,EDM,8484455,13,-0.002219610381871462,-0.002005631336942315,0,-0.0222,0.0178
Nathaniel Day,EDM,8484455,14,-0.002225134987384081,-0.002005631336942315,0,-0.0222,0.0178
Nathaniel Day,EDM,8484455,15,-0.0022287587635219097,-0.002005631336942315,0,-0.0222,0.0178
Nathaniel Day,EDM,8484455,16,-0.0022338174749165773,-0.002005631336942315,0,-0.0222,0.0178
Nathaniel Day,EDM,8484455,17,-0.002233499428257346,-0.002005631336942315,0,-0.0222,0.0178
Nathaniel Day,EDM,8484455,18,-0.0022382091265171766,-0.002005631336942315,0,-0.0222,0.0178
Nathaniel Day,EDM,8484455,19,-0.0022440284956246614,-0.002005631336942315,0,-0.0222,0.0178
Nathaniel Day,EDM,8484455,20,-0.0022497433237731457,-0.002005631336942315,0,-0.0222,0.0178
Nathaniel Day,EDM,8484455,21,-0.002253130776807666,-0.002005631336942315,0,-0.0223,0.0177
Nathaniel Day,EDM,8484455,22,-0.0022567356936633587,-0.002005631336942315,0,-0.0223,0.0177
Nathaniel Day,EDM,8484455,23,-0.0022547475527971983,-0.002005631336942315,0,-0.0223,0.0177
Nathaniel Day,EDM,8484455,24,-0.002252585021778941,-0.002005631336942315,0,-0.0223,0.0177
Nathaniel Day,EDM,8484455,25,-0.002250824123620987,-0.002005631336942315,0,-0.0223,0.0177
Nathaniel Day,EDM,8484455,26,-0.002253294223919511,-0.002005631336942315,0,-0.0223,0.0177
Nathaniel Day,EDM,8484455,27,-0.0022581713274121284,-0.002005631336942315,0,-0.0223,0.0177
Nathaniel Day,EDM,8484455,28,-0.0022613215260207653,-0.002005631336942315,0,-0.0223,0.0177
Nathaniel Day,EDM,8484455,29,-0.002264307113364339,-0.002005631336942315,0,-0.0223,0.0177
Nathaniel Day,EDM,8484455,30,-0.0022633359767496586,-0.002005631336942315,0,-0.0223,0.0177
Nathaniel Day,EDM,8484455,31,-0.002259101951494813,-0.002005631336942315,0,-0.0223,0.0177
Nathaniel Day,EDM,8484455,32,-0.002259909175336361,-0.002005631336942315,0,-0.0223,0.0177
Nathaniel Day,EDM,8484455,33,-0.0022602397948503494,-0.002005631336942315,0,-0.0223,0.0177
8484939,,8484939,0,0.0006628575501963496,0.0007123614777810872,0,-0.0193,0.0207
8484939,,8484939,1,0.0006392276845872402,0.0007123614777810872,0,-0.0194,0.0206
8484939,,8484939,2,0.0006155645241960883,0.0007123614777810872,0,-0.0194,0.0206
8484939,,8484939,3,0.0005905685247853398,0.0007123614777810872,0,-0.0194,0.0206
8484939,,8484939,4,0.0005688189994543791,0.0007123614777810872,0,-0.0194,0.0206
8484939,,8484939,5,0.0005475973011925817,0.0007123614777810872,0,-0.0195,0.0205
8484939,,8484939,6,0.0005277325981296599,0.0007123614777810872,0,-0.0195,0.0205
8484939,,8484939,7,0.0005137043772265315,0.0007123614777810872,0,-0.0195,0.0205
8484939,,8484939,8,0.0005034243804402649,0.0007123614777810872,0,-0.0195,0.0205
8484939,,8484939,9,0.0004953715251758695,0.0007123614777810872,0,-0.0195,0.0205
8484939,,8484939,10,0.0004870261182077229,0.0007123614777810872,0,-0.0195,0.0205
8484939,,8484939,11,0.0004842562193516642,0.0007123614777810872,0,-0.0195,0.0205
8484939,,8484939,12,0.00048199493903666735,0.0007123614777810872,0,-0.0195,0.0205
8484939,,8484939,13,0.0004802243784070015,0.0007123614777810872,0,-0.0195,0.0205
8484939,,8484939,14,0.0004747251223307103,0.0007123614777810872,0,-0.0195,0.0205
8484939,,8484939,15,0.0004711247165687382,0.0007123614777810872,0,-0.0195,0.0205
8484939,,8484939,16,0.0004660883860196918,0.0007123614777810872,0,-0.0195,0.0205
8484939,,8484939,17,0.0004664279113058001,0.0007123614777810872,0,-0.0195,0.0205
8484939,,8484939,18,0.00046173794544301927,0.0007123614777810872,0,-0.0195,0.0205
8484939,,8484939,19,0.0004559375229291618,0.0007123614777810872,0,-0.0195,0.0205
8484939,,8484939,20,0.0004502400697674602,0.0007123614777810872,0,-0.0195,0.0205
8484939,,8484939,21,0.0004468690021894872,0.0007123614777810872,0,-0.0196,0.0204
8484939,,8484939,22,0.00044327846262604,0.0007123614777810872,0,-0.0196,0.0204
8484939,,8484939,23,0.0004452803696040064,0.0007123614777810872,0,-0.0196,0.0204
8484939,,8484939,24,0.0004474554443731904,0.0007123614777810872,0,-0.0196,0.0204
8484939,,8484939,25,0.00044922775123268366,0.0007123614777810872,0,-0.0196,0.0204
8484939,,8484939,26,0.0004467675171326846,0.0007123614777810872,0,-0.0196,0.0204
8484939,,8484939,27,0.00044189870823174715,0.0007123614777810872,0,-0.0196,0.0204
8484939,,8484939,28,0.0004387561639305204,0.0007123614777810872,0,-0.0196,0.0204
8484939,,8484939,29,0.0004357754369266331,0.0007123614777810872,0,-0.0196,0.0204
8484939,,8484939,30,0.0004367524234112352,0.0007123614777810872,0,-0.0196,0.0204
8484939,,8484939,31,0.00044098866055719554,0.0007123614777810872,0,-0.0196,0.0204
8484939,,8484939,32,0.0004401841142680496,0.0007123614777810872,0,-0.0196,0.0204
8484939,,8484939,33,0.0004398541059345007,0.0007123614777810872,0,-0.0196,0.0204
Connor Ingram,EDM,8478971,0,-0.00016386086645070463,-0.00043489926611073315,0,-0.0202,0.0198
Connor Ingram,EDM,8478971,1,-4.502733645495027e-05,-0.00043489926611073315,0,-0.02,0.02
Connor Ingram,EDM,8478971,2,7.377348083537072e-05,-0.00043489926611073315,0,-0.0199,0.0201
Connor Ingram,EDM,8478971,3,0.00019124208483844995,-0.00043489926611073315,0,-0.0198,0.0202
Connor Ingram,EDM,8478971,4,0.00031195711926557124,-0.00043489926611073315,0,-0.0197,0.0203
Connor Ingram,EDM,8478971,5,0.0004332008247729391,-0.00043489926611073315,0,-0.0196,0.0204
Connor Ingram,EDM,8478971,6,0.0005558018456213176,-0.00043489926611073315,0,-0.0194,0.0206
Connor Ingram,EDM,8478971,7,0.00068424001801759,-0.00043489926611073315,0,-0.0193,0.0207
Connor Ingram,EDM,8478971,8,0.0008164267055690289,-0.00043489926611073315,0,-0.0192,0.0208
Connor Ingram,EDM,8478971,9,0.0009508405928499997,-0.00043489926611073315,0,-0.019,0.021
Connor Ingram,EDM,8478971,10,0.0010849630925804377,-0.00043489926611073315,0,-0.0189,0.0211
Connor Ingram,EDM,8478971,11,0.0012246608966961503,-0.00043489926611073315,0,-0.0188,0.0212
Connor Ingram,EDM,8478971,12,0.0013648683670908213,-0.00043489926611073315,0,-0.0186,0.0214
Connor Ingram,EDM,8478971,13,0.001505566411651671,-0.00043489926611073315,15,-0.0037,0.0067
Connor Ingram,EDM,8478971,14,0.0016745199682191014,-0.00043489926611073315,12,-0.0041,0.0075
Connor Ingram,EDM,8478971,15,0.0017543878639116883,-0.00043489926611073315,6,-0.0064,0.01
Connor Ingram,EDM,8478971,16,0.0018791304901242256,-0.00043489926611073315,5,-0.007,0.0108
Connor Ingram,EDM,8478971,17,0.0020726339425891638,-0.00043489926611073315,12,-0.0037,0.0079
Connor Ingram,EDM,8478971,18,0.002252748468890786,-0.00043489926611073315,1,-0.0177,0.0223
Connor Ingram,EDM,8478971,19,0.002421839628368616,-0.00043489926611073315,6,-0.0058,0.0106
Connor Ingram,EDM,8478971,20,0.002554254839196801,-0.00043489926611073315,3,-0.0089,0.0141
Connor Ingram,EDM,8478971,21,0.0028575260657817125,-0.00043489926611073315,5,-0.006,0.0118
Connor Ingram,EDM,8478971,22,0.003107911441475153,-0.00043489926611073315,22,-0.0012,0.0074
Connor Ingram,EDM,8478971,23,0.0031204503029584885,-0.00043489926611073315,13,-0.0024,0.0086
Connor Ingram,EDM,8478971,24,0.0032134021166712046,-0.00043489926611073315,9,-0.0035,0.0099
Connor Ingram,EDM,8478971,25,0.003215859178453684,-0.00043489926611073315,11,-0.0028,0.0092
Connor Ingram,EDM,8478971,26,0.0032087420113384724,-0.00043489926611073315,0,-0.0168,0.0232
Connor Ingram,EDM,8478971,27,0.003199217841029167,-0.00043489926611073315,17,-0.0017,0.0081
Connor Ingram,EDM,8478971,28,0.0030003217980265617,-0.00043489926611073315,16,-0.002,0.008
Connor Ingram,EDM,8478971,29,0.0029411769937723875,-0.00043489926611073315,4,-0.0071,0.0129
Connor Ingram,EDM,8478971,30,0.0029421518556773663,-0.00043489926611073315,0,-0.0171,0.0229
Connor Ingram,EDM,8478971,31,0.002946386579424143,-0.00043489926611073315,0,-0.0171,0.0229
Connor Ingram,EDM,8478971,32,0.002945581916719675,-0.00043489926611073315,0,-0.0171,0.0229
Connor Ingram,EDM,8478971,33,0.0029452508315443993,-0.00043489926611073315,0,-0.0171,0.0229
Alex Nedeljkovic,SJS,8477968,0,-0.0148418378084898,-0.013933347538113594,9,-0.0215,-0.0081
Alex Nedeljkovic,SJS,8477968,1,-0.015321790240705013,-0.013933347538113594,0,-0.0353,0.0047
Alex Nedeljkovic,SJS,8477968,2,-0.015801765024662018,-0.013933347538113594,1,-0.0358,0.0042
Alex Nedeljkovic,SJS,8477968,3,-0.016290316358208656,-0.013933347538113594,8,-0.0234,-0.0092
Alex Nedeljkovic,SJS,8477968,4,-0.016637274995446205,-0.013933347538113594,6,-0.0248,-0.0084
Alex Nedeljkovic,SJS,8477968,5,-0.017041271552443504,-0.013933347538113594,2,-0.0311,-0.0029
Alex Nedeljkovic,SJS,8477968,6,-0.017358316108584404,-0.013933347538113594,13,-0.0229,-0.0119
Alex Nedeljkovic,SJS,8477968,7,-0.017555691301822662,-0.013933347538113594,9,-0.0243,-0.0109
Alex Nedeljkovic,SJS,8477968,8,-0.01786612719297409,-0.013933347538113594,3,-0.0294,-0.0064
Alex Nedeljkovic,SJS,8477968,9,-0.01819833181798458,-0.013933347538113594,6,-0.0264,-0.01
Alex Nedeljkovic,SJS,8477968,10,-0.018485216423869133,-0.013933347538113594,1,-0.0385,0.0015
Alex Nedeljkovic,SJS,8477968,11,-0.018770577386021614,-0.013933347538113594,4,-0.0288,-0.0088
Alex Nedeljkovic,SJS,8477968,12,-0.01899060234427452,-0.013933347538113594,0,-0.039,0.001
Alex Nedeljkovic,SJS,8477968,13,-0.01921011321246624,-0.013933347538113594,1,-0.0392,0.0008
Alex Nedeljkovic,SJS,8477968,14,-0.01934703066945076,-0.013933347538113594,0,-0.0393,0.0007
Alex Nedeljkovic,SJS,8477968,15,-0.01948203518986702,-0.013933347538113594,8,-0.0266,-0.0124
Alex Nedeljkovic,SJS,8477968,16,-0.01939011551439762,-0.013933347538113594,13,-0.0249,-0.0139
Alex Nedeljkovic,SJS,8477968,17,-0.01932913064956665,-0.013933347538113594,1,-0.0393,0.0007
Alex Nedeljkovic,SJS,8477968,18,-0.019277751445770264,-0.013933347538113594,14,-0.0246,-0.014
Alex Nedeljkovic,SJS,8477968,19,-0.01936490088701248,-0.013933347538113594,2,-0.0335,-0.0053
Alex Nedeljkovic,SJS,8477968,20,-0.019372712820768356,-0.013933347538113594,2,-0.0335,-0.0053
Alex Nedeljkovic,SJS,8477968,21,-0.01939922198653221,-0.013933347538113594,0,-0.0394,0.0006
Alex Nedeljkovic,SJS,8477968,22,-0.01942596212029457,-0.013933347538113594,0,-0.0394,0.0006
Alex Nedeljkovic,SJS,8477968,23,-0.019447097554802895,-0.013933347538113594,21,-0.0238,-0.015
Alex Nedeljkovic,SJS,8477968,24,-0.019599370658397675,-0.013933347538113594,2,-0.0337,-0.0055
Alex Nedeljkovic,SJS,8477968,25,-0.019779637455940247,-0.013933347538113594,4,-0.0298,-0.0098
Alex Nedeljkovic,SJS,8477968,26,-0.019900985062122345,-0.013933347538113594,25,-0.0239,-0.0159
Alex Nedeljkovic,SJS,8477968,27,-0.01987355202436447,-0.013933347538113594,2,-0.034,-0.0058
Alex Nedeljkovic,SJS,8477968,28,-0.01987670175731182,-0.013933347538113594,0,-0.0399,0.0001
Alex Nedeljkovic,SJS,8477968,29,-0.01987968571484089,-0.013933347538113594,0,-0.0399,0.0001
Alex Nedeljkovic,SJS,8477968,30,-0.01987871527671814,-0.013933347538113594,0,-0.0399,0.0001
Alex Nedeljkovic,SJS,8477968,31,-0.019874487072229385,-0.013933347538113594,0,-0.0399,0.0001
Alex Nedeljkovic,SJS,8477968,32,-0.019875284284353256,-0.013933347538113594,0,-0.0399,0.0001
Alex Nedeljkovic,SJS,8477968,33,-0.019875623285770416,-0.013933347538113594,0,-0.0399,0.0001
8475920,,8475920,0,0.0006099624442867935,0.0006594685255549848,0,-0.0194,0.0206
8475920,,8475920,1,0.0005863311234861612,0.0006594685255549848,0,-0.0194,0.0206
8475920,,8475920,2,0.0005626672646030784,0.0006594685255549848,0,-0.0194,0.0206
8475920,,8475920,3,0.0005376700428314507,0.0006594685255549848,0,-0.0195,0.0205
8475920,,8475920,4,0.0005159196443855762,0.0006594685255549848,0,-0.0195,0.0205
8475920,,8475920,5,0.0004946970148012042,0.0006594685255549848,0,-0.0195,0.0205
8475920,,8475920,6,0.0004748313804157078,0.0006594685255549848,0,-0.0195,0.0205
8475920,,8475920,7,0.000460802431916818,0.0006594685255549848,0,-0.0195,0.0205
8475920,,8475920,8,0.00045052141649648547,0.0006594685255549848,0,-0.0195,0.0205
8475920,,8475920,9,0.00044246792094781995,0.0006594685255549848,0,-0.0196,0.0204
8475920,,8475920,10,0.00043412152444943786,0.0006594685255549848,0,-0.0196,0.0204
8475920,,8475920,11,0.0004313509271014482,0.0006594685255549848,0,-0.0196,0.0204
8475920,,8475920,12,0.0004290890065021813,0.0006594685255549848,0,-0.0196,0.0204
8475920,,8475920,13,0.00042731757275760174,0.0006594685255549848,0,-0.0196,0.0204
8475920,,8475920,14,0.00042181761818937957,0.0006594685255549848,0,-0.0196,0.0204
8475920,,8475920,15,0.00041821692138910294,0.0006594685255549848,0,-0.0196,0.0204
8475920,,8475920,16,0.00041317971772514284,0.0006594685255549848,0,-0.0196,0.0204
8475920,,8475920,17,0.0004135188937652856,0.0006594685255549848,0,-0.0196,0.0204
8475920,,8475920,18,0.0004088284622412175,0.0006594685255549848,0,-0.0196,0.0204
8475920,,8475920,19,0.0004030271084047854,0.0006594685255549848,0,-0.0196,0.0204
8475920,,8475920,20,0.00039732971345074475,0.0006594685255549848,0,-0.0196,0.0204
8475920,,8475920,21,0.0003939576563425362,0.0006594685255549848,0,-0.0196,0.0204
8475920,,8475920,22,0.0003903672331944108,0.0006594685255549848,0,-0.0196,0.0204
8475920,,8475920,23,0.00039236838347278535,0.0006594685255549848,0,-0.0196,0.0204
8475920,,8475920,24,0.00039454340003430843,0.0006594685255549848,0,-0.0196,0.0204
8475920,,8475920,25,0.00039631518302485347,0.0006594685255549848,0,-0.0196,0.0204
8475920,,8475920,26,0.0003938549489248544,0.0006594685255549848,0,-0.0196,0.0204
8475920,,8475920,27,0.00038898561615496874,0.0006594685255549848,0,-0.0196,0.0204
8475920,,8475920,28,0.00038584318826906383,0.0006594685255549848,0,-0.0196,0.0204
8475920,,8475920,29,0.0003828622284345329,0.0006594685255549848,0,-0.0196,0.0204
8475920,,8475920,30,0.00038383915671147406,0.0006594685255549848,0,-0.0196,0.0204
8475920,,8475920,31,0.00038807516102679074,0.0006594685255549848,0,-0.0196,0.0204
8475920,,8475920,32,0.00038727078936062753,0.0006594685255549848,0,-0.0196,0.0204
8475920,,8475920,33,0.0003869402571581304,0.0006594685255549848,0,-0.0196,0.0204
Joel Blomqvist,PIT,8482446,0,-0.00233899406157434,-0.002296931343153119,0,-0.0223,0.0177
Joel Blomqvist,PIT,8482446,1,-0.0023593150544911623,-0.002296931343153119,1,-0.0224,0.0176
Joel Blomqvist,PIT,8482446,2,-0.00238300790078938,-0.002296931343153119,0,-0.0224,0.0176
Joel Blomqvist,PIT,8482446,3,-0.002408029744401574,-0.002296931343153119,0,-0.0224,0.0176
Joel Blomqvist,PIT,8482446,4,-0.0024298077914863825,-0.002296931343153119,0,-0.0224,0.0176
Joel Blomqvist,PIT,8482446,5,-0.002451054286211729,-0.002296931343153119,0,-0.0225,0.0175
Joel Blomqvist,PIT,8482446,6,-0.0024709454737603664,-0.002296931343153119,0,-0.0225,0.0175
Joel Blomqvist,PIT,8482446,7,-0.0024849972687661648,-0.002296931343153119,0,-0.0225,0.0175
Joel Blomqvist,PIT,8482446,8,-0.0024953011889010668,-0.002296931343153119,0,-0.0225,0.0175
Joel Blomqvist,PIT,8482446,9,-0.0025033762212842703,-0.002296931343153119,0,-0.0225,0.0175
Joel Blomqvist,PIT,8482446,10,-0.0025117439217865467,-0.002296931343153119,0,-0.0225,0.0175
Joel Blomqvist,PIT,8482446,11,-0.0025145343970507383,-0.002296931343153119,0,-0.0225,0.0175
Joel Blomqvist,PIT,8482446,12,-0.00251681637018919,-0.002296931343153119,0,-0.0225,0.0175
Joel Blomqvist,PIT,8482446,13,-0.00251860567368567,-0.002296931343153119,0,-0.0225,0.0175
Joel Blomqvist,PIT,8482446,14,-0.002524123527109623,-0.002296931343153119,0,-0.0225,0.0175
Joel Blomqvist,PIT,8482446,15,-0.002527741016820073,-0.002296931343153119,0,-0.0225,0.0175
Joel Blomqvist,PIT,8482446,16,-0.0025327946059405804,-0.002296931343153119,0,-0.0225,0.0175
Joel Blomqvist,PIT,8482446,17,-0.002532470040023327,-0.002296931343153119,0,-0.0225,0.0175
Joel Blomqvist,PIT,8482446,18,-0.002537175314500928,-0.002296931343153119,0,-0.0225,0.0175
Joel Blomqvist,PIT,8482446,19,-0.0025429895613342524,-0.002296931343153119,0,-0.0225,0.0175
Joel Blomqvist,PIT,8482446,20,-0.00254869950003922,-0.002296931343153119,0,-0.0225,0.0175
Joel Blomqvist,PIT,8482446,21,-0.002552082994952798,-0.002296931343153119,0,-0.0226,0.0174
Joel Blomqvist,PIT,8482446,22,-0.002555683720856905,-0.002296931343153119,0,-0.0226,0.0174
Joel Blomqvist,PIT,8482446,23,-0.0025536930188536644,-0.002296931343153119,0,-0.0226,0.0174
Joel Blomqvist,PIT,8482446,24,-0.0025515262968838215,-0.002296931343153119,0,-0.0226,0.0174
Joel Blomqvist,PIT,8482446,25,-0.0025497623719274998,-0.002296931343153119,0,-0.0225,0.0175
Joel Blomqvist,PIT,8482446,26,-0.0025522299110889435,-0.002296931343153119,0,-0.0226,0.0174
Joel Blomqvist,PIT,8482446,27,-0.002557104919105768,-0.002296931343153119,0,-0.0226,0.0174
Joel Blomqvist,PIT,8482446,28,-0.002560253022238612,-0.002296931343153119,0,-0.0226,0.0174
Joel Blomqvist,PIT,8482446,29,-0.002563237911090255,-0.002296931343153119,0,-0.0226,0.0174
Joel Blomqvist,PIT,8482446,30,-0.0025622642133384943,-0.002296931343153119,0,-0.0226,0.0174
Joel Blomqvist,PIT,8482446,31,-0.0025580308865755796,-0.002296931343153119,0,-0.0226,0.0174
Joel Blomqvist,PIT,8482446,32,-0.0025588362477719784,-0.002296931343153119,0,-0.0226,0.0174
Joel Blomqvist,PIT,8482446,33,-0.002559167332947254,-0.002296931343153119,0,-0.0226,0.0174
Brandon Halverson,TBL,8477990,0,0.0001275541726499796,0.00024488833150826395,0,-0.0199,0.0201
Brandon Halverson,TBL,8477990,1,7.37777299946174e-05,0.00024488833150826395,6,-0.0081,0.0083
Brandon Halverson,TBL,8477990,2,-2.5010020181071013e-05,0.00024488833150826395,7,-0.0076,0.0076
Brandon Halverson,TBL,8477990,3,-8.77772836247459e-05,0.00024488833150826395,0,-0.0201,0.0199
Brandon Halverson,TBL,8477990,4,-0.0001472976291552186,0.00024488833150826395,0,-0.0201,0.0199
Brandon Halverson,TBL,8477990,5,-0.00020629001664929092,0.00024488833150826395,0,-0.0202,0.0198
Brandon Halverson,TBL,8477990,6,-0.0002639251761138439,0.00024488833150826395,0,-0.0203,0.0197
Brandon Halverson,TBL,8477990,7,-0.00031572338775731623,0.00024488833150826395,0,-0.0203,0.0197
Brandon Halverson,TBL,8477990,8,-0.0003637735790107399,0.00024488833150826395,0,-0.0204,0.0196
Brandon Halverson,TBL,8477990,9,-0.0004095959011465311,0.00024488833150826395,0,-0.0204,0.0196
Brandon Halverson,TBL,8477990,10,-0.00045571097871288657,0.00024488833150826395,0,-0.0205,0.0195
Brandon Halverson,TBL,8477990,11,-0.0004962501116096973,0.00024488833150826395,0,-0.0205,0.0195
Brandon Halverson,TBL,8477990,12,-0.0005362802767194808,0.00024488833150826395,0,-0.0205,0.0195
Brandon Halverson,TBL,8477990,13,-0.0005758195766247809,0.00024488833150826395,0,-0.0206,0.0194
Brandon Halverson,TBL,8477990,14,-0.000619087484665215,0.00024488833150826395,0,-0.0206,0.0194
Brandon Halverson,TBL,8477990,15,-0.00066045590210706,0.00024488833150826395,0,-0.0207,0.0193
Brandon Halverson,TBL,8477990,16,-0.0007032601861283183,0.00024488833150826395,0,-0.0207,0.0193
Brandon Halverson,TBL,8477990,17,-0.0007406885270029306,0.00024488833150826395,0,-0.0207,0.0193
Brandon Halverson,TBL,8477990,18,-0.0007831456605345011,0.00024488833150826395,0,-0.0208,0.0192
Brandon Halverson,TBL,8477990,19,-0.000826713745482266,0.00024488833150826395,0,-0.0208,0.0192
Brandon Halverson,TBL,8477990,20,-0.0008701776387169957,0.00024488833150826395,0,-0.0209,0.0191
Brandon Halverson,TBL,8477990,21,-0.0009113156702369452,0.00024488833150826395,0,-0.0209,0.0191
Brandon Halverson,TBL,8477990,22,-0.0009526720969006419,0.00024488833150826395,0,-0.021,0.019
Brandon Halverson,TBL,8477990,23,-0.0009884368628263474,0.00024488833150826395,0,-0.021,0.019
Brandon Halverson,TBL,8477990,24,-0.0010240271221846342,0.00024488833150826395,0,-0.021,0.019
Brandon Halverson,TBL,8477990,25,-0.0010600207606330514,0.00024488833150826395,0,-0.0211,0.0189
Brandon Halverson,TBL,8477990,26,-0.0011002459796145558,0.00024488833150826395,0,-0.0211,0.0189
Brandon Halverson,TBL,8477990,27,-0.001142880180850625,0.00024488833150826395,5,-0.01,0.0078
Brandon Halverson,TBL,8477990,28,-0.0011460239766165614,0.00024488833150826395,0,-0.0211,0.0189
Brandon Halverson,TBL,8477990,29,-0.0011490060715004802,0.00024488833150826395,0,-0.0211,0.0189
Brandon Halverson,TBL,8477990,30,-0.0011480299290269613,0.00024488833150826395,0,-0.0211,0.0189
Brandon Halverson,TBL,8477990,31,-0.0011437945067882538,0.00024488833150826395,0,-0.0211,0.0189
Brandon Halverson,TBL,8477990,32,-0.0011445994023233652,0.00024488833150826395,0,-0.0211,0.0189
Brandon Halverson,TBL,8477990,33,-0.00114492978900671,0.00024488833150826395,0,-0.0211,0.0189
Pyotr Kochetkov,CAR,8481611,0,-0.0005432532052509487,-0.00043542677303776145,0,-0.0205,0.0195
Pyotr Kochetkov,CAR,8481611,1,-0.0005928040482103825,-0.00043542677303776145,0,-0.0206,0.0194
Pyotr Kochetkov,CAR,8481611,2,-0.0006423876620829105,-0.00043542677303776145,2,-0.0147,0.0135
Pyotr Kochetkov,CAR,8481611,3,-0.0007113487808965147,-0.00043542677303776145,0,-0.0207,0.0193
Pyotr Kochetkov,CAR,8481611,4,-0.0007770627271384001,-0.00043542677303776145,0,-0.0208,0.0192
Pyotr Kochetkov,CAR,8481611,5,-0.0008422491373494267,-0.00043542677303776145,0,-0.0208,0.0192
Pyotr Kochetkov,CAR,8481611,6,-0.0009060779702849686,-0.00043542677303776145,0,-0.0209,0.0191
Pyotr Kochetkov,CAR,8481611,7,-0.000964069738984108,-0.00043542677303776145,3,-0.0125,0.0105
Pyotr Kochetkov,CAR,8481611,8,-0.0010333061218261719,-0.00043542677303776145,2,-0.0151,0.0131
Pyotr Kochetkov,CAR,8481611,9,-0.0010274306405335665,-0.00043542677303776145,0,-0.021,0.019
Pyotr Kochetkov,CAR,8481611,10,-0.0010218468960374594,-0.00043542677303776145,0,-0.021,0.019
Pyotr Kochetkov,CAR,8481611,11,-0.001010688254609704,-0.00043542677303776145,5,-0.0099,0.0079
Pyotr Kochetkov,CAR,8481611,12,-0.0009504097979515791,-0.00043542677303776145,4,-0.011,0.009
Pyotr Kochetkov,CAR,8481611,13,-0.0009370249463245273,-0.00043542677303776145,3,-0.0124,0.0106
Pyotr Kochetkov,CAR,8481611,14,-0.0009425299940630794,-0.00043542677303776145,0,-0.0209,0.0191
Pyotr Kochetkov,CAR,8481611,15,-0.0009461364825256169,-0.00043542677303776145,0,-0.0209,0.0191
Pyotr Kochetkov,CAR,8481611,16,-0.0009511781390756369,-0.00043542677303776145,0,-0.021,0.019
Pyotr Kochetkov,CAR,8481611,17,-0.0009508437942713499,-0.00043542677303776145,0,-0.021,0.019
Pyotr Kochetkov,CAR,8481611,18,-0.0009555384749546647,-0.00043542677303776145,0,-0.021,0.019
Pyotr Kochetkov,CAR,8481611,19,-0.0009613438742235303,-0.00043542677303776145,0,-0.021,0.019
Pyotr Kochetkov,CAR,8481611,20,-0.0009670453146100044,-0.00043542677303776145,0,-0.021,0.019
Pyotr Kochetkov,CAR,8481611,21,-0.0009704206022433937,-0.00043542677303776145,0,-0.021,0.019
Pyotr Kochetkov,CAR,8481611,22,-0.000974014401435852,-0.00043542677303776145,0,-0.021,0.019
Pyotr Kochetkov,CAR,8481611,23,-0.0009720162488520145,-0.00043542677303776145,0,-0.021,0.019
Pyotr Kochetkov,CAR,8481611,24,-0.000969843880739063,-0.00043542677303776145,0,-0.021,0.019
Pyotr Kochetkov,CAR,8481611,25,-0.0009680746588855982,-0.00043542677303776145,0,-0.021,0.019
Pyotr Kochetkov,CAR,8481611,26,-0.0009705369593575597,-0.00043542677303776145,0,-0.021,0.019
Pyotr Kochetkov,CAR,8481611,27,-0.0009754079510457814,-0.00043542677303776145,0,-0.021,0.019
Pyotr Kochetkov,CAR,8481611,28,-0.0009785523870959878,-0.00043542677303776145,0,-0.021,0.019
Pyotr Kochetkov,CAR,8481611,29,-0.0009815343655645847,-0.00043542677303776145,0,-0.021,0.019
Pyotr Kochetkov,CAR,8481611,30,-0.000980558805167675,-0.00043542677303776145,0,-0.021,0.019
Pyotr Kochetkov,CAR,8481611,31,-0.000976323033683002,-0.00043542677303776145,0,-0.021,0.019
Pyotr Kochetkov,CAR,8481611,32,-0.000977128278464079,-0.00043542677303776145,0,-0.021,0.019
Pyotr Kochetkov,CAR,8481611,33,-0.0009774583159014583,-0.00043542677303776145,0,-0.021,0.019
Samuel Montembeault,MTL,8478470,0,0.017223116010427475,0.017815575003623962,0,-0.0028,0.0372
Samuel Montembeault,MTL,8478470,1,0.016958169639110565,0.017815575003623962,18,0.0123,0.0217
Samuel Montembeault,MTL,8478470,2,0.01683868281543255,0.017815575003623962,2,0.0027,0.0309
Samuel Montembeault,MTL,8478470,3,0.01670466735959053,0.017815575003623962,1,-0.0033,0.0367
Samuel Montembeault,MTL,8478470,4,0.016570352017879486,0.017815575003623962,12,0.0108,0.0224
Samuel Montembeault,MTL,8478470,5,0.01652447134256363,0.017815575003623962,1,-0.0035,0.0365
Samuel Montembeault,MTL,8478470,6,0.016468074172735214,0.017815575003623962,5,0.0076,0.0254
Samuel Montembeault,MTL,8478470,7,0.016353415325284004,0.017815575003623962,22,0.0121,0.0207
Samuel Montembeault,MTL,8478470,8,0.016205711290240288,0.017815575003623962,25,0.0122,0.0202
Samuel Montembeault,MTL,8478470,9,0.01601308025419712,0.017815575003623962,6,0.0078,0.0242
Samuel Montembeault,MTL,8478470,10,0.015969092026352882,0.017815575003623962,0,-0.004,0.036
Samuel Montembeault,MTL,8478470,11,0.015930691733956337,0.017815575003623962,6,0.0077,0.0241
Samuel Montembeault,MTL,8478470,12,0.01583682745695114,0.017815575003623962,5,0.0069,0.0247
Samuel Montembeault,MTL,8478470,13,0.015795670449733734,0.017815575003623962,0,-0.0042,0.0358
Samuel Montembeault,MTL,8478470,14,0.015750780701637268,0.017815575003623962,0,-0.0042,0.0358
Samuel Montembeault,MTL,8478470,15,0.01570778898894787,0.017815575003623962,1,-0.0043,0.0357
Samuel Montembeault,MTL,8478470,16,0.015660269185900688,0.017815575003623962,8,0.0086,0.0228
Samuel Montembeault,MTL,8478470,17,0.015555029734969139,0.017815575003623962,3,0.0041,0.0271
Samuel Montembeault,MTL,8478470,18,0.015423260629177094,0.017815575003623962,1,-0.0046,0.0354
Samuel Montembeault,MTL,8478470,19,0.015284614637494087,0.017815575003623962,0,-0.0047,0.0353
Samuel Montembeault,MTL,8478470,20,0.015146071091294289,0.017815575003623962,0,-0.0049,0.0351
Samuel Montembeault,MTL,8478470,21,0.015009848400950432,0.017815575003623962,6,0.0068,0.0232
Samuel Montembeault,MTL,8478470,22,0.015006265603005886,0.017815575003623962,0,-0.005,0.035
Samuel Montembeault,MTL,8478470,23,0.01500827819108963,0.017815575003623962,0,-0.005,0.035
Samuel Montembeault,MTL,8478470,24,0.01501045748591423,0.017815575003623962,0,-0.005,0.035
Samuel Montembeault,MTL,8478470,25,0.01501223910599947,0.017815575003623962,0,-0.005,0.035
Samuel Montembeault,MTL,8478470,26,0.01500978134572506,0.017815575003623962,0,-0.005,0.035
Samuel Montembeault,MTL,8478470,27,0.015004923567175865,0.017815575003623962,0,-0.005,0.035
Samuel Montembeault,MTL,8478470,28,0.015001779422163963,0.017815575003623962,0,-0.005,0.035
Samuel Montembeault,MTL,8478470,29,0.014998805709183216,0.017815575003623962,0,-0.005,0.035
Samuel Montembeault,MTL,8478470,30,0.014999783597886562,0.017815575003623962,0,-0.005,0.035
Samuel Montembeault,MTL,8478470,31,0.015004025772213936,0.017815575003623962,0,-0.005,0.035
Samuel Montembeault,MTL,8478470,32,0.015003219246864319,0.017815575003623962,0,-0.005,0.035
Samuel Montembeault,MTL,8478470,33,0.015002889558672905,0.017815575003623962,0,-0.005,0.035
8484968,,8484968,0,0.0018535142298787832,0.0019029817776754498,0,-0.0181,0.0219
8484968,,8484968,1,0.001829901128076017,0.0019029817776754498,0,-0.0182,0.0218
8484968,,8484968,2,0.0018062531016767025,0.0019029817776754498,0,-0.0182,0.0218
8484968,,8484968,3,0.0017812727019190788,0.0019029817776754498,0,-0.0182,0.0218
8484968,,8484968,4,0.0017595381941646338,0.0019029817776754498,0,-0.0182,0.0218
8484968,,8484968,5,0.0017383305821567774,0.0019029817776754498,0,-0.0183,0.0217
8484968,,8484968,6,0.001718479790724814,0.0019029817776754498,0,-0.0183,0.0217
8484968,,8484968,7,0.0017044655978679657,0.0019029817776754498,0,-0.0183,0.0217
8484968,,8484968,8,0.0016941982321441174,0.0019029817776754498,0,-0.0183,0.0217
8484968,,8484968,9,0.00168615800794214,0.0019029817776754498,0,-0.0183,0.0217
8484968,,8484968,10,0.001677824999205768,0.0019029817776754498,0,-0.0183,0.0217
8484968,,8484968,11,0.0016750660724937916,0.0019029817776754498,0,-0.0183,0.0217
8484968,,8484968,12,0.001672817044891417,0.0019029817776754498,0,-0.0183,0.0217
8484968,,8484968,13,0.0016710562631487846,0.0019029817776754498,0,-0.0183,0.0217
8484968,,8484968,14,0.0016655675135552883,0.0019029817776754498,0,-0.0183,0.0217
8484968,,8484968,15,0.0016619766829535365,0.0019029817776754498,0,-0.0183,0.0217
8484968,,8484968,16,0.0016569497529417276,0.0019029817776754498,0,-0.0183,0.0217
8484968,,8484968,17,0.0016572978347539902,0.0019029817776754498,0,-0.0183,0.0217
8484968,,8484968,18,0.0016526158433407545,0.0019029817776754498,0,-0.0183,0.0217
8484968,,8484968,19,0.0016468232497572899,0.0019029817776754498,0,-0.0184,0.0216
8484968,,8484968,20,0.001641133101657033,0.0019029817776754498,0,-0.0184,0.0216
8484968,,8484968,21,0.001637768466025591,0.0019029817776754498,0,-0.0184,0.0216
8484968,,8484968,22,0.0016341845039278269,0.0019029817776754498,0,-0.0184,0.0216
8484968,,8484968,23,0.0016361912712454796,0.0019029817776754498,0,-0.0184,0.0216
8484968,,8484968,24,0.001638371730223298,0.0019029817776754498,0,-0.0184,0.0216
8484968,,8484968,25,0.0016401484608650208,0.0019029817776754498,0,-0.0184,0.0216
8484968,,8484968,26,0.001637692330405116,0.0019029817776754498,0,-0.0184,0.0216
8484968,,8484968,27,0.0016328271012753248,0.0019029817776754498,0,-0.0184,0.0216
8484968,,8484968,28,0.0016296874964609742,0.0019029817776754498,0,-0.0184,0.0216
8484968,,8484968,29,0.0016267094761133194,0.0019029817776754498,0,-0.0184,0.0216
8484968,,8484968,30,0.0016276879468932748,0.0019029817776754498,0,-0.0184,0.0216
8484968,,8484968,31,0.0016319256974384189,0.0019029817776754498,0,-0.0184,0.0216
8484968,,8484968,32,0.001631121733225882,0.0019029817776754498,0,-0.0184,0.0216
8484968,,8484968,33,0.00163079216144979,0.0019029817776754498,0,-0.0184,0.0216
Igor Shesterkin,NYR,8478048,0,0.0075955805368721485,0.007304418832063675,0,-0.0124,0.0276
Igor Shesterkin,NYR,8478048,1,0.007723357528448105,0.007304418832063675,0,-0.0123,0.0277
Igor Shesterkin,NYR,8478048,2,0.007851100526750088,0.007304418832063675,2,-0.0062,0.022
Igor Shesterkin,NYR,8478048,3,0.007952041923999786,0.007304418832063675,2,-0.0061,0.0221
Igor Shesterkin,NYR,8478048,4,0.008040967397391796,0.007304418832063675,0,-0.012,0.028
Igor Shesterkin,NYR,8478048,5,0.008130424655973911,0.007304418832063675,24,0.004,0.0122
Igor Shesterkin,NYR,8478048,6,0.008200099691748619,0.007304418832063675,2,-0.0059,0.0223
Igor Shesterkin,NYR,8478048,7,0.008260463364422321,0.007304418832063675,13,0.0028,0.0138
Igor Shesterkin,NYR,8478048,8,0.008424635976552963,0.007304418832063675,18,0.0037,0.0131
Igor Shesterkin,NYR,8478048,9,0.008707611821591854,0.007304418832063675,1,-0.0113,0.0287
Igor Shesterkin,NYR,8478048,10,0.008983028121292591,0.007304418832063675,19,0.0044,0.0136
Igor Shesterkin,NYR,8478048,11,0.009154967032372952,0.007304418832063675,7,0.0016,0.0168
Igor Shesterkin,NYR,8478048,12,0.009275896474719048,0.007304418832063675,3,-0.0022,0.0208
Igor Shesterkin,NYR,8478048,13,0.009464888833463192,0.007304418832063675,18,0.0048,0.0142
Igor Shesterkin,NYR,8478048,14,0.009780020453035831,0.007304418832063675,2,-0.0043,0.0239
Igor Shesterkin,NYR,8478048,15,0.01007847674190998,0.007304418832063675,3,-0.0014,0.0216
Igor Shesterkin,NYR,8478048,16,0.010348682291805744,0.007304418832063675,0,-0.0097,0.0303
Igor Shesterkin,NYR,8478048,17,0.01062425784766674,0.007304418832063675,0,-0.0094,0.0306
Igor Shesterkin,NYR,8478048,18,0.010894812643527985,0.007304418832063675,0,-0.0091,0.0309
Igor Shesterkin,NYR,8478048,19,0.011164245195686817,0.007304418832063675,0,-0.0088,0.0312
Igor Shesterkin,NYR,8478048,20,0.011433793231844902,0.007304418832063675,0,-0.0086,0.0314
Igor Shesterkin,NYR,8478048,21,0.011705655604600906,0.007304418832063675,24,0.0076,0.0158
Igor Shesterkin,NYR,8478048,22,0.011967556551098824,0.007304418832063675,4,0.002,0.022
Igor Shesterkin,NYR,8478048,23,0.012196637690067291,0.007304418832063675,11,0.0062,0.0182
Igor Shesterkin,NYR,8478048,24,0.012424568645656109,0.007304418832063675,22,0.0081,0.0167
Igor Shesterkin,NYR,8478048,25,0.012567510828375816,0.007304418832063675,15,0.0074,0.0178
Igor Shesterkin,NYR,8478048,26,0.012669876217842102,0.007304418832063675,10,0.0064,0.019
Igor Shesterkin,NYR,8478048,27,0.01266501098871231,0.007304418832063675,0,-0.0073,0.0327
Igor Shesterkin,NYR,8478048,28,0.012661867775022984,0.007304418832063675,0,-0.0073,0.0327
Igor Shesterkin,NYR,8478048,29,0.012658890336751938,0.007304418832063675,0,-0.0073,0.0327
Igor Shesterkin,NYR,8478048,30,0.01265986543148756,0.007304418832063675,0,-0.0073,0.0327
Igor Shesterkin,NYR,8478048,31,0.012664103880524635,0.007304418832063675,0,-0.0073,0.0327
Igor Shesterkin,NYR,8478048,32,0.012663299217820168,0.007304418832063675,0,-0.0073,0.0327
Igor Shesterkin,NYR,8478048,33,0.012662967666983604,0.007304418832063675,0,-0.0073,0.0327
Jonathan Quick,NYR,8471734,0,0.006023440044373274,0.005253572016954422,1,-0.014,0.026
Jonathan Quick,NYR,8471734,1,0.0063568660989403725,0.005253572016954422,3,-0.0051,0.0179
Jonathan Quick,NYR,8471734,2,0.006675648968666792,0.005253572016954422,1,-0.0133,0.0267
Jonathan Quick,NYR,8471734,3,0.0070772250182926655,0.005253572016954422,2,-0.007,0.0212
Jonathan Quick,NYR,8471734,4,0.007457281928509474,0.005253572016954422,0,-0.0125,0.0275
Jonathan Quick,NYR,8471734,5,0.007837857119739056,0.005253572016954422,0,-0.0122,0.0278
Jonathan Quick,NYR,8471734,6,0.008219797164201736,0.005253572016954422,2,-0.0059,0.0223
Jonathan Quick,NYR,8471734,7,0.008593234233558178,0.005253572016954422,1,-0.0114,0.0286
Jonathan Quick,NYR,8471734,8,0.00895617064088583,0.005253572016954422,21,0.0046,0.0134
Jonathan Quick,NYR,8471734,9,0.009202712215483189,0.005253572016954422,0,-0.0108,0.0292
Jonathan Quick,NYR,8471734,10,0.009448963217437267,0.005253572016954422,0,-0.0106,0.0294
Jonathan Quick,NYR,8471734,11,0.009700785391032696,0.005253572016954422,8,0.0026,0.0168
Jonathan Quick,NYR,8471734,12,0.0099515775218606,0.005253572016954422,0,-0.01,0.03
Jonathan Quick,NYR,8471734,13,0.010202858597040176,0.005253572016954422,7,0.0026,0.0178
Jonathan Quick,NYR,8471734,14,0.010394305922091007,0.005253572016954422,0,-0.0096,0.0304
Jonathan Quick,NYR,8471734,15,0.010587652213871479,0.005253572016954422,0,-0.0094,0.0306
Jonathan Quick,NYR,8471734,16,0.010779560543596745,0.005253572016954422,9,0.0041,0.0175
Jonathan Quick,NYR,8471734,17,0.010988096706569195,0.005253572016954422,9,0.0043,0.0177
Jonathan Quick,NYR,8471734,18,0.011192507110536098,0.005253572016954422,0,-0.0088,0.0312
Jonathan Quick,NYR,8471734,19,0.01139580737799406,0.005253572016954422,6,0.0032,0.0196
Jonathan Quick,NYR,8471734,20,0.011547289788722992,0.005253572016954422,11,0.0055,0.0175
Jonathan Quick,NYR,8471734,21,0.011605223640799522,0.005253572016954422,0,-0.0084,0.0316
Jonathan Quick,NYR,8471734,22,0.011662935838103294,0.005253572016954422,0,-0.0083,0.0317
Jonathan Quick,NYR,8471734,23,0.011726242490112782,0.005253572016954422,10,0.0054,0.018
Jonathan Quick,NYR,8471734,24,0.011894294992089272,0.005253572016954422,0,-0.0081,0.0319
Jonathan Quick,NYR,8471734,25,0.012061944231390953,0.005253572016954422,19,0.0075,0.0167
Jonathan Quick,NYR,8471734,26,0.012070476077497005,0.005253572016954422,0,-0.0079,0.0321
Jonathan Quick,NYR,8471734,27,0.012076599523425102,0.005253572016954422,2,-0.002,0.0262
Jonathan Quick,NYR,8471734,28,0.012073460966348648,0.005253572016954422,0,-0.0079,0.0321
Jonathan Quick,NYR,8471734,29,0.012070485390722752,0.005253572016954422,0,-0.0079,0.0321
Jonathan Quick,NYR,8471734,30,0.012071464210748672,0.005253572016954422,0,-0.0079,0.0321
Jonathan Quick,NYR,8471734,31,0.012075701728463173,0.005253572016954422,0,-0.0079,0.0321
Jonathan Quick,NYR,8471734,32,0.012074899859726429,0.005253572016954422,0,-0.0079,0.0321
Jonathan Quick,NYR,8471734,33,0.012074568308889866,0.005253572016954422,0,-0.0079,0.0321
8482472,,8482472,0,0.000489835802000016,0.0005393463652580976,0,-0.0195,0.0205
8482472,,8482472,1,0.00046620299690403044,0.0005393463652580976,0,-0.0195,0.0205
8482472,,8482472,2,0.00044253721716813743,0.0005393463652580976,0,-0.0196,0.0204
8482472,,8482472,3,0.00041753819095902145,0.0005393463652580976,0,-0.0196,0.0204
8482472,,8482472,4,0.00039578622090630233,0.0005393463652580976,0,-0.0196,0.0204
8482472,,8482472,5,0.0003745618450921029,0.0005393463652580976,0,-0.0196,0.0204
8482472,,8482472,6,0.00035469449358060956,0.0005393463652580976,0,-0.0196,0.0204
8482472,,8482472,7,0.0003406643227208406,0.0005393463652580976,0,-0.0197,0.0203
8482472,,8482472,8,0.0003303814446553588,0.0005393463652580976,0,-0.0197,0.0203
8482472,,8482472,9,0.0003223269013687968,0.0005393463652580976,0,-0.0197,0.0203
8482472,,8482472,10,0.0003139787004329264,0.0005393463652580976,0,-0.0197,0.0203
8482472,,8482472,11,0.0003112071135547012,0.0005393463652580976,0,-0.0197,0.0203
8482472,,8482472,12,0.0003089437377639115,0.0005393463652580976,0,-0.0197,0.0203
8482472,,8482472,13,0.0003071712562814355,0.0005393463652580976,0,-0.0197,0.0203
8482472,,8482472,14,0.00030167002114467323,0.0005393463652580976,0,-0.0197,0.0203
8482472,,8482472,15,0.0002980681601911783,0.0005393463652580976,0,-0.0197,0.0203
8482472,,8482472,16,0.0002930300252046436,0.0005393463652580976,0,-0.0197,0.0203
8482472,,8482472,17,0.00029336815350688994,0.0005393463652580976,0,-0.0197,0.0203
8482472,,8482472,18,0.0002886766742449254,0.0005393463652580976,0,-0.0197,0.0203
8482472,,8482472,19,0.00028287473833188415,0.0005393463652580976,0,-0.0197,0.0203
8482472,,8482472,20,0.0002771761210169643,0.0005393463652580976,0,-0.0197,0.0203
8482472,,8482472,21,0.0002738037146627903,0.0005393463652580976,0,-0.0197,0.0203
8482472,,8482472,22,0.0002702124183997512,0.0005393463652580976,0,-0.0197,0.0203
8482472,,8482472,23,0.0002722129283938557,0.0005393463652580976,0,-0.0197,0.0203
8482472,,8482472,24,0.0002743873046711087,0.0005393463652580976,0,-0.0197,0.0203
8482472,,8482472,25,0.0002761587384156883,0.0005393463652580976,0,-0.0197,0.0203
8482472,,8482472,26,0.0002736976312007755,0.0005393463652580976,0,-0.0197,0.0203
8482472,,8482472,27,0.0002688285894691944,0.0005393463652580976,0,-0.0197,0.0203
8482472,,8482472,28,0.000265685172053054,0.0005393463652580976,0,-0.0197,0.0203
8482472,,8482472,29,0.00026270427042618394,0.0005393463652580976,0,-0.0197,0.0203
8482472,,8482472,30,0.0002636806748341769,0.0005393463652580976,0,-0.0197,0.0203
8482472,,8482472,31,0.00026791697018779814,0.0005393463652580976,0,-0.0197,0.0203
8482472,,8482472,32,0.0002671120164450258,0.0005393463652580976,0,-0.0197,0.0203
8482472,,8482472,33,0.0002667821245267987,0.0005393463652580976,0,-0.0197,0.0203
Anton Forsberg,LAK,8476341,0,-0.005420991685241461,-0.005059206858277321,0,-0.0254,0.0146
Anton Forsberg,LAK,8476341,1,-0.00558340921998024,-0.005059206858277321,1,-0.0256,0.0144
Anton Forsberg,LAK,8476341,2,-0.005756979808211327,-0.005059206858277321,0,-0.0258,0.0142
Anton Forsberg,LAK,8476341,3,-0.005931881722062826,-0.005059206858277321,0,-0.0259,0.0141
Anton Forsberg,LAK,8476341,4,-0.006103535648435354,-0.005059206858277321,9,-0.0128,0.0006
Anton Forsberg,LAK,8476341,5,-0.006245819851756096,-0.005059206858277321,1,-0.0262,0.0138
Anton Forsberg,LAK,8476341,6,-0.0063933455385267735,-0.005059206858277321,0,-0.0264,0.0136
Anton Forsberg,LAK,8476341,7,-0.006535034626722336,-0.005059206858277321,1,-0.0265,0.0135
Anton Forsberg,LAK,8476341,8,-0.006689838599413633,-0.005059206858277321,0,-0.0267,0.0133
Anton Forsberg,LAK,8476341,9,-0.006842412985861301,-0.005059206858277321,1,-0.0268,0.0132
Anton Forsberg,LAK,8476341,10,-0.007009368855506182,-0.005059206858277321,8,-0.0141,0.0001
Anton Forsberg,LAK,8476341,11,-0.007225492503494024,-0.005059206858277321,0,-0.0272,0.0128
Anton Forsberg,LAK,8476341,12,-0.007441109512001276,-0.005059206858277321,0,-0.0274,0.0126
Anton Forsberg,LAK,8476341,13,-0.007656235247850418,-0.005059206858277321,2,-0.0218,0.0064
Anton Forsberg,LAK,8476341,14,-0.007893150672316551,-0.005059206858277321,19,-0.0125,-0.0033
Anton Forsberg,LAK,8476341,15,-0.007904496043920517,-0.005059206858277321,5,-0.0168,0.001
Anton Forsberg,LAK,8476341,16,-0.00795188918709755,-0.005059206858277321,1,-0.028,0.012
Anton Forsberg,LAK,8476341,17,-0.008004122413694859,-0.005059206858277321,0,-0.028,0.012
Anton Forsberg,LAK,8476341,18,-0.008061381988227367,-0.005059206858277321,14,-0.0134,-0.0028
Anton Forsberg,LAK,8476341,19,-0.008173230104148388,-0.005059206858277321,3,-0.0197,0.0033
Anton Forsberg,LAK,8476341,20,-0.008313183672726154,-0.005059206858277321,4,-0.0183,0.0017
Anton Forsberg,LAK,8476341,21,-0.00849512591958046,-0.005059206858277321,7,-0.0161,-0.0009
Anton Forsberg,LAK,8476341,22,-0.008443018421530724,-0.005059206858277321,0,-0.0284,0.0116
Anton Forsberg,LAK,8476341,23,-0.008385314606130123,-0.005059206858277321,2,-0.0225,0.0057
Anton Forsberg,LAK,8476341,24,-0.008237109519541264,-0.005059206858277321,3,-0.0197,0.0033
Anton Forsberg,LAK,8476341,25,-0.00812083575874567,-0.005059206858277321,5,-0.017,0.0008
Anton Forsberg,LAK,8476341,26,-0.008054439909756184,-0.005059206858277321,12,-0.0139,-0.0023
Anton Forsberg,LAK,8476341,27,-0.008069188334047794,-0.005059206858277321,3,-0.0196,0.0034
Anton Forsberg,LAK,8476341,28,-0.008106306195259094,-0.005059206858277321,8,-0.0152,-0.001
Anton Forsberg,LAK,8476341,29,-0.008109292015433311,-0.005059206858277321,0,-0.0281,0.0119
Anton Forsberg,LAK,8476341,30,-0.008108320645987988,-0.005059206858277321,0,-0.0281,0.0119
Anton Forsberg,LAK,8476341,31,-0.008104085922241211,-0.005059206858277321,0,-0.0281,0.0119
Anton Forsberg,LAK,8476341,32,-0.008104891516268253,-0.005059206858277321,0,-0.0281,0.0119
Anton Forsberg,LAK,8476341,33,-0.008105222135782242,-0.005059206858277321,0,-0.0281,0.0119
Dennis Hildeby,TOR,8483710,0,0.00574860442429781,0.00494864908978343,0,-0.0143,0.0257
Dennis Hildeby,TOR,8483710,1,0.006102514918893576,0.00494864908978343,6,-0.0021,0.0143
Dennis Hildeby,TOR,8483710,2,0.006403116509318352,0.00494864908978343,0,-0.0136,0.0264
Dennis Hildeby,TOR,8483710,3,0.00670238770544529,0.00494864908978343,0,-0.0133,0.0267
Dennis Hildeby,TOR,8483710,4,0.007004901766777039,0.00494864908978343,0,-0.013,0.027
Dennis Hildeby,TOR,8483710,5,0.00730794807896018,0.00494864908978343,0,-0.0127,0.0273
Dennis Hildeby,TOR,8483710,6,0.007612344343215227,0.00494864908978343,0,-0.0124,0.0276
Dennis Hildeby,TOR,8483710,7,0.007922583259642124,0.00494864908978343,17,0.003,0.0128
Dennis Hildeby,TOR,8483710,8,0.008189740590751171,0.00494864908978343,14,0.0029,0.0135
Dennis Hildeby,TOR,8483710,9,0.008337846025824547,0.00494864908978343,0,-0.0117,0.0283
Dennis Hildeby,TOR,8483710,10,0.008485655300319195,0.00494864908978343,1,-0.0115,0.0285
Dennis Hildeby,TOR,8483710,11,0.008623087778687477,0.00494864908978343,12,0.0028,0.0144
Dennis Hildeby,TOR,8483710,12,0.008735652081668377,0.00494864908978343,18,0.004,0.0134
Dennis Hildeby,TOR,8483710,13,0.008786497637629509,0.00494864908978343,0,-0.0112,0.0288
Dennis Hildeby,TOR,8483710,14,0.008833615109324455,0.00494864908978343,1,-0.0112,0.0288
Dennis Hildeby,TOR,8483710,15,0.008876473642885685,0.00494864908978343,8,0.0018,0.016
Dennis Hildeby,TOR,8483710,16,0.008928976953029633,0.00494864908978343,0,-0.0111,0.0289
Dennis Hildeby,TOR,8483710,17,0.00898685771971941,0.00494864908978343,2,-0.0051,0.0231
Dennis Hildeby,TOR,8483710,18,0.009007671847939491,0.00494864908978343,0,-0.011,0.029
Dennis Hildeby,TOR,8483710,19,0.009027369320392609,0.00494864908978343,0,-0.011,0.029
Dennis Hildeby,TOR,8483710,20,0.009047177620232105,0.00494864908978343,0,-0.011,0.029
Dennis Hildeby,TOR,8483710,21,0.009069303050637245,0.00494864908978343,0,-0.0109,0.0291
Dennis Hildeby,TOR,8483710,22,0.009091214276850224,0.00494864908978343,0,-0.0109,0.0291
Dennis Hildeby,TOR,8483710,23,0.009118715301156044,0.00494864908978343,0,-0.0109,0.0291
Dennis Hildeby,TOR,8483710,24,0.009146388620138168,0.00494864908978343,0,-0.0109,0.0291
Dennis Hildeby,TOR,8483710,25,0.009173660539090633,0.00494864908978343,0,-0.0108,0.0292
Dennis Hildeby,TOR,8483710,26,0.009196695871651173,0.00494864908978343,0,-0.0108,0.0292
Dennis Hildeby,TOR,8483710,27,0.00921732746064663,0.00494864908978343,2,-0.0049,0.0233
Dennis Hildeby,TOR,8483710,28,0.009214184246957302,0.00494864908978343,0,-0.0108,0.0292
Dennis Hildeby,TOR,8483710,29,0.009211212396621704,0.00494864908978343,0,-0.0108,0.0292
Dennis Hildeby,TOR,8483710,30,0.009212185628712177,0.00494864908978343,0,-0.0108,0.0292
Dennis Hildeby,TOR,8483710,31,0.0092164296656847,0.00494864908978343,0,-0.0108,0.0292
Dennis Hildeby,TOR,8483710,32,0.00921561848372221,0.00494864908978343,0,-0.0108,0.0292
Dennis Hildeby,TOR,8483710,33,0.009215295314788818,0.00494864908978343,0,-0.0108,0.0292
Joonas Korpisalo,BOS,8476914,0,-0.007297508884221315,-0.007118892855942249,0,-0.0273,0.0127
Joonas Korpisalo,BOS,8476914,1,-0.007378518581390381,-0.007118892855942249,1,-0.0274,0.0126
Joonas Korpisalo,BOS,8476914,2,-0.007370738312602043,-0.007118892855942249,0,-0.0274,0.0126
Joonas Korpisalo,BOS,8476914,3,-0.00736429076641798,-0.007118892855942249,2,-0.0215,0.0067
Joonas Korpisalo,BOS,8476914,4,-0.007375695742666721,-0.007118892855942249,2,-0.0215,0.0067
Joonas Korpisalo,BOS,8476914,5,-0.007407838013023138,-0.007118892855942249,8,-0.0145,-0.0003
Joonas Korpisalo,BOS,8476914,6,-0.007418391760438681,-0.007118892855942249,32,-0.0109,-0.0039
Joonas Korpisalo,BOS,8476914,7,-0.007530593778938055,-0.007118892855942249,3,-0.019,0.004
Joonas Korpisalo,BOS,8476914,8,-0.0076632727868855,-0.007118892855942249,0,-0.0277,0.0123
Joonas Korpisalo,BOS,8476914,9,-0.007793725933879614,-0.007118892855942249,0,-0.0278,0.0122
Joonas Korpisalo,BOS,8476914,10,-0.007924464531242847,-0.007118892855942249,7,-0.0155,-0.0003
Joonas Korpisalo,BOS,8476914,11,-0.007930021733045578,-0.007118892855942249,2,-0.022,0.0062
Joonas Korpisalo,BOS,8476914,12,-0.007960693910717964,-0.007118892855942249,2,-0.0221,0.0061
Joonas Korpisalo,BOS,8476914,13,-0.007999257184565067,-0.007118892855942249,4,-0.018,0.002
Joonas Korpisalo,BOS,8476914,14,-0.007969300262629986,-0.007118892855942249,0,-0.028,0.012
Joonas Korpisalo,BOS,8476914,15,-0.007937444373965263,-0.007118892855942249,0,-0.0279,0.0121
Joonas Korpisalo,BOS,8476914,16,-0.007907024584710598,-0.007118892855942249,4,-0.0179,0.0021
Joonas Korpisalo,BOS,8476914,17,-0.007909310050308704,-0.007118892855942249,0,-0.0279,0.0121
Joonas Korpisalo,BOS,8476914,18,-0.007916626520454884,-0.007118892855942249,19,-0.0125,-0.0033
Joonas Korpisalo,BOS,8476914,19,-0.007974333129823208,-0.007118892855942249,0,-0.028,0.012
Joonas Korpisalo,BOS,8476914,20,-0.008031938225030899,-0.007118892855942249,4,-0.018,0.002
Joonas Korpisalo,BOS,8476914,21,-0.008025133050978184,-0.007118892855942249,5,-0.0169,0.0009
Joonas Korpisalo,BOS,8476914,22,-0.008070670068264008,-0.007118892855942249,0,-0.0281,0.0119
Joonas Korpisalo,BOS,8476914,23,-0.008110609836876392,-0.007118892855942249,0,-0.0281,0.0119
Joonas Korpisalo,BOS,8476914,24,-0.008150378242135048,-0.007118892855942249,2,-0.0223,0.0059
Joonas Korpisalo,BOS,8476914,25,-0.008203078992664814,-0.007118892855942249,3,-0.0197,0.0033
Joonas Korpisalo,BOS,8476914,26,-0.008187088184058666,-0.007118892855942249,0,-0.0282,0.0118
Joonas Korpisalo,BOS,8476914,27,-0.008173502050340176,-0.007118892855942249,0,-0.0282,0.0118
Joonas Korpisalo,BOS,8476914,28,-0.008158192969858646,-0.007118892855942249,3,-0.0197,0.0033
Joonas Korpisalo,BOS,8476914,29,-0.008161177858710289,-0.007118892855942249,0,-0.0282,0.0118
Joonas Korpisalo,BOS,8476914,30,-0.00816020742058754,-0.007118892855942249,0,-0.0282,0.0118
Joonas Korpisalo,BOS,8476914,31,-0.008155974559485912,-0.007118892855942249,0,-0.0282,0.0118
Joonas Korpisalo,BOS,8476914,32,-0.00815677922219038,-0.007118892855942249,0,-0.0282,0.0118
Joonas Korpisalo,BOS,8476914,33,-0.008157112635672092,-0.007118892855942249,0,-0.0282,0.0118
Vitek Vanecek,UTA,8477970,0,-0.008981049992144108,-0.009207552298903465,0,-0.029,0.011
Vitek Vanecek,UTA,8477970,1,-0.008881998248398304,-0.009207552298903465,1,-0.0289,0.0111
Vitek Vanecek,UTA,8477970,2,-0.008796006441116333,-0.009207552298903465,7,-0.0164,-0.0012
Vitek Vanecek,UTA,8477970,3,-0.008767828345298767,-0.009207552298903465,0,-0.0288,0.0112
Vitek Vanecek,UTA,8477970,4,-0.008736408315598965,-0.009207552298903465,11,-0.0147,-0.0027
Vitek Vanecek,UTA,8477970,5,-0.008680694736540318,-0.009207552298903465,1,-0.0287,0.0113
Vitek Vanecek,UTA,8477970,6,-0.008637736551463604,-0.009207552298903465,0,-0.0286,0.0114
Vitek Vanecek,UTA,8477970,7,-0.008588938973844051,-0.009207552298903465,2,-0.0227,0.0055
Vitek Vanecek,UTA,8477970,8,-0.00854416936635971,-0.009207552298903465,0,-0.0285,0.0115
Vitek Vanecek,UTA,8477970,9,-0.008497168309986591,-0.009207552298903465,1,-0.0285,0.0115
Vitek Vanecek,UTA,8477970,10,-0.008455498144030571,-0.009207552298903465,0,-0.0285,0.0115
Vitek Vanecek,UTA,8477970,11,-0.008408252149820328,-0.009207552298903465,1,-0.0284,0.0116
Vitek Vanecek,UTA,8477970,12,-0.008373072370886803,-0.009207552298903465,0,-0.0284,0.0116
Vitek Vanecek,UTA,8477970,13,-0.00833740271627903,-0.009207552298903465,0,-0.0283,0.0117
Vitek Vanecek,UTA,8477970,14,-0.00830545648932457,-0.009207552298903465,3,-0.0198,0.0032
Vitek Vanecek,UTA,8477970,15,-0.008297223597764969,-0.009207552298903465,7,-0.0159,-0.0007
Vitek Vanecek,UTA,8477970,16,-0.008266313932836056,-0.009207552298903465,10,-0.0146,-0.002
Vitek Vanecek,UTA,8477970,17,-0.008159554563462734,-0.009207552298903465,0,-0.0282,0.0118
Vitek Vanecek,UTA,8477970,18,-0.008057818748056889,-0.009207552298903465,0,-0.0281,0.0119
Vitek Vanecek,UTA,8477970,19,-0.007957197725772858,-0.009207552298903465,0,-0.028,0.012
Vitek Vanecek,UTA,8477970,20,-0.007856462150812149,-0.009207552298903465,0,-0.0279,0.0121
Vitek Vanecek,UTA,8477970,21,-0.007753403391689062,-0.009207552298903465,0,-0.0278,0.0122
Vitek Vanecek,UTA,8477970,22,-0.007650558836758137,-0.009207552298903465,0,-0.0277,0.0123
Vitek Vanecek,UTA,8477970,23,-0.007542121689766645,-0.009207552298903465,16,-0.0125,-0.0025
Vitek Vanecek,UTA,8477970,24,-0.007570986170321703,-0.009207552298903465,6,-0.0158,0.0006
Vitek Vanecek,UTA,8477970,25,-0.007554041687399149,-0.009207552298903465,0,-0.0276,0.0124
Vitek Vanecek,UTA,8477970,26,-0.007541329134255648,-0.009207552298903465,1,-0.0275,0.0125
Vitek Vanecek,UTA,8477970,27,-0.007546212524175644,-0.009207552298903465,0,-0.0275,0.0125
Vitek Vanecek,UTA,8477970,28,-0.007549370639026165,-0.009207552298903465,0,-0.0275,0.0125
Vitek Vanecek,UTA,8477970,29,-0.0075523629784584045,-0.009207552298903465,0,-0.0276,0.0124
Vitek Vanecek,UTA,8477970,30,-0.007551396731287241,-0.009207552298903465,0,-0.0276,0.0124
Vitek Vanecek,UTA,8477970,31,-0.007547164335846901,-0.009207552298903465,0,-0.0275,0.0125
Vitek Vanecek,UTA,8477970,32,-0.007547974120825529,-0.009207552298903465,0,-0.0275,0.0125
Vitek Vanecek,UTA,8477970,33,-0.007548303809016943,-0.009207552298903465,0,-0.0275,0.0125
Gabriel Carriere,SJS,8484887,0,-0.003995067439973354,-0.0039718602783977985,0,-0.024,0.016
Gabriel Carriere,SJS,8484887,1,-0.004007009323686361,-0.0039718602783977985,0,-0.024,0.016
Gabriel Carriere,SJS,8484887,2,-0.004018981941044331,-0.0039718602783977985,1,-0.024,0.016
Gabriel Carriere,SJS,8484887,3,-0.004044037312269211,-0.0039718602783977985,0,-0.024,0.016
Gabriel Carriere,SJS,8484887,4,-0.00406584283336997,-0.0039718602783977985,0,-0.0241,0.0159
Gabriel Carriere,SJS,8484887,5,-0.00408712076023221,-0.0039718602783977985,0,-0.0241,0.0159
Gabriel Carriere,SJS,8484887,6,-0.004107039421796799,-0.0039718602783977985,0,-0.0241,0.0159
Gabriel Carriere,SJS,8484887,7,-0.004121118690818548,-0.0039718602783977985,0,-0.0241,0.0159
Gabriel Carriere,SJS,8484887,8,-0.004131449852138758,-0.0039718602783977985,0,-0.0241,0.0159
Gabriel Carriere,SJS,8484887,9,-0.004139550030231476,-0.0039718602783977985,0,-0.0241,0.0159
Gabriel Carriere,SJS,8484887,10,-0.0041479431092739105,-0.0039718602783977985,0,-0.0241,0.0159
Gabriel Carriere,SJS,8484887,11,-0.004150756634771824,-0.0039718602783977985,0,-0.0242,0.0158
Gabriel Carriere,SJS,8484887,12,-0.0041530621238052845,-0.0039718602783977985,0,-0.0242,0.0158
Gabriel Carriere,SJS,8484887,13,-0.004154872614890337,-0.0039718602783977985,0,-0.0242,0.0158
Gabriel Carriere,SJS,8484887,14,-0.00416041212156415,-0.0039718602783977985,0,-0.0242,0.0158
Gabriel Carriere,SJS,8484887,15,-0.004164048004895449,-0.0039718602783977985,0,-0.0242,0.0158
Gabriel Carriere,SJS,8484887,16,-0.004169120453298092,-0.0039718602783977985,0,-0.0242,0.0158
Gabriel Carriere,SJS,8484887,17,-0.004168813582509756,-0.0039718602783977985,0,-0.0242,0.0158
Gabriel Carriere,SJS,8484887,18,-0.004173536319285631,-0.0039718602783977985,0,-0.0242,0.0158
Gabriel Carriere,SJS,8484887,19,-0.004179364535957575,-0.0039718602783977985,0,-0.0242,0.0158
Gabriel Carriere,SJS,8484887,20,-0.004185091238468885,-0.0039718602783977985,0,-0.0242,0.0158
Gabriel Carriere,SJS,8484887,21,-0.004188486374914646,-0.0039718602783977985,0,-0.0242,0.0158
Gabriel Carriere,SJS,8484887,22,-0.004192099906504154,-0.0039718602783977985,0,-0.0242,0.0158
Gabriel Carriere,SJS,8484887,23,-0.004190121311694384,-0.0039718602783977985,0,-0.0242,0.0158
Gabriel Carriere,SJS,8484887,24,-0.004187964368611574,-0.0039718602783977985,0,-0.0242,0.0158
Gabriel Carriere,SJS,8484887,25,-0.004186210688203573,-0.0039718602783977985,0,-0.0242,0.0158
Gabriel Carriere,SJS,8484887,26,-0.004188684746623039,-0.0039718602783977985,0,-0.0242,0.0158
Gabriel Carriere,SJS,8484887,27,-0.0041935681365430355,-0.0039718602783977985,0,-0.0242,0.0158
Gabriel Carriere,SJS,8484887,28,-0.004196721129119396,-0.0039718602783977985,0,-0.0242,0.0158
Gabriel Carriere,SJS,8484887,29,-0.004199712071567774,-0.0039718602783977985,0,-0.0242,0.0158
Gabriel Carriere,SJS,8484887,30,-0.004198742099106312,-0.0039718602783977985,0,-0.0242,0.0158
Gabriel Carriere,SJS,8484887,31,-0.004194511100649834,-0.0039718602783977985,0,-0.0242,0.0158
Gabriel Carriere,SJS,8484887,32,-0.004195317625999451,-0.0039718602783977985,0,-0.0242,0.0158
Gabriel Carriere,SJS,8484887,33,-0.004195650573819876,-0.0039718602783977985,0,-0.0242,0.0158
Arturs Silovs,PIT,8481668,0,0.01082574762403965,0.010131937451660633,0,-0.0092,0.0308
Arturs Silovs,PIT,8481668,1,0.011132481507956982,0.010131937451660633,3,-0.0004,0.0226
Arturs Silovs,PIT,8481668,2,0.011401786468923092,0.010131937451660633,1,-0.0086,0.0314
Arturs Silovs,PIT,8481668,3,0.01166600827127695,0.010131937451660633,7,0.0041,0.0193
Arturs Silovs,PIT,8481668,4,0.012085339054465294,0.010131937451660633,1,-0.0079,0.0321
Arturs Silovs,PIT,8481668,5,0.012494487687945366,0.010131937451660633,17,0.0076,0.0174
Arturs Silovs,PIT,8481668,6,0.01275342982262373,0.010131937451660633,5,0.0039,0.0217
Arturs Silovs,PIT,8481668,7,0.012974292039871216,0.010131937451660633,5,0.0041,0.0219
Arturs Silovs,PIT,8481668,8,0.013163693249225616,0.010131937451660633,1,-0.0068,0.0332
Arturs Silovs,PIT,8481668,9,0.013341736048460007,0.010131937451660633,3,0.0018,0.0248
Arturs Silovs,PIT,8481668,10,0.013599737547338009,0.010131937451660633,3,0.0021,0.0251
Arturs Silovs,PIT,8481668,11,0.013840338215231895,0.010131937451660633,0,-0.0062,0.0338
Arturs Silovs,PIT,8481668,12,0.014081450179219246,0.010131937451660633,18,0.0094,0.0188
Arturs Silovs,PIT,8481668,13,0.014462300576269627,0.010131937451660633,6,0.0063,0.0227
Arturs Silovs,PIT,8481668,14,0.014773894101381302,0.010131937451660633,0,-0.0052,0.0348
Arturs Silovs,PIT,8481668,15,0.015087387524545193,0.010131937451660633,25,0.0111,0.0191
Arturs Silovs,PIT,8481668,16,0.015397186391055584,0.010131937451660633,2,0.0013,0.0295
Arturs Silovs,PIT,8481668,17,0.015696391463279724,0.010131937451660633,10,0.0094,0.022
Arturs Silovs,PIT,8481668,18,0.015904592350125313,0.010131937451660633,1,-0.0041,0.0359
Arturs Silovs,PIT,8481668,19,0.016204174607992172,0.010131937451660633,6,0.008,0.0244
Arturs Silovs,PIT,8481668,20,0.016439368948340416,0.010131937451660633,14,0.0111,0.0217
Arturs Silovs,PIT,8481668,21,0.016547467559576035,0.010131937451660633,19,0.0119,0.0211
Arturs Silovs,PIT,8481668,22,0.016590135172009468,0.010131937451660633,0,-0.0034,0.0366
Arturs Silovs,PIT,8481668,23,0.016638396307826042,0.010131937451660633,1,-0.0034,0.0366
Arturs Silovs,PIT,8481668,24,0.016681138426065445,0.010131937451660633,6,0.0085,0.0249
Arturs Silovs,PIT,8481668,25,0.016774514690041542,0.010131937451660633,18,0.0121,0.0215
Arturs Silovs,PIT,8481668,26,0.016819214448332787,0.010131937451660633,4,0.0068,0.0268
Arturs Silovs,PIT,8481668,27,0.016928741708397865,0.010131937451660633,0,-0.0031,0.0369
Arturs Silovs,PIT,8481668,28,0.017040004953742027,0.010131937451660633,4,0.007,0.027
Arturs Silovs,PIT,8481668,29,0.01710245944559574,0.010131937451660633,8,0.01,0.0242
Arturs Silovs,PIT,8481668,30,0.01710345409810543,0.010131937451660633,0,-0.0029,0.0371
Arturs Silovs,PIT,8481668,31,0.017107689753174782,0.010131937451660633,0,-0.0029,0.0371
Arturs Silovs,PIT,8481668,32,0.017106885090470314,0.010131937451660633,0,-0.0029,0.0371
Arturs Silovs,PIT,8481668,33,0.017106560990214348,0.010131937451660633,0,-0.0029,0.0371
Elvis Merzlikins,CBJ,8478007,0,-0.018920548260211945,-0.0185247715562582,0,-0.0389,0.0011
Elvis Merzlikins,CBJ,8478007,1,-0.01909806951880455,-0.0185247715562582,0,-0.0391,0.0009
Elvis Merzlikins,CBJ,8478007,2,-0.019275633618235588,-0.0185247715562582,0,-0.0393,0.0007
Elvis Merzlikins,CBJ,8478007,3,-0.019454525783658028,-0.0185247715562582,1,-0.0395,0.0005
Elvis Merzlikins,CBJ,8478007,4,-0.019634002819657326,-0.0185247715562582,1,-0.0396,0.0004
Elvis Merzlikins,CBJ,8478007,5,-0.01981874369084835,-0.0185247715562582,1,-0.0398,0.0002
Elvis Merzlikins,CBJ,8478007,6,-0.020004605874419212,-0.0185247715562582,4,-0.03,-0.01
Elvis Merzlikins,CBJ,8478007,7,-0.02022286131978035,-0.0185247715562582,0,-0.0402,-0.0002
Elvis Merzlikins,CBJ,8478007,8,-0.02043738029897213,-0.0185247715562582,0,-0.0404,-0.0004
Elvis Merzlikins,CBJ,8478007,9,-0.020649660378694534,-0.0185247715562582,0,-0.0406,-0.0006
Elvis Merzlikins,CBJ,8478007,10,-0.020862238481640816,-0.0185247715562582,2,-0.035,-0.0068
Elvis Merzlikins,CBJ,8478007,11,-0.021074630320072174,-0.0185247715562582,18,-0.0258,-0.0164
Elvis Merzlikins,CBJ,8478007,12,-0.02114342525601387,-0.0185247715562582,1,-0.0411,-0.0011
Elvis Merzlikins,CBJ,8478007,13,-0.02111990563571453,-0.0185247715562582,1,-0.0411,-0.0011
Elvis Merzlikins,CBJ,8478007,14,-0.021113259717822075,-0.0185247715562582,0,-0.0411,-0.0011
Elvis Merzlikins,CBJ,8478007,15,-0.021104704588651657,-0.0185247715562582,0,-0.0411,-0.0011
Elvis Merzlikins,CBJ,8478007,16,-0.021097596734762192,-0.0185247715562582,0,-0.0411,-0.0011
Elvis Merzlikins,CBJ,8478007,17,-0.021085098385810852,-0.0185247715562582,7,-0.0287,-0.0135
Elvis Merzlikins,CBJ,8478007,18,-0.021052543073892593,-0.0185247715562582,4,-0.0311,-0.0111
Elvis Merzlikins,CBJ,8478007,19,-0.021050335839390755,-0.0185247715562582,20,-0.0256,-0.0166
Elvis Merzlikins,CBJ,8478007,20,-0.021268006414175034,-0.0185247715562582,0,-0.0413,-0.0013
Elvis Merzlikins,CBJ,8478007,21,-0.02148333564400673,-0.0185247715562582,0,-0.0415,-0.0015
Elvis Merzlikins,CBJ,8478007,22,-0.02169889211654663,-0.0185247715562582,0,-0.0417,-0.0017
Elvis Merzlikins,CBJ,8478007,23,-0.021908845752477646,-0.0185247715562582,5,-0.0308,-0.013
Elvis Merzlikins,CBJ,8478007,24,-0.022076500579714775,-0.0185247715562582,2,-0.0362,-0.008
Elvis Merzlikins,CBJ,8478007,25,-0.0221579447388649,-0.0185247715562582,2,-0.0363,-0.0081
Elvis Merzlikins,CBJ,8478007,26,-0.02216041274368763,-0.0185247715562582,0,-0.0422,-0.0022
Elvis Merzlikins,CBJ,8478007,27,-0.022165298461914062,-0.0185247715562582,0,-0.0422,-0.0022
Elvis Merzlikins,CBJ,8478007,28,-0.022168446332216263,-0.0185247715562582,0,-0.0422,-0.0022
Elvis Merzlikins,CBJ,8478007,29,-0.02217143215239048,-0.0185247715562582,0,-0.0422,-0.0022
Elvis Merzlikins,CBJ,8478007,30,-0.02217046543955803,-0.0185247715562582,0,-0.0422,-0.0022
Elvis Merzlikins,CBJ,8478007,31,-0.02216622792184353,-0.0185247715562582,0,-0.0422,-0.0022
Elvis Merzlikins,CBJ,8478007,32,-0.022167034447193146,-0.0185247715562582,0,-0.0422,-0.0022
Elvis Merzlikins,CBJ,8478007,33,-0.02216736599802971,-0.0185247715562582,0,-0.0422,-0.0022
8479313,,8479313,0,0.001995502971112728,0.0020449641160666943,0,-0.018,0.022
8479313,,8479313,1,0.001971893711015582,0.0020449641160666943,0,-0.018,0.022
8479313,,8479313,2,0.0019482485949993134,0.0020449641160666943,0,-0.0181,0.0219
8479313,,8479313,3,0.0019232716877013445,0.0020449641160666943,0,-0.0181,0.0219
8479313,,8479313,4,0.0019015393918380141,0.0020449641160666943,0,-0.0181,0.0219
8479313,,8479313,5,0.001880335621535778,0.0020449641160666943,0,-0.0181,0.0219
8479313,,8479313,6,0.0018604869255796075,0.0020449641160666943,0,-0.0181,0.0219
8479313,,8479313,7,0.001846475526690483,0.0020449641160666943,0,-0.0182,0.0218
8479313,,8479313,8,0.001836210722103715,0.0020449641160666943,0,-0.0182,0.0218
8479313,,8479313,9,0.001828173641115427,0.0020449641160666943,0,-0.0182,0.0218
8479313,,8479313,10,0.0018198422621935606,0.0020449641160666943,0,-0.0182,0.0218
8479313,,8479313,11,0.0018170864786952734,0.0020449641160666943,0,-0.0182,0.0218
8479313,,8479313,12,0.0018148389644920826,0.0020449641160666943,0,-0.0182,0.0218
8479313,,8479313,13,0.0018130810931324959,0.0020449641160666943,0,-0.0182,0.0218
8479313,,8479313,14,0.001807594089768827,0.0020449641160666943,0,-0.0182,0.0218
8479313,,8479313,15,0.0018040057038888335,0.0020449641160666943,0,-0.0182,0.0218
8479313,,8479313,16,0.0017989804036915302,0.0020449641160666943,0,-0.0182,0.0218
8479313,,8479313,17,0.0017993305809795856,0.0020449641160666943,0,-0.0182,0.0218
8479313,,8479313,18,0.00179464987013489,0.0020449641160666943,0,-0.0182,0.0218
8479313,,8479313,19,0.0017888594884425402,0.0020449641160666943,0,-0.0182,0.0218
8479313,,8479313,20,0.0017831702716648579,0.0020449641160666943,0,-0.0182,0.0218
8479313,,8479313,21,0.0017798077315092087,0.0020449641160666943,0,-0.0182,0.0218
8479313,,8479313,22,0.0017762241186574101,0.0020449641160666943,0,-0.0182,0.0218
8479313,,8479313,23,0.001778233447112143,0.0020449641160666943,0,-0.0182,0.0218
8479313,,8479313,24,0.0017804140225052834,0.0020449641160666943,0,-0.0182,0.0218
8479313,,8479313,25,0.0017821922665461898,0.0020449641160666943,0,-0.0182,0.0218
8479313,,8479313,26,0.001779736834578216,0.0020449641160666943,0,-0.0182,0.0218
8479313,,8479313,27,0.001774872769601643,0.0020449641160666943,0,-0.0182,0.0218
8479313,,8479313,28,0.0017717324662953615,0.0020449641160666943,0,-0.0182,0.0218
8479313,,8479313,29,0.001768756192177534,0.0020449641160666943,0,-0.0182,0.0218
8479313,,8479313,30,0.0017697340808808804,0.0020449641160666943,0,-0.0182,0.0218
8479313,,8479313,31,0.0017739731119945645,0.0020449641160666943,0,-0.0182,0.0218
8479313,,8479313,32,0.001773168332874775,0.0020449641160666943,0,-0.0182,0.0218
8479313,,8479313,33,0.0017728396924212575,0.0020449641160666943,0,-0.0182,0.0218
Petr Mrazek,ANA,8475852,0,0.0036010495387017727,0.0034544768277555704,0,-0.0164,0.0236
Petr Mrazek,ANA,8475852,1,0.00366456457413733,0.0034544768277555704,15,-0.0015,0.0089
Petr Mrazek,ANA,8475852,2,0.003597526578232646,0.0034544768277555704,0,-0.0164,0.0236
Petr Mrazek,ANA,8475852,3,0.003529156092554331,0.0034544768277555704,1,-0.0165,0.0235
Petr Mrazek,ANA,8475852,4,0.003457573475316167,0.0034544768277555704,0,-0.0165,0.0235
Petr Mrazek,ANA,8475852,5,0.0033865172881633043,0.0034544768277555704,1,-0.0166,0.0234
Petr Mrazek,ANA,8475852,6,0.0033126375637948513,0.0034544768277555704,0,-0.0167,0.0233
Petr Mrazek,ANA,8475852,7,0.003244591411203146,0.0034544768277555704,1,-0.0168,0.0232
Petr Mrazek,ANA,8475852,8,0.0031782800797373056,0.0034544768277555704,1,-0.0168,0.0232
Petr Mrazek,ANA,8475852,9,0.003110053250566125,0.0034544768277555704,7,-0.0045,0.0107
Petr Mrazek,ANA,8475852,10,0.003062180243432522,0.0034544768277555704,9,-0.0036,0.0098
Petr Mrazek,ANA,8475852,11,0.0030386140570044518,0.0034544768277555704,0,-0.017,0.023
Petr Mrazek,ANA,8475852,12,0.0030155566055327654,0.0034544768277555704,0,-0.017,0.023
Petr Mrazek,ANA,8475852,13,0.0029929892625659704,0.0034544768277555704,5,-0.0059,0.0119
Petr Mrazek,ANA,8475852,14,0.0030006098095327616,0.0034544768277555704,0,-0.017,0.023
Petr Mrazek,ANA,8475852,15,0.003010128391906619,0.0034544768277555704,2,-0.0111,0.0171
Petr Mrazek,ANA,8475852,16,0.0030051011126488447,0.0034544768277555704,0,-0.017,0.023
Petr Mrazek,ANA,8475852,17,0.0030054484959691763,0.0034544768277555704,0,-0.017,0.023
Petr Mrazek,ANA,8475852,18,0.003000766970217228,0.0034544768277555704,0,-0.017,0.023
Petr Mrazek,ANA,8475852,19,0.0029949734453111887,0.0034544768277555704,0,-0.017,0.023
Petr Mrazek,ANA,8475852,20,0.0029892839957028627,0.0034544768277555704,0,-0.017,0.023
Petr Mrazek,ANA,8475852,21,0.0029859179630875587,0.0034544768277555704,0,-0.017,0.023
Petr Mrazek,ANA,8475852,22,0.002982333768159151,0.0034544768277555704,0,-0.017,0.023
Petr Mrazek,ANA,8475852,23,0.0029843414667993784,0.0034544768277555704,0,-0.017,0.023
Petr Mrazek,ANA,8475852,24,0.0029865207616239786,0.0034544768277555704,0,-0.017,0.023
Petr Mrazek,ANA,8475852,25,0.0029882979579269886,0.0034544768277555704,0,-0.017,0.023
Petr Mrazek,ANA,8475852,26,0.0029858408961445093,0.0034544768277555704,0,-0.017,0.023
Petr Mrazek,ANA,8475852,27,0.0029809758998453617,0.0034544768277555704,0,-0.017,0.023
Petr Mrazek,ANA,8475852,28,0.0029778359457850456,0.0034544768277555704,0,-0.017,0.023
Petr Mrazek,ANA,8475852,29,0.0029748580418527126,0.0034544768277555704,0,-0.017,0.023
Petr Mrazek,ANA,8475852,30,0.00297583662904799,0.0034544768277555704,0,-0.017,0.023
Petr Mrazek,ANA,8475852,31,0.0029800746124237776,0.0034544768277555704,0,-0.017,0.023
Petr Mrazek,ANA,8475852,32,0.002979270415380597,0.0034544768277555704,0,-0.017,0.023
Petr Mrazek,ANA,8475852,33,0.002978940960019827,0.0034544768277555704,0,-0.017,0.023
8483611,,8483611,0,-0.0019654042553156614,-0.0019158176146447659,0,-0.022,0.018
8483611,,8483611,1,-0.0019890705589205027,-0.0019158176146447659,0,-0.022,0.018
8483611,,8483611,2,-0.0020127694588154554,-0.0019158176146447659,0,-0.022,0.018
8483611,,8483611,3,-0.0020377999171614647,-0.0019158176146447659,0,-0.022,0.018
8483611,,8483611,4,-0.0020595830865204334,-0.0019158176146447659,0,-0.0221,0.0179
8483611,,8483611,5,-0.002080837031826377,-0.0019158176146447659,0,-0.0221,0.0179
8483611,,8483611,6,-0.0021007335744798183,-0.0019158176146447659,0,-0.0221,0.0179
8483611,,8483611,7,-0.0021147916559129953,-0.0019158176146447659,0,-0.0221,0.0179
8483611,,8483611,8,-0.0021251016296446323,-0.0019158176146447659,0,-0.0221,0.0179
8483611,,8483611,9,-0.002133182715624571,-0.0019158176146447659,0,-0.0221,0.0179
8483611,,8483611,10,-0.0021415555384010077,-0.0019158176146447659,0,-0.0221,0.0179
8483611,,8483611,11,-0.0021443520672619343,-0.0019158176146447659,0,-0.0221,0.0179
8483611,,8483611,12,-0.002146637998521328,-0.0019158176146447659,0,-0.0221,0.0179
8483611,,8483611,13,-0.0021484331227838993,-0.0019158176146447659,0,-0.0221,0.0179
8483611,,8483611,14,-0.002153955167159438,-0.0019158176146447659,0,-0.0222,0.0178
8483611,,8483611,15,-0.0021575773134827614,-0.0019158176146447659,0,-0.0222,0.0178
8483611,,8483611,16,-0.002162634627893567,-0.0019158176146447659,0,-0.0222,0.0178
8483611,,8483611,17,-0.0021623142529278994,-0.0019158176146447659,0,-0.0222,0.0178
8483611,,8483611,18,-0.0021670227870345116,-0.0019158176146447659,0,-0.0222,0.0178
8483611,,8483611,19,-0.002172840991988778,-0.0019158176146447659,0,-0.0222,0.0178
8483611,,8483611,20,-0.0021785541903227568,-0.0019158176146447659,0,-0.0222,0.0178
8483611,,8483611,21,-0.0021819407120347023,-0.0019158176146447659,0,-0.0222,0.0178
8483611,,8483611,22,-0.002185544464737177,-0.0019158176146447659,0,-0.0222,0.0178
8483611,,8483611,23,-0.002183555392548442,-0.0019158176146447659,0,-0.0222,0.0178
8483611,,8483611,24,-0.002181391464546323,-0.0019158176146447659,0,-0.0222,0.0178
8483611,,8483611,25,-0.0021796298678964376,-0.0019158176146447659,0,-0.0222,0.0178
8483611,,8483611,26,-0.0021820988040417433,-0.0019158176146447659,0,-0.0222,0.0178
8483611,,8483611,27,-0.002186975907534361,-0.0019158176146447659,0,-0.0222,0.0178
8483611,,8483611,28,-0.002190124709159136,-0.0019158176146447659,0,-0.0222,0.0178
8483611,,8483611,29,-0.0021931109949946404,-0.0019158176146447659,0,-0.0222,0.0178
8483611,,8483611,30,-0.0021921382285654545,-0.0019158176146447659,0,-0.0222,0.0178
8483611,,8483611,31,-0.0021879051346331835,-0.0019158176146447659,0,-0.0222,0.0178
8483611,,8483611,32,-0.002188711427152157,-0.0019158176146447659,0,-0.0222,0.0178
8483611,,8483611,33,-0.0021890425123274326,-0.0019158176146447659,0,-0.0222,0.0178
Sebastian Cossa,DET,8482657,0,-0.001452461234293878,-0.0012142002815380692,0,-0.0215,0.0185
Sebastian Cossa,DET,8482657,1,-0.001559981843456626,-0.0012142002815380692,3,-0.0131,0.0099
Sebastian Cossa,DET,8482657,2,-0.0015836707316339016,-0.0012142002815380692,0,-0.0216,0.0184
Sebastian Cossa,DET,8482657,3,-0.0016086908290162683,-0.0012142002815380692,0,-0.0216,0.0184
Sebastian Cossa,DET,8482657,4,-0.001630464568734169,-0.0012142002815380692,0,-0.0216,0.0184
Sebastian Cossa,DET,8482657,5,-0.0016517090843990445,-0.0012142002815380692,0,-0.0217,0.0183
Sebastian Cossa,DET,8482657,6,-0.001671596779488027,-0.0012142002815380692,0,-0.0217,0.0183
Sebastian Cossa,DET,8482657,7,-0.0016856457805261016,-0.0012142002815380692,0,-0.0217,0.0183
Sebastian Cossa,DET,8482657,8,-0.0016959474887698889,-0.0012142002815380692,0,-0.0217,0.0183
Sebastian Cossa,DET,8482657,9,-0.0017040203092619777,-0.0012142002815380692,0,-0.0217,0.0183
Sebastian Cossa,DET,8482657,10,-0.0017123849829658866,-0.0012142002815380692,0,-0.0217,0.0183
Sebastian Cossa,DET,8482657,11,-0.0017151739448308945,-0.0012142002815380692,0,-0.0217,0.0183
Sebastian Cossa,DET,8482657,12,-0.0017174530075863004,-0.0012142002815380692,0,-0.0217,0.0183
Sebastian Cossa,DET,8482657,13,-0.001719240564852953,-0.0012142002815380692,0,-0.0217,0.0183
Sebastian Cossa,DET,8482657,14,-0.0017247565556317568,-0.0012142002815380692,0,-0.0217,0.0183
Sebastian Cossa,DET,8482657,15,-0.0017283718334510922,-0.0012142002815380692,0,-0.0217,0.0183
Sebastian Cossa,DET,8482657,16,-0.001733423676341772,-0.0012142002815380692,0,-0.0217,0.0183
Sebastian Cossa,DET,8482657,17,-0.0017330978298559785,-0.0012142002815380692,0,-0.0217,0.0183
Sebastian Cossa,DET,8482657,18,-0.0017378006596118212,-0.0012142002815380692,0,-0.0217,0.0183
Sebastian Cossa,DET,8482657,19,-0.0017436137422919273,-0.0012142002815380692,0,-0.0217,0.0183
Sebastian Cossa,DET,8482657,20,-0.001749322284013033,-0.0012142002815380692,0,-0.0217,0.0183
Sebastian Cossa,DET,8482657,21,-0.001752704381942749,-0.0012142002815380692,0,-0.0218,0.0182
Sebastian Cossa,DET,8482657,22,-0.0017563046421855688,-0.0012142002815380692,0,-0.0218,0.0182
Sebastian Cossa,DET,8482657,23,-0.0017543119611218572,-0.0012142002815380692,0,-0.0218,0.0182
Sebastian Cossa,DET,8482657,24,-0.0017521446570754051,-0.0012142002815380692,0,-0.0218,0.0182
Sebastian Cossa,DET,8482657,25,-0.0017503800336271524,-0.0012142002815380692,0,-0.0218,0.0182
Sebastian Cossa,DET,8482657,26,-0.0017528464086353779,-0.0012142002815380692,0,-0.0218,0.0182
Sebastian Cossa,DET,8482657,27,-0.0017577209509909153,-0.0012142002815380692,0,-0.0218,0.0182
Sebastian Cossa,DET,8482657,28,-0.0017608681228011847,-0.0012142002815380692,0,-0.0218,0.0182
Sebastian Cossa,DET,8482657,29,-0.0017638530116528273,-0.0012142002815380692,0,-0.0218,0.0182
Sebastian Cossa,DET,8482657,30,-0.0017628789646551013,-0.0012142002815380692,0,-0.0218,0.0182
Sebastian Cossa,DET,8482657,31,-0.001758644706569612,-0.0012142002815380692,0,-0.0218,0.0182
Sebastian Cossa,DET,8482657,32,-0.0017594507662579417,-0.0012142002815380692,0,-0.0218,0.0182
Sebastian Cossa,DET,8482657,33,-0.0017597810365259647,-0.0012142002815380692,0,-0.0218,0.0182
Filip Gustavsson,MIN,8479406,0,-0.004765436984598637,-0.004485734272748232,0,-0.0248,0.0152
Filip Gustavsson,MIN,8479406,1,-0.004891376011073589,-0.004485734272748232,5,-0.0138,0.004
Filip Gustavsson,MIN,8479406,2,-0.004954223986715078,-0.004485734272748232,1,-0.025,0.015
Filip Gustavsson,MIN,8479406,3,-0.005021515768021345,-0.004485734272748232,14,-0.0103,0.0003
Filip Gustavsson,MIN,8479406,4,-0.005118059925734997,-0.004485734272748232,1,-0.0251,0.0149
Filip Gustavsson,MIN,8479406,5,-0.005218504462391138,-0.004485734272748232,6,-0.0134,0.003
Filip Gustavsson,MIN,8479406,6,-0.0052676089107990265,-0.004485734272748232,12,-0.0111,0.0005
Filip Gustavsson,MIN,8479406,7,-0.005316636525094509,-0.004485734272748232,14,-0.0106,-0.0
Filip Gustavsson,MIN,8479406,8,-0.005391197744756937,-0.004485734272748232,11,-0.0114,0.0006
Filip Gustavsson,MIN,8479406,9,-0.005267679691314697,-0.004485734272748232,0,-0.0253,0.0147
Filip Gustavsson,MIN,8479406,10,-0.005144454538822174,-0.004485734272748232,4,-0.0151,0.0049
Filip Gustavsson,MIN,8479406,11,-0.005052999127656221,-0.004485734272748232,2,-0.0192,0.009
Filip Gustavsson,MIN,8479406,12,-0.0049770851619541645,-0.004485734272748232,9,-0.0117,0.0017
Filip Gustavsson,MIN,8479406,13,-0.004868551157414913,-0.004485734272748232,13,-0.0104,0.0006
Filip Gustavsson,MIN,8479406,14,-0.004799751564860344,-0.004485734272748232,15,-0.01,0.0004
Filip Gustavsson,MIN,8479406,15,-0.00467101763933897,-0.004485734272748232,2,-0.0188,0.0094
Filip Gustavsson,MIN,8479406,16,-0.004563179332762957,-0.004485734272748232,4,-0.0146,0.0054
Filip Gustavsson,MIN,8479406,17,-0.004476770758628845,-0.004485734272748232,1,-0.0245,0.0155
Filip Gustavsson,MIN,8479406,18,-0.00441144360229373,-0.004485734272748232,18,-0.0091,0.0003
Filip Gustavsson,MIN,8479406,19,-0.004194358829408884,-0.004485734272748232,11,-0.0102,0.0018
Filip Gustavsson,MIN,8479406,20,-0.004076696000993252,-0.004485734272748232,0,-0.0241,0.0159
Filip Gustavsson,MIN,8479406,21,-0.003956703934818506,-0.004485734272748232,3,-0.0155,0.0075
Filip Gustavsson,MIN,8479406,22,-0.0038544712588191032,-0.004485734272748232,16,-0.0089,0.0011
Filip Gustavsson,MIN,8479406,23,-0.0037877357099205256,-0.004485734272748232,12,-0.0096,0.002
Filip Gustavsson,MIN,8479406,24,-0.003736133687198162,-0.004485734272748232,2,-0.0178,0.0104
Filip Gustavsson,MIN,8479406,25,-0.0037129116244614124,-0.004485734272748232,10,-0.01,0.0026
Filip Gustavsson,MIN,8479406,26,-0.0036798054352402687,-0.004485734272748232,1,-0.0237,0.0163
Filip Gustavsson,MIN,8479406,27,-0.003658476285636425,-0.004485734272748232,3,-0.0152,0.0078
Filip Gustavsson,MIN,8479406,28,-0.0036549149081110954,-0.004485734272748232,0,-0.0237,0.0163
Filip Gustavsson,MIN,8479406,29,-0.003651192644611001,-0.004485734272748232,0,-0.0237,0.0163
Filip Gustavsson,MIN,8479406,30,-0.003643512027338147,-0.004485734272748232,1,-0.0236,0.0164
Filip Gustavsson,MIN,8479406,31,-0.0036392761394381523,-0.004485734272748232,0,-0.0236,0.0164
Filip Gustavsson,MIN,8479406,32,-0.0036400805693119764,-0.004485734272748232,0,-0.0236,0.0164
Filip Gustavsson,MIN,8479406,33,-0.0036404114216566086,-0.004485734272748232,0,-0.0236,0.0164
8478492,,8478492,0,-0.0016955183818936348,-0.0016459691105410457,0,-0.0217,0.0183
8478492,,8478492,1,-0.0017191689694300294,-0.0016459691105410457,0,-0.0217,0.0183
8478492,,8478492,2,-0.0017428509891033173,-0.0016459691105410457,0,-0.0217,0.0183
8478492,,8478492,3,-0.0017678666627034545,-0.0016459691105410457,0,-0.0218,0.0182
8478492,,8478492,4,-0.0017896341159939766,-0.0016459691105410457,0,-0.0218,0.0182
8478492,,8478492,5,-0.001810873975045979,-0.0016459691105410457,0,-0.0218,0.0182
8478492,,8478492,6,-0.0018307561986148357,-0.0016459691105410457,0,-0.0218,0.0182
8478492,,8478492,7,-0.0018448010087013245,-0.0016459691105410457,0,-0.0218,0.0182
8478492,,8478492,8,-0.0018550972454249859,-0.0016459691105410457,0,-0.0219,0.0181
8478492,,8478492,9,-0.0018631656421348453,-0.0016459691105410457,0,-0.0219,0.0181
8478492,,8478492,10,-0.0018715262413024902,-0.0016459691105410457,0,-0.0219,0.0181
8478492,,8478492,11,-0.0018743107793852687,-0.0016459691105410457,0,-0.0219,0.0181
8478492,,8478492,12,-0.001876585534773767,-0.0016459691105410457,0,-0.0219,0.0181
8478492,,8478492,13,-0.001878370181657374,-0.0016459691105410457,0,-0.0219,0.0181
8478492,,8478492,14,-0.001883881282992661,-0.0016459691105410457,0,-0.0219,0.0181
8478492,,8478492,15,-0.0018874944653362036,-0.0016459691105410457,0,-0.0219,0.0181
8478492,,8478492,16,-0.0018925415351986885,-0.0016459691105410457,0,-0.0219,0.0181
8478492,,8478492,17,-0.001892213593237102,-0.0016459691105410457,0,-0.0219,0.0181
8478492,,8478492,18,-0.0018969131633639336,-0.0016459691105410457,0,-0.0219,0.0181
8478492,,8478492,19,-0.0019027234520763159,-0.0016459691105410457,0,-0.0219,0.0181
8478492,,8478492,20,-0.001908429665490985,-0.0016459691105410457,0,-0.0219,0.0181
8478492,,8478492,21,-0.0019118093186989427,-0.0016459691105410457,0,-0.0219,0.0181
8478492,,8478492,22,-0.0019154069013893604,-0.0016459691105410457,0,-0.0219,0.0181
8478492,,8478492,23,-0.0019134125905111432,-0.0016459691105410457,0,-0.0219,0.0181
8478492,,8478492,24,-0.001911243423819542,-0.0016459691105410457,0,-0.0219,0.0181
8478492,,8478492,25,-0.0019094771705567837,-0.0016459691105410457,0,-0.0219,0.0181
8478492,,8478492,26,-0.0019119421485811472,-0.0016459691105410457,0,-0.0219,0.0181
8478492,,8478492,27,-0.0019168152939528227,-0.0016459691105410457,0,-0.0219,0.0181
8478492,,8478492,28,-0.0019199615344405174,-0.0016459691105410457,0,-0.0219,0.0181
8478492,,8478492,29,-0.0019229452591389418,-0.0016459691105410457,0,-0.0219,0.0181
8478492,,8478492,30,-0.0019219706300646067,-0.0016459691105410457,0,-0.0219,0.0181
8478492,,8478492,31,-0.0019177361391484737,-0.0016459691105410457,0,-0.0219,0.0181
8478492,,8478492,32,-0.0019185413839295506,-0.0016459691105410457,0,-0.0219,0.0181
8478492,,8478492,33,-0.0019188723526895046,-0.0016459691105410457,0,-0.0219,0.0181
8484857,,8484857,0,4.533069295575842e-05,9.48552624322474e-05,0,-0.02,0.02
8484857,,8484857,1,2.1691863366868347e-05,9.48552624322474e-05,0,-0.02,0.02
8484857,,8484857,2,-1.9799917936325073e-06,9.48552624322474e-05,0,-0.02,0.02
8484857,,8484857,3,-2.698454773053527e-05,9.48552624322474e-05,0,-0.02,0.02
8484857,,8484857,4,-4.874226578976959e-05,9.48552624322474e-05,0,-0.02,0.02
8484857,,8484857,5,-6.997200398473069e-05,9.48552624322474e-05,0,-0.0201,0.0199
8484857,,8484857,6,-8.984449232229963e-05,9.48552624322474e-05,0,-0.0201,0.0199
8484857,,8484857,7,-0.00010388001828687266,9.48552624322474e-05,0,-0.0201,0.0199
8484857,,8484857,8,-0.00011416742199799046,9.48552624322474e-05,0,-0.0201,0.0199
8484857,,8484857,9,-0.0001222271384904161,9.48552624322474e-05,0,-0.0201,0.0199
8484857,,8484857,10,-0.0001305794285144657,9.48552624322474e-05,0,-0.0201,0.0199
8484857,,8484857,11,-0.00013335575931705534,9.48552624322474e-05,0,-0.0201,0.0199
8484857,,8484857,12,-0.00013562312233261764,9.48552624322474e-05,0,-0.0201,0.0199
8484857,,8484857,13,-0.0001373997365590185,9.48552624322474e-05,0,-0.0201,0.0199
8484857,,8484857,14,-0.00014290466788224876,9.48552624322474e-05,0,-0.0201,0.0199
8484857,,8484857,15,-0.0001465103414375335,9.48552624322474e-05,0,-0.0201,0.0199
8484857,,8484857,16,-0.00015155179426074028,9.48552624322474e-05,0,-0.0202,0.0198
8484857,,8484857,17,-0.00015121708565857261,9.48552624322474e-05,0,-0.0202,0.0198
8484857,,8484857,18,-0.00015591151895932853,9.48552624322474e-05,0,-0.0202,0.0198
8484857,,8484857,19,-0.0001617164525669068,9.48552624322474e-05,0,-0.0202,0.0198
8484857,,8484857,20,-0.00016741763101890683,9.48552624322474e-05,0,-0.0202,0.0198
8484857,,8484857,21,-0.00017079261306207627,9.48552624322474e-05,0,-0.0202,0.0198
8484857,,8484857,22,-0.00017438619397580624,9.48552624322474e-05,0,-0.0202,0.0198
8484857,,8484857,23,-0.0001723877649055794,9.48552624322474e-05,0,-0.0202,0.0198
8484857,,8484857,24,-0.00017021526582539082,9.48552624322474e-05,0,-0.0202,0.0198
8484857,,8484857,25,-0.00016844563651829958,9.48552624322474e-05,0,-0.0202,0.0198
8484857,,8484857,26,-0.000170907995197922,9.48552624322474e-05,0,-0.0202,0.0198
8484857,,8484857,27,-0.00017577872495166957,9.48552624322474e-05,0,-0.0202,0.0198
8484857,,8484857,28,-0.00017892298637889326,9.48552624322474e-05,0,-0.0202,0.0198
8484857,,8484857,29,-0.00018190493574365973,9.48552624322474e-05,0,-0.0202,0.0198
8484857,,8484857,30,-0.00018092914251610637,9.48552624322474e-05,0,-0.0202,0.0198
8484857,,8484857,31,-0.00017669351655058563,9.48552624322474e-05,0,-0.0202,0.0198
8484857,,8484857,32,-0.00017749855760484934,9.48552624322474e-05,0,-0.0202,0.0198
8484857,,8484857,33,-0.0001778288569767028,9.48552624322474e-05,0,-0.0202,0.0198
Linus Ullmark,OTT,8476999,0,0.026862042024731636,0.02628553844988346,1,0.0069,0.0469
Linus Ullmark,OTT,8476999,1,0.027210811153054237,0.02628553844988346,0,0.0072,0.0472
Linus Ullmark,OTT,8476999,2,0.02755952998995781,0.02628553844988346,0,0.0076,0.0476
Linus Ullmark,OTT,8476999,3,0.027906937524676323,0.02628553844988346,0,0.0079,0.0479
Linus Ullmark,OTT,8476999,4,0.028257567435503006,0.02628553844988346,21,0.0239,0.0327
Linus Ullmark,OTT,8476999,5,0.028507493436336517,0.02628553844988346,13,0.023,0.034
Linus Ullmark,OTT,8476999,6,0.02883049286901951,0.02628553844988346,8,0.0217,0.0359
Linus Ullmark,OTT,8476999,7,0.02928466908633709,0.02628553844988346,0,0.0093,0.0493
Linus Ullmark,OTT,8476999,8,0.029742589220404625,0.02628553844988346,12,0.0239,0.0355
Linus Ullmark,OTT,8476999,9,0.030201509594917297,0.02628553844988346,0,0.0102,0.0502
Linus Ullmark,OTT,8476999,10,0.030660130083560944,0.02628553844988346,0,0.0107,0.0507
Linus Ullmark,OTT,8476999,11,0.031124340370297432,0.02628553844988346,3,0.0196,0.0426
Linus Ullmark,OTT,8476999,12,0.03156738355755806,0.02628553844988346,12,0.0258,0.0374
Linus Ullmark,OTT,8476999,13,0.03193054720759392,0.02628553844988346,5,0.023,0.0408
Linus Ullmark,OTT,8476999,14,0.03222453594207764,0.02628553844988346,3,0.0207,0.0437
Linus Ullmark,OTT,8476999,15,0.0324949286878109,0.02628553844988346,0,0.0125,0.0525
Linus Ullmark,OTT,8476999,16,0.032763849943876266,0.02628553844988346,0,0.0128,0.0528
Linus Ullmark,OTT,8476999,17,0.03303816169500351,0.02628553844988346,0,0.013,0.053
Linus Ullmark,OTT,8476999,18,0.03330744430422783,0.02628553844988346,0,0.0133,0.0533
Linus Ullmark,OTT,8476999,19,0.03357560187578201,0.02628553844988346,7,0.026,0.0412
Linus Ullmark,OTT,8476999,20,0.033779777586460114,0.02628553844988346,2,0.0197,0.0479
Linus Ullmark,OTT,8476999,21,0.033967915922403336,0.02628553844988346,4,0.024,0.044
Linus Ullmark,OTT,8476999,22,0.03423115611076355,0.02628553844988346,14,0.0289,0.0395
Linus Ullmark,OTT,8476999,23,0.03444227948784828,0.02628553844988346,5,0.0255,0.0433
Linus Ullmark,OTT,8476999,24,0.03460543975234032,0.02628553844988346,9,0.0279,0.0413
Linus Ullmark,OTT,8476999,25,0.0347796231508255,0.02628553844988346,17,0.0299,0.0397
Linus Ullmark,OTT,8476999,26,0.03489600494503975,0.02628553844988346,7,0.0273,0.0425
Linus Ullmark,OTT,8476999,27,0.03495950624346733,0.02628553844988346,2,0.0209,0.0491
Linus Ullmark,OTT,8476999,28,0.035013988614082336,0.02628553844988346,17,0.0301,0.0399
Linus Ullmark,OTT,8476999,29,0.03501101955771446,0.02628553844988346,0,0.015,0.055
Linus Ullmark,OTT,8476999,30,0.035012006759643555,0.02628553844988346,0,0.015,0.055
Linus Ullmark,OTT,8476999,31,0.0350162498652935,0.02628553844988346,0,0.015,0.055
Linus Ullmark,OTT,8476999,32,0.03501544147729874,0.02628553844988346,0,0.015,0.055
Linus Ullmark,OTT,8476999,33,0.03501512110233307,0.02628553844988346,0,0.015,0.055
8474682,,8474682,0,0.003989511169493198,0.0040389178320765495,0,-0.016,0.024
8474682,,8474682,1,0.003965923562645912,0.0040389178320765495,0,-0.016,0.024
8474682,,8474682,2,0.00394230242818594,0.0040389178320765495,0,-0.0161,0.0239
8474682,,8474682,3,0.003917344380170107,0.0040389178320765495,0,-0.0161,0.0239
8474682,,8474682,4,0.0038956361822783947,0.0040389178320765495,0,-0.0161,0.0239
8474682,,8474682,5,0.0038744511548429728,0.0040389178320765495,0,-0.0161,0.0239
8474682,,8474682,6,0.0038546244613826275,0.0040389178320765495,0,-0.0161,0.0239
8474682,,8474682,7,0.0038406297098845243,0.0040389178320765495,0,-0.0162,0.0238
8474682,,8474682,8,0.003830386558547616,0.0040389178320765495,0,-0.0162,0.0238
8474682,,8474682,9,0.0038223653100430965,0.0040389178320765495,0,-0.0162,0.0238
8474682,,8474682,10,0.003814051393419504,0.0040389178320765495,0,-0.0162,0.0238
8474682,,8474682,11,0.0038113128393888474,0.0040389178320765495,0,-0.0162,0.0238
8474682,,8474682,12,0.0038090806920081377,0.0040389178320765495,0,-0.0162,0.0238
8474682,,8474682,13,0.0038073386531323195,0.0040389178320765495,0,-0.0162,0.0238
8474682,,8474682,14,0.003801866201683879,0.0040389178320765495,0,-0.0162,0.0238
8474682,,8474682,15,0.0037982910871505737,0.0040389178320765495,0,-0.0162,0.0238
8474682,,8474682,16,0.003793279640376568,0.0040389178320765495,0,-0.0162,0.0238
8474682,,8474682,17,0.003793642157688737,0.0040389178320765495,0,-0.0162,0.0238
8474682,,8474682,18,0.003788973670452833,0.0040389178320765495,0,-0.0162,0.0238
8474682,,8474682,19,0.0037831938825547695,0.0040389178320765495,0,-0.0162,0.0238
8474682,,8474682,20,0.0037775139790028334,0.0040389178320765495,0,-0.0162,0.0238
8474682,,8474682,21,0.003774162381887436,0.0040389178320765495,0,-0.0162,0.0238
8474682,,8474682,22,0.0037705861032009125,0.0040389178320765495,0,-0.0162,0.0238
8474682,,8474682,23,0.0037726042792201042,0.0040389178320765495,0,-0.0162,0.0238
8474682,,8474682,24,0.003774791257455945,0.0040389178320765495,0,-0.0162,0.0238
8474682,,8474682,25,0.003776577301323414,0.0040389178320765495,0,-0.0162,0.0238
8474682,,8474682,26,0.0037741248961538076,0.0040389178320765495,0,-0.0162,0.0238
8474682,,8474682,27,0.0037692678160965443,0.0040389178320765495,0,-0.0162,0.0238
8474682,,8474682,28,0.0037661311216652393,0.0040389178320765495,0,-0.0162,0.0238
8474682,,8474682,29,0.003763158107176423,0.0040389178320765495,0,-0.0162,0.0238
8474682,,8474682,30,0.0037641392555087805,0.0040389178320765495,0,-0.0162,0.0238
8474682,,8474682,31,0.003768380032852292,0.0040389178320765495,0,-0.0162,0.0238
8474682,,8474682,32,0.0037675772327929735,0.0040389178320765495,0,-0.0162,0.0238
8474682,,8474682,33,0.0037672477774322033,0.0040389178320765495,0,-0.0162,0.0238
Anthony Stolarz,TOR,8476932,0,0.0011534576769918203,0.0007190325995907187,0,-0.0188,0.0212
Anthony Stolarz,TOR,8476932,1,0.0013449061661958694,0.0007190325995907187,5,-0.0076,0.0102
Anthony Stolarz,TOR,8476932,2,0.0016840922180563211,0.0007190325995907187,19,-0.0029,0.0063
Anthony Stolarz,TOR,8476932,3,0.001850290922448039,0.0007190325995907187,8,-0.0052,0.009
Anthony Stolarz,TOR,8476932,4,0.0019351764349266887,0.0007190325995907187,22,-0.0024,0.0062
Anthony Stolarz,TOR,8476932,5,0.0020189781207591295,0.0007190325995907187,13,-0.0035,0.0075
Anthony Stolarz,TOR,8476932,6,0.0021600457839667797,0.0007190325995907187,7,-0.0054,0.0098
Anthony Stolarz,TOR,8476932,7,0.0022442068438977003,0.0007190325995907187,23,-0.002,0.0064
Anthony Stolarz,TOR,8476932,8,0.002317287027835846,0.0007190325995907187,0,-0.0177,0.0223
Anthony Stolarz,TOR,8476932,9,0.002392595401033759,0.0007190325995907187,0,-0.0176,0.0224
Anthony Stolarz,TOR,8476932,10,0.002467609941959381,0.0007190325995907187,0,-0.0175,0.0225
Anthony Stolarz,TOR,8476932,11,0.0025482000783085823,0.0007190325995907187,0,-0.0175,0.0225
Anthony Stolarz,TOR,8476932,12,0.0026292987167835236,0.0007190325995907187,0,-0.0174,0.0226
Anthony Stolarz,TOR,8476932,13,0.002710887463763356,0.0007190325995907187,0,-0.0173,0.0227
Anthony Stolarz,TOR,8476932,14,0.002788747660815716,0.0007190325995907187,0,-0.0172,0.0228
Anthony Stolarz,TOR,8476932,15,0.002868505660444498,0.0007190325995907187,0,-0.0171,0.0229
Anthony Stolarz,TOR,8476932,16,0.0029468280263245106,0.0007190325995907187,0,-0.0171,0.0229
Anthony Stolarz,TOR,8476932,17,0.00303052575327456,0.0007190325995907187,0,-0.017,0.023
Anthony Stolarz,TOR,8476932,18,0.003109194338321686,0.0007190325995907187,3,-0.0084,0.0146
Anthony Stolarz,TOR,8476932,19,0.0031594284810125828,0.0007190325995907187,1,-0.0168,0.0232
Anthony Stolarz,TOR,8476932,20,0.003202238352969289,0.0007190325995907187,0,-0.0168,0.0232
Anthony Stolarz,TOR,8476932,21,0.0032473725732415915,0.0007190325995907187,3,-0.0083,0.0147
Anthony Stolarz,TOR,8476932,22,0.0032669813372194767,0.0007190325995907187,1,-0.0167,0.0233
Anthony Stolarz,TOR,8476932,23,0.0032882641535252333,0.0007190325995907187,0,-0.0167,0.0233
Anthony Stolarz,TOR,8476932,24,0.003309721127152443,0.0007190325995907187,1,-0.0167,0.0233
Anthony Stolarz,TOR,8476932,25,0.0033278921619057655,0.0007190325995907187,2,-0.0108,0.0174
Anthony Stolarz,TOR,8476932,26,0.003325433935970068,0.0007190325995907187,0,-0.0167,0.0233
Anthony Stolarz,TOR,8476932,27,0.003320567775517702,0.0007190325995907187,0,-0.0167,0.0233
Anthony Stolarz,TOR,8476932,28,0.003317426424473524,0.0007190325995907187,0,-0.0167,0.0233
Anthony Stolarz,TOR,8476932,29,0.003314448054879904,0.0007190325995907187,0,-0.0167,0.0233
Anthony Stolarz,TOR,8476932,30,0.0033154247794300318,0.0007190325995907187,0,-0.0167,0.0233
Anthony Stolarz,TOR,8476932,31,0.003319663228467107,0.0007190325995907187,0,-0.0167,0.0233
Anthony Stolarz,TOR,8476932,32,0.003318857867270708,0.0007190325995907187,0,-0.0167,0.0233
Anthony Stolarz,TOR,8476932,33,0.003318529110401869,0.0007190325995907187,0,-0.0167,0.0233
Jakub Dobes,MTL,8482487,0,0.012033907696604729,0.011365626007318497,0,-0.008,0.032
Jakub Dobes,MTL,8482487,1,0.012329299002885818,0.011365626007318497,2,-0.0018,0.0264
Jakub Dobes,MTL,8482487,2,0.012601979076862335,0.011365626007318497,0,-0.0074,0.0326
Jakub Dobes,MTL,8482487,3,0.012873330153524876,0.011365626007318497,1,-0.0071,0.0329
Jakub Dobes,MTL,8482487,4,0.013142227195203304,0.011365626007318497,5,0.0042,0.022
Jakub Dobes,MTL,8482487,5,0.013475739397108555,0.011365626007318497,12,0.0077,0.0193
Jakub Dobes,MTL,8482487,6,0.013719557784497738,0.011365626007318497,0,-0.0063,0.0337
Jakub Dobes,MTL,8482487,7,0.013969216495752335,0.011365626007318497,1,-0.006,0.034
Jakub Dobes,MTL,8482487,8,0.014215261675417423,0.011365626007318497,3,0.0027,0.0257
Jakub Dobes,MTL,8482487,9,0.014532402157783508,0.011365626007318497,7,0.0069,0.0221
Jakub Dobes,MTL,8482487,10,0.014895978383719921,0.011365626007318497,0,-0.0051,0.0349
Jakub Dobes,MTL,8482487,11,0.015265125781297684,0.011365626007318497,8,0.0082,0.0224
Jakub Dobes,MTL,8482487,12,0.015758046880364418,0.011365626007318497,18,0.0111,0.0205
Jakub Dobes,MTL,8482487,13,0.016165664419531822,0.011365626007318497,5,0.0073,0.0251
Jakub Dobes,MTL,8482487,14,0.01651930995285511,0.011365626007318497,0,-0.0035,0.0365
Jakub Dobes,MTL,8482487,15,0.016874853521585464,0.011365626007318497,0,-0.0031,0.0369
Jakub Dobes,MTL,8482487,16,0.01722896471619606,0.011365626007318497,0,-0.0028,0.0372
Jakub Dobes,MTL,8482487,17,0.01758844591677189,0.011365626007318497,7,0.01,0.0252
Jakub Dobes,MTL,8482487,18,0.017874421551823616,0.011365626007318497,7,0.0103,0.0255
Jakub Dobes,MTL,8482487,19,0.018292395398020744,0.011365626007318497,11,0.0123,0.0243
Jakub Dobes,MTL,8482487,20,0.018563956022262573,0.011365626007318497,0,-0.0014,0.0386
Jakub Dobes,MTL,8482487,21,0.018837837502360344,0.011365626007318497,10,0.0125,0.0251
Jakub Dobes,MTL,8482487,22,0.01899118907749653,0.011365626007318497,0,-0.001,0.039
Jakub Dobes,MTL,8482487,23,0.019150128588080406,0.011365626007318497,9,0.0125,0.0259
Jakub Dobes,MTL,8482487,24,0.019309096038341522,0.011365626007318497,18,0.0146,0.024
Jakub Dobes,MTL,8482487,25,0.019387779757380486,0.011365626007318497,5,0.0105,0.0283
Jakub Dobes,MTL,8482487,26,0.01951007731258869,0.011365626007318497,30,0.0158,0.0232
Jakub Dobes,MTL,8482487,27,0.019529033452272415,0.011365626007318497,0,-0.0005,0.0395
Jakub Dobes,MTL,8482487,28,0.01954972743988037,0.011365626007318497,27,0.0157,0.0233
Jakub Dobes,MTL,8482487,29,0.01950247958302498,0.011365626007318497,14,0.0142,0.0248
Jakub Dobes,MTL,8482487,30,0.01931723952293396,0.011365626007318497,13,0.0138,0.0248
Jakub Dobes,MTL,8482487,31,0.01911342702805996,0.011365626007318497,19,0.0145,0.0237
Jakub Dobes,MTL,8482487,32,0.019232861697673798,0.011365626007318497,2,0.0051,0.0333
Jakub Dobes,MTL,8482487,33,0.019339220598340034,0.011365626007318497,13,0.0138,0.0248
Samuel Ersson,PHI,8481035,0,0.0051875971257686615,0.004926137160509825,0,-0.0148,0.0252
Samuel Ersson,PHI,8481035,1,0.005302173551172018,0.004926137160509825,3,-0.0062,0.0168
Samuel Ersson,PHI,8481035,2,0.005491938907653093,0.004926137160509825,2,-0.0086,0.0196
Samuel Ersson,PHI,8481035,3,0.0057690879330039024,0.004926137160509825,1,-0.0142,0.0258
Samuel Ersson,PHI,8481035,4,0.0060335672460496426,0.004926137160509825,2,-0.0081,0.0201
Samuel Ersson,PHI,8481035,5,0.00637430977076292,0.004926137160509825,4,-0.0036,0.0164
Samuel Ersson,PHI,8481035,6,0.006680192891508341,0.004926137160509825,8,-0.0004,0.0138
Samuel Ersson,PHI,8481035,7,0.006915783043950796,0.004926137160509825,2,-0.0072,0.021
Samuel Ersson,PHI,8481035,8,0.007137622218579054,0.004926137160509825,0,-0.0129,0.0271
Samuel Ersson,PHI,8481035,9,0.007361684460192919,0.004926137160509825,0,-0.0126,0.0274
Samuel Ersson,PHI,8481035,10,0.007585459854453802,0.004926137160509825,2,-0.0065,0.0217
Samuel Ersson,PHI,8481035,11,0.007791545242071152,0.004926137160509825,21,0.0034,0.0122
Samuel Ersson,PHI,8481035,12,0.008011643774807453,0.004926137160509825,4,-0.002,0.018
Samuel Ersson,PHI,8481035,13,0.008190160617232323,0.004926137160509825,2,-0.0059,0.0223
Samuel Ersson,PHI,8481035,14,0.008349137380719185,0.004926137160509825,0,-0.0117,0.0283
Samuel Ersson,PHI,8481035,15,0.008510014973580837,0.004926137160509825,1,-0.0115,0.0285
Samuel Ersson,PHI,8481035,16,0.008656085468828678,0.004926137160509825,6,0.0005,0.0169
Samuel Ersson,PHI,8481035,17,0.008753921836614609,0.004926137160509825,10,0.0025,0.0151
Samuel Ersson,PHI,8481035,18,0.008859116584062576,0.004926137160509825,3,-0.0026,0.0204
Samuel Ersson,PHI,8481035,19,0.008923993445932865,0.004926137160509825,6,0.0007,0.0171
Samuel Ersson,PHI,8481035,20,0.00903400406241417,0.004926137160509825,0,-0.011,0.029
Samuel Ersson,PHI,8481035,21,0.009146332740783691,0.004926137160509825,2,-0.005,0.0232
Samuel Ersson,PHI,8481035,22,0.009251044131815434,0.004926137160509825,11,0.0033,0.0153
Samuel Ersson,PHI,8481035,23,0.00938046257942915,0.004926137160509825,2,-0.0047,0.0235
Samuel Ersson,PHI,8481035,24,0.009496709331870079,0.004926137160509825,4,-0.0005,0.0195
Samuel Ersson,PHI,8481035,25,0.00956010539084673,0.004926137160509825,4,-0.0004,0.0196
Samuel Ersson,PHI,8481035,26,0.009669467806816101,0.004926137160509825,2,-0.0044,0.0238
Samuel Ersson,PHI,8481035,27,0.009768777526915073,0.004926137160509825,9,0.0031,0.0165
Samuel Ersson,PHI,8481035,28,0.009765634313225746,0.004926137160509825,0,-0.0102,0.0298
Samuel Ersson,PHI,8481035,29,0.009762659668922424,0.004926137160509825,0,-0.0102,0.0298
Samuel Ersson,PHI,8481035,30,0.009763635694980621,0.004926137160509825,0,-0.0102,0.0298
Samuel Ersson,PHI,8481035,31,0.00976787693798542,0.004926137160509825,0,-0.0102,0.0298
Samuel Ersson,PHI,8481035,32,0.009767069481313229,0.004926137160509825,0,-0.0102,0.0298
Samuel Ersson,PHI,8481035,33,0.00976674072444439,0.004926137160509825,0,-0.0102,0.0298
Lukas Dostal,ANA,8480843,0,-0.0049188463017344475,-0.0033236234448850155,0,-0.0249,0.0151
Lukas Dostal,ANA,8480843,1,-0.0056294589303433895,-0.0033236234448850155,6,-0.0138,0.0026
Lukas Dostal,ANA,8480843,2,-0.006393201183527708,-0.0033236234448850155,1,-0.0264,0.0136
Lukas Dostal,ANA,8480843,3,-0.007165837567299604,-0.0033236234448850155,0,-0.0272,0.0128
Lukas Dostal,ANA,8480843,4,-0.007935225032269955,-0.0033236234448850155,8,-0.015,-0.0008
Lukas Dostal,ANA,8480843,5,-0.00867650005966425,-0.0033236234448850155,0,-0.0287,0.0113
Lukas Dostal,ANA,8480843,6,-0.009416415356099606,-0.0033236234448850155,26,-0.0133,-0.0055
Lukas Dostal,ANA,8480843,7,-0.010332928970456123,-0.0033236234448850155,13,-0.0158,-0.0048
Lukas Dostal,ANA,8480843,8,-0.011250327341258526,-0.0033236234448850155,2,-0.0254,0.0028
Lukas Dostal,ANA,8480843,9,-0.012182943522930145,-0.0033236234448850155,13,-0.0177,-0.0067
Lukas Dostal,ANA,8480843,10,-0.012941117398440838,-0.0033236234448850155,0,-0.0329,0.0071
Lukas Dostal,ANA,8480843,11,-0.013693706132471561,-0.0033236234448850155,0,-0.0337,0.0063
Lukas Dostal,ANA,8480843,12,-0.014445796608924866,-0.0033236234448850155,1,-0.0344,0.0056
Lukas Dostal,ANA,8480843,13,-0.015201334841549397,-0.0033236234448850155,2,-0.0293,-0.0011
Lukas Dostal,ANA,8480843,14,-0.015885427594184875,-0.0033236234448850155,4,-0.0259,-0.0059
Lukas Dostal,ANA,8480843,15,-0.016500180587172508,-0.0033236234448850155,23,-0.0207,-0.0123
Lukas Dostal,ANA,8480843,16,-0.01710355281829834,-0.0033236234448850155,5,-0.026,-0.0082
Lukas Dostal,ANA,8480843,17,-0.017745153978466988,-0.0033236234448850155,16,-0.0227,-0.0127
Lukas Dostal,ANA,8480843,18,-0.01848175749182701,-0.0033236234448850155,15,-0.0237,-0.0133
Lukas Dostal,ANA,8480843,19,-0.019155578687787056,-0.0033236234448850155,5,-0.0281,-0.0103
Lukas Dostal,ANA,8480843,20,-0.01978781260550022,-0.0033236234448850155,11,-0.0258,-0.0138
Lukas Dostal,ANA,8480843,21,-0.02043362706899643,-0.0033236234448850155,13,-0.0259,-0.0149
Lukas Dostal,ANA,8480843,22,-0.020937185734510422,-0.0033236234448850155,5,-0.0298,-0.012
Lukas Dostal,ANA,8480843,23,-0.021390551701188087,-0.0033236234448850155,16,-0.0264,-0.0164
Lukas Dostal,ANA,8480843,24,-0.02199595607817173,-0.0033236234448850155,5,-0.0309,-0.0131
Lukas Dostal,ANA,8480843,25,-0.022647786885499954,-0.0033236234448850155,6,-0.0308,-0.0144
Lukas Dostal,ANA,8480843,26,-0.02315877005457878,-0.0033236234448850155,15,-0.0284,-0.018
Lukas Dostal,ANA,8480843,27,-0.023536227643489838,-0.0033236234448850155,0,-0.0435,-0.0035
Lukas Dostal,ANA,8480843,28,-0.02391195483505726,-0.0033236234448850155,11,-0.0299,-0.0179
Lukas Dostal,ANA,8480843,29,-0.02411029115319252,-0.0033236234448850155,4,-0.0341,-0.0141
Lukas Dostal,ANA,8480843,30,-0.024335619062185287,-0.0033236234448850155,13,-0.0298,-0.0188
Lukas Dostal,ANA,8480843,31,-0.024391701444983482,-0.0033236234448850155,4,-0.0344,-0.0144
Lukas Dostal,ANA,8480843,32,-0.02439250610768795,-0.0033236234448850155,0,-0.0444,-0.0044
Lukas Dostal,ANA,8480843,33,-0.024392835795879364,-0.0033236234448850155,0,-0.0444,-0.0044
Calle Clang,ANA,8482477,0,-1.226835956913419e-05,-0.0001078820278053172,0,-0.02,0.02
Calle Clang,ANA,8482477,1,2.8598726203199476e-05,-0.0001078820278053172,7,-0.0076,0.0076
Calle Clang,ANA,8482477,2,1.7828242562245578e-05,-0.0001078820278053172,1,-0.02,0.02
Calle Clang,ANA,8482477,3,-7.179609383456409e-06,-0.0001078820278053172,0,-0.02,0.02
Calle Clang,ANA,8482477,4,-2.8940346965100616e-05,-0.0001078820278053172,0,-0.02,0.02
Calle Clang,ANA,8482477,5,-5.0173213821835816e-05,-0.0001078820278053172,0,-0.0201,0.0199
Calle Clang,ANA,8482477,6,-7.004856888670474e-05,-0.0001078820278053172,0,-0.0201,0.0199
Calle Clang,ANA,8482477,7,-8.408700523432344e-05,-0.0001078820278053172,0,-0.0201,0.0199
Calle Clang,ANA,8482477,8,-9.437708649784327e-05,-0.0001078820278053172,0,-0.0201,0.0199
Calle Clang,ANA,8482477,9,-0.00010243953147437423,-0.0001078820278053172,0,-0.0201,0.0199
Calle Clang,ANA,8482477,10,-0.00011079428804805502,-0.0001078820278053172,0,-0.0201,0.0199
Calle Clang,ANA,8482477,11,-0.00011357312178006396,-0.0001078820278053172,0,-0.0201,0.0199
Calle Clang,ANA,8482477,12,-0.00011584278399823233,-0.0001078820278053172,0,-0.0201,0.0199
Calle Clang,ANA,8482477,13,-0.00011762171925511211,-0.0001078820278053172,0,-0.0201,0.0199
Calle Clang,ANA,8482477,14,-0.00012312873150222003,-0.0001078820278053172,0,-0.0201,0.0199
Calle Clang,ANA,8482477,15,-0.00012673650053329766,-0.0001078820278053172,0,-0.0201,0.0199
Calle Clang,ANA,8482477,16,-0.00013177987420931458,-0.0001078820278053172,0,-0.0201,0.0199
Calle Clang,ANA,8482477,17,-0.00013144697004463524,-0.0001078820278053172,0,-0.0201,0.0199
Calle Clang,ANA,8482477,18,-0.00013614314957521856,-0.0001078820278053172,0,-0.0201,0.0199
Calle Clang,ANA,8482477,19,-0.00014194968389347196,-0.0001078820278053172,0,-0.0201,0.0199
Calle Clang,ANA,8482477,20,-0.00014765237574465573,-0.0001078820278053172,0,-0.0201,0.0199
Calle Clang,ANA,8482477,21,-0.00015102874021977186,-0.0001078820278053172,0,-0.0202,0.0198
Calle Clang,ANA,8482477,22,-0.00015462363080587238,-0.0001078820278053172,0,-0.0202,0.0198
Calle Clang,ANA,8482477,23,-0.00015262639499269426,-0.0001078820278053172,0,-0.0202,0.0198
Calle Clang,ANA,8482477,24,-0.0001504549290984869,-0.0001078820278053172,0,-0.0202,0.0198
Calle Clang,ANA,8482477,25,-0.00014868626021780074,-0.0001078820278053172,0,-0.0201,0.0199
Calle Clang,ANA,8482477,26,-0.0001511494629085064,-0.0001078820278053172,0,-0.0202,0.0198
Calle Clang,ANA,8482477,27,-0.00015602094936184585,-0.0001078820278053172,0,-0.0202,0.0198
Calle Clang,ANA,8482477,28,-0.00015916585107333958,-0.0001078820278053172,0,-0.0202,0.0198
Calle Clang,ANA,8482477,29,-0.00016214825154747814,-0.0001078820278053172,0,-0.0202,0.0198
Calle Clang,ANA,8482477,30,-0.00016117292398121208,-0.0001078820278053172,0,-0.0202,0.0198
Calle Clang,ANA,8482477,31,-0.00015693751629441977,-0.0001078820278053172,0,-0.0202,0.0198
Calle Clang,ANA,8482477,32,-0.00015774280473124236,-0.0001078820278053172,0,-0.0202,0.0198
Calle Clang,ANA,8482477,33,-0.0001580730895511806,-0.0001078820278053172,0,-0.0202,0.0198
Alex Lyon,BUF,8479312,0,0.01256913598626852,0.0118678268045187,0,-0.0074,0.0326
Alex Lyon,BUF,8479312,1,0.012879198417067528,0.0118678268045187,12,0.0071,0.0187
Alex Lyon,BUF,8479312,2,0.013187176547944546,0.0118678268045187,0,-0.0068,0.0332
Alex Lyon,BUF,8479312,3,0.013493819162249565,0.0118678268045187,12,0.0077,0.0193
Alex Lyon,BUF,8479312,4,0.013698117807507515,0.0118678268045187,54,0.011,0.0164
Alex Lyon,BUF,8479312,5,0.013597299344837666,0.0118678268045187,12,0.0078,0.0194
Alex Lyon,BUF,8479312,6,0.013469810597598553,0.0118678268045187,3,0.002,0.025
Alex Lyon,BUF,8479312,7,0.013425283133983612,0.0118678268045187,11,0.0074,0.0194
Alex Lyon,BUF,8479312,8,0.013284916989505291,0.0118678268045187,0,-0.0067,0.0333
Alex Lyon,BUF,8479312,9,0.013146772049367428,0.0118678268045187,0,-0.0069,0.0331
Alex Lyon,BUF,8479312,10,0.01300833560526371,0.0118678268045187,1,-0.007,0.033
Alex Lyon,BUF,8479312,11,0.012867936864495277,0.0118678268045187,0,-0.0071,0.0329
Alex Lyon,BUF,8479312,12,0.012728049419820309,0.0118678268045187,3,0.0012,0.0242
Alex Lyon,BUF,8479312,13,0.012570017017424107,0.0118678268045187,10,0.0063,0.0189
Alex Lyon,BUF,8479312,14,0.012434575706720352,0.0118678268045187,0,-0.0076,0.0324
Alex Lyon,BUF,8479312,15,0.012301027774810791,0.0118678268045187,2,-0.0018,0.0264
Alex Lyon,BUF,8479312,16,0.012142465449869633,0.0118678268045187,0,-0.0079,0.0321
Alex Lyon,BUF,8479312,17,0.011989270336925983,0.0118678268045187,0,-0.008,0.032
Alex Lyon,BUF,8479312,18,0.011831049807369709,0.0118678268045187,3,0.0003,0.0233
Alex Lyon,BUF,8479312,19,0.011632787063717842,0.0118678268045187,10,0.0053,0.0179
Alex Lyon,BUF,8479312,20,0.011559330858290195,0.0118678268045187,7,0.004,0.0192
Alex Lyon,BUF,8479312,21,0.01143384724855423,0.0118678268045187,1,-0.0086,0.0314
Alex Lyon,BUF,8479312,22,0.011295141652226448,0.0118678268045187,0,-0.0087,0.0313
Alex Lyon,BUF,8479312,23,0.011162026785314083,0.0118678268045187,1,-0.0088,0.0312
Alex Lyon,BUF,8479312,24,0.011018138378858566,0.0118678268045187,8,0.0039,0.0181
Alex Lyon,BUF,8479312,25,0.01098471600562334,0.0118678268045187,0,-0.009,0.031
Alex Lyon,BUF,8479312,26,0.010947061702609062,0.0118678268045187,0,-0.0091,0.0309
Alex Lyon,BUF,8479312,27,0.010906994342803955,0.0118678268045187,0,-0.0091,0.0309
Alex Lyon,BUF,8479312,28,0.010868649929761887,0.0118678268045187,5,0.002,0.0198
Alex Lyon,BUF,8479312,29,0.010877915658056736,0.0118678268045187,13,0.0054,0.0164
Alex Lyon,BUF,8479312,30,0.010798444971442223,0.0118678268045187,21,0.0064,0.0152
Alex Lyon,BUF,8479312,31,0.010624608024954796,0.0118678268045187,2,-0.0035,0.0247
Alex Lyon,BUF,8479312,32,0.010623804293572903,0.0118678268045187,0,-0.0094,0.0306
Alex Lyon,BUF,8479312,33,0.010623474605381489,0.0118678268045187,0,-0.0094,0.0306
Cam Talbot,DET,8475660,0,-0.027199050411581993,-0.026644045487046242,0,-0.0472,-0.0072
Cam Talbot,DET,8475660,1,-0.02744733914732933,-0.026644045487046242,4,-0.0374,-0.0174
Cam Talbot,DET,8475660,2,-0.02754630707204342,-0.026644045487046242,2,-0.0416,-0.0134
Cam Talbot,DET,8475660,3,-0.027655167505145073,-0.026644045487046242,7,-0.0353,-0.0201
Cam Talbot,DET,8475660,4,-0.027816034853458405,-0.026644045487046242,8,-0.0349,-0.0207
Cam Talbot,DET,8475660,5,-0.028035199269652367,-0.026644045487046242,1,-0.048,-0.008
Cam Talbot,DET,8475660,6,-0.02825845219194889,-0.026644045487046242,4,-0.0383,-0.0183
Cam Talbot,DET,8475660,7,-0.028414878994226456,-0.026644045487046242,5,-0.0373,-0.0195
Cam Talbot,DET,8475660,8,-0.028494952246546745,-0.026644045487046242,3,-0.04,-0.017
Cam Talbot,DET,8475660,9,-0.028598766773939133,-0.026644045487046242,8,-0.0357,-0.0215
Cam Talbot,DET,8475660,10,-0.02857430838048458,-0.026644045487046242,8,-0.0357,-0.0215
Cam Talbot,DET,8475660,11,-0.02852206490933895,-0.026644045487046242,0,-0.0485,-0.0085
Cam Talbot,DET,8475660,12,-0.02846931666135788,-0.026644045487046242,0,-0.0485,-0.0085
Cam Talbot,DET,8475660,13,-0.028416071087121964,-0.026644045487046242,10,-0.0347,-0.0221
Cam Talbot,DET,8475660,14,-0.028450824320316315,-0.026644045487046242,6,-0.0367,-0.0203
Cam Talbot,DET,8475660,15,-0.02844538539648056,-0.026644045487046242,4,-0.0384,-0.0184
Cam Talbot,DET,8475660,16,-0.02848462574183941,-0.026644045487046242,0,-0.0485,-0.0085
Cam Talbot,DET,8475660,17,-0.02851848118007183,-0.026644045487046242,1,-0.0485,-0.0085
Cam Talbot,DET,8475660,18,-0.02856059931218624,-0.026644045487046242,0,-0.0486,-0.0086
Cam Talbot,DET,8475660,19,-0.028603820130228996,-0.026644045487046242,0,-0.0486,-0.0086
Cam Talbot,DET,8475660,20,-0.02864694409072399,-0.026644045487046242,0,-0.0486,-0.0086
Cam Talbot,DET,8475660,21,-0.0286877304315567,-0.026644045487046242,0,-0.0487,-0.0087
Cam Talbot,DET,8475660,22,-0.02872873842716217,-0.026644045487046242,0,-0.0487,-0.0087
Cam Talbot,DET,8475660,23,-0.028764156624674797,-0.026644045487046242,0,-0.0488,-0.0088
Cam Talbot,DET,8475660,24,-0.028799381107091904,-0.026644045487046242,0,-0.0488,-0.0088
Cam Talbot,DET,8475660,25,-0.028835026547312737,-0.026644045487046242,6,-0.037,-0.0206
Cam Talbot,DET,8475660,26,-0.028830965980887413,-0.026644045487046242,1,-0.0488,-0.0088
Cam Talbot,DET,8475660,27,-0.028835847973823547,-0.026644045487046242,0,-0.0488,-0.0088
Cam Talbot,DET,8475660,28,-0.028839008882641792,-0.026644045487046242,0,-0.0488,-0.0088
Cam Talbot,DET,8475660,29,-0.028842002153396606,-0.026644045487046242,0,-0.0488,-0.0088
Cam Talbot,DET,8475660,30,-0.028841031715273857,-0.026644045487046242,0,-0.0488,-0.0088
Cam Talbot,DET,8475660,31,-0.028836803510785103,-0.026644045487046242,0,-0.0488,-0.0088
Cam Talbot,DET,8475660,32,-0.02883761003613472,-0.026644045487046242,0,-0.0488,-0.0088
Cam Talbot,DET,8475660,33,-0.028837941586971283,-0.026644045487046242,0,-0.0488,-0.0088
Charlie Lindgren,WSH,8479292,0,0.010737887583673,0.011123192496597767,0,-0.0093,0.0307
Charlie Lindgren,WSH,8479292,1,0.010565008968114853,0.011123192496597767,2,-0.0035,0.0247
Charlie Lindgren,WSH,8479292,2,0.010371408425271511,0.011123192496597767,7,0.0028,0.018
Charlie Lindgren,WSH,8479292,3,0.010115236043930054,0.011123192496597767,0,-0.0099,0.0301
Charlie Lindgren,WSH,8479292,4,0.00986231304705143,0.011123192496597767,9,0.0032,0.0166
Charlie Lindgren,WSH,8479292,5,0.00962667167186737,0.011123192496597767,8,0.0025,0.0167
Charlie Lindgren,WSH,8479292,6,0.00960584357380867,0.011123192496597767,2,-0.0045,0.0237
Charlie Lindgren,WSH,8479292,7,0.009564846754074097,0.011123192496597767,3,-0.0019,0.0211
Charlie Lindgren,WSH,8479292,8,0.009502249769866467,0.011123192496597767,0,-0.0105,0.0295
Charlie Lindgren,WSH,8479292,9,0.00944188516587019,0.011123192496597767,14,0.0041,0.0147
Charlie Lindgren,WSH,8479292,10,0.009362507611513138,0.011123192496597767,5,0.0005,0.0183
Charlie Lindgren,WSH,8479292,11,0.009321615099906921,0.011123192496597767,2,-0.0048,0.0234
Charlie Lindgren,WSH,8479292,12,0.009261815808713436,0.011123192496597767,0,-0.0107,0.0293
Charlie Lindgren,WSH,8479292,13,0.009202508255839348,0.011123192496597767,2,-0.0049,0.0233
Charlie Lindgren,WSH,8479292,14,0.009222636930644512,0.011123192496597767,0,-0.0108,0.0292
Charlie Lindgren,WSH,8479292,15,0.009244672022759914,0.011123192496597767,4,-0.0008,0.0192
Charlie Lindgren,WSH,8479292,16,0.009337371215224266,0.011123192496597767,4,-0.0007,0.0193
Charlie Lindgren,WSH,8479292,17,0.009398185648024082,0.011123192496597767,0,-0.0106,0.0294
Charlie Lindgren,WSH,8479292,18,0.009453960694372654,0.011123192496597767,1,-0.0105,0.0295
Charlie Lindgren,WSH,8479292,19,0.009498859755694866,0.011123192496597767,0,-0.0105,0.0295
Charlie Lindgren,WSH,8479292,20,0.009543854743242264,0.011123192496597767,0,-0.0105,0.0295
Charlie Lindgren,WSH,8479292,21,0.009591177105903625,0.011123192496597767,2,-0.0045,0.0237
Charlie Lindgren,WSH,8479292,22,0.00961606577038765,0.011123192496597767,1,-0.0104,0.0296
Charlie Lindgren,WSH,8479292,23,0.009630605578422546,0.011123192496597767,0,-0.0104,0.0296
Charlie Lindgren,WSH,8479292,24,0.00964532233774662,0.011123192496597767,0,-0.0104,0.0296
Charlie Lindgren,WSH,8479292,25,0.009659630246460438,0.011123192496597767,1,-0.0103,0.0297
Charlie Lindgren,WSH,8479292,26,0.009657180868089199,0.011123192496597767,0,-0.0103,0.0297
Charlie Lindgren,WSH,8479292,27,0.009652323089540005,0.011123192496597767,0,-0.0103,0.0297
Charlie Lindgren,WSH,8479292,28,0.009649189189076424,0.011123192496597767,0,-0.0104,0.0296
Charlie Lindgren,WSH,8479292,29,0.009646212682127953,0.011123192496597767,0,-0.0104,0.0296
Charlie Lindgren,WSH,8479292,30,0.009647196158766747,0.011123192496597767,0,-0.0104,0.0296
Charlie Lindgren,WSH,8479292,31,0.009651437401771545,0.011123192496597767,0,-0.0103,0.0297
Charlie Lindgren,WSH,8479292,32,0.009650632739067078,0.011123192496597767,0,-0.0103,0.0297
Charlie Lindgren,WSH,8479292,33,0.009650305844843388,0.011123192496597767,0,-0.0103,0.0297
Frederik Andersen,CAR,8475883,0,-0.0052687120623886585,-0.005405366886407137,0,-0.0253,0.0147
Frederik Andersen,CAR,8475883,1,-0.0052096047438681126,-0.005405366886407137,2,-0.0193,0.0089
Frederik Andersen,CAR,8475883,2,-0.005159391555935144,-0.005405366886407137,1,-0.0252,0.0148
Frederik Andersen,CAR,8475883,3,-0.00512815872207284,-0.005405366886407137,8,-0.0122,0.002
Frederik Andersen,CAR,8475883,4,-0.005065971054136753,-0.005405366886407137,2,-0.0192,0.009
Frederik Andersen,CAR,8475883,5,-0.00501848291605711,-0.005405366886407137,6,-0.0132,0.0032
Frederik Andersen,CAR,8475883,6,-0.005068017635494471,-0.005405366886407137,6,-0.0133,0.0031
Frederik Andersen,CAR,8475883,7,-0.00506737781688571,-0.005405366886407137,7,-0.0127,0.0025
Frederik Andersen,CAR,8475883,8,-0.005041983909904957,-0.005405366886407137,16,-0.01,-0.0
Frederik Andersen,CAR,8475883,9,-0.004958581645041704,-0.005405366886407137,3,-0.0165,0.0065
Frederik Andersen,CAR,8475883,10,-0.004792647901922464,-0.005405366886407137,2,-0.0189,0.0093
Frederik Andersen,CAR,8475883,11,-0.00464139087125659,-0.005405366886407137,4,-0.0146,0.0054
Frederik Andersen,CAR,8475883,12,-0.004536343738436699,-0.005405366886407137,0,-0.0245,0.0155
Frederik Andersen,CAR,8475883,13,-0.004430805798619986,-0.005405366886407137,0,-0.0244,0.0156
Frederik Andersen,CAR,8475883,14,-0.004328995011746883,-0.005405366886407137,2,-0.0184,0.0098
Frederik Andersen,CAR,8475883,15,-0.004142503719776869,-0.005405366886407137,15,-0.0093,0.0011
Frederik Andersen,CAR,8475883,16,-0.003923415206372738,-0.005405366886407137,7,-0.0115,0.0037
Frederik Andersen,CAR,8475883,17,-0.0037718177773058414,-0.005405366886407137,4,-0.0138,0.0062
Frederik Andersen,CAR,8475883,18,-0.003667011857032776,-0.005405366886407137,1,-0.0237,0.0163
Frederik Andersen,CAR,8475883,19,-0.0035753773991018534,-0.005405366886407137,0,-0.0236,0.0164
Frederik Andersen,CAR,8475883,20,-0.003483639797195792,-0.005405366886407137,0,-0.0235,0.0165
Frederik Andersen,CAR,8475883,21,-0.0033895757514983416,-0.005405366886407137,0,-0.0234,0.0166
Frederik Andersen,CAR,8475883,22,-0.0032957284711301327,-0.005405366886407137,17,-0.0082,0.0016
Frederik Andersen,CAR,8475883,23,-0.0030754406470805407,-0.005405366886407137,8,-0.0102,0.004
Frederik Andersen,CAR,8475883,24,-0.002825364703312516,-0.005405366886407137,16,-0.0078,0.0022
Frederik Andersen,CAR,8475883,25,-0.0026058265939354897,-0.005405366886407137,3,-0.0141,0.0089
Frederik Andersen,CAR,8475883,26,-0.002420595847070217,-0.005405366886407137,0,-0.0224,0.0176
Frederik Andersen,CAR,8475883,27,-0.0022377721033990383,-0.005405366886407137,10,-0.0085,0.0041
Frederik Andersen,CAR,8475883,28,-0.0021736950147897005,-0.005405366886407137,4,-0.0122,0.0078
Frederik Andersen,CAR,8475883,29,-0.0021451087668538094,-0.005405366886407137,6,-0.0103,0.0061
Frederik Andersen,CAR,8475883,30,-0.0021606762893497944,-0.005405366886407137,7,-0.0098,0.0054
Frederik Andersen,CAR,8475883,31,-0.002144638216122985,-0.005405366886407137,0,-0.0221,0.0179
Frederik Andersen,CAR,8475883,32,-0.0021336404606699944,-0.005405366886407137,1,-0.0221,0.0179
Frederik Andersen,CAR,8475883,33,-0.0021339701488614082,-0.005405366886407137,0,-0.0221,0.0179
8473575,,8473575,0,-0.005106789525598288,-0.0050571574829518795,0,-0.0251,0.0149
8473575,,8473575,1,-0.005130477249622345,-0.0050571574829518795,0,-0.0251,0.0149
8473575,,8473575,2,-0.005154194310307503,-0.0050571574829518795,0,-0.0252,0.0148
8473575,,8473575,3,-0.00517924502491951,-0.0050571574829518795,0,-0.0252,0.0148
8473575,,8473575,4,-0.005201045423746109,-0.0050571574829518795,0,-0.0252,0.0148
8473575,,8473575,5,-0.005222317762672901,-0.0050571574829518795,0,-0.0252,0.0148
8473575,,8473575,6,-0.005242231767624617,-0.0050571574829518795,0,-0.0252,0.0148
8473575,,8473575,7,-0.00525630684569478,-0.0050571574829518795,0,-0.0253,0.0147
8473575,,8473575,8,-0.005266633816063404,-0.0050571574829518795,0,-0.0253,0.0147
8473575,,8473575,9,-0.005274728871881962,-0.0050571574829518795,0,-0.0253,0.0147
8473575,,8473575,10,-0.005283118691295385,-0.0050571574829518795,0,-0.0253,0.0147
8473575,,8473575,11,-0.005285928491503,-0.0050571574829518795,0,-0.0253,0.0147
8473575,,8473575,12,-0.005288229323923588,-0.0050571574829518795,0,-0.0253,0.0147
8473575,,8473575,13,-0.0052900370210409164,-0.0050571574829518795,0,-0.0253,0.0147
8473575,,8473575,14,-0.005295572802424431,-0.0050571574829518795,0,-0.0253,0.0147
8473575,,8473575,15,-0.0052992054261267185,-0.0050571574829518795,0,-0.0253,0.0147
8473575,,8473575,16,-0.005304274614900351,-0.0050571574829518795,0,-0.0253,0.0147
8473575,,8473575,17,-0.0053039658814668655,-0.0050571574829518795,0,-0.0253,0.0147
8473575,,8473575,18,-0.0053086839616298676,-0.0050571574829518795,0,-0.0253,0.0147
8473575,,8473575,19,-0.005314511246979237,-0.0050571574829518795,0,-0.0253,0.0147
8473575,,8473575,20,-0.005320234224200249,-0.0050571574829518795,0,-0.0253,0.0147
8473575,,8473575,21,-0.005323628894984722,-0.0050571574829518795,0,-0.0253,0.0147
8473575,,8473575,22,-0.005327239632606506,-0.0050571574829518795,0,-0.0253,0.0147
8473575,,8473575,23,-0.005325257778167725,-0.0050571574829518795,0,-0.0253,0.0147
8473575,,8473575,24,-0.005323100369423628,-0.0050571574829518795,0,-0.0253,0.0147
8473575,,8473575,25,-0.00532134436070919,-0.0050571574829518795,0,-0.0253,0.0147
8473575,,8473575,26,-0.005323819350451231,-0.0050571574829518795,0,-0.0253,0.0147
8473575,,8473575,27,-0.005328699015080929,-0.0050571574829518795,0,-0.0253,0.0147
8473575,,8473575,28,-0.005331852473318577,-0.0050571574829518795,0,-0.0253,0.0147
8473575,,8473575,29,-0.005334840621799231,-0.0050571574829518795,0,-0.0253,0.0147
8473575,,8473575,30,-0.005333871580660343,-0.0050571574829518795,0,-0.0253,0.0147
8473575,,8473575,31,-0.005329638719558716,-0.0050571574829518795,0,-0.0253,0.0147
8473575,,8473575,32,-0.0053304461762309074,-0.0050571574829518795,0,-0.0253,0.0147
8473575,,8473575,33,-0.005330777261406183,-0.0050571574829518795,0,-0.0253,0.0147
Jakub Skarek,SJS,8480819,0,-0.0019624060951173306,-0.0019630847964435816,0,-0.022,0.018
Jakub Skarek,SJS,8480819,1,-0.001963730901479721,-0.0019630847964435816,0,-0.022,0.018
Jakub Skarek,SJS,8480819,2,-0.0019650892354547977,-0.0019630847964435816,3,-0.0135,0.0095
Jakub Skarek,SJS,8480819,3,-0.0019901148043572903,-0.0019630847964435816,0,-0.022,0.018
Jakub Skarek,SJS,8480819,4,-0.0020118935499340296,-0.0019630847964435816,0,-0.022,0.018
Jakub Skarek,SJS,8480819,5,-0.0020331433042883873,-0.0019630847964435816,0,-0.022,0.018
Jakub Skarek,SJS,8480819,6,-0.0020530354231595993,-0.0019630847964435816,0,-0.0221,0.0179
Jakub Skarek,SJS,8480819,7,-0.002067089779302478,-0.0019630847964435816,0,-0.0221,0.0179
Jakub Skarek,SJS,8480819,8,-0.0020773953292518854,-0.0019630847964435816,0,-0.0221,0.0179
Jakub Skarek,SJS,8480819,9,-0.0020854726899415255,-0.0019630847964435816,0,-0.0221,0.0179
Jakub Skarek,SJS,8480819,10,-0.0020938420202583075,-0.0019630847964435816,0,-0.0221,0.0179
Jakub Skarek,SJS,8480819,11,-0.0020966348238289356,-0.0019630847964435816,0,-0.0221,0.0179
Jakub Skarek,SJS,8480819,12,-0.002098917728289962,-0.0019630847964435816,0,-0.0221,0.0179
Jakub Skarek,SJS,8480819,13,-0.0021007093600928783,-0.0019630847964435816,0,-0.0221,0.0179
Jakub Skarek,SJS,8480819,14,-0.0021062286105006933,-0.0019630847964435816,0,-0.0221,0.0179
Jakub Skarek,SJS,8480819,15,-0.002109847730025649,-0.0019630847964435816,0,-0.0221,0.0179
Jakub Skarek,SJS,8480819,16,-0.0021149020176380873,-0.0019630847964435816,0,-0.0221,0.0179
Jakub Skarek,SJS,8480819,17,-0.0021145797800272703,-0.0019630847964435816,0,-0.0221,0.0179
Jakub Skarek,SJS,8480819,18,-0.002119285287335515,-0.0019630847964435816,0,-0.0221,0.0179
Jakub Skarek,SJS,8480819,19,-0.002125101163983345,-0.0019630847964435816,0,-0.0221,0.0179
Jakub Skarek,SJS,8480819,20,-0.0021308124996721745,-0.0019630847964435816,0,-0.0221,0.0179
Jakub Skarek,SJS,8480819,21,-0.0021341966930776834,-0.0019630847964435816,0,-0.0221,0.0179
Jakub Skarek,SJS,8480819,22,-0.0021377988159656525,-0.0019630847964435816,0,-0.0221,0.0179
Jakub Skarek,SJS,8480819,23,-0.002135808579623699,-0.0019630847964435816,0,-0.0221,0.0179
Jakub Skarek,SJS,8480819,24,-0.0021336425561457872,-0.0019630847964435816,0,-0.0221,0.0179
Jakub Skarek,SJS,8480819,25,-0.002131880261003971,-0.0019630847964435816,0,-0.0221,0.0179
Jakub Skarek,SJS,8480819,26,-0.002134347567334771,-0.0019630847964435816,0,-0.0221,0.0179
Jakub Skarek,SJS,8480819,27,-0.0021392235066741705,-0.0019630847964435816,0,-0.0221,0.0179
Jakub Skarek,SJS,8480819,28,-0.002142371842637658,-0.0019630847964435816,0,-0.0221,0.0179
Jakub Skarek,SJS,8480819,29,-0.002145357197150588,-0.0019630847964435816,0,-0.0221,0.0179
Jakub Skarek,SJS,8480819,30,-0.0021443841978907585,-0.0019630847964435816,0,-0.0221,0.0179
Jakub Skarek,SJS,8480819,31,-0.002140150172635913,-0.0019630847964435816,0,-0.0221,0.0179
Jakub Skarek,SJS,8480819,32,-0.0021409569308161736,-0.0019630847964435816,0,-0.0221,0.0179
Jakub Skarek,SJS,8480819,33,-0.0021412866190075874,-0.0019630847964435816,0,-0.0221,0.0179
Jake Oettinger,DAL,8479979,0,0.014810039661824703,0.01559605821967125,0,-0.0052,0.0348
Jake Oettinger,DAL,8479979,1,0.014459067024290562,0.01559605821967125,8,0.0074,0.0216
Jake Oettinger,DAL,8479979,2,0.014152467250823975,0.01559605821967125,7,0.0066,0.0218
Jake Oettinger,DAL,8479979,3,0.013884550891816616,0.01559605821967125,8,0.0068,0.021
Jake Oettinger,DAL,8479979,4,0.013739298097789288,0.01559605821967125,13,0.0082,0.0192
Jake Oettinger,DAL,8479979,5,0.01368244644254446,0.01559605821967125,18,0.009,0.0184
Jake Oettinger,DAL,8479979,6,0.013708957470953465,0.01559605821967125,7,0.0061,0.0213
Jake Oettinger,DAL,8479979,7,0.013687726110219955,0.01559605821967125,12,0.0079,0.0195
Jake Oettinger,DAL,8479979,8,0.013774042017757893,0.01559605821967125,2,-0.0003,0.0279
Jake Oettinger,DAL,8479979,9,0.013847417198121548,0.01559605821967125,0,-0.0062,0.0338
Jake Oettinger,DAL,8479979,10,0.013920505531132221,0.01559605821967125,6,0.0057,0.0221
Jake Oettinger,DAL,8479979,11,0.013952701352536678,0.01559605821967125,12,0.0082,0.0198
Jake Oettinger,DAL,8479979,12,0.013873497024178505,0.01559605821967125,4,0.0039,0.0239
Jake Oettinger,DAL,8479979,13,0.013851688243448734,0.01559605821967125,11,0.0079,0.0199
Jake Oettinger,DAL,8479979,14,0.013728616759181023,0.01559605821967125,3,0.0022,0.0252
Jake Oettinger,DAL,8479979,15,0.013570665381848812,0.01559605821967125,14,0.0083,0.0189
Jake Oettinger,DAL,8479979,16,0.013363227248191833,0.01559605821967125,0,-0.0066,0.0334
Jake Oettinger,DAL,8479979,17,0.013161160983145237,0.01559605821967125,5,0.0043,0.0221
Jake Oettinger,DAL,8479979,18,0.012913251295685768,0.01559605821967125,9,0.0062,0.0196
Jake Oettinger,DAL,8479979,19,0.012778961099684238,0.01559605821967125,1,-0.0072,0.0328
Jake Oettinger,DAL,8479979,20,0.012732968665659428,0.01559605821967125,15,0.0075,0.0179
Jake Oettinger,DAL,8479979,21,0.012851735576987267,0.01559605821967125,8,0.0058,0.02
Jake Oettinger,DAL,8479979,22,0.01298164390027523,0.01559605821967125,26,0.0091,0.0169
Jake Oettinger,DAL,8479979,23,0.012851896695792675,0.01559605821967125,3,0.0014,0.0244
Jake Oettinger,DAL,8479979,24,0.01268733385950327,0.01559605821967125,1,-0.0073,0.0327
Jake Oettinger,DAL,8479979,25,0.012509356252849102,0.01559605821967125,17,0.0076,0.0174
Jake Oettinger,DAL,8479979,26,0.012174333445727825,0.01559605821967125,17,0.0073,0.0171
Jake Oettinger,DAL,8479979,27,0.012087670154869556,0.01559605821967125,9,0.0054,0.0188
Jake Oettinger,DAL,8479979,28,0.012200683355331421,0.01559605821967125,12,0.0064,0.018
Jake Oettinger,DAL,8479979,29,0.012223923578858376,0.01559605821967125,13,0.0067,0.0177
Jake Oettinger,DAL,8479979,30,0.012224904261529446,0.01559605821967125,0,-0.0078,0.0322
Jake Oettinger,DAL,8479979,31,0.012229140847921371,0.01559605821967125,0,-0.0078,0.0322
Jake Oettinger,DAL,8479979,32,0.012228339910507202,0.01559605821967125,0,-0.0078,0.0322
Jake Oettinger,DAL,8479979,33,0.01222800463438034,0.01559605821967125,0,-0.0078,0.0322
8484835,,8484835,0,0.0005947569734416902,0.0006442633457481861,0,-0.0194,0.0206
8484835,,8484835,1,0.0005711258854717016,0.0006442633457481861,0,-0.0194,0.0206
8484835,,8484835,2,0.0005474619101732969,0.0006442633457481861,0,-0.0195,0.0205
8484835,,8484835,3,0.0005224646884016693,0.0006442633457481861,0,-0.0195,0.0205
8484835,,8484835,4,0.0005007144063711166,0.0006442633457481861,0,-0.0195,0.0205
8484835,,8484835,5,0.0004794915730599314,0.0006442633457481861,0,-0.0195,0.0205
8484835,,8484835,6,0.00045962590957060456,0.0006442633457481861,0,-0.0195,0.0205
8484835,,8484835,7,0.0004455970774870366,0.0006442633457481861,0,-0.0196,0.0204
8484835,,8484835,8,0.00043531612027436495,0.0006442633457481861,0,-0.0196,0.0204
8484835,,8484835,9,0.00042726239189505577,0.0006442633457481861,0,-0.0196,0.0204
8484835,,8484835,10,0.00041891622822731733,0.0006442633457481861,0,-0.0196,0.0204
8484835,,8484835,11,0.0004161454562563449,0.0006442633457481861,0,-0.0196,0.0204
8484835,,8484835,12,0.00041388371028006077,0.0006442633457481861,0,-0.0196,0.0204
8484835,,8484835,13,0.0004121122183278203,0.0006442633457481861,0,-0.0196,0.0204
8484835,,8484835,14,0.00040661232196725905,0.0006442633457481861,0,-0.0196,0.0204
8484835,,8484835,15,0.00040301133412867785,0.0006442633457481861,0,-0.0196,0.0204
8484835,,8484835,16,0.00039797453791834414,0.0006442633457481861,0,-0.0196,0.0204
8484835,,8484835,17,0.00039831342292018235,0.0006442633457481861,0,-0.0196,0.0204
8484835,,8484835,18,0.00039362299139611423,0.0006442633457481861,0,-0.0196,0.0204
8484835,,8484835,19,0.00038782181218266487,0.0006442633457481861,0,-0.0196,0.0204
8484835,,8484835,20,0.0003821242426056415,0.0006442633457481861,0,-0.0196,0.0204
8484835,,8484835,21,0.0003787524765357375,0.0006442633457481861,0,-0.0196,0.0204
8484835,,8484835,22,0.0003751617041416466,0.0006442633457481861,0,-0.0196,0.0204
8484835,,8484835,23,0.00037716308725066483,0.0006442633457481861,0,-0.0196,0.0204
8484835,,8484835,24,0.0003793379873968661,0.0006442633457481861,0,-0.0196,0.0204
8484835,,8484835,25,0.00038110982859507203,0.0006442633457481861,0,-0.0196,0.0204
8484835,,8484835,26,0.00037864953628741205,0.0006442633457481861,0,-0.0196,0.0204
8484835,,8484835,27,0.00037378043634817004,0.0006442633457481861,0,-0.0196,0.0204
8484835,,8484835,28,0.00037063765921629965,0.0006442633457481861,0,-0.0196,0.0204
8484835,,8484835,29,0.00036765681579709053,0.0006442633457481861,0,-0.0196,0.0204
8484835,,8484835,30,0.0003686336276587099,0.0006442633457481861,0,-0.0196,0.0204
8484835,,8484835,31,0.0003728698065970093,0.0006442633457481861,0,-0.0196,0.0204
8484835,,8484835,32,0.00037206531851552427,0.0006442633457481861,0,-0.0196,0.0204
8484835,,8484835,33,0.0003717349609360099,0.0006442633457481861,0,-0.0196,0.0204
8470594,,8470594,0,-0.015009302645921707,-0.014959460124373436,0,-0.035,0.005
8470594,,8470594,1,-0.015033080242574215,-0.014959460124373436,0,-0.035,0.005
8470594,,8470594,2,-0.015056883916258812,-0.014959460124373436,0,-0.0351,0.0049
8470594,,8470594,3,-0.015082022175192833,-0.014959460124373436,0,-0.0351,0.0049
8470594,,8470594,4,-0.015103906393051147,-0.014959460124373436,0,-0.0351,0.0049
8470594,,8470594,5,-0.015125259757041931,-0.014959460124373436,0,-0.0351,0.0049
8470594,,8470594,6,-0.015145250596106052,-0.014959460124373436,0,-0.0351,0.0049
8470594,,8470594,7,-0.015159403905272484,-0.014959460124373436,0,-0.0352,0.0048
8470594,,8470594,8,-0.015169799327850342,-0.014959460124373436,0,-0.0352,0.0048
8470594,,8470594,9,-0.015177971683442593,-0.014959460124373436,0,-0.0352,0.0048
8470594,,8470594,10,-0.015186424367129803,-0.014959460124373436,0,-0.0352,0.0048
8470594,,8470594,11,-0.015189304016530514,-0.014959460124373436,0,-0.0352,0.0048
8470594,,8470594,12,-0.01519166398793459,-0.014959460124373436,0,-0.0352,0.0048
8470594,,8470594,13,-0.015193535014986992,-0.014959460124373436,0,-0.0352,0.0048
8470594,,8470594,14,-0.015199124813079834,-0.014959460124373436,0,-0.0352,0.0048
8470594,,8470594,15,-0.015202815644443035,-0.014959460124373436,0,-0.0352,0.0048
8470594,,8470594,16,-0.015207935124635696,-0.014959460124373436,0,-0.0352,0.0048
8470594,,8470594,17,-0.015207675285637379,-0.014959460124373436,0,-0.0352,0.0048
8470594,,8470594,18,-0.015212440863251686,-0.014959460124373436,0,-0.0352,0.0048
8470594,,8470594,19,-0.015218310058116913,-0.014959460124373436,0,-0.0352,0.0048
8470594,,8470594,20,-0.015224072150886059,-0.014959460124373436,0,-0.0352,0.0048
8470594,,8470594,21,-0.015227504074573517,-0.014959460124373436,0,-0.0352,0.0048
8470594,,8470594,22,-0.015231151133775711,-0.014959460124373436,0,-0.0352,0.0048
8470594,,8470594,23,-0.015229199081659317,-0.014959460124373436,0,-0.0352,0.0048
8470594,,8470594,24,-0.015227070078253746,-0.014959460124373436,0,-0.0352,0.0048
8470594,,8470594,25,-0.015225340612232685,-0.014959460124373436,0,-0.0352,0.0048
8470594,,8470594,26,-0.015227838419377804,-0.014959460124373436,0,-0.0352,0.0048
8470594,,8470594,27,-0.015232736244797707,-0.014959460124373436,0,-0.0352,0.0048
8470594,,8470594,28,-0.015235908329486847,-0.014959460124373436,0,-0.0352,0.0048
8470594,,8470594,29,-0.015238910913467407,-0.014959460124373436,0,-0.0352,0.0048
8470594,,8470594,30,-0.015237949788570404,-0.014959460124373436,0,-0.0352,0.0048
8470594,,8470594,31,-0.015233728103339672,-0.014959460124373436,0,-0.0352,0.0048
8470594,,8470594,32,-0.015234538353979588,-0.014959460124373436,0,-0.0352,0.0048
8470594,,8470594,33,-0.015234870836138725,-0.014959460124373436,0,-0.0352,0.0048
Connor Hellebuyck,WPG,8476945,0,0.004442156292498112,0.004588051233440638,0,-0.0156,0.0244
Connor Hellebuyck,WPG,8476945,1,0.0043756854720413685,0.004588051233440638,0,-0.0156,0.0244
Connor Hellebuyck,WPG,8476945,2,0.004309180658310652,0.004588051233440638,3,-0.0072,0.0158
Connor Hellebuyck,WPG,8476945,3,0.004305090755224228,0.004588051233440638,27,0.0005,0.0081
Connor Hellebuyck,WPG,8476945,4,0.004112365189939737,0.004588051233440638,13,-0.0014,0.0096
Connor Hellebuyck,WPG,8476945,5,0.003802553517743945,0.004588051233440638,8,-0.0033,0.0109
Connor Hellebuyck,WPG,8476945,6,0.003516688011586666,0.004588051233440638,6,-0.0047,0.0117
Connor Hellebuyck,WPG,8476945,7,0.0031893292907625437,0.004588051233440638,4,-0.0068,0.0132
Connor Hellebuyck,WPG,8476945,8,0.002832364523783326,0.004588051233440638,0,-0.0172,0.0228
Connor Hellebuyck,WPG,8476945,9,0.0024776277132332325,0.004588051233440638,0,-0.0175,0.0225
Connor Hellebuyck,WPG,8476945,10,0.002122596139088273,0.004588051233440638,0,-0.0179,0.0221
Connor Hellebuyck,WPG,8476945,11,0.0017731422558426857,0.004588051233440638,0,-0.0182,0.0218
Connor Hellebuyck,WPG,8476945,12,0.001424195826984942,0.004588051233440638,8,-0.0057,0.0085
Connor Hellebuyck,WPG,8476945,13,0.0010982524836435914,0.004588051233440638,8,-0.006,0.0082
Connor Hellebuyck,WPG,8476945,14,0.0007937614573165774,0.004588051233440638,10,-0.0055,0.0071
Connor Hellebuyck,WPG,8476945,15,0.0005117304972372949,0.004588051233440638,5,-0.0084,0.0094
Connor Hellebuyck,WPG,8476945,16,0.00028186876443214715,0.004588051233440638,13,-0.0052,0.0058
Connor Hellebuyck,WPG,8476945,17,0.0001899009512271732,0.004588051233440638,10,-0.0061,0.0065
Connor Hellebuyck,WPG,8476945,18,0.00017357515753246844,0.004588051233440638,6,-0.008,0.0084
Connor Hellebuyck,WPG,8476945,19,0.00010228194878436625,0.004588051233440638,2,-0.014,0.0142
Connor Hellebuyck,WPG,8476945,20,2.4259323254227638e-05,0.004588051233440638,5,-0.0089,0.0089
Connor Hellebuyck,WPG,8476945,21,3.9731094148010015e-06,0.004588051233440638,2,-0.0141,0.0141
Connor Hellebuyck,WPG,8476945,22,-4.2148501961492e-05,0.004588051233440638,18,-0.0047,0.0047
Connor Hellebuyck,WPG,8476945,23,-6.265693809837103e-05,0.004588051233440638,4,-0.0101,0.0099
Connor Hellebuyck,WPG,8476945,24,-8.088914910331368e-06,0.004588051233440638,30,-0.0037,0.0037
Connor Hellebuyck,WPG,8476945,25,-4.5486391172744334e-05,0.004588051233440638,0,-0.02,0.02
Connor Hellebuyck,WPG,8476945,26,-8.711710688658059e-05,0.004588051233440638,5,-0.009,0.0088
Connor Hellebuyck,WPG,8476945,27,-0.00016702446737326682,0.004588051233440638,2,-0.0143,0.0139
Connor Hellebuyck,WPG,8476945,28,-0.0001701667788438499,0.004588051233440638,0,-0.0202,0.0198
Connor Hellebuyck,WPG,8476945,29,-0.00017314573051407933,0.004588051233440638,0,-0.0202,0.0198
Connor Hellebuyck,WPG,8476945,30,-0.00017216912237927318,0.004588051233440638,0,-0.0202,0.0198
Connor Hellebuyck,WPG,8476945,31,-0.00016793110989965498,0.004588051233440638,0,-0.0202,0.0198
Connor Hellebuyck,WPG,8476945,32,-0.0001687367621343583,0.004588051233440638,0,-0.0202,0.0198
Connor Hellebuyck,WPG,8476945,33,-0.000169065548107028,0.004588051233440638,0,-0.0202,0.0198
Thomas Milic,WPG,8483114,0,0.0008341876673512161,0.0008396494667977095,0,-0.0192,0.0208
Thomas Milic,WPG,8483114,1,0.0008301318157464266,0.0008396494667977095,0,-0.0192,0.0208
Thomas Milic,WPG,8483114,2,0.0008260427275672555,0.0008396494667977095,0,-0.0192,0.0208
Thomas Milic,WPG,8483114,3,0.0008206209749914706,0.0008396494667977095,0,-0.0192,0.0208
Thomas Milic,WPG,8483114,4,0.0008184448815882206,0.0008396494667977095,0,-0.0192,0.0208
Thomas Milic,WPG,8483114,5,0.0008167973719537258,0.0008396494667977095,0,-0.0192,0.0208
Thomas Milic,WPG,8483114,6,0.0008165058679878712,0.0008396494667977095,0,-0.0192,0.0208
Thomas Milic,WPG,8483114,7,0.0008220522431656718,0.0008396494667977095,0,-0.0192,0.0208
Thomas Milic,WPG,8483114,8,0.0008313447469845414,0.0008396494667977095,0,-0.0192,0.0208
Thomas Milic,WPG,8483114,9,0.0008428664295934141,0.0008396494667977095,0,-0.0192,0.0208
Thomas Milic,WPG,8483114,10,0.0008540933486074209,0.0008396494667977095,3,-0.0106,0.0124
Thomas Milic,WPG,8483114,11,0.000851326622068882,0.0008396494667977095,0,-0.0191,0.0209
Thomas Milic,WPG,8483114,12,0.0008490670588798821,0.0008396494667977095,0,-0.0192,0.0208
Thomas Milic,WPG,8483114,13,0.0008472988847643137,0.0008396494667977095,0,-0.0192,0.0208
Thomas Milic,WPG,8483114,14,0.0008418015204370022,0.0008396494667977095,0,-0.0192,0.0208
Thomas Milic,WPG,8483114,15,0.0008382034138776362,0.0008396494667977095,0,-0.0192,0.0208
Thomas Milic,WPG,8483114,16,0.000833168625831604,0.0008396494667977095,0,-0.0192,0.0208
Thomas Milic,WPG,8483114,17,0.0008335100719705224,0.0008396494667977095,0,-0.0192,0.0208
Thomas Milic,WPG,8483114,18,0.0008288216777145863,0.0008396494667977095,0,-0.0192,0.0208
Thomas Milic,WPG,8483114,19,0.0008230227394960821,0.0008396494667977095,0,-0.0192,0.0208
Thomas Milic,WPG,8483114,20,0.0008173271780833602,0.0008396494667977095,0,-0.0192,0.0208
Thomas Milic,WPG,8483114,21,0.0008139570709317923,0.0008396494667977095,0,-0.0192,0.0208
Thomas Milic,WPG,8483114,22,0.0008103679865598679,0.0008396494667977095,0,-0.0192,0.0208
Thomas Milic,WPG,8483114,23,0.0008123706793412566,0.0008396494667977095,0,-0.0192,0.0208
Thomas Milic,WPG,8483114,24,0.0008145471219904721,0.0008396494667977095,0,-0.0192,0.0208
Thomas Milic,WPG,8483114,25,0.0008163199527189136,0.0008396494667977095,0,-0.0192,0.0208
Thomas Milic,WPG,8483114,26,0.0008138611447066069,0.0008396494667977095,0,-0.0192,0.0208
Thomas Milic,WPG,8483114,27,0.0008089926559478045,0.0008396494667977095,0,-0.0192,0.0208
Thomas Milic,WPG,8483114,28,0.0008058508392423391,0.0008396494667977095,0,-0.0192,0.0208
Thomas Milic,WPG,8483114,29,0.0008028706652112305,0.0008396494667977095,0,-0.0192,0.0208
Thomas Milic,WPG,8483114,30,0.0008038480300456285,0.0008396494667977095,0,-0.0192,0.0208
Thomas Milic,WPG,8483114,31,0.0008080845000222325,0.0008396494667977095,0,-0.0192,0.0208
Thomas Milic,WPG,8483114,32,0.0008072803029790521,0.0008396494667977095,0,-0.0192,0.0208
Thomas Milic,WPG,8483114,33,0.000806950032711029,0.0008396494667977095,0,-0.0192,0.0208
Adin Hill,VGK,8478499,0,0.015454968437552452,0.015575905330479145,0,-0.0045,0.0355
Adin Hill,VGK,8478499,1,0.015399593859910965,0.015575905330479145,0,-0.0046,0.0354
Adin Hill,VGK,8478499,2,0.01534417923539877,0.015575905330479145,3,0.0038,0.0268
Adin Hill,VGK,8478499,3,0.015361947938799858,0.015575905330479145,2,0.0013,0.0295
Adin Hill,VGK,8478499,4,0.015463760122656822,0.015575905330479145,5,0.0066,0.0244
Adin Hill,VGK,8478499,5,0.01560694258660078,0.015575905330479145,0,-0.0044,0.0356
Adin Hill,VGK,8478499,6,0.015751486644148827,0.015575905330479145,0,-0.0042,0.0358
Adin Hill,VGK,8478499,7,0.01590185984969139,0.015575905330479145,0,-0.0041,0.0359
Adin Hill,VGK,8478499,8,0.016055980697274208,0.015575905330479145,0,-0.0039,0.0361
Adin Hill,VGK,8478499,9,0.016212329268455505,0.015575905330479145,0,-0.0038,0.0362
Adin Hill,VGK,8478499,10,0.016368387266993523,0.015575905330479145,0,-0.0036,0.0364
Adin Hill,VGK,8478499,11,0.01653001643717289,0.015575905330479145,0,-0.0035,0.0365
Adin Hill,VGK,8478499,12,0.01669214852154255,0.015575905330479145,0,-0.0033,0.0367
Adin Hill,VGK,8478499,13,0.016854779794812202,0.015575905330479145,0,-0.0031,0.0369
Adin Hill,VGK,8478499,14,0.01701366901397705,0.015575905330479145,0,-0.003,0.037
Adin Hill,VGK,8478499,15,0.01717446744441986,0.015575905330479145,0,-0.0028,0.0372
Adin Hill,VGK,8478499,16,0.01733381859958172,0.015575905330479145,0,-0.0027,0.0373
Adin Hill,VGK,8478499,17,0.017498554661870003,0.015575905330479145,2,0.0034,0.0316
Adin Hill,VGK,8478499,18,0.017741413787007332,0.015575905330479145,4,0.0077,0.0277
Adin Hill,VGK,8478499,19,0.017947709187865257,0.015575905330479145,4,0.0079,0.0279
Adin Hill,VGK,8478499,20,0.01812085695564747,0.015575905330479145,17,0.0132,0.023
Adin Hill,VGK,8478499,21,0.018166957423090935,0.015575905330479145,1,-0.0018,0.0382
Adin Hill,VGK,8478499,22,0.018209517002105713,0.015575905330479145,18,0.0135,0.0229
Adin Hill,VGK,8478499,23,0.018115753307938576,0.015575905330479145,7,0.0105,0.0257
Adin Hill,VGK,8478499,24,0.017979824915528297,0.015575905330479145,15,0.0128,0.0232
Adin Hill,VGK,8478499,25,0.017889035865664482,0.015575905330479145,2,0.0038,0.032
Adin Hill,VGK,8478499,26,0.01788659207522869,0.015575905330479145,0,-0.0021,0.0379
Adin Hill,VGK,8478499,27,0.0178817305713892,0.015575905330479145,0,-0.0021,0.0379
Adin Hill,VGK,8478499,28,0.017878595739603043,0.015575905330479145,0,-0.0021,0.0379
Adin Hill,VGK,8478499,29,0.01787562482059002,0.015575905330479145,0,-0.0021,0.0379
Adin Hill,VGK,8478499,30,0.017876604571938515,0.015575905330479145,0,-0.0021,0.0379
Adin Hill,VGK,8478499,31,0.017880845814943314,0.015575905330479145,0,-0.0021,0.0379
Adin Hill,VGK,8478499,32,0.017880044877529144,0.015575905330479145,0,-0.0021,0.0379
Adin Hill,VGK,8478499,33,0.017879711464047432,0.015575905330479145,0,-0.0021,0.0379
Jaxson Stauber,UTA,8483530,0,0.0004800034803338349,0.0005005024140700698,1,-0.0195,0.0205
Jaxson Stauber,UTA,8483530,1,0.0004563703841995448,0.0005005024140700698,0,-0.0195,0.0205
Jaxson Stauber,UTA,8483530,2,0.00043270396417938173,0.0005005024140700698,0,-0.0196,0.0204
Jaxson Stauber,UTA,8483530,3,0.00040770499617792666,0.0005005024140700698,0,-0.0196,0.0204
Jaxson Stauber,UTA,8483530,4,0.0003859524440485984,0.0005005024140700698,0,-0.0196,0.0204
Jaxson Stauber,UTA,8483530,5,0.0003647277189884335,0.0005005024140700698,0,-0.0196,0.0204
Jaxson Stauber,UTA,8483530,6,0.00034486036747694016,0.0005005024140700698,0,-0.0197,0.0203
Jaxson Stauber,UTA,8483530,7,0.0003308294981252402,0.0005005024140700698,0,-0.0197,0.0203
Jaxson Stauber,UTA,8483530,8,0.0003205468528904021,0.0005005024140700698,0,-0.0197,0.0203
Jaxson Stauber,UTA,8483530,9,0.0003124914946965873,0.0005005024140700698,0,-0.0197,0.0203
Jaxson Stauber,UTA,8483530,10,0.0003041436430066824,0.0005005024140700698,0,-0.0197,0.0203
Jaxson Stauber,UTA,8483530,11,0.0003013712994288653,0.0005005024140700698,0,-0.0197,0.0203
Jaxson Stauber,UTA,8483530,12,0.0002991079236380756,0.0005005024140700698,0,-0.0197,0.0203
Jaxson Stauber,UTA,8483530,13,0.00029733520932495594,0.0005005024140700698,0,-0.0197,0.0203
Jaxson Stauber,UTA,8483530,14,0.00029183374135755,0.0005005024140700698,0,-0.0197,0.0203
Jaxson Stauber,UTA,8483530,15,0.0002882314729504287,0.0005005024140700698,0,-0.0197,0.0203
Jaxson Stauber,UTA,8483530,16,0.000283193337963894,0.0005005024140700698,0,-0.0197,0.0203
Jaxson Stauber,UTA,8483530,17,0.0002835312334354967,0.0005005024140700698,0,-0.0197,0.0203
Jaxson Stauber,UTA,8483530,18,0.0002788395213428885,0.0005005024140700698,0,-0.0197,0.0203
Jaxson Stauber,UTA,8483530,19,0.0002730374108068645,0.0005005024140700698,0,-0.0197,0.0203
Jaxson Stauber,UTA,8483530,20,0.00026733873528428376,0.0005005024140700698,0,-0.0197,0.0203
Jaxson Stauber,UTA,8483530,21,0.0002639660960994661,0.0005005024140700698,0,-0.0197,0.0203
Jaxson Stauber,UTA,8483530,22,0.0002603748580440879,0.0005005024140700698,0,-0.0197,0.0203
Jaxson Stauber,UTA,8483530,23,0.00026237513520754874,0.0005005024140700698,0,-0.0197,0.0203
Jaxson Stauber,UTA,8483530,24,0.00026454945327714086,0.0005005024140700698,0,-0.0197,0.0203
Jaxson Stauber,UTA,8483530,25,0.00026632071239873767,0.0005005024140700698,0,-0.0197,0.0203
Jaxson Stauber,UTA,8483530,26,0.0002638596051838249,0.0005005024140700698,0,-0.0197,0.0203
Jaxson Stauber,UTA,8483530,27,0.00025899033062160015,0.0005005024140700698,0,-0.0197,0.0203
Jaxson Stauber,UTA,8483530,28,0.00025584708782844245,0.0005005024140700698,0,-0.0197,0.0203
Jaxson Stauber,UTA,8483530,29,0.00025286589516326785,0.0005005024140700698,0,-0.0197,0.0203
Jaxson Stauber,UTA,8483530,30,0.00025384247419424355,0.0005005024140700698,0,-0.0197,0.0203
Jaxson Stauber,UTA,8483530,31,0.0002580784203018993,0.0005005024140700698,0,-0.0197,0.0203
Jaxson Stauber,UTA,8483530,32,0.00025727381580509245,0.0005005024140700698,0,-0.0197,0.0203
Jaxson Stauber,UTA,8483530,33,0.0002569435746408999,0.0005005024140700698,0,-0.0197,0.0203
Joey Daccord,SEA,8478916,0,-0.011468267068266869,-0.010411650873720646,8,-0.0186,-0.0044
Joey Daccord,SEA,8478916,1,-0.011792321689426899,-0.010411650873720646,1,-0.0318,0.0082
Joey Daccord,SEA,8478916,2,-0.012128814123570919,-0.010411650873720646,9,-0.0188,-0.0054
Joey Daccord,SEA,8478916,3,-0.012452050112187862,-0.010411650873720646,18,-0.0172,-0.0078
Joey Daccord,SEA,8478916,4,-0.012858571484684944,-0.010411650873720646,1,-0.0329,0.0071
Joey Daccord,SEA,8478916,5,-0.013267654925584793,-0.010411650873720646,4,-0.0233,-0.0033
Joey Daccord,SEA,8478916,6,-0.013611219823360443,-0.010411650873720646,18,-0.0183,-0.0089
Joey Daccord,SEA,8478916,7,-0.01393640972673893,-0.010411650873720646,11,-0.0199,-0.0079
Joey Daccord,SEA,8478916,8,-0.014247436076402664,-0.010411650873720646,0,-0.0342,0.0058
Joey Daccord,SEA,8478916,9,-0.01455623097717762,-0.010411650873720646,0,-0.0346,0.0054
Joey Daccord,SEA,8478916,10,-0.014865321107208729,-0.010411650873720646,7,-0.0225,-0.0073
Joey Daccord,SEA,8478916,11,-0.01503665465861559,-0.010411650873720646,9,-0.0217,-0.0083
Joey Daccord,SEA,8478916,12,-0.01509358175098896,-0.010411650873720646,18,-0.0198,-0.0104
Joey Daccord,SEA,8478916,13,-0.015232916921377182,-0.010411650873720646,1,-0.0352,0.0048
Joey Daccord,SEA,8478916,14,-0.015386386774480343,-0.010411650873720646,0,-0.0354,0.0046
Joey Daccord,SEA,8478916,15,-0.015537943691015244,-0.010411650873720646,5,-0.0244,-0.0066
Joey Daccord,SEA,8478916,16,-0.01572115533053875,-0.010411650873720646,11,-0.0217,-0.0097
Joey Daccord,SEA,8478916,17,-0.015905702486634254,-0.010411650873720646,2,-0.03,-0.0018
Joey Daccord,SEA,8478916,18,-0.016021516174077988,-0.010411650873720646,17,-0.0209,-0.0111
Joey Daccord,SEA,8478916,19,-0.01610701158642769,-0.010411650873720646,15,-0.0213,-0.0109
Joey Daccord,SEA,8478916,20,-0.016247503459453583,-0.010411650873720646,3,-0.0277,-0.0047
Joey Daccord,SEA,8478916,21,-0.01641174778342247,-0.010411650873720646,8,-0.0235,-0.0093
Joey Daccord,SEA,8478916,22,-0.016641875728964806,-0.010411650873720646,17,-0.0215,-0.0117
Joey Daccord,SEA,8478916,23,-0.016908258199691772,-0.010411650873720646,2,-0.031,-0.0028
Joey Daccord,SEA,8478916,24,-0.01719537563621998,-0.010411650873720646,2,-0.0313,-0.0031
Joey Daccord,SEA,8478916,25,-0.017502212896943092,-0.010411650873720646,7,-0.0251,-0.0099
Joey Daccord,SEA,8478916,26,-0.017580077052116394,-0.010411650873720646,2,-0.0317,-0.0035
Joey Daccord,SEA,8478916,27,-0.017584946006536484,-0.010411650873720646,0,-0.0376,0.0024
Joey Daccord,SEA,8478916,28,-0.017588093876838684,-0.010411650873720646,0,-0.0376,0.0024
Joey Daccord,SEA,8478916,29,-0.01759108155965805,-0.010411650873720646,0,-0.0376,0.0024
Joey Daccord,SEA,8478916,30,-0.017590099945664406,-0.010411650873720646,0,-0.0376,0.0024
Joey Daccord,SEA,8478916,31,-0.0175858736038208,-0.010411650873720646,0,-0.0376,0.0024
Joey Daccord,SEA,8478916,32,-0.01758667267858982,-0.010411650873720646,0,-0.0376,0.0024
Joey Daccord,SEA,8478916,33,-0.017587007954716682,-0.010411650873720646,0,-0.0376,0.0024
Ivan Fedotov,CBJ,8478905,0,-0.0015741226961836219,-0.0015569955576211214,2,-0.0157,0.0125
Ivan Fedotov,CBJ,8478905,1,-0.001597774913534522,-0.0015569955576211214,0,-0.0216,0.0184
Ivan Fedotov,CBJ,8478905,2,-0.0016214606584981084,-0.0015569955576211214,0,-0.0216,0.0184
Ivan Fedotov,CBJ,8478905,3,-0.0016464778454974294,-0.0015569955576211214,0,-0.0216,0.0184
Ivan Fedotov,CBJ,8478905,4,-0.001668248325586319,-0.0015569955576211214,0,-0.0217,0.0183
Ivan Fedotov,CBJ,8478905,5,-0.0016894902801141143,-0.0015569955576211214,0,-0.0217,0.0183
Ivan Fedotov,CBJ,8478905,6,-0.0017093748319894075,-0.0015569955576211214,0,-0.0217,0.0183
Ivan Fedotov,CBJ,8478905,7,-0.0017234217375516891,-0.0015569955576211214,0,-0.0217,0.0183
Ivan Fedotov,CBJ,8478905,8,-0.0017337201861664653,-0.0015569955576211214,0,-0.0217,0.0183
Ivan Fedotov,CBJ,8478905,9,-0.0017417907947674394,-0.0015569955576211214,0,-0.0217,0.0183
Ivan Fedotov,CBJ,8478905,10,-0.0017501532565802336,-0.0015569955576211214,0,-0.0218,0.0182
Ivan Fedotov,CBJ,8478905,11,-0.001752939773723483,-0.0015569955576211214,0,-0.0218,0.0182
Ivan Fedotov,CBJ,8478905,12,-0.001755216158926487,-0.0015569955576211214,0,-0.0218,0.0182
Ivan Fedotov,CBJ,8478905,13,-0.0017570022027939558,-0.0015569955576211214,0,-0.0218,0.0182
Ivan Fedotov,CBJ,8478905,14,-0.0017625157488510013,-0.0015569955576211214,0,-0.0218,0.0182
Ivan Fedotov,CBJ,8478905,15,-0.001766129513271153,-0.0015569955576211214,0,-0.0218,0.0182
Ivan Fedotov,CBJ,8478905,16,-0.0017711789114400744,-0.0015569955576211214,0,-0.0218,0.0182
Ivan Fedotov,CBJ,8478905,17,-0.001770851667970419,-0.0015569955576211214,0,-0.0218,0.0182
Ivan Fedotov,CBJ,8478905,18,-0.0017755531007423997,-0.0015569955576211214,0,-0.0218,0.0182
Ivan Fedotov,CBJ,8478905,19,-0.0017813644371926785,-0.0015569955576211214,0,-0.0218,0.0182
Ivan Fedotov,CBJ,8478905,20,-0.0017870718147605658,-0.0015569955576211214,0,-0.0218,0.0182
Ivan Fedotov,CBJ,8478905,21,-0.0017904523992910981,-0.0015569955576211214,0,-0.0218,0.0182
Ivan Fedotov,CBJ,8478905,22,-0.0017940510297194123,-0.0015569955576211214,0,-0.0218,0.0182
Ivan Fedotov,CBJ,8478905,23,-0.0017920576501637697,-0.0015569955576211214,0,-0.0218,0.0182
Ivan Fedotov,CBJ,8478905,24,-0.0017898892983794212,-0.0015569955576211214,0,-0.0218,0.0182
Ivan Fedotov,CBJ,8478905,25,-0.0017881238600239158,-0.0015569955576211214,0,-0.0218,0.0182
Ivan Fedotov,CBJ,8478905,26,-0.001790589070878923,-0.0015569955576211214,0,-0.0218,0.0182
Ivan Fedotov,CBJ,8478905,27,-0.0017954632639884949,-0.0015569955576211214,0,-0.0218,0.0182
Ivan Fedotov,CBJ,8478905,28,-0.0017986102029681206,-0.0015569955576211214,0,-0.0218,0.0182
Ivan Fedotov,CBJ,8478905,29,-0.0018015936948359013,-0.0015569955576211214,0,-0.0218,0.0182
Ivan Fedotov,CBJ,8478905,30,-0.0018006196478381753,-0.0015569955576211214,0,-0.0218,0.0182
Ivan Fedotov,CBJ,8478905,31,-0.0017963851569220424,-0.0015569955576211214,0,-0.0218,0.0182
Ivan Fedotov,CBJ,8478905,32,-0.0017971911001950502,-0.0015569955576211214,0,-0.0218,0.0182
Ivan Fedotov,CBJ,8478905,33,-0.0017975213704630733,-0.0015569955576211214,0,-0.0218,0.0182
8484218,,8484218,0,0.0005122695583850145,0.0005617787246592343,0,-0.0195,0.0205
8484218,,8484218,1,0.0004886374808847904,0.0005617787246592343,0,-0.0195,0.0205
8484218,,8484218,2,0.00046497213770635426,0.0005617787246592343,0,-0.0195,0.0205
8484218,,8484218,3,0.0004399741010274738,0.0005617787246592343,0,-0.0196,0.0204
8484218,,8484218,4,0.00041822236380539834,0.0005617787246592343,0,-0.0196,0.0204
8484218,,8484218,5,0.0003969988611061126,0.0005617787246592343,0,-0.0196,0.0204
8484218,,8484218,6,0.0003771320334635675,0.0005617787246592343,0,-0.0196,0.0204
8484218,,8484218,7,0.0003631022700574249,0.0005617787246592343,0,-0.0196,0.0204
8484218,,8484218,8,0.0003528202068991959,0.0005617787246592343,0,-0.0196,0.0204
8484218,,8484218,9,0.00034476578002795577,0.0005617787246592343,0,-0.0197,0.0203
8484218,,8484218,10,0.0003364185686223209,0.0005617787246592343,0,-0.0197,0.0203
8484218,,8484218,11,0.0003336471563670784,0.0005617787246592343,0,-0.0197,0.0203
8484218,,8484218,12,0.00033138436265289783,0.0005617787246592343,0,-0.0197,0.0203
8484218,,8484218,13,0.0003296121722087264,0.0005617787246592343,0,-0.0197,0.0203
8484218,,8484218,14,0.0003241115773562342,0.0005617787246592343,0,-0.0197,0.0203
8484218,,8484218,15,0.0003205096581950784,0.0005617787246592343,0,-0.0197,0.0203
8484218,,8484218,16,0.00031547239632345736,0.0005617787246592343,0,-0.0197,0.0203
8484218,,8484218,17,0.00031581040821038187,0.0005617787246592343,0,-0.0197,0.0203
8484218,,8484218,18,0.0003111196856480092,0.0005617787246592343,0,-0.0197,0.0203
8484218,,8484218,19,0.00030531769152730703,0.0005617787246592343,0,-0.0197,0.0203
8484218,,8484218,20,0.00029961971449665725,0.0005617787246592343,0,-0.0197,0.0203
8484218,,8484218,21,0.00029624730814248323,0.0005617787246592343,0,-0.0197,0.0203
8484218,,8484218,22,0.00029265647754073143,0.0005617787246592343,0,-0.0197,0.0203
8484218,,8484218,23,0.00029465710395015776,0.0005617787246592343,0,-0.0197,0.0203
8484218,,8484218,24,0.00029683177126571536,0.0005617787246592343,0,-0.0197,0.0203
8484218,,8484218,25,0.00029860337963327765,0.0005617787246592343,0,-0.0197,0.0203
8484218,,8484218,26,0.00029614250524900854,0.0005617787246592343,0,-0.0197,0.0203
8484218,,8484218,27,0.0002912731724791229,0.0005617787246592343,0,-0.0197,0.0203
8484218,,8484218,28,0.00028813027893193066,0.0005617787246592343,0,-0.0197,0.0203
8484218,,8484218,29,0.00028514943551272154,0.0005617787246592343,0,-0.0197,0.0203
8484218,,8484218,30,0.0002861259563360363,0.0005617787246592343,0,-0.0197,0.0203
8484218,,8484218,31,0.00029036219348199666,0.0005617787246592343,0,-0.0197,0.0203
8484218,,8484218,32,0.00028955729794688523,0.0005617787246592343,0,-0.0197,0.0203
8484218,,8484218,33,0.0002892272896133363,0.0005617787246592343,0,-0.0197,0.0203
Spencer Martin,NYR,8477484,0,0.004935570061206818,0.004963546525686979,0,-0.0151,0.0249
Spencer Martin,NYR,8477484,1,0.004921506159007549,0.004963546525686979,0,-0.0151,0.0249
Spencer Martin,NYR,8477484,2,0.0049074082635343075,0.004963546525686979,0,-0.0151,0.0249
Spencer Martin,NYR,8477484,3,0.004891975782811642,0.004963546525686979,0,-0.0151,0.0249
Spencer Martin,NYR,8477484,4,0.004879789426922798,0.004963546525686979,0,-0.0151,0.0249
Spencer Martin,NYR,8477484,5,0.0048681297339499,0.004963546525686979,0,-0.0151,0.0249
Spencer Martin,NYR,8477484,6,0.004857824649661779,0.004963546525686979,0,-0.0151,0.0249
Spencer Martin,NYR,8477484,7,0.004853356163948774,0.004963546525686979,0,-0.0151,0.0249
Spencer Martin,NYR,8477484,8,0.004852633457630873,0.004963546525686979,0,-0.0151,0.0249
Spencer Martin,NYR,8477484,9,0.004854136146605015,0.004963546525686979,0,-0.0151,0.0249
Spencer Martin,NYR,8477484,10,0.004855346865952015,0.004963546525686979,0,-0.0151,0.0249
Spencer Martin,NYR,8477484,11,0.004862132482230663,0.004963546525686979,0,-0.0151,0.0249
Spencer Martin,NYR,8477484,12,0.004869421478360891,0.004963546525686979,0,-0.0151,0.0249
Spencer Martin,NYR,8477484,13,0.004877203144133091,0.004963546525686979,0,-0.0151,0.0249
Spencer Martin,NYR,8477484,14,0.004881252534687519,0.004963546525686979,0,-0.0151,0.0249
Spencer Martin,NYR,8477484,15,0.004887200891971588,0.004963546525686979,0,-0.0151,0.0249
Spencer Martin,NYR,8477484,16,0.004891711752861738,0.004963546525686979,1,-0.0151,0.0249
Spencer Martin,NYR,8477484,17,0.004895457532256842,0.004963546525686979,7,-0.0027,0.0125
Spencer Martin,NYR,8477484,18,0.004915629979223013,0.004963546525686979,3,-0.0066,0.0164
Spencer Martin,NYR,8477484,19,0.004909852519631386,0.004963546525686979,0,-0.0151,0.0249
Spencer Martin,NYR,8477484,20,0.004904174245893955,0.004963546525686979,0,-0.0151,0.0249
Spencer Martin,NYR,8477484,21,0.004900821950286627,0.004963546525686979,0,-0.0151,0.0249
Spencer Martin,NYR,8477484,22,0.0048972489312291145,0.004963546525686979,0,-0.0151,0.0249
Spencer Martin,NYR,8477484,23,0.004899267107248306,0.004963546525686979,0,-0.0151,0.0249
Spencer Martin,NYR,8477484,24,0.00490145618095994,0.004963546525686979,0,-0.0151,0.0249
Spencer Martin,NYR,8477484,25,0.0049032410606741905,0.004963546525686979,0,-0.0151,0.0249
Spencer Martin,NYR,8477484,26,0.004900793544948101,0.004963546525686979,0,-0.0151,0.0249
Spencer Martin,NYR,8477484,27,0.00489593343809247,0.004963546525686979,0,-0.0151,0.0249
Spencer Martin,NYR,8477484,28,0.0048927986063063145,0.004963546525686979,0,-0.0151,0.0249
Spencer Martin,NYR,8477484,29,0.0048898267559707165,0.004963546525686979,0,-0.0151,0.0249
Spencer Martin,NYR,8477484,30,0.004890806972980499,0.004963546525686979,0,-0.0151,0.0249
Spencer Martin,NYR,8477484,31,0.00489504961296916,0.004963546525686979,0,-0.0151,0.0249
Spencer Martin,NYR,8477484,32,0.00489424541592598,0.004963546525686979,0,-0.0151,0.0249
Spencer Martin,NYR,8477484,33,0.004893918056041002,0.004963546525686979,0,-0.0151,0.0249
Jordan Binnington,STL,8476412,0,-0.01150322426110506,-0.011233082972466946,0,-0.0315,0.0085
Jordan Binnington,STL,8476412,1,-0.011624908074736595,-0.011233082972466946,9,-0.0183,-0.0049
Jordan Binnington,STL,8476412,2,-0.011800489388406277,-0.011233082972466946,4,-0.0218,-0.0018
Jordan Binnington,STL,8476412,3,-0.01201323326677084,-0.011233082972466946,2,-0.0261,0.0021
Jordan Binnington,STL,8476412,4,-0.012143992818892002,-0.011233082972466946,6,-0.0203,-0.0039
Jordan Binnington,STL,8476412,5,-0.01222641859203577,-0.011233082972466946,11,-0.0182,-0.0062
Jordan Binnington,STL,8476412,6,-0.012103891931474209,-0.011233082972466946,9,-0.0188,-0.0054
Jordan Binnington,STL,8476412,7,-0.011848170310258865,-0.011233082972466946,2,-0.0259,0.0023
Jordan Binnington,STL,8476412,8,-0.011511111631989479,-0.011233082972466946,10,-0.0178,-0.0052
Jordan Binnington,STL,8476412,9,-0.011311178095638752,-0.011233082972466946,2,-0.0254,0.0028
Jordan Binnington,STL,8476412,10,-0.01112402230501175,-0.011233082972466946,8,-0.0182,-0.004
Jordan Binnington,STL,8476412,11,-0.011018154211342335,-0.011233082972466946,3,-0.0225,0.0005
Jordan Binnington,STL,8476412,12,-0.010932806879281998,-0.011233082972466946,0,-0.0309,0.0091
Jordan Binnington,STL,8476412,13,-0.010846967808902264,-0.011233082972466946,9,-0.0175,-0.0041
Jordan Binnington,STL,8476412,14,-0.010737469419836998,-0.011233082972466946,1,-0.0307,0.0093
Jordan Binnington,STL,8476412,15,-0.010641027241945267,-0.011233082972466946,20,-0.0151,-0.0061
Jordan Binnington,STL,8476412,16,-0.010736579075455666,-0.011233082972466946,0,-0.0307,0.0093
Jordan Binnington,STL,8476412,17,-0.010826756246387959,-0.011233082972466946,3,-0.0223,0.0007
Jordan Binnington,STL,8476412,18,-0.01094723679125309,-0.011233082972466946,1,-0.0309,0.0091
Jordan Binnington,STL,8476412,19,-0.011072603054344654,-0.011233082972466946,15,-0.0163,-0.0059
Jordan Binnington,STL,8476412,20,-0.01102513913065195,-0.011233082972466946,0,-0.031,0.009
Jordan Binnington,STL,8476412,21,-0.010975353419780731,-0.011233082972466946,2,-0.0251,0.0031
Jordan Binnington,STL,8476412,22,-0.010843918658792973,-0.011233082972466946,2,-0.0249,0.0033
Jordan Binnington,STL,8476412,23,-0.010728791356086731,-0.011233082972466946,1,-0.0307,0.0093
Jordan Binnington,STL,8476412,24,-0.01062504481524229,-0.011233082972466946,4,-0.0206,-0.0006
Jordan Binnington,STL,8476412,25,-0.010553049854934216,-0.011233082972466946,1,-0.0306,0.0094
Jordan Binnington,STL,8476412,26,-0.010487343184649944,-0.011233082972466946,5,-0.0194,-0.0016
Jordan Binnington,STL,8476412,27,-0.010460895486176014,-0.011233082972466946,4,-0.0205,-0.0005
Jordan Binnington,STL,8476412,28,-0.010464048013091087,-0.011233082972466946,0,-0.0305,0.0095
Jordan Binnington,STL,8476412,29,-0.010467023588716984,-0.011233082972466946,0,-0.0305,0.0095
Jordan Binnington,STL,8476412,30,-0.010466055944561958,-0.011233082972466946,0,-0.0305,0.0095
Jordan Binnington,STL,8476412,31,-0.010461813770234585,-0.011233082972466946,0,-0.0305,0.0095
Jordan Binnington,STL,8476412,32,-0.010462623089551926,-0.011233082972466946,0,-0.0305,0.0095
Jordan Binnington,STL,8476412,33,-0.01046295277774334,-0.011233082972466946,0,-0.0305,0.0095
Colten Ellis,BUF,8481551,0,-9.348256571684033e-05,-1.2434600648703054e-05,0,-0.0201,0.0199
Colten Ellis,BUF,8481551,1,-0.00013113240129314363,-1.2434600648703054e-05,0,-0.0201,0.0199
Colten Ellis,BUF,8481551,2,-0.00016881398914847523,-1.2434600648703054e-05,0,-0.0202,0.0198
Colten Ellis,BUF,8481551,3,-0.0002078292309306562,-1.2434600648703054e-05,0,-0.0202,0.0198
Colten Ellis,BUF,8481551,4,-0.00024359596136491746,-1.2434600648703054e-05,0,-0.0202,0.0198
Colten Ellis,BUF,8481551,5,-0.0002788361452985555,-1.2434600648703054e-05,11,-0.0063,0.0057
Colten Ellis,BUF,8481551,6,-0.0004341915773693472,-1.2434600648703054e-05,0,-0.0204,0.0196
Colten Ellis,BUF,8481551,7,-0.0005837107892148197,-1.2434600648703054e-05,0,-0.0206,0.0194
Colten Ellis,BUF,8481551,8,-0.0007294804090633988,-1.2434600648703054e-05,1,-0.0207,0.0193
Colten Ellis,BUF,8481551,9,-0.0008777724578976631,-1.2434600648703054e-05,14,-0.0062,0.0044
Colten Ellis,BUF,8481551,10,-0.0011310325935482979,-1.2434600648703054e-05,1,-0.0211,0.0189
Colten Ellis,BUF,8481551,11,-0.0013857173034921288,-1.2434600648703054e-05,1,-0.0214,0.0186
Colten Ellis,BUF,8481551,12,-0.0016434970311820507,-1.2434600648703054e-05,0,-0.0216,0.0184
Colten Ellis,BUF,8481551,13,-0.0019007866503670812,-1.2434600648703054e-05,0,-0.0219,0.0181
Colten Ellis,BUF,8481551,14,-0.0021618036553263664,-1.2434600648703054e-05,0,-0.0222,0.0178
Colten Ellis,BUF,8481551,15,-0.0024209218099713326,-1.2434600648703054e-05,0,-0.0224,0.0176
Colten Ellis,BUF,8481551,16,-0.002681474667042494,-1.2434600648703054e-05,0,-0.0227,0.0173
Colten Ellis,BUF,8481551,17,-0.0029366519302129745,-1.2434600648703054e-05,7,-0.0105,0.0047
Colten Ellis,BUF,8481551,18,-0.002976627554744482,-1.2434600648703054e-05,0,-0.023,0.017
Colten Ellis,BUF,8481551,19,-0.0030177137814462185,-1.2434600648703054e-05,0,-0.023,0.017
Colten Ellis,BUF,8481551,20,-0.003058696398511529,-1.2434600648703054e-05,2,-0.0172,0.011
Colten Ellis,BUF,8481551,21,-0.003109072335064411,-1.2434600648703054e-05,0,-0.0231,0.0169
Colten Ellis,BUF,8481551,22,-0.003159667830914259,-1.2434600648703054e-05,0,-0.0232,0.0168
Colten Ellis,BUF,8481551,23,-0.003204670734703541,-1.2434600648703054e-05,0,-0.0232,0.0168
Colten Ellis,BUF,8481551,24,-0.003249498549848795,-1.2434600648703054e-05,0,-0.0232,0.0168
Colten Ellis,BUF,8481551,25,-0.003294730093330145,-1.2434600648703054e-05,2,-0.0174,0.0108
Colten Ellis,BUF,8481551,26,-0.003261486068367958,-1.2434600648703054e-05,15,-0.0085,0.0019
Colten Ellis,BUF,8481551,27,-0.0033583282493054867,-1.2434600648703054e-05,1,-0.0234,0.0166
Colten Ellis,BUF,8481551,28,-0.003361473558470607,-1.2434600648703054e-05,0,-0.0234,0.0166
Colten Ellis,BUF,8481551,29,-0.0033644565846771,-1.2434600648703054e-05,0,-0.0234,0.0166
Colten Ellis,BUF,8481551,30,-0.0033634817227721214,-1.2434600648703054e-05,0,-0.0234,0.0166
Colten Ellis,BUF,8481551,31,-0.003359246999025345,-1.2434600648703054e-05,0,-0.0234,0.0166
Colten Ellis,BUF,8481551,32,-0.0033600521273911,-1.2434600648703054e-05,0,-0.0234,0.0166
Colten Ellis,BUF,8481551,33,-0.003360382281243801,-1.2434600648703054e-05,0,-0.0234,0.0166
Jonas Johansson,TBL,8477992,0,-0.006413486786186695,-0.006184171419590712,0,-0.0264,0.0136
Jonas Johansson,TBL,8477992,1,-0.006517030298709869,-0.006184171419590712,9,-0.0132,0.0002
Jonas Johansson,TBL,8477992,2,-0.006690172478556633,-0.006184171419590712,0,-0.0267,0.0133
Jonas Johansson,TBL,8477992,3,-0.006864645984023809,-0.006184171419590712,0,-0.0269,0.0131
Jonas Johansson,TBL,8477992,4,-0.007035871502012014,-0.006184171419590712,1,-0.027,0.013
Jonas Johansson,TBL,8477992,5,-0.007213670294731855,-0.006184171419590712,6,-0.0154,0.001
Jonas Johansson,TBL,8477992,6,-0.007442564703524113,-0.006184171419590712,1,-0.0274,0.0126
Jonas Johansson,TBL,8477992,7,-0.007674239110201597,-0.006184171419590712,0,-0.0277,0.0123
Jonas Johansson,TBL,8477992,8,-0.007902165874838829,-0.006184171419590712,7,-0.0155,-0.0003
Jonas Johansson,TBL,8477992,9,-0.007996292784810066,-0.006184171419590712,1,-0.028,0.012
Jonas Johansson,TBL,8477992,10,-0.008100708946585655,-0.006184171419590712,1,-0.0281,0.0119
Jonas Johansson,TBL,8477992,11,-0.008213816210627556,-0.006184171419590712,15,-0.0134,-0.003
Jonas Johansson,TBL,8477992,12,-0.00814754143357277,-0.006184171419590712,2,-0.0222,0.006
Jonas Johansson,TBL,8477992,13,-0.008096655830740929,-0.006184171419590712,10,-0.0144,-0.0018
Jonas Johansson,TBL,8477992,14,-0.008028291165828705,-0.006184171419590712,10,-0.0143,-0.0017
Jonas Johansson,TBL,8477992,15,-0.00793648511171341,-0.006184171419590712,0,-0.0279,0.0121
Jonas Johansson,TBL,8477992,16,-0.007846116088330746,-0.006184171419590712,0,-0.0278,0.0122
Jonas Johansson,TBL,8477992,17,-0.007750365417450666,-0.006184171419590712,0,-0.0278,0.0122
Jonas Johansson,TBL,8477992,18,-0.007659646682441235,-0.006184171419590712,0,-0.0277,0.0123
Jonas Johansson,TBL,8477992,19,-0.007570035755634308,-0.006184171419590712,0,-0.0276,0.0124
Jonas Johansson,TBL,8477992,20,-0.00748031958937645,-0.006184171419590712,0,-0.0275,0.0125
Jonas Johansson,TBL,8477992,21,-0.007388274651020765,-0.006184171419590712,11,-0.0134,-0.0014
Jonas Johansson,TBL,8477992,22,-0.007308927830308676,-0.006184171419590712,0,-0.0273,0.0127
Jonas Johansson,TBL,8477992,23,-0.007223987020552158,-0.006184171419590712,0,-0.0272,0.0128
Jonas Johansson,TBL,8477992,24,-0.007138872519135475,-0.006184171419590712,8,-0.0142,-0.0
Jonas Johansson,TBL,8477992,25,-0.00713711604475975,-0.006184171419590712,0,-0.0271,0.0129
Jonas Johansson,TBL,8477992,26,-0.0071395887061953545,-0.006184171419590712,0,-0.0271,0.0129
Jonas Johansson,TBL,8477992,27,-0.007144470699131489,-0.006184171419590712,0,-0.0271,0.0129
Jonas Johansson,TBL,8477992,28,-0.007147623226046562,-0.006184171419590712,0,-0.0271,0.0129
Jonas Johansson,TBL,8477992,29,-0.007150611840188503,-0.006184171419590712,0,-0.0272,0.0128
Jonas Johansson,TBL,8477992,30,-0.0071496437303721905,-0.006184171419590712,0,-0.0271,0.0129
Jonas Johansson,TBL,8477992,31,-0.007145409472286701,-0.006184171419590712,0,-0.0271,0.0129
Jonas Johansson,TBL,8477992,32,-0.0071462178602814674,-0.006184171419590712,0,-0.0271,0.0129
Jonas Johansson,TBL,8477992,33,-0.007146548479795456,-0.006184171419590712,0,-0.0271,0.0129
Juuse Saros,NSH,8477424,0,0.018402859568595886,0.01727890595793724,0,-0.0016,0.0384
Juuse Saros,NSH,8477424,1,0.01890076883137226,0.01727890595793724,6,0.0107,0.0271
Juuse Saros,NSH,8477424,2,0.01933836191892624,0.01727890595793724,3,0.0078,0.0308
Juuse Saros,NSH,8477424,3,0.019747456535696983,0.01727890595793724,14,0.0144,0.025
Juuse Saros,NSH,8477424,4,0.020013323053717613,0.01727890595793724,1,0.0,0.04
Juuse Saros,NSH,8477424,5,0.02027500979602337,0.01727890595793724,28,0.0165,0.0241
Juuse Saros,NSH,8477424,6,0.02022380568087101,0.01727890595793724,11,0.0142,0.0262
Juuse Saros,NSH,8477424,7,0.020062008872628212,0.01727890595793724,11,0.0141,0.0261
Juuse Saros,NSH,8477424,8,0.020101556554436684,0.01727890595793724,3,0.0086,0.0316
Juuse Saros,NSH,8477424,9,0.020124534144997597,0.01727890595793724,2,0.006,0.0342
Juuse Saros,NSH,8477424,10,0.02013373002409935,0.01727890595793724,3,0.0086,0.0316
Juuse Saros,NSH,8477424,11,0.020123455673456192,0.01727890595793724,12,0.0143,0.0259
Juuse Saros,NSH,8477424,12,0.020084375515580177,0.01727890595793724,18,0.0154,0.0248
Juuse Saros,NSH,8477424,13,0.01999935694038868,0.01727890595793724,15,0.0148,0.0252
Juuse Saros,NSH,8477424,14,0.019958440214395523,0.01727890595793724,1,-0.0,0.04
Juuse Saros,NSH,8477424,15,0.019915839657187462,0.01727890595793724,2,0.0058,0.034
Juuse Saros,NSH,8477424,16,0.019854189828038216,0.01727890595793724,12,0.0141,0.0257
Juuse Saros,NSH,8477424,17,0.019775182008743286,0.01727890595793724,7,0.0122,0.0274
Juuse Saros,NSH,8477424,18,0.019808990880846977,0.01727890595793724,17,0.0149,0.0247
Juuse Saros,NSH,8477424,19,0.019777849316596985,0.01727890595793724,1,-0.0002,0.0398
Juuse Saros,NSH,8477424,20,0.019736824557185173,0.01727890595793724,4,0.0097,0.0297
Juuse Saros,NSH,8477424,21,0.01987430267035961,0.01727890595793724,0,-0.0001,0.0399
Juuse Saros,NSH,8477424,22,0.020011549815535545,0.01727890595793724,1,0.0,0.04
Juuse Saros,NSH,8477424,23,0.020138422027230263,0.01727890595793724,0,0.0001,0.0401
Juuse Saros,NSH,8477424,24,0.02026546001434326,0.01727890595793724,13,0.0148,0.0258
Juuse Saros,NSH,8477424,25,0.020367339253425598,0.01727890595793724,1,0.0004,0.0404
Juuse Saros,NSH,8477424,26,0.02045748382806778,0.01727890595793724,0,0.0005,0.0405
Juuse Saros,NSH,8477424,27,0.02054523676633835,0.01727890595793724,19,0.0159,0.0251
Juuse Saros,NSH,8477424,28,0.020542094483971596,0.01727890595793724,0,0.0005,0.0405
Juuse Saros,NSH,8477424,29,0.02053912542760372,0.01727890595793724,0,0.0005,0.0405
Juuse Saros,NSH,8477424,30,0.020540105178952217,0.01727890595793724,0,0.0005,0.0405
Juuse Saros,NSH,8477424,31,0.020544342696666718,0.01727890595793724,0,0.0005,0.0405
Juuse Saros,NSH,8477424,32,0.0205435398966074,0.01727890595793724,0,0.0005,0.0405
Juuse Saros,NSH,8477424,33,0.020543210208415985,0.01727890595793724,0,0.0005,0.0405
8480885,,8480885,0,0.0006169253611005843,0.0006664366228505969,0,-0.0194,0.0206
8480885,,8480885,1,0.0005932918284088373,0.0006664366228505969,0,-0.0194,0.0206
8480885,,8480885,2,0.0005696257576346397,0.0006664366228505969,0,-0.0194,0.0206
8480885,,8480885,3,0.0005446263821795583,0.0006664366228505969,0,-0.0195,0.0205
8480885,,8480885,4,0.0005228739464655519,0.0006664366228505969,0,-0.0195,0.0205
8480885,,8480885,5,0.0005016491049900651,0.0006664366228505969,0,-0.0195,0.0205
8480885,,8480885,6,0.0004817816661670804,0.0006664366228505969,0,-0.0195,0.0205
8480885,,8480885,7,0.00046775079681538045,0.0006664366228505969,0,-0.0195,0.0205
8480885,,8480885,8,0.00045746791874989867,0.0006664366228505969,0,-0.0195,0.0205
8480885,,8480885,9,0.00044941261876374483,0.0006664366228505969,0,-0.0196,0.0204
8480885,,8480885,10,0.00044106459245085716,0.0006664366228505969,0,-0.0196,0.0204
8480885,,8480885,11,0.0004382924234960228,0.0006664366228505969,0,-0.0196,0.0204
8480885,,8480885,12,0.00043602887308225036,0.0006664366228505969,0,-0.0196,0.0204
8480885,,8480885,13,0.0004342560423538089,0.0006664366228505969,0,-0.0196,0.0204
8480885,,8480885,14,0.0004287546325940639,0.0006664366228505969,0,-0.0196,0.0204
8480885,,8480885,15,0.0004251524223946035,0.0006664366228505969,0,-0.0196,0.0204
8480885,,8480885,16,0.00042011417099274695,0.0006664366228505969,0,-0.0196,0.0204
8480885,,8480885,17,0.0004204519500490278,0.0006664366228505969,0,-0.0196,0.0204
8480885,,8480885,18,0.0004157602961640805,0.0006664366228505969,0,-0.0196,0.0204
8480885,,8480885,19,0.0004099581274203956,0.0006664366228505969,0,-0.0196,0.0204
8480885,,8480885,20,0.0004042595101054758,0.0006664366228505969,0,-0.0196,0.0204
8480885,,8480885,21,0.0004008868127129972,0.0006664366228505969,0,-0.0196,0.0204
8480885,,8480885,22,0.00039729540003463626,0.0006664366228505969,0,-0.0196,0.0204
8480885,,8480885,23,0.00039929579361341894,0.0006664366228505969,0,-0.0196,0.0204
8480885,,8480885,24,0.00040147005347535014,0.0006664366228505969,0,-0.0196,0.0204
8480885,,8480885,25,0.00040324137080460787,0.0006664366228505969,0,-0.0196,0.0204
8480885,,8480885,26,0.0004007802635896951,0.0006664366228505969,0,-0.0196,0.0204
8480885,,8480885,27,0.0003959108144044876,0.0006664366228505969,0,-0.0196,0.0204
8480885,,8480885,28,0.0003927676298189908,0.0006664366228505969,0,-0.0196,0.0204
8480885,,8480885,29,0.00038978655356913805,0.0006664366228505969,0,-0.0196,0.0204
8480885,,8480885,30,0.0003907628997694701,0.0006664366228505969,0,-0.0196,0.0204
8480885,,8480885,31,0.0003949991369154304,0.0006664366228505969,0,-0.0196,0.0204
8480885,,8480885,32,0.000394194241380319,0.0006664366228505969,0,-0.0196,0.0204
8480885,,8480885,33,0.00039386411663144827,0.0006664366228505969,0,-0.0196,0.0204
Devin Cooley,CGY,8482445,0,0.0031943388748914003,0.003049163380637765,5,-0.0057,0.0121
Devin Cooley,CGY,8482445,1,0.00320474267937243,0.003049163380637765,0,-0.0168,0.0232
Devin Cooley,CGY,8482445,2,0.0032151122577488422,0.003049163380637765,5,-0.0057,0.0121
Devin Cooley,CGY,8482445,3,0.0032849630806595087,0.003049163380637765,0,-0.0167,0.0233
Devin Cooley,CGY,8482445,4,0.003358058864250779,0.003049163380637765,1,-0.0166,0.0234
Devin Cooley,CGY,8482445,5,0.003421393223106861,0.003049163380637765,0,-0.0166,0.0234
Devin Cooley,CGY,8482445,6,0.0034860828891396523,0.003049163380637765,5,-0.0054,0.0124
Devin Cooley,CGY,8482445,7,0.0036143132019788027,0.003049163380637765,1,-0.0164,0.0236
Devin Cooley,CGY,8482445,8,0.0037421698216348886,0.003049163380637765,0,-0.0163,0.0237
Devin Cooley,CGY,8482445,9,0.0038722543977200985,0.003049163380637765,12,-0.0019,0.0097
Devin Cooley,CGY,8482445,10,0.0038507278077304363,0.003049163380637765,3,-0.0076,0.0154
Devin Cooley,CGY,8482445,11,0.003811105154454708,0.003049163380637765,1,-0.0162,0.0238
Devin Cooley,CGY,8482445,12,0.0037579538766294718,0.003049163380637765,0,-0.0162,0.0238
Devin Cooley,CGY,8482445,13,0.0037052936386317015,0.003049163380637765,8,-0.0034,0.0108
Devin Cooley,CGY,8482445,14,0.0036709869746118784,0.003049163380637765,0,-0.0163,0.0237
Devin Cooley,CGY,8482445,15,0.0036385811399668455,0.003049163380637765,0,-0.0164,0.0236
Devin Cooley,CGY,8482445,16,0.003604736877605319,0.003049163380637765,1,-0.0164,0.0236
Devin Cooley,CGY,8482445,17,0.003562959609553218,0.003049163380637765,2,-0.0105,0.0177
Devin Cooley,CGY,8482445,18,0.0035066662821918726,0.003049163380637765,18,-0.0012,0.0082
Devin Cooley,CGY,8482445,19,0.003288408275693655,0.003049163380637765,1,-0.0167,0.0233
Devin Cooley,CGY,8482445,20,0.0030598286539316177,0.003049163380637765,13,-0.0024,0.0086
Devin Cooley,CGY,8482445,21,0.0029160359408706427,0.003049163380637765,0,-0.0171,0.0229
Devin Cooley,CGY,8482445,22,0.0027720206417143345,0.003049163380637765,4,-0.0072,0.0128
Devin Cooley,CGY,8482445,23,0.0026872847229242325,0.003049163380637765,2,-0.0114,0.0168
Devin Cooley,CGY,8482445,24,0.00258635263890028,0.003049163380637765,11,-0.0034,0.0086
Devin Cooley,CGY,8482445,25,0.002601968590170145,0.003049163380637765,1,-0.0174,0.0226
Devin Cooley,CGY,8482445,26,0.0025995150208473206,0.003049163380637765,0,-0.0174,0.0226
Devin Cooley,CGY,8482445,27,0.002594652120023966,0.003049163380637765,0,-0.0174,0.0226
Devin Cooley,CGY,8482445,28,0.0025915149599313736,0.003049163380637765,0,-0.0174,0.0226
Devin Cooley,CGY,8482445,29,0.002588538220152259,0.003049163380637765,0,-0.0174,0.0226
Devin Cooley,CGY,8482445,30,0.0025895184371620417,0.003049163380637765,0,-0.0174,0.0226
Devin Cooley,CGY,8482445,31,0.0025937568861991167,0.003049163380637765,0,-0.0174,0.0226
Devin Cooley,CGY,8482445,32,0.002592953620478511,0.003049163380637765,0,-0.0174,0.0226
Devin Cooley,CGY,8482445,33,0.002592624630779028,0.003049163380637765,0,-0.0174,0.0226
8478433,,8478433,0,0.001060840324498713,0.001110331155359745,0,-0.0189,0.0211
8478433,,8478433,1,0.0010372161632403731,0.001110331155359745,0,-0.019,0.021
8478433,,8478433,2,0.001013558590784669,0.001110331155359745,0,-0.019,0.021
8478433,,8478433,3,0.0009885678300634027,0.001110331155359745,0,-0.019,0.021
8478433,,8478433,4,0.0009668237762525678,0.001110331155359745,0,-0.019,0.021
8478433,,8478433,5,0.0009456069674342871,0.001110331155359745,0,-0.0191,0.0209
8478433,,8478433,6,0.0009257470956072211,0.001110331155359745,0,-0.0191,0.0209
8478433,,8478433,7,0.000911724055185914,0.001110331155359745,0,-0.0191,0.0209
8478433,,8478433,8,0.0009014483075588942,0.001110331155359745,0,-0.0191,0.0209
8478433,,8478433,9,0.0008934002253226936,0.001110331155359745,0,-0.0191,0.0209
8478433,,8478433,10,0.0008850587764754891,0.001110331155359745,0,-0.0191,0.0209
8478433,,8478433,11,0.0008822933305054903,0.001110331155359745,0,-0.0191,0.0209
8478433,,8478433,12,0.0008800357463769615,0.001110331155359745,0,-0.0191,0.0209
8478433,,8478433,13,0.0008782688528299332,0.001110331155359745,0,-0.0191,0.0209
8478433,,8478433,14,0.0008727735839784145,0.001110331155359745,0,-0.0191,0.0209
8478433,,8478433,15,0.0008691759430803359,0.001110331155359745,0,-0.0191,0.0209
8478433,,8478433,16,0.000864143599756062,0.001110331155359745,0,-0.0191,0.0209
8478433,,8478433,17,0.0008644857443869114,0.001110331155359745,0,-0.0191,0.0209
8478433,,8478433,18,0.000859798863530159,0.001110331155359745,0,-0.0191,0.0209
8478433,,8478433,19,0.0008540007402189076,0.001110331155359745,0,-0.0191,0.0209
8478433,,8478433,20,0.0008483061101287603,0.001110331155359745,0,-0.0192,0.0208
8478433,,8478433,21,0.0008449371671304107,0.001110331155359745,0,-0.0192,0.0208
8478433,,8478433,22,0.0008413492469117045,0.001110331155359745,0,-0.0192,0.0208
8478433,,8478433,23,0.0008433524053543806,0.001110331155359745,0,-0.0192,0.0208
8478433,,8478433,24,0.0008455296629108489,0.001110331155359745,0,-0.0192,0.0208
8478433,,8478433,25,0.000847303424961865,0.001110331155359745,0,-0.0192,0.0208
8478433,,8478433,26,0.0008448447333648801,0.001110331155359745,0,-0.0192,0.0208
8478433,,8478433,27,0.0008399771759286523,0.001110331155359745,0,-0.0192,0.0208
8478433,,8478433,28,0.0008368355920538306,0.001110331155359745,0,-0.0192,0.0208
8478433,,8478433,29,0.0008338557672686875,0.001110331155359745,0,-0.0192,0.0208
8478433,,8478433,30,0.000834833481349051,0.001110331155359745,0,-0.0192,0.0208
8478433,,8478433,31,0.0008390703005716205,0.001110331155359745,0,-0.0192,0.0208
8478433,,8478433,32,0.0008382657542824745,0.001110331155359745,0,-0.0192,0.0208
8478433,,8478433,33,0.0008379360660910606,0.001110331155359745,0,-0.0192,0.0208
8475789,,8475789,0,-0.002119229407981038,-0.00206963368691504,0,-0.0221,0.0179
8475789,,8475789,1,-0.002142898505553603,-0.00206963368691504,0,-0.0221,0.0179
8475789,,8475789,2,-0.0021666011307388544,-0.00206963368691504,0,-0.0222,0.0178
8475789,,8475789,3,-0.0021916343830525875,-0.00206963368691504,0,-0.0222,0.0178
8475789,,8475789,4,-0.0022134208120405674,-0.00206963368691504,0,-0.0222,0.0178
8475789,,8475789,5,-0.0022346777841448784,-0.00206963368691504,0,-0.0222,0.0178
8475789,,8475789,6,-0.0022545778192579746,-0.00206963368691504,0,-0.0223,0.0177
8475789,,8475789,7,-0.002268638461828232,-0.00206963368691504,0,-0.0223,0.0177
8475789,,8475789,8,-0.0022789514623582363,-0.00206963368691504,0,-0.0223,0.0177
8475789,,8475789,9,-0.0022870346438139677,-0.00206963368691504,0,-0.0223,0.0177
8475789,,8475789,10,-0.0022954107262194157,-0.00206963368691504,0,-0.0223,0.0177
8475789,,8475789,11,-0.002298208884894848,-0.00206963368691504,0,-0.0223,0.0177
8475789,,8475789,12,-0.0023004976101219654,-0.00206963368691504,0,-0.0223,0.0177
8475789,,8475789,13,-0.0023022948298603296,-0.00206963368691504,0,-0.0223,0.0177
8475789,,8475789,14,-0.0023078196682035923,-0.00206963368691504,0,-0.0223,0.0177
8475789,,8475789,15,-0.0023114436771720648,-0.00206963368691504,0,-0.0223,0.0177
8475789,,8475789,16,-0.0023165028542280197,-0.00206963368691504,0,-0.0223,0.0177
8475789,,8475789,17,-0.0023161848075687885,-0.00206963368691504,0,-0.0223,0.0177
8475789,,8475789,18,-0.002320894505828619,-0.00206963368691504,0,-0.0223,0.0177
8475789,,8475789,19,-0.0023267148062586784,-0.00206963368691504,0,-0.0223,0.0177
8475789,,8475789,20,-0.0023324289359152317,-0.00206963368691504,0,-0.0223,0.0177
8475789,,8475789,21,-0.002335817087441683,-0.00206963368691504,0,-0.0223,0.0177
8475789,,8475789,22,-0.0023394222371280193,-0.00206963368691504,0,-0.0223,0.0177
8475789,,8475789,23,-0.0023374343290925026,-0.00206963368691504,0,-0.0223,0.0177
8475789,,8475789,24,-0.0023352717980742455,-0.00206963368691504,0,-0.0223,0.0177
8475789,,8475789,25,-0.0023335102014243603,-0.00206963368691504,0,-0.0223,0.0177
8475789,,8475789,26,-0.0023359814658761024,-0.00206963368691504,0,-0.0223,0.0177
8475789,,8475789,27,-0.0023408583365380764,-0.00206963368691504,0,-0.0223,0.0177
8475789,,8475789,28,-0.0023440085351467133,-0.00206963368691504,0,-0.0223,0.0177
8475789,,8475789,29,-0.0023469950538128614,-0.00206963368691504,0,-0.0223,0.0177
8475789,,8475789,30,-0.002346022753044963,-0.00206963368691504,0,-0.0223,0.0177
8475789,,8475789,31,-0.002341789659112692,-0.00206963368691504,0,-0.0223,0.0177
8475789,,8475789,32,-0.0023425964172929525,-0.00206963368691504,0,-0.0223,0.0177
8475789,,8475789,33,-0.0023429272696375847,-0.00206963368691504,0,-0.0223,0.0177
8479609,,8479609,0,0.001654274296015501,0.0017037526704370975,0,-0.0183,0.0217
8479609,,8479609,1,0.0016306561883538961,0.0017037526704370975,0,-0.0184,0.0216
8479609,,8479609,2,0.0016070036217570305,0.0017037526704370975,0,-0.0184,0.0216
8479609,,8479609,3,0.0015820186818018556,0.0017037526704370975,0,-0.0184,0.0216
8479609,,8479609,4,0.0015602795174345374,0.0017037526704370975,0,-0.0184,0.0216
8479609,,8479609,5,0.001539067830890417,0.0017037526704370975,0,-0.0185,0.0215
8479609,,8479609,6,0.0015192129649221897,0.0017037526704370975,0,-0.0185,0.0215
8479609,,8479609,7,0.0015051944646984339,0.0017037526704370975,0,-0.0185,0.0215
8479609,,8479609,8,0.0014949236065149307,0.0017037526704370975,0,-0.0185,0.0215
8479609,,8479609,9,0.0014868795406073332,0.0017037526704370975,0,-0.0185,0.0215
8479609,,8479609,10,0.0014785428065806627,0.0017037526704370975,0,-0.0185,0.0215
8479609,,8479609,11,0.0014757810859009624,0.0017037526704370975,0,-0.0185,0.0215
8479609,,8479609,12,0.0014735277509316802,0.0017037526704370975,0,-0.0185,0.0215
8479609,,8479609,13,0.0014717644080519676,0.0017037526704370975,0,-0.0185,0.0215
8479609,,8479609,14,0.0014662723988294601,0.0017037526704370975,0,-0.0185,0.0215
8479609,,8479609,15,0.0014626788906753063,0.0017037526704370975,0,-0.0185,0.0215
8479609,,8479609,16,0.00145764893386513,0.0017037526704370975,0,-0.0185,0.0215
8479609,,8479609,17,0.001457994687370956,0.0017037526704370975,0,-0.0185,0.0215
8479609,,8479609,18,0.0014533106004819274,0.0017037526704370975,0,-0.0185,0.0215
8479609,,8479609,19,0.001447515096515417,0.0017037526704370975,0,-0.0186,0.0214
8479609,,8479609,20,0.0014418232021853328,0.0017037526704370975,0,-0.0186,0.0214
8479609,,8479609,21,0.0014384562382474542,0.0017037526704370975,0,-0.0186,0.0214
8479609,,8479609,22,0.0014348708791658282,0.0017037526704370975,0,-0.0186,0.0214
8479609,,8479609,23,0.0014368757838383317,0.0017037526704370975,0,-0.0186,0.0214
8479609,,8479609,24,0.00143905496224761,0.0017037526704370975,0,-0.0186,0.0214
8479609,,8479609,25,0.0014408299466595054,0.0017037526704370975,0,-0.0186,0.0214
8479609,,8479609,26,0.001438373001292348,0.0017037526704370975,0,-0.0186,0.0214
8479609,,8479609,27,0.0014335066080093384,0.0017037526704370975,0,-0.0186,0.0214
8479609,,8479609,28,0.0014303658390417695,0.0017037526704370975,0,-0.0186,0.0214
8479609,,8479609,29,0.0014273871202021837,0.0017037526704370975,0,-0.0186,0.0214
8479609,,8479609,30,0.0014283653581514955,0.0017037526704370975,0,-0.0186,0.0214
8479609,,8479609,31,0.0014326026430353522,0.0017037526704370975,0,-0.0186,0.0214
8479609,,8479609,32,0.0014317985624074936,0.0017037526704370975,0,-0.0186,0.0214
8479609,,8479609,33,0.0014314685249701142,0.0017037526704370975,0,-0.0186,0.0214
Daniil Tarasov,FLA,8480193,0,0.009741811081767082,0.009001369588077068,1,-0.0103,0.0297
Daniil Tarasov,FLA,8480193,1,0.010061195120215416,0.009001369588077068,1,-0.0099,0.0301
Daniil Tarasov,FLA,8480193,2,0.010376395657658577,0.009001369588077068,3,-0.0011,0.0219
Daniil Tarasov,FLA,8480193,3,0.01066442672163248,0.009001369588077068,0,-0.0093,0.0307
Daniil Tarasov,FLA,8480193,4,0.01095569971948862,0.009001369588077068,3,-0.0005,0.0225
Daniil Tarasov,FLA,8480193,5,0.011207140982151031,0.009001369588077068,0,-0.0088,0.0312
Daniil Tarasov,FLA,8480193,6,0.011459937319159508,0.009001369588077068,10,0.0052,0.0178
Daniil Tarasov,FLA,8480193,7,0.01174420490860939,0.009001369588077068,1,-0.0083,0.0317
Daniil Tarasov,FLA,8480193,8,0.012028583325445652,0.009001369588077068,7,0.0044,0.0196
Daniil Tarasov,FLA,8480193,9,0.01225981768220663,0.009001369588077068,2,-0.0018,0.0264
Daniil Tarasov,FLA,8480193,10,0.01246520597487688,0.009001369588077068,5,0.0036,0.0214
Daniil Tarasov,FLA,8480193,11,0.01272554136812687,0.009001369588077068,3,0.0012,0.0242
Daniil Tarasov,FLA,8480193,12,0.012954216450452805,0.009001369588077068,0,-0.007,0.033
Daniil Tarasov,FLA,8480193,13,0.013183394446969032,0.009001369588077068,9,0.0065,0.0199
Daniil Tarasov,FLA,8480193,14,0.013516278937458992,0.009001369588077068,0,-0.0065,0.0335
Daniil Tarasov,FLA,8480193,15,0.01385106798261404,0.009001369588077068,26,0.01,0.0178
Daniil Tarasov,FLA,8480193,16,0.01416081003844738,0.009001369588077068,0,-0.0058,0.0342
Daniil Tarasov,FLA,8480193,17,0.0144759276881814,0.009001369588077068,1,-0.0055,0.0345
Daniil Tarasov,FLA,8480193,18,0.014782623387873173,0.009001369588077068,0,-0.0052,0.0348
Daniil Tarasov,FLA,8480193,19,0.01508820615708828,0.009001369588077068,2,0.001,0.0292
Daniil Tarasov,FLA,8480193,20,0.015377799049019814,0.009001369588077068,0,-0.0046,0.0354
Daniil Tarasov,FLA,8480193,21,0.01566971279680729,0.009001369588077068,5,0.0068,0.0246
Daniil Tarasov,FLA,8480193,22,0.016005700454115868,0.009001369588077068,2,0.0019,0.0301
Daniil Tarasov,FLA,8480193,23,0.01634024642407894,0.009001369588077068,1,-0.0037,0.0363
Daniil Tarasov,FLA,8480193,24,0.016671666875481606,0.009001369588077068,2,0.0026,0.0308
Daniil Tarasov,FLA,8480193,25,0.016976961866021156,0.009001369588077068,15,0.0118,0.0222
Daniil Tarasov,FLA,8480193,26,0.017138900235295296,0.009001369588077068,1,-0.0029,0.0371
Daniil Tarasov,FLA,8480193,27,0.01729082316160202,0.009001369588077068,15,0.0121,0.0225
Daniil Tarasov,FLA,8480193,28,0.017287690192461014,0.009001369588077068,0,-0.0027,0.0373
Daniil Tarasov,FLA,8480193,29,0.017284715548157692,0.009001369588077068,0,-0.0027,0.0373
Daniil Tarasov,FLA,8480193,30,0.017285697162151337,0.009001369588077068,0,-0.0027,0.0373
Daniil Tarasov,FLA,8480193,31,0.017289940267801285,0.009001369588077068,0,-0.0027,0.0373
Daniil Tarasov,FLA,8480193,32,0.017289137467741966,0.009001369588077068,0,-0.0027,0.0373
Daniil Tarasov,FLA,8480193,33,0.017288813367486,0.009001369588077068,0,-0.0027,0.0373
Logan Thompson,WSH,8480313,0,0.027562852948904037,0.02578277513384819,0,0.0076,0.0476
Logan Thompson,WSH,8480313,1,0.02835235930979252,0.02578277513384819,0,0.0084,0.0484
Logan Thompson,WSH,8480313,2,0.029141847044229507,0.02578277513384819,8,0.022,0.0362
Logan Thompson,WSH,8480313,3,0.029950596392154694,0.02578277513384819,3,0.0185,0.0415
Logan Thompson,WSH,8480313,4,0.03083718568086624,0.02578277513384819,7,0.0232,0.0384
Logan Thompson,WSH,8480313,5,0.0317729152739048,0.02578277513384819,7,0.0242,0.0394
Logan Thompson,WSH,8480313,6,0.032639630138874054,0.02578277513384819,12,0.0268,0.0384
Logan Thompson,WSH,8480313,7,0.03338618576526642,0.02578277513384819,5,0.0245,0.0423
Logan Thompson,WSH,8480313,8,0.03408593684434891,0.02578277513384819,13,0.0286,0.0396
Logan Thompson,WSH,8480313,9,0.034775346517562866,0.02578277513384819,8,0.0277,0.0419
Logan Thompson,WSH,8480313,10,0.03557677939534187,0.02578277513384819,6,0.0274,0.0438
Logan Thompson,WSH,8480313,11,0.03632957488298416,0.02578277513384819,12,0.0305,0.0421
Logan Thompson,WSH,8480313,12,0.03697987273335457,0.02578277513384819,11,0.031,0.043
Logan Thompson,WSH,8480313,13,0.03763188421726227,0.02578277513384819,20,0.0331,0.0421
Logan Thompson,WSH,8480313,14,0.038094662129879,0.02578277513384819,8,0.031,0.0452
Logan Thompson,WSH,8480313,15,0.0385933481156826,0.02578277513384819,1,0.0186,0.0586
Logan Thompson,WSH,8480313,16,0.039179444313049316,0.02578277513384819,8,0.0321,0.0463
Logan Thompson,WSH,8480313,17,0.03967580571770668,0.02578277513384819,24,0.0356,0.0438
Logan Thompson,WSH,8480313,18,0.04007032886147499,0.02578277513384819,2,0.026,0.0542
Logan Thompson,WSH,8480313,19,0.040451887995004654,0.02578277513384819,1,0.0205,0.0605
Logan Thompson,WSH,8480313,20,0.04083050414919853,0.02578277513384819,10,0.0345,0.0471
Logan Thompson,WSH,8480313,21,0.041126396507024765,0.02578277513384819,10,0.0348,0.0474
Logan Thompson,WSH,8480313,22,0.04143550246953964,0.02578277513384819,13,0.0359,0.0469
Logan Thompson,WSH,8480313,23,0.04163369536399841,0.02578277513384819,31,0.038,0.0452
Logan Thompson,WSH,8480313,24,0.04176494479179382,0.02578277513384819,7,0.0342,0.0494
Logan Thompson,WSH,8480313,25,0.042024172842502594,0.02578277513384819,20,0.0375,0.0465
Logan Thompson,WSH,8480313,26,0.04208417981863022,0.02578277513384819,6,0.0339,0.0503
Logan Thompson,WSH,8480313,27,0.042079318314790726,0.02578277513384819,0,0.0221,0.0621
Logan Thompson,WSH,8480313,28,0.042076174169778824,0.02578277513384819,0,0.0221,0.0621
Logan Thompson,WSH,8480313,29,0.04207320511341095,0.02578277513384819,0,0.0221,0.0621
Logan Thompson,WSH,8480313,30,0.04207418113946915,0.02578277513384819,0,0.0221,0.0621
Logan Thompson,WSH,8480313,31,0.042078424245119095,0.02578277513384819,0,0.0221,0.0621
Logan Thompson,WSH,8480313,32,0.04207761958241463,0.02578277513384819,0,0.0221,0.0621
Logan Thompson,WSH,8480313,33,0.04207729920744896,0.02578277513384819,0,0.0221,0.0621
Stuart Skinner,PIT,8479973,0,-0.009722089394927025,-0.008318671025335789,0,-0.0297,0.0103
Stuart Skinner,PIT,8479973,1,-0.0103474585339427,-0.008318671025335789,9,-0.017,-0.0036
Stuart Skinner,PIT,8479973,2,-0.010860512964427471,-0.008318671025335789,0,-0.0309,0.0091
Stuart Skinner,PIT,8479973,3,-0.011374900117516518,-0.008318671025335789,10,-0.0177,-0.0051
Stuart Skinner,PIT,8479973,4,-0.011903541162610054,-0.008318671025335789,1,-0.0319,0.0081
Stuart Skinner,PIT,8479973,5,-0.01235197577625513,-0.008318671025335789,0,-0.0324,0.0076
Stuart Skinner,PIT,8479973,6,-0.012799050658941269,-0.008318671025335789,14,-0.0181,-0.0075
Stuart Skinner,PIT,8479973,7,-0.013264338485896587,-0.008318671025335789,2,-0.0274,0.0008
Stuart Skinner,PIT,8479973,8,-0.013742071576416492,-0.008318671025335789,6,-0.0219,-0.0055
Stuart Skinner,PIT,8479973,9,-0.014277099631726742,-0.008318671025335789,2,-0.0284,-0.0002
Stuart Skinner,PIT,8479973,10,-0.014825395308434963,-0.008318671025335789,2,-0.0289,-0.0007
Stuart Skinner,PIT,8479973,11,-0.01529526524245739,-0.008318671025335789,12,-0.0211,-0.0095
Stuart Skinner,PIT,8479973,12,-0.015865273773670197,-0.008318671025335789,24,-0.02,-0.0118
Stuart Skinner,PIT,8479973,13,-0.01646408624947071,-0.008318671025335789,17,-0.0214,-0.0116
Stuart Skinner,PIT,8479973,14,-0.016841592267155647,-0.008318671025335789,0,-0.0368,0.0032
Stuart Skinner,PIT,8479973,15,-0.01721719279885292,-0.008318671025335789,0,-0.0372,0.0028
Stuart Skinner,PIT,8479973,16,-0.01759423315525055,-0.008318671025335789,8,-0.0247,-0.0105
Stuart Skinner,PIT,8479973,17,-0.017929572612047195,-0.008318671025335789,10,-0.0242,-0.0116
Stuart Skinner,PIT,8479973,18,-0.01835629530251026,-0.008318671025335789,0,-0.0384,0.0016
Stuart Skinner,PIT,8479973,19,-0.01878412440419197,-0.008318671025335789,6,-0.027,-0.0106
Stuart Skinner,PIT,8479973,20,-0.019069623202085495,-0.008318671025335789,1,-0.0391,0.0009
Stuart Skinner,PIT,8479973,21,-0.019359910860657692,-0.008318671025335789,0,-0.0394,0.0006
Stuart Skinner,PIT,8479973,22,-0.01965041644871235,-0.008318671025335789,4,-0.0297,-0.0097
Stuart Skinner,PIT,8479973,23,-0.019973507151007652,-0.008318671025335789,16,-0.025,-0.015
Stuart Skinner,PIT,8479973,24,-0.020061884075403214,-0.008318671025335789,13,-0.0256,-0.0146
Stuart Skinner,PIT,8479973,25,-0.02007441408932209,-0.008318671025335789,5,-0.029,-0.0112
Stuart Skinner,PIT,8479973,26,-0.01995840296149254,-0.008318671025335789,0,-0.04,0.0
Stuart Skinner,PIT,8479973,27,-0.019844794645905495,-0.008318671025335789,6,-0.028,-0.0116
Stuart Skinner,PIT,8479973,28,-0.019769271835684776,-0.008318671025335789,8,-0.0269,-0.0127
Stuart Skinner,PIT,8479973,29,-0.019772253930568695,-0.008318671025335789,0,-0.0398,0.0002
Stuart Skinner,PIT,8479973,30,-0.01977127604186535,-0.008318671025335789,0,-0.0398,0.0002
Stuart Skinner,PIT,8479973,31,-0.019767045974731445,-0.008318671025335789,0,-0.0398,0.0002
Stuart Skinner,PIT,8479973,32,-0.019767846912145615,-0.008318671025335789,0,-0.0398,0.0002
Stuart Skinner,PIT,8479973,33,-0.019768180325627327,-0.008318671025335789,0,-0.0398,0.0002
Darcy Kuemper,LAK,8475311,0,0.004513206891715527,0.00530999107286334,0,-0.0155,0.0245
Darcy Kuemper,LAK,8475311,1,0.004157456569373608,0.00530999107286334,1,-0.0158,0.0242
Darcy Kuemper,LAK,8475311,2,0.003790993010625243,0.00530999107286334,9,-0.0029,0.0105
Darcy Kuemper,LAK,8475311,3,0.0035585369914770126,0.00530999107286334,10,-0.0027,0.0099
Darcy Kuemper,LAK,8475311,4,0.003361466573551297,0.00530999107286334,0,-0.0166,0.0234
Darcy Kuemper,LAK,8475311,5,0.003164924681186676,0.00530999107286334,3,-0.0083,0.0147
Darcy Kuemper,LAK,8475311,6,0.002934214659035206,0.00530999107286334,3,-0.0086,0.0144
Darcy Kuemper,LAK,8475311,7,0.0028786559123545885,0.00530999107286334,16,-0.0021,0.0079
Darcy Kuemper,LAK,8475311,8,0.0026914775371551514,0.00530999107286334,3,-0.0088,0.0142
Darcy Kuemper,LAK,8475311,9,0.0024822468403726816,0.00530999107286334,6,-0.0057,0.0107
Darcy Kuemper,LAK,8475311,10,0.002225771313533187,0.00530999107286334,8,-0.0049,0.0093
Darcy Kuemper,LAK,8475311,11,0.0018903892487287521,0.00530999107286334,12,-0.0039,0.0077
Darcy Kuemper,LAK,8475311,12,0.0016476159216836095,0.00530999107286334,9,-0.0051,0.0083
Darcy Kuemper,LAK,8475311,13,0.0013369097141548991,0.00530999107286334,0,-0.0187,0.0213
Darcy Kuemper,LAK,8475311,14,0.0010224748402833939,0.00530999107286334,0,-0.019,0.021
Darcy Kuemper,LAK,8475311,15,0.0007099381182342768,0.00530999107286334,14,-0.0046,0.006
Darcy Kuemper,LAK,8475311,16,0.00045500104897655547,0.00530999107286334,40,-0.0027,0.0037
Darcy Kuemper,LAK,8475311,17,0.0002156151458621025,0.00530999107286334,5,-0.0087,0.0091
Darcy Kuemper,LAK,8475311,18,2.6614026864990592e-05,0.00530999107286334,1,-0.02,0.02
Darcy Kuemper,LAK,8475311,19,-0.0001764207408996299,0.00530999107286334,2,-0.0143,0.0139
Darcy Kuemper,LAK,8475311,20,-0.00039511354407295585,0.00530999107286334,10,-0.0067,0.0059
Darcy Kuemper,LAK,8475311,21,-0.000525481766089797,0.00530999107286334,0,-0.0205,0.0195
Darcy Kuemper,LAK,8475311,22,-0.0006560690817423165,0.00530999107286334,1,-0.0207,0.0193
Darcy Kuemper,LAK,8475311,23,-0.000788351520895958,0.00530999107286334,4,-0.0108,0.0092
Darcy Kuemper,LAK,8475311,24,-0.0009649198036640882,0.00530999107286334,7,-0.0086,0.0066
Darcy Kuemper,LAK,8475311,25,-0.0009976595174521208,0.00530999107286334,14,-0.0063,0.0043
Darcy Kuemper,LAK,8475311,26,-0.0009751563193276525,0.00530999107286334,0,-0.021,0.019
Darcy Kuemper,LAK,8475311,27,-0.0009550612885504961,0.00530999107286334,4,-0.011,0.009
Darcy Kuemper,LAK,8475311,28,-0.0009582024067640305,0.00530999107286334,0,-0.021,0.019
Darcy Kuemper,LAK,8475311,29,-0.0009611813584342599,0.00530999107286334,0,-0.021,0.019
Darcy Kuemper,LAK,8475311,30,-0.0009602026548236609,0.00530999107286334,0,-0.021,0.019
Darcy Kuemper,LAK,8475311,31,-0.0009559654863551259,0.00530999107286334,0,-0.021,0.019
Darcy Kuemper,LAK,8475311,32,-0.0009567696833983064,0.00530999107286334,0,-0.021,0.019
Darcy Kuemper,LAK,8475311,33,-0.0009570998954586685,0.00530999107286334,0,-0.021,0.019
8476861,,8476861,0,0.00068896752782166,0.0007384722703136504,0,-0.0193,0.0207
8476861,,8476861,1,0.000665337429381907,0.0007384722703136504,0,-0.0193,0.0207
8476861,,8476861,2,0.0006416740361601114,0.0007384722703136504,0,-0.0194,0.0206
8476861,,8476861,3,0.0006166777457110584,0.0007384722703136504,0,-0.0194,0.0206
8476861,,8476861,4,0.0005949281621724367,0.0007384722703136504,0,-0.0194,0.0206
8476861,,8476861,5,0.0005737061146646738,0.0007384722703136504,0,-0.0194,0.0206
8476861,,8476861,6,0.0005538411205634475,0.0007384722703136504,0,-0.0194,0.0206
8476861,,8476861,7,0.00053981295786798,0.0007384722703136504,0,-0.0195,0.0205
8476861,,8476861,8,0.000529532553628087,0.0007384722703136504,0,-0.0195,0.0205
8476861,,8476861,9,0.0005214796983636916,0.0007384722703136504,0,-0.0195,0.0205
8476861,,8476861,10,0.0005131338839419186,0.0007384722703136504,0,-0.0195,0.0205
8476861,,8476861,11,0.0005103639559820294,0.0007384722703136504,0,-0.0195,0.0205
8476861,,8476861,12,0.0005081024719402194,0.0007384722703136504,0,-0.0195,0.0205
8476861,,8476861,13,0.000506331620272249,0.0007384722703136504,0,-0.0195,0.0205
8476861,,8476861,14,0.0005008322186768055,0.0007384722703136504,0,-0.0195,0.0205
8476861,,8476861,15,0.000497231783811003,0.0007384722703136504,0,-0.0195,0.0205
8476861,,8476861,16,0.0004921952495351434,0.0007384722703136504,0,-0.0195,0.0205
8476861,,8476861,17,0.0004925347166135907,0.0007384722703136504,0,-0.0195,0.0205
8476861,,8476861,18,0.00048784472164697945,0.0007384722703136504,0,-0.0195,0.0205
8476861,,8476861,19,0.0004820438916794956,0.0007384722703136504,0,-0.0195,0.0205
8476861,,8476861,20,0.00047634655493311584,0.0007384722703136504,0,-0.0195,0.0205
8476861,,8476861,21,0.0004729752545244992,0.0007384722703136504,0,-0.0195,0.0205
8476861,,8476861,22,0.0004693848895840347,0.0007384722703136504,0,-0.0195,0.0205
8476861,,8476861,23,0.0004713863309007138,0.0007384722703136504,0,-0.0195,0.0205
8476861,,8476861,24,0.00047356158029288054,0.0007384722703136504,0,-0.0195,0.0205
8476861,,8476861,25,0.00047533371252939105,0.0007384722703136504,0,-0.0195,0.0205
8476861,,8476861,26,0.000472873478429392,0.0007384722703136504,0,-0.0195,0.0205
8476861,,8476861,27,0.00046800472773611546,0.0007384722703136504,0,-0.0195,0.0205
8476861,,8476861,28,0.00046486183418892324,0.0007384722703136504,0,-0.0195,0.0205
8476861,,8476861,29,0.00046188122360035777,0.0007384722703136504,0,-0.0195,0.0205
8476861,,8476861,30,0.00046285815187729895,0.0007384722703136504,0,-0.0195,0.0205
8476861,,8476861,31,0.0004670945054385811,0.0007384722703136504,0,-0.0195,0.0205
8476861,,8476861,32,0.00046628984273411334,0.0007384722703136504,0,-0.0195,0.0205
8476861,,8476861,33,0.00046595983440056443,0.0007384722703136504,0,-0.0195,0.0205
Tristan Jarry,EDM,8477465,0,-0.013968413695693016,-0.013151772320270538,0,-0.034,0.006
Tristan Jarry,EDM,8477465,1,-0.014332989230751991,-0.013151772320270538,3,-0.0258,-0.0028
Tristan Jarry,EDM,8477465,2,-0.014611310325562954,-0.013151772320270538,11,-0.0206,-0.0086
Tristan Jarry,EDM,8477465,3,-0.014877337031066418,-0.013151772320270538,14,-0.0202,-0.0096
Tristan Jarry,EDM,8477465,4,-0.015268955379724503,-0.013151772320270538,0,-0.0353,0.0047
Tristan Jarry,EDM,8477465,5,-0.01566004753112793,-0.013151772320270538,0,-0.0357,0.0043
Tristan Jarry,EDM,8477465,6,-0.01604977622628212,-0.013151772320270538,10,-0.0223,-0.0097
Tristan Jarry,EDM,8477465,7,-0.016524923965334892,-0.013151772320270538,2,-0.0306,-0.0024
Tristan Jarry,EDM,8477465,8,-0.017007669433951378,-0.013151772320270538,0,-0.037,0.003
Tristan Jarry,EDM,8477465,9,-0.017488179728388786,-0.013151772320270538,0,-0.0375,0.0025
Tristan Jarry,EDM,8477465,10,-0.017968978732824326,-0.013151772320270538,14,-0.0233,-0.0127
Tristan Jarry,EDM,8477465,11,-0.018402088433504105,-0.013151772320270538,6,-0.0266,-0.0102
Tristan Jarry,EDM,8477465,12,-0.018885917961597443,-0.013151772320270538,5,-0.0278,-0.01
Tristan Jarry,EDM,8477465,13,-0.0193175058811903,-0.013151772320270538,1,-0.0393,0.0007
Tristan Jarry,EDM,8477465,14,-0.01975604146718979,-0.013151772320270538,0,-0.0398,0.0002
Tristan Jarry,EDM,8477465,15,-0.02019267901778221,-0.013151772320270538,0,-0.0402,-0.0002
Tristan Jarry,EDM,8477465,16,-0.020630748942494392,-0.013151772320270538,0,-0.0406,-0.0006
Tristan Jarry,EDM,8477465,17,-0.021063439548015594,-0.013151772320270538,1,-0.0411,-0.0011
Tristan Jarry,EDM,8477465,18,-0.021504901349544525,-0.013151772320270538,9,-0.0282,-0.0148
Tristan Jarry,EDM,8477465,19,-0.021828511729836464,-0.013151772320270538,17,-0.0267,-0.0169
Tristan Jarry,EDM,8477465,20,-0.021815722808241844,-0.013151772320270538,1,-0.0418,-0.0018
Tristan Jarry,EDM,8477465,21,-0.02181604690849781,-0.013151772320270538,1,-0.0418,-0.0018
Tristan Jarry,EDM,8477465,22,-0.021825019270181656,-0.013151772320270538,1,-0.0418,-0.0018
Tristan Jarry,EDM,8477465,23,-0.021840818226337433,-0.013151772320270538,0,-0.0418,-0.0018
Tristan Jarry,EDM,8477465,24,-0.021856455132365227,-0.013151772320270538,0,-0.0419,-0.0019
Tristan Jarry,EDM,8477465,25,-0.02187247946858406,-0.013151772320270538,6,-0.0301,-0.0137
Tristan Jarry,EDM,8477465,26,-0.021947698667645454,-0.013151772320270538,3,-0.0334,-0.0104
Tristan Jarry,EDM,8477465,27,-0.021949009969830513,-0.013151772320270538,0,-0.0419,-0.0019
Tristan Jarry,EDM,8477465,28,-0.02194860205054283,-0.013151772320270538,1,-0.0419,-0.0019
Tristan Jarry,EDM,8477465,29,-0.021951589733362198,-0.013151772320270538,0,-0.042,-0.002
Tristan Jarry,EDM,8477465,30,-0.021950626745820045,-0.013151772320270538,0,-0.042,-0.002
Tristan Jarry,EDM,8477465,31,-0.021946387365460396,-0.013151772320270538,0,-0.0419,-0.0019
Tristan Jarry,EDM,8477465,32,-0.021947206929326057,-0.013151772320270538,0,-0.0419,-0.0019
Tristan Jarry,EDM,8477465,33,-0.021947523579001427,-0.013151772320270538,0,-0.0419,-0.0019
Ville Husso,ANA,8478024,0,-0.004977700766175985,-0.0048682596534490585,0,-0.025,0.015
Ville Husso,ANA,8478024,1,-0.0050279670394957066,-0.0048682596534490585,0,-0.025,0.015
Ville Husso,ANA,8478024,2,-0.005078266374766827,-0.0048682596534490585,10,-0.0114,0.0012
Ville Husso,ANA,8478024,3,-0.0051306928507983685,-0.0048682596534490585,0,-0.0251,0.0149
Ville Husso,ANA,8478024,4,-0.0051798708736896515,-0.0048682596534490585,0,-0.0252,0.0148
Ville Husso,ANA,8478024,5,-0.005228518508374691,-0.0048682596534490585,0,-0.0252,0.0148
Ville Husso,ANA,8478024,6,-0.005275809671729803,-0.0048682596534490585,0,-0.0253,0.0147
Ville Husso,ANA,8478024,7,-0.005317260976880789,-0.0048682596534490585,0,-0.0253,0.0147
Ville Husso,ANA,8478024,8,-0.005354964639991522,-0.0048682596534490585,0,-0.0254,0.0146
Ville Husso,ANA,8478024,9,-0.0053904359228909016,-0.0048682596534490585,0,-0.0254,0.0146
Ville Husso,ANA,8478024,10,-0.00542620150372386,-0.0048682596534490585,4,-0.0154,0.0046
Ville Husso,ANA,8478024,11,-0.005487318150699139,-0.0048682596534490585,8,-0.0126,0.0016
Ville Husso,ANA,8478024,12,-0.005505153443664312,-0.0048682596534490585,0,-0.0255,0.0145
Ville Husso,ANA,8478024,13,-0.005522496998310089,-0.0048682596534490585,1,-0.0255,0.0145
Ville Husso,ANA,8478024,14,-0.005548369139432907,-0.0048682596534490585,0,-0.0255,0.0145
Ville Husso,ANA,8478024,15,-0.005572341848164797,-0.0048682596534490585,0,-0.0256,0.0144
Ville Husso,ANA,8478024,16,-0.005597748328000307,-0.0048682596534490585,3,-0.0171,0.0059
Ville Husso,ANA,8478024,17,-0.0056533669121563435,-0.0048682596534490585,15,-0.0109,-0.0005
Ville Husso,ANA,8478024,18,-0.00572721054777503,-0.0048682596534490585,0,-0.0257,0.0143
Ville Husso,ANA,8478024,19,-0.005802161991596222,-0.0048682596534490585,2,-0.0199,0.0083
Ville Husso,ANA,8478024,20,-0.005900879390537739,-0.0048682596534490585,0,-0.0259,0.0141
Ville Husso,ANA,8478024,21,-0.005997267551720142,-0.0048682596534490585,0,-0.026,0.014
Ville Husso,ANA,8478024,22,-0.006093874108046293,-0.0048682596534490585,3,-0.0176,0.0054
Ville Husso,ANA,8478024,23,-0.006111374590545893,-0.0048682596534490585,6,-0.0143,0.0021
Ville Husso,ANA,8478024,24,-0.006164825987070799,-0.0048682596534490585,0,-0.0262,0.0138
Ville Husso,ANA,8478024,25,-0.006218678317964077,-0.0048682596534490585,11,-0.0122,-0.0002
Ville Husso,ANA,8478024,26,-0.0061785513535141945,-0.0048682596534490585,0,-0.0262,0.0138
Ville Husso,ANA,8478024,27,-0.006140831857919693,-0.0048682596534490585,0,-0.0261,0.0139
Ville Husso,ANA,8478024,28,-0.0061013842932879925,-0.0048682596534490585,0,-0.0261,0.0139
Ville Husso,ANA,8478024,29,-0.006061772350221872,-0.0048682596534490585,0,-0.0261,0.0139
Ville Husso,ANA,8478024,30,-0.0060182008892297745,-0.0048682596534490585,4,-0.016,0.004
Ville Husso,ANA,8478024,31,-0.006013968493789434,-0.0048682596534490585,0,-0.026,0.014
Ville Husso,ANA,8478024,32,-0.006014776416122913,-0.0048682596534490585,0,-0.026,0.014
Ville Husso,ANA,8478024,33,-0.006015107501298189,-0.0048682596534490585,0,-0.026,0.014
8483426,,8483426,0,0.00025524155353195965,0.0003047599457204342,0,-0.0197,0.0203
8483426,,8483426,1,0.0002316056634299457,0.0003047599457204342,0,-0.0198,0.0202
8483426,,8483426,2,0.00020793636213056743,0.0003047599457204342,0,-0.0198,0.0202
8483426,,8483426,3,0.00018293451284989715,0.0003047599457204342,0,-0.0198,0.0202
8483426,,8483426,4,0.0001611793413758278,0.0003047599457204342,0,-0.0198,0.0202
8483426,,8483426,5,0.00013995211338624358,0.0003047599457204342,0,-0.0199,0.0201
8483426,,8483426,6,0.00012008196790702641,0.0003047599457204342,0,-0.0199,0.0201
8483426,,8483426,7,0.00010604882845655084,0.0003047599457204342,0,-0.0199,0.0201
8483426,,8483426,8,9.57636657403782e-05,0.0003047599457204342,0,-0.0199,0.0201
8483426,,8483426,9,8.770612475927919e-05,0.0003047599457204342,0,-0.0199,0.0201
8483426,,8483426,10,7.935600297059864e-05,0.0003047599457204342,0,-0.0199,0.0201
8483426,,8483426,11,7.658154936507344e-05,0.0003047599457204342,0,-0.0199,0.0201
8483426,,8483426,12,7.431620906572789e-05,0.0003047599457204342,0,-0.0199,0.0201
8483426,,8483426,13,7.254134106915444e-05,0.0003047599457204342,0,-0.0199,0.0201
8483426,,8483426,14,6.703822873532772e-05,0.0003047599457204342,0,-0.0199,0.0201
8483426,,8483426,15,6.343414133880287e-05,0.0003047599457204342,0,-0.0199,0.0201
8483426,,8483426,16,5.8394361985847354e-05,0.0003047599457204342,0,-0.0199,0.0201
8483426,,8483426,17,5.873051122762263e-05,0.0003047599457204342,0,-0.0199,0.0201
8483426,,8483426,18,5.4037547670304775e-05,0.0003047599457204342,0,-0.0199,0.0201
8483426,,8483426,19,4.823392373509705e-05,0.0003047599457204342,0,-0.02,0.02
8483426,,8483426,20,4.25339094363153e-05,0.0003047599457204342,0,-0.02,0.02
8483426,,8483426,21,3.916016430594027e-05,0.0003047599457204342,0,-0.02,0.02
8483426,,8483426,22,3.5567558370530605e-05,0.0003047599457204342,0,-0.02,0.02
8483426,,8483426,23,3.7566962419077754e-05,0.0003047599457204342,0,-0.02,0.02
8483426,,8483426,24,3.974043647758663e-05,0.0003047599457204342,0,-0.02,0.02
8483426,,8483426,25,4.151073517277837e-05,0.0003047599457204342,0,-0.02,0.02
8483426,,8483426,26,3.904913319274783e-05,0.0003047599457204342,0,-0.02,0.02
8483426,,8483426,27,3.417892730794847e-05,0.0003047599457204342,0,-0.02,0.02
8483426,,8483426,28,3.103524795733392e-05,0.0003047599457204342,0,-0.02,0.02
8483426,,8483426,29,2.8053735150024295e-05,0.0003047599457204342,0,-0.02,0.02
8483426,,8483426,30,2.9029761208221316e-05,0.0003047599457204342,0,-0.02,0.02
8483426,,8483426,31,3.326570731587708e-05,0.0003047599457204342,0,-0.02,0.02
8483426,,8483426,32,3.246072446927428e-05,0.0003047599457204342,0,-0.02,0.02
8483426,,8483426,33,3.213051240891218e-05,0.0003047599457204342,0,-0.02,0.02
Dylan Garand,NYR,8482193,0,-0.0012100201565772295,-0.0012869486818090081,1,-0.0212,0.0188
Dylan Garand,NYR,8482193,1,-0.0011819401988759637,-0.0012869486818090081,1,-0.0212,0.0188
Dylan Garand,NYR,8482193,2,-0.0011659713927656412,-0.0012869486818090081,0,-0.0212,0.0188
Dylan Garand,NYR,8482193,3,-0.001151334960013628,-0.0012869486818090081,0,-0.0212,0.0188
Dylan Garand,NYR,8482193,4,-0.0011334512382745743,-0.0012869486818090081,0,-0.0211,0.0189
Dylan Garand,NYR,8482193,5,-0.0011150394566357136,-0.0012869486818090081,0,-0.0211,0.0189
Dylan Garand,NYR,8482193,6,-0.0010952698066830635,-0.0012869486818090081,0,-0.0211,0.0189
Dylan Garand,NYR,8482193,7,-0.001069663092494011,-0.0012869486818090081,0,-0.0211,0.0189
Dylan Garand,NYR,8482193,8,-0.001040307804942131,-0.0012869486818090081,0,-0.021,0.019
Dylan Garand,NYR,8482193,9,-0.0010087243281304836,-0.0012869486818090081,0,-0.021,0.019
Dylan Garand,NYR,8482193,10,-0.0009774330537766218,-0.0012869486818090081,0,-0.021,0.019
Dylan Garand,NYR,8482193,11,-0.0009405656019225717,-0.0012869486818090081,0,-0.0209,0.0191
Dylan Garand,NYR,8482193,12,-0.0009031888912431896,-0.0012869486818090081,0,-0.0209,0.0191
Dylan Garand,NYR,8482193,13,-0.0008653206750750542,-0.0012869486818090081,0,-0.0209,0.0191
Dylan Garand,NYR,8482193,14,-0.0008311806013807654,-0.0012869486818090081,0,-0.0208,0.0192
Dylan Garand,NYR,8482193,15,-0.0007951409206725657,-0.0012869486818090081,0,-0.0208,0.0192
Dylan Garand,NYR,8482193,16,-0.0007605366408824921,-0.0012869486818090081,0,-0.0208,0.0192
Dylan Garand,NYR,8482193,17,-0.0007205556612461805,-0.0012869486818090081,0,-0.0207,0.0193
Dylan Garand,NYR,8482193,18,-0.0006856035906821489,-0.0012869486818090081,0,-0.0207,0.0193
Dylan Garand,NYR,8482193,19,-0.0006517613073810935,-0.0012869486818090081,0,-0.0207,0.0193
Dylan Garand,NYR,8482193,20,-0.0006178151816129684,-0.0012869486818090081,0,-0.0206,0.0194
Dylan Garand,NYR,8482193,21,-0.0005815423792228103,-0.0012869486818090081,0,-0.0206,0.0194
Dylan Garand,NYR,8482193,22,-0.0005454876227304339,-0.0012869486818090081,0,-0.0205,0.0195
Dylan Garand,NYR,8482193,23,-0.0005038406234234571,-0.0012869486818090081,11,-0.0065,0.0055
Dylan Garand,NYR,8482193,24,-0.00045394423068501055,-0.0012869486818090081,6,-0.0087,0.0077
Dylan Garand,NYR,8482193,25,-0.0004521782393567264,-0.0012869486818090081,0,-0.0205,0.0195
Dylan Garand,NYR,8482193,26,-0.0004546437703538686,-0.0012869486818090081,0,-0.0205,0.0195
Dylan Garand,NYR,8482193,27,-0.00045951735228300095,-0.0012869486818090081,0,-0.0205,0.0195
Dylan Garand,NYR,8482193,28,-0.0004626637673936784,-0.0012869486818090081,0,-0.0205,0.0195
Dylan Garand,NYR,8482193,29,-0.00046564784133806825,-0.0012869486818090081,0,-0.0205,0.0195
Dylan Garand,NYR,8482193,30,-0.0004646733868867159,-0.0012869486818090081,0,-0.0205,0.0195
Dylan Garand,NYR,8482193,31,-0.00046043889597058296,-0.0012869486818090081,0,-0.0205,0.0195
Dylan Garand,NYR,8482193,32,-0.0004612446064129472,-0.0012869486818090081,0,-0.0205,0.0195
Dylan Garand,NYR,8482193,33,-0.0004615748766809702,-0.0012869486818090081,0,-0.0205,0.0195
Joel Hofer,STL,8480981,0,0.005276725627481937,0.0038922957610338926,0,-0.0147,0.0253
Joel Hofer,STL,8480981,1,0.005890396889299154,0.0038922957610338926,0,-0.0141,0.0259
Joel Hofer,STL,8480981,2,0.006504041142761707,0.0038922957610338926,3,-0.005,0.018
Joel Hofer,STL,8480981,3,0.0070862616412341595,0.0038922957610338926,0,-0.0129,0.0271
Joel Hofer,STL,8480981,4,0.007671736180782318,0.0038922957610338926,6,-0.0005,0.0159
Joel Hofer,STL,8480981,5,0.008309642784297466,0.0038922957610338926,0,-0.0117,0.0283
Joel Hofer,STL,8480981,6,0.008948914706707,0.0038922957610338926,2,-0.0052,0.023
Joel Hofer,STL,8480981,7,0.009575704112648964,0.0038922957610338926,9,0.0029,0.0163
Joel Hofer,STL,8480981,8,0.010343321599066257,0.0038922957610338926,11,0.0043,0.0163
Joel Hofer,STL,8480981,9,0.011124066077172756,0.0038922957610338926,1,-0.0089,0.0311
Joel Hofer,STL,8480981,10,0.011893579736351967,0.0038922957610338926,11,0.0059,0.0179
Joel Hofer,STL,8480981,11,0.012563500553369522,0.0038922957610338926,1,-0.0074,0.0326
Joel Hofer,STL,8480981,12,0.013225446455180645,0.0038922957610338926,7,0.0056,0.0208
Joel Hofer,STL,8480981,13,0.013817678205668926,0.0038922957610338926,21,0.0094,0.0182
Joel Hofer,STL,8480981,14,0.014358213171362877,0.0038922957610338926,11,0.0084,0.0204
Joel Hofer,STL,8480981,15,0.014799291267991066,0.0038922957610338926,15,0.0096,0.02
Joel Hofer,STL,8480981,16,0.015079987235367298,0.0038922957610338926,1,-0.0049,0.0351
Joel Hofer,STL,8480981,17,0.015360998921096325,0.0038922957610338926,22,0.0111,0.0197
Joel Hofer,STL,8480981,18,0.01565699279308319,0.0038922957610338926,8,0.0086,0.0228
Joel Hofer,STL,8480981,19,0.015885181725025177,0.0038922957610338926,12,0.0101,0.0217
Joel Hofer,STL,8480981,20,0.016179684549570084,0.0038922957610338926,1,-0.0038,0.0362
Joel Hofer,STL,8480981,21,0.016473539173603058,0.0038922957610338926,11,0.0105,0.0225
Joel Hofer,STL,8480981,22,0.016677549108862877,0.0038922957610338926,20,0.0122,0.0212
Joel Hofer,STL,8480981,23,0.016889510676264763,0.0038922957610338926,0,-0.0031,0.0369
Joel Hofer,STL,8480981,24,0.017101647332310677,0.0038922957610338926,12,0.0113,0.0229
Joel Hofer,STL,8480981,25,0.017187412828207016,0.0038922957610338926,7,0.0096,0.0248
Joel Hofer,STL,8480981,26,0.017200972884893417,0.0038922957610338926,1,-0.0028,0.0372
Joel Hofer,STL,8480981,27,0.017205655574798584,0.0038922957610338926,11,0.0112,0.0232
Joel Hofer,STL,8480981,28,0.017202507704496384,0.0038922957610338926,0,-0.0028,0.0372
Joel Hofer,STL,8480981,29,0.017199529334902763,0.0038922957610338926,0,-0.0028,0.0372
Joel Hofer,STL,8480981,30,0.017200497910380363,0.0038922957610338926,0,-0.0028,0.0372
Joel Hofer,STL,8480981,31,0.017204739153385162,0.0038922957610338926,0,-0.0028,0.0372
Joel Hofer,STL,8480981,32,0.017203927040100098,0.0038922957610338926,0,-0.0028,0.0372
Joel Hofer,STL,8480981,33,0.01720360666513443,0.0038922957610338926,0,-0.0028,0.0372
Alexandar Georgiev,,8480382,0,-0.03065107762813568,-0.030193593353033066,0,-0.0507,-0.0107
Alexandar Georgiev,,8480382,1,-0.03085603378713131,-0.030193593353033066,4,-0.0409,-0.0209
Alexandar Georgiev,,8480382,2,-0.031007660552859306,-0.030193593353033066,7,-0.0386,-0.0234
Alexandar Georgiev,,8480382,3,-0.03103278949856758,-0.030193593353033066,0,-0.051,-0.011
Alexandar Georgiev,,8480382,4,-0.031054668128490448,-0.030193593353033066,0,-0.0511,-0.0111
Alexandar Georgiev,,8480382,5,-0.031076010316610336,-0.030193593353033066,0,-0.0511,-0.0111
Alexandar Georgiev,,8480382,6,-0.031096002086997032,-0.030193593353033066,0,-0.0511,-0.0111
Alexandar Georgiev,,8480382,7,-0.03111014887690544,-0.030193593353033066,0,-0.0511,-0.0111
Alexandar Georgiev,,8480382,8,-0.031120548024773598,-0.030193593353033066,0,-0.0511,-0.0111
Alexandar Georgiev,,8480382,9,-0.03112870827317238,-0.030193593353033066,0,-0.0511,-0.0111
Alexandar Georgiev,,8480382,10,-0.03113715723156929,-0.030193593353033066,0,-0.0511,-0.0111
Alexandar Georgiev,,8480382,11,-0.031140033155679703,-0.030193593353033066,0,-0.0511,-0.0111
Alexandar Georgiev,,8480382,12,-0.031142394989728928,-0.030193593353033066,0,-0.0511,-0.0111
Alexandar Georgiev,,8480382,13,-0.031144248321652412,-0.030193593353033066,0,-0.0511,-0.0111
Alexandar Georgiev,,8480382,14,-0.03114984929561615,-0.030193593353033066,0,-0.0511,-0.0111
Alexandar Georgiev,,8480382,15,-0.031153526157140732,-0.030193593353033066,0,-0.0512,-0.0112
Alexandar Georgiev,,8480382,16,-0.031158650293946266,-0.030193593353033066,0,-0.0512,-0.0112
Alexandar Georgiev,,8480382,17,-0.031158382073044777,-0.030193593353033066,0,-0.0512,-0.0112
Alexandar Georgiev,,8480382,18,-0.031163141131401062,-0.030193593353033066,0,-0.0512,-0.0112
Alexandar Georgiev,,8480382,19,-0.031169015914201736,-0.030193593353033066,0,-0.0512,-0.0112
Alexandar Georgiev,,8480382,20,-0.03117477335035801,-0.030193593353033066,0,-0.0512,-0.0112
Alexandar Georgiev,,8480382,21,-0.03117820806801319,-0.030193593353033066,0,-0.0512,-0.0112
Alexandar Georgiev,,8480382,22,-0.03118184395134449,-0.030193593353033066,0,-0.0512,-0.0112
Alexandar Georgiev,,8480382,23,-0.031179899349808693,-0.030193593353033066,0,-0.0512,-0.0112
Alexandar Georgiev,,8480382,24,-0.031177766621112823,-0.030193593353033066,0,-0.0512,-0.0112
Alexandar Georgiev,,8480382,25,-0.03117603063583374,-0.030193593353033066,0,-0.0512,-0.0112
Alexandar Georgiev,,8480382,26,-0.031178530305624008,-0.030193593353033066,0,-0.0512,-0.0112
Alexandar Georgiev,,8480382,27,-0.031183427199721336,-0.030193593353033066,0,-0.0512,-0.0112
Alexandar Georgiev,,8480382,28,-0.031186599284410477,-0.030193593353033066,0,-0.0512,-0.0112
Alexandar Georgiev,,8480382,29,-0.03118959628045559,-0.030193593353033066,0,-0.0512,-0.0112
Alexandar Georgiev,,8480382,30,-0.031188642606139183,-0.030193593353033066,0,-0.0512,-0.0112
Alexandar Georgiev,,8480382,31,-0.03118440881371498,-0.030193593353033066,0,-0.0512,-0.0112
Alexandar Georgiev,,8480382,32,-0.031185226514935493,-0.030193593353033066,0,-0.0512,-0.0112
Alexandar Georgiev,,8480382,33,-0.031185556203126907,-0.030193593353033066,0,-0.0512,-0.0112
Andrei Vasilevskiy,TBL,8476883,0,0.01366698369383812,0.012648457661271095,0,-0.0063,0.0337
Andrei Vasilevskiy,TBL,8476883,1,0.014118031598627567,0.012648457661271095,0,-0.0059,0.0341
Andrei Vasilevskiy,TBL,8476883,2,0.01456904225051403,0.012648457661271095,0,-0.0054,0.0346
Andrei Vasilevskiy,TBL,8476883,3,0.015018731355667114,0.012648457661271095,15,0.0098,0.0202
Andrei Vasilevskiy,TBL,8476883,4,0.015453634783625603,0.012648457661271095,3,0.004,0.027
Andrei Vasilevskiy,TBL,8476883,5,0.015863658860325813,0.012648457661271095,17,0.011,0.0208
Andrei Vasilevskiy,TBL,8476883,6,0.01622631400823593,0.012648457661271095,8,0.0091,0.0233
Andrei Vasilevskiy,TBL,8476883,7,0.016508467495441437,0.012648457661271095,5,0.0076,0.0254
Andrei Vasilevskiy,TBL,8476883,8,0.016772469505667686,0.012648457661271095,3,0.0053,0.0283
Andrei Vasilevskiy,TBL,8476883,9,0.017110394313931465,0.012648457661271095,18,0.0124,0.0218
Andrei Vasilevskiy,TBL,8476883,10,0.017306853085756302,0.012648457661271095,11,0.0113,0.0233
Andrei Vasilevskiy,TBL,8476883,11,0.01740957237780094,0.012648457661271095,0,-0.0026,0.0374
Andrei Vasilevskiy,TBL,8476883,12,0.017512796446681023,0.012648457661271095,0,-0.0025,0.0375
Andrei Vasilevskiy,TBL,8476883,13,0.017616519704461098,0.012648457661271095,9,0.0109,0.0243
Andrei Vasilevskiy,TBL,8476883,14,0.017822744324803352,0.012648457661271095,5,0.0089,0.0267
Andrei Vasilevskiy,TBL,8476883,15,0.017976436764001846,0.012648457661271095,1,-0.002,0.038
Andrei Vasilevskiy,TBL,8476883,16,0.018113477155566216,0.012648457661271095,17,0.0132,0.023
Andrei Vasilevskiy,TBL,8476883,17,0.018094301223754883,0.012648457661271095,1,-0.0019,0.0381
Andrei Vasilevskiy,TBL,8476883,18,0.01806260645389557,0.012648457661271095,4,0.0081,0.0281
Andrei Vasilevskiy,TBL,8476883,19,0.01799696683883667,0.012648457661271095,18,0.0133,0.0227
Andrei Vasilevskiy,TBL,8476883,20,0.017886051908135414,0.012648457661271095,20,0.0134,0.0224
Andrei Vasilevskiy,TBL,8476883,21,0.017794044688344002,0.012648457661271095,15,0.0126,0.023
Andrei Vasilevskiy,TBL,8476883,22,0.017739510163664818,0.012648457661271095,3,0.0062,0.0292
Andrei Vasilevskiy,TBL,8476883,23,0.017664818093180656,0.012648457661271095,3,0.0062,0.0292
Andrei Vasilevskiy,TBL,8476883,24,0.01755662076175213,0.012648457661271095,18,0.0129,0.0223
Andrei Vasilevskiy,TBL,8476883,25,0.0174834243953228,0.012648457661271095,17,0.0126,0.0224
Andrei Vasilevskiy,TBL,8476883,26,0.017475593835115433,0.012648457661271095,10,0.0112,0.0238
Andrei Vasilevskiy,TBL,8476883,27,0.017374439164996147,0.012648457661271095,18,0.0127,0.0221
Andrei Vasilevskiy,TBL,8476883,28,0.017387596890330315,0.012648457661271095,10,0.0111,0.0237
Andrei Vasilevskiy,TBL,8476883,29,0.017428012564778328,0.012648457661271095,6,0.0092,0.0256
Andrei Vasilevskiy,TBL,8476883,30,0.017428996041417122,0.012648457661271095,0,-0.0026,0.0374
Andrei Vasilevskiy,TBL,8476883,31,0.017433224245905876,0.012648457661271095,0,-0.0026,0.0374
Andrei Vasilevskiy,TBL,8476883,32,0.017432428896427155,0.012648457661271095,0,-0.0026,0.0374
Andrei Vasilevskiy,TBL,8476883,33,0.017432091757655144,0.012648457661271095,0,-0.0026,0.0374
8484293,,8484293,0,0.0016687691677361727,0.0017182494048029184,0,-0.0183,0.0217
8484293,,8484293,1,0.001645149546675384,0.0017182494048029184,0,-0.0184,0.0216
8484293,,8484293,2,0.0016214963980019093,0.0017182494048029184,0,-0.0184,0.0216
8484293,,8484293,3,0.001596510293893516,0.0017182494048029184,0,-0.0184,0.0216
8484293,,8484293,4,0.0015747703146189451,0.0017182494048029184,0,-0.0184,0.0216
8484293,,8484293,5,0.0015535580459982157,0.0017182494048029184,0,-0.0184,0.0216
8484293,,8484293,6,0.0015337021322920918,0.0017182494048029184,0,-0.0185,0.0215
8484293,,8484293,7,0.0015196827007457614,0.0017182494048029184,0,-0.0185,0.0215
8484293,,8484293,8,0.0015094107948243618,0.0017182494048029184,0,-0.0185,0.0215
8484293,,8484293,9,0.0015013667289167643,0.0017182494048029184,0,-0.0185,0.0215
8484293,,8484293,10,0.0014930289471521974,0.0017182494048029184,0,-0.0185,0.0215
8484293,,8484293,11,0.0014902661787346005,0.0017182494048029184,0,-0.0185,0.0215
8484293,,8484293,12,0.0014880127273499966,0.0017182494048029184,0,-0.0185,0.0215
8484293,,8484293,13,0.0014862481039017439,0.0017182494048029184,0,-0.0185,0.0215
8484293,,8484293,14,0.0014807562110945582,0.0017182494048029184,0,-0.0185,0.0215
8484293,,8484293,15,0.0014771617716178298,0.0017182494048029184,0,-0.0185,0.0215
8484293,,8484293,16,0.0014721315819770098,0.0017182494048029184,0,-0.0185,0.0215
8484293,,8484293,17,0.001472476520575583,0.0017182494048029184,0,-0.0185,0.0215
8484293,,8484293,18,0.0014677918516099453,0.0017182494048029184,0,-0.0185,0.0215
8484293,,8484293,19,0.0014619959983974695,0.0017182494048029184,0,-0.0185,0.0215
8484293,,8484293,20,0.001456303521990776,0.0017182494048029184,0,-0.0185,0.0215
8484293,,8484293,21,0.0014529365580528975,0.0017182494048029184,0,-0.0185,0.0215
8484293,,8484293,22,0.0014493500348180532,0.0017182494048029184,0,-0.0186,0.0214
8484293,,8484293,23,0.0014513555215671659,0.0017182494048029184,0,-0.0185,0.0215
8484293,,8484293,24,0.0014535340014845133,0.0017182494048029184,0,-0.0185,0.0215
8484293,,8484293,25,0.0014553092187270522,0.0017182494048029184,0,-0.0185,0.0215
8484293,,8484293,26,0.001452851458452642,0.0017182494048029184,0,-0.0185,0.0215
8484293,,8484293,27,0.0014479850651696324,0.0017182494048029184,0,-0.0186,0.0214
8484293,,8484293,28,0.001444844645448029,0.0017182494048029184,0,-0.0186,0.0214
8484293,,8484293,29,0.0014418649952858686,0.0017182494048029184,0,-0.0186,0.0214
8484293,,8484293,30,0.0014428435824811459,0.0017182494048029184,0,-0.0186,0.0214
8484293,,8484293,31,0.001447080634534359,0.0017182494048029184,0,-0.0186,0.0214
8484293,,8484293,32,0.0014462763210758567,0.0017182494048029184,0,-0.0186,0.0214
8484293,,8484293,33,0.0014459466328844428,0.0017182494048029184,0,-0.0186,0.0214
Isaac Poulter,WPG,8483659,0,-0.002100926823914051,-0.00187493150588125,3,-0.0136,0.0094
Isaac Poulter,WPG,8483659,1,-0.0021245935931801796,-0.00187493150588125,0,-0.0221,0.0179
Isaac Poulter,WPG,8483659,2,-0.002148289931938052,-0.00187493150588125,0,-0.0221,0.0179
Isaac Poulter,WPG,8483659,3,-0.0021733208559453487,-0.00187493150588125,0,-0.0222,0.0178
Isaac Poulter,WPG,8483659,4,-0.0021951019298285246,-0.00187493150588125,0,-0.0222,0.0178
Isaac Poulter,WPG,8483659,5,-0.002216355875134468,-0.00187493150588125,0,-0.0222,0.0178
Isaac Poulter,WPG,8483659,6,-0.0022362517192959785,-0.00187493150588125,0,-0.0222,0.0178
Isaac Poulter,WPG,8483659,7,-0.0022503084037452936,-0.00187493150588125,0,-0.0223,0.0177
Isaac Poulter,WPG,8483659,8,-0.0022606186103075743,-0.00187493150588125,0,-0.0223,0.0177
Isaac Poulter,WPG,8483659,9,-0.002268698299303651,-0.00187493150588125,0,-0.0223,0.0177
Isaac Poulter,WPG,8483659,10,-0.0022770706564188004,-0.00187493150588125,0,-0.0223,0.0177
Isaac Poulter,WPG,8483659,11,-0.0022798660211265087,-0.00187493150588125,0,-0.0223,0.0177
Isaac Poulter,WPG,8483659,12,-0.0022821517195552588,-0.00187493150588125,0,-0.0223,0.0177
Isaac Poulter,WPG,8483659,13,-0.0022839452140033245,-0.00187493150588125,0,-0.0223,0.0177
Isaac Poulter,WPG,8483659,14,-0.0022894677240401506,-0.00187493150588125,0,-0.0223,0.0177
Isaac Poulter,WPG,8483659,15,-0.0022930889390408993,-0.00187493150588125,0,-0.0223,0.0177
Isaac Poulter,WPG,8483659,16,-0.002298145554959774,-0.00187493150588125,0,-0.0223,0.0177
Isaac Poulter,WPG,8483659,17,-0.0022978258784860373,-0.00187493150588125,0,-0.0223,0.0177
Isaac Poulter,WPG,8483659,18,-0.0023025325499475002,-0.00187493150588125,0,-0.0223,0.0177
Isaac Poulter,WPG,8483659,19,-0.0023083502892404795,-0.00187493150588125,0,-0.0223,0.0177
Isaac Poulter,WPG,8483659,20,-0.0023140639532357454,-0.00187493150588125,0,-0.0223,0.0177
Isaac Poulter,WPG,8483659,21,-0.0023174493107944727,-0.00187493150588125,0,-0.0223,0.0177
Isaac Poulter,WPG,8483659,22,-0.002321053296327591,-0.00187493150588125,0,-0.0223,0.0177
Isaac Poulter,WPG,8483659,23,-0.002319063525646925,-0.00187493150588125,0,-0.0223,0.0177
Isaac Poulter,WPG,8483659,24,-0.0023168998304754496,-0.00187493150588125,0,-0.0223,0.0177
Isaac Poulter,WPG,8483659,25,-0.0023151375353336334,-0.00187493150588125,0,-0.0223,0.0177
Isaac Poulter,WPG,8483659,26,-0.002317606471478939,-0.00187493150588125,0,-0.0223,0.0177
Isaac Poulter,WPG,8483659,27,-0.002322483342140913,-0.00187493150588125,0,-0.0223,0.0177
Isaac Poulter,WPG,8483659,28,-0.0023256323765963316,-0.00187493150588125,0,-0.0223,0.0177
Isaac Poulter,WPG,8483659,29,-0.002328618196770549,-0.00187493150588125,0,-0.0223,0.0177
Isaac Poulter,WPG,8483659,30,-0.0023276456631720066,-0.00187493150588125,0,-0.0223,0.0177
Isaac Poulter,WPG,8483659,31,-0.0023234121035784483,-0.00187493150588125,0,-0.0223,0.0177
Isaac Poulter,WPG,8483659,32,-0.002324218163266778,-0.00187493150588125,0,-0.0223,0.0177
Isaac Poulter,WPG,8483659,33,-0.0023245494812726974,-0.00187493150588125,0,-0.0223,0.0177
Aleksei Kolosov,PHI,8482783,0,-0.010103996843099594,-0.01030366588383913,3,-0.0216,0.0014
Aleksei Kolosov,PHI,8482783,1,-0.010044844821095467,-0.01030366588383913,0,-0.03,0.01
Aleksei Kolosov,PHI,8482783,2,-0.009985718876123428,-0.01030366588383913,0,-0.03,0.01
Aleksei Kolosov,PHI,8482783,3,-0.00992792472243309,-0.01030366588383913,0,-0.0299,0.0101
Aleksei Kolosov,PHI,8482783,4,-0.00986687932163477,-0.01030366588383913,0,-0.0299,0.0101
Aleksei Kolosov,PHI,8482783,5,-0.009805304929614067,-0.01030366588383913,0,-0.0298,0.0102
Aleksei Kolosov,PHI,8482783,6,-0.009742368012666702,-0.01030366588383913,8,-0.0168,-0.0026
Aleksei Kolosov,PHI,8482783,7,-0.009756498970091343,-0.01030366588383913,0,-0.0298,0.0102
Aleksei Kolosov,PHI,8482783,8,-0.009766872972249985,-0.01030366588383913,0,-0.0298,0.0102
Aleksei Kolosov,PHI,8482783,9,-0.00977502390742302,-0.01030366588383913,0,-0.0298,0.0102
Aleksei Kolosov,PHI,8482783,10,-0.009783456102013588,-0.01030366588383913,0,-0.0298,0.0102
Aleksei Kolosov,PHI,8482783,11,-0.009786313399672508,-0.01030366588383913,0,-0.0298,0.0102
Aleksei Kolosov,PHI,8482783,12,-0.009788654744625092,-0.01030366588383913,0,-0.0298,0.0102
Aleksei Kolosov,PHI,8482783,13,-0.009790508076548576,-0.01030366588383913,0,-0.0298,0.0102
Aleksei Kolosov,PHI,8482783,14,-0.0097960801795125,-0.01030366588383913,0,-0.0298,0.0102
Aleksei Kolosov,PHI,8482783,15,-0.009799755178391933,-0.01030366588383913,0,-0.0298,0.0102
Aleksei Kolosov,PHI,8482783,16,-0.009804857894778252,-0.01030366588383913,0,-0.0298,0.0102
Aleksei Kolosov,PHI,8482783,17,-0.009804584085941315,-0.01030366588383913,0,-0.0298,0.0102
Aleksei Kolosov,PHI,8482783,18,-0.009809333831071854,-0.01030366588383913,0,-0.0298,0.0102
Aleksei Kolosov,PHI,8482783,19,-0.009815193712711334,-0.01030366588383913,0,-0.0298,0.0102
Aleksei Kolosov,PHI,8482783,20,-0.009820942766964436,-0.01030366588383913,0,-0.0298,0.0102
Aleksei Kolosov,PHI,8482783,21,-0.009824365377426147,-0.01030366588383913,0,-0.0298,0.0102
Aleksei Kolosov,PHI,8482783,22,-0.009827997535467148,-0.01030366588383913,0,-0.0298,0.0102
Aleksei Kolosov,PHI,8482783,23,-0.009826041758060455,-0.01030366588383913,0,-0.0298,0.0102
Aleksei Kolosov,PHI,8482783,24,-0.009823901578783989,-0.01030366588383913,0,-0.0298,0.0102
Aleksei Kolosov,PHI,8482783,25,-0.009822163730859756,-0.01030366588383913,0,-0.0298,0.0102
Aleksei Kolosov,PHI,8482783,26,-0.009824653156101704,-0.01030366588383913,0,-0.0298,0.0102
Aleksei Kolosov,PHI,8482783,27,-0.009829548187553883,-0.01030366588383913,0,-0.0298,0.0102
Aleksei Kolosov,PHI,8482783,28,-0.009832714684307575,-0.01030366588383913,0,-0.0298,0.0102
Aleksei Kolosov,PHI,8482783,29,-0.009835710749030113,-0.01030366588383913,0,-0.0298,0.0102
Aleksei Kolosov,PHI,8482783,30,-0.009834748692810535,-0.01030366588383913,0,-0.0298,0.0102
Aleksei Kolosov,PHI,8482783,31,-0.009830523282289505,-0.01030366588383913,0,-0.0298,0.0102
Aleksei Kolosov,PHI,8482783,32,-0.009831331670284271,-0.01030366588383913,0,-0.0298,0.0102
Aleksei Kolosov,PHI,8482783,33,-0.009831666946411133,-0.01030366588383913,0,-0.0298,0.0102
Jake Allen,NJD,8474596,0,0.0012405598536133766,0.0008303364156745374,5,-0.0077,0.0101
Jake Allen,NJD,8474596,1,0.0013694794615730643,0.0008303364156745374,1,-0.0186,0.0214
Jake Allen,NJD,8474596,2,0.0014872804749757051,0.0008303364156745374,0,-0.0185,0.0215
Jake Allen,NJD,8474596,3,0.0016037493478506804,0.0008303364156745374,0,-0.0184,0.0216
Jake Allen,NJD,8474596,4,0.0017234641127288342,0.0008303364156745374,18,-0.003,0.0064
Jake Allen,NJD,8474596,5,0.0017677128780633211,0.0008303364156745374,17,-0.0031,0.0067
Jake Allen,NJD,8474596,6,0.0017655243864282966,0.0008303364156745374,2,-0.0123,0.0159
Jake Allen,NJD,8474596,7,0.001748961629346013,0.0008303364156745374,4,-0.0083,0.0117
Jake Allen,NJD,8474596,8,0.0017058693338185549,0.0008303364156745374,1,-0.0183,0.0217
Jake Allen,NJD,8474596,9,0.0016565934056416154,0.0008303364156745374,0,-0.0183,0.0217
Jake Allen,NJD,8474596,10,0.0016070242272689939,0.0008303364156745374,0,-0.0184,0.0216
Jake Allen,NJD,8474596,11,0.0015630306443199515,0.0008303364156745374,4,-0.0084,0.0116
Jake Allen,NJD,8474596,12,0.0015752548351883888,0.0008303364156745374,18,-0.0031,0.0063
Jake Allen,NJD,8474596,13,0.001724625239148736,0.0008303364156745374,3,-0.0098,0.0132
Jake Allen,NJD,8474596,14,0.001841040444560349,0.0008303364156745374,5,-0.0071,0.0107
Jake Allen,NJD,8474596,15,0.001919480157084763,0.0008303364156745374,7,-0.0057,0.0095
Jake Allen,NJD,8474596,16,0.0019360578153282404,0.0008303364156745374,0,-0.0181,0.0219
Jake Allen,NJD,8474596,17,0.00195801118388772,0.0008303364156745374,0,-0.018,0.022
Jake Allen,NJD,8474596,18,0.00197493564337492,0.0008303364156745374,0,-0.018,0.022
Jake Allen,NJD,8474596,19,0.0019907490350306034,0.0008303364156745374,6,-0.0062,0.0102
Jake Allen,NJD,8474596,20,0.001958602573722601,0.0008303364156745374,1,-0.018,0.022
Jake Allen,NJD,8474596,21,0.001915590837597847,0.0008303364156745374,3,-0.0096,0.0134
Jake Allen,NJD,8474596,22,0.0018435335950925946,0.0008303364156745374,7,-0.0058,0.0094
Jake Allen,NJD,8474596,23,0.0019131832523271441,0.0008303364156745374,1,-0.0181,0.0219
Jake Allen,NJD,8474596,24,0.001971827819943428,0.0008303364156745374,13,-0.0035,0.0075
Jake Allen,NJD,8474596,25,0.001968158408999443,0.0008303364156745374,17,-0.0029,0.0069
Jake Allen,NJD,8474596,26,0.0019715665839612484,0.0008303364156745374,1,-0.018,0.022
Jake Allen,NJD,8474596,27,0.0019666976295411587,0.0008303364156745374,0,-0.018,0.022
Jake Allen,NJD,8474596,28,0.001963554648682475,0.0008303364156745374,0,-0.018,0.022
Jake Allen,NJD,8474596,29,0.0019605732522904873,0.0008303364156745374,0,-0.018,0.022
Jake Allen,NJD,8474596,30,0.0019615499768406153,0.0008303364156745374,0,-0.018,0.022
Jake Allen,NJD,8474596,31,0.00196578586474061,0.0008303364156745374,0,-0.018,0.022
Jake Allen,NJD,8474596,32,0.001964981434866786,0.0008303364156745374,0,-0.018,0.022
Jake Allen,NJD,8474596,33,0.001964651048183441,0.0008303364156745374,0,-0.018,0.022
Sergei Bobrovsky,FLA,8475683,0,-0.0023211571387946606,-0.002395828254520893,0,-0.0223,0.0177
Sergei Bobrovsky,FLA,8475683,1,-0.002289599971845746,-0.002395828254520893,0,-0.0223,0.0177
Sergei Bobrovsky,FLA,8475683,2,-0.002258074004203081,-0.002395828254520893,11,-0.0083,0.0037
Sergei Bobrovsky,FLA,8475683,3,-0.0023037176579236984,-0.002395828254520893,11,-0.0083,0.0037
Sergei Bobrovsky,FLA,8475683,4,-0.0024391876067966223,-0.002395828254520893,1,-0.0224,0.0176
Sergei Bobrovsky,FLA,8475683,5,-0.0025833039544522762,-0.002395828254520893,6,-0.0108,0.0056
Sergei Bobrovsky,FLA,8475683,6,-0.0025689182803034782,-0.002395828254520893,3,-0.0141,0.0089
Sergei Bobrovsky,FLA,8475683,7,-0.0023789412807673216,-0.002395828254520893,4,-0.0124,0.0076
Sergei Bobrovsky,FLA,8475683,8,-0.0022082014475017786,-0.002395828254520893,5,-0.0111,0.0067
Sergei Bobrovsky,FLA,8475683,9,-0.002083790022879839,-0.002395828254520893,19,-0.0067,0.0025
Sergei Bobrovsky,FLA,8475683,10,-0.0019683893769979477,-0.002395828254520893,1,-0.022,0.018
Sergei Bobrovsky,FLA,8475683,11,-0.0018544945633038878,-0.002395828254520893,27,-0.0057,0.0019
Sergei Bobrovsky,FLA,8475683,12,-0.0018949828809127212,-0.002395828254520893,0,-0.0219,0.0181
Sergei Bobrovsky,FLA,8475683,13,-0.0019349820213392377,-0.002395828254520893,5,-0.0108,0.007
Sergei Bobrovsky,FLA,8475683,14,-0.0019368826178833842,-0.002395828254520893,5,-0.0108,0.007
Sergei Bobrovsky,FLA,8475683,15,-0.0019884933717548847,-0.002395828254520893,24,-0.0061,0.0021
Sergei Bobrovsky,FLA,8475683,16,-0.0018546280916780233,-0.002395828254520893,4,-0.0119,0.0081
Sergei Bobrovsky,FLA,8475683,17,-0.0017482255352661014,-0.002395828254520893,2,-0.0158,0.0124
Sergei Bobrovsky,FLA,8475683,18,-0.001662020105868578,-0.002395828254520893,8,-0.0088,0.0054
Sergei Bobrovsky,FLA,8475683,19,-0.0015735437627881765,-0.002395828254520893,10,-0.0079,0.0047
Sergei Bobrovsky,FLA,8475683,20,-0.0015684717800468206,-0.002395828254520893,24,-0.0057,0.0025
Sergei Bobrovsky,FLA,8475683,21,-0.0015854925150051713,-0.002395828254520893,7,-0.0092,0.006
Sergei Bobrovsky,FLA,8475683,22,-0.0015615054871886969,-0.002395828254520893,4,-0.0116,0.0084
Sergei Bobrovsky,FLA,8475683,23,-0.00157499173656106,-0.002395828254520893,1,-0.0216,0.0184
Sergei Bobrovsky,FLA,8475683,24,-0.0015957674477249384,-0.002395828254520893,1,-0.0216,0.0184
Sergei Bobrovsky,FLA,8475683,25,-0.0015306847635656595,-0.002395828254520893,6,-0.0097,0.0067
Sergei Bobrovsky,FLA,8475683,26,-0.0015331452013924718,-0.002395828254520893,0,-0.0215,0.0185
Sergei Bobrovsky,FLA,8475683,27,-0.001538013224489987,-0.002395828254520893,0,-0.0215,0.0185
Sergei Bobrovsky,FLA,8475683,28,-0.0015411564381793141,-0.002395828254520893,0,-0.0215,0.0185
Sergei Bobrovsky,FLA,8475683,29,-0.0015441367868334055,-0.002395828254520893,0,-0.0215,0.0185
Sergei Bobrovsky,FLA,8475683,30,-0.0015431600622832775,-0.002395828254520893,0,-0.0215,0.0185
Sergei Bobrovsky,FLA,8475683,31,-0.0015389235923066735,-0.002395828254520893,0,-0.0215,0.0185
Sergei Bobrovsky,FLA,8475683,32,-0.001539727789349854,-0.002395828254520893,0,-0.0215,0.0185
Sergei Bobrovsky,FLA,8475683,33,-0.001540058758109808,-0.002395828254520893,0,-0.0215,0.0185
Jeremy Swayman,BOS,8480280,0,-0.002346794120967388,-0.00263515068218112,0,-0.0223,0.0177
Jeremy Swayman,BOS,8480280,1,-0.0022202658001333475,-0.00263515068218112,0,-0.0222,0.0178
Jeremy Swayman,BOS,8480280,2,-0.002093769144266844,-0.00263515068218112,28,-0.0059,0.0017
Jeremy Swayman,BOS,8480280,3,-0.0021495043765753508,-0.00263515068218112,14,-0.0074,0.0032
Jeremy Swayman,BOS,8480280,4,-0.002309924690052867,-0.00263515068218112,5,-0.0112,0.0066
Jeremy Swayman,BOS,8480280,5,-0.002421983517706394,-0.00263515068218112,14,-0.0077,0.0029
Jeremy Swayman,BOS,8480280,6,-0.0024820291437208652,-0.00263515068218112,8,-0.0096,0.0046
Jeremy Swayman,BOS,8480280,7,-0.002502377377822995,-0.00263515068218112,4,-0.0125,0.0075
Jeremy Swayman,BOS,8480280,8,-0.002555859973654151,-0.00263515068218112,18,-0.0073,0.0021
Jeremy Swayman,BOS,8480280,9,-0.002591727999970317,-0.00263515068218112,11,-0.0086,0.0034
Jeremy Swayman,BOS,8480280,10,-0.002617066726088524,-0.00263515068218112,15,-0.0078,0.0026
Jeremy Swayman,BOS,8480280,11,-0.0026923518162220716,-0.00263515068218112,3,-0.0142,0.0088
Jeremy Swayman,BOS,8480280,12,-0.00278425682336092,-0.00263515068218112,0,-0.0228,0.0172
Jeremy Swayman,BOS,8480280,13,-0.0028756712563335896,-0.00263515068218112,22,-0.0072,0.0014
Jeremy Swayman,BOS,8480280,14,-0.00276755727827549,-0.00263515068218112,10,-0.0091,0.0035
Jeremy Swayman,BOS,8480280,15,-0.0025619070511311293,-0.00263515068218112,2,-0.0167,0.0115
Jeremy Swayman,BOS,8480280,16,-0.0023668333888053894,-0.00263515068218112,9,-0.0091,0.0043
Jeremy Swayman,BOS,8480280,17,-0.0021525996271520853,-0.00263515068218112,23,-0.0064,0.002
Jeremy Swayman,BOS,8480280,18,-0.001957265892997384,-0.00263515068218112,14,-0.0073,0.0033
Jeremy Swayman,BOS,8480280,19,-0.0017041470855474472,-0.00263515068218112,16,-0.0067,0.0033
Jeremy Swayman,BOS,8480280,20,-0.0013924672966822982,-0.00263515068218112,0,-0.0214,0.0186
Jeremy Swayman,BOS,8480280,21,-0.0010784594342112541,-0.00263515068218112,0,-0.0211,0.0189
Jeremy Swayman,BOS,8480280,22,-0.000764672236982733,-0.00263515068218112,8,-0.0079,0.0063
Jeremy Swayman,BOS,8480280,23,-0.00043205925612710416,-0.00263515068218112,10,-0.0067,0.0059
Jeremy Swayman,BOS,8480280,24,-8.503223943989724e-05,-0.00263515068218112,24,-0.0042,0.004
Jeremy Swayman,BOS,8480280,25,0.00023069733288139105,-0.00263515068218112,5,-0.0087,0.0091
Jeremy Swayman,BOS,8480280,26,0.0004993218462914228,-0.00263515068218112,3,-0.011,0.012
Jeremy Swayman,BOS,8480280,27,0.0007476188475266099,-0.00263515068218112,3,-0.0108,0.0122
Jeremy Swayman,BOS,8480280,28,0.0009734313935041428,-0.00263515068218112,19,-0.0036,0.0056
Jeremy Swayman,BOS,8480280,29,0.001050574705004692,-0.00263515068218112,10,-0.0052,0.0074
Jeremy Swayman,BOS,8480280,30,0.0010515513131394982,-0.00263515068218112,0,-0.0189,0.0211
Jeremy Swayman,BOS,8480280,31,0.0010557876667007804,-0.00263515068218112,0,-0.0189,0.0211
Jeremy Swayman,BOS,8480280,32,0.0010549825383350253,-0.00263515068218112,0,-0.0189,0.0211
Jeremy Swayman,BOS,8480280,33,0.001054653082974255,-0.00263515068218112,0,-0.0189,0.0211
Kevin Lankinen,VAN,8480947,0,-0.0008103116415441036,0.0004549189761746675,0,-0.0208,0.0192
Kevin Lankinen,VAN,8480947,1,-0.0013742658775299788,0.0004549189761746675,1,-0.0214,0.0186
Kevin Lankinen,VAN,8480947,2,-0.001951297395862639,0.0004549189761746675,1,-0.022,0.018
Kevin Lankinen,VAN,8480947,3,-0.0025348500348627567,0.0004549189761746675,0,-0.0225,0.0175
Kevin Lankinen,VAN,8480947,4,-0.0031151585280895233,0.0004549189761746675,5,-0.012,0.0058
Kevin Lankinen,VAN,8480947,5,-0.003641634713858366,0.0004549189761746675,7,-0.0112,0.004
Kevin Lankinen,VAN,8480947,6,-0.004028924275189638,0.0004549189761746675,2,-0.0181,0.0101
Kevin Lankinen,VAN,8480947,7,-0.004416243638843298,0.0004549189761746675,20,-0.0089,0.0001
Kevin Lankinen,VAN,8480947,8,-0.004728580359369516,0.0004549189761746675,7,-0.0123,0.0029
Kevin Lankinen,VAN,8480947,9,-0.005000302568078041,0.0004549189761746675,8,-0.0121,0.0021
Kevin Lankinen,VAN,8480947,10,-0.005344139877706766,0.0004549189761746675,2,-0.0194,0.0088
Kevin Lankinen,VAN,8480947,11,-0.005703133065253496,0.0004549189761746675,3,-0.0172,0.0058
Kevin Lankinen,VAN,8480947,12,-0.005994528066366911,0.0004549189761746675,0,-0.026,0.014
Kevin Lankinen,VAN,8480947,13,-0.006285432260483503,0.0004549189761746675,2,-0.0204,0.0078
Kevin Lankinen,VAN,8480947,14,-0.006599558051675558,0.0004549189761746675,0,-0.0266,0.0134
Kevin Lankinen,VAN,8480947,15,-0.006911783944815397,0.0004549189761746675,7,-0.0145,0.0007
Kevin Lankinen,VAN,8480947,16,-0.007104750722646713,0.0004549189761746675,4,-0.0171,0.0029
Kevin Lankinen,VAN,8480947,17,-0.00733979931101203,0.0004549189761746675,2,-0.0214,0.0068
Kevin Lankinen,VAN,8480947,18,-0.007598587311804295,0.0004549189761746675,25,-0.0116,-0.0036
Kevin Lankinen,VAN,8480947,19,-0.007539404556155205,0.0004549189761746675,0,-0.0275,0.0125
Kevin Lankinen,VAN,8480947,20,-0.007480127736926079,0.0004549189761746675,1,-0.0275,0.0125
Kevin Lankinen,VAN,8480947,21,-0.0074334051460027695,0.0004549189761746675,0,-0.0274,0.0126
Kevin Lankinen,VAN,8480947,22,-0.007386908400803804,0.0004549189761746675,0,-0.0274,0.0126
Kevin Lankinen,VAN,8480947,23,-0.007334816735237837,0.0004549189761746675,9,-0.014,-0.0006
Kevin Lankinen,VAN,8480947,24,-0.007378234528005123,0.0004549189761746675,14,-0.0127,-0.0021
Kevin Lankinen,VAN,8480947,25,-0.007342478260397911,0.0004549189761746675,2,-0.0214,0.0068
Kevin Lankinen,VAN,8480947,26,-0.007321952376514673,0.0004549189761746675,0,-0.0273,0.0127
Kevin Lankinen,VAN,8480947,27,-0.0073038372211158276,0.0004549189761746675,3,-0.0188,0.0042
Kevin Lankinen,VAN,8480947,28,-0.007306976709514856,0.0004549189761746675,0,-0.0273,0.0127
Kevin Lankinen,VAN,8480947,29,-0.007309953216463327,0.0004549189761746675,0,-0.0273,0.0127
Kevin Lankinen,VAN,8480947,30,-0.007308976259082556,0.0004549189761746675,0,-0.0273,0.0127
Kevin Lankinen,VAN,8480947,31,-0.007304736413061619,0.0004549189761746675,0,-0.0273,0.0127
Kevin Lankinen,VAN,8480947,32,-0.007305541541427374,0.0004549189761746675,0,-0.0273,0.0127
Kevin Lankinen,VAN,8480947,33,-0.0073058707639575005,0.0004549189761746675,0,-0.0273,0.0127
James Reimer,OTT,8473503,0,0.00025822961470112205,0.0004391589027363807,0,-0.0197,0.0203
James Reimer,OTT,8473503,1,0.0001761888270266354,0.0004391589027363807,0,-0.0198,0.0202
James Reimer,OTT,8473503,2,9.411497740074992e-05,0.0004391589027363807,0,-0.0199,0.0201
James Reimer,OTT,8473503,3,1.0708747140597552e-05,0.0004391589027363807,0,-0.02,0.02
James Reimer,OTT,8473503,4,-6.945095083210617e-05,0.0004391589027363807,0,-0.0201,0.0199
James Reimer,OTT,8473503,5,-0.00014908249431755394,0.0004391589027363807,0,-0.0201,0.0199
James Reimer,OTT,8473503,6,-0.0002273565623909235,0.0004391589027363807,0,-0.0202,0.0198
James Reimer,OTT,8473503,7,-0.0002997939009219408,0.0004391589027363807,0,-0.0203,0.0197
James Reimer,OTT,8473503,8,-0.00036848289892077446,0.0004391589027363807,0,-0.0204,0.0196
James Reimer,OTT,8473503,9,-0.000434944115113467,0.0004391589027363807,0,-0.0204,0.0196
James Reimer,OTT,8473503,10,-0.0005016979412175715,0.0004391589027363807,0,-0.0205,0.0195
James Reimer,OTT,8473503,11,-0.0005628756480291486,0.0004391589027363807,0,-0.0206,0.0194
James Reimer,OTT,8473503,12,-0.000623544561676681,0.0004391589027363807,0,-0.0206,0.0194
James Reimer,OTT,8473503,13,-0.0006837226101197302,0.0004391589027363807,0,-0.0207,0.0193
James Reimer,OTT,8473503,14,-0.0007476285099983215,0.0004391589027363807,0,-0.0207,0.0193
James Reimer,OTT,8473503,15,-0.0008096356759779155,0.0004391589027363807,0,-0.0208,0.0192
James Reimer,OTT,8473503,16,-0.0008730782428756356,0.0004391589027363807,0,-0.0209,0.0191
James Reimer,OTT,8473503,17,-0.0009311445755884051,0.0004391589027363807,0,-0.0209,0.0191
James Reimer,OTT,8473503,18,-0.0009942400502040982,0.0004391589027363807,4,-0.011,0.009
James Reimer,OTT,8473503,19,-0.0010003151837736368,0.0004391589027363807,6,-0.0092,0.0072
James Reimer,OTT,8473503,20,-0.0010666088201105595,0.0004391589027363807,0,-0.0211,0.0189
James Reimer,OTT,8473503,21,-0.0011305765947327018,0.0004391589027363807,0,-0.0211,0.0189
James Reimer,OTT,8473503,22,-0.0011947625316679478,0.0004391589027363807,0,-0.0212,0.0188
James Reimer,OTT,8473503,23,-0.0012533568078652024,0.0004391589027363807,5,-0.0102,0.0076
James Reimer,OTT,8473503,24,-0.0013612550683319569,0.0004391589027363807,0,-0.0214,0.0186
James Reimer,OTT,8473503,25,-0.001469556475058198,0.0004391589027363807,2,-0.0156,0.0126
James Reimer,OTT,8473503,26,-0.0016072307480499148,0.0004391589027363807,4,-0.0116,0.0084
James Reimer,OTT,8473503,27,-0.0015900665894150734,0.0004391589027363807,2,-0.0157,0.0125
James Reimer,OTT,8473503,28,-0.0015932113165035844,0.0004391589027363807,0,-0.0216,0.0184
James Reimer,OTT,8473503,29,-0.0015961932949721813,0.0004391589027363807,0,-0.0216,0.0184
James Reimer,OTT,8473503,30,-0.001595218083821237,0.0004391589027363807,0,-0.0216,0.0184
James Reimer,OTT,8473503,31,-0.0015909821959212422,0.0004391589027363807,0,-0.0216,0.0184
James Reimer,OTT,8473503,32,-0.0015917877899482846,0.0004391589027363807,0,-0.0216,0.0184
James Reimer,OTT,8473503,33,-0.0015921175945550203,0.0004391589027363807,0,-0.0216,0.0184
Mads Sogaard,OTT,8481544,0,-0.0012756179785355926,-0.0012562597403302789,5,-0.0102,0.0076
Mads Sogaard,OTT,8481544,1,-0.0012341170804575086,-0.0012562597403302789,0,-0.0212,0.0188
Mads Sogaard,OTT,8481544,2,-0.0011926485458388925,-0.0012562597403302789,0,-0.0212,0.0188
Mads Sogaard,OTT,8481544,3,-0.0011525123845785856,-0.0012562597403302789,0,-0.0212,0.0188
Mads Sogaard,OTT,8481544,4,-0.0011091289343312383,-0.0012562597403302789,0,-0.0211,0.0189
Mads Sogaard,OTT,8481544,5,-0.0010652173077687621,-0.0012562597403302789,0,-0.0211,0.0189
Mads Sogaard,OTT,8481544,6,-0.0010199479293078184,-0.0012562597403302789,0,-0.021,0.019
Mads Sogaard,OTT,8481544,7,-0.0009688409045338631,-0.0012562597403302789,0,-0.021,0.019
Mads Sogaard,OTT,8481544,8,-0.0009139859466813505,-0.0012562597403302789,0,-0.0209,0.0191
Mads Sogaard,OTT,8481544,9,-0.0008569025085307658,-0.0012562597403302789,0,-0.0209,0.0191
Mads Sogaard,OTT,8481544,10,-0.0008001113310456276,-0.0012562597403302789,0,-0.0208,0.0192
Mads Sogaard,OTT,8481544,11,-0.0007377435686066747,-0.0012562597403302789,0,-0.0207,0.0193
Mads Sogaard,OTT,8481544,12,-0.0006748667801730335,-0.0012562597403302789,0,-0.0207,0.0193
Mads Sogaard,OTT,8481544,13,-0.000611498428042978,-0.0012562597403302789,0,-0.0206,0.0194
Mads Sogaard,OTT,8481544,14,-0.0005518582183867693,-0.0012562597403302789,0,-0.0206,0.0194
Mads Sogaard,OTT,8481544,15,-0.0004903182853013277,-0.0012562597403302789,0,-0.0205,0.0195
Mads Sogaard,OTT,8481544,16,-0.0004302136367186904,-0.0012562597403302789,0,-0.0204,0.0196
Mads Sogaard,OTT,8481544,17,-0.0003647324920166284,-0.0012562597403302789,0,-0.0204,0.0196
Mads Sogaard,OTT,8481544,18,-0.0003042797325178981,-0.0012562597403302789,7,-0.0079,0.0073
Mads Sogaard,OTT,8481544,19,-0.00031009159283712506,-0.0012562597403302789,0,-0.0203,0.0197
Mads Sogaard,OTT,8481544,20,-0.0003157990286126733,-0.0012562597403302789,0,-0.0203,0.0197
Mads Sogaard,OTT,8481544,21,-0.00031917987507767975,-0.0012562597403302789,0,-0.0203,0.0197
Mads Sogaard,OTT,8481544,22,-0.0003227788838557899,-0.0012562597403302789,0,-0.0203,0.0197
Mads Sogaard,OTT,8481544,23,-0.0003207853005733341,-0.0012562597403302789,0,-0.0203,0.0197
Mads Sogaard,OTT,8481544,24,-0.00031861738534644246,-0.0012562597403302789,0,-0.0203,0.0197
Mads Sogaard,OTT,8481544,25,-0.0003168515977449715,-0.0012562597403302789,0,-0.0203,0.0197
Mads Sogaard,OTT,8481544,26,-0.0003193176235072315,-0.0012562597403302789,0,-0.0203,0.0197
Mads Sogaard,OTT,8481544,27,-0.00032419132185168564,-0.0012562597403302789,0,-0.0203,0.0197
Mads Sogaard,OTT,8481544,28,-0.0003273382899351418,-0.0012562597403302789,0,-0.0203,0.0197
Mads Sogaard,OTT,8481544,29,-0.0003303223056718707,-0.0012562597403302789,0,-0.0203,0.0197
Mads Sogaard,OTT,8481544,30,-0.00032934820046648383,-0.0012562597403302789,0,-0.0203,0.0197
Mads Sogaard,OTT,8481544,31,-0.0003251137095503509,-0.0012562597403302789,0,-0.0203,0.0197
Mads Sogaard,OTT,8481544,32,-0.00032591953640803695,-0.0012562597403302789,0,-0.0203,0.0197
Mads Sogaard,OTT,8481544,33,-0.0003262500395067036,-0.0012562597403302789,0,-0.0203,0.0197
Karel Vejmelka,UTA,8478872,0,-0.004691664595156908,-0.005191524047404528,0,-0.0247,0.0153
Karel Vejmelka,UTA,8478872,1,-0.004471134394407272,-0.005191524047404528,1,-0.0245,0.0155
Karel Vejmelka,UTA,8478872,2,-0.004254358820617199,-0.005191524047404528,5,-0.0132,0.0046
Karel Vejmelka,UTA,8478872,3,-0.00399170583114028,-0.005191524047404528,0,-0.024,0.016
Karel Vejmelka,UTA,8478872,4,-0.0037258071824908257,-0.005191524047404528,15,-0.0089,0.0015
Karel Vejmelka,UTA,8478872,5,-0.00331092718988657,-0.005191524047404528,2,-0.0174,0.0108
Karel Vejmelka,UTA,8478872,6,-0.0029026330448687077,-0.005191524047404528,4,-0.0129,0.0071
Karel Vejmelka,UTA,8478872,7,-0.0025415848940610886,-0.005191524047404528,3,-0.014,0.009
Karel Vejmelka,UTA,8478872,8,-0.002197419060394168,-0.005191524047404528,12,-0.008,0.0036
Karel Vejmelka,UTA,8478872,9,-0.0019691544584929943,-0.005191524047404528,11,-0.008,0.004
Karel Vejmelka,UTA,8478872,10,-0.0018298624781891704,-0.005191524047404528,24,-0.0059,0.0023
Karel Vejmelka,UTA,8478872,11,-0.0017212226521223783,-0.005191524047404528,2,-0.0158,0.0124
Karel Vejmelka,UTA,8478872,12,-0.0016208436572924256,-0.005191524047404528,32,-0.0051,0.0019
Karel Vejmelka,UTA,8478872,13,-0.0018142899498343468,-0.005191524047404528,18,-0.0065,0.0029
Karel Vejmelka,UTA,8478872,14,-0.0019837431609630585,-0.005191524047404528,0,-0.022,0.018
Karel Vejmelka,UTA,8478872,15,-0.002151292748749256,-0.005191524047404528,1,-0.0222,0.0178
Karel Vejmelka,UTA,8478872,16,-0.002326246351003647,-0.005191524047404528,21,-0.0067,0.0021
Karel Vejmelka,UTA,8478872,17,-0.0026169654447585344,-0.005191524047404528,22,-0.0069,0.0017
Karel Vejmelka,UTA,8478872,18,-0.003013503272086382,-0.005191524047404528,16,-0.008,0.002
Karel Vejmelka,UTA,8478872,19,-0.003358364338055253,-0.005191524047404528,12,-0.0092,0.0024
Karel Vejmelka,UTA,8478872,20,-0.0036137423012405634,-0.005191524047404528,19,-0.0082,0.001
Karel Vejmelka,UTA,8478872,21,-0.003953853622078896,-0.005191524047404528,11,-0.01,0.002
Karel Vejmelka,UTA,8478872,22,-0.004183782730251551,-0.005191524047404528,11,-0.0102,0.0018
Karel Vejmelka,UTA,8478872,23,-0.0042030345648527145,-0.005191524047404528,4,-0.0142,0.0058
Karel Vejmelka,UTA,8478872,24,-0.004259107168763876,-0.005191524047404528,0,-0.0243,0.0157
Karel Vejmelka,UTA,8478872,25,-0.00431558582931757,-0.005191524047404528,3,-0.0158,0.0072
Karel Vejmelka,UTA,8478872,26,-0.004406037740409374,-0.005191524047404528,24,-0.0085,-0.0003
Karel Vejmelka,UTA,8478872,27,-0.00445854477584362,-0.005191524047404528,8,-0.0116,0.0026
Karel Vejmelka,UTA,8478872,28,-0.004387145396322012,-0.005191524047404528,13,-0.0099,0.0011
Karel Vejmelka,UTA,8478872,29,-0.004421247635036707,-0.005191524047404528,15,-0.0096,0.0008
Karel Vejmelka,UTA,8478872,30,-0.004420273005962372,-0.005191524047404528,0,-0.0244,0.0156
Karel Vejmelka,UTA,8478872,31,-0.004416035488247871,-0.005191524047404528,0,-0.0244,0.0156
Karel Vejmelka,UTA,8478872,32,-0.004416840150952339,-0.005191524047404528,0,-0.0244,0.0156
Karel Vejmelka,UTA,8478872,33,-0.004417171236127615,-0.005191524047404528,0,-0.0244,0.0156
Ilya Sorokin,NYI,8478009,0,0.009690899401903152,0.008432179689407349,0,-0.0103,0.0297
Ilya Sorokin,NYI,8478009,1,0.010248699225485325,0.008432179689407349,6,0.002,0.0184
Ilya Sorokin,NYI,8478009,2,0.010752909816801548,0.008432179689407349,2,-0.0033,0.0249
Ilya Sorokin,NYI,8478009,3,0.011324996128678322,0.008432179689407349,4,0.0013,0.0213
Ilya Sorokin,NYI,8478009,4,0.01184365525841713,0.008432179689407349,13,0.0063,0.0173
Ilya Sorokin,NYI,8478009,5,0.01235197763890028,0.008432179689407349,7,0.0048,0.02
Ilya Sorokin,NYI,8478009,6,0.012799089774489403,0.008432179689407349,2,-0.0013,0.0269
Ilya Sorokin,NYI,8478009,7,0.013221917673945427,0.008432179689407349,11,0.0072,0.0192
Ilya Sorokin,NYI,8478009,8,0.013632702641189098,0.008432179689407349,2,-0.0005,0.0277
Ilya Sorokin,NYI,8478009,9,0.014028714038431644,0.008432179689407349,4,0.004,0.024
Ilya Sorokin,NYI,8478009,10,0.014384103938937187,0.008432179689407349,5,0.0055,0.0233
Ilya Sorokin,NYI,8478009,11,0.01479579322040081,0.008432179689407349,17,0.0099,0.0197
Ilya Sorokin,NYI,8478009,12,0.015036620199680328,0.008432179689407349,24,0.0109,0.0191
Ilya Sorokin,NYI,8478009,13,0.015173433348536491,0.008432179689407349,5,0.0063,0.0241
Ilya Sorokin,NYI,8478009,14,0.01537277176976204,0.008432179689407349,0,-0.0046,0.0354
Ilya Sorokin,NYI,8478009,15,0.015574012883007526,0.008432179689407349,0,-0.0044,0.0356
Ilya Sorokin,NYI,8478009,16,0.01577380858361721,0.008432179689407349,13,0.0103,0.0213
Ilya Sorokin,NYI,8478009,17,0.01588251069188118,0.008432179689407349,1,-0.0041,0.0359
Ilya Sorokin,NYI,8478009,18,0.015977296978235245,0.008432179689407349,0,-0.004,0.036
Ilya Sorokin,NYI,8478009,19,0.016070982441306114,0.008432179689407349,8,0.009,0.0232
Ilya Sorokin,NYI,8478009,20,0.01619809865951538,0.008432179689407349,6,0.008,0.0244
Ilya Sorokin,NYI,8478009,21,0.01628120243549347,0.008432179689407349,0,-0.0037,0.0363
Ilya Sorokin,NYI,8478009,22,0.01636410504579544,0.008432179689407349,12,0.0106,0.0222
Ilya Sorokin,NYI,8478009,23,0.0163417998701334,0.008432179689407349,9,0.0096,0.023
Ilya Sorokin,NYI,8478009,24,0.01635357178747654,0.008432179689407349,21,0.012,0.0208
Ilya Sorokin,NYI,8478009,25,0.016247984021902084,0.008432179689407349,6,0.008,0.0244
Ilya Sorokin,NYI,8478009,26,0.016175536438822746,0.008432179689407349,23,0.012,0.0204
Ilya Sorokin,NYI,8478009,27,0.016170673072338104,0.008432179689407349,0,-0.0038,0.0362
Ilya Sorokin,NYI,8478009,28,0.016167528927326202,0.008432179689407349,0,-0.0038,0.0362
Ilya Sorokin,NYI,8478009,29,0.01616455428302288,0.008432179689407349,0,-0.0038,0.0362
Ilya Sorokin,NYI,8478009,30,0.016165534034371376,0.008432179689407349,0,-0.0038,0.0362
Ilya Sorokin,NYI,8478009,31,0.016169771552085876,0.008432179689407349,0,-0.0038,0.0362
Ilya Sorokin,NYI,8478009,32,0.01616896316409111,0.008432179689407349,0,-0.0038,0.0362
Ilya Sorokin,NYI,8478009,33,0.016168639063835144,0.008432179689407349,0,-0.0038,0.0362
David Rittich,NYI,8479496,0,-0.003499609651044011,-0.004112061113119125,1,-0.0235,0.0165
David Rittich,NYI,8479496,1,-0.0032339764293283224,-0.004112061113119125,1,-0.0232,0.0168
David Rittich,NYI,8479496,2,-0.002983429003506899,-0.004112061113119125,0,-0.023,0.017
David Rittich,NYI,8479496,3,-0.002734212437644601,-0.004112061113119125,0,-0.0227,0.0173
David Rittich,NYI,8479496,4,-0.0024817504454404116,-0.004112061113119125,13,-0.008,0.003
David Rittich,NYI,8479496,5,-0.0022802306339144707,-0.004112061113119125,15,-0.0075,0.0029
David Rittich,NYI,8479496,6,-0.0021262778900563717,-0.004112061113119125,13,-0.0076,0.0034
David Rittich,NYI,8479496,7,-0.001994858030229807,-0.004112061113119125,4,-0.012,0.008
David Rittich,NYI,8479496,8,-0.0018960369052365422,-0.004112061113119125,2,-0.016,0.0122
David Rittich,NYI,8479496,9,-0.0018095989944413304,-0.004112061113119125,2,-0.0159,0.0123
David Rittich,NYI,8479496,10,-0.0017413519090041518,-0.004112061113119125,9,-0.0084,0.005
David Rittich,NYI,8479496,11,-0.0016457518795505166,-0.004112061113119125,0,-0.0216,0.0184
David Rittich,NYI,8479496,12,-0.0015496426494792104,-0.004112061113119125,6,-0.0097,0.0067
David Rittich,NYI,8479496,13,-0.0015227161347866058,-0.004112061113119125,0,-0.0215,0.0185
David Rittich,NYI,8479496,14,-0.0014995195670053363,-0.004112061113119125,14,-0.0068,0.0038
David Rittich,NYI,8479496,15,-0.0016303580487146974,-0.004112061113119125,15,-0.0068,0.0036
David Rittich,NYI,8479496,16,-0.0016745346365496516,-0.004112061113119125,4,-0.0117,0.0083
David Rittich,NYI,8479496,17,-0.0016435689758509398,-0.004112061113119125,0,-0.0216,0.0184
David Rittich,NYI,8479496,18,-0.0016176324570551515,-0.004112061113119125,0,-0.0216,0.0184
David Rittich,NYI,8479496,19,-0.001592804677784443,-0.004112061113119125,6,-0.0098,0.0066
David Rittich,NYI,8479496,20,-0.0015225093811750412,-0.004112061113119125,0,-0.0215,0.0185
David Rittich,NYI,8479496,21,-0.0014498861273750663,-0.004112061113119125,0,-0.0214,0.0186
David Rittich,NYI,8479496,22,-0.001377481734380126,-0.004112061113119125,8,-0.0085,0.0057
David Rittich,NYI,8479496,23,-0.0013686961028724909,-0.004112061113119125,0,-0.0214,0.0186
David Rittich,NYI,8479496,24,-0.00135973677970469,-0.004112061113119125,0,-0.0214,0.0186
David Rittich,NYI,8479496,25,-0.0013511786237359047,-0.004112061113119125,0,-0.0214,0.0186
David Rittich,NYI,8479496,26,-0.0013468529796227813,-0.004112061113119125,0,-0.0213,0.0187
David Rittich,NYI,8479496,27,-0.0013449335237964988,-0.004112061113119125,1,-0.0213,0.0187
David Rittich,NYI,8479496,28,-0.0013480825582519174,-0.004112061113119125,0,-0.0213,0.0187
David Rittich,NYI,8479496,29,-0.0013510673306882381,-0.004112061113119125,0,-0.0214,0.0186
David Rittich,NYI,8479496,30,-0.001350094680674374,-0.004112061113119125,0,-0.0214,0.0186
David Rittich,NYI,8479496,31,-0.0013458607718348503,-0.004112061113119125,0,-0.0213,0.0187
David Rittich,NYI,8479496,32,-0.0013466669479385018,-0.004112061113119125,0,-0.0213,0.0187
David Rittich,NYI,8479496,33,-0.001346997800283134,-0.004112061113119125,0,-0.0213,0.0187
Pheonix Copley,LAK,8477831,0,-0.0005869997548870742,-0.00045505291200242937,0,-0.0206,0.0194
Pheonix Copley,LAK,8477831,1,-0.0006472704699262977,-0.00045505291200242937,0,-0.0206,0.0194
Pheonix Copley,LAK,8477831,2,-0.0007075740722939372,-0.00045505291200242937,0,-0.0207,0.0193
Pheonix Copley,LAK,8477831,3,-0.0007692103390581906,-0.00045505291200242937,0,-0.0208,0.0192
Pheonix Copley,LAK,8477831,4,-0.0008275988511741161,-0.00045505291200242937,0,-0.0208,0.0192
Pheonix Copley,LAK,8477831,5,-0.0008854598272591829,-0.00045505291200242937,0,-0.0209,0.0191
Pheonix Copley,LAK,8477831,6,-0.0009419628186151385,-0.00045505291200242937,0,-0.0209,0.0191
Pheonix Copley,LAK,8477831,7,-0.0009926287457346916,-0.00045505291200242937,0,-0.021,0.019
Pheonix Copley,LAK,8477831,8,-0.0010395465651527047,-0.00045505291200242937,0,-0.021,0.019
Pheonix Copley,LAK,8477831,9,-0.0010842360788956285,-0.00045505291200242937,0,-0.0211,0.0189
Pheonix Copley,LAK,8477831,10,-0.0011292181443423033,-0.00045505291200242937,0,-0.0211,0.0189
Pheonix Copley,LAK,8477831,11,-0.0011686235666275024,-0.00045505291200242937,0,-0.0212,0.0188
Pheonix Copley,LAK,8477831,12,-0.001207520253956318,-0.00045505291200242937,0,-0.0212,0.0188
Pheonix Copley,LAK,8477831,13,-0.0012459253193810582,-0.00045505291200242937,0,-0.0212,0.0188
Pheonix Copley,LAK,8477831,14,-0.0012880591675639153,-0.00045505291200242937,7,-0.0089,0.0063
Pheonix Copley,LAK,8477831,15,-0.0012916700216010213,-0.00045505291200242937,0,-0.0213,0.0187
Pheonix Copley,LAK,8477831,16,-0.0012967169750481844,-0.00045505291200242937,0,-0.0213,0.0187
Pheonix Copley,LAK,8477831,17,-0.0012963874032720923,-0.00045505291200242937,0,-0.0213,0.0187
Pheonix Copley,LAK,8477831,18,-0.0013010865077376366,-0.00045505291200242937,0,-0.0213,0.0187
Pheonix Copley,LAK,8477831,19,-0.0013068958651274443,-0.00045505291200242937,0,-0.0213,0.0187
Pheonix Copley,LAK,8477831,20,-0.0013126012636348605,-0.00045505291200242937,0,-0.0213,0.0187
Pheonix Copley,LAK,8477831,21,-0.0013159801019355655,-0.00045505291200242937,0,-0.0213,0.0187
Pheonix Copley,LAK,8477831,22,-0.001319577102549374,-0.00045505291200242937,0,-0.0213,0.0187
Pheonix Copley,LAK,8477831,23,-0.001317582093179226,-0.00045505291200242937,0,-0.0213,0.0187
Pheonix Copley,LAK,8477831,24,-0.0013154125772416592,-0.00045505291200242937,0,-0.0213,0.0187
Pheonix Copley,LAK,8477831,25,-0.0013136455090716481,-0.00045505291200242937,0,-0.0213,0.0187
Pheonix Copley,LAK,8477831,26,-0.0013161100214347243,-0.00045505291200242937,0,-0.0213,0.0187
Pheonix Copley,LAK,8477831,27,-0.001320983050391078,-0.00045505291200242937,0,-0.0213,0.0187
Pheonix Copley,LAK,8477831,28,-0.00132412847597152,-0.00045505291200242937,0,-0.0213,0.0187
Pheonix Copley,LAK,8477831,29,-0.0013271125499159098,-0.00045505291200242937,0,-0.0213,0.0187
Pheonix Copley,LAK,8477831,30,-0.0013261371059343219,-0.00045505291200242937,0,-0.0213,0.0187
Pheonix Copley,LAK,8477831,31,-0.0013219029642641544,-0.00045505291200242937,0,-0.0213,0.0187
Pheonix Copley,LAK,8477831,32,-0.0013227080926299095,-0.00045505291200242937,0,-0.0213,0.0187
Pheonix Copley,LAK,8477831,33,-0.001323038712143898,-0.00045505291200242937,0,-0.0213,0.0187
Arvid Soderblom,CHI,8482821,0,-0.004933031275868416,-0.004343120381236076,0,-0.0249,0.0151
Arvid Soderblom,CHI,8482821,1,-0.005196842830628157,-0.004343120381236076,1,-0.0252,0.0148
Arvid Soderblom,CHI,8482821,2,-0.005471701733767986,-0.004343120381236076,5,-0.0144,0.0034
Arvid Soderblom,CHI,8482821,3,-0.005693014711141586,-0.004343120381236076,1,-0.0257,0.0143
Arvid Soderblom,CHI,8482821,4,-0.005915539339184761,-0.004343120381236076,0,-0.0259,0.0141
Arvid Soderblom,CHI,8482821,5,-0.00613753218203783,-0.004343120381236076,2,-0.0202,0.008
Arvid Soderblom,CHI,8482821,6,-0.006375097669661045,-0.004343120381236076,0,-0.0264,0.0136
Arvid Soderblom,CHI,8482821,7,-0.006606827024370432,-0.004343120381236076,0,-0.0266,0.0134
Arvid Soderblom,CHI,8482821,8,-0.006834807340055704,-0.004343120381236076,0,-0.0268,0.0132
Arvid Soderblom,CHI,8482821,9,-0.00706055760383606,-0.004343120381236076,9,-0.0138,-0.0004
Arvid Soderblom,CHI,8482821,10,-0.007291191723197699,-0.004343120381236076,4,-0.0173,0.0027
Arvid Soderblom,CHI,8482821,11,-0.007553798146545887,-0.004343120381236076,0,-0.0276,0.0124
Arvid Soderblom,CHI,8482821,12,-0.007815896533429623,-0.004343120381236076,6,-0.016,0.0004
Arvid Soderblom,CHI,8482821,13,-0.008138375356793404,-0.004343120381236076,1,-0.0281,0.0119
Arvid Soderblom,CHI,8482821,14,-0.008377855643630028,-0.004343120381236076,2,-0.0225,0.0057
Arvid Soderblom,CHI,8482821,15,-0.008536945097148418,-0.004343120381236076,4,-0.0185,0.0015
Arvid Soderblom,CHI,8482821,16,-0.008737846277654171,-0.004343120381236076,0,-0.0287,0.0113
Arvid Soderblom,CHI,8482821,17,-0.008933370001614094,-0.004343120381236076,3,-0.0204,0.0026
Arvid Soderblom,CHI,8482821,18,-0.009061559103429317,-0.004343120381236076,8,-0.0162,-0.002
Arvid Soderblom,CHI,8482821,19,-0.009251474402844906,-0.004343120381236076,0,-0.0293,0.0107
Arvid Soderblom,CHI,8482821,20,-0.009441288188099861,-0.004343120381236076,0,-0.0294,0.0106
Arvid Soderblom,CHI,8482821,21,-0.009628769010305405,-0.004343120381236076,0,-0.0296,0.0104
Arvid Soderblom,CHI,8482821,22,-0.00981647428125143,-0.004343120381236076,0,-0.0298,0.0102
Arvid Soderblom,CHI,8482821,23,-0.009998580440878868,-0.004343120381236076,8,-0.0171,-0.0029
Arvid Soderblom,CHI,8482821,24,-0.010048606432974339,-0.004343120381236076,4,-0.02,-0.0
Arvid Soderblom,CHI,8482821,25,-0.01012770552188158,-0.004343120381236076,2,-0.0242,0.004
Arvid Soderblom,CHI,8482821,26,-0.010221472941339016,-0.004343120381236076,1,-0.0302,0.0098
Arvid Soderblom,CHI,8482821,27,-0.010226348415017128,-0.004343120381236076,0,-0.0302,0.0098
Arvid Soderblom,CHI,8482821,28,-0.010229499079287052,-0.004343120381236076,0,-0.0302,0.0098
Arvid Soderblom,CHI,8482821,29,-0.010232483968138695,-0.004343120381236076,0,-0.0302,0.0098
Arvid Soderblom,CHI,8482821,30,-0.01023151259869337,-0.004343120381236076,0,-0.0302,0.0098
Arvid Soderblom,CHI,8482821,31,-0.010227277874946594,-0.004343120381236076,0,-0.0302,0.0098
Arvid Soderblom,CHI,8482821,32,-0.010228084400296211,-0.004343120381236076,0,-0.0302,0.0098
Arvid Soderblom,CHI,8482821,33,-0.010228416882455349,-0.004343120381236076,0,-0.0302,0.0098
John Gibson,DET,8476434,0,-0.022609326988458633,-0.0213016327470541,0,-0.0426,-0.0026
John Gibson,DET,8476434,1,-0.023192163556814194,-0.0213016327470541,0,-0.0432,-0.0032
John Gibson,DET,8476434,2,-0.02377501130104065,-0.0213016327470541,13,-0.0293,-0.0183
John Gibson,DET,8476434,3,-0.02445831708610058,-0.0213016327470541,6,-0.0327,-0.0163
John Gibson,DET,8476434,4,-0.025085091590881348,-0.0213016327470541,9,-0.0318,-0.0184
John Gibson,DET,8476434,5,-0.025792695581912994,-0.0213016327470541,12,-0.0316,-0.02
John Gibson,DET,8476434,6,-0.02639259211719036,-0.0213016327470541,3,-0.0379,-0.0149
John Gibson,DET,8476434,7,-0.02691994048655033,-0.0213016327470541,4,-0.0369,-0.0169
John Gibson,DET,8476434,8,-0.027183055877685547,-0.0213016327470541,12,-0.033,-0.0214
John Gibson,DET,8476434,9,-0.027536137029528618,-0.0213016327470541,11,-0.0335,-0.0215
John Gibson,DET,8476434,10,-0.027997031807899475,-0.0213016327470541,1,-0.048,-0.008
John Gibson,DET,8476434,11,-0.028361031785607338,-0.0213016327470541,11,-0.0344,-0.0224
John Gibson,DET,8476434,12,-0.02872634492814541,-0.0213016327470541,2,-0.0428,-0.0146
John Gibson,DET,8476434,13,-0.02911805734038353,-0.0213016327470541,2,-0.0432,-0.015
John Gibson,DET,8476434,14,-0.029529931023716927,-0.0213016327470541,14,-0.0348,-0.0242
John Gibson,DET,8476434,15,-0.029859699308872223,-0.0213016327470541,9,-0.0366,-0.0232
John Gibson,DET,8476434,16,-0.030296023935079575,-0.0213016327470541,9,-0.037,-0.0236
John Gibson,DET,8476434,17,-0.030720241367816925,-0.0213016327470541,22,-0.035,-0.0264
John Gibson,DET,8476434,18,-0.03096492774784565,-0.0213016327470541,3,-0.0425,-0.0195
John Gibson,DET,8476434,19,-0.031240591779351234,-0.0213016327470541,20,-0.0357,-0.0267
John Gibson,DET,8476434,20,-0.031611498445272446,-0.0213016327470541,1,-0.0516,-0.0116
John Gibson,DET,8476434,21,-0.031984634697437286,-0.0213016327470541,0,-0.052,-0.012
John Gibson,DET,8476434,22,-0.032357942312955856,-0.0213016327470541,1,-0.0524,-0.0124
John Gibson,DET,8476434,23,-0.032742589712142944,-0.0213016327470541,20,-0.0372,-0.0282
John Gibson,DET,8476434,24,-0.03313848376274109,-0.0213016327470541,6,-0.0413,-0.0249
John Gibson,DET,8476434,25,-0.033304281532764435,-0.0213016327470541,0,-0.0533,-0.0133
John Gibson,DET,8476434,26,-0.03347427025437355,-0.0213016327470541,16,-0.0385,-0.0285
John Gibson,DET,8476434,27,-0.03347916156053543,-0.0213016327470541,0,-0.0535,-0.0135
John Gibson,DET,8476434,28,-0.03348230570554733,-0.0213016327470541,0,-0.0535,-0.0135
John Gibson,DET,8476434,29,-0.033485304564237595,-0.0213016327470541,0,-0.0535,-0.0135
John Gibson,DET,8476434,30,-0.0334843285381794,-0.0213016327470541,0,-0.0535,-0.0135
John Gibson,DET,8476434,31,-0.03348010033369064,-0.0213016327470541,0,-0.0535,-0.0135
John Gibson,DET,8476434,32,-0.03348090127110481,-0.0213016327470541,0,-0.0535,-0.0135
John Gibson,DET,8476434,33,-0.03348124772310257,-0.0213016327470541,0,-0.0535,-0.0135
Yaroslav Askarov,SJS,8482137,0,0.002757791895419359,0.002389512024819851,0,-0.0172,0.0228
Yaroslav Askarov,SJS,8482137,1,0.0029198462143540382,0.002389512024819851,8,-0.0042,0.01
Yaroslav Askarov,SJS,8482137,2,0.0031182158272713423,0.002389512024819851,4,-0.0069,0.0131
Yaroslav Askarov,SJS,8482137,3,0.0032723858021199703,0.002389512024819851,14,-0.002,0.0086
Yaroslav Askarov,SJS,8482137,4,0.0035974206402897835,0.002389512024819851,0,-0.0164,0.0236
Yaroslav Askarov,SJS,8482137,5,0.003922983072698116,0.002389512024819851,4,-0.0061,0.0139
Yaroslav Askarov,SJS,8482137,6,0.004216821398586035,0.002389512024819851,8,-0.0029,0.0113
Yaroslav Askarov,SJS,8482137,7,0.004445420578122139,0.002389512024819851,14,-0.0009,0.0097
Yaroslav Askarov,SJS,8482137,8,0.00452127680182457,0.002389512024819851,4,-0.0055,0.0145
Yaroslav Askarov,SJS,8482137,9,0.004580345470458269,0.002389512024819851,32,0.0011,0.0081
Yaroslav Askarov,SJS,8482137,10,0.004479532595723867,0.002389512024819851,16,-0.0005,0.0095
Yaroslav Askarov,SJS,8482137,11,0.004208012018352747,0.002389512024819851,5,-0.0047,0.0131
Yaroslav Askarov,SJS,8482137,12,0.0038760381285101175,0.002389512024819851,2,-0.0102,0.018
Yaroslav Askarov,SJS,8482137,13,0.0035311407409608364,0.002389512024819851,8,-0.0036,0.0106
Yaroslav Askarov,SJS,8482137,14,0.003123634494841099,0.002389512024819851,2,-0.011,0.0172
Yaroslav Askarov,SJS,8482137,15,0.0028017950244247913,0.002389512024819851,4,-0.0072,0.0128
Yaroslav Askarov,SJS,8482137,16,0.0024521583691239357,0.002389512024819851,10,-0.0038,0.0088
Yaroslav Askarov,SJS,8482137,17,0.002204310614615679,0.002389512024819851,1,-0.0178,0.0222
Yaroslav Askarov,SJS,8482137,18,0.0019440957112237811,0.002389512024819851,0,-0.0181,0.0219
Yaroslav Askarov,SJS,8482137,19,0.0016827713698148727,0.002389512024819851,0,-0.0183,0.0217
Yaroslav Askarov,SJS,8482137,20,0.001421549590304494,0.002389512024819851,1,-0.0186,0.0214
Yaroslav Askarov,SJS,8482137,21,0.0011579213896766305,0.002389512024819851,18,-0.0035,0.0059
Yaroslav Askarov,SJS,8482137,22,0.0008099090773612261,0.002389512024819851,0,-0.0192,0.0208
Yaroslav Askarov,SJS,8482137,23,0.0004674890369642526,0.002389512024819851,0,-0.0195,0.0205
Yaroslav Askarov,SJS,8482137,24,0.00012524344492703676,0.002389512024819851,0,-0.0199,0.0201
Yaroslav Askarov,SJS,8482137,25,-0.00021740632655564696,0.002389512024819851,18,-0.0049,0.0045
Yaroslav Askarov,SJS,8482137,26,-0.0003205527027603239,0.002389512024819851,12,-0.0061,0.0055
Yaroslav Askarov,SJS,8482137,27,-0.0003254235489293933,0.002389512024819851,0,-0.0203,0.0197
Yaroslav Askarov,SJS,8482137,28,-0.00032856667530722916,0.002389512024819851,0,-0.0203,0.0197
Yaroslav Askarov,SJS,8482137,29,-0.00033154862467199564,0.002389512024819851,0,-0.0203,0.0197
Yaroslav Askarov,SJS,8482137,30,-0.0003305721329525113,0.002389512024819851,0,-0.0203,0.0197
Yaroslav Askarov,SJS,8482137,31,-0.0003263362741563469,0.002389512024819851,0,-0.0203,0.0197
Yaroslav Askarov,SJS,8482137,32,-0.000327141082379967,0.002389512024819851,0,-0.0203,0.0197
Yaroslav Askarov,SJS,8482137,33,-0.0003274714108556509,0.002389512024819851,0,-0.0203,0.0197
8481707,,8481707,0,9.372369822813198e-05,0.0001432456192560494,0,-0.0199,0.0201
8481707,,8481707,1,7.008614193182439e-05,0.0001432456192560494,0,-0.0199,0.0201
8481707,,8481707,2,4.6415370889008045e-05,0.0001432456192560494,0,-0.02,0.02
8481707,,8481707,3,2.1412015485111624e-05,0.0001432456192560494,0,-0.02,0.02
8481707,,8481707,4,-3.4467666409909725e-07,0.0001432456192560494,0,-0.02,0.02
8481707,,8481707,5,-2.1573301637545228e-05,0.0001432456192560494,0,-0.02,0.02
8481707,,8481707,6,-4.144477134104818e-05,0.0001432456192560494,0,-0.02,0.02
8481707,,8481707,7,-5.547926411963999e-05,0.0001432456192560494,0,-0.0201,0.0199
8481707,,8481707,8,-6.576573650818318e-05,0.0001432456192560494,0,-0.0201,0.0199
8481707,,8481707,9,-7.382448529824615e-05,0.0001432456192560494,0,-0.0201,0.0199
8481707,,8481707,10,-8.217587310355157e-05,0.0001432456192560494,0,-0.0201,0.0199
8481707,,8481707,11,-8.495134534314275e-05,0.0001432456192560494,0,-0.0201,0.0199
8481707,,8481707,12,-8.721790800336748e-05,0.0001432456192560494,0,-0.0201,0.0199
8481707,,8481707,13,-8.899375097826123e-05,0.0001432456192560494,0,-0.0201,0.0199
8481707,,8481707,14,-9.449789649806917e-05,0.0001432456192560494,0,-0.0201,0.0199
8481707,,8481707,15,-9.810287156142294e-05,0.0001432456192560494,0,-0.0201,0.0199
8481707,,8481707,16,-0.00010314362589269876,0.0001432456192560494,0,-0.0201,0.0199
8481707,,8481707,17,-0.00010280829155817628,0.0001432456192560494,0,-0.0201,0.0199
8481707,,8481707,18,-0.00010750209912657738,0.0001432456192560494,0,-0.0201,0.0199
8481707,,8481707,19,-0.00011330647976137698,0.0001432456192560494,0,-0.0201,0.0199
8481707,,8481707,20,-0.00011900710524059832,0.0001432456192560494,0,-0.0201,0.0199
8481707,,8481707,21,-0.00012238162162248045,0.0001432456192560494,0,-0.0201,0.0199
8481707,,8481707,22,-0.0001259747368749231,0.0001432456192560494,0,-0.0201,0.0199
8481707,,8481707,23,-0.00012397590035106987,0.0001432456192560494,0,-0.0201,0.0199
8481707,,8481707,24,-0.00012180302292108536,0.0001432456192560494,0,-0.0201,0.0199
8481707,,8481707,25,-0.00012003302981611341,0.0001432456192560494,0,-0.0201,0.0199
8481707,,8481707,26,-0.00012249514111317694,0.0001432456192560494,0,-0.0201,0.0199
8481707,,8481707,27,-0.00012736557982861996,0.0001432456192560494,0,-0.0201,0.0199
8481707,,8481707,28,-0.0001305096666328609,0.0001432456192560494,0,-0.0201,0.0199
8481707,,8481707,29,-0.00013349133951123804,0.0001432456192560494,0,-0.0201,0.0199
8481707,,8481707,30,-0.00013251551717985421,0.0001432456192560494,0,-0.0201,0.0199
8481707,,8481707,31,-0.0001282797020394355,0.0001432456192560494,0,-0.0201,0.0199
8481707,,8481707,32,-0.00012908477219752967,0.0001432456192560494,0,-0.0201,0.0199
8481707,,8481707,33,-0.00012941495515406132,0.0001432456192560494,0,-0.0201,0.0199
Thatcher Demko,VAN,8477967,0,-0.011562053114175797,-0.010938788764178753,0,-0.0316,0.0084
Thatcher Demko,VAN,8477967,1,-0.011840680614113808,-0.010938788764178753,0,-0.0318,0.0082
Thatcher Demko,VAN,8477967,2,-0.012119347229599953,-0.010938788764178753,6,-0.0203,-0.0039
Thatcher Demko,VAN,8477967,3,-0.01236140076071024,-0.010938788764178753,6,-0.0206,-0.0042
Thatcher Demko,VAN,8477967,4,-0.012671840377151966,-0.010938788764178753,1,-0.0327,0.0073
Thatcher Demko,VAN,8477967,5,-0.01299486868083477,-0.010938788764178753,5,-0.0219,-0.0041
Thatcher Demko,VAN,8477967,6,-0.013165334239602089,-0.010938788764178753,8,-0.0203,-0.0061
Thatcher Demko,VAN,8477967,7,-0.013395008631050587,-0.010938788764178753,0,-0.0334,0.0066
Thatcher Demko,VAN,8477967,8,-0.013620935380458832,-0.010938788764178753,2,-0.0277,0.0005
Thatcher Demko,VAN,8477967,9,-0.013759961351752281,-0.010938788764178753,0,-0.0338,0.0062
Thatcher Demko,VAN,8477967,10,-0.013899280689656734,-0.010938788764178753,0,-0.0339,0.0061
Thatcher Demko,VAN,8477967,11,-0.014033020474016666,-0.010938788764178753,0,-0.034,0.006
Thatcher Demko,VAN,8477967,12,-0.014166251756250858,-0.010938788764178753,2,-0.0283,-0.0001
Thatcher Demko,VAN,8477967,13,-0.014220836572349072,-0.010938788764178753,0,-0.0342,0.0058
Thatcher Demko,VAN,8477967,14,-0.014279154129326344,-0.010938788764178753,18,-0.019,-0.0096
Thatcher Demko,VAN,8477967,15,-0.014422993175685406,-0.010938788764178753,5,-0.0233,-0.0055
Thatcher Demko,VAN,8477967,16,-0.014516021125018597,-0.010938788764178753,1,-0.0345,0.0055
Thatcher Demko,VAN,8477967,17,-0.014515719376504421,-0.010938788764178753,0,-0.0345,0.0055
Thatcher Demko,VAN,8477967,18,-0.014520454220473766,-0.010938788764178753,0,-0.0345,0.0055
Thatcher Demko,VAN,8477967,19,-0.014526288956403732,-0.010938788764178753,0,-0.0345,0.0055
Thatcher Demko,VAN,8477967,20,-0.01453202310949564,-0.010938788764178753,0,-0.0345,0.0055
Thatcher Demko,VAN,8477967,21,-0.01453542523086071,-0.010938788764178753,0,-0.0345,0.0055
Thatcher Demko,VAN,8477967,22,-0.014539048075675964,-0.010938788764178753,0,-0.0345,0.0055
Thatcher Demko,VAN,8477967,23,-0.014537070877850056,-0.010938788764178753,0,-0.0345,0.0055
Thatcher Demko,VAN,8477967,24,-0.014534921385347843,-0.010938788764178753,0,-0.0345,0.0055
Thatcher Demko,VAN,8477967,25,-0.014533170498907566,-0.010938788764178753,0,-0.0345,0.0055
Thatcher Demko,VAN,8477967,26,-0.014535652473568916,-0.010938788764178753,0,-0.0345,0.0055
Thatcher Demko,VAN,8477967,27,-0.014540539123117924,-0.010938788764178753,0,-0.0345,0.0055
Thatcher Demko,VAN,8477967,28,-0.01454369630664587,-0.010938788764178753,0,-0.0345,0.0055
Thatcher Demko,VAN,8477967,29,-0.01454668678343296,-0.010938788764178753,0,-0.0345,0.0055
Thatcher Demko,VAN,8477967,30,-0.014545721933245659,-0.010938788764178753,0,-0.0345,0.0055
Thatcher Demko,VAN,8477967,31,-0.014541487209498882,-0.010938788764178753,0,-0.0345,0.0055
Thatcher Demko,VAN,8477967,32,-0.014542301185429096,-0.010938788764178753,0,-0.0345,0.0055
Thatcher Demko,VAN,8477967,33,-0.014542628079652786,-0.010938788764178753,0,-0.0345,0.0055
Jet Greaves,CBJ,8482982,0,-0.0005193696124479175,2.4968519937829114e-05,0,-0.0205,0.0195
Jet Greaves,CBJ,8482982,1,-0.0007629258325323462,2.4968519937829114e-05,10,-0.0071,0.0055
Jet Greaves,CBJ,8482982,2,-0.001118186512030661,2.4968519937829114e-05,1,-0.0211,0.0189
Jet Greaves,CBJ,8482982,3,-0.0013843674678355455,2.4968519937829114e-05,1,-0.0214,0.0186
Jet Greaves,CBJ,8482982,4,-0.0016519090859219432,2.4968519937829114e-05,20,-0.0062,0.0028
Jet Greaves,CBJ,8482982,5,-0.0018673921003937721,2.4968519937829114e-05,15,-0.0071,0.0033
Jet Greaves,CBJ,8482982,6,-0.0020334268920123577,2.4968519937829114e-05,11,-0.008,0.004
Jet Greaves,CBJ,8482982,7,-0.002328332746401429,2.4968519937829114e-05,1,-0.0223,0.0177
Jet Greaves,CBJ,8482982,8,-0.0026225245092064142,2.4968519937829114e-05,20,-0.0071,0.0019
Jet Greaves,CBJ,8482982,9,-0.0029408263508230448,2.4968519937829114e-05,2,-0.017,0.0112
Jet Greaves,CBJ,8482982,10,-0.003173917531967163,2.4968519937829114e-05,7,-0.0108,0.0044
Jet Greaves,CBJ,8482982,11,-0.0034486933145672083,2.4968519937829114e-05,1,-0.0234,0.0166
Jet Greaves,CBJ,8482982,12,-0.0037305373698472977,2.4968519937829114e-05,8,-0.0108,0.0034
Jet Greaves,CBJ,8482982,13,-0.003985145129263401,2.4968519937829114e-05,8,-0.0111,0.0031
Jet Greaves,CBJ,8482982,14,-0.004213504958897829,2.4968519937829114e-05,6,-0.0124,0.004
Jet Greaves,CBJ,8482982,15,-0.004479249939322472,2.4968519937829114e-05,29,-0.0082,-0.0008
Jet Greaves,CBJ,8482982,16,-0.0047116950154304504,2.4968519937829114e-05,2,-0.0188,0.0094
Jet Greaves,CBJ,8482982,17,-0.004953161813318729,2.4968519937829114e-05,9,-0.0117,0.0017
Jet Greaves,CBJ,8482982,18,-0.00502401078119874,2.4968519937829114e-05,22,-0.0093,-0.0007
Jet Greaves,CBJ,8482982,19,-0.005096633918583393,2.4968519937829114e-05,2,-0.0192,0.009
Jet Greaves,CBJ,8482982,20,-0.005180393345654011,2.4968519937829114e-05,10,-0.0115,0.0011
Jet Greaves,CBJ,8482982,21,-0.005358053371310234,2.4968519937829114e-05,2,-0.0195,0.0087
Jet Greaves,CBJ,8482982,22,-0.005553555674850941,2.4968519937829114e-05,1,-0.0256,0.0144
Jet Greaves,CBJ,8482982,23,-0.005757445469498634,2.4968519937829114e-05,8,-0.0129,0.0013
Jet Greaves,CBJ,8482982,24,-0.005936515051871538,2.4968519937829114e-05,16,-0.0109,-0.0009
Jet Greaves,CBJ,8482982,25,-0.0060975635424256325,2.4968519937829114e-05,9,-0.0128,0.0006
Jet Greaves,CBJ,8482982,26,-0.006067223381251097,2.4968519937829114e-05,0,-0.0261,0.0139
Jet Greaves,CBJ,8482982,27,-0.006039293948560953,2.4968519937829114e-05,13,-0.0115,-0.0005
Jet Greaves,CBJ,8482982,28,-0.006042431574314833,2.4968519937829114e-05,0,-0.026,0.014
Jet Greaves,CBJ,8482982,29,-0.006045411806553602,2.4968519937829114e-05,0,-0.026,0.014
Jet Greaves,CBJ,8482982,30,-0.006044430658221245,2.4968519937829114e-05,0,-0.026,0.014
Jet Greaves,CBJ,8482982,31,-0.006040194071829319,2.4968519937829114e-05,0,-0.026,0.014
Jet Greaves,CBJ,8482982,32,-0.006040997337549925,2.4968519937829114e-05,0,-0.026,0.014
Jet Greaves,CBJ,8482982,33,-0.006041326560080051,2.4968519937829114e-05,0,-0.026,0.014
Matt Murray,SEA,8476899,0,-0.00323466002009809,-0.0031528568360954523,0,-0.0232,0.0168
Matt Murray,SEA,8476899,1,-0.0032726440113037825,-0.0031528568360954523,3,-0.0148,0.0082
Matt Murray,SEA,8476899,2,-0.003348579164594412,-0.0031528568360954523,0,-0.0233,0.0167
Matt Murray,SEA,8476899,3,-0.003425846341997385,-0.0031528568360954523,0,-0.0234,0.0166
Matt Murray,SEA,8476899,4,-0.0034998643677681684,-0.0031528568360954523,0,-0.0235,0.0165
Matt Murray,SEA,8476899,5,-0.0035733541008085012,-0.0031528568360954523,1,-0.0236,0.0164
Matt Murray,SEA,8476899,6,-0.0036548166535794735,-0.0031528568360954523,0,-0.0237,0.0163
Matt Murray,SEA,8476899,7,-0.003730443073436618,-0.0031528568360954523,4,-0.0137,0.0063
Matt Murray,SEA,8476899,8,-0.0038312955293804407,-0.0031528568360954523,13,-0.0093,0.0017
Matt Murray,SEA,8476899,9,-0.003839393611997366,-0.0031528568360954523,0,-0.0238,0.0162
Matt Murray,SEA,8476899,10,-0.0038477834314107895,-0.0031528568360954523,0,-0.0238,0.0162
Matt Murray,SEA,8476899,11,-0.0038505950942635536,-0.0031528568360954523,0,-0.0239,0.0161
Matt Murray,SEA,8476899,12,-0.0038528970908373594,-0.0031528568360954523,0,-0.0239,0.0161
Matt Murray,SEA,8476899,13,-0.0038547064177691936,-0.0031528568360954523,0,-0.0239,0.0161
Matt Murray,SEA,8476899,14,-0.003860242897644639,-0.0031528568360954523,0,-0.0239,0.0161
Matt Murray,SEA,8476899,15,-0.003863878780975938,-0.0031528568360954523,0,-0.0239,0.0161
Matt Murray,SEA,8476899,16,-0.0038689477369189262,-0.0031528568360954523,0,-0.0239,0.0161
Matt Murray,SEA,8476899,17,-0.0038686401676386595,-0.0031528568360954523,0,-0.0239,0.0161
Matt Murray,SEA,8476899,18,-0.0038733596447855234,-0.0031528568360954523,0,-0.0239,0.0161
Matt Murray,SEA,8476899,19,-0.0038791880942881107,-0.0031528568360954523,0,-0.0239,0.0161
Matt Murray,SEA,8476899,20,-0.00388491153717041,-0.0031528568360954523,0,-0.0239,0.0161
Matt Murray,SEA,8476899,21,-0.0038883069064468145,-0.0031528568360954523,0,-0.0239,0.0161
Matt Murray,SEA,8476899,22,-0.0038919197395443916,-0.0031528568360954523,0,-0.0239,0.0161
Matt Murray,SEA,8476899,23,-0.00388993788510561,-0.0031528568360954523,0,-0.0239,0.0161
Matt Murray,SEA,8476899,24,-0.0038877814076840878,-0.0031528568360954523,0,-0.0239,0.0161
Matt Murray,SEA,8476899,25,-0.0038860258646309376,-0.0031528568360954523,0,-0.0239,0.0161
Matt Murray,SEA,8476899,26,-0.0038884999230504036,-0.0031528568360954523,0,-0.0239,0.0161
Matt Murray,SEA,8476899,27,-0.003893381915986538,-0.0031528568360954523,0,-0.0239,0.0161
Matt Murray,SEA,8476899,28,-0.003896535374224186,-0.0031528568360954523,0,-0.0239,0.0161
Matt Murray,SEA,8476899,29,-0.003899523988366127,-0.0031528568360954523,0,-0.0239,0.0161
Matt Murray,SEA,8476899,30,-0.0038985549472272396,-0.0031528568360954523,0,-0.0239,0.0161
Matt Murray,SEA,8476899,31,-0.0038943232502788305,-0.0031528568360954523,0,-0.0239,0.0161
Matt Murray,SEA,8476899,32,-0.003895130706951022,-0.0031528568360954523,0,-0.0239,0.0161
Matt Murray,SEA,8476899,33,-0.0038954615592956543,-0.0031528568360954523,0,-0.0239,0.0161
Leevi Meriläinen,OTT,8482447,0,-0.002888231771066785,-0.0023209410719573498,0,-0.0229,0.0171
Leevi Meriläinen,OTT,8482447,1,-0.0031419885344803333,-0.0023209410719573498,0,-0.0231,0.0169
Leevi Meriläinen,OTT,8482447,2,-0.003395780688151717,-0.0023209410719573498,0,-0.0234,0.0166
Leevi Meriläinen,OTT,8482447,3,-0.0036509032361209393,-0.0023209410719573498,0,-0.0237,0.0163
Leevi Meriläinen,OTT,8482447,4,-0.003902781056240201,-0.0023209410719573498,4,-0.0139,0.0061
Leevi Meriläinen,OTT,8482447,5,-0.004092695191502571,-0.0023209410719573498,0,-0.0241,0.0159
Leevi Meriläinen,OTT,8482447,6,-0.004281254950910807,-0.0023209410719573498,1,-0.0243,0.0157
Leevi Meriläinen,OTT,8482447,7,-0.004469817038625479,-0.0023209410719573498,10,-0.0108,0.0018
Leevi Meriläinen,OTT,8482447,8,-0.004753975663334131,-0.0023209410719573498,9,-0.0115,0.0019
Leevi Meriläinen,OTT,8482447,9,-0.005018958821892738,-0.0023209410719573498,0,-0.025,0.015
Leevi Meriläinen,OTT,8482447,10,-0.005284232087433338,-0.0023209410719573498,0,-0.0253,0.0147
Leevi Meriläinen,OTT,8482447,11,-0.005543931853026152,-0.0023209410719573498,0,-0.0255,0.0145
Leevi Meriläinen,OTT,8482447,12,-0.0058031221851706505,-0.0023209410719573498,0,-0.0258,0.0142
Leevi Meriläinen,OTT,8482447,13,-0.0060618240386247635,-0.0023209410719573498,10,-0.0124,0.0002
Leevi Meriläinen,OTT,8482447,14,-0.006332414224743843,-0.0023209410719573498,0,-0.0263,0.0137
Leevi Meriläinen,OTT,8482447,15,-0.006601110100746155,-0.0023209410719573498,25,-0.0106,-0.0026
Leevi Meriläinen,OTT,8482447,16,-0.006996968295425177,-0.0023209410719573498,9,-0.0137,-0.0003
Leevi Meriläinen,OTT,8482447,17,-0.0071605355478823185,-0.0023209410719573498,16,-0.0122,-0.0022
Leevi Meriläinen,OTT,8482447,18,-0.007165222894400358,-0.0023209410719573498,0,-0.0272,0.0128
Leevi Meriläinen,OTT,8482447,19,-0.0071710217744112015,-0.0023209410719573498,0,-0.0272,0.0128
Leevi Meriläinen,OTT,8482447,20,-0.0071767172776162624,-0.0023209410719573498,0,-0.0272,0.0128
Leevi Meriläinen,OTT,8482447,21,-0.0071800872683525085,-0.0023209410719573498,0,-0.0272,0.0128
Leevi Meriläinen,OTT,8482447,22,-0.007183675188571215,-0.0023209410719573498,0,-0.0272,0.0128
Leevi Meriläinen,OTT,8482447,23,-0.007181672845035791,-0.0023209410719573498,0,-0.0272,0.0128
Leevi Meriläinen,OTT,8482447,24,-0.007179494481533766,-0.0023209410719573498,0,-0.0272,0.0128
Leevi Meriläinen,OTT,8482447,25,-0.0071777235716581345,-0.0023209410719573498,0,-0.0272,0.0128
Leevi Meriläinen,OTT,8482447,26,-0.0071801794692873955,-0.0023209410719573498,0,-0.0272,0.0128
Leevi Meriläinen,OTT,8482447,27,-0.007185050286352634,-0.0023209410719573498,0,-0.0272,0.0128
Leevi Meriläinen,OTT,8482447,28,-0.0071881902404129505,-0.0023209410719573498,0,-0.0272,0.0128
Leevi Meriläinen,OTT,8482447,29,-0.007191170938313007,-0.0023209410719573498,0,-0.0272,0.0128
Leevi Meriläinen,OTT,8482447,30,-0.007190195377916098,-0.0023209410719573498,0,-0.0272,0.0128
Leevi Meriläinen,OTT,8482447,31,-0.007185954600572586,-0.0023209410719573498,0,-0.0272,0.0128
Leevi Meriläinen,OTT,8482447,32,-0.00718676345422864,-0.0023209410719573498,0,-0.0272,0.0128
Leevi Meriläinen,OTT,8482447,33,-0.007187089417129755,-0.0023209410719573498,0,-0.0272,0.0128
Marcus Hogberg,NYI,8477405,0,0.0007302667945623398,0.0007074378081597388,0,-0.0193,0.0207
Marcus Hogberg,NYI,8477405,1,0.0007387843215838075,0.0007074378081597388,0,-0.0193,0.0207
Marcus Hogberg,NYI,8477405,2,0.0007472696015611291,0.0007074378081597388,0,-0.0193,0.0207
Marcus Hogberg,NYI,8477405,3,0.0007544210529886186,0.0007074378081597388,0,-0.0192,0.0208
Marcus Hogberg,NYI,8477405,4,0.0007648200262337923,0.0007074378081597388,0,-0.0192,0.0208
Marcus Hogberg,NYI,8477405,5,0.0007757463026791811,0.0007074378081597388,0,-0.0192,0.0208
Marcus Hogberg,NYI,8477405,6,0.0007880298071540892,0.0007074378081597388,0,-0.0192,0.0208
Marcus Hogberg,NYI,8477405,7,0.0008061503758653998,0.0007074378081597388,0,-0.0192,0.0208
Marcus Hogberg,NYI,8477405,8,0.0008280185284093022,0.0007074378081597388,0,-0.0192,0.0208
Marcus Hogberg,NYI,8477405,9,0.0008521144627593458,0.0007074378081597388,0,-0.0191,0.0209
Marcus Hogberg,NYI,8477405,10,0.0008759174961596727,0.0007074378081597388,0,-0.0191,0.0209
Marcus Hogberg,NYI,8477405,11,0.0009052964160218835,0.0007074378081597388,0,-0.0191,0.0209
Marcus Hogberg,NYI,8477405,12,0.000935184012632817,0.0007074378081597388,0,-0.0191,0.0209
Marcus Hogberg,NYI,8477405,13,0.0009655624162405729,0.0007074378081597388,0,-0.019,0.021
Marcus Hogberg,NYI,8477405,14,0.0009922119788825512,0.0007074378081597388,0,-0.019,0.021
Marcus Hogberg,NYI,8477405,15,0.0010207612067461014,0.0007074378081597388,3,-0.0105,0.0125
Marcus Hogberg,NYI,8477405,16,0.0010157228680327535,0.0007074378081597388,0,-0.019,0.021
Marcus Hogberg,NYI,8477405,17,0.0010160604724660516,0.0007074378081597388,0,-0.019,0.021
Marcus Hogberg,NYI,8477405,18,0.001011368934996426,0.0007074378081597388,0,-0.019,0.021
Marcus Hogberg,NYI,8477405,19,0.0010055669117718935,0.0007074378081597388,0,-0.019,0.021
Marcus Hogberg,NYI,8477405,20,0.0009998681489378214,0.0007074378081597388,0,-0.019,0.021
Marcus Hogberg,NYI,8477405,21,0.0009964953642338514,0.0007074378081597388,0,-0.019,0.021
Marcus Hogberg,NYI,8477405,22,0.0009929041843861341,0.0007074378081597388,0,-0.019,0.021
Marcus Hogberg,NYI,8477405,23,0.0009949043160304427,0.0007074378081597388,0,-0.019,0.021
Marcus Hogberg,NYI,8477405,24,0.000997078837826848,0.0007074378081597388,0,-0.019,0.021
Marcus Hogberg,NYI,8477405,25,0.0009988497477024794,0.0007074378081597388,0,-0.019,0.021
Marcus Hogberg,NYI,8477405,26,0.0009963891934603453,0.0007074378081597388,0,-0.019,0.021
Marcus Hogberg,NYI,8477405,27,0.0009915195405483246,0.0007074378081597388,0,-0.019,0.021
Marcus Hogberg,NYI,8477405,28,0.0009883760940283537,0.0007074378081597388,0,-0.019,0.021
Marcus Hogberg,NYI,8477405,29,0.0009853951632976532,0.0007074378081597388,0,-0.019,0.021
Marcus Hogberg,NYI,8477405,30,0.0009863714221864939,0.0007074378081597388,0,-0.019,0.021
Marcus Hogberg,NYI,8477405,31,0.0009906078921630979,0.0007074378081597388,0,-0.019,0.021
Marcus Hogberg,NYI,8477405,32,0.0009898027637973428,0.0007074378081597388,0,-0.019,0.021
Marcus Hogberg,NYI,8477405,33,0.000989473075605929,0.0007074378081597388,0,-0.019,0.021
Nico Daws,NJD,8482076,0,0.004933666437864304,0.004721477627754211,4,-0.0051,0.0149
Nico Daws,NJD,8482076,1,0.004995021503418684,0.004721477627754211,1,-0.015,0.025
Nico Daws,NJD,8482076,2,0.0050414251163601875,0.004721477627754211,0,-0.015,0.025
Nico Daws,NJD,8482076,3,0.0050864992663264275,0.004721477627754211,0,-0.0149,0.0251
Nico Daws,NJD,8482076,4,0.005134813953191042,0.004721477627754211,0,-0.0149,0.0251
Nico Daws,NJD,8482076,5,0.005183658096939325,0.004721477627754211,8,-0.0019,0.0123
Nico Daws,NJD,8482076,6,0.005164156202226877,0.004721477627754211,0,-0.0148,0.0252
Nico Daws,NJD,8482076,7,0.005150490440428257,0.004721477627754211,0,-0.0148,0.0252
Nico Daws,NJD,8482076,8,0.00514057045802474,0.004721477627754211,0,-0.0149,0.0251
Nico Daws,NJD,8482076,9,0.005132876802235842,0.004721477627754211,0,-0.0149,0.0251
Nico Daws,NJD,8482076,10,0.0051248869858682156,0.004721477627754211,0,-0.0149,0.0251
Nico Daws,NJD,8482076,11,0.0051224734634160995,0.004721477627754211,0,-0.0149,0.0251
Nico Daws,NJD,8482076,12,0.005120564252138138,0.004721477627754211,0,-0.0149,0.0251
Nico Daws,NJD,8482076,13,0.00511914724484086,0.004721477627754211,0,-0.0149,0.0251
Nico Daws,NJD,8482076,14,0.0051139951683580875,0.004721477627754211,0,-0.0149,0.0251
Nico Daws,NJD,8482076,15,0.005110745783895254,0.004721477627754211,0,-0.0149,0.0251
Nico Daws,NJD,8482076,16,0.005106052383780479,0.004721477627754211,0,-0.0149,0.0251
Nico Daws,NJD,8482076,17,0.005106739699840546,0.004721477627754211,0,-0.0149,0.0251
Nico Daws,NJD,8482076,18,0.005102388560771942,0.004721477627754211,0,-0.0149,0.0251
Nico Daws,NJD,8482076,19,0.0050969310104846954,0.004721477627754211,0,-0.0149,0.0251
Nico Daws,NJD,8482076,20,0.005091570783406496,0.004721477627754211,0,-0.0149,0.0251
Nico Daws,NJD,8482076,21,0.005088536534458399,0.004721477627754211,0,-0.0149,0.0251
Nico Daws,NJD,8482076,22,0.005085282027721405,0.004721477627754211,0,-0.0149,0.0251
Nico Daws,NJD,8482076,23,0.005087615456432104,0.004721477627754211,0,-0.0149,0.0251
Nico Daws,NJD,8482076,24,0.005090122111141682,0.004721477627754211,0,-0.0149,0.0251
Nico Daws,NJD,8482076,25,0.005092223174870014,0.004721477627754211,0,-0.0149,0.0251
Nico Daws,NJD,8482076,26,0.005090090446174145,0.004721477627754211,10,-0.0012,0.0114
Nico Daws,NJD,8482076,27,0.005085234064608812,0.004721477627754211,0,-0.0149,0.0251
Nico Daws,NJD,8482076,28,0.005082102492451668,0.004721477627754211,0,-0.0149,0.0251
Nico Daws,NJD,8482076,29,0.005079129710793495,0.004721477627754211,0,-0.0149,0.0251
Nico Daws,NJD,8482076,30,0.005080114118754864,0.004721477627754211,0,-0.0149,0.0251
Nico Daws,NJD,8482076,31,0.005084356293082237,0.004721477627754211,0,-0.0149,0.0251
Nico Daws,NJD,8482076,32,0.005083553958684206,0.004721477627754211,0,-0.0149,0.0251
Nico Daws,NJD,8482076,33,0.005083225201815367,0.004721477627754211,0,-0.0149,0.0251
8478848,,8478848,0,-0.0018404116854071617,-0.0017908083973452449,0,-0.0218,0.0182
8478848,,8478848,1,-0.0018640855560079217,-0.0017908083973452449,0,-0.0219,0.0181
8478848,,8478848,2,-0.0018877907423302531,-0.0017908083973452449,0,-0.0219,0.0181
8478848,,8478848,3,-0.001912828185595572,-0.0017908083973452449,0,-0.0219,0.0181
8478848,,8478848,4,-0.0019346177577972412,-0.0017908083973452449,0,-0.0219,0.0181
8478848,,8478848,5,-0.0019558779895305634,-0.0017908083973452449,0,-0.022,0.018
8478848,,8478848,6,-0.0019757808186113834,-0.0017908083973452449,0,-0.022,0.018
8478848,,8478848,7,-0.0019898449536412954,-0.0017908083973452449,0,-0.022,0.018
8478848,,8478848,8,-0.00200016051530838,-0.0017908083973452449,0,-0.022,0.018
8478848,,8478848,9,-0.0020082471892237663,-0.0017908083973452449,0,-0.022,0.018
8478848,,8478848,10,-0.0020166251342743635,-0.0017908083973452449,0,-0.022,0.018
8478848,,8478848,11,-0.0020194267854094505,-0.0017908083973452449,0,-0.022,0.018
8478848,,8478848,12,-0.002021717606112361,-0.0017908083973452449,0,-0.022,0.018
8478848,,8478848,13,-0.0020235173869878054,-0.0017908083973452449,0,-0.022,0.018
8478848,,8478848,14,-0.0020290438551455736,-0.0017908083973452449,0,-0.022,0.018
8478848,,8478848,15,-0.00203267065808177,-0.0017908083973452449,0,-0.022,0.018
8478848,,8478848,16,-0.002037731697782874,-0.0017908083973452449,0,-0.022,0.018
8478848,,8478848,17,-0.002037415513768792,-0.0017908083973452449,0,-0.022,0.018
8478848,,8478848,18,-0.002042127540335059,-0.0017908083973452449,0,-0.022,0.018
8478848,,8478848,19,-0.002047948772087693,-0.0017908083973452449,0,-0.022,0.018
8478848,,8478848,20,-0.0020536654628813267,-0.0017908083973452449,0,-0.0221,0.0179
8478848,,8478848,21,-0.0020570545457303524,-0.0017908083973452449,0,-0.0221,0.0179
8478848,,8478848,22,-0.002060661092400551,-0.0017908083973452449,0,-0.0221,0.0179
8478848,,8478848,23,-0.0020586750470101833,-0.0017908083973452449,0,-0.0221,0.0179
8478848,,8478848,24,-0.00205651274882257,-0.0017908083973452449,0,-0.0221,0.0179
8478848,,8478848,25,-0.0020547532476484776,-0.0017908083973452449,0,-0.0221,0.0179
8478848,,8478848,26,-0.002057224279269576,-0.0017908083973452449,0,-0.0221,0.0179
8478848,,8478848,27,-0.0020621023140847683,-0.0017908083973452449,0,-0.0221,0.0179
8478848,,8478848,28,-0.0020652529783546925,-0.0017908083973452449,0,-0.0221,0.0179
8478848,,8478848,29,-0.0020682397298514843,-0.0017908083973452449,0,-0.0221,0.0179
8478848,,8478848,30,-0.002067268593236804,-0.0017908083973452449,0,-0.0221,0.0179
8478848,,8478848,31,-0.0020630352664738894,-0.0017908083973452449,0,-0.0221,0.0179
8478848,,8478848,32,-0.002063842723146081,-0.0017908083973452449,0,-0.0221,0.0179
8478848,,8478848,33,-0.0020641726441681385,-0.0017908083973452449,0,-0.0221,0.0179
Nikita Tolopilo,VAN,8484268,0,0.0040619587525725365,0.003753201337531209,0,-0.0159,0.0241
Nikita Tolopilo,VAN,8484268,1,0.004197556059807539,0.003753201337531209,0,-0.0158,0.0242
Nikita Tolopilo,VAN,8484268,2,0.004333118908107281,0.003753201337531209,0,-0.0157,0.0243
Nikita Tolopilo,VAN,8484268,3,0.0044673471711575985,0.003753201337531209,0,-0.0155,0.0245
Nikita Tolopilo,VAN,8484268,4,0.004604824353009462,0.003753201337531209,0,-0.0154,0.0246
Nikita Tolopilo,VAN,8484268,5,0.004742825869470835,0.003753201337531209,0,-0.0153,0.0247
Nikita Tolopilo,VAN,8484268,6,0.004882185719907284,0.003753201337531209,0,-0.0151,0.0249
Nikita Tolopilo,VAN,8484268,7,0.005027378909289837,0.003753201337531209,0,-0.015,0.025
Nikita Tolopilo,VAN,8484268,8,0.005176322069019079,0.003753201337531209,0,-0.0148,0.0252
Nikita Tolopilo,VAN,8484268,9,0.005327489692717791,0.003753201337531209,0,-0.0147,0.0253
Nikita Tolopilo,VAN,8484268,10,0.005478365812450647,0.003753201337531209,6,-0.0027,0.0137
Nikita Tolopilo,VAN,8484268,11,0.005575358867645264,0.003753201337531209,9,-0.0011,0.0123
Nikita Tolopilo,VAN,8484268,12,0.005680353380739689,0.003753201337531209,2,-0.0084,0.0198
Nikita Tolopilo,VAN,8484268,13,0.005759282968938351,0.003753201337531209,0,-0.0142,0.0258
Nikita Tolopilo,VAN,8484268,14,0.0058344886638224125,0.003753201337531209,0,-0.0142,0.0258
Nikita Tolopilo,VAN,8484268,15,0.005911585409194231,0.003753201337531209,0,-0.0141,0.0259
Nikita Tolopilo,VAN,8484268,16,0.00598725164309144,0.003753201337531209,0,-0.014,0.026
Nikita Tolopilo,VAN,8484268,17,0.006068289279937744,0.003753201337531209,14,0.0008,0.0114
Nikita Tolopilo,VAN,8484268,18,0.006078796461224556,0.003753201337531209,0,-0.0139,0.0261
Nikita Tolopilo,VAN,8484268,19,0.006088192109018564,0.003753201337531209,19,0.0015,0.0107
Nikita Tolopilo,VAN,8484268,20,0.006110277026891708,0.003753201337531209,0,-0.0139,0.0261
Nikita Tolopilo,VAN,8484268,21,0.006134686525911093,0.003753201337531209,10,-0.0002,0.0124
Nikita Tolopilo,VAN,8484268,22,0.006071347743272781,0.003753201337531209,10,-0.0002,0.0124
Nikita Tolopilo,VAN,8484268,23,0.006040837150067091,0.003753201337531209,0,-0.014,0.026
Nikita Tolopilo,VAN,8484268,24,0.00601049792021513,0.003753201337531209,1,-0.014,0.026
Nikita Tolopilo,VAN,8484268,25,0.0059740422293543816,0.003753201337531209,5,-0.0029,0.0149
Nikita Tolopilo,VAN,8484268,26,0.005981239024549723,0.003753201337531209,1,-0.014,0.026
Nikita Tolopilo,VAN,8484268,27,0.005976375658065081,0.003753201337531209,0,-0.014,0.026
Nikita Tolopilo,VAN,8484268,28,0.0059732371009886265,0.003753201337531209,0,-0.014,0.026
Nikita Tolopilo,VAN,8484268,29,0.005970260128378868,0.003753201337531209,0,-0.014,0.026
Nikita Tolopilo,VAN,8484268,30,0.0059712412767112255,0.003753201337531209,0,-0.014,0.026
Nikita Tolopilo,VAN,8484268,31,0.005975478328764439,0.003753201337531209,0,-0.014,0.026
Nikita Tolopilo,VAN,8484268,32,0.005974676925688982,0.003753201337531209,0,-0.014,0.026
Nikita Tolopilo,VAN,8484268,33,0.005974344909191132,0.003753201337531209,0,-0.014,0.026
Antoine Bibeau,,8477312,0,0.00029995787190273404,0.0003206284891348332,1,-0.0197,0.0203
Antoine Bibeau,,8477312,1,0.0002788722049444914,0.0003206284891348332,1,-0.0197,0.0203
Antoine Bibeau,,8477312,2,0.0002552033110987395,0.0003206284891348332,0,-0.0197,0.0203
Antoine Bibeau,,8477312,3,0.00023020166554488242,0.0003206284891348332,0,-0.0198,0.0202
Antoine Bibeau,,8477312,4,0.00020844669779762626,0.0003206284891348332,0,-0.0198,0.0202
Antoine Bibeau,,8477312,5,0.00018721967353485525,0.0003206284891348332,0,-0.0198,0.0202
Antoine Bibeau,,8477312,6,0.00016734976088628173,0.0003206284891348332,0,-0.0198,0.0202
Antoine Bibeau,,8477312,7,0.00015331682516261935,0.0003206284891348332,0,-0.0198,0.0202
Antoine Bibeau,,8477312,8,0.00014303183706942946,0.0003206284891348332,0,-0.0199,0.0201
Antoine Bibeau,,8477312,9,0.0001349744707113132,0.0003206284891348332,0,-0.0199,0.0201
Antoine Bibeau,,8477312,10,0.00012662452354561538,0.0003206284891348332,0,-0.0199,0.0201
Antoine Bibeau,,8477312,11,0.00012385036097839475,0.0003206284891348332,0,-0.0199,0.0201
Antoine Bibeau,,8477312,12,0.00012158507888671011,0.0003206284891348332,0,-0.0199,0.0201
Antoine Bibeau,,8477312,13,0.00011981044372078031,0.0003206284891348332,0,-0.0199,0.0201
Antoine Bibeau,,8477312,14,0.00011430747690610588,0.0003206284891348332,0,-0.0199,0.0201
Antoine Bibeau,,8477312,15,0.00011070359323639423,0.0003206284891348332,0,-0.0199,0.0201
Antoine Bibeau,,8477312,16,0.00010566387209109962,0.0003206284891348332,0,-0.0199,0.0201
Antoine Bibeau,,8477312,17,0.00010600019595585763,0.0003206284891348332,0,-0.0199,0.0201
Antoine Bibeau,,8477312,18,0.0001013072906062007,0.0003206284891348332,0,-0.0199,0.0201
Antoine Bibeau,,8477312,19,9.55037830863148e-05,0.0003206284891348332,0,-0.0199,0.0201
Antoine Bibeau,,8477312,20,8.980394341051579e-05,0.0003206284891348332,0,-0.0199,0.0201
Antoine Bibeau,,8477312,21,8.643028559163213e-05,0.0003206284891348332,0,-0.0199,0.0201
Antoine Bibeau,,8477312,22,8.283779607154429e-05,0.0003206284891348332,0,-0.0199,0.0201
Antoine Bibeau,,8477312,23,8.483720012009144e-05,0.0003206284891348332,0,-0.0199,0.0201
Antoine Bibeau,,8477312,24,8.701079059392214e-05,0.0003206284891348332,0,-0.0199,0.0201
Antoine Bibeau,,8477312,25,8.878114749677479e-05,0.0003206284891348332,0,-0.0199,0.0201
Antoine Bibeau,,8477312,26,8.6319720139727e-05,0.0003206284891348332,0,-0.0199,0.0201
Antoine Bibeau,,8477312,27,8.144945604726672e-05,0.0003206284891348332,0,-0.0199,0.0201
Antoine Bibeau,,8477312,28,7.8305893111974e-05,0.0003206284891348332,0,-0.0199,0.0201
Antoine Bibeau,,8477312,29,7.532426388934255e-05,0.0003206284891348332,0,-0.0199,0.0201
Antoine Bibeau,,8477312,30,7.630046457052231e-05,0.0003206284891348332,0,-0.0199,0.0201
Antoine Bibeau,,8477312,31,8.05363233666867e-05,0.0003206284891348332,0,-0.0199,0.0201
Antoine Bibeau,,8477312,32,7.973142783157527e-05,0.0003206284891348332,0,-0.0199,0.0201
Antoine Bibeau,,8477312,33,7.940121577121317e-05,0.0003206284891348332,0,-0.0199,0.0201
Matt Tomkins,EDM,8477035,0,-0.0014336996246129274,-0.0012699378421530128,6,-0.0096,0.0068
Matt Tomkins,EDM,8477035,1,-0.0014573574298992753,-0.0012699378421530128,0,-0.0215,0.0185
Matt Tomkins,EDM,8477035,2,-0.0014810472493991256,-0.0012699378421530128,0,-0.0215,0.0185
Matt Tomkins,EDM,8477035,3,-0.0015060690930113196,-0.0012699378421530128,0,-0.0215,0.0185
Matt Tomkins,EDM,8477035,4,-0.001527844462543726,-0.0012699378421530128,0,-0.0215,0.0185
Matt Tomkins,EDM,8477035,5,-0.0015490903751924634,-0.0012699378421530128,0,-0.0215,0.0185
Matt Tomkins,EDM,8477035,6,-0.0015689790016040206,-0.0012699378421530128,0,-0.0216,0.0184
Matt Tomkins,EDM,8477035,7,-0.0015830303309485316,-0.0012699378421530128,0,-0.0216,0.0184
Matt Tomkins,EDM,8477035,8,-0.0015933322720229626,-0.0012699378421530128,0,-0.0216,0.0184
Matt Tomkins,EDM,8477035,9,-0.0016014068387448788,-0.0012699378421530128,0,-0.0216,0.0184
Matt Tomkins,EDM,8477035,10,-0.0016097729094326496,-0.0012699378421530128,0,-0.0216,0.0184
Matt Tomkins,EDM,8477035,11,-0.0016125626862049103,-0.0012699378421530128,0,-0.0216,0.0184
Matt Tomkins,EDM,8477035,12,-0.001614842563867569,-0.0012699378421530128,0,-0.0216,0.0184
Matt Tomkins,EDM,8477035,13,-0.001616631867364049,-0.0012699378421530128,0,-0.0216,0.0184
Matt Tomkins,EDM,8477035,14,-0.0016221480909734964,-0.0012699378421530128,0,-0.0216,0.0184
Matt Tomkins,EDM,8477035,15,-0.0016257654642686248,-0.0012699378421530128,0,-0.0216,0.0184
Matt Tomkins,EDM,8477035,16,-0.001630817074328661,-0.0012699378421530128,0,-0.0216,0.0184
Matt Tomkins,EDM,8477035,17,-0.0016304927412420511,-0.0012699378421530128,0,-0.0216,0.0184
Matt Tomkins,EDM,8477035,18,-0.0016351962694898248,-0.0012699378421530128,0,-0.0216,0.0184
Matt Tomkins,EDM,8477035,19,-0.0016410101670771837,-0.0012699378421530128,0,-0.0216,0.0184
Matt Tomkins,EDM,8477035,20,-0.001646719523705542,-0.0012699378421530128,0,-0.0216,0.0184
Matt Tomkins,EDM,8477035,21,-0.0016501019708812237,-0.0012699378421530128,0,-0.0217,0.0183
Matt Tomkins,EDM,8477035,22,-0.0016537028132006526,-0.0012699378421530128,0,-0.0217,0.0183
Matt Tomkins,EDM,8477035,23,-0.00165171071421355,-0.0012699378421530128,0,-0.0217,0.0183
Matt Tomkins,EDM,8477035,24,-0.0016495438758283854,-0.0012699378421530128,0,-0.0216,0.0184
Matt Tomkins,EDM,8477035,25,-0.0016477798344567418,-0.0012699378421530128,0,-0.0216,0.0184
Matt Tomkins,EDM,8477035,26,-0.001650246442295611,-0.0012699378421530128,0,-0.0217,0.0183
Matt Tomkins,EDM,8477035,27,-0.0016551214503124356,-0.0012699378421530128,0,-0.0217,0.0183
Matt Tomkins,EDM,8477035,28,-0.0016582688549533486,-0.0012699378421530128,0,-0.0217,0.0183
Matt Tomkins,EDM,8477035,29,-0.001661253860220313,-0.0012699378421530128,0,-0.0217,0.0183
Matt Tomkins,EDM,8477035,30,-0.001660279929637909,-0.0012699378421530128,0,-0.0217,0.0183
Matt Tomkins,EDM,8477035,31,-0.001656046137213707,-0.0012699378421530128,0,-0.0217,0.0183
Matt Tomkins,EDM,8477035,32,-0.0016568518476560712,-0.0012699378421530128,0,-0.0217,0.0183
Matt Tomkins,EDM,8477035,33,-0.0016571828164160252,-0.0012699378421530128,0,-0.0217,0.0183
Parker Gahagen,,8480481,0,-0.0013451548293232918,-0.001188700320199132,7,-0.0089,0.0063
Parker Gahagen,,8480481,1,-0.001368811004795134,-0.001188700320199132,0,-0.0214,0.0186
Parker Gahagen,,8480481,2,-0.0013924994273111224,-0.001188700320199132,0,-0.0214,0.0186
Parker Gahagen,,8480481,3,-0.00141752022318542,-0.001188700320199132,0,-0.0214,0.0186
Parker Gahagen,,8480481,4,-0.0014392933808267117,-0.001188700320199132,0,-0.0214,0.0186
Parker Gahagen,,8480481,5,-0.0014605384785681963,-0.001188700320199132,0,-0.0215,0.0185
Parker Gahagen,,8480481,6,-0.0014804257079958916,-0.001188700320199132,0,-0.0215,0.0185
Parker Gahagen,,8480481,7,-0.0014944751746952534,-0.001188700320199132,0,-0.0215,0.0185
Parker Gahagen,,8480481,8,-0.001504776650108397,-0.001188700320199132,0,-0.0215,0.0185
Parker Gahagen,,8480481,9,-0.0015128497034311295,-0.001188700320199132,0,-0.0215,0.0185
Parker Gahagen,,8480481,10,-0.0015212144935503602,-0.001188700320199132,0,-0.0215,0.0185
Parker Gahagen,,8480481,11,-0.001524003455415368,-0.001188700320199132,0,-0.0215,0.0185
Parker Gahagen,,8480481,12,-0.0015262820525094867,-0.001188700320199132,0,-0.0215,0.0185
Parker Gahagen,,8480481,13,-0.0015280703082680702,-0.001188700320199132,0,-0.0215,0.0185
Parker Gahagen,,8480481,14,-0.001533585600554943,-0.001188700320199132,0,-0.0215,0.0185
Parker Gahagen,,8480481,15,-0.001537201926112175,-0.001188700320199132,0,-0.0215,0.0185
Parker Gahagen,,8480481,16,-0.0015422528376802802,-0.001188700320199132,0,-0.0215,0.0185
Parker Gahagen,,8480481,17,-0.0015419275732710958,-0.001188700320199132,0,-0.0215,0.0185
Parker Gahagen,,8480481,18,-0.0015466305194422603,-0.001188700320199132,0,-0.0215,0.0185
Parker Gahagen,,8480481,19,-0.0015524434857070446,-0.001188700320199132,0,-0.0216,0.0184
Parker Gahagen,,8480481,20,-0.0015581522602587938,-0.001188700320199132,0,-0.0216,0.0184
Parker Gahagen,,8480481,21,-0.0015615344746038318,-0.001188700320199132,0,-0.0216,0.0184
Parker Gahagen,,8480481,22,-0.0015651341527700424,-0.001188700320199132,0,-0.0216,0.0184
Parker Gahagen,,8480481,23,-0.0015631421701982617,-0.001188700320199132,0,-0.0216,0.0184
Parker Gahagen,,8480481,24,-0.001560974633321166,-0.001188700320199132,0,-0.0216,0.0184
Parker Gahagen,,8480481,25,-0.0015592100098729134,-0.001188700320199132,0,-0.0216,0.0184
Parker Gahagen,,8480481,26,-0.0015616765012964606,-0.001188700320199132,0,-0.0216,0.0184
Parker Gahagen,,8480481,27,-0.001566551043651998,-0.001188700320199132,0,-0.0216,0.0184
Parker Gahagen,,8480481,28,-0.0015696983318775892,-0.001188700320199132,0,-0.0216,0.0184
Parker Gahagen,,8480481,29,-0.0015726832207292318,-0.001188700320199132,0,-0.0216,0.0184
Parker Gahagen,,8480481,30,-0.001571709057316184,-0.001188700320199132,0,-0.0216,0.0184
Parker Gahagen,,8480481,31,-0.0015674749156460166,-0.001188700320199132,0,-0.0216,0.0184
Parker Gahagen,,8480481,32,-0.0015682808589190245,-0.001188700320199132,0,-0.0216,0.0184
Parker Gahagen,,8480481,33,-0.0015686113620176911,-0.001188700320199132,0,-0.0216,0.0184
Nikke Kokko,SEA,8483668,0,0.004281891975551844,0.0039739059284329414,8,-0.0028,0.0114
Nikke Kokko,SEA,8483668,1,0.004339311737567186,0.0039739059284329414,0,-0.0157,0.0243
Nikke Kokko,SEA,8483668,2,0.004396700765937567,0.0039739059284329414,0,-0.0156,0.0244
Nikke Kokko,SEA,8483668,3,0.004452753346413374,0.0039739059284329414,0,-0.0155,0.0245
Nikke Kokko,SEA,8483668,4,0.004512051586061716,0.0039739059284329414,0,-0.0155,0.0245
Nikke Kokko,SEA,8483668,5,0.00457187881693244,0.0039739059284329414,0,-0.0154,0.0246
Nikke Kokko,SEA,8483668,6,0.004633057862520218,0.0039739059284329414,0,-0.0154,0.0246
Nikke Kokko,SEA,8483668,7,0.004700075834989548,0.0039739059284329414,0,-0.0153,0.0247
Nikke Kokko,SEA,8483668,8,0.004770837724208832,0.0039739059284329414,0,-0.0152,0.0248
Nikke Kokko,SEA,8483668,9,0.004843826871365309,0.0039739059284329414,0,-0.0152,0.0248
Nikke Kokko,SEA,8483668,10,0.004916522651910782,0.0039739059284329414,0,-0.0151,0.0249
Nikke Kokko,SEA,8483668,11,0.004994791001081467,0.0039739059284329414,0,-0.015,0.025
Nikke Kokko,SEA,8483668,12,0.005073567386716604,0.0039739059284329414,0,-0.0149,0.0251
Nikke Kokko,SEA,8483668,13,0.005152834113687277,0.0039739059284329414,0,-0.0148,0.0252
Nikke Kokko,SEA,8483668,14,0.005228370428085327,0.0039739059284329414,0,-0.0148,0.0252
Nikke Kokko,SEA,8483668,15,0.005305802915245295,0.0039739059284329414,0,-0.0147,0.0253
Nikke Kokko,SEA,8483668,16,0.005381799768656492,0.0039739059284329414,0,-0.0146,0.0254
Nikke Kokko,SEA,8483668,17,0.005463169887661934,0.0039739059284329414,0,-0.0145,0.0255
Nikke Kokko,SEA,8483668,18,0.005539510864764452,0.0039739059284329414,0,-0.0145,0.0255
Nikke Kokko,SEA,8483668,19,0.005614735651761293,0.0039739059284329414,0,-0.0144,0.0256
Nikke Kokko,SEA,8483668,20,0.005690068006515503,0.0039739059284329414,0,-0.0143,0.0257
Nikke Kokko,SEA,8483668,21,0.005767720751464367,0.0039739059284329414,0,-0.0142,0.0258
Nikke Kokko,SEA,8483668,22,0.0058451551012694836,0.0039739059284329414,0,-0.0142,0.0258
Nikke Kokko,SEA,8483668,23,0.00592817785218358,0.0039739059284329414,0,-0.0141,0.0259
Nikke Kokko,SEA,8483668,24,0.00601137476041913,0.0039739059284329414,0,-0.014,0.026
Nikke Kokko,SEA,8483668,25,0.006094165146350861,0.0039739059284329414,0,-0.0139,0.0261
Nikke Kokko,SEA,8483668,26,0.0061727249994874,0.0039739059284329414,1,-0.0138,0.0262
Nikke Kokko,SEA,8483668,27,0.0062346262857317924,0.0039739059284329414,6,-0.002,0.0144
Nikke Kokko,SEA,8483668,28,0.006231491453945637,0.0039739059284329414,0,-0.0138,0.0262
Nikke Kokko,SEA,8483668,29,0.006228517275303602,0.0039739059284329414,0,-0.0138,0.0262
Nikke Kokko,SEA,8483668,30,0.006229500751942396,0.0039739059284329414,0,-0.0138,0.0262
Nikke Kokko,SEA,8483668,31,0.006233740132302046,0.0039739059284329414,0,-0.0138,0.0262
Nikke Kokko,SEA,8483668,32,0.00623293686658144,0.0039739059284329414,0,-0.0138,0.0262
Nikke Kokko,SEA,8483668,33,0.006232609041035175,0.0039739059284329414,0,-0.0138,0.0262
Kyle Keyser,,8480356,0,-0.0025891000404953957,-0.002329976996406913,1,-0.0226,0.0174
Kyle Keyser,,8480356,1,-0.002612773096188903,-0.002329976996406913,0,-0.0226,0.0174
Kyle Keyser,,8480356,2,-0.0026364773511886597,-0.002329976996406913,0,-0.0226,0.0174
Kyle Keyser,,8480356,3,-0.002661514561623335,-0.002329976996406913,0,-0.0227,0.0173
Kyle Keyser,,8480356,4,-0.0026833026204258204,-0.002329976996406913,0,-0.0227,0.0173
Kyle Keyser,,8480356,5,-0.0027045628521591425,-0.002329976996406913,0,-0.0227,0.0173
Kyle Keyser,,8480356,6,-0.0027244645170867443,-0.002329976996406913,0,-0.0227,0.0173
Kyle Keyser,,8480356,7,-0.0027385284192860126,-0.002329976996406913,0,-0.0227,0.0173
Kyle Keyser,,8480356,8,-0.0027488432824611664,-0.002329976996406913,0,-0.0227,0.0173
Kyle Keyser,,8480356,9,-0.0027569294907152653,-0.002329976996406913,0,-0.0228,0.0172
Kyle Keyser,,8480356,10,-0.002765306970104575,-0.002329976996406913,0,-0.0228,0.0172
Kyle Keyser,,8480356,11,-0.0027681076899170876,-0.002329976996406913,0,-0.0228,0.0172
Kyle Keyser,,8480356,12,-0.0027703982777893543,-0.002329976996406913,0,-0.0228,0.0172
Kyle Keyser,,8480356,13,-0.002772197127342224,-0.002329976996406913,0,-0.0228,0.0172
Kyle Keyser,,8480356,14,-0.002777723828330636,-0.002329976996406913,0,-0.0228,0.0172
Kyle Keyser,,8480356,15,-0.002781349467113614,-0.002329976996406913,0,-0.0228,0.0172
Kyle Keyser,,8480356,16,-0.0027864105068147182,-0.002329976996406913,0,-0.0228,0.0172
Kyle Keyser,,8480356,17,-0.0027860933914780617,-0.002329976996406913,0,-0.0228,0.0172
Kyle Keyser,,8480356,18,-0.002790805185213685,-0.002329976996406913,0,-0.0228,0.0172
Kyle Keyser,,8480356,19,-0.0027966261841356754,-0.002329976996406913,0,-0.0228,0.0172
Kyle Keyser,,8480356,20,-0.0028023426420986652,-0.002329976996406913,0,-0.0228,0.0172
Kyle Keyser,,8480356,21,-0.0028057307936251163,-0.002329976996406913,0,-0.0228,0.0172
Kyle Keyser,,8480356,22,-0.002809337805956602,-0.002329976996406913,0,-0.0228,0.0172
Kyle Keyser,,8480356,23,-0.00280735082924366,-0.002329976996406913,0,-0.0228,0.0172
Kyle Keyser,,8480356,24,-0.0028051885310560465,-0.002329976996406913,0,-0.0228,0.0172
Kyle Keyser,,8480356,25,-0.002803429029881954,-0.002329976996406913,0,-0.0228,0.0172
Kyle Keyser,,8480356,26,-0.0028058993630111217,-0.002329976996406913,0,-0.0228,0.0172
Kyle Keyser,,8480356,27,-0.0028107771649956703,-0.002329976996406913,0,-0.0228,0.0172
Kyle Keyser,,8480356,28,-0.002813928062096238,-0.002329976996406913,0,-0.0228,0.0172
Kyle Keyser,,8480356,29,-0.00281691481359303,-0.002329976996406913,0,-0.0228,0.0172
Kyle Keyser,,8480356,30,-0.002815943444147706,-0.002329976996406913,0,-0.0228,0.0172
Kyle Keyser,,8480356,31,-0.0028117108158767223,-0.002329976996406913,0,-0.0228,0.0172
Kyle Keyser,,8480356,32,-0.0028125171083956957,-0.002329976996406913,0,-0.0228,0.0172
Kyle Keyser,,8480356,33,-0.002812848426401615,-0.002329976996406913,0,-0.0228,0.0172
Talyn Boyko,NYR,8482869,0,-1.5944224287522957e-05,3.079869202338159e-05,0,-0.02,0.02
Talyn Boyko,NYR,8482869,1,-3.8346959627233446e-05,3.079869202338159e-05,10,-0.0063,0.0063
Talyn Boyko,NYR,8482869,2,-6.202002987265587e-05,3.079869202338159e-05,0,-0.0201,0.0199
Talyn Boyko,NYR,8482869,3,-8.702608465682715e-05,3.079869202338159e-05,0,-0.0201,0.0199
Talyn Boyko,NYR,8482869,4,-0.00010878490866161883,3.079869202338159e-05,0,-0.0201,0.0199
Talyn Boyko,NYR,8482869,5,-0.00013001608022022992,3.079869202338159e-05,0,-0.0201,0.0199
Talyn Boyko,NYR,8482869,6,-0.00014988958719186485,3.079869202338159e-05,0,-0.0201,0.0199
Talyn Boyko,NYR,8482869,7,-0.00016392645193263888,3.079869202338159e-05,0,-0.0202,0.0198
Talyn Boyko,NYR,8482869,8,-0.00017421481607016176,3.079869202338159e-05,0,-0.0202,0.0198
Talyn Boyko,NYR,8482869,9,-0.00018227579130325466,3.079869202338159e-05,0,-0.0202,0.0198
Talyn Boyko,NYR,8482869,10,-0.00019062896899413317,3.079869202338159e-05,0,-0.0202,0.0198
Talyn Boyko,NYR,8482869,11,-0.00019340642029419541,3.079869202338159e-05,0,-0.0202,0.0198
Talyn Boyko,NYR,8482869,12,-0.00019567468552850187,3.079869202338159e-05,0,-0.0202,0.0198
Talyn Boyko,NYR,8482869,13,-0.00019745228928513825,3.079869202338159e-05,0,-0.0202,0.0198
Talyn Boyko,NYR,8482869,14,-0.0002029580355156213,3.079869202338159e-05,0,-0.0202,0.0198
Talyn Boyko,NYR,8482869,15,-0.00020656459673773497,3.079869202338159e-05,0,-0.0202,0.0198
Talyn Boyko,NYR,8482869,16,-0.00021160680626053363,3.079869202338159e-05,0,-0.0202,0.0198
Talyn Boyko,NYR,8482869,17,-0.00021127286890987307,3.079869202338159e-05,0,-0.0202,0.0198
Talyn Boyko,NYR,8482869,18,-0.00021596800070255995,3.079869202338159e-05,0,-0.0202,0.0198
Talyn Boyko,NYR,8482869,19,-0.00022177360369823873,3.079869202338159e-05,0,-0.0202,0.0198
Talyn Boyko,NYR,8482869,20,-0.00022747539333067834,3.079869202338159e-05,0,-0.0202,0.0198
Talyn Boyko,NYR,8482869,21,-0.0002308509428985417,3.079869202338159e-05,0,-0.0202,0.0198
Talyn Boyko,NYR,8482869,22,-0.00023444507678505033,3.079869202338159e-05,0,-0.0202,0.0198
Talyn Boyko,NYR,8482869,23,-0.00023244712792802602,3.079869202338159e-05,0,-0.0202,0.0198
Talyn Boyko,NYR,8482869,24,-0.00023027503630146384,3.079869202338159e-05,0,-0.0202,0.0198
Talyn Boyko,NYR,8482869,25,-0.00022850584355182946,3.079869202338159e-05,0,-0.0202,0.0198
Talyn Boyko,NYR,8482869,26,-0.0002309685223735869,3.079869202338159e-05,0,-0.0202,0.0198
Talyn Boyko,NYR,8482869,27,-0.00023583955771755427,3.079869202338159e-05,0,-0.0202,0.0198
Talyn Boyko,NYR,8482869,28,-0.00023898411018308252,3.079869202338159e-05,0,-0.0202,0.0198
Talyn Boyko,NYR,8482869,29,-0.0002419662196189165,3.079869202338159e-05,0,-0.0202,0.0198
Talyn Boyko,NYR,8482869,30,-0.00024099063011817634,3.079869202338159e-05,0,-0.0202,0.0198
Talyn Boyko,NYR,8482869,31,-0.00023675507691223174,3.079869202338159e-05,0,-0.0202,0.0198
Talyn Boyko,NYR,8482869,32,-0.0002375602489337325,3.079869202338159e-05,0,-0.0202,0.0198
Talyn Boyko,NYR,8482869,33,-0.00023789053375367075,3.079869202338159e-05,0,-0.0202,0.0198
Artur Akhtyamov,TOR,8482515,0,-0.0006858989363536239,-0.0005838307552039623,0,-0.0207,0.0193
Artur Akhtyamov,TOR,8482515,1,-0.0007328898645937443,-0.0005838307552039623,8,-0.0078,0.0064
Artur Akhtyamov,TOR,8482515,2,-0.0007556130876764655,-0.0005838307552039623,0,-0.0208,0.0192
Artur Akhtyamov,TOR,8482515,3,-0.0007796684512868524,-0.0005838307552039623,0,-0.0208,0.0192
Artur Akhtyamov,TOR,8482515,4,-0.0008004774572327733,-0.0005838307552039623,0,-0.0208,0.0192
Artur Akhtyamov,TOR,8482515,5,-0.0008207580540329218,-0.0005838307552039623,0,-0.0208,0.0192
Artur Akhtyamov,TOR,8482515,6,-0.000839682063087821,-0.0005838307552039623,0,-0.0208,0.0192
Artur Akhtyamov,TOR,8482515,7,-0.0008527685422450304,-0.0005838307552039623,0,-0.0209,0.0191
Artur Akhtyamov,TOR,8482515,8,-0.0008621074957773089,-0.0005838307552039623,0,-0.0209,0.0191
Artur Akhtyamov,TOR,8482515,9,-0.00086921826004982,-0.0005838307552039623,0,-0.0209,0.0191
Artur Akhtyamov,TOR,8482515,10,-0.0008766221581026912,-0.0005838307552039623,0,-0.0209,0.0191
Artur Akhtyamov,TOR,8482515,11,-0.0008784497622400522,-0.0005838307552039623,0,-0.0209,0.0191
Artur Akhtyamov,TOR,8482515,12,-0.0008797686314210296,-0.0005838307552039623,0,-0.0209,0.0191
Artur Akhtyamov,TOR,8482515,13,-0.0008805966936051846,-0.0005838307552039623,0,-0.0209,0.0191
Artur Akhtyamov,TOR,8482515,14,-0.0008851531893014908,-0.0005838307552039623,0,-0.0209,0.0191
Artur Akhtyamov,TOR,8482515,15,-0.0008878103690221906,-0.0005838307552039623,0,-0.0209,0.0191
Artur Akhtyamov,TOR,8482515,16,-0.0008919036481529474,-0.0005838307552039623,0,-0.0209,0.0191
Artur Akhtyamov,TOR,8482515,17,-0.000890620518475771,-0.0005838307552039623,0,-0.0209,0.0191
Artur Akhtyamov,TOR,8482515,18,-0.0008943666471168399,-0.0005838307552039623,0,-0.0209,0.0191
Artur Akhtyamov,TOR,8482515,19,-0.0008992236689664423,-0.0005838307552039623,0,-0.0209,0.0191
Artur Akhtyamov,TOR,8482515,20,-0.000903976266272366,-0.0005838307552039623,0,-0.0209,0.0191
Artur Akhtyamov,TOR,8482515,21,-0.0009064034675247967,-0.0005838307552039623,0,-0.0209,0.0191
Artur Akhtyamov,TOR,8482515,22,-0.000909048889297992,-0.0005838307552039623,0,-0.0209,0.0191
Artur Akhtyamov,TOR,8482515,23,-0.0009061024757102132,-0.0005838307552039623,0,-0.0209,0.0191
Artur Akhtyamov,TOR,8482515,24,-0.0009029818465933204,-0.0005838307552039623,0,-0.0209,0.0191
Artur Akhtyamov,TOR,8482515,25,-0.000900264538358897,-0.0005838307552039623,0,-0.0209,0.0191
Artur Akhtyamov,TOR,8482515,26,-0.0009017790434882045,-0.0005838307552039623,0,-0.0209,0.0191
Artur Akhtyamov,TOR,8482515,27,-0.0009057018905878067,-0.0005838307552039623,8,-0.008,0.0062
Artur Akhtyamov,TOR,8482515,28,-0.0009088460355997086,-0.0005838307552039623,0,-0.0209,0.0191
Artur Akhtyamov,TOR,8482515,29,-0.00091182766482234,-0.0005838307552039623,0,-0.0209,0.0191
Artur Akhtyamov,TOR,8482515,30,-0.000910851638764143,-0.0005838307552039623,0,-0.0209,0.0191
Artur Akhtyamov,TOR,8482515,31,-0.0009066159836947918,-0.0005838307552039623,0,-0.0209,0.0191
Artur Akhtyamov,TOR,8482515,32,-0.0009074208792299032,-0.0005838307552039623,0,-0.0209,0.0191
Artur Akhtyamov,TOR,8482515,33,-0.0009077510912902653,-0.0005838307552039623,0,-0.0209,0.0191
Owen Say,CGY,8485465,0,0.0002668661472853273,0.000290268799290061,0,-0.0197,0.0203
Owen Say,CGY,8485465,1,0.0002548371267039329,0.000290268799290061,2,-0.0138,0.0144
Owen Say,CGY,8485465,2,0.0002311679709237069,0.000290268799290061,0,-0.0198,0.0202
Owen Say,CGY,8485465,3,0.00020616635447368026,0.000290268799290061,0,-0.0198,0.0202
Owen Say,CGY,8485465,4,0.0001844111829996109,0.000290268799290061,0,-0.0198,0.0202
Owen Say,CGY,8485465,5,0.00016318418784067035,0.000290268799290061,0,-0.0198,0.0202
Owen Say,CGY,8485465,6,0.00014331418788060546,0.000290268799290061,0,-0.0199,0.0201
Owen Say,CGY,8485465,7,0.00012928113574162126,0.000290268799290061,0,-0.0199,0.0201
Owen Say,CGY,8485465,8,0.0001189961185446009,0.000290268799290061,0,-0.0199,0.0201
Owen Say,CGY,8485465,9,0.00011093869397882372,0.000290268799290061,0,-0.0199,0.0201
Owen Say,CGY,8485465,10,0.000102588688605465,0.000290268799290061,0,-0.0199,0.0201
Owen Say,CGY,8485465,11,9.981435141526163e-05,0.000290268799290061,0,-0.0199,0.0201
Owen Say,CGY,8485465,12,9.754909842740744e-05,0.000290268799290061,0,-0.0199,0.0201
Owen Say,CGY,8485465,13,9.577434684615582e-05,0.000290268799290061,0,-0.0199,0.0201
Owen Say,CGY,8485465,14,9.027132182382047e-05,0.000290268799290061,0,-0.0199,0.0201
Owen Say,CGY,8485465,15,8.666743815410882e-05,0.000290268799290061,0,-0.0199,0.0201
Owen Say,CGY,8485465,16,8.162762969732285e-05,0.000290268799290061,0,-0.0199,0.0201
Owen Say,CGY,8485465,17,8.196395356208086e-05,0.000290268799290061,0,-0.0199,0.0201
Owen Say,CGY,8485465,18,7.72709317971021e-05,0.000290268799290061,0,-0.0199,0.0201
Owen Say,CGY,8485465,19,7.146745338104665e-05,0.000290268799290061,0,-0.0199,0.0201
Owen Say,CGY,8485465,20,6.576752639375627e-05,0.000290268799290061,0,-0.0199,0.0201
Owen Say,CGY,8485465,21,6.239383947104216e-05,0.000290268799290061,0,-0.0199,0.0201
Owen Say,CGY,8485465,22,5.8801291743293405e-05,0.000290268799290061,0,-0.0199,0.0201
Owen Say,CGY,8485465,23,6.080075399950147e-05,0.000290268799290061,0,-0.0199,0.0201
Owen Say,CGY,8485465,24,6.297419895417988e-05,0.000290268799290061,0,-0.0199,0.0201
Owen Say,CGY,8485465,25,6.474470137618482e-05,0.000290268799290061,0,-0.0199,0.0201
Owen Say,CGY,8485465,26,6.228304118849337e-05,0.000290268799290061,0,-0.0199,0.0201
Owen Say,CGY,8485465,27,5.741295171901584e-05,0.000290268799290061,0,-0.0199,0.0201
Owen Say,CGY,8485465,28,5.426915595307946e-05,0.000290268799290061,0,-0.0199,0.0201
Owen Say,CGY,8485465,29,5.128778866492212e-05,0.000290268799290061,0,-0.0199,0.0201
Owen Say,CGY,8485465,30,5.226372741162777e-05,0.000290268799290061,0,-0.0199,0.0201
Owen Say,CGY,8485465,31,5.649981903843582e-05,0.000290268799290061,0,-0.0199,0.0201
Owen Say,CGY,8485465,32,5.569474888034165e-05,0.000290268799290061,0,-0.0199,0.0201
Owen Say,CGY,8485465,33,5.5364653235301375e-05,0.000290268799290061,0,-0.0199,0.0201
Caleb Heil,TBL,8485657,0,0.00010242533608106896,0.00013939980999566615,0,-0.0199,0.0201
Caleb Heil,TBL,8485657,1,8.436436473857611e-05,0.00013939980999566615,1,-0.0199,0.0201
Caleb Heil,TBL,8485657,2,6.0693055274896324e-05,0.00013939980999566615,0,-0.0199,0.0201
Caleb Heil,TBL,8485657,3,3.5689045034814626e-05,0.00013939980999566615,0,-0.02,0.02
Caleb Heil,TBL,8485657,4,1.393185812048614e-05,0.00013939980999566615,0,-0.02,0.02
Caleb Heil,TBL,8485657,5,-7.29730527382344e-06,0.00013939980999566615,0,-0.02,0.02
Caleb Heil,TBL,8485657,6,-2.716932795010507e-05,0.00013939980999566615,0,-0.02,0.02
Caleb Heil,TBL,8485657,7,-4.1204344597645104e-05,0.00013939980999566615,0,-0.02,0.02
Caleb Heil,TBL,8485657,8,-5.149131175130606e-05,0.00013939980999566615,0,-0.0201,0.0199
Caleb Heil,TBL,8485657,9,-5.955054075457156e-05,0.00013939980999566615,0,-0.0201,0.0199
Caleb Heil,TBL,8485657,10,-6.79023505654186e-05,0.00013939980999566615,0,-0.0201,0.0199
Caleb Heil,TBL,8485657,11,-7.067828846629709e-05,0.00013939980999566615,0,-0.0201,0.0199
Caleb Heil,TBL,8485657,12,-7.294524402823299e-05,0.00013939980999566615,0,-0.0201,0.0199
Caleb Heil,TBL,8485657,13,-7.472150900866836e-05,0.00013939980999566615,0,-0.0201,0.0199
Caleb Heil,TBL,8485657,14,-8.022600377444178e-05,0.00013939980999566615,0,-0.0201,0.0199
Caleb Heil,TBL,8485657,15,-8.383137173950672e-05,0.00013939980999566615,0,-0.0201,0.0199
Caleb Heil,TBL,8485657,16,-8.88724607648328e-05,0.00013939980999566615,0,-0.0201,0.0199
Caleb Heil,TBL,8485657,17,-8.853749022819102e-05,0.00013939980999566615,0,-0.0201,0.0199
Caleb Heil,TBL,8485657,18,-9.323157428298146e-05,0.00013939980999566615,0,-0.0201,0.0199
Caleb Heil,TBL,8485657,19,-9.903624595608562e-05,0.00013939980999566615,0,-0.0201,0.0199
Caleb Heil,TBL,8485657,20,-0.00010473713336978108,0.00013939980999566615,0,-0.0201,0.0199
Caleb Heil,TBL,8485657,21,-0.00010811189713422209,0.00013939980999566615,0,-0.0201,0.0199
Caleb Heil,TBL,8485657,22,-0.00011170527432113886,0.00013939980999566615,0,-0.0201,0.0199
Caleb Heil,TBL,8485657,23,-0.00010970661242026836,0.00013939980999566615,0,-0.0201,0.0199
Caleb Heil,TBL,8485657,24,-0.00010753395326901227,0.00013939980999566615,0,-0.0201,0.0199
Caleb Heil,TBL,8485657,25,-0.00010576413478702307,0.00013939980999566615,0,-0.0201,0.0199
Caleb Heil,TBL,8485657,26,-0.00010822640615515411,0.00013939980999566615,0,-0.0201,0.0199
Caleb Heil,TBL,8485657,27,-0.00011309691763017327,0.00013939980999566615,0,-0.0201,0.0199
Caleb Heil,TBL,8485657,28,-0.00011624116450548172,0.00013939980999566615,0,-0.0201,0.0199
Caleb Heil,TBL,8485657,29,-0.00011922295379918069,0.00013939980999566615,0,-0.0201,0.0199
Caleb Heil,TBL,8485657,30,-0.00011824711691588163,0.00013939980999566615,0,-0.0201,0.0199
Caleb Heil,TBL,8485657,31,-0.00011401144729461521,0.00013939980999566615,0,-0.0201,0.0199
Caleb Heil,TBL,8485657,32,-0.00011481645924504846,0.00013939980999566615,0,-0.0201,0.0199
Caleb Heil,TBL,8485657,33,-0.0001151467440649867,0.00013939980999566615,0,-0.0201,0.0199
Filip Larsson,,8479548,0,0.0002833375765476376,0.00030538049759343266,0,-0.0197,0.0203
Filip Larsson,,8479548,1,0.0002719128970056772,0.00030538049759343266,3,-0.0112,0.0118
Filip Larsson,,8479548,2,0.00024824391584843397,0.00030538049759343266,0,-0.0198,0.0202
Filip Larsson,,8479548,3,0.00022324227029457688,0.00030538049759343266,0,-0.0198,0.0202
Filip Larsson,,8479548,4,0.00020148730254732072,0.00030538049759343266,0,-0.0198,0.0202
Filip Larsson,,8479548,5,0.00018026030738838017,0.00030538049759343266,0,-0.0198,0.0202
Filip Larsson,,8479548,6,0.0001603903656359762,0.00030538049759343266,0,-0.0198,0.0202
Filip Larsson,,8479548,7,0.00014635745901614428,0.00030538049759343266,0,-0.0199,0.0201
Filip Larsson,,8479548,8,0.00013607247092295438,0.00030538049759343266,0,-0.0199,0.0201
Filip Larsson,,8479548,9,0.0001280151045648381,0.00030538049759343266,0,-0.0199,0.0201
Filip Larsson,,8479548,10,0.00011966509919147938,0.00030538049759343266,0,-0.0199,0.0201
Filip Larsson,,8479548,11,0.00011689105303958058,0.00030538049759343266,0,-0.0199,0.0201
Filip Larsson,,8479548,12,0.00011462565453257412,0.00030538049759343266,0,-0.0199,0.0201
Filip Larsson,,8479548,13,0.00011285113578196615,0.00030538049759343266,0,-0.0199,0.0201
Filip Larsson,,8479548,14,0.00010734802344813943,0.00030538049759343266,0,-0.0199,0.0201
Filip Larsson,,8479548,15,0.0001037442561937496,0.00030538049759343266,0,-0.0199,0.0201
Filip Larsson,,8479548,16,9.870444773696363e-05,0.00030538049759343266,0,-0.0199,0.0201
Filip Larsson,,8479548,17,9.904094622470438e-05,0.00030538049759343266,0,-0.0199,0.0201
Filip Larsson,,8479548,18,9.434789535589516e-05,0.00030538049759343266,0,-0.0199,0.0201
Filip Larsson,,8479548,19,8.854441693983972e-05,0.00030538049759343266,0,-0.0199,0.0201
Filip Larsson,,8479548,20,8.284463547170162e-05,0.00030538049759343266,0,-0.0199,0.0201
Filip Larsson,,8479548,21,7.947083213366568e-05,0.00030538049759343266,0,-0.0199,0.0201
Filip Larsson,,8479548,22,7.587845902889967e-05,0.00030538049759343266,0,-0.0199,0.0201
Filip Larsson,,8479548,23,7.787797949276865e-05,0.00030538049759343266,0,-0.0199,0.0201
Filip Larsson,,8479548,24,8.005133713595569e-05,0.00030538049759343266,0,-0.0199,0.0201
Filip Larsson,,8479548,25,8.1821926869452e-05,0.00030538049759343266,0,-0.0199,0.0201
Filip Larsson,,8479548,26,7.936020847409964e-05,0.00030538049759343266,0,-0.0199,0.0201
Filip Larsson,,8479548,27,7.449020631611347e-05,0.00030538049759343266,0,-0.0199,0.0201
Filip Larsson,,8479548,28,7.134646875783801e-05,0.00030538049759343266,0,-0.0199,0.0201
Filip Larsson,,8479548,29,6.836498505435884e-05,0.00030538049759343266,0,-0.0199,0.0201
Filip Larsson,,8479548,30,6.934115663170815e-05,0.00030538049759343266,0,-0.0199,0.0201
Filip Larsson,,8479548,31,7.357707363553345e-05,0.00030538049759343266,0,-0.0199,0.0201
Filip Larsson,,8479548,32,7.27720616851002e-05,0.00030538049759343266,0,-0.0199,0.0201
Filip Larsson,,8479548,33,7.244196604005992e-05,0.00030538049759343266,0,-0.0199,0.0201
Michal Postava,DET,8485545,0,0.0011818513739854097,0.001129734911955893,0,-0.0188,0.0212
Michal Postava,DET,8485545,1,0.0012033869279548526,0.001129734911955893,5,-0.0077,0.0101
Michal Postava,DET,8485545,2,0.0011797290062531829,0.001129734911955893,0,-0.0188,0.0212
Michal Postava,DET,8485545,3,0.0011547382455319166,0.001129734911955893,0,-0.0188,0.0212
Michal Postava,DET,8485545,4,0.001132993958890438,0.001129734911955893,0,-0.0189,0.0211
Michal Postava,DET,8485545,5,0.00111177668441087,0.001129734911955893,0,-0.0189,0.0211
Michal Postava,DET,8485545,6,0.0010919173946604133,0.001129734911955893,0,-0.0189,0.0211
Michal Postava,DET,8485545,7,0.0010778935393318534,0.001129734911955893,0,-0.0189,0.0211
Michal Postava,DET,8485545,8,0.0010676184901967645,0.001129734911955893,0,-0.0189,0.0211
Michal Postava,DET,8485545,9,0.001059569651260972,0.001129734911955893,0,-0.0189,0.0211
Michal Postava,DET,8485545,10,0.0010512283770367503,0.001129734911955893,0,-0.0189,0.0211
Michal Postava,DET,8485545,11,0.0010484626982361078,0.001129734911955893,0,-0.019,0.021
Michal Postava,DET,8485545,12,0.0010462052887305617,0.001129734911955893,0,-0.019,0.021
Michal Postava,DET,8485545,13,0.0010444383369758725,0.001129734911955893,0,-0.019,0.021
Michal Postava,DET,8485545,14,0.0010389424860477448,0.001129734911955893,0,-0.019,0.021
Michal Postava,DET,8485545,15,0.0010353457182645798,0.001129734911955893,0,-0.019,0.021
Michal Postava,DET,8485545,16,0.0010303122689947486,0.001129734911955893,0,-0.019,0.021
Michal Postava,DET,8485545,17,0.0010306552285328507,0.001129734911955893,0,-0.019,0.021
Michal Postava,DET,8485545,18,0.0010259674163535237,0.001129734911955893,0,-0.019,0.021
Michal Postava,DET,8485545,19,0.0010201700497418642,0.001129734911955893,0,-0.019,0.021
Michal Postava,DET,8485545,20,0.0010144751286134124,0.001129734911955893,0,-0.019,0.021
Michal Postava,DET,8485545,21,0.0010111060691997409,0.001129734911955893,0,-0.019,0.021
Michal Postava,DET,8485545,22,0.0010075181489810348,0.001129734911955893,0,-0.019,0.021
Michal Postava,DET,8485545,23,0.0010095213074237108,0.001129734911955893,0,-0.019,0.021
Michal Postava,DET,8485545,24,0.0010116985067725182,0.001129734911955893,0,-0.019,0.021
Michal Postava,DET,8485545,25,0.0010134722106158733,0.001129734911955893,0,-0.019,0.021
Michal Postava,DET,8485545,26,0.0010110136354342103,0.001129734911955893,0,-0.019,0.021
Michal Postava,DET,8485545,27,0.0010061459615826607,0.001129734911955893,0,-0.019,0.021
Michal Postava,DET,8485545,28,0.0010030044941231608,0.001129734911955893,0,-0.019,0.021
Michal Postava,DET,8485545,29,0.0010000243782997131,0.001129734911955893,0,-0.019,0.021
Michal Postava,DET,8485545,30,0.0010010021505877376,0.001129734911955893,0,-0.019,0.021
Michal Postava,DET,8485545,31,0.0010052390862256289,0.001129734911955893,0,-0.019,0.021
Michal Postava,DET,8485545,32,0.0010044343071058393,0.001129734911955893,0,-0.019,0.021
Michal Postava,DET,8485545,33,0.0010041046189144254,0.001129734911955893,0,-0.019,0.021
Samuel Hlavaj,MIN,8482085,0,-0.0021941058803349733,-0.0019675837829709053,0,-0.0222,0.0178
Samuel Hlavaj,MIN,8482085,1,-0.002296407474204898,-0.0019675837829709053,2,-0.0164,0.0118
Samuel Hlavaj,MIN,8482085,2,-0.002320108702406287,-0.0019675837829709053,0,-0.0223,0.0177
Samuel Hlavaj,MIN,8482085,3,-0.002345140092074871,-0.0019675837829709053,0,-0.0223,0.0177
Samuel Hlavaj,MIN,8482085,4,-0.0023669246584177017,-0.0019675837829709053,0,-0.0224,0.0176
Samuel Hlavaj,MIN,8482085,5,-0.0023881797678768635,-0.0019675837829709053,0,-0.0224,0.0176
Samuel Hlavaj,MIN,8482085,6,-0.0024080779403448105,-0.0019675837829709053,0,-0.0224,0.0176
Samuel Hlavaj,MIN,8482085,7,-0.002422136953100562,-0.0019675837829709053,0,-0.0224,0.0176
Samuel Hlavaj,MIN,8482085,8,-0.00243244762532413,-0.0019675837829709053,0,-0.0224,0.0176
Samuel Hlavaj,MIN,8482085,9,-0.002440529875457287,-0.0019675837829709053,0,-0.0224,0.0176
Samuel Hlavaj,MIN,8482085,10,-0.002448904560878873,-0.0019675837829709053,0,-0.0224,0.0176
Samuel Hlavaj,MIN,8482085,11,-0.0024517003912478685,-0.0019675837829709053,0,-0.0225,0.0175
Samuel Hlavaj,MIN,8482085,12,-0.0024539881851524115,-0.0019675837829709053,0,-0.0225,0.0175
Samuel Hlavaj,MIN,8482085,13,-0.0024557840079069138,-0.0019675837829709053,0,-0.0225,0.0175
Samuel Hlavaj,MIN,8482085,14,-0.002461306983605027,-0.0019675837829709053,0,-0.0225,0.0175
Samuel Hlavaj,MIN,8482085,15,-0.0024649302940815687,-0.0019675837829709053,0,-0.0225,0.0175
Samuel Hlavaj,MIN,8482085,16,-0.0024699876084923744,-0.0019675837829709053,0,-0.0225,0.0175
Samuel Hlavaj,MIN,8482085,17,-0.0024696688633412123,-0.0019675837829709053,0,-0.0225,0.0175
Samuel Hlavaj,MIN,8482085,18,-0.002474377164617181,-0.0019675837829709053,0,-0.0225,0.0175
Samuel Hlavaj,MIN,8482085,19,-0.0024801960680633783,-0.0019675837829709053,0,-0.0225,0.0175
Samuel Hlavaj,MIN,8482085,20,-0.002485910663381219,-0.0019675837829709053,0,-0.0225,0.0175
Samuel Hlavaj,MIN,8482085,21,-0.002489296719431877,-0.0019675837829709053,0,-0.0225,0.0175
Samuel Hlavaj,MIN,8482085,22,-0.0024929018691182137,-0.0019675837829709053,0,-0.0225,0.0175
Samuel Hlavaj,MIN,8482085,23,-0.0024909120984375477,-0.0019675837829709053,0,-0.0225,0.0175
Samuel Hlavaj,MIN,8482085,24,-0.002488750033080578,-0.0019675837829709053,0,-0.0225,0.0175
Samuel Hlavaj,MIN,8482085,25,-0.0024869870394468307,-0.0019675837829709053,0,-0.0225,0.0175
Samuel Hlavaj,MIN,8482085,26,-0.002489457605406642,-0.0019675837829709053,0,-0.0225,0.0175
Samuel Hlavaj,MIN,8482085,27,-0.002494333777576685,-0.0019675837829709053,0,-0.0225,0.0175
Samuel Hlavaj,MIN,8482085,28,-0.002497483743354678,-0.0019675837829709053,0,-0.0225,0.0175
Samuel Hlavaj,MIN,8482085,29,-0.0025004695635288954,-0.0019675837829709053,0,-0.0225,0.0175
Samuel Hlavaj,MIN,8482085,30,-0.0024994979612529278,-0.0019675837829709053,0,-0.0225,0.0175
Samuel Hlavaj,MIN,8482085,31,-0.002495263470336795,-0.0019675837829709053,0,-0.0225,0.0175
Samuel Hlavaj,MIN,8482085,32,-0.00249607115983963,-0.0019675837829709053,0,-0.0225,0.0175
Samuel Hlavaj,MIN,8482085,33,-0.002496400848031044,-0.0019675837829709053,0,-0.0225,0.0175
Amir Miftakhov,CAR,8482501,0,0.000863870547618717,0.000837998406495899,0,-0.0191,0.0209
Amir Miftakhov,CAR,8482501,1,0.00087374122813344,0.000837998406495899,4,-0.0091,0.0109
Amir Miftakhov,CAR,8482501,2,0.0008500795811414719,0.000837998406495899,0,-0.0191,0.0209
Amir Miftakhov,CAR,8482501,3,0.0008250849787145853,0.000837998406495899,0,-0.0192,0.0208
Amir Miftakhov,CAR,8482501,4,0.0008033367339521646,0.000837998406495899,0,-0.0192,0.0208
Amir Miftakhov,CAR,8482501,5,0.000782116549089551,0.000837998406495899,0,-0.0192,0.0208
Amir Miftakhov,CAR,8482501,6,0.0007622529519721866,0.000837998406495899,0,-0.0192,0.0208
Amir Miftakhov,CAR,8482501,7,0.000748226186260581,0.000837998406495899,0,-0.0193,0.0207
Amir Miftakhov,CAR,8482501,8,0.00073794717900455,0.000837998406495899,0,-0.0193,0.0207
Amir Miftakhov,CAR,8482501,9,0.0007298957789316773,0.000837998406495899,0,-0.0193,0.0207
Amir Miftakhov,CAR,8482501,10,0.0007215511286631227,0.000837998406495899,0,-0.0193,0.0207
Amir Miftakhov,CAR,8482501,11,0.0007187824230641127,0.000837998406495899,0,-0.0193,0.0207
Amir Miftakhov,CAR,8482501,12,0.0007165222777985036,0.000837998406495899,0,-0.0193,0.0207
Amir Miftakhov,CAR,8482501,13,0.0007147525320760906,0.000837998406495899,0,-0.0193,0.0207
Amir Miftakhov,CAR,8482501,14,0.0007092541782185435,0.000837998406495899,0,-0.0193,0.0207
Amir Miftakhov,CAR,8482501,15,0.0007056547910906374,0.000837998406495899,0,-0.0193,0.0207
Amir Miftakhov,CAR,8482501,16,0.0007006193045526743,0.000837998406495899,0,-0.0193,0.0207
Amir Miftakhov,CAR,8482501,17,0.0007009597029536963,0.000837998406495899,0,-0.0193,0.0207
Amir Miftakhov,CAR,8482501,18,0.0006962704937905073,0.000837998406495899,0,-0.0193,0.0207
Amir Miftakhov,CAR,8482501,19,0.0006904705660417676,0.000837998406495899,0,-0.0193,0.0207
Amir Miftakhov,CAR,8482501,20,0.0006847740150988102,0.000837998406495899,0,-0.0193,0.0207
Amir Miftakhov,CAR,8482501,21,0.000681403384078294,0.000837998406495899,0,-0.0193,0.0207
Amir Miftakhov,CAR,8482501,22,0.0006778135430067778,0.000837998406495899,0,-0.0193,0.0207
Amir Miftakhov,CAR,8482501,23,0.0006798157701268792,0.000837998406495899,0,-0.0193,0.0207
Amir Miftakhov,CAR,8482501,24,0.0006819914560765028,0.000837998406495899,0,-0.0193,0.0207
Amir Miftakhov,CAR,8482501,25,0.0006837640539743006,0.000837998406495899,0,-0.0193,0.0207
Amir Miftakhov,CAR,8482501,26,0.0006813043728470802,0.000837998406495899,0,-0.0193,0.0207
Amir Miftakhov,CAR,8482501,27,0.000676435767672956,0.000837998406495899,0,-0.0193,0.0207
Amir Miftakhov,CAR,8482501,28,0.0006732933688908815,0.000837998406495899,0,-0.0193,0.0207
Amir Miftakhov,CAR,8482501,29,0.000670313136652112,0.000837998406495899,0,-0.0193,0.0207
Amir Miftakhov,CAR,8482501,30,0.0006712900940328836,0.000837998406495899,0,-0.0193,0.0207
Amir Miftakhov,CAR,8482501,31,0.0006755266804248095,0.000837998406495899,0,-0.0193,0.0207
Amir Miftakhov,CAR,8482501,32,0.0006747220177203417,0.000837998406495899,0,-0.0193,0.0207
Amir Miftakhov,CAR,8482501,33,0.0006743919220753014,0.000837998406495899,0,-0.0193,0.0207
Harrison Meneghin,TBL,8484636,0,-0.00037060637259855866,-0.0002945886517409235,0,-0.0204,0.0196
Harrison Meneghin,TBL,8484636,1,-0.00040601997170597315,-0.0002945886517409235,8,-0.0075,0.0067
Harrison Meneghin,TBL,8484636,2,-0.00042969666537828743,-0.0002945886517409235,0,-0.0204,0.0196
Harrison Meneghin,TBL,8484636,3,-0.00045470608165487647,-0.0002945886517409235,0,-0.0205,0.0195
Harrison Meneghin,TBL,8484636,4,-0.00047646835446357727,-0.0002945886517409235,0,-0.0205,0.0195
Harrison Meneghin,TBL,8484636,5,-0.000497702625580132,-0.0002945886517409235,0,-0.0205,0.0195
Harrison Meneghin,TBL,8484636,6,-0.0005175794358365238,-0.0002945886517409235,0,-0.0205,0.0195
Harrison Meneghin,TBL,8484636,7,-0.0005316192982718349,-0.0002945886517409235,0,-0.0205,0.0195
Harrison Meneghin,TBL,8484636,8,-0.0005419105873443186,-0.0002945886517409235,0,-0.0205,0.0195
Harrison Meneghin,TBL,8484636,9,-0.0005499743856489658,-0.0002945886517409235,0,-0.0205,0.0195
Harrison Meneghin,TBL,8484636,10,-0.0005583302699960768,-0.0002945886517409235,0,-0.0206,0.0194
Harrison Meneghin,TBL,8484636,11,-0.0005611104425042868,-0.0002945886517409235,0,-0.0206,0.0194
Harrison Meneghin,TBL,8484636,12,-0.0005633810651488602,-0.0002945886517409235,0,-0.0206,0.0194
Harrison Meneghin,TBL,8484636,13,-0.0005651612300425768,-0.0002945886517409235,0,-0.0206,0.0194
Harrison Meneghin,TBL,8484636,14,-0.0005706691881641746,-0.0002945886517409235,0,-0.0206,0.0194
Harrison Meneghin,TBL,8484636,15,-0.0005742779467254877,-0.0002945886517409235,0,-0.0206,0.0194
Harrison Meneghin,TBL,8484636,16,-0.0005793222226202488,-0.0002945886517409235,0,-0.0206,0.0194
Harrison Meneghin,TBL,8484636,17,-0.0005789903225377202,-0.0002945886517409235,0,-0.0206,0.0194
Harrison Meneghin,TBL,8484636,18,-0.0005836872151121497,-0.0002945886517409235,0,-0.0206,0.0194
Harrison Meneghin,TBL,8484636,19,-0.0005894945934414864,-0.0002945886517409235,0,-0.0206,0.0194
Harrison Meneghin,TBL,8484636,20,-0.0005951980128884315,-0.0002945886517409235,0,-0.0206,0.0194
Harrison Meneghin,TBL,8484636,21,-0.0005985748721286654,-0.0002945886517409235,0,-0.0206,0.0194
Harrison Meneghin,TBL,8484636,22,-0.000602170592173934,-0.0002945886517409235,0,-0.0206,0.0194
Harrison Meneghin,TBL,8484636,23,-0.0006001737201586366,-0.0002945886517409235,0,-0.0206,0.0194
Harrison Meneghin,TBL,8484636,24,-0.0005980029236525297,-0.0002945886517409235,0,-0.0206,0.0194
Harrison Meneghin,TBL,8484636,25,-0.0005962346913293004,-0.0002945886517409235,0,-0.0206,0.0194
Harrison Meneghin,TBL,8484636,26,-0.0005986983305774629,-0.0002945886517409235,0,-0.0206,0.0194
Harrison Meneghin,TBL,8484636,27,-0.0006035700789652765,-0.0002945886517409235,0,-0.0206,0.0194
Harrison Meneghin,TBL,8484636,28,-0.0006067153299227357,-0.0002945886517409235,0,-0.0206,0.0194
Harrison Meneghin,TBL,8484636,29,-0.0006096980068832636,-0.0002945886517409235,0,-0.0206,0.0194
Harrison Meneghin,TBL,8484636,30,-0.0006087227957323194,-0.0002945886517409235,0,-0.0206,0.0194
Harrison Meneghin,TBL,8484636,31,-0.0006044876063242555,-0.0002945886517409235,0,-0.0206,0.0194
Harrison Meneghin,TBL,8484636,32,-0.0006052928511053324,-0.0002945886517409235,0,-0.0206,0.0194
Harrison Meneghin,TBL,8484636,33,-0.000605623354203999,-0.0002945886517409235,0,-0.0206,0.0194
Domenic DiVincentiis,WPG,8483711,0,0.0002456340007483959,0.0002707884996198118,0,-0.0198,0.0202
Domenic DiVincentiis,WPG,8483711,1,0.00023282613256014884,0.0002707884996198118,1,-0.0198,0.0202
Domenic DiVincentiis,WPG,8483711,2,0.00020915671484544873,0.0002707884996198118,0,-0.0198,0.0202
Domenic DiVincentiis,WPG,8483711,3,0.00018415445811115205,0.0002707884996198118,0,-0.0198,0.0202
Domenic DiVincentiis,WPG,8483711,4,0.00016239896649494767,0.0002707884996198118,0,-0.0198,0.0202
Domenic DiVincentiis,WPG,8483711,5,0.00014117136015556753,0.0002707884996198118,0,-0.0199,0.0201
Domenic DiVincentiis,WPG,8483711,6,0.00012130106915719807,0.0002707884996198118,0,-0.0199,0.0201
Domenic DiVincentiis,WPG,8483711,7,0.00010726758046075702,0.0002707884996198118,0,-0.0199,0.0201
Domenic DiVincentiis,WPG,8483711,8,9.69820684986189e-05,0.0002707884996198118,0,-0.0199,0.0201
Domenic DiVincentiis,WPG,8483711,9,8.892435289453715e-05,0.0002707884996198118,0,-0.0199,0.0201
Domenic DiVincentiis,WPG,8483711,10,8.057385275606066e-05,0.0002707884996198118,0,-0.0199,0.0201
Domenic DiVincentiis,WPG,8483711,11,7.77993118390441e-05,0.0002707884996198118,0,-0.0199,0.0201
Domenic DiVincentiis,WPG,8483711,12,7.55335931899026e-05,0.0002707884996198118,0,-0.0199,0.0201
Domenic DiVincentiis,WPG,8483711,13,7.375855057034642e-05,0.0002707884996198118,0,-0.0199,0.0201
Domenic DiVincentiis,WPG,8483711,14,6.825529271736741e-05,0.0002707884996198118,0,-0.0199,0.0201
Domenic DiVincentiis,WPG,8483711,15,6.4650914282538e-05,0.0002707884996198118,0,-0.0199,0.0201
Domenic DiVincentiis,WPG,8483711,16,5.9611047618091106e-05,0.0002707884996198118,0,-0.0199,0.0201
Domenic DiVincentiis,WPG,8483711,17,5.994693492539227e-05,0.0002707884996198118,0,-0.0199,0.0201
Domenic DiVincentiis,WPG,8483711,18,5.525385495275259e-05,0.0002707884996198118,0,-0.0199,0.0201
Domenic DiVincentiis,WPG,8483711,19,4.9449969083070755e-05,0.0002707884996198118,0,-0.02,0.02
Domenic DiVincentiis,WPG,8483711,20,4.3749954784289e-05,0.0002707884996198118,0,-0.02,0.02
Domenic DiVincentiis,WPG,8483711,21,4.037591861560941e-05,0.0002707884996198118,0,-0.02,0.02
Domenic DiVincentiis,WPG,8483711,22,3.678325447253883e-05,0.0002707884996198118,0,-0.02,0.02
Domenic DiVincentiis,WPG,8483711,23,3.878254210576415e-05,0.0002707884996198118,0,-0.02,0.02
Domenic DiVincentiis,WPG,8483711,24,4.0955812437459826e-05,0.0002707884996198118,0,-0.02,0.02
Domenic DiVincentiis,WPG,8483711,25,4.272619844414294e-05,0.0002707884996198118,0,-0.02,0.02
Domenic DiVincentiis,WPG,8483711,26,4.026433452963829e-05,0.0002707884996198118,0,-0.02,0.02
Domenic DiVincentiis,WPG,8483711,27,3.5394245060160756e-05,0.0002707884996198118,0,-0.02,0.02
Domenic DiVincentiis,WPG,8483711,28,3.22503037750721e-05,0.0002707884996198118,0,-0.02,0.02
Domenic DiVincentiis,WPG,8483711,29,2.9268849175423384e-05,0.0002707884996198118,0,-0.02,0.02
Domenic DiVincentiis,WPG,8483711,30,3.0244875233620405e-05,0.0002707884996198118,0,-0.02,0.02
Domenic DiVincentiis,WPG,8483711,31,3.44807340297848e-05,0.0002707884996198118,0,-0.02,0.02
Domenic DiVincentiis,WPG,8483711,32,3.367578028701246e-05,0.0002707884996198118,0,-0.02,0.02
Domenic DiVincentiis,WPG,8483711,33,3.3345510018989444e-05,0.0002707884996198118,0,-0.02,0.02
Sergei Murashov,PIT,8483703,0,0.0053836992010474205,0.004984746221452951,0,-0.0146,0.0254
Sergei Murashov,PIT,8483703,1,0.005559386685490608,0.004984746221452951,4,-0.0044,0.0156
Sergei Murashov,PIT,8483703,2,0.005710239056497812,0.004984746221452951,1,-0.0143,0.0257
Sergei Murashov,PIT,8483703,3,0.00584942614659667,0.004984746221452951,0,-0.0142,0.0258
Sergei Murashov,PIT,8483703,4,0.00599185936152935,0.004984746221452951,0,-0.014,0.026
Sergei Murashov,PIT,8483703,5,0.006134818773716688,0.004984746221452951,0,-0.0139,0.0261
Sergei Murashov,PIT,8483703,6,0.0062791332602500916,0.004984746221452951,0,-0.0137,0.0263
Sergei Murashov,PIT,8483703,7,0.006429283879697323,0.004984746221452951,8,-0.0007,0.0135
Sergei Murashov,PIT,8483703,8,0.0066411118023097515,0.004984746221452951,12,0.0008,0.0124
Sergei Murashov,PIT,8483703,9,0.006768267601728439,0.004984746221452951,9,0.0001,0.0135
Sergei Murashov,PIT,8483703,10,0.006803174037486315,0.004984746221452951,0,-0.0132,0.0268
Sergei Murashov,PIT,8483703,11,0.006843649782240391,0.004984746221452951,0,-0.0132,0.0268
Sergei Murashov,PIT,8483703,12,0.006884637288749218,0.004984746221452951,17,0.002,0.0118
Sergei Murashov,PIT,8483703,13,0.0068828952498734,0.004984746221452951,0,-0.0131,0.0269
Sergei Murashov,PIT,8483703,14,0.006877426989376545,0.004984746221452951,0,-0.0131,0.0269
Sergei Murashov,PIT,8483703,15,0.0068738521076738834,0.004984746221452951,0,-0.0131,0.0269
Sergei Murashov,PIT,8483703,16,0.006868843920528889,0.004984746221452951,0,-0.0131,0.0269
Sergei Murashov,PIT,8483703,17,0.006869207601994276,0.004984746221452951,0,-0.0131,0.0269
Sergei Murashov,PIT,8483703,18,0.006864540744572878,0.004984746221452951,0,-0.0131,0.0269
Sergei Murashov,PIT,8483703,19,0.006858764216303825,0.004984746221452951,0,-0.0131,0.0269
Sergei Murashov,PIT,8483703,20,0.00685308501124382,0.004984746221452951,0,-0.0131,0.0269
Sergei Murashov,PIT,8483703,21,0.006849734578281641,0.004984746221452951,0,-0.0132,0.0268
Sergei Murashov,PIT,8483703,22,0.006846161559224129,0.004984746221452951,0,-0.0132,0.0268
Sergei Murashov,PIT,8483703,23,0.006848179269582033,0.004984746221452951,0,-0.0132,0.0268
Sergei Murashov,PIT,8483703,24,0.006850368808954954,0.004984746221452951,0,-0.0131,0.0269
Sergei Murashov,PIT,8483703,25,0.006852154154330492,0.004984746221452951,0,-0.0131,0.0269
Sergei Murashov,PIT,8483703,26,0.006849706172943115,0.004984746221452951,0,-0.0132,0.0268
Sergei Murashov,PIT,8483703,27,0.006844846531748772,0.004984746221452951,0,-0.0132,0.0268
Sergei Murashov,PIT,8483703,28,0.006841713096946478,0.004984746221452951,0,-0.0132,0.0268
Sergei Murashov,PIT,8483703,29,0.006838737986981869,0.004984746221452951,0,-0.0132,0.0268
Sergei Murashov,PIT,8483703,30,0.006839721463620663,0.004984746221452951,0,-0.0132,0.0268
Sergei Murashov,PIT,8483703,31,0.006843961775302887,0.004984746221452951,0,-0.0132,0.0268
Sergei Murashov,PIT,8483703,32,0.006843159440904856,0.004984746221452951,0,-0.0132,0.0268
Sergei Murashov,PIT,8483703,33,0.0068428306840360165,0.004984746221452951,0,-0.0132,0.0268
Ryan Fanti,TBL,8483534,0,0.0026665222831070423,0.0024918587878346443,0,-0.0173,0.0227
Ryan Fanti,TBL,8483534,1,0.002742521231994033,0.0024918587878346443,9,-0.004,0.0094
Ryan Fanti,TBL,8483534,2,0.002718879608437419,0.0024918587878346443,0,-0.0173,0.0227
Ryan Fanti,TBL,8483534,3,0.0026939050294458866,0.0024918587878346443,0,-0.0173,0.0227
Ryan Fanti,TBL,8483534,4,0.0026721761096268892,0.0024918587878346443,0,-0.0173,0.0227
Ryan Fanti,TBL,8483534,5,0.0026509733870625496,0.0024918587878346443,0,-0.0173,0.0227
Ryan Fanti,TBL,8483534,6,0.002631128765642643,0.0024918587878346443,0,-0.0174,0.0226
Ryan Fanti,TBL,8483534,7,0.0026171186473220587,0.0024918587878346443,0,-0.0174,0.0226
Ryan Fanti,TBL,8483534,8,0.0026068571023643017,0.0024918587878346443,0,-0.0174,0.0226
Ryan Fanti,TBL,8483534,9,0.002598821185529232,0.0024918587878346443,0,-0.0174,0.0226
Ryan Fanti,TBL,8483534,10,0.002590492833405733,0.0024918587878346443,0,-0.0174,0.0226
Ryan Fanti,TBL,8483534,11,0.002587738912552595,0.0024918587878346443,0,-0.0174,0.0226
Ryan Fanti,TBL,8483534,12,0.00258549302816391,0.0024918587878346443,0,-0.0174,0.0226
Ryan Fanti,TBL,8483534,13,0.0025837367866188288,0.0024918587878346443,0,-0.0174,0.0226
Ryan Fanti,TBL,8483534,14,0.0025782515294849873,0.0024918587878346443,0,-0.0174,0.0226
Ryan Fanti,TBL,8483534,15,0.002574665006250143,0.0024918587878346443,0,-0.0174,0.0226
Ryan Fanti,TBL,8483534,16,0.0025696405209600925,0.0024918587878346443,0,-0.0174,0.0226
Ryan Fanti,TBL,8483534,17,0.002569993259385228,0.0024918587878346443,0,-0.0174,0.0226
Ryan Fanti,TBL,8483534,18,0.0025653138291090727,0.0024918587878346443,0,-0.0174,0.0226
Ryan Fanti,TBL,8483534,19,0.0025595237966626883,0.0024918587878346443,0,-0.0174,0.0226
Ryan Fanti,TBL,8483534,20,0.002553836442530155,0.0024918587878346443,0,-0.0174,0.0226
Ryan Fanti,TBL,8483534,21,0.002550474600866437,0.0024918587878346443,0,-0.0174,0.0226
Ryan Fanti,TBL,8483534,22,0.002546892035752535,0.0024918587878346443,0,-0.0175,0.0225
Ryan Fanti,TBL,8483534,23,0.0025489020626991987,0.0024918587878346443,0,-0.0175,0.0225
Ryan Fanti,TBL,8483534,24,0.002551083918660879,0.0024918587878346443,0,-0.0174,0.0226
Ryan Fanti,TBL,8483534,25,0.0025528627447783947,0.0024918587878346443,0,-0.0174,0.0226
Ryan Fanti,TBL,8483534,26,0.002550408011302352,0.0024918587878346443,0,-0.0174,0.0226
Ryan Fanti,TBL,8483534,27,0.002545543946325779,0.0024918587878346443,0,-0.0175,0.0225
Ryan Fanti,TBL,8483534,28,0.002542405389249325,0.0024918587878346443,0,-0.0175,0.0225
Ryan Fanti,TBL,8483534,29,0.0025394284166395664,0.0024918587878346443,0,-0.0175,0.0225
Ryan Fanti,TBL,8483534,30,0.002540407469496131,0.0024918587878346443,0,-0.0175,0.0225
Ryan Fanti,TBL,8483534,31,0.002544645220041275,0.0024918587878346443,0,-0.0175,0.0225
Ryan Fanti,TBL,8483534,32,0.002543842885643244,0.0024918587878346443,0,-0.0175,0.0225
Ryan Fanti,TBL,8483534,33,0.0025435122661292553,0.0024918587878346443,0,-0.0175,0.0225
Ivan Prosvetov,CGY,8481031,0,-0.0023151724599301815,-0.0020786647219210863,0,-0.0223,0.0177
Ivan Prosvetov,CGY,8481031,1,-0.0024219145998358727,-0.0020786647219210863,0,-0.0224,0.0176
Ivan Prosvetov,CGY,8481031,2,-0.0025286884047091007,-0.0020786647219210863,2,-0.0166,0.0116
Ivan Prosvetov,CGY,8481031,3,-0.0025537244509905577,-0.0020786647219210863,0,-0.0226,0.0174
Ivan Prosvetov,CGY,8481031,4,-0.0025755122769623995,-0.0020786647219210863,0,-0.0226,0.0174
Ivan Prosvetov,CGY,8481031,5,-0.0025967713445425034,-0.0020786647219210863,0,-0.0226,0.0174
Ivan Prosvetov,CGY,8481031,6,-0.0026166727766394615,-0.0020786647219210863,0,-0.0226,0.0174
Ivan Prosvetov,CGY,8481031,7,-0.0026307348161935806,-0.0020786647219210863,0,-0.0226,0.0174
Ivan Prosvetov,CGY,8481031,8,-0.0026410494465380907,-0.0020786647219210863,0,-0.0226,0.0174
Ivan Prosvetov,CGY,8481031,9,-0.0026491351891309023,-0.0020786647219210863,0,-0.0226,0.0174
Ivan Prosvetov,CGY,8481031,10,-0.002657511970028281,-0.0020786647219210863,0,-0.0227,0.0173
Ivan Prosvetov,CGY,8481031,11,-0.0026603119913488626,-0.0020786647219210863,0,-0.0227,0.0173
Ivan Prosvetov,CGY,8481031,12,-0.0026626023463904858,-0.0020786647219210863,0,-0.0227,0.0173
Ivan Prosvetov,CGY,8481031,13,-0.002664400264620781,-0.0020786647219210863,0,-0.0227,0.0173
Ivan Prosvetov,CGY,8481031,14,-0.002669926965609193,-0.0020786647219210863,0,-0.0227,0.0173
Ivan Prosvetov,CGY,8481031,15,-0.0026735514402389526,-0.0020786647219210863,0,-0.0227,0.0173
Ivan Prosvetov,CGY,8481031,16,-0.002678612247109413,-0.0020786647219210863,0,-0.0227,0.0173
Ivan Prosvetov,CGY,8481031,17,-0.0026782951317727566,-0.0020786647219210863,0,-0.0227,0.0173
Ivan Prosvetov,CGY,8481031,18,-0.0026830059941858053,-0.0020786647219210863,0,-0.0227,0.0173
Ivan Prosvetov,CGY,8481031,19,-0.0026888269931077957,-0.0020786647219210863,0,-0.0227,0.0173
Ivan Prosvetov,CGY,8481031,20,-0.0026945422869175673,-0.0020786647219210863,0,-0.0227,0.0173
Ivan Prosvetov,CGY,8481031,21,-0.0026979311369359493,-0.0020786647219210863,0,-0.0227,0.0173
Ivan Prosvetov,CGY,8481031,22,-0.0027015372179448605,-0.0020786647219210863,0,-0.0227,0.0173
Ivan Prosvetov,CGY,8481031,23,-0.0026995495427399874,-0.0020786647219210863,0,-0.0227,0.0173
Ivan Prosvetov,CGY,8481031,24,-0.002697387943044305,-0.0020786647219210863,0,-0.0227,0.0173
Ivan Prosvetov,CGY,8481031,25,-0.002695627510547638,-0.0020786647219210863,0,-0.0227,0.0173
Ivan Prosvetov,CGY,8481031,26,-0.002698098076507449,-0.0020786647219210863,0,-0.0227,0.0173
Ivan Prosvetov,CGY,8481031,27,-0.0027029761113226414,-0.0020786647219210863,0,-0.0227,0.0173
Ivan Prosvetov,CGY,8481031,28,-0.0027061263099312782,-0.0020786647219210863,0,-0.0227,0.0173
Ivan Prosvetov,CGY,8481031,29,-0.00270911306142807,-0.0020786647219210863,0,-0.0227,0.0173
Ivan Prosvetov,CGY,8481031,30,-0.0027081421576440334,-0.0020786647219210863,0,-0.0227,0.0173
Ivan Prosvetov,CGY,8481031,31,-0.0027039083652198315,-0.0020786647219210863,0,-0.0227,0.0173
Ivan Prosvetov,CGY,8481031,32,-0.002704715821892023,-0.0020786647219210863,0,-0.0227,0.0173
Ivan Prosvetov,CGY,8481031,33,-0.0027050459757447243,-0.0020786647219210863,0,-0.0227,0.0173
Carl Lindbom,VGK,8482761,0,-0.002313331700861454,-0.0020769541151821613,0,-0.0223,0.0177
Carl Lindbom,VGK,8482761,1,-0.0024200156331062317,-0.0020769541151821613,0,-0.0224,0.0176
Carl Lindbom,VGK,8482761,2,-0.0025267326273024082,-0.0020769541151821613,0,-0.0225,0.0175
Carl Lindbom,VGK,8482761,3,-0.0026347804814577103,-0.0020769541151821613,0,-0.0226,0.0174
Carl Lindbom,VGK,8482761,4,-0.0027395824436098337,-0.0020769541151821613,0,-0.0227,0.0173
Carl Lindbom,VGK,8482761,5,-0.00284385378472507,-0.0020769541151821613,0,-0.0228,0.0172
Carl Lindbom,VGK,8482761,6,-0.0029467688873410225,-0.0020769541151821613,1,-0.0229,0.0171
Carl Lindbom,VGK,8482761,7,-0.0030495726969093084,-0.0020769541151821613,17,-0.0079,0.0019
Carl Lindbom,VGK,8482761,8,-0.0031179345678538084,-0.0020769541151821613,7,-0.0107,0.0045
Carl Lindbom,VGK,8482761,9,-0.0031329088378697634,-0.0020769541151821613,0,-0.0231,0.0169
Carl Lindbom,VGK,8482761,10,-0.0031481750775128603,-0.0020769541151821613,6,-0.0113,0.0051
Carl Lindbom,VGK,8482761,11,-0.0031441613100469112,-0.0020769541151821613,0,-0.0231,0.0169
Carl Lindbom,VGK,8482761,12,-0.0031396374106407166,-0.0020769541151821613,0,-0.0231,0.0169
Carl Lindbom,VGK,8482761,13,-0.003134622238576412,-0.0020769541151821613,0,-0.0231,0.0169
Carl Lindbom,VGK,8482761,14,-0.0031333346851170063,-0.0020769541151821613,0,-0.0231,0.0169
Carl Lindbom,VGK,8482761,15,-0.003130147932097316,-0.0020769541151821613,0,-0.0231,0.0169
Carl Lindbom,VGK,8482761,16,-0.003128394251689315,-0.0020769541151821613,1,-0.0231,0.0169
Carl Lindbom,VGK,8482761,17,-0.0031280736438930035,-0.0020769541151821613,0,-0.0231,0.0169
Carl Lindbom,VGK,8482761,18,-0.003132779384031892,-0.0020769541151821613,0,-0.0231,0.0169
Carl Lindbom,VGK,8482761,19,-0.00313859642483294,-0.0020769541151821613,0,-0.0231,0.0169
Carl Lindbom,VGK,8482761,20,-0.0031443084590137005,-0.0020769541151821613,0,-0.0231,0.0169
Carl Lindbom,VGK,8482761,21,-0.003147693583741784,-0.0020769541151821613,0,-0.0231,0.0169
Carl Lindbom,VGK,8482761,22,-0.003151295240968466,-0.0020769541151821613,0,-0.0232,0.0168
Carl Lindbom,VGK,8482761,23,-0.0031493064016103745,-0.0020769541151821613,0,-0.0231,0.0169
Carl Lindbom,VGK,8482761,24,-0.00314714084379375,-0.0020769541151821613,0,-0.0231,0.0169
Carl Lindbom,VGK,8482761,25,-0.0031453785486519337,-0.0020769541151821613,0,-0.0231,0.0169
Carl Lindbom,VGK,8482761,26,-0.0031478465534746647,-0.0020769541151821613,0,-0.0231,0.0169
Carl Lindbom,VGK,8482761,27,-0.0031527234241366386,-0.0020769541151821613,0,-0.0232,0.0168
Carl Lindbom,VGK,8482761,28,-0.0031558708287775517,-0.0020769541151821613,0,-0.0232,0.0168
Carl Lindbom,VGK,8482761,29,-0.0031588575802743435,-0.0020769541151821613,0,-0.0232,0.0168
Carl Lindbom,VGK,8482761,30,-0.003157883184030652,-0.0020769541151821613,0,-0.0232,0.0168
Carl Lindbom,VGK,8482761,31,-0.003153651487082243,-0.0020769541151821613,0,-0.0232,0.0168
Carl Lindbom,VGK,8482761,32,-0.0031544556841254234,-0.0020769541151821613,0,-0.0232,0.0168
Carl Lindbom,VGK,8482761,33,-0.003154788166284561,-0.0020769541151821613,0,-0.0232,0.0168
Carter Hart,VGK,8479394,0,0.019965719431638718,0.01836285926401615,0,-0.0,0.04
Carter Hart,VGK,8479394,1,0.02067647874355316,0.01836285926401615,0,0.0007,0.0407
Carter Hart,VGK,8479394,2,0.021387191489338875,0.01836285926401615,0,0.0014,0.0414
Carter Hart,VGK,8479394,3,0.022096583619713783,0.01836285926401615,0,0.0021,0.0421
Carter Hart,VGK,8479394,4,0.022809205576777458,0.01836285926401615,0,0.0028,0.0428
Carter Hart,VGK,8479394,5,0.02352236397564411,0.01836285926401615,0,0.0035,0.0435
Carter Hart,VGK,8479394,6,0.02423686906695366,0.01836285926401615,0,0.0042,0.0442
Carter Hart,VGK,8479394,7,0.024957213550806046,0.01836285926401615,0,0.005,0.045
Carter Hart,VGK,8479394,8,0.025681300088763237,0.01836285926401615,0,0.0057,0.0457
Carter Hart,VGK,8479394,9,0.02640761062502861,0.01836285926401615,0,0.0064,0.0464
Carter Hart,VGK,8479394,10,0.027133628726005554,0.01836285926401615,0,0.0071,0.0471
Carter Hart,VGK,8479394,11,0.0278652161359787,0.01836285926401615,9,0.0212,0.0346
Carter Hart,VGK,8479394,12,0.028529232367873192,0.01836285926401615,1,0.0085,0.0485
Carter Hart,VGK,8479394,13,0.02918631210923195,0.01836285926401615,9,0.0225,0.0359
Carter Hart,VGK,8479394,14,0.029764629900455475,0.01836285926401615,2,0.0157,0.0439
Carter Hart,VGK,8479394,15,0.030421337112784386,0.01836285926401615,7,0.0228,0.038
Carter Hart,VGK,8479394,16,0.031026042997837067,0.01836285926401615,0,0.011,0.051
Carter Hart,VGK,8479394,17,0.03163612261414528,0.01836285926401615,0,0.0116,0.0516
Carter Hart,VGK,8479394,18,0.032241176813840866,0.01836285926401615,0,0.0122,0.0522
Carter Hart,VGK,8479394,19,0.03284510225057602,0.01836285926401615,0,0.0128,0.0528
Carter Hart,VGK,8479394,20,0.03344913572072983,0.01836285926401615,0,0.0134,0.0534
Carter Hart,VGK,8479394,21,0.03405549377202988,0.01836285926401615,0,0.0141,0.0541
Carter Hart,VGK,8479394,22,0.03466162830591202,0.01836285926401615,0,0.0147,0.0547
Carter Hart,VGK,8479394,23,0.03527335450053215,0.01836285926401615,0,0.0153,0.0553
Carter Hart,VGK,8479394,24,0.035885244607925415,0.01836285926401615,0,0.0159,0.0559
Carter Hart,VGK,8479394,25,0.03649673983454704,0.01836285926401615,7,0.0289,0.0441
Carter Hart,VGK,8479394,26,0.037030160427093506,0.01836285926401615,4,0.027,0.047
Carter Hart,VGK,8479394,27,0.03752250224351883,0.01836285926401615,12,0.0317,0.0433
Carter Hart,VGK,8479394,28,0.03802596032619476,0.01836285926401615,17,0.0331,0.0429
Carter Hart,VGK,8479394,29,0.03837314993143082,0.01836285926401615,9,0.0317,0.0451
Carter Hart,VGK,8479394,30,0.03862558677792549,0.01836285926401615,22,0.0343,0.0429
Carter Hart,VGK,8479394,31,0.038693465292453766,0.01836285926401615,7,0.0311,0.0463
Carter Hart,VGK,8479394,32,0.03881090506911278,0.01836285926401615,15,0.0336,0.044
Carter Hart,VGK,8479394,33,0.038754988461732864,0.01836285926401615,5,0.0299,0.0477
Vyacheslav Buteyets,ANA,8483746,0,-0.0023761976044625044,-0.002134660491719842,0,-0.0224,0.0176
Vyacheslav Buteyets,ANA,8483746,1,-0.0024851742200553417,-0.002134660491719842,0,-0.0225,0.0175
Vyacheslav Buteyets,ANA,8483746,2,-0.0025941836647689342,-0.002134660491719842,0,-0.0226,0.0174
Vyacheslav Buteyets,ANA,8483746,3,-0.0027045244351029396,-0.002134660491719842,0,-0.0227,0.0173
Vyacheslav Buteyets,ANA,8483746,4,-0.002811617683619261,-0.002134660491719842,0,-0.0228,0.0172
Vyacheslav Buteyets,ANA,8483746,5,-0.0029181812424212694,-0.002134660491719842,0,-0.0229,0.0171
Vyacheslav Buteyets,ANA,8483746,6,-0.003023387398570776,-0.002134660491719842,0,-0.023,0.017
Vyacheslav Buteyets,ANA,8483746,7,-0.003122754627838731,-0.002134660491719842,0,-0.0231,0.0169
Vyacheslav Buteyets,ANA,8483746,8,-0.0032183732837438583,-0.002134660491719842,0,-0.0232,0.0168
Vyacheslav Buteyets,ANA,8483746,9,-0.0033117635175585747,-0.002134660491719842,0,-0.0233,0.0167
Vyacheslav Buteyets,ANA,8483746,10,-0.003405444324016571,-0.002134660491719842,0,-0.0234,0.0166
Vyacheslav Buteyets,ANA,8483746,11,-0.003493549069389701,-0.002134660491719842,1,-0.0235,0.0165
Vyacheslav Buteyets,ANA,8483746,12,-0.0034958412870764732,-0.002134660491719842,0,-0.0235,0.0165
Vyacheslav Buteyets,ANA,8483746,13,-0.0034976424649357796,-0.002134660491719842,0,-0.0235,0.0165
Vyacheslav Buteyets,ANA,8483746,14,-0.0035031703300774097,-0.002134660491719842,0,-0.0235,0.0165
Vyacheslav Buteyets,ANA,8483746,15,-0.0035067980643361807,-0.002134660491719842,0,-0.0235,0.0165
Vyacheslav Buteyets,ANA,8483746,16,-0.0035118607338517904,-0.002134660491719842,0,-0.0235,0.0165
Vyacheslav Buteyets,ANA,8483746,17,-0.003511544782668352,-0.002134660491719842,0,-0.0235,0.0165
Vyacheslav Buteyets,ANA,8483746,18,-0.0035162584390491247,-0.002134660491719842,0,-0.0235,0.0165
Vyacheslav Buteyets,ANA,8483746,19,-0.003522080136463046,-0.002134660491719842,0,-0.0235,0.0165
Vyacheslav Buteyets,ANA,8483746,20,-0.0035277982242405415,-0.002134660491719842,0,-0.0235,0.0165
Vyacheslav Buteyets,ANA,8483746,21,-0.003531187539920211,-0.002134660491719842,0,-0.0235,0.0165
Vyacheslav Buteyets,ANA,8483746,22,-0.003534795716404915,-0.002134660491719842,0,-0.0235,0.0165
Vyacheslav Buteyets,ANA,8483746,23,-0.00353280920535326,-0.002134660491719842,0,-0.0235,0.0165
Vyacheslav Buteyets,ANA,8483746,24,-0.003530648536980152,-0.002134660491719842,0,-0.0235,0.0165
Vyacheslav Buteyets,ANA,8483746,25,-0.003528888802975416,-0.002134660491719842,0,-0.0235,0.0165
Vyacheslav Buteyets,ANA,8483746,26,-0.0035313607659190893,-0.002134660491719842,0,-0.0235,0.0165
Vyacheslav Buteyets,ANA,8483746,27,-0.0035362388007342815,-0.002134660491719842,0,-0.0235,0.0165
Vyacheslav Buteyets,ANA,8483746,28,-0.003539389930665493,-0.002134660491719842,0,-0.0235,0.0165
Vyacheslav Buteyets,ANA,8483746,29,-0.003542377147823572,-0.002134660491719842,0,-0.0235,0.0165
Vyacheslav Buteyets,ANA,8483746,30,-0.0035414062440395355,-0.002134660491719842,0,-0.0235,0.0165
Vyacheslav Buteyets,ANA,8483746,31,-0.003537172917276621,-0.002134660491719842,0,-0.0235,0.0165
Vyacheslav Buteyets,ANA,8483746,32,-0.0035379808396101,-0.002134660491719842,0,-0.0235,0.0165
Vyacheslav Buteyets,ANA,8483746,33,-0.0035383100621402264,-0.002134660491719842,0,-0.0235,0.0165
Jacob Fowler,MTL,8484170,0,4.314068064559251e-05,8.501199772581458e-05,0,-0.02,0.02
Jacob Fowler,MTL,8484170,1,2.290323027409613e-05,8.501199772581458e-05,0,-0.02,0.02
Jacob Fowler,MTL,8484170,2,2.632819814607501e-06,8.501199772581458e-05,0,-0.02,0.02
Jacob Fowler,MTL,8484170,3,-1.8970378732774407e-05,8.501199772581458e-05,0,-0.02,0.02
Jacob Fowler,MTL,8484170,4,-3.7326826713979244e-05,8.501199772581458e-05,0,-0.02,0.02
Jacob Fowler,MTL,8484170,5,-5.515524389920756e-05,8.501199772581458e-05,0,-0.0201,0.0199
Jacob Fowler,MTL,8484170,6,-7.162649853853509e-05,8.501199772581458e-05,0,-0.0201,0.0199
Jacob Fowler,MTL,8484170,7,-8.226080535678193e-05,8.501199772581458e-05,0,-0.0201,0.0199
Jacob Fowler,MTL,8484170,8,-8.914714271668345e-05,8.501199772581458e-05,0,-0.0201,0.0199
Jacob Fowler,MTL,8484170,9,-9.38056327868253e-05,8.501199772581458e-05,0,-0.0201,0.0199
Jacob Fowler,MTL,8484170,10,-9.875695104710758e-05,8.501199772581458e-05,0,-0.0201,0.0199
Jacob Fowler,MTL,8484170,11,-9.813197539187968e-05,8.501199772581458e-05,0,-0.0201,0.0199
Jacob Fowler,MTL,8484170,12,-9.699861402623355e-05,8.501199772581458e-05,1,-0.0201,0.0199
Jacob Fowler,MTL,8484170,13,-9.76620358414948e-05,8.501199772581458e-05,17,-0.005,0.0048
Jacob Fowler,MTL,8484170,14,-0.0002562998852226883,8.501199772581458e-05,4,-0.0103,0.0097
Jacob Fowler,MTL,8484170,15,-0.0004547737480606884,8.501199772581458e-05,1,-0.0205,0.0195
Jacob Fowler,MTL,8484170,16,-0.0005640537710860372,8.501199772581458e-05,18,-0.0053,0.0041
Jacob Fowler,MTL,8484170,17,-0.000736694666557014,8.501199772581458e-05,0,-0.0207,0.0193
Jacob Fowler,MTL,8484170,18,-0.0009143634233623743,8.501199772581458e-05,0,-0.0209,0.0191
Jacob Fowler,MTL,8484170,19,-0.0010931435972452164,8.501199772581458e-05,0,-0.0211,0.0189
Jacob Fowler,MTL,8484170,20,-0.0012718200450763106,8.501199772581458e-05,0,-0.0213,0.0187
Jacob Fowler,MTL,8484170,21,-0.0014481698162853718,8.501199772581458e-05,0,-0.0214,0.0186
Jacob Fowler,MTL,8484170,22,-0.0016247390303760767,8.501199772581458e-05,2,-0.0157,0.0125
Jacob Fowler,MTL,8484170,23,-0.0018200220074504614,8.501199772581458e-05,7,-0.0094,0.0058
Jacob Fowler,MTL,8484170,24,-0.0018813344649970531,8.501199772581458e-05,0,-0.0219,0.0181
Jacob Fowler,MTL,8484170,25,-0.0019430496031418443,8.501199772581458e-05,4,-0.0119,0.0081
Jacob Fowler,MTL,8484170,26,-0.002036606427282095,8.501199772581458e-05,0,-0.022,0.018
Jacob Fowler,MTL,8484170,27,-0.0021325715351849794,8.501199772581458e-05,0,-0.0221,0.0179
Jacob Fowler,MTL,8484170,28,-0.002226809971034527,8.501199772581458e-05,0,-0.0222,0.0178
Jacob Fowler,MTL,8484170,29,-0.002320886356756091,8.501199772581458e-05,0,-0.0223,0.0177
Jacob Fowler,MTL,8484170,30,-0.0024110053200274706,8.501199772581458e-05,0,-0.0224,0.0176
Jacob Fowler,MTL,8484170,31,-0.0024978641886264086,8.501199772581458e-05,1,-0.0225,0.0175
Jacob Fowler,MTL,8484170,32,-0.0024986688513308764,8.501199772581458e-05,0,-0.0225,0.0175
Jacob Fowler,MTL,8484170,33,-0.002498999238014221,8.501199772581458e-05,0,-0.0225,0.0175
Drew Commesso,CHI,8482123,0,0.0014726314693689346,0.0013965246034786105,0,-0.0185,0.0215
Drew Commesso,CHI,8482123,1,0.0015048286877572536,0.0013965246034786105,0,-0.0185,0.0215
Drew Commesso,CHI,8482123,2,0.0015369916800409555,0.0013965246034786105,0,-0.0185,0.0215
Drew Commesso,CHI,8482123,3,0.0015678222989663482,0.0013965246034786105,0,-0.0184,0.0216
Drew Commesso,CHI,8482123,4,0.0016018982278183103,0.0013965246034786105,0,-0.0184,0.0216
Drew Commesso,CHI,8482123,5,0.001636502449400723,0.0013965246034786105,0,-0.0184,0.0216
Drew Commesso,CHI,8482123,6,0.0016724622109904885,0.0013965246034786105,0,-0.0183,0.0217
Drew Commesso,CHI,8482123,7,0.001714259386062622,0.0013965246034786105,0,-0.0183,0.0217
Drew Commesso,CHI,8482123,8,0.0017598036210983992,0.0013965246034786105,0,-0.0182,0.0218
Drew Commesso,CHI,8482123,9,0.0018075746484100819,0.0013965246034786105,0,-0.0182,0.0218
Drew Commesso,CHI,8482123,10,0.0018550530076026917,0.0013965246034786105,0,-0.0181,0.0219
Drew Commesso,CHI,8482123,11,0.001908106030896306,0.0013965246034786105,0,-0.0181,0.0219
Drew Commesso,CHI,8482123,12,0.001961667789146304,0.0013965246034786105,0,-0.018,0.022
Drew Commesso,CHI,8482123,13,0.0020157198887318373,0.0013965246034786105,0,-0.018,0.022
Drew Commesso,CHI,8482123,14,0.0020660420414060354,0.0013965246034786105,0,-0.0179,0.0221
Drew Commesso,CHI,8482123,15,0.002118264092132449,0.0013965246034786105,0,-0.0179,0.0221
Drew Commesso,CHI,8482123,16,0.0021690484136343002,0.0013965246034786105,5,-0.0067,0.0111
Drew Commesso,CHI,8482123,17,0.002169395564123988,0.0013965246034786105,0,-0.0178,0.0222
Drew Commesso,CHI,8482123,18,0.0021647114772349596,0.0013965246034786105,0,-0.0178,0.0222
Drew Commesso,CHI,8482123,19,0.0021589186508208513,0.0013965246034786105,0,-0.0178,0.0222
Drew Commesso,CHI,8482123,20,0.0021532257087528706,0.0013965246034786105,0,-0.0178,0.0222
Drew Commesso,CHI,8482123,21,0.002149861305952072,0.0013965246034786105,0,-0.0179,0.0221
Drew Commesso,CHI,8482123,22,0.002146274782717228,0.0013965246034786105,0,-0.0179,0.0221
Drew Commesso,CHI,8482123,23,0.0021482822485268116,0.0013965246034786105,0,-0.0179,0.0221
Drew Commesso,CHI,8482123,24,0.002150460612028837,0.0013965246034786105,0,-0.0178,0.0222
Drew Commesso,CHI,8482123,25,0.0021522371098399162,0.0013965246034786105,0,-0.0178,0.0222
Drew Commesso,CHI,8482123,26,0.0021497795823961496,0.0013965246034786105,0,-0.0179,0.0221
Drew Commesso,CHI,8482123,27,0.002144914586097002,0.0013965246034786105,0,-0.0179,0.0221
Drew Commesso,CHI,8482123,28,0.002141773933544755,0.0013965246034786105,0,-0.0179,0.0221
Drew Commesso,CHI,8482123,29,0.0021387957967817783,0.0013965246034786105,0,-0.0179,0.0221
Drew Commesso,CHI,8482123,30,0.0021397739183157682,0.0013965246034786105,0,-0.0179,0.0221
Drew Commesso,CHI,8482123,31,0.002144011203199625,0.0013965246034786105,0,-0.0179,0.0221
Drew Commesso,CHI,8482123,32,0.002143207471817732,0.0013965246034786105,0,-0.0179,0.0221
Drew Commesso,CHI,8482123,33,0.0021428773179650307,0.0013965246034786105,0,-0.0179,0.0221
Laurent Brossoit,SJS,8476316,0,0.0004172288754489273,0.00042822459363378584,0,-0.0196,0.0204
Laurent Brossoit,SJS,8476316,1,0.0004107143613509834,0.00042822459363378584,0,-0.0196,0.0204
Laurent Brossoit,SJS,8476316,2,0.00040416602860204875,0.00042822459363378584,0,-0.0196,0.0204
Laurent Brossoit,SJS,8476316,3,0.0003962852933909744,0.00042822459363378584,0,-0.0196,0.0204
Laurent Brossoit,SJS,8476316,4,0.0003916510322596878,0.00042822459363378584,0,-0.0196,0.0204
Laurent Brossoit,SJS,8476316,5,0.0003875445981975645,0.00042822459363378584,0,-0.0196,0.0204
Laurent Brossoit,SJS,8476316,6,0.00038479542126879096,0.00042822459363378584,0,-0.0196,0.0204
Laurent Brossoit,SJS,8476316,7,0.0003878827264998108,0.00042822459363378584,0,-0.0196,0.0204
Laurent Brossoit,SJS,8476316,8,0.0003947183722630143,0.00042822459363378584,0,-0.0196,0.0204
Laurent Brossoit,SJS,8476316,9,0.00040378107223659754,0.00042822459363378584,0,-0.0196,0.0204
Laurent Brossoit,SJS,8476316,10,0.0004125513369217515,0.00042822459363378584,0,-0.0196,0.0204
Laurent Brossoit,SJS,8476316,11,0.00042689734254963696,0.00042822459363378584,0,-0.0196,0.0204
Laurent Brossoit,SJS,8476316,12,0.0004417520831339061,0.00042822459363378584,0,-0.0196,0.0204
Laurent Brossoit,SJS,8476316,13,0.00045709736878052354,0.00042822459363378584,0,-0.0195,0.0205
Laurent Brossoit,SJS,8476316,14,0.00046871425001882017,0.00042822459363378584,0,-0.0195,0.0205
Laurent Brossoit,SJS,8476316,15,0.00048223003977909684,0.00042822459363378584,0,-0.0195,0.0205
Laurent Brossoit,SJS,8476316,16,0.0004943100502714515,0.00042822459363378584,0,-0.0195,0.0205
Laurent Brossoit,SJS,8476316,17,0.0005117659457027912,0.00042822459363378584,0,-0.0195,0.0205
Laurent Brossoit,SJS,8476316,18,0.0005241925828158855,0.00042822459363378584,0,-0.0195,0.0205
Laurent Brossoit,SJS,8476316,19,0.0005355083849281073,0.00042822459363378584,0,-0.0195,0.0205
Laurent Brossoit,SJS,8476316,20,0.0005469279130920768,0.00042822459363378584,0,-0.0195,0.0205
Laurent Brossoit,SJS,8476316,21,0.0005606733611784875,0.00042822459363378584,0,-0.0194,0.0206
Laurent Brossoit,SJS,8476316,22,0.0005742000066675246,0.00042822459363378584,1,-0.0194,0.0206
Laurent Brossoit,SJS,8476316,23,0.0005762005457654595,0.00042822459363378584,0,-0.0194,0.0206
Laurent Brossoit,SJS,8476316,24,0.0005783746019005775,0.00042822459363378584,0,-0.0194,0.0206
Laurent Brossoit,SJS,8476316,25,0.0005801463848911226,0.00042822459363378584,0,-0.0194,0.0206
Laurent Brossoit,SJS,8476316,26,0.0005776851903647184,0.00042822459363378584,0,-0.0194,0.0206
Laurent Brossoit,SJS,8476316,27,0.0005728158866986632,0.00042822459363378584,0,-0.0194,0.0206
Laurent Brossoit,SJS,8476316,28,0.0005696727894246578,0.00042822459363378584,0,-0.0194,0.0206
Laurent Brossoit,SJS,8476316,29,0.0005666918004862964,0.00042822459363378584,0,-0.0194,0.0206
Laurent Brossoit,SJS,8476316,30,0.000567668117582798,0.00042822459363378584,0,-0.0194,0.0206
Laurent Brossoit,SJS,8476316,31,0.0005719044711440802,0.00042822459363378584,0,-0.0194,0.0206
Laurent Brossoit,SJS,8476316,32,0.0005710994591936469,0.00042822459363378584,0,-0.0194,0.0206
Laurent Brossoit,SJS,8476316,33,0.0005707694799639285,0.00042822459363378584,0,-0.0194,0.0206
Arsenii Sergeev,CGY,8482949,0,0.0006578929023817182,0.0006490253144875169,0,-0.0193,0.0207
Arsenii Sergeev,CGY,8482949,1,0.000660206307657063,0.0006490253144875169,0,-0.0193,0.0207
Arsenii Sergeev,CGY,8482949,2,0.0006624863017350435,0.0006490253144875169,0,-0.0193,0.0207
Arsenii Sergeev,CGY,8482949,3,0.0006634329911321402,0.0006490253144875169,0,-0.0193,0.0207
Arsenii Sergeev,CGY,8482949,4,0.0006676267366856337,0.0006490253144875169,0,-0.0193,0.0207
Arsenii Sergeev,CGY,8482949,5,0.0006723478436470032,0.0006490253144875169,0,-0.0193,0.0207
Arsenii Sergeev,CGY,8482949,6,0.000678426178637892,0.0006490253144875169,0,-0.0193,0.0207
Arsenii Sergeev,CGY,8482949,7,0.0006903412286192179,0.0006490253144875169,0,-0.0193,0.0207
Arsenii Sergeev,CGY,8482949,8,0.0007060039206407964,0.0006490253144875169,0,-0.0193,0.0207
Arsenii Sergeev,CGY,8482949,9,0.0007238942780531943,0.0006490253144875169,0,-0.0193,0.0207
Arsenii Sergeev,CGY,8482949,10,0.0007414915016852319,0.0006490253144875169,0,-0.0193,0.0207
Arsenii Sergeev,CGY,8482949,11,0.0007646647281944752,0.0006490253144875169,0,-0.0192,0.0208
Arsenii Sergeev,CGY,8482949,12,0.0007883463404141366,0.0006490253144875169,0,-0.0192,0.0208
Arsenii Sergeev,CGY,8482949,13,0.0008125188760459423,0.0006490253144875169,0,-0.0192,0.0208
Arsenii Sergeev,CGY,8482949,14,0.0008329623378813267,0.0006490253144875169,0,-0.0192,0.0208
Arsenii Sergeev,CGY,8482949,15,0.0008553048246540129,0.0006490253144875169,0,-0.0191,0.0209
Arsenii Sergeev,CGY,8482949,16,0.0008762114448472857,0.0006490253144875169,0,-0.0191,0.0209
Arsenii Sergeev,CGY,8482949,17,0.0009024939499795437,0.0006490253144875169,0,-0.0191,0.0209
Arsenii Sergeev,CGY,8482949,18,0.0009237469639629126,0.0006490253144875169,0,-0.0191,0.0209
Arsenii Sergeev,CGY,8482949,19,0.0009438889683224261,0.0006490253144875169,0,-0.0191,0.0209
Arsenii Sergeev,CGY,8482949,20,0.0009641346987336874,0.0006490253144875169,0,-0.019,0.021
Arsenii Sergeev,CGY,8482949,21,0.0009867064654827118,0.0006490253144875169,0,-0.019,0.021
Arsenii Sergeev,CGY,8482949,22,0.0010090589057654142,0.0006490253144875169,0,-0.019,0.021
Arsenii Sergeev,CGY,8482949,23,0.0010370033560320735,0.0006490253144875169,0,-0.019,0.021
Arsenii Sergeev,CGY,8482949,24,0.0010651214979588985,0.0006490253144875169,0,-0.0189,0.0211
Arsenii Sergeev,CGY,8482949,25,0.0010928362607955933,0.0006490253144875169,0,-0.0189,0.0211
Arsenii Sergeev,CGY,8482949,26,0.0011163190938532352,0.0006490253144875169,0,-0.0189,0.0211
Arsenii Sergeev,CGY,8482949,27,0.0011373930610716343,0.0006490253144875169,3,-0.0104,0.0126
Arsenii Sergeev,CGY,8482949,28,0.0011342504294589162,0.0006490253144875169,0,-0.0189,0.0211
Arsenii Sergeev,CGY,8482949,29,0.0011312696151435375,0.0006490253144875169,0,-0.0189,0.0211
Arsenii Sergeev,CGY,8482949,30,0.0011322469217702746,0.0006490253144875169,0,-0.0189,0.0211
Arsenii Sergeev,CGY,8482949,31,0.0011364832753315568,0.0006490253144875169,0,-0.0189,0.0211
Arsenii Sergeev,CGY,8482949,32,0.0011356784962117672,0.0006490253144875169,0,-0.0189,0.0211
Arsenii Sergeev,CGY,8482949,33,0.0011353485751897097,0.0006490253144875169,0,-0.0189,0.0211
